date,open,high,low,close,volume
1998-02-27,12.45960521697998,12.907792455000845,12.45960521697998,12.45960521697998,50000
1998-03-02,12.369964599609375,12.369964599609375,12.190689750339674,12.369964599609375,75000
1998-03-03,12.280329704284668,12.280329704284668,12.011417374993762,12.280329704284668,35000
1998-03-04,11.294317245483398,11.294317245483398,11.115042368570965,11.294317245483398,60000
1998-03-05,11.563231468200684,11.563231468200684,11.563231468200684,11.563231468200684,400
1998-03-06,11.563231468200684,11.742506374684416,11.563231468200684,11.563231468200684,3600
1998-03-09,11.563229883749653,11.832142206627552,11.383955001831055,11.383955001831055,3200
1998-03-10,11.383956857827993,12.101056502415583,11.383956857827993,11.65286922454834,56800
1998-03-11,11.65286922454834,11.832144135695238,11.563231768974891,11.65286922454834,10400
1998-03-12,11.652867630237843,11.742505073547363,11.56323018692832,11.742505073547363,3800
1998-03-13,11.83214282989502,11.83214282989502,11.83214282989502,11.83214282989502,1000
1998-03-16,11.83214382792628,11.83214382792628,11.563231468200684,11.563231468200684,7700
1998-03-17,11.563229883749653,11.563229883749653,11.294317560871754,11.383955001831055,28000
1998-03-18,11.383956561716953,11.563231468200684,11.294319108475086,11.563231468200684,45700
1998-03-19,11.56323015950892,12.459604590478603,11.473592716411952,12.280329704284668,383600
1998-03-20,12.369964035464005,12.728513717651367,12.369964035464005,12.728513717651367,275600
1998-03-23,12.728518353392747,13.624892885321813,12.459605993814026,13.535255432128906,398600
1998-03-24,13.53525108023535,14.252350475214707,13.53525108023535,14.162713050842285,261800
1998-03-25,14.162715276082357,14.43162759145101,13.983440399169922,14.252352714538574,135600
1998-03-26,14.252357865594755,14.252357865594755,13.804170511330769,14.07308292388916,26300
1998-03-27,14.07308107846743,14.162718537565949,13.176706487482244,13.804168701171875,62200
1998-03-30,13.804165522257488,14.252352714538574,13.804165522257488,14.252352714538574,49500
1998-03-31,14.25235710973325,14.521269508030105,14.25235710973325,14.431632041931152,79000
1998-04-01,14.431626343145604,14.790176065956674,14.341988912442837,14.700538635253906,150100
1998-04-02,15.596914291381836,16.762200991312664,15.596914291381836,16.672563552856445,140500
1998-04-03,16.672559969352953,18.734220610724552,15.596910939072117,17.74820899963379,458700
1998-04-06,17.748212814331055,18.64458719889323,16.49328867594401,17.21038818359375,105300
1998-04-07,17.21039645954714,17.21039645954714,15.86583423614502,15.86583423614502,152800
1998-04-08,15.865828482309977,16.493290625678167,15.059091440836589,16.134740829467773,45100
1998-04-09,16.13474203192669,16.4932918548584,15.95546712046084,16.4932918548584,151400
1998-04-13,16.493294815990804,16.67256975964288,16.04510745686062,16.224382400512695,85900
1998-04-14,16.224384580339706,16.493297031947545,16.134747096470424,16.314022064208984,322900
1998-04-15,16.314006816381696,16.403644216471704,15.417632815481602,15.596907615661621,23100
1998-04-16,15.596916894351734,15.596916894351734,14.969454720441034,15.238367080688477,55400
1998-04-17,15.238363288041484,15.507275581359863,15.05908842582923,15.507275581359863,15100
1998-04-20,15.507284309904454,15.86583423614502,15.23837186522403,15.86583423614502,92900
1998-04-21,15.86583423614502,15.86583423614502,15.596921791464595,15.86583423614502,23100
1998-04-22,15.865829664727915,16.94147913352303,15.865829664727915,16.4932918548584,60900
1998-04-23,16.49329116496634,16.85184097290039,16.49329116496634,16.85184097290039,242300
1998-04-24,16.851838090203028,16.941475526853043,15.776188850402834,15.776188850402832,100900
1998-04-27,15.776190843410834,16.134740635306535,14.252354227854108,14.969453811645508,52200
1998-04-28,14.969452530838723,15.68655205327411,14.879815090534299,15.41763973236084,29100
1998-04-29,15.417641237046983,16.134740829467773,15.059091440836589,16.134740829467773,101300
1998-04-30,16.13474203192669,16.67256676632425,16.04510457619377,16.4932918548584,116300
1998-05-01,16.49329660706601,16.58293408862615,15.776196754584879,15.86583423614502,61000
1998-05-04,15.865825305784368,15.955462736890494,15.238363288041484,15.507275581359863,58400
1998-05-05,15.507279440935921,15.596916894351734,14.879817267025219,15.238367080688477,44000
1998-05-06,15.238364230502736,15.776188850402834,14.969451920552688,15.776188850402832,47300
1998-05-07,15.776191131413333,15.865828581023635,15.328003883361816,15.328003883361816,230900
1998-05-08,15.596920097730436,16.314019872338733,15.596920097730436,16.224382400512695,320700
1998-05-11,16.224385682431013,16.314023172389195,15.955473212556466,16.04511070251465,375200
1998-05-12,16.045101160352882,16.224376033652913,15.776188850402834,15.776188850402832,333300
1998-05-13,15.865835722598284,16.224385682431013,15.865835722598284,16.04511070251465,88100
1998-05-14,16.045103380415174,16.134740829467773,15.776191033257378,16.134740829467773,35600
1998-05-15,16.134738597002897,16.134738597002897,15.417639103802768,15.776188850402832,69200
1998-05-18,15.776189493578533,15.865826933882957,15.059089971143145,15.41763973236084,53200
1998-05-19,15.417639103802768,15.776188850402834,15.417639103802768,15.776188850402832,21000
1998-05-20,15.776191166469028,15.776191166469028,15.059091567993162,15.059091567993164,14100
1998-05-21,15.059089976654956,15.148727416992188,13.983440692608173,15.148727416992188,116400
1998-05-22,14.879817662094577,14.879817662094577,14.521267838911577,14.790180206298828,45100
1998-05-26,14.790181380051834,15.059093768780048,13.714531825138973,13.983444213867188,119500
1998-05-27,13.983443619368913,13.983443619368913,13.445618864777801,13.804168701171875,91100
1998-05-28,13.804164328226229,14.700538635253906,13.445614605415159,14.700538635253906,163600
1998-05-29,14.700541644626194,16.134740829467773,14.700541644626194,16.134740829467773,121900
1998-06-01,16.134746680825444,16.134746680825444,15.776196754584879,15.86583423614502,258500
1998-06-02,15.865835722598284,16.13474819247283,15.865835722598284,16.04511070251465,123400
1998-06-03,16.0451079966074,16.13474547144878,14.879820823669434,14.879820823669434,180600
1998-06-04,14.879820823669434,15.059095773352198,14.34199597462114,14.879820823669434,263200
1998-06-05,15.059085283123078,16.493283881515755,15.059085283123078,16.40364646911621,290100
1998-06-08,16.67256676632425,16.94147913352303,16.13474203192669,16.4932918548584,2718000
1998-06-09,16.49329815230556,16.49329815230556,15.776198232640102,16.04511070251465,604900
1998-06-10,16.134734231917584,16.582921293915295,16.134734231917584,16.40364646911621,149300
1998-06-11,16.40365439912547,16.538110582724862,16.179560759793155,16.4932918548584,697400
1998-06-12,16.493290782305014,16.493290782305014,16.045103532785856,16.1795597076416,782000
1998-06-15,16.448475290025982,16.448475290025982,15.686556816101074,15.686556816101074,165900
1998-06-16,15.731363715796634,15.776182415841639,15.596907615661621,15.596907615661621,95000
1998-06-17,15.731368064880371,15.731368064880371,15.417637077831476,15.731368064880371,57400
1998-06-18,15.731370773426322,15.731370773426322,15.328002292056416,15.41763973236084,588700
1998-06-19,15.148727574531307,15.328002457070138,15.103908853896598,15.193546295166016,698100
1998-06-22,15.059089976654956,15.328002297666652,14.79017765564326,15.148727416992188,159500
1998-06-23,15.686553584204779,16.314015727572972,15.507278686099582,16.134740829467773,234000
1998-06-24,16.13474203192669,16.538110582724862,16.13474203192669,16.4932918548584,275900
1998-06-25,16.4932918548584,16.94147913352303,16.26919821552608,16.4932918548584,223500
1998-06-26,16.67256197189902,16.941474261768363,16.582924541942575,16.76219940185547,115800
1998-06-29,16.582921293915295,16.627740000115065,15.50727234512079,16.40364646911621,188900
1998-06-30,16.44846688655385,17.882665634155273,16.269192043103672,17.882665634155273,566300
1998-07-01,17.927491393270373,18.375678678102133,17.479304108438612,17.703397750854492,449600
1998-07-02,17.21038818359375,17.703394095102947,17.21038818359375,17.21038818359375,5141900
1998-07-06,17.389660618092755,18.151578737957642,17.344841905159527,18.106760025024414,991100
1998-07-07,18.689404957536336,19.36168571140455,18.375673939064505,18.554948806762695,1096000
1998-07-08,18.734221503419693,19.54095831457174,18.734221503419693,19.00313377380371,431200
1998-07-09,19.003141986892885,19.451329297904508,18.37567975147661,18.599773406982422,659300
1998-07-10,18.73422463734945,19.092774391174316,18.465312321980797,18.823862075805664,334700
1998-07-13,19.31686861580665,19.585780939924607,19.137593733061344,19.54096221923828,429600
1998-07-14,19.361692291697818,19.630604684638065,18.64459257719049,18.734230041503906,509200
1998-07-15,19.092768578407657,19.361680811906357,18.823856344908958,19.316862106323242,225800
1998-07-16,19.630593045405057,19.630593045405057,19.003131167241424,19.316862106323242,233300
1998-07-17,19.272049268086754,19.675417741139732,18.913499514261883,19.36168670654297,479300
1998-07-20,19.18241387206467,19.675419836066336,19.04795770006422,19.40650749206543,244800
1998-07-21,19.765058213323016,20.16842674828879,19.540964582786472,19.6754207611084,575300
1998-07-22,19.944337703086234,20.168431385143386,19.720244021029085,19.899518966674805,630200
1998-07-23,20.07878875732422,20.43733855656215,19.89951385770525,20.07878875732422,496100
1998-07-24,19.98914909362793,20.526973732918368,19.540961894219233,19.98914909362793,245300
1998-07-27,19.809876708984373,19.809876708984373,18.913502197265622,19.047958374023438,280600
1998-07-28,19.092774391174316,19.540961583455406,18.64458719889323,18.823862075805664,421600
1998-07-29,18.913499514261883,19.182411829630535,18.823862075805664,18.823862075805664,268000
1998-07-30,18.64458624061179,18.913498542159076,18.4653113729136,18.554948806762695,208200
1998-07-31,18.64458719889323,18.73422463734945,17.21038818359375,17.21038818359375,335600
1998-08-03,17.210384971217106,17.882665634155273,17.210384971217106,17.882665634155273,214700
1998-08-04,17.56894132365351,17.658578779386435,16.13474203192669,16.4932918548584,654300
1998-08-05,16.672565523783366,16.94147787094116,16.045103380415174,16.134740829467773,446700
1998-08-06,16.134734231917584,16.851833531113922,16.134734231917584,16.40364646911621,582600
1998-08-07,16.762204222057175,17.74821623511936,16.4932918548584,16.4932918548584,197300
1998-08-10,16.49328867594401,16.851838429768883,16.403651237487793,16.672563552856445,286500
1998-08-11,16.045109612601145,16.314022064208984,15.776197160993304,16.314022064208984,231200
1998-08-12,16.851847898805296,17.479310320569322,16.717391665570148,17.255216598510742,555700
1998-08-13,17.12074350940131,17.882661414269954,17.031106108828528,17.300018310546875,171600
1998-08-14,17.389665841423863,17.524122020610132,16.851841124678796,16.89665985107422,62600
1998-08-17,16.986298322034976,17.21039196744441,16.627748489379883,16.627748489379883,107100
1998-08-18,16.762198493594216,16.762198493594216,15.955461667699305,16.000280380249023,111600
1998-08-19,16.000289259186708,16.13474547144878,14.610908399145286,14.879820823669434,213100
1998-08-20,14.87981937242591,14.87981937242591,14.162719643634299,14.431632041931152,834700
1998-08-21,14.34199392059703,14.521268844604492,13.983444072582104,14.521268844604492,462900
1998-08-24,14.476448556780815,14.610904735326766,14.297173652052878,14.341992378234863,124100
1998-08-25,14.476448556780815,14.610904735326766,14.252354925870895,14.341992378234863,314800
1998-08-26,14.341994065504808,14.341994065504808,13.66971309368427,13.983444213867188,438900
1998-08-27,13.355981443992537,13.355981443992537,12.369969391080335,12.95261287689209,525400
1998-08-28,13.087067379670986,13.445617170894847,12.011418005999397,12.190692901611328,453600
1998-08-31,12.190691630045574,12.3251477877299,10.308305422465008,11.294317245483398,412700
1998-09-01,11.473593319163603,12.190692901611328,11.11504352793974,12.190692901611328,363300
1998-09-02,12.19069443739854,14.07308107846743,12.19069443739854,13.804168701171875,813400
1998-09-03,13.266343072550187,13.804167791707627,13.266343072550187,13.535255432128906,444100
1998-09-04,13.266339628488426,13.400795773371755,12.952608623760659,13.355977058410645,78000
1998-09-08,14.43162983059883,14.476448556780815,14.252354925870895,14.341992378234863,922600
1998-09-09,14.162716779880181,15.103909983606396,14.162716779880181,14.969453811645508,394600
1998-09-10,14.790179218564713,15.059091567993162,14.297173244612557,15.059091567993164,483700
1998-09-11,14.879821938983465,16.0451091992653,14.790184457423324,15.86583423614502,281400
1998-09-14,16.4932918548584,17.031116589255955,16.179560759793155,16.4932918548584,231600
1998-09-15,16.3140130107994,16.448469161987305,16.045100708423583,16.448469161987305,816000
1998-09-16,16.627744833628338,16.762200991312664,16.045101483662926,16.672563552856445,1176700
1998-09-17,16.403648793196478,16.403648793196478,15.776186817500436,16.000280380249023,221200
1998-09-18,16.134737149090835,16.134737149090835,15.328000291636293,15.910643577575684,104200
1998-09-21,15.14873438366389,15.86583423614502,15.14873438366389,15.86583423614502,137800
1998-09-22,15.91065297692509,16.0451091992653,15.776196754584879,15.86583423614502,250200
1998-09-23,15.910643926993547,16.358831079866604,15.865825211706241,16.269193649291992,274000
1998-09-24,16.179560759793155,16.4932918548584,16.179560759793155,16.4932918548584,131300
1998-09-25,16.40364646911621,16.493283881515755,16.224371644317127,16.40364646911621,115200
1998-09-28,16.40364646911621,16.672558706314838,16.314009056716667,16.40364646911621,81300
1998-09-29,16.314016943392545,16.538110582724862,16.13474203192669,16.4932918548584,182800
1998-09-30,16.49328867594401,18.28603744506836,16.49328867594401,18.28603744506836,613900
1998-10-01,17.568937140657468,17.748212009439687,17.03111253431081,17.524118423461914,438100
1998-10-02,17.479300994873046,17.568938435872397,16.784610827128095,16.80702018737793,264700
1998-10-05,16.672566139698027,16.672566139698027,13.804167664051056,14.341992378234863,309200
1998-10-06,14.34198911498193,14.34198911498193,13.13188378340533,13.176702499389648,338800
1998-10-07,13.40079984477922,13.40079984477922,10.21867011575138,11.428775787353516,791300
1998-10-08,10.397945105511209,10.846132394541865,9.904939087577487,10.308307647705078,744700
1998-10-09,10.756492614746094,11.204679807027182,9.50156847635905,9.680843353271484,1260000
1998-10-12,10.666855753833103,11.921779960166408,10.666855753833103,11.742505073547363,762800
1998-10-13,11.742506680121789,11.787325407908513,11.563231768974891,11.65286922454834,339300
1998-10-14,11.652868214775534,12.280330349417294,11.652868214775534,12.190692901611328,240700
1998-10-15,12.190691630045574,13.535253206888836,12.190691630045574,13.445615768432617,361000
1998-10-16,13.71453033851472,13.893805244900534,13.445617978936001,13.535255432128906,264500
1998-10-19,13.624892885321813,13.71453033851472,13.400799252339548,13.535255432128906,175900
1998-10-20,13.580074006140824,13.893805088790943,13.355980375676456,13.490436553955078,479800
1998-10-21,13.580074033141136,14.87981709241867,13.53525530695915,14.341992378234863,250000
1998-10-22,14.521266571775882,15.014272535632472,14.162716779880181,14.969453811645508,94500
1998-10-23,14.969455117890329,15.507279852664832,14.521267838911577,14.790180206298828,164400
1998-10-26,14.700541736089695,15.41764133297212,14.52126683686909,15.328003883361816,131700
1998-10-27,15.596919348580496,16.134744153703963,15.372825679779053,15.686556816101074,304500
1998-10-28,15.776187596696145,16.045099885276194,15.686550167169463,15.955462455749512,66000
1998-10-29,15.910647015371723,15.955465739358685,14.969453811645508,14.969453811645508,64300
1998-10-30,15.014275809696743,15.86583175114223,14.969457075936454,15.686556816101074,164400
1998-11-02,15.417637878589415,15.955462455749512,15.417637878589415,15.955462455749512,125800
1998-11-03,15.776195572083253,15.776195572083253,14.879820823669434,14.879820823669434,103700
1998-11-04,15.014274532843894,15.372824372434197,14.969455802895107,15.283186912536621,105500
1998-11-05,15.283184065747617,15.372821508948483,14.790178128142855,15.01427173614502,81500
1998-11-06,15.059095773352198,15.059095773352198,14.879820823669434,14.879820823669434,172100
1998-11-09,14.969449870194062,14.969449870194062,14.073075626469867,14.162713050842285,160800
1998-11-10,14.07307783762614,14.43162759145101,13.804165522257488,14.252352714538574,354300
1998-11-11,14.297177139969117,14.341995877085008,13.938627243041992,13.938627243041992,74000
1998-11-12,13.759343460814595,14.341986669252996,12.638875752279205,13.08706283569336,758700
1998-11-13,12.907791740015933,13.62489128112793,12.907791740015933,13.62489128112793,527000
1998-11-16,13.624892255995007,16.35883445209927,13.624892255995007,16.134740829467773,1308400
1998-11-17,16.179557315327905,16.941475526853043,15.507276540452786,15.776188850402832,456400
1998-11-18,15.641738082340785,15.955469218662806,14.969457075936454,15.686556816101074,273800
1998-11-19,15.507275489407794,16.3140123645793,15.462456774120488,16.269193649291992,157300
1998-11-20,16.448476509198752,16.448476509198752,15.865832927129041,16.35883903503418,135900
1998-11-23,16.53811003991084,17.210390935842174,16.314016407933728,16.89665985107422,463200
1998-11-24,17.03111253431081,17.613755857853025,16.807018948333038,17.524118423461914,402600
1998-11-25,17.568940108966572,17.568940108966572,16.717384338378906,16.717384338378906,142400
1998-11-27,16.80702018737793,16.941476348876954,16.672564025878906,16.80702018737793,111300
1998-11-30,16.80701745522989,16.851836168443835,16.44846774951832,16.582923889160156,207400
1998-12-01,16.493286213121916,17.16556690115678,16.224373937907973,17.031110763549805,262900
1998-12-02,17.031113306681316,17.61375665664673,16.762200991312664,17.21038818359375,197800
1998-12-03,17.210397854099025,18.106772742333348,17.210397854099025,17.255216598510742,160300
1998-12-04,17.2552067524678,18.28603728573211,17.2552067524678,18.24121856689453,229100
1998-12-07,18.420499485250897,18.91350555419922,18.15158708400636,18.91350555419922,369700
1998-12-08,18.82385849371189,18.82385849371189,18.19639654392149,18.37567138671875,341700
1998-12-09,18.465314865112305,18.55495231591382,18.37567741431079,18.465314865112305,87500
1998-12-10,18.465314865112305,18.510133590513064,18.33085868891003,18.465314865112305,167700
1998-12-11,18.375675672480327,18.5101318359375,18.241219509023153,18.5101318359375,110200
1998-12-14,18.420492597726675,18.420492597726675,17.479299545288086,17.479299545288086,241400
1998-12-15,17.65857537587484,17.927487691243492,17.21038818359375,17.21038818359375,514500
1998-12-16,17.389668696231695,17.389668696231695,16.582931488674554,17.16557502746582,69200
1998-12-17,17.165572190166113,18.017127990722656,17.120753463821032,18.017127990722656,559600
1998-12-18,17.748209436928352,18.73422107231326,17.658572015529725,18.37567138671875,241200
1998-12-21,19.182408620726385,19.49613960284107,18.95831506207304,19.00313377380371,400200
1998-12-22,19.0031324166518,19.09276983371148,18.286033080174374,18.644582748413086,268000
1998-12-23,18.644587805511755,19.54096221923828,18.644587805511755,19.54096221923828,281700
1998-12-24,19.54096047338141,19.630597906745543,19.36168560665314,19.585779190063477,73400
1998-12-28,19.630597189853066,20.437334060668945,19.630597189853066,20.437334060668945,199500
1998-12-29,20.34770292199176,20.885527668828548,20.07879054857337,20.616615295410156,164200
1998-12-30,20.437337370841732,20.930343316190985,20.258062481623824,20.84070587158203,354800
1998-12-31,21.01998010599084,21.24407371053232,20.706249059632768,21.199254989624023,218900
1999-01-04,21.154440042246943,21.154440042246943,20.43734037979789,20.616615295410156,390800
1999-01-05,20.616615870575153,20.661434600728576,19.899516188120366,20.213247299194336,307900
1999-01-06,20.302886214018386,20.661436080932617,20.21324874728983,20.661436080932617,343700
1999-01-07,20.078786525143286,20.526973724365234,20.078786525143286,20.526973724365234,227400
1999-01-08,20.347703340318468,21.06480301751031,19.720241122775608,20.168428421020508,290100
1999-01-11,19.989148615714388,20.07878605345302,19.7202363024985,19.854692459106445,111800
1999-01-12,20.03397148646665,20.078790214624295,19.63060293304786,19.944334030151367,365100
1999-01-13,19.585780781713023,19.899511823983026,19.003137417497307,19.496143341064453,210800
1999-01-14,19.54096366406588,19.585782388066033,18.375676840061953,19.40650749206543,450700
1999-01-15,19.361689744797427,20.25806427001953,19.182414839753005,20.25806427001953,155400
1999-01-19,20.078785916252617,21.468166191707596,20.078785916252617,21.42334747314453,286400
1999-01-20,21.512988588345124,21.692263493248,20.79588896873362,21.37853240966797,262900
1999-01-21,21.512994976295772,21.69226993443157,19.98915783214149,20.347707748413086,553600
1999-01-22,20.16842900490274,20.16842900490274,19.72024169368268,19.765060424804688,92900
1999-01-25,19.72024154663086,19.899516469782046,19.54096662347967,19.72024154663086,119100
1999-01-26,19.630604526608487,19.720241990200307,19.27205467224121,19.27205467224121,151400
1999-01-27,19.361692291697818,19.451329756011233,18.64459257719049,18.734230041503906,136900
1999-01-28,18.734222006089617,18.779040719022845,17.3000231922263,18.106760025024414,583000
1999-01-29,18.10676506190624,18.734227217516853,17.837852709501693,18.465314865112305,217400
1999-02-01,18.46531693364533,19.361691542074713,18.106767090273575,19.0927791595459,350000
1999-02-02,18.868679825234526,18.868679825234526,18.196399071366315,18.554948806762695,450400
1999-02-03,18.554946229516005,18.73422107231326,17.882665569026294,18.37567138671875,549800
1999-02-04,18.196398320503867,19.04795390693139,18.196398320503867,18.86867904663086,8558400
1999-02-05,19.0031369527181,19.36168670654297,18.64458719889323,18.823862075805664,1157600
1999-02-08,18.868677638611704,19.137589908995718,18.644584079958356,19.00313377380371,484600
1999-02-09,19.0031369527181,19.092774391174316,18.106762568155926,18.28603744506836,537900
1999-02-10,18.106762890839697,18.196400330893358,17.120751050249417,17.83785057067871,847200
1999-02-11,18.017127160629606,18.823864197672723,17.837852263508914,18.33085823059082,788500
1999-02-12,18.510132658070532,18.55495138121356,18.15158287292631,18.196401596069336,446200
1999-02-16,18.33085776549842,18.465313934927504,17.568939472066944,18.196401596069336,384400
1999-02-17,18.017121701124235,18.59976494021532,17.927484279725608,18.37567138671875,468500
1999-02-18,18.33085616429647,18.823862075805664,18.241218725840252,18.823862075805664,227500
1999-02-19,19.0927791595459,19.272054081231776,18.689410585752675,19.0927791595459,491000
1999-02-22,19.003139342540265,19.092776792269227,18.64458954362441,18.95832061767578,211500
1999-02-23,18.77904833138707,18.77904833138707,18.286042289274285,18.599773406982422,197300
1999-02-24,18.420496139711545,18.644589766715338,18.151583787306997,18.465314865112305,269700
1999-02-25,18.46531494140625,19.18241455078125,18.2860400390625,19.047958374023438,415900
1999-02-26,19.04796275781307,19.540968852721175,18.64459413470644,19.227237701416016,399300
1999-03-01,19.316870647726706,19.316870647726706,18.420496139711545,18.465314865112305,326900
1999-03-02,18.375677801483306,18.51013398051855,18.017127990722656,18.017127990722656,717000
1999-03-03,18.017127611104723,18.59977104131458,17.837852709501693,18.465314865112305,279800
1999-03-04,18.510129326029798,19.04795390693139,18.420491895879533,18.86867904663086,240700
1999-03-05,17.748218786977503,18.64459347318849,17.748218786977503,18.420499801635742,446700
1999-03-08,18.375680184250243,18.823867505817322,18.106767791309995,18.734230041503906,273900
1999-03-09,18.91349499959212,18.91349499959212,18.196395663114696,18.644582748413086,167400
1999-03-10,18.644593811035154,18.644593811035154,17.65858163833618,17.927494049072266,420300
1999-03-11,17.927486878221906,17.927486878221906,17.21038740309303,17.524118423461914,414500
1999-03-12,17.524119858889236,17.65857602148941,17.031113929355268,17.389663696289062,500800
1999-03-15,17.389662737621688,17.389662737621688,16.58292580649491,17.120750427246094,287700
1999-03-16,16.941476487621816,17.47930113802251,16.672564162421473,17.389663696289062,277700
1999-03-17,17.43448292171106,17.43448292171106,16.851839533581895,16.986295700073242,238000
1999-03-18,16.986302755646786,17.031121496426856,15.462465569124383,15.86583423614502,1244200
1999-03-19,15.865826606750488,16.941475868225098,15.238364537556967,16.672563552856445,896400
1999-03-22,16.762206426348005,16.762206426348005,14.70054467337472,15.686556816101074,848600
1999-03-23,15.731365732131824,15.731365732131824,15.059085145288584,15.37281608581543,185000
1999-03-24,15.417639898339555,15.596914780878386,14.969452691992474,15.193546295166016,446400
1999-03-25,15.32800071914761,15.955462736890494,15.32800071914761,15.507275581359863,649700
1999-03-26,15.686556816101074,15.77619428362165,15.372825679779053,15.686556816101074,405500
1999-03-29,15.686551729838055,16.672563552856445,15.596914291381836,16.672563552856445,743900
1999-03-30,16.762202395541774,17.389664517300023,16.672564949576312,17.0759334564209,628500
1999-03-31,17.255211898258754,17.56894302368164,16.851843308429327,17.56894302368164,593800
1999-04-01,17.748211845984827,17.748211845984827,16.672562643197868,17.479299545288086,324100
1999-04-05,17.92748676981903,18.64458624061179,17.479299600573555,18.554948806762695,693500
1999-04-06,18.734230041503906,18.734230041503906,17.927492862683163,18.734230041503906,348900
1999-04-07,18.64458930055203,18.689408024832204,17.92748971206926,18.33085823059082,267700
1999-04-08,18.33085600456969,18.37567472340727,17.97230625386906,18.24121856689453,270400
1999-04-09,18.106763683536805,18.19640112751471,17.524120297680422,18.06194496154785,442000
1999-04-12,17.882670987789087,18.599770576271858,17.658577366388222,18.33085823059082,398200
1999-04-13,18.330848417133865,18.554941918565817,17.21038090997409,17.300018310546875,207400
1999-04-14,17.031116030260485,17.344847115028443,16.762203671887953,16.89665985107422,527400
1999-04-15,17.075930524463498,17.075930524463498,15.776187781131629,16.269193649291992,332500
1999-04-16,16.44846517531598,16.762196118714378,16.045096819518044,16.40364646911621,325300
1999-04-19,16.40365789597293,16.40365789597293,14.700545873986668,14.879820823669434,423500
1999-04-20,14.74536340713501,16.314019088745116,14.74536340713501,15.686556816101074,493500
1999-04-21,15.507277129283503,17.83785057067871,15.507277129283503,17.83785057067871,351100
1999-04-22,17.882674149104528,18.017130345714335,17.120755701648946,17.56894302368164,310700
1999-04-23,17.47929311169244,17.658567912838002,16.6725565065374,17.300018310546875,107500
1999-04-26,17.479300498962402,17.61375665664673,17.031113306681316,17.21038818359375,123000
1999-04-27,17.210385874155406,17.255204587369352,16.134736757020693,16.582923889160156,399900
1999-04-28,16.134740829467773,16.627746799257068,15.955465931362575,16.134740829467773,432400
1999-04-29,16.134737314802877,16.134737314802877,15.417637878589415,15.955462455749512,864800
1999-04-30,15.821008384051927,15.955464545956051,14.700540368184226,15.193546295166016,559400
1999-05-03,15.283185158556666,15.776191131413333,15.059091534530909,15.328003883361816,443400
1999-05-04,16.224374577696896,16.762199149333256,15.865824863272655,15.910643577575684,1074800
1999-05-05,15.776191166469028,15.82100989137377,14.879816668374197,15.059091567993164,562100
1999-05-06,15.417642526187226,16.538110733032227,15.417642526187226,16.538110733032227,871100
1999-05-07,16.53810488872039,16.851835875769286,15.596911927573702,15.731368064880371,393400
1999-05-10,15.776186817500436,16.269192655547325,15.686549392401002,16.000280380249023,302200
1999-05-11,15.955464497884115,16.80702018737793,15.955464497884115,16.80702018737793,760600
1999-05-12,17.210384075458233,19.272044667830833,17.075927949868717,18.644582748413086,808800
1999-05-13,18.644592138083585,19.092779449095207,18.465317213678933,18.599773406982422,598600
1999-05-14,17.88266962582303,18.465312997090447,16.76220160415492,17.389663696289062,340600
1999-05-17,17.25520768937844,17.479301295734004,17.031114083022878,17.43448257446289,109800
1999-05-18,17.658578722228228,18.510134548934666,17.524122539064052,17.613759994506836,237800
1999-05-19,17.703392635020176,17.92748621267866,17.210386764171513,17.3448429107666,302200
1999-05-20,17.434491576157605,17.568947809392753,17.03112287645216,17.255216598510742,616400
1999-05-21,17.25520547970321,17.568936488425084,16.941474470981333,17.3448429107666,659400
1999-05-24,17.300034386771067,17.300034386771067,16.224384580339706,16.314022064208984,348400
1999-05-25,16.403657344164767,16.62775102372986,16.179563664599677,16.224382400512695,303500
1999-05-26,16.134740829467773,16.26919700304667,15.417641237046983,16.134740829467773,635600
1999-05-27,16.13474067539226,16.40365301998213,15.865828330802387,16.089921951293945,131900
1999-05-28,16.17955955399407,16.17955955399407,15.955465931362575,16.134740829467773,681100
1999-06-01,16.000284655888876,16.314015727572972,15.865828482309977,16.134740829467773,297600
1999-06-02,16.314015882497348,16.314015882497348,15.77619118307436,16.1795597076416,296400
1999-06-03,16.58292611440023,16.762200991312664,16.403651237487793,16.672563552856445,522100
1999-06-04,16.672563849981106,17.83785057067871,16.582926409927445,17.83785057067871,328200
1999-06-07,17.837851065902907,17.972307229716247,17.25520768937844,17.43448257446289,496200
1999-06-08,17.389663696289062,17.47930113802251,17.389663696289062,17.389663696289062,246700
1999-06-09,17.434485917489493,17.793035756409587,17.300029727894458,17.58014678955078,437600
1999-06-10,17.56894302368164,17.65858048808818,17.434486827071833,17.56894302368164,360500
1999-06-11,17.56893793741862,17.748212814331055,16.98629458745321,17.21038818359375,169000
1999-06-14,17.748218566257087,17.837856033763437,17.120756293712645,17.16557502746582,319300
1999-06-15,17.344844975422337,17.47930113802251,17.16557009195544,17.389663696289062,232800
1999-06-16,17.658581318356404,18.73423094180959,17.658581318356404,18.420499801635742,484000
1999-06-17,18.51012662282357,18.689401456942925,18.42048920576389,18.644582748413086,381900
1999-06-18,19.0031377686138,19.0031377686138,18.46531311478511,18.5101318359375,278300
1999-06-21,18.51012751881669,18.59976494021532,18.286033965320122,18.37567138671875,151500
1999-06-22,18.196396095584138,18.196396095584138,17.74820899963379,17.74820899963379,412100
1999-06-23,17.927493177694718,17.927493177694718,17.210393450586928,17.658580780029297,250800
1999-06-24,17.927485014262952,17.927485014262952,17.031110763549805,17.031110763549805,348800
1999-06-25,16.672566068933367,17.255209506826198,16.672566068933367,16.85184097290039,374600
1999-06-28,17.031113306681316,17.61375665664673,16.672563552856445,16.672563552856445,262100
1999-06-29,16.672561063264546,17.344841751299406,16.672561063264546,17.031110763549805,279900
1999-06-30,17.031113306681316,17.389663060506187,16.762200991312664,17.21038818359375,591100
1999-07-01,17.748218786977503,18.64459347318849,17.568943849735305,18.420499801635742,400200
1999-07-02,18.420493602752686,18.465312321980797,18.28603744506836,18.28603744506836,473900
1999-07-06,18.286038278614036,18.286038278614036,17.210388968107328,17.43448257446289,405500
1999-07-07,17.16557220944675,17.568940747005552,16.762203671887953,16.89665985107422,305500
1999-07-08,16.98629205101415,17.210385613692434,16.80701720087152,17.031110763549805,389700
1999-07-09,17.21038090997409,17.56893051226522,17.12074350940131,17.300018310546875,603000
1999-07-12,17.210388490303078,17.882669290705543,17.210388490303078,17.83785057067871,515200
1999-07-13,17.65858048808818,17.70339922029145,17.4793055592751,17.56894302368164,635500
1999-07-14,17.56894302368164,17.74821795249472,17.434486827071833,17.56894302368164,382400
1999-07-15,17.56894416809082,18.554956340789794,17.56894416809082,17.927494049072266,1050900
1999-07-16,18.28603487675733,18.375672302623787,17.927485173291497,18.106760025024414,339400
1999-07-19,18.286040807653357,18.375678262592835,18.15158462524414,18.15158462524414,587000
1999-07-20,17.97230791607554,18.017126639058272,17.0759334564209,17.0759334564209,554400
1999-07-21,16.89665488165778,16.986292308085673,16.403649036304373,16.582923889160156,1136700
1999-07-22,16.582929461306026,16.71738564612743,16.493292004758427,16.538110733032227,475100
1999-07-23,16.67256464492677,17.031114422237025,16.538108478435426,16.986295700073242,213300
1999-07-26,17.165573238362523,17.165573238362523,16.134742469479132,16.627748489379883,217600
1999-07-27,16.762209483555385,16.851846967424667,16.134747096470424,16.314022064208984,609500
1999-07-28,16.3140123645793,16.3140123645793,16.224374934004686,16.269193649291992,292500
1999-07-29,16.17955685961149,16.448469161987305,16.00028199136095,16.448469161987305,206500
1999-07-30,16.493292302134225,17.30002942560818,16.493292302134225,16.627748489379883,264600
1999-08-02,16.493283881515755,16.717377412514608,16.00027811331827,16.40364646911621,196100
1999-08-03,16.224376033652913,16.224376033652913,15.596913977102801,15.776188850402832,531300
1999-08-04,15.776191252350465,15.776191252350465,15.148729100268344,15.641735076904297,271000
1999-08-05,15.776188850402834,15.86582628705285,15.417639103802768,15.776188850402832,182900
1999-08-06,15.731363715796634,16.045094616111665,15.50727021557161,15.596907615661621,81400
1999-08-09,15.865830401870861,16.403655161256314,15.148730722690258,15.283186912536621,310500
1999-08-10,15.417643464641806,15.552099657647403,14.521268844604492,14.521268844604492,894200
1999-08-11,14.700538635253906,14.879813496659443,14.700538635253906,14.700538635253906,676400
1999-08-12,14.700544440228008,14.745363173277482,14.073082177535348,14.431632041931152,747200
1999-08-13,14.655728064316971,14.745365544832671,14.566090583801271,14.56609058380127,918400
1999-08-16,14.566084206280102,15.193546295166014,14.252353161837146,15.193546295166016,849700
1999-08-17,15.686554753262062,16.4932918548584,15.596917297529137,16.4932918548584,1011000
1999-08-18,16.582925313175213,16.851837615551027,16.358831727862036,16.448469161987305,435600
1999-08-19,16.493292302134225,16.627748489379883,16.224379927642904,16.627748489379883,284900
1999-08-20,16.627737806251012,17.300018310546875,16.493281705391837,17.300018310546875,277200
1999-08-23,17.389660463835064,17.568935313977693,16.94147333847849,17.031110763549805,283300
1999-08-24,17.120751866564586,17.344845477383494,16.582927200599208,16.986295700073242,463300
1999-08-25,17.120750427246094,17.21038786403796,17.075931708850163,17.120750427246094,269400
1999-08-26,17.21038818359375,17.21038818359375,17.031113306681316,17.21038818359375,123400
1999-08-27,17.210393761218995,17.210393761218995,17.120756293712645,17.16557502746582,155600
1999-08-30,17.210390935842174,17.210390935842174,16.71738494549253,16.89665985107422,132400
1999-08-31,17.031121935163227,17.031121935163227,16.314022064208984,16.314022064208984,194800
1999-09-01,16.493289143880208,16.80702018737793,16.448470423380535,16.80702018737793,139000
1999-09-02,16.672566219097106,16.89665985107422,16.493291313515417,16.89665985107422,113200
1999-09-03,16.896656835266434,17.165569145642028,16.8518381168705,17.120750427246094,206500
1999-09-07,17.12075348305133,17.12075348305133,16.89665985107422,16.89665985107422,173000
1999-09-08,17.07593040670303,17.120749121681254,16.582924541942575,16.76219940185547,207700
1999-09-09,16.85184183094883,16.85184183094883,16.538110733032227,16.538110733032227,118600
1999-09-10,16.62774403023785,16.672562747300486,16.40365044492467,16.448469161987305,229300
1999-09-13,16.717390741620747,16.807028225490026,16.314022064208984,16.314022064208984,208900
1999-09-14,16.493290714540045,16.76220306314668,16.403653265004504,16.717384338378906,245200
1999-09-15,16.672561315588048,16.941473594871727,16.53810517594621,16.582923889160156,290300
1999-09-16,16.762201755396198,17.479301295734004,16.762201755396198,17.43448257446289,395200
1999-09-17,17.882668161026352,17.882668161026352,17.344843554679695,17.524118423461914,451800
1999-09-20,17.568936978853667,17.568936978853667,17.210387244591345,17.479299545288086,223500
1999-09-21,17.43448514005412,17.43448514005412,16.314016943392545,16.4932918548584,600800
1999-09-22,16.67256189196297,16.67256189196297,15.955462455749512,15.955462455749512,397100
1999-09-23,15.776189493578533,15.821008213730746,15.193546131599781,15.41763973236084,969300
1999-09-24,15.417640202327144,15.641733809919108,15.328002759290358,15.552096366882324,428200
1999-09-27,15.641737834266996,15.641737834266996,14.073082177535348,14.431632041931152,1620500
1999-09-28,14.521267282962798,14.566086009144781,14.073080021142959,14.341992378234863,1473600
1999-09-29,14.02826294532189,14.252356602595404,13.983444213867188,13.983444213867188,4797200
1999-09-30,14.162720394741958,14.252357865594755,14.028264188462762,14.07308292388916,3313200
1999-10-01,14.028256703348994,14.073075414861291,13.759344434275212,13.848981857299805,1220800
1999-10-04,13.983436509674672,13.983436509674672,13.40079332177156,13.714524269104004,1419100
1999-10-05,13.714535307176043,13.893810278511678,13.445622850172592,13.580079078674316,1155200
1999-10-06,13.62488850460777,14.162713050842287,13.53525108023535,14.162713050842285,1388900
1999-10-07,14.252355425139706,14.431630336147753,14.07308051413166,14.207536697387695,1173200
1999-10-08,14.117895407754867,14.117895407754867,13.669708251953125,13.669708251953125,844200
1999-10-11,13.714530692115567,14.207536697387695,13.669711964363556,14.207536697387695,609700
1999-10-12,14.117902591096462,14.162721329480895,13.714533945636562,13.759352684020996,766800
1999-10-13,13.938623814883817,13.938623814883817,13.490436553955076,13.490436553955078,832900
1999-10-14,13.580070633216193,13.624889348177303,12.90778990879955,13.355977058410645,1380100
1999-10-15,12.907793045043945,13.042249222596487,12.594061964088016,12.907793045043945,1046800
1999-10-18,13.087067948447334,13.176705400149029,12.594061964088016,12.907793045043945,517000
1999-10-19,12.997431606569918,13.176706525281228,12.95261287689209,12.95261287689209,714200
1999-10-20,12.952612029539571,13.355980570251877,12.862974576047948,13.266343116760254,542400
1999-10-21,13.311156309567965,13.355975017680988,12.773331812211683,12.818150520324707,699200
1999-10-22,12.99743049674564,13.087067948447334,12.818155593342253,12.907793045043945,988500
1999-10-25,12.997431972570586,12.997431972570586,12.5940633941115,12.773338317871094,330500
1999-10-26,12.907789147418478,12.907789147418478,12.280327174974524,12.369964599609375,1545900
1999-10-27,12.504425048828125,12.773337415469591,12.369968865507392,12.504425048828125,1337700
1999-10-28,12.549240189110673,13.84898292298285,12.549240189110673,13.355977058410645,2070000
1999-10-29,13.624889536372951,13.893801829853997,13.580070820792777,13.669708251953125,970600
1999-11-01,13.848991535677769,13.938629021345587,13.311166621670866,13.580079078674316,577800
1999-11-02,13.624891268822456,14.386809530565817,13.624891268822456,13.893803596496582,942200
1999-11-03,13.983438202097448,14.341987899587124,13.938619489911238,14.162713050842285,1599200
1999-11-04,14.52126325409988,14.610900681594323,14.162713544122104,14.29716968536377,758700
1999-11-05,14.431633449462522,14.924639561090125,14.431633449462522,14.879820823669434,2583300
1999-11-08,14.879814000794724,15.19354501888377,14.83499528392486,15.103907585144043,2423200
1999-11-09,16.134734231917584,16.40364646911621,15.776184582319416,16.40364646911621,1695300
1999-11-10,15.955466017326783,16.717384338378906,15.955466017326783,16.717384338378906,1090300
1999-11-11,16.85183984150724,17.165570902386364,16.582927503610847,17.0759334564209,1733800
1999-11-12,17.210390780834445,17.210390780834445,16.538109890958097,16.85184097290039,907200
1999-11-15,17.031118237242406,17.793036684697988,16.851843308429327,17.56894302368164,1352100
1999-11-16,17.56893793741862,18.28603744506836,17.479300498962402,18.28603744506836,1243800
1999-11-17,18.151577833222177,18.868677204411203,18.06194041182355,18.37567138671875,913700
1999-11-18,18.599770460062707,19.54096366406588,18.510133012062408,19.40650749206543,2400200
1999-11-19,19.49614833122076,19.54096706301667,19.09277974505757,19.27205467224121,1112400
1999-11-22,19.40651086762894,19.40651086762894,19.13759847685348,19.27205467224121,404000
1999-11-23,19.27205437349986,19.27205437349986,18.106767364869633,18.599773406982422,798100
1999-11-24,18.510130089838146,18.77904239138543,17.38966216672446,18.554948806762695,882800
1999-11-26,18.73422463734945,18.913499514261883,18.64458719889323,18.823862075805664,214400
1999-11-29,19.361689453125,19.361689453125,18.734227294921872,19.047958374023438,686800
1999-11-30,19.047961166600864,19.137598630914276,18.64459257719049,18.734230041503906,1074500
1999-12-01,18.689402791689027,19.00313377380371,18.420490521305013,19.00313377380371,745300
1999-12-02,18.91349635034237,19.630595738033076,18.91349635034237,19.00313377380371,1298700
1999-12-03,19.3616946172055,19.809881992603778,19.18241966704619,19.451332092285156,519500
1999-12-06,19.63059902191162,19.989148775736492,19.182411829630535,19.36168670654297,843400
1999-12-07,19.36169170032848,19.72024154663086,19.36169170032848,19.72024154663086,1084500
1999-12-08,19.720238958086284,20.07878875732422,19.58578278337206,20.07878875732422,1556100
1999-12-09,20.07879054857337,20.706252753216287,20.07879054857337,20.616615295410156,2774700
1999-12-10,20.795894622802734,20.975169576447584,20.616619669157885,20.795894622802734,987900
1999-12-13,20.70624300389508,20.70624300389508,20.34769334148997,20.571786880493164,577600
1999-12-14,20.616618749257682,20.93034990413769,19.899518966674805,19.899518966674805,977600
1999-12-15,21.06479637037668,22.498995272189557,20.975158939013372,22.095626831054688,2975500
1999-12-16,22.230085226813213,22.40936010767461,21.333710822506227,21.647441864013672,1272800
1999-12-17,21.916354314548762,22.947184885580707,21.78189815310981,22.76791000366211,1142800
1999-12-20,22.857544109546044,23.843555816232342,22.76790668166547,22.902362823486328,1343600
1999-12-21,22.812727756889497,22.812727756889497,21.333710043770928,21.961172103881836,363900
1999-12-22,21.916354185305767,22.185266506597863,21.557804423582972,21.647441864013672,374700
1999-12-23,21.781895499608183,22.00598907470703,20.930339914232555,22.00598907470703,350800
1999-12-27,21.82671528425901,21.82671528425901,21.06479709158467,21.24407196044922,300100
1999-12-28,20.975162609203444,21.9611745267301,20.975162609203444,21.55780601501465,336900
1999-12-29,21.87153266099637,22.588632092504447,21.78189523205786,22.45417594909668,342700
1999-12-30,22.49900319026067,22.67827811607948,21.871540949894833,22.140453338623047,310300
1999-12-31,22.185267465977578,22.230086188131068,21.87153641090315,21.91635513305664,206100
2000-01-03,21.87153713332056,21.96117458058827,20.795887766108077,21.019981384277344,433900
2000-01-04,20.795894622802734,21.602631914204565,20.616619669157885,20.795894622802734,522300
2000-01-05,20.795885413261637,21.42334747314453,20.48215438332019,21.42334747314453,674000
2000-01-06,21.10961754780743,21.423348594165503,20.616611617816176,21.199254989624023,911700
2000-01-07,21.33370959448193,22.40935881773312,21.154434723940067,22.364540100097656,606000
2000-01-10,22.94719188823665,24.471028849564863,22.94719188823665,24.336572647094727,1012300
2000-01-11,24.33655862938868,26.936043713190784,24.24692121270585,26.17412567138672,2893100
2000-01-12,26.398226857185364,27.429057447533857,26.263770693226864,27.24978256225586,1479400
2000-01-13,27.429060768436738,27.922066762640668,26.532686233520508,26.532686233520508,1507000
2000-01-14,27.070504210425206,27.608328797387294,26.89122934810451,27.33941650390625,609200
2000-01-18,28.32543496232692,28.683984771976625,27.339422985790222,27.56351661682129,2728900
2000-01-19,27.966888427734375,28.235800816462593,27.608338576096756,27.966888427734375,469400
2000-01-20,28.325437993179133,29.62518119223324,28.325437993179133,29.042537689208984,1205200
2000-01-21,29.714820928158968,31.014564226675727,29.625183459295744,30.9249267578125,2353300
2000-01-24,30.924920184271674,32.000569581985474,29.9837269612721,30.118183135986328,2161100
2000-01-25,30.656004116502725,30.656004116502725,29.221805093508447,29.625173568725586,788000
2000-01-26,29.62517340977987,30.2974541982015,28.325430552164715,28.50470542907715,578600
2000-01-27,28.504717612499523,28.99772373472829,27.33943041450426,27.518705368041992,975700
2000-01-28,27.78760673586002,28.23579394127712,26.71195744285899,27.115325927734375,601300
2000-01-31,27.070506079271695,27.115324797945988,25.591488363020098,25.72594451904297,617700
2000-02-01,25.815583456716233,27.877244635551207,24.60547798218266,27.787607192993164,1191800
2000-02-02,27.966890906072727,28.50471573118951,27.56352228723514,28.14616584777832,1714200
2000-02-03,28.325434947013854,28.95289711356163,27.60833532810211,28.683984756469727,433200
2000-02-04,28.863266415721295,30.118191042491787,28.549535259028673,28.997722625732422,754100
2000-02-07,28.146150829722583,28.190969541234878,27.24977659947664,27.69796371459961,2011700
2000-02-08,27.787609440939764,30.207820585795808,27.787609440939764,30.118183135986328,2194900
2000-02-09,30.47673068829437,30.47673068829437,29.557946895485497,30.02854347229004,1885100
2000-02-10,30.028552032297064,32.09021381361895,29.938914563543936,31.507570266723633,2589300
2000-02-11,31.91094343541032,32.26949336165089,31.597212249949827,31.73166847229004,1212700
2000-02-14,31.86611283389971,32.17984390258789,31.417925592916593,32.17984390258789,1778700
2000-02-15,32.26949069924551,33.88296523420778,32.26949069924551,32.71767807006836,1119500
2000-02-16,32.89694625398387,33.52440844411435,32.26948406385338,32.9865837097168,479400
2000-02-17,32.89694380230374,33.07621870040894,31.373107168409557,32.26948165893555,1402200
2000-02-18,31.73165716204727,32.09020696048848,30.387095417892724,30.656007766723633,749700
2000-02-22,31.014551023157633,31.059369738509016,28.77361525558844,29.401077270507812,710700
2000-02-23,29.93890766182331,31.28346938316268,29.804451489689374,31.059375762939453,992100
2000-02-24,31.238647946091586,32.71766571111457,30.56636714380841,30.83527946472168,764300
2000-02-25,30.880102701748118,31.19383378870347,30.028546894297882,30.476734161376953,709800
2000-02-28,30.47673311141187,32.807306819931604,29.44590243264353,32.40393829345703,855700
2000-02-29,33.34513731051217,35.67571142361249,33.34513731051217,35.317161560058594,1093600
2000-03-01,35.31714915009716,36.21352349400825,34.06222506862162,35.04823684692383,1480500
2000-03-02,35.137877159511916,35.182695880378645,33.70367809177674,34.779327392578125,1208600
2000-03-03,34.95860069331139,36.66171200913938,34.95860069331139,36.48243713378906,1843200
2000-03-06,36.16870641708374,36.57207489013672,35.451606909434005,36.57207489013672,1335100
2000-03-07,36.93062101503464,37.109895874330924,34.33113555523851,35.5860595703125,1100300
2000-03-08,35.854985843804315,39.79903428662279,35.586073449975785,38.678565979003906,2308000
2000-03-09,37.334007005313616,38.45447540283203,36.2135386077952,38.45447540283203,3095000
2000-03-10,38.3648368461374,39.799036354404215,38.00628696907069,39.3060302734375,1502800
2000-03-13,38.36483441729878,38.99229666244152,37.28918485419695,38.54410934448242,466900
2000-03-14,38.76818379970512,38.94745863808526,34.60004380736688,35.49641799926758,1008300
2000-03-15,35.361964201726835,35.361964201726835,31.373098784802004,32.00056076049805,1186700
2000-03-16,32.986581251356334,33.07621870040894,29.490720738304987,32.26948165893555,1505500
2000-03-17,32.62803044812433,37.199540208713174,32.62803044812433,36.39280319213867,1159800
2000-03-20,37.91663646697998,37.91663646697998,33.97258917490642,34.4207763671875,943700
2000-03-21,34.465606256191165,34.77933739246339,32.80731310732371,34.33115005493164,889100
2000-03-22,34.510408032615224,38.00626754760742,34.510408032615224,38.00626754760742,1099900
2000-03-23,38.09591830133678,38.544105575470155,36.21353174997661,37.42363739013672,440900
2000-03-24,38.36481450154231,38.90263900390038,36.39279132622939,37.28916549682617,1646100
2000-03-27,37.28918441867236,37.28918441867236,35.54125389904709,36.079078674316406,550500
2000-03-28,36.2135325425973,36.93063219690615,35.49643288828844,36.52726364135742,643400
2000-03-29,36.79616161814907,37.24434872677452,35.49641900313528,35.76533126831055,487800
2000-03-30,35.67571315765381,35.85498809814453,34.60006351470947,35.85498809814453,673700
2000-03-31,35.854982786540745,36.88581354165379,34.68969584597817,35.406795501708984,529400
2000-04-03,35.137880362301985,35.137880362301985,31.86611344081213,32.3591194152832,1132800
2000-04-04,32.98658850115021,33.43477584491583,28.952902407259558,31.507570266723633,1090900
2000-04-05,31.55238238108685,33.703681179797314,30.476732981731615,33.47958755493164,519600
2000-04-06,34.95861339569092,35.98944430351257,34.734519720077515,35.85498809814453,1355700
2000-04-07,35.854983838319484,36.16871494690478,35.27234035094679,35.72052764892578,339700
2000-04-10,35.13787254292697,35.1826912579052,33.255486513841596,33.52439880371094,428200
2000-04-11,33.07622796672664,33.16586544089122,32.04539701383408,32.71767807006836,448100
2000-04-12,32.62802492263,32.67284363818306,30.11817685165846,31.014551162719727,578800
2000-04-13,30.47673231113457,30.656007207082418,29.13217059152569,29.938907623291016,1471400
2000-04-14,29.04253118108628,29.356262227795543,28.325431645750815,28.818437576293945,630700
2000-04-17,28.997723111187117,29.93891659702163,27.42906730146293,29.759641647338867,966300
2000-04-18,29.938914151872908,31.910938437325612,29.625183015550885,31.37311363220215,1459800
2000-04-19,31.417914915680058,32.76247618168634,30.566359447209415,32.31428909301758,704500
2000-04-20,32.40394606511237,32.717677216503496,31.55239008276502,32.44876480102539,1051000
2000-04-24,32.09021141574199,32.09021141574199,29.580362478197923,30.790468215942383,536300
2000-04-25,30.969735625178313,31.283466666243797,30.745642024417254,30.83527946472168,429800
2000-04-26,30.790477800635653,32.26949638494566,30.431927840802924,32.0902214050293,1088400
2000-04-27,31.73165337222251,31.95574696948397,30.83527898317668,31.776472091674805,302500
2000-04-28,32.269489057912125,33.703688571597105,31.910939179490878,33.389957427978516,1161900
2000-05-01,33.61404681141486,33.7933217277424,33.07622206243222,33.255496978759766,708200
2000-05-02,33.210672720349436,33.210672720349436,32.53839189605087,32.76248550415039,464700
2000-05-03,32.62802946166099,32.62802946166099,30.11818104153322,30.611186981201172,559000
2000-05-04,31.552381727430554,32.22466258810024,30.611188522492995,31.059375762939453,1560500
2000-05-05,31.104202723634835,32.94177089606859,31.104202723634835,32.44876480102539,416000
2000-05-08,32.80730666480236,33.07621901451385,32.045388340619795,32.3591194152832,360600
2000-05-09,32.269488307407926,32.53840070996966,29.75963921683175,31.37311363220215,430800
2000-05-10,31.19383381850847,31.19383381850847,26.891236050438334,29.356266021728516,1433100
2000-05-11,29.75964114912879,30.02855356915104,28.5047165223583,28.997722625732422,977700
2000-05-12,29.401086827208285,30.118186505920683,29.13217444769114,29.98373031616211,731000
2000-05-15,29.80444570867027,29.80444570867027,28.952890116993974,29.401077270507812,411800
2000-05-16,30.29745496458742,32.179841219783675,30.29745496458742,31.417922973632812,1010700
2000-05-17,31.373102994144713,32.44875223965825,30.924915808514072,32.1350212097168,3788400
2000-05-18,32.04539965775054,32.35913084321103,31.373118546049476,31.73166847229004,626900
2000-05-19,31.37310410654822,31.462741546852644,30.656004584112832,30.83527946472168,705600
2000-05-22,31.01454918569626,31.01454918569626,29.356256815940824,29.445894241333008,482400
2000-05-23,29.714821587702275,30.297465148245454,27.742797228940734,28.14616584777832,1174500
2000-05-24,27.877244161052488,27.92206288156865,26.71195742763229,27.65315055847168,892700
2000-05-25,27.966895901426977,29.042545743789553,27.966895901426977,28.54953956604004,796600
2000-05-26,28.728799512701933,28.728799512701933,27.697968952963798,28.101337432861328,155800
2000-05-30,28.14616014471102,28.415072502781506,26.53268599628809,27.025691986083984,1278800
2000-05-31,27.339419708508835,27.339419708508835,26.039676804333823,26.6223201751709,959800
2000-06-01,27.339414022501234,28.235788252747177,26.89122690737826,27.69796371459961,779200
2000-06-02,28.683978769354226,29.75962797320501,28.683978769354226,29.66999053955078,1217200
2000-06-05,29.75962426775326,31.821284985097613,29.669986845260027,31.2386417388916,969400
2000-06-06,31.417908731548263,32.17982663231334,30.566353430693177,31.193815231323242,1113900
2000-06-07,31.05937356064,31.193829723240174,29.759630655504992,30.43191146850586,300100
2000-06-08,30.252642695679256,30.83528618463308,29.938911586242583,29.98373031616211,107300
2000-06-09,30.16300124322583,30.656007207082418,29.669995279369243,29.938907623291016,130600
2000-06-12,29.84926442402165,29.93890185472442,29.042527547696743,29.401077270507812,462600
2000-06-13,29.580349372828614,29.580349372828614,28.146150615358135,29.17698097229004,488900
2000-06-14,29.311447896074633,29.669997717433343,29.221810440734956,29.535541534423828,471400
2000-06-15,29.535539712224686,30.387095485414775,28.77362138884408,30.118183135986328,324700
2000-06-16,30.476730846967854,30.476730846967854,29.401081522957224,30.073362350463867,454600
2000-06-19,29.894085885537017,29.894085885537017,29.176986374039874,29.625173568725586,221200
2000-06-20,30.028544761039118,30.7008256138982,29.759632419895482,29.84926986694336,287400
2000-06-21,30.028546894297882,31.462746148950913,30.028546894297882,30.476734161376953,280300
2000-06-22,29.580360412597656,29.759635324189155,29.580360412597656,29.580360412597656,3335800
2000-06-23,29.7148082779675,29.983720570075803,29.13216497839951,29.401077270507812,786000
2000-06-26,29.221800677852546,29.804443942901752,28.68397612549943,29.445894241333008,723100
2000-06-27,29.58035565297538,29.669993094348033,29.042531004739466,29.311443328857422,876700
2000-06-28,29.132168446112118,29.49071821160273,28.773618680621507,29.311443328857422,774500
2000-06-29,29.40108535141431,29.669997717433343,29.221810440734956,29.535541534423828,453100
2000-06-30,29.535544608486465,30.387100522843436,29.535544608486465,29.894094467163086,987900
2000-07-03,30.028545686176844,30.297458035605292,29.9837269612721,30.118183135986328,260900
2000-07-05,30.297456273706672,31.059374552779175,29.669994161529313,30.163000106811523,1344600
2000-07-06,30.163005255534152,30.745648744868394,29.894092875841427,30.566373825073242,1269800
2000-07-07,30.745651359558106,31.68684476852417,30.745651359558106,31.37311363220215,1517600
2000-07-10,31.28346602121989,33.43476454416911,31.28346602121989,33.34512710571289,1448800
2000-07-11,33.52440844411435,33.79332081131313,32.80730879825094,32.9865837097168,882700
2000-07-12,33.16585455330307,34.1518664454283,33.16585455330307,34.01741027832031,962100
2000-07-13,33.927770455678306,34.06222661336263,33.16585222880046,33.34512710571289,1340400
2000-07-14,33.25548000023013,33.345117412629676,32.672836819633105,32.80729293823242,586700
2000-07-17,32.80728830224056,32.941744401839905,31.3730899065142,31.64200210571289,1640900
2000-07-18,31.82128748197234,32.09019977055239,31.014550616232196,31.910924911499023,635700
2000-07-19,31.73165005244566,32.44874948865912,31.73165005244566,31.910924911499023,444700
2000-07-20,31.910932165764045,32.53839431509087,31.821294715860212,32.3591194152832,749700
2000-07-21,32.269473035796345,32.359110460895785,31.91092333539861,32.00056076049805,937400
2000-07-24,32.00057256446694,33.70368426957863,32.00057256446694,33.255496978759766,711600
2000-07-25,33.4347616043301,33.65885518076663,32.045381430423625,32.538387298583984,292900
2000-07-26,32.53838531109465,32.53838531109465,30.38708710870823,32.00056076049805,991900
2000-07-27,32.000569756188156,32.000569756188156,30.118183299941798,31.283470153808594,664100
2000-07-28,31.193836023989277,31.238654753908804,29.759636666564486,29.98373031616211,530300
2000-07-31,30.162988996366717,31.283456641105452,30.162988996366717,30.74563217163086,475600
2000-08-01,30.83528694696996,31.283474257245683,30.566374560804523,30.790468215942383,251400
2000-08-02,30.790470554517665,31.05938296110734,30.70083308565444,30.9249267578125,871000
2000-08-03,30.387082178129567,31.193818873124155,29.938895125354794,31.14900016784668,550100
2000-08-04,31.328284275581648,32.35911480253212,31.193828119892455,32.1350212097168,528500
2000-08-07,32.04538072666652,32.224655583878636,31.55237486933319,31.821287155151367,361500
2000-08-08,30.835288684937748,31.821300823118897,30.566376283615618,31.32829475402832,768600
2000-08-09,31.46273529512468,31.552372717617914,31.193823027644985,31.2386417388916,1309700
2000-08-10,31.193830233901295,31.193830233901295,29.759631142687443,30.02854347229004,661600
2000-08-11,30.02854347229004,30.29745580189264,29.71481242108701,30.02854347229004,314700
2000-08-14,30.118183069061818,30.83528266594424,30.028545619451513,30.656007766723633,612000
2000-08-15,30.745642024417254,30.88009818487389,30.342273543047348,30.83527946472168,492700
2000-08-16,30.880095016060537,31.283463456038106,30.835276300507473,31.014551162719727,1253900
2000-08-17,31.01455128315437,31.104188714608572,30.25263311579364,30.52154541015625,367000
2000-08-18,30.656019483293807,32.98659406389509,30.656019483293807,32.62804412841797,1378200
2000-08-21,32.80730603996426,32.85212476406257,31.86611283389971,32.17984390258789,525500
2000-08-22,32.09020832286161,32.13502704956952,30.476734161376953,30.476734161376953,689900
2000-08-23,30.835273337672053,31.552372717617914,30.61117978143897,31.2386417388916,565400
2000-08-24,31.1938316245845,31.328287795380124,30.969738006591797,30.969738006591797,700600
2000-08-25,30.96973831485016,31.462744279341262,30.924919590805516,31.059375762939453,579500
2000-08-28,31.014550331911426,31.0593690462639,29.042526900402606,29.2218017578125,1913900
2000-08-29,29.221802409102278,29.759626993318886,27.96687837926353,29.401077270507812,1881700
2000-08-30,29.087348947322777,29.17698638629758,27.473875045776367,27.473875045776367,1757100
2000-08-31,27.16014881723935,27.3394237269241,24.381387717125754,26.08449935913086,6530000
2000-09-01,26.218964557836554,27.608345585687722,25.68113964382965,27.160158157348633,2217500
2000-09-05,26.89124292887925,26.89124292887925,25.81559321172408,26.26378059387207,1234000
2000-09-06,26.084495355275052,27.51869441260976,26.084495355275052,27.115325927734375,1317400
2000-09-07,26.891235807048744,27.249785617809394,26.577504722633172,27.025691986083984,1804700
2000-09-08,27.025691220592893,27.115328670744113,26.039679268929472,26.801597595214844,861700
2000-09-11,26.93604769162684,26.93604769162684,26.532679256976852,26.71195411682129,798200
2000-09-12,26.71196154302748,26.891236452712228,26.08449935913086,26.08449935913086,1466200
2000-09-13,26.17413886890077,26.263776330780566,25.188126788223,25.546676635742188,661500
2000-09-14,25.54667373498281,25.99486099349128,25.277761379877727,25.81558609008789,515600
2000-09-15,25.99486681326668,26.084504285036562,24.78476094437323,25.232948303222656,729100
2000-09-18,25.23294733022897,25.23294733022897,23.75392910305747,24.336572647094727,620000
2000-09-19,24.381385803222656,24.91921049005845,24.202110907610727,24.381385803222656,606600
2000-09-20,24.02283544251413,24.381385225238223,23.1264609857039,23.66428565979004,1508500
2000-09-21,23.843558284214566,23.888377002793916,19.809873612073,21.961172103881836,3926400
2000-09-22,21.512980307302165,22.49899190472018,21.512980307302165,22.230079650878906,1454200
2000-09-25,22.767910868704984,24.291747422909648,22.767910868704984,24.112472534179688,1121200
2000-09-26,23.888379273992594,24.02283544251413,23.305735877065946,23.66428565979004,1007400
2000-09-27,23.753922394343785,25.277758925301686,23.48501006535121,25.09848403930664,1722400
2000-09-28,25.098488500562766,27.249787514896717,24.829576123771023,26.443050384521484,1404600
2000-09-29,26.44304854359793,27.294604344154475,25.41221783766106,27.025691986083984,1960700
2000-10-02,27.025691834003027,27.697972725396138,26.532685846981416,26.980873107910156,942600
2000-10-03,27.24979564301645,27.429070614352085,26.801608214677366,27.160158157348633,620600
2000-10-04,26.980873411064906,27.070510864257812,25.188124347206774,27.070510864257812,798500
2000-10-05,26.801600220243813,27.070512597035556,25.815588172007416,26.443050384521484,764500
2000-10-06,25.81558358328683,25.90522102628435,24.739934267316546,25.09848403930664,601000
2000-10-09,25.098489326343202,25.725951559501784,23.66428993626645,25.546676635742188,564200
2000-10-10,25.36738892124124,26.263763088069553,25.008839254509915,26.17412567138672,733500
2000-10-11,25.09849105861778,25.63631586701673,24.8295786544183,25.501859664916992,632200
2000-10-12,25.636314090749305,26.62232617116274,24.560664548480105,24.964033126831055,1402500
2000-10-13,25.00884622516054,26.6223201751709,24.87439006265968,26.6223201751709,1106600
2000-10-16,26.622325352260045,27.877249779639307,26.35341297496449,27.60833740234375,755100
2000-10-17,27.60833593161709,27.60833593161709,25.636311936501585,26.03968048095703,1760600
2000-10-18,25.636310072506177,25.636310072506177,22.947186638327207,24.381385803222656,1713100
2000-10-19,25.0984824576029,25.72594451904297,24.87438886423144,25.72594451904297,1439700
2000-10-20,25.72594451904297,25.81558195639155,25.23293861362577,25.72594451904297,944100
2000-10-23,25.546673815301126,25.591492541292883,25.098486555383563,25.277761459350586,680500
2000-10-24,25.09848006082989,25.277754918407243,25.00884263204121,25.053661346435547,840900
2000-10-25,24.87439897325304,24.87439897325304,23.843568024811923,24.202117919921875,507600
2000-10-26,24.022834837436676,24.29174716770649,22.409360855817795,22.947185516357422,1056800
2000-10-27,23.216099589166035,27.249784845970943,23.126462139014816,26.801597595214844,2739700
2000-10-30,27.070513798640327,27.966888427734375,26.80160140991211,27.966888427734375,1377900
2000-10-31,27.96688549245587,29.66999710898363,27.96688549245587,29.356266021728516,1329900
2000-11-01,29.176983693750895,30.252632862184107,29.13216497839951,29.401077270507812,1264000
2000-11-02,29.759628001589448,30.4319087546374,29.580353134109995,30.207815170288086,1335800
2000-11-03,30.20781835869177,30.20781835869177,28.95289415387965,30.02854347229004,383200
2000-11-06,29.983718793686123,30.07335621907831,28.773613550891618,29.445894241333008,557500
2000-11-07,29.625184116849475,29.625184116849475,27.87725343521993,28.14616584777832,861800
2000-11-08,28.41507904901755,29.40109125576579,28.41507904901755,28.997722625732422,472800
2000-11-09,27.7876081253393,28.10133918481894,26.980871115248807,28.056520462036133,973700
2000-11-10,27.787601137624204,27.832419849136503,27.24977659947664,27.69796371459961,436900
2000-11-13,27.608335675419987,27.69797312891161,25.994861512570765,26.532686233520508,1275800
2000-11-14,27.429057447533857,28.23579443128485,26.936051513019358,27.24978256225586,406000
2000-11-15,27.249782030651797,29.311443171128744,26.980869707980894,29.266624450683594,692500
2000-11-16,29.132169358273767,29.132169358273767,27.33942047468769,27.384239196777344,883100
2000-11-17,27.429054655559323,27.429054655559323,25.54666855174643,25.950037002563477,562700
2000-11-20,25.950034520542335,25.950034520542335,23.75391760947744,24.246923446655273,780300
2000-11-21,24.381385225238223,24.829572453643337,23.03682354002288,23.66428565979004,704800
2000-11-22,23.3057388604856,23.48501377479703,22.050814460305606,22.85755157470703,1139600
2000-11-24,23.305733381812253,24.0228328704834,23.171277227686414,24.0228328704834,338100
2000-11-27,25.815580454269323,25.860399170335764,24.112469243744613,24.78474998474121,589200
2000-11-28,24.560663260665596,24.560663260665596,22.767914117551317,22.85755157470703,481900
2000-11-29,23.036819237196994,23.216094095074013,21.87153266099637,22.45417594909668,304600
2000-11-30,22.05081407855655,22.05081407855655,20.616614788894335,21.60262680053711,926600
2000-12-01,21.512983209489562,23.35055052530013,21.512983209489562,22.00598907470703,836600
2000-12-04,22.05080889478142,22.319721198376314,21.69225915665489,21.781896591186523,551300
2000-12-05,22.050812110626442,24.91921043395996,22.050812110626442,24.91921043395996,1109700
2000-12-06,24.91921497963754,25.546677227326256,24.202115267993296,25.143308639526367,753400
2000-12-07,24.246926460693132,24.56065748698676,23.529826972021986,24.0228328704834,494600
2000-12-08,24.560666289431317,27.56352147445303,24.560666289431317,27.29460906982422,1422600
2000-12-11,27.384238701481976,28.056519520667294,26.8015953248547,27.787607192993164,1212500
2000-12-12,27.69797603900616,28.235800816462593,26.980876335730922,27.966888427734375,395600
2000-12-13,28.235797279091326,28.325434730770983,26.667141874697364,26.936054229736328,572900
2000-12-14,27.115324797945988,27.20496223529457,25.501850925671516,25.72594451904297,587300
2000-12-15,25.546663624423367,25.636301040649414,24.739926878388946,25.636301040649414,960700
2000-12-18,25.4570297759846,25.50184849037894,24.829567774463854,25.053661346435547,434500
2000-12-19,25.098488547585227,25.098488547585227,23.753926661107446,24.15729522705078,509400
2000-12-20,23.21609773635864,25.09848403930664,21.871536091395786,25.09848403930664,1656600
2000-12-21,24.829580236364293,24.87439897325304,23.126468234592014,24.202117919921875,683100
2000-12-22,24.112472466302513,25.770765182386516,24.06765374424619,25.188121795654297,562700
2000-12-26,25.232940022456877,25.68112723422343,24.650296647160356,25.591489791870117,480100
2000-12-27,25.770764186464508,26.17413266938308,25.36739570354593,25.994857788085938,569500
2000-12-28,25.994865954221794,26.846421907894577,25.8604097510103,26.756784439086914,375000
2000-12-29,26.891245700345184,27.24979564301645,26.891245700345184,27.160158157348633,1007600
2001-01-02,27.160144516517374,27.160144516517374,25.95003906776165,25.994857788085938,1140900
2001-01-03,25.905225152587892,28.01170539855957,25.72595023803711,28.01170539855957,1206900
2001-01-04,28.011704696486536,29.759635069547297,27.92206724145778,28.370254516601562,1027400
2001-01-05,26.711962887985074,26.711962887985074,23.664289269892816,25.90522575378418,2448900
2001-01-08,25.99485922934071,25.99485922934071,25.32257838720259,25.860403060913086,514800
2001-01-09,25.860395827763515,25.950033248310355,24.695109360654588,25.457027435302734,673200
2001-01-10,25.36739251273019,27.16014110020229,24.560655648367746,26.66713523864746,495800
2001-01-11,26.711954349424783,29.759626993318886,26.622316918722014,29.401077270507812,3022000
2001-01-12,29.40108437538147,29.40108437538147,27.922066411375997,28.683984756469727,1056800
2001-01-16,28.683977971311478,28.773615402471826,26.89122934810451,27.33941650390625,1305200
2001-01-17,27.87725343521993,28.54953446661591,27.56352228723514,28.14616584777832,1289800
2001-01-18,25.994857788085938,26.218951389707367,25.72594546614022,25.994857788085938,6455300
2001-01-19,26.263763474174166,26.30858218317446,25.367389294168223,25.7707576751709,2075600
2001-01-22,25.770770887215082,25.770770887215082,24.73994005172648,25.143308639526367,1126000
2001-01-23,25.367393684716628,26.174130586350728,25.367393684716628,25.950037002563477,3558000
2001-01-24,25.994859432584406,26.17413432522292,25.1881224157111,25.36739730834961,1414900
2001-01-25,25.501857186683736,25.90522575378418,24.829576241516325,25.90522575378418,1087700
2001-01-26,25.725955735294484,26.443055546731262,24.919218447428108,26.26378059387207,3127000
2001-01-29,26.11676741795833,26.245845571219903,25.81558688402667,25.923152923583984,679600
2001-01-30,26.09525110461982,26.18847480819869,25.959003180556536,26.066566467285156,579600
2001-01-31,26.174142375458302,26.267366114247615,24.91921774101852,25.959012985229492,1626500
2001-02-01,26.10242286995995,26.71195635018674,25.923147995126477,26.518339157104492,1046100
2001-02-02,26.532679742090632,26.54702205940249,25.19170453188117,25.335124969482422,443900
2001-02-05,25.277762713880758,25.277762713880758,24.560663062423146,25.15585708618164,874500
2001-02-06,25.206058751669346,26.102433490554905,25.206058751669346,25.959012985229492,707700
2001-02-07,25.95901295960765,25.95901295960765,25.385333674390846,25.521581649780273,837900
2001-02-08,25.492882950201473,25.564594531025953,24.596508706273735,24.747098922729492,900800
2001-02-09,24.38138902706775,24.524809509624724,23.162319028610728,23.72882843017578,1541600
2001-02-12,23.735995584353464,24.073033270562796,23.234028054490047,23.614089965820312,759800
2001-02-13,23.664283555178205,24.431579803125917,23.664283555178205,23.764677047729492,1335800
2001-02-14,23.700144009080365,23.764683090061048,23.42764536321545,23.628435134887695,311600
2001-02-15,23.843561026139025,24.739935500805903,23.843561026139025,24.417240142822266,766000
2001-02-16,24.166255902707316,24.381385225238223,23.52086519959685,23.66428565979004,579800
2001-02-20,24.20211260092731,24.73993732539236,22.789426817059017,23.02606964111328,913900
2001-02-21,23.02607142280003,23.592580832928963,22.94719001942534,23.09061050415039,570800
2001-02-22,23.004555790694262,23.004555790694262,21.835682711826507,22.423704147338867,812600
2001-02-23,22.086666235862243,22.086666235862243,20.286747516592527,21.24765968322754,1336800
2001-02-26,21.871537515500968,22.732057571411133,21.76397285045193,22.732057571411133,653000
2001-02-27,22.610154242978723,22.696205441831264,20.509051883661037,20.939311981201172,1106900
2001-02-28,20.93929936911455,21.62054285944965,20.745682236676423,20.752853393554688,1458800
2001-03-01,20.32977910977639,20.50905405542211,19.447746705461682,19.899518966674805,1659100
2001-03-02,19.612673778579538,20.07878823183829,19.57681797893877,19.863658905029297,1486300
2001-03-05,20.150503927610234,20.179187207342043,19.6126790969859,19.791954040527344,985400
2001-03-06,19.899515170236068,20.61661481601034,19.791950496921736,20.372800827026367,2571100
2001-03-07,20.61660916135794,20.76002959827954,19.92819434675501,20.0070743560791,1065400
2001-03-08,19.971215044890673,20.00706946147018,19.32582597215131,19.756084442138672,619300
2001-03-09,19.648531352587945,19.69155695127847,18.680446491616827,18.98162841796875,846200
2001-03-12,18.465312709011968,18.62307411160842,16.887693212012284,17.2820987701416,1557100
2001-03-13,17.28209665055611,17.28209665055611,15.776187564070394,16.270986557006836,4181200
2001-03-14,15.66862419997456,16.636708789346482,15.45349353135928,15.776188850402832,2562300
2001-03-15,16.493286640787183,16.636707071723553,15.561057942976564,15.62559700012207,2839100
2001-03-16,15.776190540328354,15.919611001434893,15.1308012008667,15.1308012008667,1349000
2001-03-19,15.596914056223238,15.596914056223238,14.664685257437531,15.202509880065918,2396100
2001-03-20,15.403303348480867,15.561066179567666,14.879820823669434,14.879820823669434,1255700
2001-03-21,15.059091006556615,15.18816914831138,14.521266327751022,14.607318878173828,1206200
2001-03-22,14.628835777042195,14.808110728642612,13.445621370031306,13.947591781616211,1697400
2001-03-23,13.840017776695852,14.664683175170525,13.840017776695852,14.449552536010742,1263500
2001-03-26,14.521268844604492,15.05909361662688,14.34199392059703,14.521268844604492,1072900
2001-03-27,14.449555103521307,15.41763973236084,14.413700674503055,15.41763973236084,1235000
2001-03-28,15.059093646008913,15.059093646008913,14.39936186966387,14.492584228515625,1225400
2001-03-29,14.49975489138311,14.772253532987692,13.696604023805468,13.804168701171875,1413000
2001-03-30,13.732457601364896,13.804167837709993,12.69266396151746,13.266343116760254,3086400
2001-04-02,13.624888133639145,13.624888133639145,12.907788758184452,13.201799392700195,870300
2001-04-03,12.262400135272237,12.405819196040724,10.23300886783819,10.362086296081543,4033400
2001-04-04,10.43379717096052,11.043331295276014,10.18281208902634,10.405113220214844,3900400
2001-04-05,11.115043968371916,12.190693384665972,10.792349280259595,12.18352222442627,2217700
2001-04-06,11.58115967000852,11.58115967000852,10.69912738337416,10.720640182495117,2070500
2001-04-09,10.770836750199889,11.22260891441927,10.756494429365242,11.043334007263184,1280700
2001-04-10,11.581157982978981,12.8360822522625,11.516618911137973,12.190692901611328,3371300
2001-04-11,13.338050418851774,13.639232251036638,12.943644889598977,13.015355110168457,2269700
2001-04-12,13.015353805648383,14.808102301405972,13.015353805648383,14.729222297668457,2817900
2001-04-16,14.628828635014479,14.973036045777487,14.227253322457639,14.55711841583252,1481000
2001-04-17,14.564298761783778,16.92355811777899,14.564298761783778,16.56500816345215,2411600
2001-04-18,17.461373688020885,18.995966232143573,17.404005780794584,18.05656623840332,2699800
2001-04-19,18.056565821461845,18.988794634303,17.712358386052074,18.823862075805664,996200
2001-04-20,18.823862021956895,19.36168665115566,18.32189182093454,19.125043869018555,1068500
2001-04-23,18.82386688100028,18.82386688100028,17.855782024997016,17.862953186035156,1002400
2001-04-24,17.568939564574023,18.056567493779134,17.2821000085001,17.640649795532227,1042700
2001-04-25,17.497226213916928,18.10676101674523,17.497226213916928,17.791236877441406,841100
2001-04-26,17.79123988844382,18.40077479443025,17.79123988844382,18.243013381958008,599200
2001-04-27,18.321887576908853,18.42945357203936,17.7840630722901,18.27886199951172,429800
2001-04-30,18.587220437036976,19.282806509877464,18.501167889008606,19.2182674407959,881100
2001-05-01,19.21826701642112,19.748921876653668,18.64458793476272,19.741750717163086,809300
2001-05-02,19.74891768316143,20.616607280894097,19.684378629209256,19.97121810913086,1103900
2001-05-03,19.727410093607425,20.078788732291454,19.289978901399646,19.842145919799805,1743200
2001-05-04,19.325834726028134,20.222209224122967,19.254124492628762,20.07878875732422,704600
2001-05-07,20.042934324504,20.107473397787544,19.813461304074213,20.07878875732422,714800
2001-05-08,19.99274325301105,20.11465028244597,18.35775646736555,18.61591148376465,2544900
2001-05-09,18.615906090646465,18.623077251213285,17.712361743371666,18.214330673217773,718200
2001-05-10,18.644587087719405,18.709126152443748,18.30755081352686,18.350576400756836,527000
2001-05-11,18.17848183562193,18.286046541727263,17.78407608955646,18.0709171295166,1056900
2001-05-14,17.920315419389468,17.920315419389468,16.636708091628314,17.289268493652344,1104200
2001-05-15,17.296445158849437,17.339470757362047,17.095656752858726,17.153024673461914,754200
2001-05-16,17.17453438323231,17.533084150166108,16.808813456828783,17.389663696289062,733600
2001-05-17,17.999200769994854,19.28997954136128,17.963344968270853,19.010311126708984,1463700
2001-05-18,19.361687898256896,19.70589535485267,19.038992552849074,19.2182674407959,802700
2001-05-21,19.254118833047166,19.254118833047166,18.823858926881034,19.00313377380371,967900
2001-05-22,19.16090082194145,19.333004561831345,18.98879708205155,19.3043212890625,409000
2001-05-23,19.146563619335815,19.15373341311304,18.55137088940376,18.630250930786133,270300
2001-05-24,18.623082859034916,18.637425184487345,17.927496487705348,18.54420280456543,408900
2001-05-25,18.54419043031208,18.673268537733232,17.81991989137226,18.501163482666016,682500
2001-05-29,18.357747160698057,18.544193191651683,17.353808151358987,17.769725799560547,649100
2001-05-30,17.597622574248817,17.597622574248817,16.13473892211914,16.672563552856445,1519000
2001-05-31,16.780129563386875,17.84860775212071,16.780129563386875,17.741043090820312,623600
2001-06-01,17.741045962945996,18.006373447016205,17.04545976401895,17.963346481323242,722000
2001-06-04,17.819923690161378,17.891633917099902,17.17453438323231,17.389663696289062,404300
2001-06-05,17.42552489008648,17.827101769722034,17.389670446578712,17.57611656188965,653900
2001-06-06,17.568938579755958,17.576109739225693,17.282099039760688,17.389663696289062,402600
2001-06-07,17.353813656209613,17.56894302368164,17.353813656209613,17.56894302368164,491700
2001-06-08,17.604787046668772,17.62630051779144,17.4255122239216,17.49005126953125,138700
2001-06-11,17.425519059762358,17.497229290544038,16.86618226873482,17.13867950439453,380000
2001-06-12,16.56499789353042,16.56499789353042,15.63276776958637,16.42157745361328,1111600
2001-06-13,16.457439341363187,16.59368730520007,16.24947976325554,16.256650924682617,817800
2001-06-14,16.256656146217846,16.256656146217846,15.181006206329837,15.467845916748047,681600
2001-06-15,15.467839225365733,15.467839225365733,14.879817731446405,14.994553565979004,615500
2001-06-18,14.91567377859757,14.922844940000644,14.05515492661647,14.212916374206543,1097500
2001-06-19,14.485408747336677,14.585802227873367,13.402588465267419,13.617717742919922,1964900
2001-06-20,13.610548282983885,13.76831104952305,13.216144102153496,13.732455253601074,1272300
2001-06-21,13.373905589180474,13.373905589180474,12.118981446564849,13.15877628326416,5710900
2001-06-22,13.208975201235974,13.682260846251026,12.735689556220922,13.266343116760254,1574800
2001-06-25,13.338047875956974,13.574690601289312,13.079891678227721,13.08706283569336,802600
2001-06-26,13.051212860434461,13.366735689816492,13.022528220803967,13.23765754699707,810600
2001-06-27,13.244829781591488,13.624893080980504,13.208975346903038,13.424104690551758,732300
2001-06-28,13.495817023146603,13.983445070072664,13.495817023146603,13.589040756225586,1135700
2001-06-29,13.59621208177758,15.059096387359899,13.59621208177758,14.822453498840332,1782600
2001-07-02,14.714882713925563,14.786592940623834,14.463897604361023,14.514094352722168,1025100
2001-07-03,14.341995574381897,14.571467284730524,14.198575071534366,14.413705825805664,350100
2001-07-05,14.413700808701485,14.499751986249985,14.141202221694021,14.277451515197754,847600
2001-07-06,14.112520508754283,14.15554610227541,12.957989701825497,13.208974838256836,905500
2001-07-09,13.122922521180431,13.373907662158425,13.058383445850119,13.079896926879883,1077500
2001-07-10,13.266338240932411,13.338048450921582,12.6998290865523,12.728513717651367,1521600
2001-07-11,12.549237809729513,12.66397358885494,12.37713414104137,12.50621223449707,676600
2001-07-12,12.943647984375978,13.481472715600892,12.886280067755683,13.373908042907715,762700
2001-07-13,13.373908847130517,13.388251169087804,13.05121480964619,13.230489730834961,745700
2001-07-16,13.287853674780745,13.373904845257167,12.943644889598977,13.015355110168457,495900
2001-07-17,12.907789950057206,13.33804988861084,12.800225307358456,13.33804988861084,668700
2001-07-18,13.208973973255322,13.230487452486535,12.778713962943126,12.893449783325195,496200
2001-07-19,12.893450412474062,12.893450412474062,11.545303773321136,12.061614990234375,2053600
2001-07-20,11.98990603514129,12.35562703234909,11.660040842223907,12.147668838500977,2232700
2001-07-23,12.369967446822768,12.420164197330774,11.989904186498208,12.104640007019043,984300
2001-07-24,11.903853416442871,12.118982745415648,11.839314344199254,11.903853416442871,936700
2001-07-25,12.047269619065053,12.255229105838511,11.832140341772622,12.176347732543945,513800
2001-07-26,12.190695294886615,12.190695294886615,11.617016063407386,11.961223602294922,893200
2001-07-27,11.91819563894677,12.240889629766142,11.667210512025765,12.219377517700195,1055800
2001-07-30,12.355625453314218,12.355625453314218,12.047272414619176,12.219377517700195,719200
2001-07-31,12.262404188758852,12.276746509904303,12.118983712822411,12.154839515686035,2665900
2001-08-01,12.176349267080896,12.233717172772632,12.08312693324136,12.11898136138916,878100
2001-08-02,12.549240229222283,13.33804988861084,12.520555595031341,13.33804988861084,2833600
2001-08-03,13.732459673398246,13.732459673398246,13.3810809668241,13.452791213989258,1228200
2001-08-06,13.452786972970548,13.452786972970548,13.15877628326416,13.15877628326416,994900
2001-08-07,13.087069398253094,13.230489883967733,12.678322792053223,12.678322792053223,1650400
2001-08-08,12.549241024409943,12.63529356467688,12.190691280855374,12.283913612365723,4407800
2001-08-09,12.283917657092298,12.348456741603608,11.896684517783612,11.961223602294922,1630100
2001-08-10,12.011418947132075,12.190693856790764,11.617014692986569,11.939708709716797,609900
2001-08-13,11.903851111223851,12.190690616893134,11.903851111223851,12.133322715759277,1448700
2001-08-14,12.176352270141615,12.262404833781794,11.724580072368198,11.817802429199219,962300
2001-08-15,11.724578581041648,11.832143246090688,10.935768757750484,11.366028785705566,2202800
2001-08-16,11.294320249557495,11.294320249557495,10.570049390057951,10.756495475769043,2135800
2001-08-17,10.756495453862605,11.17241322336826,10.555707730210113,11.00748062133789,1397600
2001-08-20,10.864060156974908,10.950112722595076,10.713469192958959,10.756495475769043,686800
2001-08-21,10.756493456909423,11.079188123840819,10.347746924388284,10.433798789978027,758500
2001-08-22,10.433800508278607,10.864059907085009,10.218670466935631,10.648930549621582,620400
2001-08-23,10.706296706285265,10.856887642037176,10.297549489884691,10.433798789978027,751900
2001-08-24,10.433800054899475,10.93576967363467,10.433800054899475,10.878401756286621,873200
2001-08-27,10.935766839339701,11.473591437995752,10.935766839339701,11.401881217956543,1333200
2001-08-28,11.373200575723887,11.423398017907903,11.07918981900417,11.186755180358887,1351500
2001-08-29,11.258462144194155,11.294317256387135,10.734979831366571,10.74215030670166,1052100
2001-08-30,10.706294471472495,10.749320053346565,10.111102012473271,10.297547340393066,752600
2001-08-31,10.218664664851367,10.742146807139651,10.039389846169765,10.376426696777344,1384400
2001-09-04,10.37643006717796,10.397942860921225,9.609133128954758,9.680843353271484,1208700
2001-09-05,9.358149578314297,9.53742447183036,8.626707684506632,8.820324897766113,1549000
2001-09-06,8.820324411623297,8.95657302227904,6.812445578134182,8.024343490600586,10857500
2001-09-07,7.966975123256858,8.497629267973274,7.823555361392706,7.888094425201416,4323900
2001-09-10,7.85223899477247,8.35420848284444,7.78052945869324,8.21078872680664,2283800
2001-09-17,8.139081900883836,9.143021211320098,8.0315165351288,8.275330543518066,1825000
2001-09-18,8.526316266861514,8.920720581941648,8.253818280014409,8.354211807250977,1818400
2001-09-19,8.425919259797482,8.533483912966547,7.959804850892355,8.318354606628418,1530500
2001-09-20,8.605194232079828,8.605194232079828,8.210789359666956,8.390064239501953,771100
2001-09-21,8.282500700052474,8.425920486450195,7.852240656979817,8.425920486450195,1215800
2001-09-24,9.143019604208467,9.458543117093802,8.533484690376122,9.429859161376953,2329300
2001-09-25,9.358147545549024,9.666499830378722,8.60519301956153,8.970913887023926,1672500
2001-09-26,9.042626259266541,9.429860039441106,9.035455782579234,9.107165336608887,1366400
2001-09-27,9.143019211582777,9.537424098662232,8.87052130203478,9.52308177947998,1952600
2001-09-28,9.465712223934654,10.103930955057896,9.336634793144707,9.960511207580566,2127700
2001-10-01,9.89597395144052,9.903145111089456,9.178874399653228,9.60913372039795,1178500
2001-10-02,9.609134883170773,10.354918479919434,9.609134883170773,10.354918479919434,1871800
2001-10-03,10.182813435507702,10.756493210158718,9.795579707297165,10.684782981872559,2458000
2001-10-04,10.684784192951009,11.430567779365152,10.397944615053067,11.043334007263184,1816900
2001-10-05,10.871230217008556,10.899914174683532,10.283208742731787,10.584390640258789,1200900
2001-10-08,10.326232025203554,10.849714990410488,10.311890391516984,10.562874794006348,775800
2001-10-09,10.577219966782037,10.613075086496186,10.039395222708375,10.089591979980469,1599900
2001-10-10,10.089591643042038,10.505509376525879,9.91031673433764,10.505509376525879,2047400
2001-10-11,10.72063866146086,11.688722691107742,10.68478354542665,11.667210578918457,2030600
2001-10-12,11.366028663401599,11.617013790987919,10.684783512490002,11.165240287780762,1367600
2001-10-15,11.165242202226498,11.165242202226498,10.397945735740876,10.706298828125,1593800
2001-10-16,10.706298544374329,10.892743943221888,10.397945460162536,10.720640182495117,1920000
2001-10-17,10.97162694034756,11.150901888118339,10.598734720722108,10.663273811340332,1239600
2001-10-18,10.648928587688593,10.749322086974054,10.426627426351853,10.534192085266113,602500
2001-10-19,10.462481583600209,10.648927613617936,9.982024874489566,10.54853343963623,888200
2001-10-22,10.54853829981823,10.577222265046219,10.07525253161657,10.397947311401367,1037200
2001-10-23,10.254522249356263,10.519848963210656,9.938998109073674,10.017879486083984,1841700
2001-10-24,9.89597199987893,10.039391745177028,8.935058680562728,9.171701431274414,3800700
2001-10-25,9.171704901142164,9.250585619928692,8.820326221257329,9.099994659423828,1931100
2001-10-26,9.09282398223877,9.25058541633978,8.927890703468305,9.09282398223877,2554100
2001-10-29,9.092821975840101,9.214728946850908,8.598022932589327,8.605194091796875,1114300
2001-10-30,8.56933985586223,8.56933985586223,7.816385159063743,7.873753070831299,2941800
2001-10-31,7.995659547891335,8.031514661444987,7.586913031466148,7.902437210083008,2006100
2001-11-01,7.888095608360564,7.888095608360564,7.49369069116664,7.766188621520996,2455900
2001-11-02,7.637109434573204,8.103224521922542,7.407637812419301,7.8235554695129395,1618000
2001-11-05,8.282500519037411,8.282500519037411,7.751846979023591,7.773359775543213,1879700
2001-11-06,7.099285751359274,7.170995984758649,5.019697189331055,5.019697189331055,16068800
2001-11-07,5.198972762790499,5.198972762790499,3.76477337995174,4.2882561683654785,20257000
2001-11-08,4.5177286371421355,4.983843208866165,4.37430847958567,4.481873512268066,12681400
2001-11-09,4.625291487275944,4.840421467030969,4.589436718609891,4.6181206703186035,3546400
2001-11-12,4.876279214569881,4.876279214569881,4.4747029896091846,4.51772928237915,2621800
2001-11-13,4.6611462659706975,4.768711248188721,4.589436391805233,4.596607208251953,3558800
2001-11-14,4.697002506792809,5.055552306030742,4.697002506792809,5.019697189331055,3521400
2001-11-15,5.048381158783541,5.4858120107119825,4.93364533215565,5.449956893920898,3617900
2001-11-16,5.449955839695989,5.514494900659783,5.328048876515345,5.507323741912842,3805800
2001-11-19,5.507324468572501,5.8802162241226235,5.421272603893177,5.830019474029541,3011500
2001-11-20,5.758308757127294,5.894558044238791,5.629230971041218,5.636402130126953,2851400
2001-11-21,5.579033043480458,5.66508488264416,5.414100180780224,5.557519912719727,1508700
2001-11-23,5.5575225305555085,5.794165370694605,5.521667409711498,5.679429531097412,619100
2001-11-26,5.722454140494688,6.238765640581111,5.679428210649127,6.145542621612549,2597400
2001-11-27,6.145543592544256,6.920011136001523,6.131201955602935,6.633171558380127,3323200
2001-11-28,6.633169944041085,6.95586456129965,6.317646485447658,6.597314834594727,3067000
2001-11-29,6.590143749297768,6.805273724491634,6.46106631128492,6.704880237579346,2000200
2001-11-30,6.669026589208304,6.704881706911257,6.296134459304767,6.310476779937744,1508800
2001-12-03,6.0953470360651565,6.2459379901937115,5.514496359543483,5.801336288452148,3157000
2001-12-04,5.794163694223244,6.045148783632256,5.629230801553736,5.808506011962891,4037100
2001-12-05,5.822848639557266,6.217253554275591,5.815677479463605,6.0308074951171875,3371100
2001-12-06,6.1025173434024085,6.389356890262923,5.923242455644731,5.987781524658203,1813700
2001-12-07,5.951927054358,5.951927054358,5.442786290679533,5.521667003631592,2639200
2001-12-10,5.528839286173339,5.528839286173339,4.23805955589901,4.947988510131836,3864100
2001-12-11,5.234828329606785,5.306538236463081,5.019698267098086,5.24199914932251,2241900
2001-12-12,5.1344330156664775,5.27068198040966,4.861935428119847,5.019697189331055,1524000
2001-12-13,5.026867939761526,5.026867939761526,4.847593054753307,4.919302940368652,1469400
2001-12-14,4.947987297871415,5.062723124206838,4.912132181171728,5.019697189331055,2314200
2001-12-17,5.019696579815149,5.234826570011676,4.983841467469164,5.227655410766602,2383700
2001-12-18,5.198971270327947,5.916070755890422,5.198971270327947,5.880215644836426,4490500
2001-12-19,5.772652362460675,5.937584954932354,5.56469348976013,5.600548267364502,2848800
2001-12-20,5.607717463842838,5.873043819386978,5.521665275466236,5.851531028747559,2495400
2001-12-21,5.851532226989891,6.13120129808846,5.844361067348522,5.987781524658203,2173900
2001-12-24,5.916070170886311,6.088173866271973,5.808505532240096,6.088173866271973,1298100
2001-12-26,6.159886434509552,6.317648557488208,6.0451505937540055,6.231595993041992,1740400
2001-12-27,6.3033060354095,6.496923273449431,6.3033060354095,6.461068153381348,2111800
2001-12-28,6.511263054741065,6.783760932136049,6.46106631128492,6.704880237579346,1736400
2001-12-31,6.704879382495645,6.812444014435024,6.547117329622538,6.790931224822998,1914600
2002-01-02,6.862646337706767,7.163828372955322,6.790936752668421,7.163828372955322,1829000
2002-01-03,7.16382357474435,7.386124712393143,7.063430086156608,7.328756809234619,2348500
2002-01-04,7.328757354150243,7.457834803914552,6.963036431412665,7.02040433883667,2820800
2002-01-07,7.135140562236808,7.170995677399694,6.920010555138929,6.934352874755859,1840100
2002-01-08,7.020403948977099,7.027575107976718,6.360672366358099,6.425211429595947,3273400
2002-01-09,6.468238214963431,6.654683576649924,6.27462100982666,6.27462100982666,2818100
2002-01-10,6.346331427768194,6.382185858937054,5.880216299899213,5.91607141494751,3740100
2002-01-11,6.0594914516123675,6.088175408107547,5.987781902314151,6.0308074951171875,2342400
2002-01-14,6.030807163749219,6.030807163749219,5.6292314529418945,5.6292314529418945,2640100
2002-01-15,5.6650858149488545,5.7367956927199195,5.378245961924924,5.507323741912842,1924700
2002-01-16,5.514496115358156,5.514496115358156,4.940816282943726,5.005355358123779,3793100
2002-01-17,5.0053536399272405,5.019695613717419,4.302596240329216,4.5822649002075195,7950900
2002-01-18,4.639633261809477,4.639633261809477,4.238057613372803,4.238057613372803,3897600
2002-01-22,4.374307126571845,4.410162240355596,3.513787815158918,3.865166425704956,11369600
2002-01-23,3.979903001697295,4.123322787981628,3.556814119248897,4.087467670440674,6757100
2002-01-24,4.302598236197886,4.589438186999035,4.230888333982545,4.417334079742432,6703300
2002-01-25,4.481872814752457,4.524898752741309,4.015757973630249,4.173520088195801,4867500
2002-01-28,4.230887564315492,4.2595715199835515,3.9799027812501073,4.022928714752197,2012000
2002-01-29,3.9870719583950454,3.9870719583950454,3.1122109866718595,3.4420766830444336,10680200
2002-01-30,3.4492492103082975,3.5137882870098283,3.2269483640405,3.477933168411255,4118200
2002-01-31,3.6213532241672146,3.872338023222228,3.5568141488325913,3.7002339363098145,2440100
2002-02-01,3.4779337424058547,3.8436547814864164,3.4779337424058547,3.6572086811065674,1485200
2002-02-04,3.657207690162512,3.657207690162512,3.35602582004212,3.420564889907837,1674700
2002-02-05,3.2986574354650213,3.2986574354650213,2.6676100018931175,3.0835278034210205,3991600
2002-02-06,3.1050411244028973,3.15523821806423,2.803859417284213,2.83254337310791,2634900
2002-02-07,2.868398212227389,3.0118179860628733,2.739320244805597,2.9831340312957764,2994800
2002-02-08,2.99030516731068,3.0118179622460275,2.7751751663189452,2.8683981895446777,1689700
2002-02-11,2.9042534398490534,3.384709871893515,2.8970822799079277,3.2412900924682617,1476300
2002-02-12,3.4062227317685463,3.7576013336515093,3.2986577350089683,3.5926687717437744,3082900
2002-02-13,3.5854977804851016,3.77194382920139,3.549642665904365,3.6930627822875977,1829600
2002-02-14,3.6930622534486455,3.721746204229866,2.95444966598305,3.2986574172973633,3235500
2002-02-15,2.8683985623521373,3.212606403511984,2.8683985623521373,3.1624093055725098,1984000
2002-02-19,3.155237804862828,3.2269476850311394,2.86122695423307,2.940107822418213,1048000
2002-02-20,2.940107581011402,3.0476725634017474,2.7966878324507105,3.011817455291748,1565100
2002-02-21,3.0118179622460275,3.033331099121085,2.8182012690992053,2.8683981895446777,1116100
2002-02-22,2.875569674914721,2.940108408971883,2.6962945967887593,2.760833501815796,934000
2002-02-25,2.8325434771193057,2.9401083154079664,2.5098486203135852,2.653268575668335,3121200
2002-02-26,2.8325434696482574,3.105041230230667,2.796688523646607,3.0620152950286865,2884100
2002-02-27,2.8683984544542103,3.4779330576377814,2.8683984544542103,3.2269482612609863,3461400
2002-02-28,3.298657487273935,3.621352453317704,3.298657487273935,3.47076153755188,1829500
2002-03-01,3.5137877926095715,4.116151169957138,3.5137877926095715,3.951218605041504,3187400
2002-03-04,4.295426145703806,4.374307192044895,4.008586598899324,4.2237162590026855,2632100
2002-03-05,4.223715716413008,4.374306630109911,4.051612010439216,4.338451862335205,2668000
2002-03-06,4.3169395691471175,5.019697189331055,4.259571655979406,5.019697189331055,4546500
2002-03-07,5.378246760496504,5.414101875675702,4.747199058532715,4.747199058532715,3266000
2002-03-08,4.768710946776017,4.991011713607969,4.7615397888429065,4.933643817901611,2861500
2002-03-11,4.933644730858538,4.955157524759488,4.668317993148859,4.890618801116943,1265100
2002-03-12,4.625292872879084,4.668319155271252,4.195033126415412,4.2882561683654785,3195500
2002-03-13,4.288254501015207,4.288254501015207,3.9010208455673165,4.2165446281433105,2044200
2002-03-14,4.2165446281433105,4.288254501015207,4.015756642162352,4.2165446281433105,1770300
2002-03-15,4.216545130309334,4.2308871065917595,3.9153632864387125,4.065954208374023,2119400
2002-03-18,4.065954188823605,4.438845912313371,4.065954188823605,4.209373950958252,1217300
2002-03-19,4.230889137662648,4.230889137662648,3.9512202949283277,3.994246244430542,2465500
2002-03-20,3.951217802294597,3.9727305925043916,3.6572068199304426,3.9225335121154785,3024000
2002-03-21,3.922536039827195,4.116152986181739,3.9010232357543875,3.915365219116211,2290900
2002-03-22,3.9440472126007085,4.022928252595834,3.8006274507365565,3.944047212600708,1485900
2002-03-25,3.908193140123076,3.979903382058364,3.8293124210979,3.8364832401275635,1242300
2002-03-26,3.843654418668512,4.015758179444526,3.800628478474509,4.00858736038208,805300
2002-03-27,3.9942453620574665,3.9942453620574665,3.7432601991635095,3.8364832401275635,2505500
2002-03-28,3.8579953554822173,4.015757093532784,3.8508241964191674,3.944047212600708,986500
2002-04-01,3.879510212038433,3.9081941796663062,3.6930644224572577,3.80780029296875,969700
2002-04-02,3.7647713203892406,3.951217302291902,3.7074034311698343,3.779113292694092,890500
2002-04-03,3.764772624140619,3.7719437837462335,3.262803077697754,3.262803077697754,1759300
2002-04-04,3.269973528257468,3.334512589703628,3.1910924911499023,3.1910924911499023,1891500
2002-04-05,3.2269482176061457,3.4420782355557837,3.0118181996565077,3.0620152950286865,1998800
2002-04-08,3.0620147845164647,3.0620147845164647,2.839713985399307,2.9472789764404297,2449700
2002-04-09,3.0476727864077575,3.1408958007633996,2.9759629068802163,3.097869873046875,2426500
2002-04-10,3.0978695984817843,3.1552374970192836,2.9114235862952644,2.9687914848327637,1029700
2002-04-11,2.9401086409232104,2.9544506209495762,2.8253728007122834,2.8612277507781982,1410400
2002-04-12,2.868398324022877,3.33451312006454,2.7966884343102505,3.2412900924682617,2793800
2002-04-15,3.2628041489860022,3.3560268608891675,3.0907000232804993,3.1480679512023926,955800
2002-04-16,3.5066170407352955,3.7576018389664565,3.370368072109295,3.585498094558716,2999900
2002-04-17,3.6572085154161313,4.051613499465039,3.6572085154161313,3.908193349838257,2386300
2002-04-18,3.872338568886407,3.994245576390244,3.693063638307775,3.908193349838257,1191900
2002-04-19,3.9081919209498954,4.05161201814033,3.7862852999565786,3.8436532020568848,1375100
2002-04-22,3.635694888773246,3.6428657065576413,3.370367791956314,3.4277360439300537,2076700
2002-04-23,3.4277356331185604,3.6930623561965716,3.4133936573289296,3.6643784046173096,807200
2002-04-24,3.6643791483821357,3.7934569566879417,3.5496429768372306,3.585498094558716,898300
2002-04-25,3.585496402363125,3.585496402363125,3.3775376383812308,3.4420766830444336,1596200
2002-04-26,3.470762349855392,3.585498182267222,3.3560261755038088,3.477933168411255,604200
2002-04-29,3.4779331654412835,3.5711562001661643,3.3273422145594767,3.3560261726379395,521600
2002-04-30,3.370367404353486,3.700233191053236,3.370367404353486,3.5783262252807617,1359400
2002-05-01,3.6213539242448385,4.0516137117937765,3.578327637744114,3.8723387718200684,1546600
2002-05-02,3.836481082140627,3.836481082140627,3.3847084533773737,3.4420766830444336,3531200
2002-05-03,3.4492485472275662,3.6213526046999207,3.4349065709331774,3.4564197063446045,1330000
2002-05-06,3.4492474132138473,3.5711543426064916,3.442076598394055,3.4994444847106934,483300
2002-05-07,3.499446399025911,3.5424723373000293,3.1552385508932024,3.370368242263794,691300
2002-05-08,3.477933168411255,3.5711562032157436,3.4277364127009555,3.477933168411255,703000
2002-05-09,3.4779330815364777,3.5137881992394315,3.090699314879453,3.155238389968872,1234800
2002-05-10,3.1624085156421455,3.1624085156421455,2.7680038460300893,2.932936906814575,3070400
2002-05-13,2.932937005371222,3.0476728136405202,2.86122695423307,2.940107822418213,1084100
2002-05-14,3.0835275747811814,3.1910922118575606,2.90425272373436,2.9257655143737793,1417900
2002-05-15,2.95445069797654,2.95445069797654,2.832543864574136,2.8540568351745605,1619400
2002-05-16,2.796687968588895,2.8253719196973206,2.6676100176311426,2.753661870956421,2480300
2002-05-17,2.7751749653982754,2.8827399581065145,2.753662001050596,2.8182010650634766,1196400
2002-05-20,2.8325432463693403,2.8970821440849477,2.825372257734273,2.8683981895446777,979100
2002-05-21,2.8683976225662513,2.9544494691777246,2.760832643332088,2.775174617767334,879400
2002-05-22,2.7321494361246925,2.7608333927816657,2.653268555318017,2.724978446960449,1297500
2002-05-23,2.76083379160283,2.9401087175762575,2.76083379160283,2.8540568351745605,1981700
2002-05-24,2.925765798711565,2.9401077745115365,2.803859004411808,2.9042530059814453,1125200
2002-05-28,2.904253937545443,2.9401087175762575,2.796688913573429,2.8540568351745605,2045600
2002-05-29,2.7966887657104413,2.818201735173459,2.61741384921541,2.631755828857422,1257800
2002-05-30,2.617413702389721,2.7895176194094544,2.5815585843261264,2.6460976600646973,1873800
2002-05-31,2.7608333927816657,2.7966885095727494,2.653268555318017,2.724978446960449,1368700
2002-06-03,2.7249785545785534,2.775175480710693,2.660439649551517,2.760833501815796,2013800
2002-06-04,2.7608336746381497,2.803859784986059,2.6891237756747763,2.7966887950897217,1864900
2002-06-05,2.7966885095727494,2.7966885095727494,2.6747815228107465,2.724978446960449,1817900
2002-06-06,2.724978446960449,2.789517520408506,2.3592576576443083,2.724978446960449,2578600
2002-06-07,2.5457039658259104,2.724978895404776,2.5026780237597577,2.681952953338623,1556900
2002-06-10,2.6819525898141583,2.717807536676004,2.5385326313969023,2.624584674835205,1113000
2002-06-11,2.6604396389021856,2.724978543670883,2.617413702389721,2.6460976600646973,919400
2002-06-12,2.5815581342502774,2.617413246062794,2.509848252564931,2.567216157913208,1174500
2002-06-13,2.524190593836775,2.567216529068456,2.4022836063771438,2.438138723373413,975000
2002-06-14,2.0795896750942098,2.2875486084096446,1.9361696680239315,2.258864641189575,2576100
2002-06-17,2.2947189815752664,2.581558747415997,2.194324952400586,2.5313618183135986,1049500
2002-06-18,2.581557432569661,2.638925493294847,2.473992639278307,2.5170185565948486,1156500
2002-06-19,2.488335647810374,2.5098486154262147,2.4237967449628526,2.438138723373413,776800
2002-06-20,2.3664286056881134,2.6102425749754663,2.3377446495295695,2.5600454807281494,1827600
2002-06-21,2.617413602824854,2.6891234942844933,2.4381387032058877,2.5098485946655273,1529100
2002-06-24,2.3305729886411886,2.545702768783335,2.158469130333508,2.2373499870300293,2152500
2002-06-25,2.402283952544322,2.4381390747072853,2.165641103700165,2.3520870208740234,2257400
2002-06-26,2.2875474826288458,2.2875474826288458,2.007878597927984,2.0795886516571045,2119600
2002-06-27,2.1512987954275946,2.617413602824854,2.0795889039679554,2.5098485946655273,1648000
2002-06-28,2.509849209580225,2.588730109511701,2.2445223752044434,2.473994255065918,4009400
2002-07-01,2.545703922223104,2.545703922223104,2.151299118098943,2.208667039871216,964500
2002-07-02,2.101101689735232,2.1297856438389453,1.821432795284322,1.8716297149658203,2646600
2002-07-03,1.8286037838102502,1.9505107597208844,1.8070908182324652,1.8716297149658203,1097600
2002-07-05,1.943340626196282,1.9863665762817524,1.9218276511535468,1.9576826095581055,333200
2002-07-08,1.9720234602196478,2.0724174570575546,1.9720234602196478,2.0222203731536865,797600
2002-07-09,2.043733401559858,2.05090438935246,1.8644585357749637,1.8788005113601685,716300
2002-07-10,1.9648529691065586,2.0007079159758647,1.8070910319117404,1.8501169681549072,533400
2002-07-11,1.6708420081176178,1.7497230596165705,1.4772251303945405,1.5704481601715088,2741600
2002-07-12,1.5776193589148988,1.7210393317198696,1.5704483688231448,1.5847903490066528,1907700
2002-07-15,1.6493290884505991,1.6493290884505991,1.4485412157754705,1.577619194984436,887500
2002-07-16,1.5776189192342518,2.007878546766392,1.5776189192342518,1.972023606300354,1451500
2002-07-17,2.043733835220337,2.294718803157663,1.835774974138182,2.043733835220337,1286600
2002-07-18,2.0795888569081677,2.108272812842924,1.7784069776535034,1.7784069776535034,1168900
2002-07-19,1.8286039940309704,1.8716299301329058,1.6851840360546475,1.792749047279358,1565800
2002-07-22,1.8286035207421942,2.029391341552138,1.8214325332479042,1.92899751663208,1363700
2002-07-23,1.9003140025056011,1.9361689482006401,1.5202510652285872,1.5704481601715088,1467700
2002-07-24,1.5776189752669816,1.864458680152893,1.5704479869190802,1.864458680152893,3532100
2002-07-25,1.8644585104776692,1.8644585104776692,1.6134737701721558,1.6493287086486816,2050800
2002-07-26,1.6278166118799289,1.678013552461666,1.5704486797865151,1.6565005779266357,776700
2002-07-29,1.6493290021191815,1.792748952514298,1.5847901013778176,1.6206450462341309,852800
2002-07-30,1.6134738454287656,1.6349868095181015,1.5202508300718023,1.6063028573989868,946500
2002-07-31,1.627815821488323,1.670841749666995,1.5776189052798721,1.6063028573989868,424900
2002-08-01,1.606302878259758,1.6493288069972,1.5847899138910368,1.627815842628479,299000
2002-08-02,1.6134741417175176,1.6565000777972154,1.5632772162912034,1.577619194984436,971400
2002-08-05,1.5776189052798721,1.6134738454287656,1.5489349531607577,1.6063028573989868,578100
2002-08-06,1.6206448334585442,1.7210388368452862,1.584789893309651,1.6063028573989868,786600
2002-08-07,1.5417645208190964,1.5417645208190964,1.1115045710470708,1.1473596096038818,5041000
2002-08-08,1.2907790795755623,1.3266341062490028,0.9967683053749473,1.0756492614746094,5271700
2002-08-09,1.1330172528611608,1.1330172528611608,0.9322293257506924,1.0756492614746094,1998700
2002-08-12,1.0756494283676146,1.1473594073557762,0.7888095978999047,0.896374523639679,1641200
2002-08-13,0.9178874540797406,1.0899913624053086,0.8605195416278396,1.0254523754119873,3509600
2002-08-14,1.0039391990148376,1.147359121224778,0.9394002254718731,1.0111101865768433,2387800
2002-08-15,1.0613078211999945,1.111504764224743,1.0039398008296012,1.0469658374786377,1467300
2002-08-16,1.0756493513552783,1.1473593252092829,1.0613073736814633,1.1401883363723755,1453600
2002-08-19,1.2549243005316422,1.4270282114433477,1.1832143234042758,1.3624892234802246,2644000
2002-08-20,1.3481477835402715,1.3768317516523088,1.269266785747201,1.333805799484253,1852100
2002-08-21,1.3338051789439274,1.5059089930314367,1.2907791613083537,1.4915670156478882,1417300
2002-08-22,1.4915671518551683,1.6134741417175176,1.4557122051220868,1.577619194984436,1215800
2002-08-23,1.6134743711023507,1.649329322932868,1.5202513253731091,1.556106448173523,859900
2002-08-26,1.5632769885579245,1.685183789691402,1.5130798994742924,1.6708418130874634,598600
2002-08-27,1.7568939204528904,1.7568939204528904,1.6206449657918827,1.6636708974838257,676400
2002-08-28,1.5417638932191042,1.6493287086486816,1.4628828576009147,1.6493287086486816,750300
2002-08-29,1.6493289841669867,1.6995259064194548,1.5489351396620508,1.6923549175262451,828300
2002-08-30,1.6995254950140488,1.7712355375571038,1.6493285849127843,1.7640645503997803,1125400
2002-09-03,1.6995254950140488,1.7640645503997803,1.5776187133395494,1.7640645503997803,732600
2002-09-04,1.7640656215717103,1.7855785961067403,1.6063036373448987,1.6565005779266357,1516300
2002-09-05,1.6134737701721558,1.6851836471252075,1.57761883169563,1.6493287086486816,976800
2002-09-06,1.7066967811809557,1.7066967811809557,1.5919608070862403,1.6493287086486816,794500
2002-09-09,1.6349867021739757,1.7282097114104351,1.613473739497061,1.7066967487335205,460000
2002-09-10,1.6851840758385854,1.7210391944065404,1.5776192330443495,1.6780130863189697,875000
2002-09-11,1.7210391944065404,1.7568941420046191,1.6349871492012753,1.6780130863189697,304800
2002-09-12,1.6780128747144734,1.7425519432222427,1.649328920253178,1.6636708974838257,388100
2002-09-13,1.6565000664145375,1.7138681517631338,1.6134741306304932,1.6134741306304932,619800
2002-09-16,1.591961162738471,1.642158087819856,1.591961162738471,1.6134741306304932,320200
2002-09-17,1.7210386924265644,1.7210386924265644,1.4772247779337355,1.505908727645874,649100
2002-09-18,1.5059093097888356,1.5059093097888356,1.3624894203010613,1.4270284175872803,1162900
2002-09-19,1.3983443975448608,1.3983443975448608,1.348147382785557,1.3983443975448608,389800
2002-09-20,1.4341993470265475,1.4700542965082342,1.3624893625782315,1.3983443975448608,875600
2002-09-23,1.3768308165539032,1.419856824985071,1.254923949387929,1.3051209449768066,764500
2002-09-24,1.1832145587084477,1.2549245500966766,1.1473596057568087,1.2047275304794312,514800
2002-09-25,1.1975563085859318,1.2190693616867065,1.1473593841489707,1.2190693616867065,329700
2002-09-26,1.190385080359771,1.3983439820110262,1.190385080359771,1.2907789945602417,551000
2002-09-27,1.2549240557332584,1.3911729942456295,1.2549240557332584,1.2907789945602417,560900
2002-09-30,1.2836081985954546,1.2836081985954546,1.1115042955398156,1.1401883363723755,592100
2002-10-01,1.1688718307737282,1.190384788800785,1.0828199131806056,1.1617008447647095,830100
2002-10-02,1.1115042796293617,1.1115042796293617,0.9895973856620222,1.01828134059906,1068000
2002-10-03,0.9752551302507231,1.0039390770129812,0.9035451778601735,0.9178871512413025,1054500
2002-10-04,0.9178876845611801,0.9178876845611801,0.7386127421632174,0.7672967910766602,3431400
2002-10-07,0.7672966099384321,0.7816385882669186,0.6812446117401123,0.6812446117401123,1579100
2002-10-08,0.7027575311743325,0.709928519412036,0.4661146628753462,0.5378246307373047,10558900
2002-10-09,0.5880216318613128,0.6597316046888363,0.4589437064172494,0.50914067029953,4023600
2002-10-10,0.509140892275479,0.5593378780427107,0.4804569248327655,0.5234829187393188,4629200
2002-10-11,0.5378246307373047,0.573679614668284,0.5234826542618976,0.5378246307373047,1771200
2002-10-14,0.516311735689777,0.6095346808433533,0.5019697145367494,0.6095346808433533,521300
2002-10-15,0.7529546282937697,0.7888096635127235,0.6382187036599923,0.6740736961364746,1522800
2002-10-16,0.6812447495024717,0.6812447495024717,0.5736798048019409,0.5736798048019409,869600
2002-10-17,0.6310474576453795,0.6382184446823229,0.5449955277171501,0.5665085315704346,931100
2002-10-18,0.5736796636948365,0.5736796636948365,0.4517727250083483,0.5449956655502319,3212600
2002-10-21,0.5521666072127118,0.573679614668284,0.5378246307373047,0.5378246307373047,2022200
2002-10-22,0.49479890855412223,0.5521668861820324,0.43025993906553367,0.5234829187393188,2493900
2002-10-23,0.5378249150105068,0.6812448837981451,0.5378249150105068,0.6669028997421265,4259800
2002-10-24,0.7529543918863728,1.0111102053721077,0.7314414288004574,0.8246643543243408,4881900
2002-10-25,0.8605191707611084,0.9394000163863888,0.8461771133443434,0.8605191707611084,1290900
2002-10-28,0.9680840457350229,1.0397939908792646,0.8605191707611084,0.8605191707611084,1952500
2002-10-29,0.853348408693114,0.932229275014822,0.8174933839710558,0.86769038438797,1005600
2002-10-30,0.8676905690865644,0.9609135164316959,0.8676905690865644,0.9250584840774536,949200
2002-10-31,0.9322292379098676,1.0397942223097802,0.9322292379098676,1.0111101865768433,1509900
2002-11-01,1.0111102140264927,1.1330171768599502,0.9824262629997579,1.082820177078247,1522300
2002-11-04,1.3266342742773367,1.3624892200071566,1.1545303638043345,1.2549242973327637,2936000
2002-11-05,1.2190689296283381,1.2405818896196266,1.003939073260741,1.1115039587020874,1052100
2002-11-06,1.1832142794521905,1.2907791984051293,1.1545303238607216,1.1975562572479248,1402700
2002-11-07,1.1832142794521905,1.21189832052859,1.0613073827035169,1.1975562572479248,983300
2002-11-08,1.1832140911567364,1.2047270544267874,0.9465713242163393,1.082820177078247,1798000
2002-11-11,1.0756492614746094,1.147359229336568,1.0397943202860915,1.0756492614746094,627000
2002-11-12,1.1115045936430121,1.1473596329287257,0.9537427114347129,0.9680846929550171,1367800
2002-11-13,0.9680844092028149,0.9967683638359588,0.8963744371350271,0.9107164144515991,1069600
2002-11-14,0.9537421666144011,1.1115039587020874,0.9035451744831572,1.1115039587020874,1899800
2002-11-15,1.0397943202860915,1.1617012058119751,0.9752553406618366,1.0756492614746094,1566700
2002-11-18,1.0828200223049285,1.4700536477561226,1.0828200223049285,1.4485406875610352,2723300
2002-11-19,1.4843958206868302,1.7712356704387022,1.4485408822103043,1.6493287086486816,5737500
2002-11-20,1.6278159544072064,1.7066970001456234,1.548935079638644,1.6636708974838257,4236900
2002-11-21,1.7282098841969689,2.0795886516571045,1.6851837835715577,2.0795886516571045,2923800
2002-11-22,2.258863900416619,2.689123609557939,2.2230087821799467,2.545703649520874,9843300
2002-11-25,2.7249783006095054,2.7895173705913496,2.545703410161908,2.7393202781677246,3332200
2002-11-26,2.7249784678607756,2.7321494570800198,2.5815585125060254,2.653268575668335,2156900
2002-11-27,2.7966881007157975,2.9257658868018734,2.760832989166489,2.8182010650634766,2438000
2002-11-29,2.83254382001001,2.940108671319824,2.789517879486084,2.789517879486084,943300
2002-12-02,2.940107822418213,3.0763567657078448,2.8110300381152524,2.940107822418213,2070900
2002-12-03,2.760833244505053,2.839714292045117,2.5098484662663605,2.7393202781677246,1742900
2002-12-04,2.538532551249383,2.574387496979203,2.330573695046561,2.5098485946655273,1873300
2002-12-05,2.524191327096576,2.524191327096576,2.201496377178622,2.2516934871673584,1701100
2002-12-06,2.0437338473243205,2.5026776790618896,2.0437338473243205,2.5026776790618896,1654100
2002-12-09,2.430967613909369,2.430967613909369,2.086759807143974,2.1799826622009277,1513200
2002-12-10,2.1584698110145295,2.4022836159338588,2.1584698110145295,2.33774471282959,997600
2002-12-11,2.344915221892559,2.5815579891204834,2.344915221892559,2.5815579891204834,1142300
2002-12-12,2.6174139464204917,2.839714810097331,2.5457038745773923,2.789517879486084,1679800
2002-12-13,2.796688428328289,2.854056339975683,2.567216439798985,2.83254337310791,1337600
2002-12-16,2.83254344664637,2.846885424930565,2.6245845905556764,2.8253724575042725,1241600
2002-12-17,2.811030280464138,3.033331099121085,2.681952314063068,2.8683981895446777,1269200
2002-12-18,2.8612279272859222,2.8612279272859222,2.7249789376604263,2.7464919090270996,596200
2002-12-19,2.67478188865216,2.84688582310326,2.653268918217009,2.6891238689422607,643200
2002-12-20,2.825372754675071,2.825372754675071,2.724978725156463,2.7966887950897217,915000
2002-12-23,2.7249784678607756,2.8038595202423293,2.617413629572115,2.653268575668335,795500
2002-12-24,2.545702904541526,2.6317549237692877,2.5170189551222135,2.6030709743499756,446000
2002-12-26,2.603071313914165,2.6819521851070878,2.4022832998470305,2.4453094005584717,1073400
2002-12-27,2.4739934679163693,2.509848411022723,2.294718581414746,2.380770444869995,938600
2002-12-30,2.3879420971945993,2.509849108608825,2.2301801327085133,2.2947192192077637,927100
2002-12-31,2.266035022088182,2.6389268373600507,2.266035022088182,2.5313618183135986,1174600
2003-01-02,2.6030717339719285,2.760833501815796,2.545703647422466,2.760833501815796,716000
2003-01-03,2.724978543670883,2.7536625013458598,2.624584691808465,2.6460976600646973,554300
2003-01-06,2.689123847293701,2.8540567902719727,2.6532688968570963,2.789517879486084,1629000
2003-01-07,2.868398514497398,2.882740493392295,2.73932053347345,2.760833501815796,1157300
2003-01-08,2.724978115499975,2.760833056959873,2.6317552677042393,2.7106361389160156,696800
2003-01-09,2.7608336746381497,2.8612277041567578,2.7608336746381497,2.7966887950897217,659100
2003-01-10,2.7823457703121792,3.0763564166082804,2.724977701717718,2.9257655143737793,1677500
2003-01-13,3.0118175450447917,3.1337245059240693,2.8683977922101493,3.0333306789398193,1143200
2003-01-14,3.1050402212470756,3.463589906692505,3.0835274316065404,3.463589906692505,2809200
2003-01-15,3.5711561158580705,3.6141820519600056,3.3560260934086497,3.585498094558716,3722000
2003-01-16,3.5496429884888574,3.757601851300704,3.477933094750246,3.7002339363098145,2576700
2003-01-17,3.571155886183736,3.571155886183736,3.1910929621502864,3.1982641220092773,1914900
2003-01-21,3.2269482612609863,3.3703680472078004,3.0261602189957055,3.2269482612609863,3727700
2003-01-22,3.2269492577131507,3.3847110709700385,3.0907002480213692,3.3130011558532715,1571300
2003-01-23,3.3345133778964673,3.5711562032157436,3.3345133778964673,3.477933168411255,2342500
2003-01-24,3.477932711653304,3.5066166659891893,3.334512939973878,3.3990516662597656,1406600
2003-01-27,3.3560256094127685,3.3631967686987605,3.1910927071716033,3.2771449089050293,2665500
2003-01-28,3.5496420860290527,3.607010328374405,3.370367226291431,3.5496420860290527,3665400
2003-01-29,3.5353005917098663,3.7576014069834973,3.4062227982431565,3.7432594299316406,2379200
2003-01-30,3.800628008697978,3.90819267491757,3.671549862130892,3.764772891998291,3112400
2003-01-31,3.7289175217058284,3.7289175217058284,3.485103907324105,3.6428656578063965,1907600
2003-02-03,3.6572074603108526,3.721746526120357,3.4851037407384338,3.5424716472625732,1551800
2003-02-04,3.48510473862861,3.5137887001037598,3.327342608575494,3.5137887001037598,2161500
2003-02-05,3.5209587267654836,3.578326636799507,3.3345130191549077,3.4277360439300537,658300
2003-02-06,3.427736049643902,3.513787914838381,3.3345130247133583,3.420564889907837,727500
2003-02-07,3.4994453481746994,3.549642090117671,3.370367230173553,3.413393497467041,896300
2003-02-10,3.4205648179367163,3.442077954752542,3.2269479543531174,3.3273417949676514,1186500
2003-02-11,3.341685121899978,3.348856284381579,3.2484624032181046,3.3130011558532715,1930400
2003-02-12,3.2412897557024056,3.334512773612931,3.191092667149117,3.234118938446045,1956500
2003-02-13,3.1910933469911,3.3130003437779543,3.1265546101755253,3.3058295249938965,1048100
2003-02-14,3.234119974091673,3.449249689767742,3.226948812599237,3.3631978034973145,1615500
2003-02-18,3.3990503417170013,3.5496412142679645,3.3703663985586823,3.4994444847106934,1073700
2003-02-19,3.4062229727019804,3.4851040214971487,3.356025879479651,3.3847098350524902,811100
2003-02-20,3.4062229066974368,3.492274771748472,3.370367791956314,3.4277360439300537,554000
2003-02-21,3.427735834214294,3.5424716472625732,3.3847095623814942,3.5424716472625732,865900
2003-02-24,3.585497208349224,3.6213523172085798,3.298657363293354,3.33451247215271,2204700
2003-02-25,3.3345127519525253,3.406222633748772,3.2412897346475598,3.3775386810302734,1693700
2003-02-26,3.3847102216885,3.3990522011132063,3.327342303989676,3.370368242263794,724500
2003-02-27,3.3488536945174925,3.477931441904315,3.3488536945174925,3.4420766830444336,1127400
2003-02-28,3.4205657276775994,3.4922756329029556,3.3345138414071718,3.3631978034973145,2276900
2003-03-03,3.4062220117315762,3.5496417491338974,3.370366906411183,3.463589906692505,1198700
2003-03-04,3.4707615852288165,3.5854973923637603,3.4062225227455722,3.5066163539886475,1906600
2003-03-05,3.477932747695963,3.6572076351229685,3.477932747695963,3.6428656578063965,1936500
2003-03-06,3.5998393425941324,3.7145751489111807,3.5783262079398486,3.6643784046173096,2031400
2003-03-07,3.642865287616701,3.66437842237524,3.5496422735624944,3.5783262252807617,1800500
2003-03-10,3.5281299138189945,3.571155846677797,3.506616776419734,3.5353007316589355,641300
2003-03-11,3.5854971947524406,3.5854971947524406,3.5066161607247825,3.5496420860290527,571500
2003-03-12,3.513788378142161,3.535301176307451,3.4133945221780313,3.4922752380371094,1474900
2003-03-13,3.5496430925488514,3.6572081072799767,3.513788315598313,3.6500372886657715,2322000
2003-03-14,3.678720678481391,3.693062655433104,3.599839634277115,3.628523588180542,1718900
2003-03-17,3.607011042752203,3.9368765354156494,3.585497904869506,3.9368765354156494,2294900
2003-03-18,3.972731978851245,4.116151770097235,3.9440480206020467,4.080296993255615,2119900
2003-03-19,4.080296993255615,4.080296993255615,3.9440480206020467,4.080296993255615,1000600
2003-03-20,4.015757452522164,4.080296522100357,3.9440475651795697,4.07312536239624,584200
2003-03-21,4.073125497080997,4.259571552276611,4.008586767308437,4.259571552276611,1536300
2003-03-24,4.159178175086536,4.166348993895635,4.015758037567139,4.015758037567139,1775500
2003-03-25,3.8723367249312775,4.0444404122021815,3.836481619113357,4.0300984382629395,1729300
2003-03-26,3.9655601649898706,4.087466785983187,3.843653202056885,3.8436532020568848,839400
2003-03-27,3.8006269030674935,3.9440466442649087,3.764771796798322,3.9225335121154785,664500
2003-03-28,3.88668034109431,3.908193140123076,3.822141260128461,3.8364832401275635,522700
2003-03-31,3.786286248084691,4.015757913948169,3.764773108440113,3.9583899974823,1290600
2003-04-01,3.958389422588412,3.9799025591085453,3.879508377934197,3.951218605041504,807300
2003-04-02,4.015759350475437,4.144837550637568,3.987075381981603,4.116153240203857,1085800
2003-04-03,4.18786062656994,4.4316741912822755,4.159176677780253,4.3241095542907715,2847900
2003-04-04,4.338453608134646,4.417334334144508,4.230888577646882,4.295427322387695,1330900
2003-04-07,4.410163081250871,4.510556940272093,4.338453181949997,4.388649940490723,2021100
2003-04-08,4.431675244618739,4.474701178029827,4.302597444385475,4.410162448883057,1063800
2003-04-09,4.388650118856295,4.4962151431491995,4.374308138413227,4.417334079742432,1386700
2003-04-10,4.44601583480835,4.517726043385594,4.410161072459344,4.44601583480835,968500
2003-04-11,4.474701611768215,4.646805704034554,4.474701611768215,4.553582668304443,2834700
2003-04-14,4.589435490986687,4.704171267130989,4.5535803899718,4.646803379058838,951200
2003-04-15,4.632461565354078,4.876275439932586,4.632461565354078,4.775881290435791,1212300
2003-04-16,4.818908212481877,4.8404213466984345,4.302596752620831,4.338451862335205,2548100
2003-04-17,4.359965863827477,4.725686853362231,4.359965863827477,4.689831733703613,1608200
2003-04-21,4.689829924377079,4.689829924377079,4.553581000954549,4.625290870666504,697200
2003-04-22,4.625292771149789,4.661147891708067,4.546412053025211,4.6324639320373535,1306400
2003-04-23,4.625292214532615,4.761541177541912,4.618121396447773,4.740028381347656,1197300
2003-04-24,4.747199651605591,4.761541631081085,4.682660914935747,4.689831733703613,819600
2003-04-25,4.689830549590386,4.697001708487403,4.532068815192464,4.6181206703186035,926900
2003-04-28,4.6396325565555205,4.7615394984670205,4.5177259565836305,4.6611456871032715,958900
2003-04-29,4.661146021504185,4.826078894404226,4.338451433714364,4.381477355957031,2384700
2003-04-30,4.266742161962745,4.76154088973999,4.159177503613539,4.76154088973999,5164400
2003-05-01,4.976670660600132,4.976670660600132,4.761540669952467,4.890618801116943,2970000
2003-05-02,4.890619845082769,5.306537596640879,4.876277865440757,5.263511657714844,4745000
2003-05-05,5.4069315109349025,5.629232368691245,5.4069315109349025,5.593377590179443,3095700
2003-05-06,5.557521189650812,5.708112113757816,5.313707247393817,5.37107515335083,2289700
2003-05-07,5.335220709948382,5.335220709948382,5.019696865915231,5.191800594329834,1129500
2003-05-08,5.191800928834189,5.191800928834189,4.962329276163342,5.019697189331055,804700
2003-05-09,5.01969788869222,5.3782477378845215,5.01969788869222,5.3782477378845215,978200
2003-05-12,5.342390852069557,5.528836876213996,5.320878059708073,5.507323741912842,1056200
2003-05-13,5.485811343429695,5.485811343429695,5.371075188818327,5.421272277832031,1124200
2003-05-14,5.435613673038579,5.550349473438446,5.435613673038579,5.48581075668335,848300
2003-05-15,5.521666450627611,5.571863542702304,5.270681674133577,5.435614585876465,763300
2003-05-16,5.385419132190732,5.593378026371805,5.378247970765275,5.492983818054199,1150300
2003-05-19,5.665086805065029,6.023636256585875,5.650744827004195,5.9519267082214355,3587900
2003-05-20,6.066662421075403,6.410869888201651,5.994952190151045,6.009294509887695,3343000
2003-05-21,6.059492227728592,6.081005026885529,5.5575225828295745,5.772652626037598,1915300
2003-05-22,5.772651163261498,5.980609992761084,5.772651163261498,5.930413246154785,1320100
2003-05-23,6.009294582977471,6.116859246792849,5.822848527409994,6.095346450805664,650600
2003-05-27,6.09534776953377,6.496923923492432,6.0236375222227085,6.496923923492432,2605000
2003-05-28,6.5256068877419775,6.812446465363373,6.5256068877419775,6.633171558380127,2943300
2003-05-29,6.633171690222456,7.099286184091689,6.633171690222456,6.8052754402160645,3658900
2003-05-30,6.85547139526203,6.998891155857604,6.346330732238223,6.425211429595947,2571300
2003-06-02,6.561461322035029,6.704881794725224,6.489751769569429,6.633171558380127,1367000
2003-06-03,6.640344473303179,6.740738010056911,6.238768274649214,6.267452239990234,1898900
2003-06-04,6.2029125968427445,6.554291995954647,6.102519068993302,6.4180426597595215,1665300
2003-06-05,6.346332215417839,6.5542910878526195,6.095347062809182,6.504093647003174,1330600
2003-06-06,6.604488151972137,6.704882354460456,6.095347346280577,6.238767147064209,1225400
2003-06-09,6.238766112810133,6.238766112810133,5.657915503019374,5.779822826385498,2105300
2003-06-10,5.930414523361591,6.009295239856731,5.808507526309403,5.873045921325684,1329900
2003-06-11,5.80850745035845,6.310477069602873,5.57186427814804,6.28896427154541,1685100
2003-06-12,6.346330978104555,6.525605856764238,6.109688192984123,6.145542621612549,737900
2003-06-13,6.238765556951102,6.303304621824151,5.916070916465237,6.05949068069458,1056100
2003-06-16,6.059491191261259,6.095346306309556,5.851532344636463,5.91607141494751,703600
2003-06-17,5.923242155046999,6.210081687350737,5.8802158832617435,6.145542621612549,768000
2003-06-18,6.095345469071697,6.482579153869314,6.095345469071697,6.382184982299805,1348100
2003-06-19,6.382187288522237,6.468239857465366,6.238767480083007,6.317648887634277,1871600
2003-06-20,6.34633214281434,6.403700059803527,6.0738341951759445,6.181398868560791,1475400
2003-06-23,6.167055849389033,6.181397483483014,5.77982215454047,5.880215644836426,1621400
2003-06-24,5.880216299899213,6.023636076212962,5.873045140113666,5.91607141494751,1396600
2003-06-25,5.923243694093855,6.16705770184235,5.916072532953118,5.959098815917969,986500
2003-06-26,5.987782939642781,6.274622554286919,5.951927816842367,6.224425792694092,1231500
2003-06-27,6.224424516365552,6.446725001161782,6.167056605200109,6.389357089996338,1343500
2003-06-30,6.425212304472879,6.568632084596937,6.303305320397566,6.346331596374512,3564600
2003-07-01,6.310475621119489,6.489750492833796,6.2602781920015165,6.425211429595947,1247900
2003-07-02,6.489751783755529,6.869814395904541,6.461067825930689,6.869814395904541,1593200
2003-07-03,6.661854889690652,6.99172071487587,6.611658139297065,6.841129779815674,671800
2003-07-07,6.7407327971173645,7.092111955655712,6.7407327971173645,6.998888969421387,1316300
2003-07-08,6.9558665166579,7.292903545990959,6.9558665166579,7.22836446762085,1655700
2003-07-09,7.156651399716321,7.400465295460913,7.063429083229744,7.221190452575684,1824200
2003-07-10,7.170996530070316,7.2068516494965715,6.884156942419312,7.006063938140869,1682300
2003-07-11,7.006063028502523,7.0275758238133355,6.7765907042959395,6.848300933837891,1369800
2003-07-14,6.884154887476413,7.16382323098434,6.884154887476413,7.0992841720581055,704300
2003-07-15,7.170994768360334,7.206849878978006,6.991719899151326,7.156652450561523,997700
2003-07-16,7.170994768360334,7.235533830696273,6.955864788533653,7.156652450561523,644700
2003-07-17,7.027575651086029,7.027575651086029,6.640341925611871,6.798103332519531,1435100
2003-07-18,6.65468398234094,6.798103763104427,6.468238609288136,6.582974433898926,1137500
2003-07-21,6.547119933263937,6.812446723590881,6.274621982254758,6.740736484527588,842200
2003-07-22,6.740738210321712,6.776593339033149,6.59731837935566,6.7192254066467285,958500
2003-07-23,6.597315814320495,6.927181639230491,6.597315814320495,6.848300933837891,1233500
2003-07-24,6.88415604287712,7.006063022669276,6.676197198033926,6.855472087860107,1285900
2003-07-25,6.963034922546853,6.991718870043141,6.8984958697103895,6.920008659362793,906300
2003-07-28,6.920011731609831,7.077773854819999,6.905670093434119,7.063432216644287,878600
2003-07-29,6.669027960786226,6.812447777214823,6.274622952697864,6.375017166137695,10006600
2003-07-30,6.4897505771150374,6.554289641191044,6.4538954655306595,6.511263370513916,11259300
2003-07-31,6.525606155395508,6.590144540207777,6.3821856988009,6.525606155395508,2948100
2003-08-01,6.5256068877419775,6.704881794725224,6.496922929979838,6.633171558380127,2293400
2003-08-04,6.597317226022877,6.747908193181076,6.489752542572554,6.590146064758301,1332700
2003-08-05,6.561461322035029,6.719223431666546,6.561461322035029,6.633171558380127,1873100
2003-08-06,6.640341176633251,6.733564188679905,6.53277584709665,6.704880237579346,1933800
2003-08-07,6.66902494430542,6.704880053164776,6.453894975028603,6.66902494430542,1364600
2003-08-08,6.633170027252803,6.740734673061923,6.590143758601551,6.690537929534912,2376600
2003-08-11,6.654684607979352,6.7981044022264125,6.525607135096758,6.740736484527588,994300
2003-08-12,6.776592224390271,7.0275774002075195,6.676198701167039,7.0275774002075195,2446500
2003-08-13,7.013232386698336,7.443492327623351,6.991719594815883,7.350269317626953,3501700
2003-08-14,7.3144151062622,7.3144151062622,7.02757556636149,7.120798587799072,1526100
2003-08-15,7.099284547124989,7.214021037877411,7.099284547124989,7.156652450561523,421500
2003-08-18,7.228366546956246,7.687310704369874,7.221195384212349,7.680139541625977,2345600
2003-08-19,7.60125692219939,7.780531843158059,7.529546680264102,7.672966480255127,1310500
2003-08-20,7.421982001240721,7.866583723152674,7.400468518332404,7.672966480255127,1213700
2003-08-21,7.672963711210212,7.7590155601501465,7.529543962976987,7.7590155601501465,1471900
2003-08-22,7.780532260664458,7.888096945459802,7.766189937955965,7.816386699676514,912800
2003-08-25,7.7088190207259855,7.759015762949796,7.543886476916714,7.63710880279541,831000
2003-08-26,7.565399441180785,7.744674306214076,7.4291501607830535,7.6873064041137695,951900
2003-08-27,7.70881900692292,7.873751550436872,7.601254364098979,7.7876996994018555,1528900
2003-08-28,7.816386039825063,8.117567952482057,7.787702080709136,8.031516075134277,2020800
2003-08-29,8.031515832450085,8.16059398651123,7.923951159985468,8.16059398651123,604900
2003-09-02,8.160596901113006,8.246648806594509,7.938295632375976,8.232306480407715,1285200
2003-09-03,8.210787488664698,8.397233485338468,8.081710069634518,8.239471435546875,3118100
2003-09-04,8.182109706513444,8.418752617557514,8.153425738019608,8.232306480407715,1827300
2003-09-05,8.21796328373228,8.225134445469303,7.852242241699571,8.081714630126953,1558500
2003-09-08,8.031515298336954,8.117567167361914,7.945463429311995,8.067370414733887,1035500
2003-09-09,7.995660347109916,7.995660347109916,7.773359851839811,7.852240562438965,1168200
2003-09-10,7.859409917279015,7.873751550511994,7.565399255270073,7.6586222648620605,1780000
2003-09-11,7.658622558702384,7.780529523316886,7.421979788304667,7.622767448425293,1314700
2003-09-12,7.615596846198292,7.888094746789267,7.565400098469222,7.70881986618042,1193300
2003-09-15,7.7088190207259855,7.794870871915083,7.572570427313079,7.63710880279541,1424300
2003-09-16,7.701649410312044,7.7733596426575255,7.5725719495214205,7.586913585662842,794900
2003-09-17,7.558229440602134,7.701649217829231,7.4793487340970914,7.56540060043335,971500
2003-09-18,7.543890142453164,7.565402944733565,7.357444032343944,7.472179889678955,1500000
2003-09-19,7.472177976135644,7.479349136352539,7.314415870761332,7.479349136352539,1137200
2003-09-22,7.407639032963363,7.421981353650831,7.249876924798672,7.400467872619629,1499100
2003-09-23,7.443493191309049,7.816384590682764,7.443493191309049,7.809214115142822,2320600
2003-09-24,7.880926552404845,7.923952840845301,7.43632476329185,7.472179889678955,2208700
2003-09-25,7.407639182445018,7.493691056667826,6.991721448428358,7.214022636413574,1962300
2003-09-26,7.214023178826822,7.457836498850374,6.991721974127059,7.063432216644287,2380500
2003-09-29,6.991722277393686,7.135142084769433,6.812447347204104,7.0275774002075195,2033700
2003-09-30,7.027574808538067,7.27855920791626,6.855471103156564,7.27855920791626,1420200
2003-10-01,7.1709945796948915,7.2498752738749745,7.077771568093338,7.1279683113098145,1644800
2003-10-02,7.041918343863709,7.386126531466646,6.876985752632783,7.371784210205078,3782300
2003-10-03,7.450663668216758,7.565399472898395,7.278559277314961,7.515202045440674,2231200
2003-10-06,7.529543593596644,7.845067024230957,7.515201277537267,7.845067024230957,1159100
2003-10-07,7.708819934910197,7.816384590682764,7.63710970847555,7.809214115142822,898500
2003-10-08,7.880921081822474,7.93828897066776,7.708817415286613,7.909605026245117,1852400
2003-10-09,7.923945626472086,8.074536473088443,7.830722656292528,7.959800720214844,1866100
2003-10-10,7.959805871953791,8.045857742303411,7.8450693609414905,7.995660305023193,653300
2003-10-13,8.053027848377997,8.060199008213997,7.916779230891219,7.938292026519775,1076800
2003-10-14,7.938292026519775,8.024343892913443,7.938292026519775,7.938292026519775,2186600
2003-10-15,7.9598046480731774,7.988488600446008,7.8594104728285865,7.888094425201416,2814300
2003-10-16,7.873749924747018,7.988486386316771,7.852237137399831,7.909605026245117,1355600
2003-10-17,7.895267197259775,8.002831869663403,7.852240917970619,7.9167799949646,2569700
2003-10-20,7.888093675499701,7.938290416411504,7.737502768884989,7.7590155601501465,1418400
2003-10-21,7.816386628610879,8.017175041426706,7.809216151201413,7.966977596282959,2649600
2003-10-22,7.966975123256858,8.067369298501449,7.816384202329656,7.888094425201416,1844800
2003-10-23,7.816385234961246,7.816385234961246,7.5654007895109805,7.586913585662842,2379200
2003-10-24,7.579745455432726,7.6586268793191765,7.4650095849212335,7.6156005859375,996400
2003-10-27,7.615598968914731,7.830729022385007,7.615598968914731,7.816386699676514,762200
2003-10-28,7.852239766441938,8.053027444627027,7.780530223315539,8.024343490600586,1220500
2003-10-29,8.067370808147926,8.605195528691121,8.03151569000248,8.598024368286133,3952100
2003-10-30,8.2466461636224,8.605195996823372,8.210791043526395,8.368553161621094,4827700
2003-10-31,8.24664438192945,8.46894553139274,8.210789269579967,8.318354606628418,1210000
2003-11-03,8.318354562288732,8.605194091796875,8.318354562288732,8.605194091796875,1348000
2003-11-04,8.605196434183622,8.605196434183622,8.174936338922613,8.275330543518066,1680800
2003-11-05,8.34704193355239,8.34704193355239,8.110399053827422,8.296844482421875,1149800
2003-11-06,8.390064866869972,8.390064866869972,8.088882991515918,8.182106018066406,897400
2003-11-07,8.174937265320061,8.404409661273924,8.1390828232182,8.289673805236816,719100
2003-11-10,8.28966933537203,8.375721180999927,8.053025905046217,8.096052169799805,1299600
2003-11-11,8.053028260978296,8.060199421181714,7.744675894905621,7.852240562438965,1291600
2003-11-12,7.845069998940989,8.139081434728649,7.802044402206864,8.031516075134277,1888400
2003-11-13,8.210791460840959,8.533486190346931,8.074542818206728,8.275330543518066,2203600
2003-11-14,8.203617336033124,8.22513081173989,7.622767169536889,7.63710880279541,2411900
2003-11-17,7.601256017395956,7.680136727031692,7.42198111777699,7.529545783996582,1275800
2003-11-18,7.708818819238344,7.873751358736726,7.672963711210212,7.7590155601501465,1285100
2003-11-19,7.565400536622859,7.708820312640279,7.421980760605439,7.465006351470947,1718400
2003-11-20,7.400470486788586,7.665797358316345,7.3574448772866425,7.6156005859375,1572500
2003-11-21,7.565403813558656,7.6586268793191765,7.479351910675036,7.6156005859375,1695700
2003-11-24,7.615597746762026,7.952634753648369,7.615597746762026,7.852240562438965,1909300
2003-11-25,7.888096945459802,7.959807191243089,7.701650853526924,7.816386699676514,827300
2003-11-26,7.952635358535361,8.031516075134277,7.852241159689854,8.031516075134277,1220900
2003-11-28,8.031515832450085,8.16059398651123,7.966976755419511,8.16059398651123,241300
2003-12-01,8.246643836785925,8.318354056744496,8.03868501956128,8.21078872680664,1928300
2003-12-02,8.139080248967794,8.210789794370672,8.067370019685484,8.14625072479248,1347800
2003-12-03,8.13907999058576,8.203618374235695,8.017173015003532,8.024343490600586,1404200
2003-12-04,7.959804758076353,8.06736940999115,7.715990817598142,7.8235554695129395,1731700
2003-12-05,7.715993624002102,7.888097403213839,7.708822462231706,7.837900638580322,888200
2003-12-08,7.672963898021833,7.852238758647947,7.672963898021833,7.7876996994018555,1271900
2003-12-09,7.845069402235548,7.9598059138517865,7.794872648570585,7.852240562438965,1638400
2003-12-10,7.816384141568828,7.816384141568828,7.572570890234742,7.651451587677002,943000
2003-12-11,7.651452099086843,7.966975593824293,7.651452099086843,7.902437210083008,735600
2003-12-12,7.852240556263405,7.99566034082156,7.7590175253307345,7.859411716461182,798800
2003-12-15,7.880924416746769,7.888095576856802,7.508032981458134,7.536716938018799,1866200
2003-12-16,7.400466997552141,7.529545132958556,7.364612567832057,7.486518859863281,1303400
2003-12-17,7.421982735761333,7.479350661435191,7.206852672544555,7.314417362213135,1827100
2003-12-18,7.335924817849918,7.529541938824527,7.285728090432406,7.378951072692871,2571200
2003-12-19,7.350268832606114,7.450662994565079,7.135138876339347,7.3646111488342285,2990600
2003-12-22,7.3646116028531186,7.6586222648620605,7.350269285740819,7.6586222648620605,1451100
2003-12-23,7.586914600260512,7.672966480255127,7.421982001240721,7.672966480255127,1006800
2003-12-24,7.601254940032959,7.658622845069638,7.536715875896853,7.601254940032959,338400
2003-12-26,7.6227680055537,7.70881986618042,7.170995224353879,7.70881986618042,199100
2003-12-29,7.744674702624654,7.7805298142424215,7.522373557697997,7.601254940032959,1148700
2003-12-30,7.60125692219939,7.744676722190415,7.529546680264102,7.672966480255127,943900
2003-12-31,7.601254179033251,7.787699509796791,7.5438862797399615,7.7590155601501465,1305000
2004-01-02,7.780528641710671,7.9239483826888994,7.744673535496297,7.866580486297607,1413200
2004-01-05,7.923951583286752,8.10322650289107,7.852241341893206,8.05302906036377,1963200
2004-01-06,8.053031506351312,8.232306480407715,8.00283473245704,8.232306480407715,2076800
2004-01-07,8.232306178735804,8.533488178824161,7.945466504308669,8.375726699829102,3908500
2004-01-08,8.425919730283692,9.322294169675574,8.425919730283692,9.22189998626709,9087100
2004-01-09,9.200383186340332,9.408341938400966,8.956569335535633,9.200383186340332,4484500
2004-01-12,9.250582878049562,9.315121939690732,9.064137535827607,9.28643798828125,1414700
2004-01-13,9.250585128547705,9.379663283232398,9.085652538787942,9.107165336608887,2000600
2004-01-14,9.035460588868283,9.099999016661446,8.583687491036882,8.698423385620117,5400200
2004-01-15,8.641051366905929,8.899207008082469,8.590853923767492,8.712760925292969,2951200
2004-01-16,8.719930086369027,8.748614039921053,8.605194272160919,8.6410493850708,3061300
2004-01-20,8.669738452419267,8.820329468362521,8.01717761129176,8.103229522705078,8371400
2004-01-21,8.139079181327773,8.282498937199941,8.103224071389896,8.225131034851074,3060000
2004-01-22,8.225129982775204,8.33986577279709,8.103223034907137,8.139078140258789,3307500
2004-01-23,8.174939106942942,8.246649375060606,8.088887195529624,8.103229522705078,2255000
2004-01-26,7.95981015278323,8.210794738647303,7.8880998803193,8.196453094482422,2250100
2004-01-27,8.210792752326267,8.598026625417821,8.210792752326267,8.3326997756958,3685900
2004-01-28,8.332693532323566,8.382890262966503,8.031511780707604,8.03868293762207,4748200
2004-01-29,8.045855333490211,8.088880913844045,7.58691147848061,7.866580486297607,3634900
2004-01-30,7.888094430246835,8.024343033135086,7.637109333914506,7.880923271179199,2714000
2004-02-02,7.880927209028876,7.988492597152335,7.802046471508775,7.830730438232422,2259600
2004-02-03,7.837903099922453,8.203623574624942,7.81638960785537,8.196453094482422,2890200
2004-02-04,8.13907999058576,8.232302328262136,7.9598051069506495,8.024343490600586,2931100
2004-02-05,8.06736897076884,8.232301519242474,8.06736897076884,8.21078872680664,1626300
2004-02-06,8.210787859244899,8.49045686687795,8.203616701230887,8.461772918701172,1302800
2004-02-09,8.461778051109446,8.61236904134684,8.347042188810418,8.504803657531738,1680200
2004-02-10,8.504799564860273,8.504799564860273,8.375722123828231,8.397234916687012,2370900
2004-02-11,8.390065621875246,8.605195649898613,8.38289446136925,8.533485412597656,1809200
2004-02-12,8.547826203037951,8.705588286523515,8.461774344012932,8.468945503234863,1617700
2004-02-13,8.461774327042804,8.64104920395524,8.454603167835256,8.605194091796875,1022300
2004-02-17,8.533485125182233,9.02828424135865,8.461775574176023,8.813154220581055,3761900
2004-02-18,8.569340272847919,8.662563304976311,8.390065368880894,8.425920486450195,4287700
2004-02-19,8.676905618695743,8.762957490466343,8.110396949963011,8.174935340881348,6201700
2004-02-20,8.11756729232169,8.239474279620186,7.916779594839244,7.995660305023193,2011500
2004-02-23,8.03151361935069,8.174933371077085,7.586912047059203,7.6586222648620605,3584100
2004-02-24,7.658621702613953,7.859409340290334,7.457833381058301,7.845067024230957,2994600
2004-02-25,7.845067409090081,7.959803891555965,7.708818819238344,7.7590155601501465,1423600
2004-02-26,7.708819551901384,7.938291170884027,7.601254901473113,7.888094425201416,2312500
2004-02-27,7.95980339374962,8.04585523730787,7.8522380763923625,7.923948287963867,2472000
2004-03-01,7.923950446945279,8.13908045639545,7.8378985799411,8.045857429504395,1721300
2004-03-02,8.045859717936983,8.425922409607445,8.045859717936983,8.411580085754395,3851300
2004-03-03,8.397234148880848,8.569337843773402,8.282498352285813,8.433089256286621,3248600
2004-03-04,8.454604645491601,8.78447050401807,8.35421045067763,8.684076309204102,3922800
2004-03-05,8.605197031621948,8.605197031621948,7.916781241737008,8.454606056213379,1241800
2004-03-08,8.497628922761582,8.511970556425691,8.21078872680664,8.21078872680664,1399700
2004-03-09,8.246645439785857,8.260987760117198,7.9382923914567805,7.995660305023193,1721900
2004-03-10,7.995657815656112,8.131907080866121,7.823554128539612,7.923948287963867,1273500
2004-03-11,7.7088195761319795,8.038685371396058,7.665793305497808,7.737503528594971,1685600
2004-03-12,7.802040405629999,7.923947340396029,7.802040405629999,7.909605026245117,1368700
2004-03-15,7.873754622751309,7.880925784105556,7.737505976418568,7.816386699676514,1356600
2004-03-16,7.959805562500215,8.103225340840513,7.909608127171524,8.045857429504395,2568500
2004-03-17,8.045858857447966,8.318356826595995,7.888096731334986,8.275330543518066,1199400
2004-03-18,8.246649375060606,8.275333345531713,7.888099402231885,8.103229522705078,1151600
2004-03-19,8.067371194999067,8.067371194999067,7.945464197786497,8.031516075134277,837800
2004-03-22,7.959807653158543,7.974149292819708,7.766190388635619,7.837900638580322,1465500
2004-03-23,7.866581698282416,7.923949603512239,7.43632172517937,7.450664043426514,2407800
2004-03-24,7.314417398804244,7.522376301382221,7.092116856675866,7.414811611175537,4166300
2004-03-25,7.493690758821848,7.866582882845798,7.450665165360301,7.852240562438965,2581500
2004-03-26,7.852242278241487,8.067372344195972,7.7877031900671785,7.837900638580322,1776800
2004-03-29,7.888095390712913,7.96697609842344,7.830727478945358,7.873753070831299,668000
2004-03-30,7.888095516628689,8.124738327417193,7.852240400231757,8.067370414733887,2199900
2004-03-31,8.067367929555484,8.246642772434495,8.017171192390721,8.139078140258789,1229500
2004-04-01,8.10322538398474,8.318355394580333,7.9813184007765505,8.268157958984375,2292100
2004-04-02,8.318355176323083,8.411577517385068,8.268157742044206,8.382893562316895,2336200
2004-04-05,8.339870205212492,8.504802820056364,8.339870205212492,8.454606056213379,1800000
2004-04-06,8.569340410545676,8.619537849501098,8.52631481587474,8.598024368286133,3418500
2004-04-07,8.569339752197266,8.590852547879992,8.476116725732862,8.569339752197266,2277800
2004-04-08,8.605196122659349,8.84901012222209,8.533485881418702,8.777299880981445,3501900
2004-04-12,8.777300179262017,8.856181584083277,8.719932257871774,8.748616218566895,2137000
2004-04-13,8.748615317393408,8.820325553684299,8.476117376919316,8.598024368286133,2055600
2004-04-14,8.390062706319588,8.468944076715184,8.354207600128797,8.461772918701172,2224100
2004-04-15,8.676905794052178,9.17170423770266,8.648221836215622,9.071310043334961,4998500
2004-04-16,9.035457064543614,9.221902478577482,8.935062854002602,9.178876876831055,1851700
2004-04-19,9.143016540087187,9.32946253170233,9.078477490383543,9.322291374206543,2047400
2004-04-20,9.315125465393066,9.501571562062761,9.286441503126929,9.315125465393066,4792500
2004-04-21,9.322292684573053,9.580448235795446,9.229069675661805,9.544593811035156,2474500
2004-04-22,9.537424019213145,9.895973789229583,9.465713791658091,9.838605880737305,4262200
2004-04-23,9.931830232071578,9.974855827258706,9.558938093092426,9.644989967346191,2933500
2004-04-26,9.594791673262304,9.774066553516354,9.42268795234947,9.71669864654541,2898600
2004-04-27,9.322294498408633,9.680844286808965,9.214729835440313,9.429859161376953,4155300
2004-04-28,9.315123840365677,9.394005235746366,9.236243128864476,9.300782203674316,1499700
2004-04-29,9.250585430131778,9.25775659093239,9.01394259474791,9.078481674194336,1753000
2004-04-30,9.07130863719053,9.19321561006896,8.820324215995653,8.927888870239258,1434800
2004-05-03,8.963743437569669,9.45137129941485,8.963743437569669,9.386832237243652,2025800
2004-05-04,9.386832839522782,9.759724234833921,9.372490520840348,9.71669864654541,2150800
2004-05-05,9.716698938478125,9.78840848240658,9.637817551113583,9.68801498413086,1583800
2004-05-06,9.68084652931722,9.709530491678532,9.494400432028893,9.63782024383545,1375800
2004-05-07,9.637818780983375,9.7095290179421,9.394005479858622,9.422689437866211,1046900
2004-05-10,9.33663484871414,9.350976481607582,9.078478617839162,9.193214416503906,1674900
2004-05-11,9.193215602066648,9.465713500976562,9.193215602066648,9.465713500976562,2487000
2004-05-12,9.465716291741535,9.494400253563676,9.09282478805369,9.394006729125977,3394800
2004-05-13,9.2505818276584,9.587618731359226,9.2505818276584,9.501566886901855,864900
2004-05-14,9.5015662083259,9.57327641552533,9.250581167007113,9.322291374206543,1319600
2004-05-17,9.286440550255296,9.286440550255296,9.01394259474791,9.078481674194336,1334400
2004-05-18,9.078478054024316,9.315120795043583,9.035452474136774,9.250581741333008,1634900
2004-05-19,9.286438278171593,9.429858039696066,9.21472873934904,9.2577543258667,2023600
2004-05-20,9.286440257297263,9.358150495282066,9.264927459453627,9.3438081741333,740200
2004-05-21,9.46571419048874,9.46571419048874,9.300781617593987,9.358149528503418,637300
2004-05-24,9.422689211919625,9.580450635238652,9.394005254599849,9.53742504119873,1217000
2004-05-25,9.54459570682723,9.967683884396513,9.508740591065916,9.931829452514648,2307000
2004-05-26,9.931832161528755,9.982028926958634,9.78124118135948,9.881634712219238,1027200
2004-05-27,9.903145216292936,10.08242010614424,9.89597405656782,9.946170806884766,1636600
2004-05-28,9.86012018089333,9.97485601539573,9.831436222267731,9.917488098144531,759200
2004-06-01,9.924657598865666,10.053735733032227,9.888802485610578,10.053735733032227,888300
2004-06-02,10.05373239819812,10.182809805670159,9.989193352522513,10.046561241149902,818900
2004-06-03,10.046565706513164,10.046565706513164,9.72387101858728,9.824264526367188,811900
2004-06-04,9.89597195906011,10.161298657737,9.860116851913657,10.075246810913086,1244000
2004-06-07,10.111105124479808,10.541364495042659,10.053737208404762,10.505509376525879,2492500
2004-06-08,10.397941294928556,10.641755200230323,10.362086188170187,10.440967559814453,1674100
2004-06-09,10.44097240271079,10.49116916512799,10.225842346254849,10.29038143157959,1162900
2004-06-10,10.290382083914617,10.491169830191494,10.290382083914617,10.319066047668457,759900
2004-06-14,10.211496525366266,10.383600238024501,10.197154891251095,10.261693954467773,2176200
2004-06-15,10.326232418218076,10.512678450394969,10.29754846587389,10.347745895385742,915000
2004-06-16,10.276032552119148,10.405110640411234,10.25451976536352,10.376426696777344,879700
2004-06-17,10.304719789269704,10.584388841995212,10.297548630099449,10.51984977722168,919700
2004-06-18,10.527021375231378,10.778005801738644,10.448139988829013,10.6776123046875,1875600
2004-06-21,10.677614272640694,10.77800778819501,10.419457955204948,10.527023315429688,1255200
2004-06-22,10.577220381889475,10.770837625616757,10.469655702405133,10.720640182495117,3034700
2004-06-23,10.720641911277216,11.057679009959841,10.720641911277216,11.02182388305664,3205000
2004-06-24,11.09352789352362,11.473590383490546,11.014646521954383,11.0289888381958,2202500
2004-06-25,11.036164604335681,11.122216486076287,10.756495475769043,10.756495475769043,3067400
2004-06-28,10.756494087058222,10.8282043211904,10.426628241033256,10.61307430267334,3508900
2004-06-29,10.613075562480441,10.821034445493792,10.591562763238937,10.806692123413086,4198700
2004-06-30,10.792349121348016,10.978795181558077,10.792349121348016,10.899913787841797,1247200
2004-07-01,10.79234929551633,11.014649792225518,10.699126263906855,10.935769081115723,1297500
2004-07-02,10.935766404771913,10.97879267186152,10.770833862666931,10.9716215133667,921700
2004-07-06,10.971619111505108,10.971619111505108,10.68477898941998,10.813857078552246,1002400
2004-07-07,10.828203257778819,11.050503730773926,10.77083534965883,11.050503730773926,1852700
2004-07-08,11.043332707852844,11.072016662267549,10.799519437267557,10.849716186523438,675300
2004-07-09,10.84971840577565,10.89991516529901,10.770837685970433,10.806692123413086,1075600
2004-07-12,10.792350597464186,10.792350597464186,10.613075672868035,10.756495475769043,1108100
2004-07-13,10.756498804317344,10.813866743229987,10.684788538736651,10.763669967651367,469200
2004-07-14,10.763664369763218,10.813861119235877,10.648928551608899,10.684782981872559,844800
2004-07-15,10.749322050554218,10.792348324301798,10.67761250614748,10.684782981872559,520300
2004-07-16,10.734979166924633,10.734979166924633,10.498336398529123,10.713465690612793,758500
2004-07-19,10.684784338100876,10.864059247692364,10.62741642174196,10.856888771057129,1382500
2004-07-20,10.856889028416182,11.229780493588406,10.813862748187319,11.201096534729004,3023600
2004-07-21,11.201096717215083,11.366029996253348,10.734982207186077,10.749323844909668,1652200
2004-07-22,10.742150240464532,10.749321399634786,10.21866793086479,10.51984977722168,2880800
2004-07-23,10.48399442252803,10.48399442252803,9.967682600172632,10.24735164642334,1888200
2004-07-26,10.254524126607588,10.3979439057734,9.809922469253847,9.931829452514648,2280900
2004-07-27,9.98202540674617,10.641757022079577,9.98202540674617,10.62741470336914,1504500
2004-07-28,10.648930920640646,10.756495603120017,10.297551544523584,10.691956520080566,1229200
2004-07-29,10.69195193936447,10.892739579780342,10.433796401686923,10.440967559814453,2303700
2004-07-30,10.448142462839265,10.541365506374854,10.254525898480402,10.369261741638184,1095500
2004-08-02,10.089589093657475,10.290377433065496,9.98202444916551,10.254522323608398,2796200
2004-08-03,10.218664907032071,10.218664907032071,9.967679881377858,10.046561241149902,1624900
2004-08-04,10.182812040312228,10.182812040312228,9.802749523780363,10.00353717803955,1051600
2004-08-05,9.967684227712319,9.967684227712319,9.680844659501114,9.752554893493652,1147900
2004-08-06,9.609135912746952,10.01071205427541,9.394006545231989,9.817094802856445,2734500
2004-08-09,9.74537954446625,9.860115322433902,9.609130295220275,9.666498184204102,1016800
2004-08-10,9.68084487611093,10.08959144092751,9.673673715775326,9.996368408203125,1170600
2004-08-11,9.852947372355487,10.240181090975765,9.752553875896522,10.053735733032227,1509600
2004-08-12,10.060904580154892,10.333402439356803,10.032220630969391,10.3118896484375,1996700
2004-08-13,10.319064981226546,10.433800824384328,10.30472265889204,10.369261741638184,1149400
2004-08-16,10.297550093147127,10.691955013115155,10.297550093147127,10.61307430267334,1216700
2004-08-17,10.046562955782873,10.319060815209395,10.046562955782873,10.297547340393066,16421400
2004-08-18,10.326233445081272,10.505508336029763,10.326233445081272,10.433798789978027,5876300
2004-08-19,10.397942445982892,10.534191046092303,10.340574542370575,10.448139190673828,1846100
2004-08-20,10.448138988996428,10.57721711157226,10.41945503774395,10.562874794006348,1141800
2004-08-23,10.605906091351184,10.641761218386435,10.448143942723876,10.462486267089844,2687600
2004-08-24,10.527020297792378,10.548533090118733,10.31189032289081,10.326231956481934,816400
2004-08-25,10.146958979533075,10.677613198736083,10.11827502313395,10.577219009399414,3049300
2004-08-26,10.577218949202317,10.699125934174667,10.405115211787045,10.476824760437012,612000
2004-08-27,10.483998092658064,10.706299312454577,10.433801329814813,10.699128150939941,1229800
2004-08-30,10.627416234831507,10.663271352895102,10.527022724908838,10.584390640258789,618400
2004-08-31,10.555705329228763,10.720637893743874,10.390772080834244,10.6776123046875,1195300
2004-09-01,10.677614288532647,10.75649500571123,10.64175916840437,10.749323844909668,1393600
2004-09-02,10.727811515188842,10.813863396929445,10.691956393493697,10.756495475769043,1105600
2004-09-03,10.73498021268227,10.749321847741259,10.648928350690115,10.6776123046875,762300
2004-09-07,10.720637203878674,10.86405696463664,10.656098140567748,10.799518585205078,2209300
2004-09-08,10.799521585737885,10.799521585737885,10.66327226225286,10.720640182495117,869300
2004-09-09,10.734982207186077,10.75649500571123,10.663271966929521,10.749323844909668,822500
2004-09-10,10.813857078552246,10.842541022372842,10.720634090165518,10.813857078552246,2288500
2004-09-13,10.828204999576958,10.93576967363467,10.792349880264547,10.878401756286621,2492700
2004-09-14,10.878402366057507,10.885573527097861,10.742153041809019,10.806692123413086,1255900
2004-09-15,10.778008517282407,10.792350839834384,10.605904749936162,10.641759872436523,1569600
2004-09-16,10.641757392004399,10.756493210158718,10.641757392004399,10.684782981872559,901400
2004-09-17,10.6776145842532,10.734982504495457,10.620246664010944,10.720640182495117,718300
2004-09-20,10.749323844909668,10.763666166512794,10.663271966929521,10.749323844909668,871500
2004-09-21,10.770837925519706,10.792350725239666,10.627417437041114,10.691956520080566,1148500
2004-09-22,10.68478196404447,10.68478196404447,10.390771287061513,10.448139190673828,1543700
2004-09-23,10.455310068668124,10.519849129467698,10.311890313490927,10.340574264526367,1580500
2004-09-24,10.397942445982892,10.577217315741217,10.390771287061513,10.448139190673828,1713800
2004-09-27,10.433800824384328,10.440971985551581,10.311893820059293,10.369261741638184,2122500
2004-09-28,10.333406663365063,10.527023912421994,10.319065024849497,10.469655990600586,1658500
2004-09-29,10.613075967844752,10.864060458927414,10.491168961020756,10.727811813354492,2642100
2004-09-30,10.742153131661931,11.086361341802906,10.742153131661931,11.00748062133789,2798700
2004-10-01,11.007478841848817,11.294318400695657,10.89274233443063,10.928597450256348,2628500
2004-10-04,11.107874155528343,11.186755559974502,10.978796674953877,10.993138313293457,1316500
2004-10-05,10.993132882321069,11.258459557378956,10.985961724754286,11.115039825439453,1964800
2004-10-06,11.115043232930283,11.222607893890736,11.07201695821844,11.208266258239746,1253600
2004-10-07,11.115044123291314,11.201095995728675,11.05050504799342,11.10787296295166,1339600
2004-10-08,11.100701683770305,11.287147747328282,11.064847250214871,11.172411918640137,1390900
2004-10-11,11.172406706227502,11.56681076236652,11.172406706227502,11.495101928710938,3721800
2004-10-12,11.509447579051244,11.867997364912764,11.437738032206605,11.781946182250977,3935200
2004-10-13,11.832141318985677,11.975561760864741,11.559644120725896,11.617012023925781,2576000
2004-10-14,11.624187120361839,11.65287176893292,11.487939142927184,11.566819190979004,1289600
2004-10-15,11.602671038272867,11.688722219072762,11.54530312848665,11.660038948059082,4016400
2004-10-18,11.588327577268904,11.79628708460621,11.588327577268904,11.760431289672852,2287900
2004-10-19,11.832142677417732,12.032931045548919,11.617013357659134,11.660038948059082,1541600
2004-10-20,11.66004088285113,11.73175112392275,11.552476205123241,11.631356239318848,1388800
2004-10-21,11.68872106756486,11.803456875834158,11.573985259295561,11.760431289672852,598700
2004-10-22,11.78194714875399,11.87516949891134,11.695894591274206,11.76760482788086,1216200
2004-10-25,11.760434399695948,11.760434399695948,11.509449239824818,11.631356239318848,1286500
2004-10-26,11.581156398774706,11.789115905761719,11.473591749673263,11.789115905761719,1505000
2004-10-27,11.724577932903888,12.02575979904714,11.645696544607677,11.975563049316406,1898600
2004-10-28,11.832140540265607,12.183519095209128,11.68872010782561,12.047269821166992,1901700
2004-10-29,12.011416379963364,12.391479599603107,11.731748018351487,12.326940536499023,3107600
2004-11-01,12.362794413191171,12.477530216321032,12.291084194295342,12.341280937194824,2435100
2004-11-02,12.341286607241553,12.785889074455696,12.334116813040696,12.59227180480957,2774900
2004-11-03,12.76436891494682,12.785882389579317,12.534897323234478,12.542068481445312,1833800
2004-11-04,12.369963288694645,12.678316215602,12.326937712401975,12.599434852600098,1033200
2004-11-05,12.692663534682533,12.836082634790767,12.506217473558774,12.513388633728027,1771600
2004-11-08,12.405824051796825,12.635297100809746,12.391483097537794,12.477534294128418,1720200
2004-11-09,12.506215519293432,12.828909469930878,12.506215519293432,12.814568519592285,1882400
2004-11-10,12.764374094005962,12.90062341977688,12.764374094005962,12.864768981933594,1657600
2004-11-11,12.864765401022117,13.409761184646909,12.785884018412592,13.259169578552246,3335400
2004-11-12,13.244824196662107,13.287851141455938,13.029694943726685,13.08706283569336,1406400
2004-11-15,12.836085319519041,12.986676979052442,12.771546232256048,12.836085319519043,1874400
2004-11-16,12.800228093929194,12.943647192829882,12.491875048042258,12.56358528137207,3426500
2004-11-17,12.563588275067,12.957992600722577,12.441681259685579,12.70700740814209,2077700
2004-11-18,12.707003488515726,13.051212310791016,12.685491377457723,13.051212310791016,1149300
2004-11-19,12.950817026841793,13.051211890327188,12.707003079141087,12.757201194763184,1416200
2004-11-22,12.728515595649228,13.029697427834092,12.728515595649228,13.015355110168457,998900
2004-11-23,12.692666189414014,13.015360257969753,12.692666189414014,12.836085319519043,2571200
2004-11-24,12.800226183989013,13.173118247457126,12.793055024950158,13.072723388671875,1329700
2004-11-26,13.11575515357843,13.15160959416488,12.76437507058691,12.836085319519043,598100
2004-11-29,12.94364628446564,13.338051856221389,12.94364628446564,13.051212310791016,1929600
2004-11-30,13.158778456785836,13.259171967094934,12.979503549657307,13.001015663146973,1941100
2004-12-01,13.008185252045532,13.237656886606164,12.9436461838555,13.101408958435059,2969400
2004-12-02,13.122922644070059,13.4456180237435,13.108581691008235,13.266343116760254,2268100
2004-12-03,13.266346948376286,13.445621907138129,13.216150178764474,13.252004623413086,856700
2004-12-06,13.302197456359863,13.323710937437944,13.201803946846788,13.302197456359863,2685100
2004-12-07,13.323710766229448,13.373907520340962,12.864767451199643,12.907793045043945,2164300
2004-12-08,12.879103927645982,12.979498768734219,12.656803507662195,12.728513717651367,1975900
2004-12-09,12.692666704492352,12.728521146533803,12.369971255082145,12.59227180480957,2386000
2004-12-10,12.477531791703534,12.735688065219229,11.796288045577654,12.54924201965332,4960000
2004-12-13,12.563585645102558,12.757202870370815,12.563585645102558,12.620953559875488,1370300
2004-12-14,12.513385950657556,12.728515238572216,12.377136672173656,12.685489654541016,3152000
2004-12-15,12.570756264719785,13.216145620095208,12.570756264719785,13.165948867797852,3768500
2004-12-16,13.09423720758091,13.30219535410103,13.072723729902785,13.173118591308594,2620600
2004-12-17,13.158778446122104,13.29502775840189,13.122922644070059,13.266343116760254,3082900
2004-12-20,13.266341433526609,13.27351259302714,13.122920979033603,13.137263298034668,1517600
2004-12-21,13.180289635494983,13.309367778314405,13.158777523531013,13.23765754699707,1106700
2004-12-22,13.26633988808217,13.338050106974887,13.151604084957288,13.194629669189453,1982400
2004-12-23,13.230487197654854,13.230487197654854,13.0440411511854,13.051212310791016,900400
2004-12-27,12.979500985667592,13.036868889905822,12.828909382193038,12.850422859191895,1016000
2004-12-28,12.943646741799245,12.965160221376218,12.692662985529019,12.79305648803711,1237500
2004-12-29,12.793054954953666,12.857594018191515,12.728515891715817,12.850422859191895,669900
2004-12-30,12.821739306687874,13.079895581454632,12.793056036024257,13.051212310791016,1012400
2004-12-31,13.101407342059984,13.26633988808217,13.087065024729709,13.194629669189453,994600
2005-01-03,12.907790931061319,13.302195106851363,12.907790931061319,13.022526741027832,2153000
2005-01-04,13.015355412906963,13.04404004890544,12.843251700192276,12.850422859191895,1999800
2005-01-05,12.857595188102067,12.893449618603826,12.671149140423443,12.735688209533691,1671700
2005-01-06,12.728515891715817,12.900619604430505,12.728515891715817,12.850422859191895,1035100
2005-01-07,12.87193874796142,13.115752728596158,12.87193874796142,13.079896926879883,1088500
2005-01-10,13.108580869514004,13.488642773134845,13.087067389630992,13.467130661010742,2513700
2005-01-11,13.546005431364934,13.610544478224158,13.302191558287504,13.416927337646484,1480400
2005-01-12,13.4169343187336,13.4169343187336,13.230489606083296,13.295028686523438,2257100
2005-01-13,13.295024522742722,13.316536630979474,13.1731175609527,13.194629669189453,1735400
2005-01-14,13.230485628488792,13.395418176580023,13.1874586759582,13.381075859069824,2111900
2005-01-18,13.338051738234896,13.646404759754468,13.323709419150537,13.62489128112793,2114000
2005-01-19,13.589036570418255,13.61771984023553,13.438444958661456,13.531668663024902,849800
2005-01-20,13.517333319505926,13.55318776721898,13.345229508516168,13.38825511932373,1492200
2005-01-21,13.388250108219221,13.388250108219221,13.230488682467202,13.266343116760254,802200
2005-01-24,13.2304880456801,13.280684798377987,13.00101502686859,13.115752220153809,1215200
2005-01-25,13.151607869345737,13.266343705485973,12.929307357793913,12.972332954406738,2757700
2005-01-26,12.94365068240374,13.087071187729151,12.914967401994241,12.979506492614746,1777900
2005-01-27,12.993845750851479,13.21614625067155,12.986674590501286,13.06555461883545,686100
2005-01-28,13.044040120275184,13.151604770340557,12.907790834054387,13.072723388671875,1103700
2005-01-31,13.087070211057801,13.151609296861835,12.87194083688382,12.993847846984863,1547300
2005-02-01,13.108581568252903,13.16594948323996,13.072725766536628,13.079896926879883,1332000
2005-02-02,13.108580472360728,13.122921424089336,12.828910713390423,12.893449783325195,1699300
2005-02-03,12.907797611374772,12.957994383244161,12.721351481746002,12.785890579223633,1013600
2005-02-04,12.785882736657777,12.965157593519361,12.74285715398341,12.929303169250488,1484500
2005-02-07,12.95798714893809,13.08706527183041,12.714173220754526,12.76436996459961,1213600
2005-02-08,12.764370484723807,13.029697900120581,12.757200693389802,13.022526741027832,2007700
2005-02-09,12.986675878908317,13.00818799433413,12.635297193442478,12.678322792053223,1799300
2005-02-10,12.728521146533803,12.742863470454099,12.45602383084463,12.59227180480957,1364500
2005-02-11,12.62095487131919,12.785887472459644,12.59944138813426,12.678322792053223,2987300
2005-02-14,12.707002138824832,12.821737944810167,12.671147712363926,12.742857933044434,1228800
2005-02-15,12.771540822603416,12.828908723897904,12.506214792025913,12.685489654541016,2317900
2005-02-16,12.714171591116411,13.2806807539185,12.707000433235036,13.216141700744629,5795400
2005-02-17,13.266341444602986,13.402590739709217,13.108580038736019,13.122920989990234,2642600
2005-02-18,13.180289486327938,13.381077858192285,13.180289486327938,13.345223426818848,3539900
2005-02-22,13.302192867581129,13.438442131889904,13.165944971030866,13.201799392700195,1281200
2005-02-23,13.230489411718642,13.31654060586862,13.101411252734605,13.130094528198242,905100
2005-02-24,13.036869311842578,13.180288393200529,12.957987928052503,13.15877628326416,948800
2005-02-25,13.280681987987599,13.424101055666384,13.158775028193379,13.33804988861084,1231600
2005-02-28,13.345225235317164,13.373908510751194,13.072726596018995,13.144436836242676,1246100
2005-03-01,13.244834592952511,13.416938403942272,13.194637819050437,13.38825511932373,1883900
2005-03-02,13.359561996495406,13.395417789234083,13.280681987987599,13.33804988861084,1645500
2005-03-03,13.4814744921998,13.510159138169541,13.402594451301407,13.452791213989258,1810600
2005-03-04,13.488642773134845,13.502985093056854,13.381078109237604,13.467130661010742,1446300
2005-03-07,13.424103404118105,13.617720615502995,13.402591292470147,13.603378295898438,877200
2005-03-08,13.610550880432129,13.825681593743406,13.510157368208946,13.610550880432129,3570900
2005-03-09,13.553182597901536,13.553182597901536,13.244829541243964,13.302197456359863,1873400
2005-03-10,13.28785685185678,13.402592685097373,13.244829888572292,13.373908042907715,840300
2005-03-11,13.338051738234896,13.653575919296646,13.259170351029752,13.62489128112793,1345500
2005-03-14,13.624889961623943,13.624889961623943,13.517325314426019,13.553179740905762,830200
2005-03-15,13.55318776721898,13.55318776721898,13.244834592952511,13.38825511932373,2016100
2005-03-16,13.266343263059964,13.459960492999219,13.201804186413547,13.424104690551758,1560500
2005-03-17,13.43127460921865,13.467130408350972,13.323709947339456,13.345223426818848,1099500
2005-03-18,13.373906470097742,13.510155768957269,13.30936740052001,13.4743013381958,826100
2005-03-21,13.517326693276669,13.574694602151354,13.295026217357115,13.323709487915039,2273400
2005-03-22,13.338050593953135,13.388247338683144,13.180287833077434,13.187458992004395,2916400
2005-03-23,13.122923226431151,13.130094387159797,12.828912475351917,12.972332954406738,2289800
2005-03-24,13.022529144395635,13.122922654704732,12.993845870489748,13.001015663146973,1315200
2005-03-28,13.022526928619273,13.07272367523287,12.907791116999974,12.93647575378418,815000
2005-03-29,12.907793530584618,12.91496469112158,12.405823235069386,12.649637222290039,2392900
2005-03-30,12.649636037930708,13.044041623982157,12.52772905573428,12.778714179992676,1933800
2005-03-31,12.785883865911302,13.237655943289363,12.671148056807072,13.072723388671875,1906200
2005-04-01,13.237655562951023,13.280682515947928,12.957987207264612,13.015355110168457,1403300
2005-04-04,12.979500985667592,13.015355412906963,12.656805669478349,12.850422859191895,1923300
2005-04-05,12.85042513066522,13.022528873801397,12.85042513066522,12.907793045043945,1025500
2005-04-06,13.01535818778446,13.05838378319652,12.900622354846297,12.91496467590332,1853100
2005-04-07,12.900621884776735,12.993845600491518,12.886279564242312,12.907793045043945,1489900
2005-04-08,12.857594018191515,12.914961922429743,12.793054954953666,12.850422859191895,1346000
2005-04-11,12.857599023626932,12.871941347209605,12.721349685110043,12.75003433227539,607400
2005-04-12,12.656810596747267,12.793059935264155,12.491877978824288,12.75003433227539,1534400
2005-04-13,12.750030528837936,12.850424028449945,12.671149140423443,12.735688209533691,695300
2005-04-14,12.699835393352323,12.79305912296115,12.305431094186527,12.448851585388184,2782800
2005-04-15,12.448847523815655,12.448847523815655,12.047270826573474,12.298255920410156,2276500
2005-04-18,12.262399963599265,12.427332496665336,12.190689750339674,12.369964599609375,1989700
2005-04-19,12.377140775519653,12.491876616146559,12.312601694197129,12.477534294128418,1278800
2005-04-20,12.463191213759039,12.54924377287271,12.126154873395135,12.154839515686035,3082000
2005-04-21,12.190689559783717,12.283911878133015,12.140492821614208,12.197860717773438,2100600
2005-04-22,12.205034156077524,12.276744381614096,12.183520678088916,12.255230903625488,2262500
2005-04-25,12.255230903625488,12.369966717380489,12.17634951875938,12.255230903625488,4306800
2005-04-26,12.319767860655228,12.563581765082706,12.291083228247969,12.369964599609375,2644100
2005-04-27,12.33410856580893,12.563580124059785,12.262398361915942,12.50621223449707,1098000
2005-04-28,12.441681800293408,12.491878567438768,12.212210083194996,12.240893363952637,710000
2005-04-29,12.26240091817581,12.42016230542113,12.190690699333878,12.355623245239258,1871100
2005-05-02,12.398652437045445,12.520558053013007,12.090299397751497,12.190692901611328,2168600
2005-05-03,12.19069070849638,12.398650206518417,12.154836282927796,12.341280937194824,1642500
2005-05-04,11.68872060785374,12.549240503788415,11.68872060785374,12.334111213684082,22487900
2005-05-05,12.427336572175351,12.692664037921668,12.334114221796863,12.491875648498535,8403700
2005-05-06,12.585095913332662,12.585095913332662,12.190691728057832,12.319769859313965,4228400
2005-05-09,12.276743311805681,12.334111213684082,12.19786193381338,12.334111213684082,2393800
2005-05-10,12.291088314317165,12.51339020418658,12.197865955935145,12.205037117004395,4798900
2005-05-11,12.219381245324238,12.283918968968758,12.147670991791154,12.240893363952637,2291700
2005-05-12,12.405819904205435,12.420162221428562,12.083125973236985,12.133322715759277,3317500
2005-05-13,12.118981194254932,12.219376053649984,11.817799351587256,11.946877479553223,2966300
2005-05-16,11.975564281057416,11.989905234056337,11.67438238393624,11.803459167480469,6117000
2005-05-17,11.803457953441248,11.982732841198926,11.796288161558728,11.975563049316406,4836500
2005-05-18,12.011421646854227,12.291090131097999,12.004250484724986,12.240893363952637,5411600
2005-05-19,12.29825535296079,12.362794413191171,12.219375343158175,12.341280937194824,2869300
2005-05-20,12.348452163334679,12.420162382622348,12.283913102751645,12.334111213684082,5417500
2005-05-23,12.369962983876233,12.692658217515486,12.305423937148383,12.50621223449707,4456100
2005-05-24,12.506210404557063,12.577920597957233,12.319764448819885,12.456013679504395,1242400
2005-05-25,12.484704218462312,12.484704218462312,12.355626068603131,12.398653030395508,1551900
2005-05-26,12.398651682786525,12.606609837810819,12.39148052326723,12.58509635925293,3084900
2005-05-27,12.678319809401543,12.800226783251897,12.585096105290734,12.757201194763184,2327700
2005-05-31,12.807397623772777,12.943645545221468,12.714173921982871,12.93647575378418,5530300
2005-06-01,12.943647478621036,12.972332119689883,12.785886056019283,12.907793045043945,2692800
2005-06-02,12.957988424616747,13.266341444602986,12.900620516323412,13.122920989990234,4026100
2005-06-03,13.122918671373752,13.517324167994062,13.122918671373752,13.395417213439941,5897700
2005-06-06,13.395422203759614,13.40259336467064,13.230489606083296,13.295028686523438,1910300
2005-06-07,13.323712914521419,13.61055253266456,13.273516152316267,13.517330169677734,4858000
2005-06-08,13.517323500872644,13.632059291524714,13.194628234814626,13.201799392700195,3373000
2005-06-09,13.201804617804122,13.26634369655946,13.115753424636374,13.223318099975586,1479400
2005-06-10,13.266340925729592,13.373905578602674,13.144433954404429,13.173118591308594,1403100
2005-06-13,13.122921907749618,13.223316780103247,13.08706747546834,13.165948867797852,2856200
2005-06-14,13.230490678760553,13.538842416380083,13.173122754580268,13.452791213989258,2062100
2005-06-15,13.424100295072332,13.502981666869452,13.25916776109523,13.495810508728027,1830100
2005-06-16,13.45278539567185,13.854360691252896,13.445614237280934,13.775479316711426,3056300
2005-06-17,13.775482004513002,13.804166643673467,13.624891752197188,13.632062911987305,1738800
2005-06-20,13.574693854820671,13.854362224218265,13.574693854820671,13.732455253601074,2985500
2005-06-21,13.732449917133723,13.854356840377552,13.67508203371064,13.818502426147461,1786000
2005-06-22,13.840029950418026,14.456736410270517,13.832860153788825,14.320487022399902,8866600
2005-06-23,14.377842322957482,14.578630645954902,14.284620003419228,14.449552536010742,3783000
2005-06-24,14.377847280767362,14.636003589673868,14.334821685202618,14.600149154663086,10365700
2005-06-27,14.600153226842709,14.772257024862775,14.449561548725523,14.679033279418945,4609500
2005-06-28,14.843966380836608,14.930017590739116,14.650349106916986,14.879820823669434,5355800
2005-06-29,14.87981501239318,14.951525237811893,14.858301534439931,14.915669441223145,2610500
2005-06-30,14.915671089134742,15.173827382060187,14.865474336123446,15.073433876037598,4126300
2005-07-01,15.16666405031714,15.16666405031714,14.84396988535869,15.008902549743652,3385800
2005-07-05,15.01606540218862,15.188169135125932,14.886987260545913,15.102116584777832,5544400
2005-07-06,15.188171522459902,15.381788765357449,15.152315717612707,15.345932960510254,3949700
2005-07-07,15.345928929166798,15.503691693532302,15.202509850731214,15.475007057189941,3375700
2005-07-08,15.561058070589217,15.561058070589217,15.403295321713713,15.518031120300293,4723400
2005-07-11,15.697311892481176,15.697311892481176,15.267053169507184,15.453497886657715,7565900
2005-07-12,15.525204647601331,15.661453942122025,15.460665580078835,15.539546966552734,3434600
2005-07-13,15.58257047994015,15.58257047994015,15.274217502353856,15.338756561279297,2664200
2005-07-14,15.417647017443691,15.496528439867122,15.317253474548009,15.360279083251953,3544600
2005-07-15,15.381783966959913,15.410467234130728,15.231192369097437,15.374612808227539,1216500
2005-07-18,15.374621693894099,15.388962651888436,15.181004399496157,15.231201171875,1531700
2005-07-19,15.28139267535555,15.310077316972928,15.202512646425749,15.238367080688477,1201300
2005-07-20,15.252716475874296,15.553898513753325,15.188177370060245,15.467845916748047,2601500
2005-07-21,15.482177667248301,15.482177667248301,15.224021420356722,15.245534896850586,1582000
2005-07-22,15.224025466513881,15.367445945739746,15.224025466513881,15.367445945739746,1479700
2005-07-25,15.417638983953426,15.532374792552845,15.216850635025077,15.302903175354004,1585900
2005-07-26,15.417642122991769,15.489352359906324,15.29573513056473,15.410470962524414,1242300
2005-07-27,15.37461109441773,15.847896575927736,15.25987530300673,15.847896575927734,2236200
2005-07-28,15.847908254798458,16.665401712980614,15.718830052399268,16.56500816345215,4473900
2005-07-29,16.493285186474456,16.672560025457873,16.285325716729623,16.47894287109375,2259900
2005-08-01,16.478945054447955,16.636707809021335,16.227959973065566,16.342697143554688,2265900
2005-08-02,16.371385223674412,16.493292220886982,15.998493071287836,16.063032150268555,2705800
2005-08-03,16.106056355259767,16.62236894249034,16.106056355259767,16.543487548828125,4250900
2005-08-04,16.543482971930626,16.80163919412476,16.378550437865954,16.428747177124023,2982800
2005-08-05,16.407235456061347,16.5649982165988,16.206448477571804,16.22796058654785,1626600
2005-08-08,16.378544451924085,16.586502491098212,15.87657450728354,15.919601440429688,5168800
2005-08-09,15.984153519077958,16.098889365601977,15.847904188420992,16.08454704284668,5750900
2005-08-10,16.21362851995842,16.45027142266294,16.048694510141754,16.314022064208984,3814100
2005-08-11,16.31402292187145,16.643888223327572,16.30685175865377,16.56500816345215,3581700
2005-08-12,16.507635989813696,16.62954299771536,16.07737588146903,16.08454704284668,3068900
2005-08-15,15.926784956805319,16.227966909651595,15.926784956805319,16.17059898376465,2174000
2005-08-16,16.20644892836639,16.493288454014902,16.163423341458802,16.263816833496094,2297100
2005-08-17,16.263825327310947,16.385732360347596,16.235140675886107,16.285337448120117,1180000
2005-08-18,16.278167617765057,16.414415608459553,16.098892650026496,16.314022064208984,7067500
2005-08-19,16.42158161672025,16.536317450637675,16.35704253917182,16.4932918548584,1367600
2005-08-22,16.557834852597157,16.694084200541777,16.471782272905987,16.6653995513916,3173800
2005-08-23,16.65822672060049,16.808818378036793,16.521978754061944,16.77296257019043,2312900
2005-08-24,16.75144603674972,17.081311175412573,16.75144603674972,16.859010696411133,4182300
2005-08-25,16.99525949762428,17.016771608271956,16.801642295242306,16.880523681640625,2277600
2005-08-26,16.880529466920986,16.94506718874114,16.672569874329625,16.82316017150879,3258800
2005-08-29,16.808810614275725,17.095650105763312,16.63670691938317,16.866178512573242,1905000
2005-08-30,16.866181162308287,17.23907324370407,16.85183884354103,16.98091697692871,2158900
2005-08-31,16.95223496689984,17.174536838971466,16.844670294991094,17.09565544128418,2202800
2005-09-01,17.05262855909546,17.396836030329414,17.045457399141554,17.27492904663086,2230400
2005-09-02,17.368151478569967,17.425519390733147,16.91637934125479,16.97374725341797,1847500
2005-09-06,17.10282507288314,17.21038973517621,16.787300878099085,17.13867950439453,4206800
2005-09-07,17.145857301727997,17.37532903485502,17.081318205816093,17.360986709594727,2993100
2005-09-08,17.3968371294127,17.741044622392717,17.38966596900574,17.69801902770996,3802600
2005-09-09,17.748216602165098,17.913149195862438,17.748216602165098,17.776901245117188,2112600
2005-09-12,17.776902369081988,17.927492650824526,17.540258153042327,17.669336318969727,2740000
2005-09-13,18.070910228764106,18.070910228764106,17.784069298340132,17.920318603515625,4199400
2005-09-14,17.92749042923896,18.020712777657057,17.533086186899297,17.5904541015625,3338300
2005-09-15,17.841437917161326,17.934661633567234,17.741044408194014,17.798412322998047,5712600
2005-09-16,17.862948878640626,17.963342373447922,17.662160521267246,17.884462356567383,2965300
2005-09-19,17.884461737264278,17.98485522859515,17.633476641178362,17.676502227783203,2676100
2005-09-20,17.74821320828652,17.870120182003284,17.17453413653633,17.253414154052734,4209000
2005-09-21,17.253410899495673,17.346634585919293,16.85183562502076,16.923545837402344,3215400
2005-09-22,16.959403700280127,17.059798565084936,16.67256416032099,16.880523681640625,2240400
2005-09-23,16.88769307440869,17.188874926190596,16.8661809642692,17.081310272216797,3440100
2005-09-26,17.081312204474663,17.468546643895287,17.03111545145916,17.317955017089844,4583600
2005-09-27,17.411184848005753,17.626314255872487,17.289277818812096,17.360986709594727,2818700
2005-09-28,17.389670355621885,17.547431821093955,17.310788939006176,17.40401268005371,1833500
2005-09-29,17.40401194064517,17.755390667740578,17.38249845491143,17.733877182006836,5148900
2005-09-30,17.74820785680835,17.984850573522124,17.719523227990493,17.89162826538086,4368800
2005-10-03,17.827090285034824,17.898799125853603,17.733866603556866,17.7840633392334,1758000
2005-10-04,17.8127548587033,17.8486092929791,17.576112036309667,17.69801902770996,2071700
2005-10-05,17.64064855330321,17.8486067039031,17.181703928144263,17.253414154052734,1671000
2005-10-06,17.21038818359375,17.353808632227206,17.088481212582945,17.21038818359375,2618300
2005-10-07,17.317951674525435,17.554594441465834,17.095651225038075,17.325122833251953,2671600
2005-10-10,17.21755976555319,17.224730924936818,16.96657465816146,16.98091697692871,1743700
2005-10-11,16.837492639666326,16.99525537418611,16.572166642487844,16.74427032470703,3046100
2005-10-12,16.708413208797072,16.95222708117938,16.407231446898834,16.65821647644043,4142600
2005-10-13,16.6653995513916,16.75145213108277,16.31402080585809,16.6653995513916,2217000
2005-10-14,16.6940803864298,16.988091134249412,16.6940803864298,16.90203857421875,1711200
2005-10-17,16.902032363360306,17.081307210434996,16.88769004733228,16.923545837402344,1968100
2005-10-18,16.902039777300867,17.109999347651357,16.52197781015694,16.550661087036133,3145400
2005-10-19,16.46460525447827,16.966575493990426,16.299672683806136,16.76578712463379,3659700
2005-10-20,16.801646356733904,17.045460366576464,16.457438825577047,16.514806747436523,2729100
2005-10-21,16.521974532373477,16.930721063064787,16.521974532373477,16.76578712463379,2918100
2005-10-24,16.7371089988923,17.059804447463975,16.435927036145166,17.05263328552246,2521700
2005-10-25,17.052629590867898,17.074141704272296,16.880525844837752,16.98809051513672,1623400
2005-10-26,16.95223373856796,17.031115130539625,16.349869978214475,16.471776962280273,3350000
2005-10-27,16.471778373089244,16.60802768877582,16.306845782802828,16.4932918548584,2791800
2005-10-28,16.56500432595533,16.866186272527578,16.514807562819822,16.801647186279297,1383900
2005-10-31,16.658222825766302,17.17453539596198,16.658222825766302,17.102825164794922,5532500
2005-11-01,17.102827990717962,17.870124445141396,17.102827990717962,17.827098846435547,8142200
2005-11-02,17.8342708582995,18.24301748490221,17.568943356811168,18.085254669189453,5850700
2005-11-03,18.357751369088,18.752155630677546,18.020713657202606,18.113937377929688,4734700
2005-11-04,18.156959846037335,18.19998543478259,17.669331947728406,17.992027282714844,2769900
2005-11-07,18.056569074393188,18.070911395392088,17.755387172211353,17.83426856994629,2111300
2005-11-08,17.84143617846765,18.24301291072016,17.791239428875794,18.235841751098633,4244700
2005-11-09,18.23583971847093,18.644586197025877,18.056564851191837,18.5728759765625,6551300
2005-11-10,18.50116375751609,18.644584182949888,18.164127535832762,18.637413024902344,3997500
2005-11-11,18.637416861863873,18.981624312458145,18.558535474859795,18.90274429321289,5061500
2005-11-14,19.074847859094557,19.074847859094557,18.66610134396005,18.730640411376953,4365900
2005-11-15,18.730639741625055,18.802348598183016,18.26452396744571,18.28603744506836,3145000
2005-11-16,18.537018392007614,18.537018392007614,17.98485156660009,18.149784088134766,4645300
2005-11-17,18.831032223127178,18.838203381949384,18.14978718036314,18.5728759765625,5802000
2005-11-18,18.61590692328201,18.93143116353941,18.422291050354122,18.529855728149414,3053000
2005-11-21,18.429462210525912,18.924260001916856,18.250187291621028,18.766498565673828,4100500
2005-11-22,18.680441897097328,18.988794908683698,18.479654907419715,18.931427001953125,5450900
2005-11-23,18.88123331033228,19.003140302834407,18.723471883230292,18.845378875732422,2400900
2005-11-25,18.816696166992188,18.845380811826217,18.759328245083275,18.816696166992188,1117500
2005-11-28,18.816694512638726,18.924259185791016,18.75932659577357,18.924259185791016,2393200
2005-11-29,18.945770302695625,19.275635441556428,18.773666573582307,19.18241310119629,3026100
2005-11-30,19.168073850054295,19.634188361983426,19.139390574490186,19.569650650024414,4439700
2005-12-01,19.720235247042105,19.95687801529626,19.569645016225223,19.777603149414062,5867700
2005-12-02,19.88516493347896,20.308253665489875,19.756086829779566,20.06443977355957,3021100
2005-12-05,20.071617480031957,20.222209106067396,19.94253933421842,20.143327713012695,4688600
2005-12-06,20.150492955051675,20.315425485036783,19.8708232653394,19.97121810913086,3987600
2005-12-07,19.97122404070624,20.00707847343598,19.49076725622951,19.60550308227539,3518400
2005-12-08,19.52662061438359,19.705895503684413,19.476423864220777,19.684383392333984,2726200
2005-12-09,19.68438617052553,19.84931876369822,19.598333609702053,19.70589828491211,2200000
2005-12-12,19.741755029802285,19.82780622696975,19.612676866291967,19.72024154663086,3562000
2005-12-13,19.684378634584263,19.69154842479555,19.261289888674924,19.368854522705078,2641100
2005-12-14,19.426229235074494,19.576819502004852,19.22544084474168,19.555307388305664,1820000
2005-12-15,19.540966884427604,19.583992483585895,19.297152876265393,19.354520797729492,1234700
2005-12-16,19.39754483462733,19.5266229894655,19.2756378403645,19.42622947692871,1718200
2005-12-19,19.540960347551195,19.619841726086474,19.21109525141945,19.239778518676758,1785700
2005-12-20,19.239776694340062,19.289973433099647,18.89556931333845,19.203922271728516,2034400
2005-12-21,19.19675423613271,19.433397020032643,19.046162627600694,19.32583236694336,2962800
2005-12-22,19.333000655281946,19.411882033035145,19.282803912260334,19.340171813964844,1692800
2005-12-23,19.34734389664556,19.505106659686454,19.333001578594804,19.38319969177246,1636400
2005-12-27,19.39037085079784,19.55530340510538,19.304318310252015,19.38319969177246,1287200
2005-12-28,19.390372287375058,19.469252306980767,19.347345330035036,19.37602996826172,1708900
2005-12-29,19.426227036483528,19.440569355832448,19.18241307858732,19.211097717285156,2605700
2005-12-30,19.261293572177987,19.555304266373927,19.125044280212446,19.43339729309082,2477500
2006-01-03,19.55530254312009,19.583985810198538,19.11787143616473,19.576814651489258,3653700
2006-01-04,19.51945221918688,20.222210924273348,19.51945221918688,20.179183959960938,3530900
2006-01-05,20.222212965500773,20.293921844408302,20.064450149282145,20.114646911621094,2413500
2006-01-06,20.286748580173025,20.437338841427668,20.186353704910974,20.422996520996094,2014100
2006-01-09,20.688322689007567,20.92496549034922,20.652466890162543,20.867597579956055,4121700
2006-01-10,20.874774494643113,20.946483376584663,20.609446981077916,20.838918685913086,4626700
2006-01-11,20.89627975474317,21.233317407405995,20.88910859535047,21.190290451049805,3640900
2006-01-12,21.26199692607806,21.26199692607806,20.76002816697802,20.881935119628906,2633000
2006-01-13,20.881945047525655,21.00385205813475,20.60944638015981,20.68832778930664,1668300
2006-01-17,20.6883191384745,20.6883191384745,20.344111735188466,20.437334060668945,3363900
2006-01-18,20.437339201817608,21.03970299297611,20.243721975854022,20.99667739868164,2811700
2006-01-19,21.125753378520237,21.36956734985253,20.960820800195137,21.154438018798828,2438500
2006-01-20,21.15443408236064,21.19028850827812,20.62378064578162,20.652463912963867,3059500
2006-01-23,20.666809668869895,20.752862220250964,20.49470593386666,20.60944175720215,1454300
2006-01-24,20.673982980393745,21.297860281498068,20.494708066804566,21.218978881835938,3391400
2006-01-25,21.262001792939184,21.297857591784208,20.76720271094887,20.867597579956055,2774500
2006-01-26,20.946484652969307,20.99668278825019,20.795894350404648,20.924972534179688,2274900
2006-01-27,20.960817125307496,21.15443430996588,20.831739002201907,21.089895248413086,2736900
2006-01-30,21.154439803523108,21.290689120823416,21.11858536790889,21.218978881835938,2274800
2006-01-31,21.498643156043354,22.308966374865694,21.455617568066568,22.18705940246582,5178800
2006-02-01,22.036474210997337,22.516931081239886,21.90739604171439,22.273117065429688,3296100
2006-02-02,22.34482346051778,22.34482346051778,21.871537833219644,22.036470413208008,2296800
2006-02-03,22.04363728514525,22.04363728514525,21.620548493386462,22.029294967651367,3490100
2006-02-06,22.02930092040626,22.438048872881666,22.02930092040626,22.402193069458008,2831700
2006-02-07,22.409365923584918,22.983045144125033,22.23009099619624,22.265945434570312,2777000
2006-02-08,22.265938894486883,22.674686757790916,22.237255625764472,22.481069564819336,2465200
2006-02-09,22.481068699700096,22.51692312616304,21.799823654834544,21.864362716674805,2839100
2006-02-10,21.857194823815217,22.581465562211314,21.850023663899346,22.423704147338867,2563300
2006-02-13,22.273113561909742,22.359166117148856,21.74963117350209,21.871538162231445,1589600
2006-02-14,21.87153062941,22.165541259597784,21.728110209326864,21.806991577148438,2026200
2006-02-15,21.80699529951485,22.552779422835915,21.80699529951485,22.409358978271484,2208900
2006-02-16,22.409361858496343,22.75356932838071,22.27311255542419,22.66034698486328,1212300
2006-02-17,22.68903383018451,22.767915234032582,22.552785873413086,22.552785873413086,1046500
2006-02-21,22.509755713516338,22.882647828928004,22.509755713516338,22.732057571411133,1969000
2006-02-22,22.782255197892198,22.87547754644186,22.646005887465176,22.753570556640625,3081200
2006-02-23,22.947189102471278,23.076267260014127,22.452389954476704,22.574296951293945,4773900
2006-02-24,22.87547781900003,23.434816020239364,22.65317731768756,23.0977783203125,5327600
2006-02-27,23.234027712849496,23.334421217345962,22.78225420709757,22.79659652709961,1934000
2006-02-28,22.796592154399256,22.846788897019064,22.502580121788604,22.825275421142578,2984700
2006-03-01,22.88264517968249,23.083432166458806,22.351991708152735,22.588634490966797,3798000
2006-03-02,22.445214042333344,22.753567049464134,22.395017295639263,22.588634490966797,2276800
2006-03-03,22.344816106123698,22.48823652624086,22.03646316030275,22.108173370361328,2331300
2006-03-06,22.122522206502836,22.258771508997555,21.62772311579173,21.95041847229004,6075400
2006-03-07,21.95041043459822,22.014949482265294,21.31219111519697,21.577518463134766,3001000
2006-03-08,21.51298777554275,21.685091513616022,21.011017513676517,21.663578033447266,3516500
2006-03-09,21.649233287377182,21.893047215529165,21.240486810110234,21.391077041625977,2828500
2006-03-10,21.391081022351862,21.878708969399874,21.383909862217752,21.799827575683594,2990700
2006-03-13,21.979104523584258,22.00778916679329,21.484305370300987,21.73529052734375,3175200
2006-03-14,21.76396903712089,21.979098329525517,21.52015510959102,21.96475601196289,2771300
2006-03-15,21.979097451448872,22.12251788582802,21.885875126533467,21.9432430267334,3013200
2006-03-16,21.98627195992473,22.395018482098543,21.907390572221416,21.93607521057129,2157000
2006-03-17,21.936077276608888,22.344823837280273,21.936077276608888,22.344823837280273,2643800
2006-03-20,22.481072528682095,22.51692696125178,22.057983659116985,22.16554832458496,3018900
2006-03-21,21.98627529174799,22.43087767923466,21.943249695461876,22.19423484802246,3249500
2006-03-22,22.10101009598684,22.294627321880522,21.986274266070357,22.21574592590332,1806500
2006-03-23,22.24443498919458,22.287460592026502,22.00779212198014,22.158382415771484,1723400
2006-03-24,22.158373910426512,22.251597609831503,21.99344135641304,22.13686180114746,1241700
2006-03-27,21.98628209010116,21.98628209010116,21.62056098918737,21.677928924560547,2495200
2006-03-28,21.57035878162468,21.606213219288875,21.226151256115564,21.31220245361328,4531000
2006-03-29,21.254835213187356,21.5058203881496,21.011021199539364,21.455623626708984,4989900
2006-03-30,21.491474574179286,21.728117388069826,21.15443825371668,21.290687561035156,3123900
2006-03-31,21.391079724802154,21.871536482572292,21.26917274543484,21.74245834350586,3499800
2006-04-03,21.735281190391124,22.13685781625554,21.68508445409769,21.907384872436523,2842100
2006-04-04,21.83568060996489,21.94324526283117,21.656405732601495,21.7496280670166,2354600
2006-04-05,21.656406514501107,21.67791862519579,21.305026538554646,21.591867446899414,4820100
2006-04-06,21.455620390995303,22.387849337112655,21.426935750064203,22.380678176879883,3487500
2006-04-07,22.40936220850509,22.76074084380338,22.208573830723672,22.732057571411133,3343900
2006-04-10,22.62449069568588,23.642773498971618,22.552781833497445,23.162315368652344,5329100
2006-04-11,23.162318781614736,23.284227147919534,22.832453590114003,22.911334991455078,2701300
2006-04-12,22.889818748845425,22.889818748845425,22.57429454928711,22.595808029174805,1852700
2006-04-13,22.59580362894296,22.93283987499674,22.481067827403006,22.925668716430664,1028300
2006-04-17,22.88981863145286,23.033237726691894,22.610150233141674,22.66034698486328,1096900
2006-04-18,22.624491422592932,23.018895648336688,22.588636990346743,22.79659652709961,3089100
2006-04-19,22.990212846743926,23.32007798736566,22.703371928931624,23.284223556518555,4955800
2006-04-20,23.20533947068772,23.492177619649276,23.090603663999612,23.14797019958496,2090200
2006-04-21,23.147969299963783,23.77184778913155,23.054748341320852,23.671451568603516,2906500
2006-04-24,23.592580075273002,23.657119154550745,23.205345599606538,23.47784423828125,4009200
2006-04-25,23.47784068267736,23.85790257224438,23.47784068267736,23.800533294677734,2991200
2006-04-26,24.704086979442636,25.091321501669913,24.324022251100253,24.84750747680664,6601100
2006-04-27,24.94789479984388,24.94789479984388,24.309676617591272,24.54631805419922,2896700
2006-04-28,24.546325819309118,24.63237702934136,24.331196426469187,24.481786727905273,2699000
2006-05-01,24.560668746127742,25.263426238922584,24.531984096907046,25.069808959960938,3570200
2006-05-02,25.098490305927708,25.363816437502376,24.76145256073938,24.811649322509766,4894000
2006-05-03,24.93355471416299,25.076975188709223,24.639543972326322,24.86184310913086,3379100
2006-05-04,24.933551139174593,25.42834883312076,24.89769670955837,25.29210090637207,3442300
2006-05-05,25.349462509155273,25.457028512570155,25.206044818624896,25.349462509155273,3234600
2006-05-08,25.320784709786132,25.449862840564663,25.084140558186313,25.213218688964844,2768500
2006-05-09,25.320784026860576,25.636306818299513,25.04828545417572,25.091312408447266,3017200
2006-05-10,25.112834725536242,25.44269996914731,25.098492401615946,25.18454360961914,3132100
2006-05-11,25.313618460537274,25.327960782571495,24.76862390082798,24.92638397216797,2904900
2006-05-12,24.854668167921233,24.854668167921233,23.915266852975744,24.0228328704834,4631300
2006-05-15,23.936789398763366,24.589350033976086,23.87942010816437,23.98698616027832,3624000
2006-05-16,24.008494014023398,24.216453552246094,23.814876795904112,24.216453552246094,3681900
2006-05-17,24.223621083070242,24.266648039363567,22.875474577665063,23.312904357910156,7172800
2006-05-18,23.3774417480888,23.592573778609736,22.545607835787735,22.66751480102539,5536100
2006-05-19,21.512986431820657,22.23008597954801,20.509047338554126,22.144033432006836,31815600
2006-05-22,21.871540426514322,21.871540426514322,21.10424398121249,21.233322143554688,11752600
2006-05-23,20.903451550153584,22.122521328828274,20.73134782276872,21.6348934173584,10440300
2006-05-24,21.871537453970262,21.96475979868146,21.40542299489645,21.728116989135742,7623600
2006-05-25,21.814169368226537,22.459558719334996,21.814169368226537,22.330480575561523,2884400
2006-05-26,22.33765125301649,22.689029876943803,22.208573112031175,22.617321014404297,2398500
2006-05-30,22.7177156538668,22.947187308106432,21.72094764285379,21.763973236083984,3259900
2006-05-31,21.771144465664538,22.337652442905032,21.656408638178895,22.208574295043945,4236200
2006-06-01,22.208573597749744,22.66034710107898,21.763972622141985,22.595808029174805,2557500
2006-06-02,22.595804407054413,22.839618335662475,22.32330584319425,22.495410919189453,3404500
2006-06-05,22.495407684022567,22.65316905194465,21.950412002439247,22.108173370361328,2729000
2006-06-06,22.0723242363706,22.086665187610723,21.7639712166874,21.828510284423828,2869900
2006-06-07,21.864365053871555,22.40936087446972,21.548840869786545,21.6348934173584,3347900
2006-06-08,21.45561888441872,21.77114307371044,20.795887234677224,21.70660400390625,3826200
2006-06-09,21.62055585973006,22.208577399737393,21.30503160615571,21.41259765625,1634600
2006-06-12,21.36957261909634,21.45562519339176,20.40148902288865,20.501882553100586,3322900
2006-06-13,20.32260062505377,20.509046665475037,19.612672260233637,20.444507598876953,6449400
2006-06-14,20.444511641224455,21.412596463849436,20.293920000133912,21.054046630859375,3740200
2006-06-15,21.054043293832418,21.921733095616787,20.939307474881737,21.835681915283203,3245400
2006-06-16,21.7496274062965,21.88587669192609,21.477130202796044,21.599037170410156,2859600
2006-06-19,21.606212813538317,21.792658894960866,21.01819129322979,21.297861099243164,3060700
2006-06-20,21.398249673934277,21.656405937462424,20.960818531346867,21.11141014099121,2085400
2006-06-21,21.097071451568407,22.10818183397535,21.025361214057195,21.921735763549805,3208300
2006-06-22,21.92173420633467,22.086666783463127,21.663577916736102,21.728116989135742,1881200
2006-06-23,21.814171538844487,22.2659437192463,21.570357546958096,22.19423484802246,2397700
2006-06-26,22.08667158444758,22.15838183245251,21.59904490708432,21.771148681640625,1595400
2006-06-27,21.728117508754025,21.799827742886205,21.039702543706596,21.22614860534668,2418700
2006-06-28,21.08272396678824,21.5344973950261,20.903449100798955,21.426931381225586,2247600
2006-06-29,21.548843059664406,22.438047793155615,21.36956815445003,22.21574592590332,2471000
2006-06-30,22.20857698778963,22.430878877285807,21.871540624655434,22.316143035888672,3146800
2006-07-03,22.32330612250187,23.26987858128416,22.32330612250187,23.169485092163086,1831300
2006-07-05,23.09060482391135,23.169486207881388,22.724883908812224,23.033235549926758,2783500
2006-07-06,23.02606618917411,23.334419203815617,22.961527122492917,23.312904357910156,2485100
2006-07-07,23.312906269112137,23.35593322893283,22.294626173016095,22.567123413085938,3111600
2006-07-10,22.531273391216622,22.710548322283667,21.907396029289266,22.06515884399414,1549000
2006-07-11,22.007792292451356,22.660352972787074,21.685096849314238,22.531274795532227,2677000
2006-07-12,22.473898041549607,22.75356640391564,22.22291294744122,22.409358978271484,1582000
2006-07-13,22.19423310746167,22.76791223881646,21.979102407384417,22.3376522064209,2167500
2006-07-14,22.265944978942553,22.273116140022452,21.498648524261647,21.78548812866211,2245600
2006-07-17,21.792651503106946,22.524093258799276,21.792651503106946,22.452383041381836,1883700
2006-07-18,22.516921322516666,22.846787764139396,22.144029299033093,22.63882827758789,3100100
2006-07-19,22.76073726046012,23.277048392065275,22.538436805322185,23.14080047607422,3017200
2006-07-20,23.37744590348335,23.836391946058313,22.92567375656891,23.018896102905273,2538200
2006-07-21,23.04757723626053,23.04757723626053,22.48106934878894,22.61014747619629,1713500
2006-07-24,22.610147026651468,23.2053395384947,22.531265646413388,23.14080047607422,1533500
2006-07-25,23.176663054898306,23.434819395382807,22.717719665378482,23.327253341674805,2541200
2006-07-26,23.32724877085378,23.398960371113823,23.054752896419146,23.24119758605957,1491600
2006-07-27,23.3774446162839,23.513695283732837,22.595807352400122,22.689029693603516,2193900
2006-07-28,22.94718993438675,24.04435157775879,22.445219607468395,24.04435157775879,4918400
2006-07-31,24.13756922975747,24.79012966991051,23.757507367459247,24.23796272277832,3820400
2006-08-01,24.27381657714446,24.43157933988663,23.843557978506215,24.051517486572266,2895600
2006-08-02,24.30967693918501,24.453094667260302,24.05152065182098,24.381385803222656,2804000
2006-08-03,24.20210718804975,24.553487133074274,23.87941187843894,24.37421226501465,2054400
2006-08-04,24.38138384056996,24.63954010715293,23.20534105770764,23.85072898864746,3645300
2006-08-07,23.80054105261203,24.2594872161884,23.19100732513255,24.202117919921875,3792300
2006-08-08,24.28815943084632,25.091312844776954,24.230792893004143,24.83315658569336,4718300
2006-08-09,24.8833573942525,25.17019560132384,24.603688979762804,24.704082489013672,2189500
2006-08-10,24.56066379043949,24.84750475373218,24.194944160983564,24.76862335205078,1902200
2006-08-11,24.76862774203761,24.79731239055457,24.324023896580623,24.481786727905273,1695400
2006-08-14,24.524807144299338,24.704082046325624,24.02283687152216,24.40289878845215,1455800
2006-08-15,24.70408591798188,25.134344656068507,24.632374304621884,24.897703170776367,2240100
2006-08-16,25.09848083711276,25.44986077245996,25.005257142344348,25.335124969482422,2057800
2006-08-17,25.23472755528201,25.85143349294938,25.041110384001524,25.4283447265625,2046600
2006-08-18,25.421175758791833,25.67215946921372,25.0411111944879,25.535911560058594,1414800
2006-08-21,25.53591392606699,25.543083717521665,25.048286041623193,25.249073028564453,1628400
2006-08-22,25.14151066067336,25.42117904140457,24.947893458124607,25.29210090637207,2569100
2006-08-23,25.34946340250731,25.586107524152897,25.005256009173255,25.449859619140625,1356300
2006-08-24,25.507229995174402,25.57176906212284,25.04828673488224,25.421178817749023,1775000
2006-08-25,25.349461436439732,25.58610553973154,25.29926469977486,25.457027435302734,1560400
2006-08-28,25.47854685452641,25.64347942741472,25.370983560304175,25.621967315673828,1624800
2006-08-29,25.621964512377172,25.81558170341488,25.284926875883663,25.62913703918457,2220600
2006-08-30,25.528748285624946,25.751050177932534,25.457039409664183,25.693683624267578,1842400
2006-08-31,25.815584389059115,25.901635571077673,25.500061564645893,25.715190887451172,2036600
2006-09-01,25.7151968390523,25.801248040986806,25.578946139177752,25.614803314208984,1156800
2006-09-05,25.614808135271986,25.679347232749613,25.349479214797892,25.571781158447266,2088300
2006-09-06,25.571775821358948,25.808420041226515,25.076978000979032,25.378158569335938,2633100
2006-09-07,25.313621963700328,25.385333583795635,24.96941439379865,25.14151954650879,2306300
2006-09-08,25.241896649251277,25.500052842524116,25.1056460275146,25.198869705200195,1302400
2006-09-11,25.098478345351516,25.743868882724517,25.098478345351516,25.64347267150879,1384500
2006-09-12,25.923161595296904,26.045067261091113,25.68651732331671,25.851449966430664,3004400
2006-09-13,25.9805192307492,26.27452996922234,25.858613606866232,26.052230834960938,2263600
2006-09-14,25.915975013079965,26.26735496520996,25.815581522619237,26.26735496520996,1762100
2006-09-15,26.353408836318827,26.410778114181092,25.99485905623286,26.324724197387695,3801200
2006-09-18,26.43228880194424,26.47531302250587,25.98051533742404,26.08808135986328,1900000
2006-09-19,26.066565431324424,26.09525006751908,25.170191066622518,25.62913703918457,2506500
2006-09-20,25.815584274194705,26.15262194425126,25.743875412084595,25.77972984313965,1524100
2006-09-21,25.815587560133007,26.281703429731532,25.729536367544295,26.016374588012695,3879000
2006-09-22,26.01636989847596,26.17413266938308,25.84426754432056,25.994857788085938,1802600
2006-09-25,26.17413989173068,26.425123700594728,25.76539326842731,26.19565200805664,1485100
2006-09-26,26.0880814708093,26.353407528965523,25.79407077514495,26.023542404174805,1679000
2006-09-27,26.10242414795601,26.274526504332613,25.729532061783196,25.801240921020508,1804400
2006-09-28,25.887291566143386,26.281698490379963,25.74387385062199,26.095251083374023,2144000
2006-09-29,26.17412567138672,26.41076976447749,25.887284843794912,26.17412567138672,1852900
2006-10-02,26.102433158031012,26.102433158031012,25.249082666751043,25.679344177246094,2718500
2006-10-03,25.70802311274661,25.89447056636091,25.485723956807288,25.729537963867188,1660000
2006-10-04,25.894468023327626,26.174136440765253,25.700850795366655,26.002031326293945,1639700
2006-10-05,25.99485723989508,26.56136650937149,25.607622847935193,26.31755256652832,2551200
2006-10-06,26.55420150989928,26.819530373411112,26.30321770443491,26.360584259033203,3245500
2006-10-09,26.324722680968552,26.869719847194936,26.317552889407647,26.661760330200195,1712000
2006-10-10,26.661766739985627,26.962947297267178,26.446637379710488,26.805187225341797,1702800
2006-10-11,26.805188902602815,27.020318276339083,26.71196517096035,26.905582427978516,2013900
2006-10-12,26.905571567584357,27.163727806070856,26.776493448341107,27.092016220092773,2357500
2006-10-13,27.092019831842236,27.206755649185776,26.962941695391045,27.192413330078125,6131500
2006-10-16,27.242608938738396,27.27846336364746,26.99879501963259,27.27846336364746,2805500
2006-10-17,27.256955998666875,27.256955998666875,26.640252608683717,26.86972427368164,1398700
2006-10-18,26.96294081507459,27.005967770992747,26.425116175926682,26.661760330200195,1625400
2006-10-19,26.53268213026079,26.78366586701569,26.42511610849865,26.668930053710938,1557800
2006-10-20,26.654581795044894,26.927080316735548,26.640242215155297,26.855371475219727,1175100
2006-10-23,26.81952377603923,26.934259592530104,26.22432984732443,26.274526596069336,1581900
2006-10-24,26.102425193670634,26.274527556941994,25.636309383401684,25.77972984313965,2441600
2006-10-25,25.815585570443083,26.05939954358465,25.593283709911166,25.60045623779297,2548200
2006-10-26,25.600454362570773,27.027480928517843,25.57176972418046,26.640249252319336,3885500
2006-10-27,26.532676876311495,26.61155824524812,26.224323926204892,26.432283401489258,1517900
2006-10-30,26.819525761485487,26.833865346030468,25.686507096182915,25.76538848876953,3445400
2006-10-31,25.85144146563316,26.037888903856455,25.478549324704616,25.82992935180664,2108800
2006-11-01,26.07374238867164,26.159793576360247,25.571772112038566,25.81558609008789,1729100
2006-11-02,25.815586513577696,26.604395007285376,25.751047437873034,26.568540573120117,3069400
2006-11-03,26.747806913937364,26.747806913937364,26.1382735217666,26.547019958496094,1611000
2006-11-06,26.56853916502809,26.97728571098869,26.56853916502809,26.812353134155273,1166600
2006-11-07,26.496826233685635,27.13504433080821,26.360575582265703,26.97728157043457,2012900
2006-11-08,26.905573194706776,26.991624367567148,26.640247149335448,26.74064064025879,2547700
2006-11-09,26.998809883740876,27.292820706689543,26.33190681830532,26.504009246826172,3043200
2006-11-10,26.50399418189234,26.53267881551433,25.70801337974416,25.858606338500977,5072800
2006-11-13,25.88012963912353,26.09525901329751,25.844275199347603,25.987695693969727,3253900
2006-11-14,26.03071282319081,26.245842138651696,25.844268145929423,26.202817916870117,3044200
2006-11-15,26.346234874541807,27.163727806070856,26.174129803711708,27.092016220092773,3247100
2006-11-16,27.393210203974196,27.43623443699668,26.977291047967654,27.03466033935547,3255300
2006-11-17,27.03465084166768,27.14938664861649,26.668928576350137,26.97728157043457,2604000
2006-11-20,26.977288259474822,27.19959013734693,26.82669798842505,26.96294593811035,2336400
2006-11-21,27.12070597760442,27.450571128863462,27.07050922569621,27.443401336669922,1750200
2006-11-22,27.371693848768793,27.608338059470142,27.242618421271413,27.2569580078125,1137300
2006-11-24,27.077673660225614,27.421883798800984,26.941425751364267,27.27846336364746,428000
2006-11-27,26.998795815665712,27.142213519530493,26.34623541521848,26.819520950317383,2672900
2006-11-28,26.64025996621719,26.6474297609394,26.382103587917133,26.504009246826172,1809000
2006-11-29,27.24977845718793,27.7804332412976,27.17806960808644,27.414710998535156,4901000
2006-11-30,27.46490622650774,27.637011284591313,26.855372836182738,27.156553268432617,6020100
2006-12-01,27.321490970108446,27.486426269090785,26.711957464455434,26.998798370361328,2086200
2006-12-04,26.998805899997272,27.11354174725453,26.855385407046107,27.03466033935547,2723300
2006-12-05,26.97728765622869,27.070511375254085,26.690449441907678,26.78367042541504,2695200
2006-12-06,26.96294109453354,27.24261220762388,26.805181058900324,27.063337326049805,2426700
2006-12-07,27.135051404697798,27.393207721511242,26.711962493368684,26.79801368713379,1565900
2006-12-08,26.812367008013762,26.819539539488844,26.496844011091504,26.61157989501953,1807800
2006-12-11,26.769326583521718,27.235439633499873,26.539852218826468,27.04182243347168,2482100
2006-12-12,26.941426314591183,27.02030769235055,26.339062662767418,26.382089614868164,2576700
2006-12-13,26.568536678571466,26.63307574481567,25.923148751646995,26.066566467285156,3958900
2006-12-14,25.973346710205078,26.260184890372525,25.851438363607688,25.973346710205078,2277300
2006-12-15,26.02354349283305,26.482486770092006,25.973346742852705,26.42511749267578,4067200
2006-12-18,26.460974658819776,26.74781283934777,26.274527242734756,26.42511749267578,2370900
2006-12-19,26.532679256976852,26.94859824486424,26.281695547401547,26.71195411682129,3404200
2006-12-20,26.819522369293818,27.472082804266943,26.453800092743744,26.518339157104492,2899400
2006-12-21,26.503995439695913,26.690442831569865,26.109591282986585,26.224327087402344,2070000
2006-12-22,26.281700738066736,26.367751921842434,25.915978419863844,25.930320739746094,1952100
2006-12-26,25.930323587356185,26.066571537923302,25.808417958246356,25.944665908813477,1668200
2006-12-27,25.94465610786042,26.145443061376252,25.80840820876283,26.080904006958008,1885500
2006-12-28,25.994864398196185,26.53268917884852,25.923155521649857,26.51117706298828,2631200
2006-12-29,26.460973163623056,26.848204822230922,26.43228852653579,26.733469009399414,2284400
2007-01-03,26.776496974542646,27.307151838593292,26.683273268253142,27.24978256225586,5518800
2007-01-04,27.307149106621313,27.39320027700073,27.020308224666742,27.142213821411133,4271800
2007-01-05,27.149396447684527,27.364525821420795,26.59722932259978,26.905582427978516,3116100
2007-01-08,26.91274415863302,27.78760644997196,26.267356230782934,27.672870635986328,2604200
2007-01-09,27.96687400820311,28.325423674974946,27.67286339087088,28.074440002441406,5293500
2007-01-10,28.074444571526072,28.253719434088772,27.923851607980243,28.189180374145508,3169000
2007-01-11,28.189201091134333,28.39715800554694,27.96689911339475,28.289594650268555,2712700
2007-01-12,28.18201573462601,28.683986037383843,28.18201573462601,28.533395767211914,3717200
2007-01-16,28.54055985735613,28.6624681961257,28.289576123885734,28.50470542907715,2726000
2007-01-17,28.504714156087715,28.683989087887007,28.37563598635075,28.425832748413086,2848100
2007-01-18,28.425825970244052,28.86325713721133,28.35411710883074,28.476022720336914,3822200
2007-01-19,28.425828455978625,28.913456415680045,28.411486135338237,28.683984756469727,2497200
2007-01-22,28.827404732170837,28.856089372958884,28.311092140057635,28.440170288085938,2021300
2007-01-23,28.296741748115597,28.79154208625663,28.260887325116844,28.734172821044922,2311500
2007-01-24,28.683986444234524,28.949312552898622,28.576420400861398,28.784379959106445,2189500
2007-01-25,28.85608986863644,29.013849924644816,28.540564285583784,28.683984756469727,2249800
2007-01-26,28.683981884286943,28.820229813450943,28.47602235910162,28.69832420349121,1519400
2007-01-29,28.612270786929944,28.84174240522317,28.18200945099205,28.354114532470703,1907500
2007-01-30,28.454520970871975,28.662480574424915,28.397151672435836,28.526229858398438,1569500
2007-01-31,28.454512441387582,28.676814302912668,28.31109197380746,28.56207847595215,1587700
2007-02-01,28.67681209244365,28.856086979220446,28.540561427761972,28.69832420349121,2217500
2007-02-02,28.698343359911437,28.791567129208083,28.411502255392296,28.640974044799805,1105500
2007-02-05,28.576409202865108,28.79871099548292,28.49035804319762,28.71265983581543,1546200
2007-02-06,28.68398837363943,28.798724217713257,28.597937174463638,28.75569725036621,5284200
2007-02-07,28.8991053220955,29.04252574944309,28.66963373254621,28.791542053222656,1980100
2007-02-08,28.956474587241388,29.006671326485474,28.777199736936183,28.791542053222656,3726300
2007-02-09,28.93496279612698,29.042528811859352,28.411480506298766,28.626609802246094,2227300
2007-02-12,28.626606534527692,28.676806008851983,28.21786009823083,28.32542610168457,1532600
2007-02-13,28.325427923680973,28.669635327149706,28.303915815813326,28.361282348632812,3985300
2007-02-14,28.354112472626444,28.705489665822512,28.32542783854428,28.397136688232422,3199400
2007-02-15,28.5764269411502,29.06405504114711,28.44734875376756,28.805898666381836,3589400
2007-02-16,28.891945756199394,29.00668159157758,28.691155992649,28.9134578704834,2863000
2007-02-20,29.379568231813124,29.623382178216794,29.17877850591049,29.286344528198242,3957700
2007-02-21,29.15009399289402,29.350880965293108,28.891937750942432,29.11423683166504,2770400
2007-02-22,29.114243899475124,29.50865088460197,28.80589083956759,28.956483840942383,2722200
2007-02-23,29.02102689956234,29.142932540408093,28.813067321688365,28.863264083862305,1670500
2007-02-26,28.863258061448885,29.135756667477114,28.683983166657278,28.9995059967041,1590700
2007-02-27,28.432995742633274,28.698321786774585,27.40754325778306,27.85931396484375,4531000
2007-02-28,28.189181096322802,28.189181096322802,27.335830977931323,27.76609230041504,3196800
2007-03-01,27.364517932028626,27.67287094850691,26.984456056818576,27.507938385009766,3289700
2007-03-02,27.24977904146567,27.40754179549232,26.98445301148045,27.08484649658203,2290100
2007-03-05,26.711957077679262,27.113533793029358,26.60439105564265,26.661760330200195,3760500
2007-03-06,26.38926256581793,27.335833741244354,26.38926256581793,27.24978256225586,2506700
2007-03-07,27.235436705778117,27.407541776919413,27.070504161006248,27.1135311126709,1996200
2007-03-08,27.21392337872975,27.48642192269875,27.15655411241325,27.235435485839844,3115200
2007-03-09,27.60117156086048,27.67288044419848,26.977292786641964,27.127885818481445,2730700
2007-03-12,27.106364148224532,27.8091214231746,26.984458530103645,27.68721580505371,3319800
2007-03-13,27.486420308094633,27.773258416276168,26.92708093643416,27.013132095336914,2023600
2007-03-14,26.94859967033543,27.170898757570196,26.65458625854186,26.97728157043457,2658300
2007-03-15,26.984463836636106,27.163738770669397,26.719134964693588,26.905582427978516,1642500
2007-03-16,26.81952829117068,27.084854398564556,26.776501326923796,26.927091598510742,2075900
2007-03-19,26.998807640058207,27.249791467259755,26.998807640058207,27.127885818481445,2460300
2007-03-20,27.049001148961338,27.443405430873536,26.48966153129557,27.285642623901367,1932100
2007-03-21,27.421887016436525,28.20352560744618,27.414714489302735,28.11747169494629,3891200
2007-03-22,28.11746878781004,28.31825849403204,27.966878559781527,28.189180374145508,2207200
2007-03-23,28.23221074564946,28.58359075650826,28.12464744597115,28.440170288085938,2699700
2007-03-26,28.440163639355667,28.54772964940515,28.045759495036354,28.397136688232422,3082300
2007-03-27,28.28958384131189,28.325438279371998,27.852152584631067,27.966888427734375,1944300
2007-03-28,28.605091787124966,28.73416988514569,27.464903744953123,27.515100479125977,2841500
2007-03-29,27.773261269080354,27.966878448137226,27.328660377644557,27.658525466918945,1580700
2007-03-30,27.844992396745447,27.96689807530653,27.4362429081979,27.93104362487793,1624800
2007-04-02,27.292815759669068,27.98123082000982,27.127883155765655,27.959718704223633,1724700
2007-04-03,27.988398295124743,28.325436003955307,27.98122850229599,28.131818771362305,1441600
2007-04-04,28.131822747340017,28.296755360892448,27.880838930090327,28.038599014282227,1385800
2007-04-05,28.04577411508714,28.289588160849423,28.009919671552417,28.182022094726562,1726900
2007-04-09,28.196356829822577,28.504709885157542,28.138990282711724,28.203529357910156,1367500
2007-04-10,28.20354341894198,28.433015192825724,28.146174107711385,28.289594650268555,2400100
2007-04-11,28.325423247333553,28.53338270744561,28.095951682905362,28.311080932617188,1578500
2007-04-12,28.325431845781818,28.418655551978702,28.16766907152827,28.2967472076416,1684900
2007-04-13,28.28957546885589,28.504704769066105,28.26089083268987,28.354114532470703,1238300
2007-04-16,28.425819579298945,28.612266953883154,28.303913995200663,28.32542610168457,2087900
2007-04-17,28.33977090721629,28.597927149768083,28.260889529156874,28.511873245239258,1652300
2007-04-18,28.37563104744262,28.648129662293062,28.32543429411726,28.56207847595215,1714800
2007-04-19,28.49035863426777,28.547727898914328,28.2250326240702,28.32542610168457,1429400
2007-04-20,28.411482390526935,28.540560523759176,28.038590309580183,28.11747169494629,2429900
2007-04-23,28.07445186135956,28.311093318919824,27.62267832444884,27.82346534729004,2707400
2007-04-24,27.77327287382992,28.103138100934782,27.766103079987833,28.038599014282227,2686600
2007-04-25,28.074451497577016,28.289580838621845,27.931031025041133,28.01708221435547,2286400
2007-04-26,27.981229505137954,28.10313513622222,27.593995026073543,27.665706634521484,2061400
2007-04-27,27.479247673696324,27.801942937700613,27.40036630521561,27.70871925354004,1486000
2007-04-30,27.70872583088471,27.70872583088471,27.22109792408714,27.24978256225586,2148800
2007-05-01,27.264124881340216,27.543793264691068,26.991626289772714,27.24978256225586,2863300
2007-05-02,27.543801001351948,27.82346946325768,27.192420923881645,27.715906143188477,2718000
2007-05-03,27.644188485651622,27.76609683770762,27.292811220497505,27.350177764892578,2746100
2007-05-04,27.429056909701913,27.615501583107434,27.364517842846617,27.543792724609375,1746400
2007-05-07,28.454516444803,28.533397849846203,27.866494906958767,27.966888427734375,3943200
2007-05-08,28.25373034577605,28.73418584994934,28.009916329108275,28.425832748413086,4747800
2007-05-09,28.433003788990664,28.640960619996488,28.117478174811215,28.25372886657715,4032900
2007-05-10,28.146164762222956,28.39714857672331,27.680048837558395,27.780445098876953,5655300
2007-05-11,27.773267272020426,28.60510270136366,27.71590072629911,28.56207847595215,3035600
2007-05-14,28.554908509412968,29.307862612351208,28.547738716373882,29.157272338867188,6322400
2007-05-15,29.171628596217435,29.45846969413589,28.927814483642578,28.927814483642578,2969500
2007-05-16,29.566015014610688,29.788316866636734,28.89911219405033,29.214637756347656,2247800
2007-05-17,29.207471077462607,29.315037128970665,29.071223116334945,29.150104522705078,2643300
2007-05-18,29.157253638304585,29.652051106197742,28.94212442337349,29.623369216918945,2506600
2007-05-21,29.62339487820758,29.867208929137966,29.530171134626293,29.644906997680664,3277700
2007-05-22,29.58036787029366,29.809839596142922,29.401092913504,29.67359161376953,3012000
2007-05-23,29.852857471217053,30.304628255050865,29.695094681963262,29.917396545410156,2511100
2007-05-24,29.938912916830837,30.433710732346363,29.63773235143486,29.666414260864258,2949600
2007-05-25,29.795493588767147,30.18272810409711,29.73095450287882,30.024965286254883,1611200
2007-05-29,30.089500972096076,30.390684250714692,29.989107457729236,30.32614517211914,3808500
2007-05-30,30.161212710094144,30.835285406282164,30.06081645977336,30.734891891479492,3254500
2007-05-31,30.82811135155289,31.265539786219374,30.770742073586167,30.964359283447266,2103800
2007-06-01,31.036064623740256,31.093433895197318,30.734884155142954,30.799423217773438,2211300
2007-06-04,31.43765419628575,31.43765419628575,30.591476244266786,30.7133846282959,1916100
2007-06-05,31.2583742448294,31.344425437963224,30.505420149992688,30.742061614990234,2155700
2007-06-06,30.534101097018116,30.54844068120633,30.024958321767716,30.22574806213379,2352600
2007-06-07,30.032133955753295,30.032133955753295,29.436939936220842,29.580360412597656,2372700
2007-06-08,28.97081886101783,29.960414131994845,28.913449591995636,29.845678329467773,2110500
2007-06-11,29.730943085242657,30.225743465540077,29.730943085242657,30.060808181762695,1731900
2007-06-12,29.88153110316189,30.584290932252504,29.831334363300726,30.28310775756836,3240700
2007-06-13,30.40502056723049,30.76357032516709,30.125349458205193,30.43370246887207,2186000
2007-06-14,29.795488968313165,30.749232785706067,29.795488968313165,30.476734161376953,2375800
2007-06-15,30.60581457273055,30.99304905660028,30.60581457273055,30.78508949279785,2363900
2007-06-18,30.483910183977486,30.849632600546272,30.39068918294654,30.7133846282959,2858400
2007-06-19,30.76356857812805,31.193827169010895,30.727711415956644,30.92850112915039,2508200
2007-06-20,30.899824015349665,30.942850979118667,29.981937339088876,29.989107131958008,1600000
2007-06-21,29.75963654650172,29.967596109013684,29.601873742455656,29.910226821899414,2252500
2007-06-22,29.788320664799805,30.08233141728069,29.65206997806502,29.72378158569336,1794400
2007-06-25,29.745284676144365,30.003440914251104,29.365222845330166,29.401077270507812,1911200
2007-06-26,29.58037392294424,29.716621933196308,29.028206614786967,29.135772705078125,2973800
2007-06-27,28.97083730419161,30.04648716347319,28.86327122405583,29.903066635131836,3246200
2007-06-28,30.24725293855889,30.311791994038717,29.917387870780722,29.96758460998535,2479100
2007-06-29,29.917396123778804,30.18272220926987,29.824172410031938,30.118183135986328,2995500
2007-07-02,30.39784631391197,30.964355555804392,30.27594071618488,30.92850112915039,2754400
2007-07-03,30.928512997475377,31.02173399544438,30.663184120281727,30.70621109008789,923000
2007-07-05,30.72054683986377,30.8424524582852,30.512587300243574,30.656007766723633,1287000
2007-07-06,30.5699584525422,31.244031130092118,30.38351101404841,31.186664581298828,1919400
2007-07-09,31.10777197950073,31.24401987739268,30.8567855543098,31.02889060974121,1316300
2007-07-10,30.799430641762825,30.94285111945857,30.326144980229532,30.39785385131836,2089200
2007-07-11,30.297451500062596,30.584292371784898,30.111006848305202,30.54843521118164,3427900
2007-07-12,30.699033597605986,31.7675104257511,30.648836846512875,31.7531681060791,2964500
2007-07-13,31.94678511087078,31.961127430449622,31.52369625760709,31.853561401367188,1260600
2007-07-16,31.702968817232954,31.910928332553585,31.408958126286308,31.573890686035156,2428900
2007-07-17,31.695793579195954,31.88223821693369,31.30855925214403,31.380268096923828,2318100
2007-07-18,31.22966964425597,31.301381205637796,30.91414698072503,31.193815231323242,4229700
2007-07-19,31.487836352358578,32.47743434711816,31.373100551192053,32.37704086303711,4400500
2007-07-20,32.37703333348223,32.59216256869967,31.982626544147507,32.283809661865234,3399500
2007-07-23,32.377051967356664,32.448760841860675,32.03284171028642,32.06869888305664,2839400
2007-07-24,31.65995021737151,31.889421883454474,31.114952958785942,31.136465072631836,2648400
2007-07-25,31.265538083975876,31.68862691163346,30.749228287974358,30.83527946472168,2329500
2007-07-26,30.426539846450034,30.534105893382776,29.329378204016162,29.716609954833984,3791900
2007-07-27,29.580353363996657,30.075151017299063,29.17160688180828,29.279172897338867,5083300
2007-07-30,29.472794828964812,30.41936615802086,29.444112921658643,30.32614517211914,4253400
2007-07-31,30.584290651248708,30.91415572031051,29.802652192070095,29.874361038208008,3367400
2007-08-01,29.752480588518555,30.232936281684605,28.404331805132927,28.927814483642578,5301500
2007-08-02,29.401084278694473,30.146868536434443,28.669642341547725,29.752464294433594,6546600
2007-08-03,29.75962312558541,29.974752384209143,28.669631781639282,28.7700252532959,4348100
2007-08-06,28.834574711844578,29.15010029152612,27.844979217892266,28.820232391357422,5192500
2007-08-07,28.612268974530377,29.616206557090997,28.311085784900083,29.401077270507812,4254400
2007-08-08,29.795486244518173,30.469561583315098,29.4082518246371,29.8958797454834,4655300
2007-08-09,29.04253777116271,29.881543104836425,28.86326284664936,29.479969024658203,6133300
2007-08-10,28.97081523725597,29.422585864468925,28.40430608635049,29.17877197265625,3376100
2007-08-13,29.817006833256976,30.046478518370943,28.89911735728285,28.94931411743164,2877800
2007-08-14,29.078379919309477,29.401075194153606,28.2250326240702,28.32542610168457,2886400
2007-08-15,28.103126078625,28.28957346497976,26.905571326455206,27.27846336364746,5830200
2007-08-16,27.429053643871562,27.4649080688516,26.059393819702848,26.67609977722168,6645600
2007-08-17,28.002741989618958,28.483200198249854,27.1063673885715,28.41866111755371,6506100
2007-08-20,28.612268724487315,28.78437105804294,27.672867474145527,27.852142333984375,2519200
2007-08-21,27.72306330746135,27.773260047729693,27.15655411241325,27.235435485839844,3982100
2007-08-22,27.486426805962704,28.404313345961786,27.42905752945393,28.232208251953125,3886900
2007-08-23,28.39713857988334,28.56924366032369,27.565303284709476,27.85931396484375,2593200
2007-08-24,28.024258651914423,28.504714156087715,27.85932330740291,28.425832748413086,1591000
2007-08-27,28.210713215086145,28.44018498896989,28.031438220769513,28.289594650268555,1148700
2007-08-28,28.03858430762575,28.095953570345184,27.50793230505604,27.70871925354004,2183300
2007-08-29,27.859313644459448,28.18200895687567,27.49359411406601,28.05293083190918,2142400
2007-08-30,27.74458310486257,28.146159873836247,27.608335162871224,27.77326774597168,2781500
2007-08-31,27.974065741807117,28.6839958425383,27.844990277193183,28.411497116088867,2801100
2007-09-04,28.18199753897593,28.9206115627062,28.009895265759237,28.71982192993164,2576800
2007-09-05,28.554907947280658,28.648131668062383,27.83780829469095,27.974056243896484,3332000
2007-09-06,28.06011098996879,28.174846828307935,27.51511370621923,27.579652786254883,2594200
2007-09-07,27.02748147305956,27.450570323529064,26.99879956960905,27.335834503173828,1763800
2007-09-10,27.371679809056353,27.42904906786729,26.73346185012723,27.099184036254883,2000400
2007-09-11,27.14938942892227,28.131815047499188,27.14938942892227,28.09596061706543,2010500
2007-09-12,27.945377387764843,28.260900284565487,27.45774935192488,27.472091674804688,2008400
2007-09-13,27.52945131545193,28.16049968605327,27.507939204295216,28.09596061706543,2310900
2007-09-14,27.945378365489983,28.389979448245782,27.78044574987926,28.368467330932617,2016100
2007-09-17,28.526211903813657,29.164429901864207,28.468845377003095,29.071208953857422,3071800
2007-09-18,29.028182795612565,29.88870260528143,28.68397541884843,29.730939865112305,3348900
2007-09-19,29.974751990545563,30.175541666738724,29.522978638507077,29.68791389465332,2134000
2007-09-20,29.45846810953668,30.132541097210737,29.45846810953668,29.981950759887695,2732000
2007-09-21,30.02495153227257,30.555606299326936,30.02495153227257,30.28310775756836,1908800
2007-09-24,30.397858972726546,30.97871077427264,30.175559793587528,30.247268676757812,2720900
2007-09-25,30.06797848166092,30.491067243002988,29.88870362915186,30.28310775756836,2477700
2007-09-26,30.340488456976043,30.87114068848506,30.340488456976043,30.78508949279785,1737000
2007-09-27,31.05041242171849,31.538040373095697,30.942849122028697,31.437646865844727,2752200
2007-09-28,31.337262411083586,31.681469993455448,30.90700088147974,31.22252655029297,1826600
2007-10-01,31.208162621886512,31.72447500578612,31.179477992666133,31.645593643188477,3834400
2007-10-02,31.602582847752732,31.66712192871858,30.605814724905443,30.691865921020508,2593900
2007-10-03,30.634491972629924,31.365933801809856,30.412190139525443,30.562780380249023,1878100
2007-10-04,30.656010673936912,31.193835422602472,30.40502688543357,31.08626937866211,3029200
2007-10-05,31.294225970266133,31.552382262826665,30.498244980043783,30.656007766723633,2517400
2007-10-08,30.49107093380748,30.641661171619234,30.11100907584902,30.405019760131836,1584800
2007-10-09,30.548434113263976,30.684684753417972,30.247253670745614,30.68468475341797,1404800
2007-10-10,30.663174819961817,30.799425481929816,30.433703188299283,30.577123641967773,1159600
2007-10-11,30.64166452290588,31.40179105747553,30.634494730781036,31.172319412231445,2855800
2007-10-12,31.408956654210165,31.509350143654864,31.021722278765676,31.315732955932617,1644900
2007-10-15,31.244041326269517,31.473513067364554,30.62733499625701,30.87114906311035,1421700
2007-10-16,30.76357410662312,31.050412306919988,30.240088988433484,30.519760131835938,1819700
2007-10-17,30.548449437433614,30.76358155916988,30.197072078232363,30.620161056518555,2107500
2007-10-18,30.440871881708116,30.720540226604758,30.2974514461024,30.634489059448242,2218000
2007-10-19,30.648826600965858,30.820928908462502,29.766792016857345,29.96040916442871,2277500
2007-10-22,29.652071484411866,30.476737233163597,29.652071484411866,30.39068603515625,1568400
2007-10-23,30.4767303916937,31.150802973217747,30.4767303916937,31.00738525390625,1705600
2007-10-24,31.007387847437425,31.100608825683594,30.35482732212487,31.100608825683594,1880900
2007-10-25,31.287054643606442,32.04000863630451,31.01455604420946,32.004154205322266,3405500
2007-10-26,32.10454489400328,32.72125090073986,32.10454489400328,32.47026443481445,3825800
2007-10-29,32.405741779327684,33.36665570383836,32.405741779327684,33.23040771484375,3993700
2007-10-30,33.072636445827804,33.13000573322479,32.190604168485464,32.2336311340332,2614600
2007-10-31,32.0185048128896,32.0185048128896,31.229693449505735,31.681467056274414,3965700
2007-11-01,31.4017838340921,31.860727019009115,30.254423136282405,31.48066520690918,3221400
2007-11-02,32.55632518999795,32.55632518999795,31.193834761385386,32.44158935546875,2426800
2007-11-05,32.30532444686387,32.77144010813119,32.00414403965744,32.3985481262207,1662000
2007-11-06,32.44876288458316,33.02244212328427,32.04001625603872,32.89336395263672,2317700
2007-11-07,32.04716751020656,32.57064968365287,31.27270166987396,31.645593643188477,3899600
2007-11-08,31.595417322484646,31.731665296031203,30.376347148188774,30.971538543701172,3479300
2007-11-09,31.552383043273963,31.552383043273963,30.067987059852282,30.2902889251709,10799600
2007-11-12,30.24009052173376,30.878311499506218,29.759635075728486,30.211408615112305,5046500
2007-11-13,30.440865265919637,31.043228776136672,30.40501084868986,30.591455459594727,7625000
2007-11-14,30.799421669212943,31.3444160430662,30.51258079738452,31.14362907409668,4891100
2007-11-15,31.18667378803267,31.903773640513805,30.69187313908863,31.73166847229004,6380500
2007-11-16,31.796196037358538,32.69974032018088,31.774683924951628,32.26948165893555,65933700
2007-11-19,32.255145286706785,32.57066818076825,31.92528006989002,32.16909408569336,6642000
2007-11-20,31.910928332553585,32.53480414299792,31.08626279829181,31.573890686035156,9222000
2007-11-21,31.251207211515915,31.573899898142773,30.914169466662216,31.265546798706055,4328900
2007-11-23,31.408949555395555,31.910919624684972,31.36592534708179,31.645593643188477,1206800
2007-11-26,31.710137719044,32.24796229237641,31.38744242794111,31.444808959960938,3120600
2007-11-27,31.55237772098734,31.753164703846213,31.157973546578496,31.523693084716797,4421700
2007-11-28,31.695801174943043,32.33401934718729,31.595407673985665,32.004154205322266,4739700
2007-11-29,31.839211155357486,32.85749088480567,31.731645162295514,32.65670394897461,5805700
2007-11-30,32.95071456309159,33.12998939451699,32.30532407575342,32.65670394897461,2618900
2007-12-03,32.42724833339481,32.714086563450806,32.09021060917287,32.21211624145508,3452200
2007-12-04,31.832044140266593,31.832044140266593,30.37633313247743,30.440872192382812,6066100
2007-12-05,30.197071915736924,31.05041966186652,29.94608535356807,30.7133846282959,4255500
2007-12-06,30.69903367036033,30.892650883114516,29.917395027249462,30.22574806213379,4389600
2007-12-07,30.225744497631954,30.906986822462443,29.938903608374677,30.605806350708008,6284400
2007-12-10,30.749224262361018,31.17948282528682,30.749224262361018,30.993038177490234,2102000
2007-12-11,31.08626585340904,31.17231977300987,30.37633879756799,30.419363021850586,2802800
2007-12-12,31.043246408417566,31.043246408417566,29.587532169509256,30.046478271484375,4335500
2007-12-13,29.8672095258628,29.996287716317703,28.927807747667426,29.35806655883789,4476600
2007-12-14,29.23614961628178,29.436936619273848,28.82023055520649,29.293516159057617,4657500
2007-12-17,29.10706480497365,29.47278429596873,28.741345313978567,28.791542053222656,4162800
2007-12-18,29.085554499220297,29.652060982268644,28.741347093583745,29.401077270507812,4054500
2007-12-19,29.587524135516407,30.05363990423731,29.365225041479437,29.802656173706055,2623800
2007-12-20,30.06081347399185,30.067986001775697,29.3867408447559,29.809829711914062,1914200
2007-12-21,30.103848174898694,30.4839101796346,29.831349494918218,30.247268676757812,3224400
2007-12-24,30.175547011676677,30.598633072894405,30.175547011676677,30.491069793701172,624800
2007-12-26,30.64165763578355,31.000207342828315,30.36915909248472,30.756393432617188,1337000
2007-12-27,30.88548384309633,30.95719271884941,30.18989625911475,30.39068603515625,1566400
2007-12-28,30.749230909284808,30.749230909284808,30.1540369418759,30.419363021850586,1003900
2007-12-31,30.297451500062596,30.634489114008705,30.08949200483979,30.54843521118164,1570300
2008-01-02,30.46956524914569,30.634497839934333,29.43694000522642,29.573190689086914,3144900
2008-01-03,29.472790628785926,29.580356656288604,28.65529757342224,29.01384735107422,4630600
2008-01-04,28.68399050646062,28.8345808000951,28.038599625857856,28.239389419555664,4752900
2008-01-07,28.275226940468237,28.504698508360864,27.26411698959234,28.074440002441406,3462300
2008-01-08,28.275235124887423,28.662469533612143,27.17807370235172,27.24978256225586,3277000
2008-01-09,27.28564200248545,27.60833740234375,26.76215956961228,27.60833740234375,3787800
2008-01-10,27.371691172900146,28.44734060252873,27.314324625789293,28.203529357910156,3068000
2008-01-11,28.210689855185713,28.76285670872074,27.708719739652317,27.988388061523438,3608900
2008-01-14,28.260887489578195,28.73417298826051,28.045758214816626,28.662464141845703,3141000
2008-01-15,28.36129170840685,28.82740759315981,27.75175807651592,28.00991439819336,4499500
2008-01-16,27.794776555454433,28.260892343763732,27.450569109610264,27.507938385009766,4347300
2008-01-17,27.644187211805992,28.074448584772792,27.28563743542584,27.50076675415039,10497900
2008-01-18,27.73023778070688,27.78043726496943,24.926378700663314,26.274526596069336,12291400
2008-01-22,24.955055031580706,25.92314072551211,23.018886379234633,25.751035690307617,7372400
2008-01-23,24.955060511419855,25.794068297063358,23.24119324996841,25.758211135864258,12896000
2008-01-24,25.751044411911078,27.414715128449497,25.708017454658002,27.24978256225586,5952800
2008-01-25,27.457746628581532,27.615506693575536,25.8872966229843,25.944665908813477,5444000
2008-01-28,26.03788664945921,26.525514581106403,25.815584795599584,26.47531509399414,3886400
2008-01-29,26.61157073598517,28.174848326163172,26.582886090995885,27.83064079284668,5429900
2008-01-30,27.773280948132,28.32544824212691,26.89124833113314,27.027496337890625,5439300
2008-01-31,26.661764748170174,27.142220192374083,26.188479096715238,26.841039657592773,7399400
2008-02-01,26.812358935703948,27.80912714014477,26.44663927063916,27.715906143188477,3921500
2008-02-04,27.71589671505143,27.859314426357194,27.386028866702674,27.651357650756836,3879700
2008-02-05,27.314328967393315,27.651366717614728,26.496835708618164,26.496835708618164,3882000
2008-02-06,26.927086665322246,27.880830348344762,26.90557455489899,27.063337326049805,5699000
2008-02-07,26.740658106378465,27.056181103300727,26.05224280281031,26.61157989501953,4145800
2008-02-08,26.425107235688273,27.38602037528694,26.403595132766036,26.970104217529297,2747200
2008-02-11,27.18524450360153,27.837805000824194,26.862549151014992,27.737411499023438,3790900
2008-02-12,27.85931254803698,28.447333878401256,27.6513557864574,28.189180374145508,3429800
2008-02-13,28.648138287854394,28.74853182473223,27.715909071179016,28.547744750976562,2697500
2008-02-14,28.404309230550105,28.533387348475458,27.70872189900984,27.852142333984375,2668300
2008-02-15,27.694394546228565,27.981235571168057,27.40038372664902,27.923866271972656,1887200
2008-02-19,28.303920165960612,28.468852734502057,27.91668575172364,28.067276000976562,3129700
2008-02-20,27.823453174328076,28.526210182329013,27.687205287797845,28.311080932617188,3221200
2008-02-21,28.354116258214574,28.5047065039755,27.823461398915324,27.916685104370117,2205400
2008-02-22,28.081620276245186,28.813062197800978,27.608334648828833,28.540563583374023,4709300
2008-02-25,28.8991053220955,29.10706480497365,28.246544976405243,28.791542053222656,3151700
2008-02-26,28.605101835654047,29.802659557859396,28.332603229050548,29.47279167175293,3780700
2008-02-27,29.228982562694394,29.551677974735366,28.7772117213553,28.94931411743164,2445000
2008-02-28,28.89912093511197,29.39392154000588,28.770042754315178,29.099910736083984,2744300
2008-02-29,28.83459219300166,28.848934522183946,27.307171064602844,27.565324783325195,5757000
2008-03-03,27.54379996837664,27.60116925867677,27.04182962032379,27.292816162109375,3521100
2008-03-04,27.005963333738904,27.178068393615998,26.446626676293327,26.991621017456055,4844600
2008-03-05,26.991627222985695,27.601163495315692,26.88406392941058,27.26412582397461,4022700
2008-03-06,27.23543939818778,27.249781716827165,26.633075692921423,26.661760330200195,2487400
2008-03-07,26.396431932235078,26.941426314591183,25.93031619212101,26.382089614868164,3045500
2008-03-10,26.33188953520533,26.33188953520533,25.421173014187392,25.457027435302734,3250500
2008-03-11,25.980518477812165,26.46097663779376,25.442693771641707,26.417949676513672,3897100
2008-03-12,26.52550960592834,26.633072881091213,26.009197131491266,26.0737361907959,2315000
2008-03-13,25.765380294466627,27.142209756403187,25.514396611983496,26.75497817993164,4843400
2008-03-14,26.841037774174435,26.998800558761975,26.18847725908665,26.812353134155273,5132900
2008-03-17,26.288875964424115,27.206762742482166,26.1956522336781,27.03466033935547,6249100
2008-03-18,27.54379262253498,28.19635308031239,27.03465261673979,28.11747169494629,5904600
2008-03-19,28.303927214807167,28.691158989963146,27.9238624978038,27.945377349853516,5088400
2008-03-20,27.981216323136007,28.40430503934745,27.67286339087088,28.074440002441406,4528300
2008-03-24,28.07445206968317,29.185955967330205,27.96688602920976,28.727012634277344,4205300
2008-03-25,28.68397809001216,28.820226001153483,28.189180452745685,28.669635772705078,3494900
2008-03-26,28.461672851453656,29.436928426886087,28.368451903446875,29.071208953857422,3144100
2008-03-27,28.949317835785997,29.616220861157334,28.848924302593513,29.035371780395508,3059400
2008-03-28,29.035373191974124,29.150109054846173,27.737421520625112,27.923866271972656,4204800
2008-03-31,28.09595958458011,28.268061938544708,27.479253555918856,28.11747169494629,4049800
2008-04-01,28.311105842325688,28.84176101166426,27.988410316073804,28.65531349182129,3348000
2008-04-02,28.870433818450437,29.307865089801233,28.71267373859157,28.92063331604004,3172100
2008-04-03,28.82023314563971,29.838516042734724,28.655300558997713,29.408254623413086,3710100
2008-04-04,29.401086334968134,29.479967735988758,29.021024386979473,29.157272338867188,2278800
2008-04-07,29.214644447944835,29.401089175674674,28.468860065988668,28.705501556396484,3907200
2008-04-08,28.562079311797955,29.07838918047073,28.483197915544597,29.06404685974121,3247400
2008-04-09,28.949313349483617,29.193127350389254,28.160504794769132,28.41866111755371,2570000
2008-04-10,28.676803119092437,28.676803119092437,27.93818895654217,28.311080932617188,3123800
2008-04-11,28.031432340204653,28.246561741149897,27.78044849502166,27.923866271972656,3597700
2008-04-14,27.809125617647975,28.404319684415196,27.680047452216968,27.966888427734375,2050100
2008-04-15,28.09595335912444,28.246543569355328,27.62983767734276,27.86648178100586,2581000
2008-04-16,28.196360477818963,28.734185262216098,28.0529399882094,28.691158294677734,3198700
2008-04-17,28.655293578697453,28.97081908977633,28.31108616839831,28.576412200927734,1882100
2008-04-18,28.906287206843178,29.723780351227887,28.906287206843178,29.3939151763916,5045500
2008-04-21,29.28634158001293,30.01061081921828,29.17877556855359,29.931732177734375,2185100
2008-04-22,29.93891026241526,29.93891026241526,29.293519485904472,29.55167579650879,2408100
2008-04-23,29.766805880360685,30.806600941359363,29.709439329649697,30.61298370361328,4867700
2008-04-24,30.84245152861501,31.41613337724301,30.14686680075791,31.172319412231445,5193100
2008-04-25,31.13645546708129,31.32290284795373,30.476725314498054,31.25119400024414,3600300
2008-04-28,31.150805623253433,31.495013102814934,30.871137217079585,31.12212371826172,4476200
2008-04-29,31.043245591975644,31.100612143514883,30.634498996005195,30.885482788085938,3329600
2008-04-30,30.89265382099697,31.62409304693764,30.89265382099697,31.136465072631836,3887500
2008-05-01,31.150806164442038,32.04718067955566,30.935676827918357,31.308568954467773,4778100
2008-05-02,31.473493102886504,32.240789263366366,31.401784255100743,31.738819122314453,5878200
2008-05-05,31.573887857456416,31.573887857456416,30.720540498112324,31.014551162719727,3701000
2008-05-06,30.792267092155594,31.595420907238633,30.763585176667466,31.53805160522461,2983700
2008-05-07,31.760336328185026,32.73559204953136,31.287050785239586,31.530864715576172,8240000
2008-05-08,31.84640385651146,31.860746181605933,31.30857897530342,31.545223236083984,2368700
2008-05-09,31.079103878083266,31.495020318692188,31.03607690746089,31.35160255432129,1875000
2008-05-12,31.244022216979122,31.925267228485364,31.244022216979122,31.910924911499023,3094800
2008-05-13,32.004142579545864,32.22644161219441,31.753156182807622,32.13322067260742,3017000
2008-05-14,32.21210529504454,32.75710239732936,32.13322665505868,32.54197311401367,3144900
2008-05-15,32.420073883933,32.785796230148094,32.154747784583435,32.71408462524414,2401800
2008-05-16,32.78578777255887,32.87900873160922,32.32684456163701,32.685394287109375,2280100
2008-05-19,32.76427670625231,33.058287405615275,32.44875389624643,32.663883209228516,3110700
2008-05-20,32.39855024525407,32.60650972222216,31.975461501136987,32.240787506103516,2529400
2008-05-21,32.262308776621325,32.41289902008218,31.16514464514951,31.365934371948242,3663000
2008-05-22,31.365940991775776,31.702975978912615,31.186666073004925,31.358768463134766,2842100
2008-05-23,31.15796081839051,31.330063094674166,30.985855806590493,31.193815231323242,1523300
2008-05-27,31.244028044691504,31.88941875187037,31.19383129363512,31.78185272216797,2341900
2008-05-28,31.846404256490594,32.25515095250091,31.73166838981259,32.17626953125,2327600
2008-05-29,32.197761188083085,32.65670432412157,32.14756445354868,32.3985481262207,2154800
2008-05-30,32.685418817136,32.98659949951707,32.52048341238137,32.78581237792969,2979300
2008-06-02,32.95072604504776,32.95072604504776,32.04717904792581,32.18342971801758,4016600
2008-06-03,32.41289391639511,32.570653926624956,31.60257081621802,31.99697494506836,3517400
2008-06-04,31.172322260220994,31.946788449797705,30.806599911531347,31.186664581298828,4620600
2008-06-05,31.358770891207122,31.602584909034434,30.448053905073294,31.595415115356445,3804600
2008-06-06,30.964376953805676,30.964376953805676,29.931753980780016,29.981950759887695,6601000
2008-06-09,29.989097442577194,30.792248024810018,29.874361645115364,30.68468475341797,4484800
2008-06-10,30.29745541897606,31.745996811056678,30.189889394287434,31.04323959350586,5932900
2008-06-11,30.82093231509554,31.129285280252496,30.17554448737322,30.28310775756836,3472600
2008-06-12,30.40501978045986,30.964356513001743,30.161205841951283,30.37633514404297,3224000
2008-06-13,30.405030913748377,31.122130673643213,30.376346266828147,30.978710174560547,6695300
2008-06-16,30.66317025450779,31.760334236524493,30.512580031560255,31.602571487426758,3374000
2008-06-17,31.6886249283821,32.15474068300001,31.609746283685645,31.9180965423584,2641900
2008-06-18,31.71732075651091,31.853568720539734,31.365943420403493,31.595415115356445,2184200
2008-06-19,31.638444725522216,31.91094343541032,31.38028834094599,31.73166847229004,2721700
2008-06-20,31.43047586139675,31.652774980160864,30.813769785758634,31.050411224365234,3329500
2008-06-23,31.179489143064192,31.23685842202133,29.953249528292048,30.139694213867188,5543700
2008-06-24,30.11818035400971,30.369164096086074,29.50147431860193,30.096668243408203,3752400
2008-06-25,30.103840796697224,31.12212364835762,30.103840796697224,30.5986385345459,3778600
2008-06-26,30.211415214578082,30.32615107268122,29.623393599859664,29.76681137084961,4020100
2008-06-27,29.903054557385527,30.111014102710357,29.372399637508025,29.752464294433594,4595800
2008-06-30,29.745287873244916,30.53409898952311,29.59469763000259,30.297454833984375,4794300
2008-07-01,29.83852264301784,29.931746381486324,28.397150535959838,29.099910736083984,10231800
2008-07-02,29.26482748293677,29.451272123208263,28.182005857633623,28.225032806396484,5672300
2008-07-03,28.956482665158212,29.70226417148363,28.34694636276944,28.540563583374023,5260700
2008-07-07,28.605093834593287,29.257654161065588,28.42581898956774,28.71265983581543,5780200
2008-07-08,28.68397755559259,29.22180213475995,28.612268705910516,29.021015167236328,4898600
2008-07-09,28.97082291163851,29.817000599404906,28.576415970759328,28.633785247802734,4116000
2008-07-10,28.791543550363098,29.716599747047223,28.533387314816917,29.566009521484375,5648900
2008-07-11,29.1142259361959,29.30067325694968,28.418641584044273,28.71982192993164,6721100
2008-07-14,29.006680278813736,29.214639825874414,28.440170920483464,28.590761184692383,3423300
2008-07-15,28.318262318890067,29.178779587004527,27.966882337179772,28.69832420349121,5275000
2008-07-16,28.78437612135392,28.85608771921424,28.37562958786223,28.813060760498047,4005400
2008-07-17,29.02101607675113,29.250487685546098,28.052930162599836,28.497533798217773,4441800
2008-07-18,28.526217538941033,28.683980305989586,28.067274291728005,28.50470542907715,5458200
2008-07-21,28.62661702576391,28.870431018831837,28.26806719687097,28.375633239746094,2829900
2008-07-22,28.275244024647833,28.2895863482465,27.37886931611986,28.14616584777832,4806200
2008-07-23,28.325432213466858,29.58752621732519,28.239381033446847,29.142925262451172,5309400
2008-07-24,29.178782656333077,29.39391473150921,28.519052316645652,28.590761184692383,3157800
2008-07-25,28.8058857169807,29.931734453152597,28.8058857169807,29.680747985839844,4556600
2008-07-28,29.63055196979444,29.74528778365984,29.12141196673658,29.286344528198242,2945500
2008-07-29,29.465632040688284,29.76681265538648,29.22898778440934,29.644906997680664,2569800
2008-07-30,30.21858023911035,30.942852451673566,29.193127472385306,30.691865921020508,7411600
2008-07-31,30.656011917150238,30.885483600378677,29.867203347992266,30.046478271484375,5299100
2008-08-01,29.953247270112946,30.297454711352596,29.300686816519903,29.852853775024414,4329800
2008-08-04,29.838506401072046,30.161201677411835,29.15726142558074,29.458444595336914,3377100
2008-08-05,29.544498289858435,29.623379668116527,29.200290877428227,29.587522506713867,3829200
2008-08-06,29.53732555681576,30.512581252973373,29.42976227991202,30.31179428100586,4731600
2008-08-07,30.139695558974385,30.297458347629547,29.393914047872496,29.45128059387207,3182200
2008-08-08,29.472788245533398,30.433701681359256,29.472788245533398,30.37633514404297,2590700
2008-08-11,30.40502553460522,31.14363728125856,30.189893456282334,30.849626541137695,3629100
2008-08-12,30.820942193722082,31.07192870899043,30.58430073503151,30.663179397583008,2277800
2008-08-13,30.627327513556022,30.84962940521979,30.14687202787021,30.39068603515625,1602700
2008-08-14,30.39785463987274,30.713380246092083,30.118186205646076,30.505420684814453,1615700
2008-08-15,30.56995916508922,30.699037322280326,30.218579129287182,30.32614517211914,3120300
2008-08-18,30.29746195501888,30.50542152200374,29.515823182143226,29.637731552124023,3445200
2008-08-19,29.35089162572757,29.429773032253834,28.58359514763847,28.648134231567383,4541600
2008-08-20,28.90628013553635,29.221802912256685,28.411479758806305,28.511873245239258,3448000
2008-08-21,28.382819680220848,29.085577361049673,28.210714474365886,28.927814483642578,2528800
2008-08-22,29.092722501527334,29.609034945999678,29.04252576226109,29.336536407470703,2061100
2008-08-25,29.12141204549769,29.34371114673449,28.683980899103545,28.741350173950195,1626900
2008-08-26,28.67681804786179,29.20030049770139,28.67681804786179,29.042537689208984,1768200
2008-08-27,29.04254238264103,29.64490633407211,29.02820005814045,29.50148582458496,2297500
2008-08-28,29.644898554592704,30.17555347978392,29.55884736568963,30.0679874420166,1920300
2008-08-29,30.003451191029956,30.067990272662563,29.609046907949928,29.637731552124023,2191900
2008-09-02,30.21139142143769,30.247245835947844,29.35804158430703,29.515804290771484,2998500
2008-09-03,29.594708195999274,29.709444051173588,28.533400851757243,28.827411651611328,5064800
2008-09-04,28.576416680230675,28.69115250164836,27.680042220555716,27.737411499023438,4779900
2008-09-05,27.61551250876683,27.916695851756046,26.9701243203934,27.801959991455078,5857300
2008-09-08,28.820246152901312,28.820246152901312,27.68005711715747,28.65531349182129,5340100
2008-09-09,28.461674033815676,29.214630587800837,27.39319746598954,27.694377899169922,6507700
2008-09-10,27.90951626711127,28.02425483392863,27.37886407317097,27.479257583618164,5152900
2008-09-11,27.321496004340613,27.880835600368716,26.82669822277548,27.809123992919922,3767400
2008-09-12,27.67287249693732,28.35411763507847,27.264125961156186,28.210697174072266,2814600
2008-09-15,27.637031437334773,28.03143584429026,26.676117439842248,26.884077072143555,4080500
2008-09-16,26.61873670811564,27.60116514157494,26.059399888713934,27.37169075012207,6660900
2008-09-17,27.364515850094172,27.371685641214814,25.30644112327679,25.392492294311523,5817900
2008-09-18,25.779730602582937,28.540562907919494,22.868305305550447,27.888002395629883,11043700
2008-09-19,28.68398224816033,31.10777951407484,25.980516593009092,28.476022720336914,8458200
2008-09-22,28.468850301843734,28.468850301843734,26.604389986419285,26.74064064025879,2777900
2008-09-23,26.86255551583294,26.90558248487855,25.349474631709153,25.492895126342773,5469000
2008-09-24,25.62914511181836,25.90164103494556,25.026781239586214,25.378158569335938,3417400
2008-09-25,25.356638273513838,27.529448841659793,25.356638273513838,27.321489334106445,6380500
2008-09-26,26.805181325791484,27.429057153936075,26.188475289353498,27.386030197143555,5836400
2008-09-29,26.812357896231344,26.95577838628186,23.563897063850973,24.524810791015625,10897200
2008-09-30,25.134343777301503,26.23867796476979,24.632373443405168,25.794076919555664,8990300
2008-10-01,25.79407714481995,26.73347600328995,25.141516525711264,25.693683624267578,6589200
2008-10-02,25.528747752204893,25.844273365083218,23.800537616685922,24.065866470336914,5802300
2008-10-03,24.481776625159018,25.944660269621046,24.39572545063699,24.83315658569336,8947300
2008-10-06,24.216454050335667,24.488952666869604,22.23008781120163,23.92961311340332,8468500
2008-10-07,24.30249984423622,25.46420018353507,22.50258006642514,22.559947967529297,6264900
2008-10-08,21.99344447129415,24.39572837039389,21.032530911654256,23.771852493286133,9626400
2008-10-09,24.245137851756056,25.76538819962283,21.900221890397475,22.09383773803711,6518500
2008-10-10,21.111412777838776,22.64600549657622,19.404714950080525,21.22614860534668,9809600
2008-10-13,23.14797825373776,24.424417624726818,21.950423025720802,24.359878540039062,8660100
2008-10-14,25.38531651056912,25.6793271164227,22.94717777750275,23.649934768676758,8284400
2008-10-15,23.16231200473132,24.02283190360574,21.08989500356572,21.52015495300293,7160900
2008-10-16,21.563179474289807,23.320073611289203,20.90344794908792,23.0404052734375,9344600
2008-10-17,22.373509557336956,24.947897402230037,22.072327650565757,24.245140075683594,9469900
2008-10-20,24.54632262594921,24.904872479209676,23.255543701315194,23.714487075805664,6935800
2008-10-21,23.700141169207733,24.04434864802061,22.201402899814532,22.3376522064209,5165200
2008-10-22,22.12969777613634,22.230091299159284,20.308263832519533,20.982337951660156,6028100
2008-10-23,21.154443586194837,21.405428783650702,18.72347576092186,19.899518966674805,7617500
2008-10-24,17.819929413403678,20.16484597053171,16.020008841182904,19.45491600036621,7681300
2008-10-27,19.232606887817383,20.200691411704284,18.673270196322594,19.232606887817383,5217900
2008-10-28,19.842146080188638,21.79982766914932,19.469253958169762,21.763973236083984,6646400
2008-10-29,21.62054664292865,22.760734798691086,20.838908187273685,20.85325050354004,7457600
2008-10-30,21.850034078776524,22.258782182258606,21.125762995154677,21.527339935302734,6108600
2008-10-31,21.79265267352679,23.62842831986938,21.469958729455318,23.169485092163086,8004500
2008-11-03,23.64277698527775,23.915272890189563,23.147976462455166,23.384620666503906,4338600
2008-11-04,23.836389532300768,24.847499758121607,22.75356771231535,23.24836540222168,5335900
2008-11-05,23.234022806991195,23.54237578313187,22.201397869025293,22.24442481994629,4087000
2008-11-06,22.244432000073,22.452390192282035,20.932139664086595,21.498647689819336,4380700
2008-11-07,21.62772502073695,22.445218172191325,21.097071451568407,21.921735763549805,3935300
2008-11-10,22.330473774215267,22.438039773103654,20.73134251954434,21.204627990722656,3749900
2008-11-11,21.046875878732273,21.175954039956437,19.87800263454377,20.121816635131836,3922200
2008-11-12,19.569650804181716,20.11464535402457,18.5513692100916,18.766498565673828,5837300
2008-11-13,18.744981775695113,19.533791553252836,17.62630686207732,19.51944923400879,7652400
2008-11-14,19.139380947862584,20.143319707313765,18.909909387731844,19.103525161743164,5576300
2008-11-17,18.80234455691596,18.91708034405857,17.447027216444816,17.74820899963379,5831900
2008-11-18,17.568938327394733,17.913145770444846,16.2996718424188,17.253414154052734,6221700
2008-11-19,17.160191145058914,17.375320446591658,15.42481031134955,15.475007057189941,6099000
2008-11-20,15.245532803090939,15.85506754245242,14.26310606226614,14.442380905151367,8348700
2008-11-21,14.786592082292922,15.094943714006336,13.875875401935364,15.001721382141113,6694500
2008-11-24,15.35310112346975,18.486826731716672,15.295733214675609,18.035053253173828,7957400
2008-11-25,18.752152400088804,19.89951191944649,17.160191938926253,17.992027282714844,7573800
2008-11-26,17.784070523596853,19.899515008545876,17.289272756819503,19.490768432617188,7058000
2008-11-28,19.476432190730385,19.59116805951376,18.84538491242182,19.53380012512207,2026200
2008-12-01,19.06767711857208,19.06767711857208,17.891634295818346,18.235841751098633,4192000
2008-12-02,18.608736203743806,19.7991214966361,18.22867290217833,19.490768432617188,4349200
2008-12-03,18.8884060066439,20.057277903405204,18.47248823977532,19.956884384155273,4295400
2008-12-04,19.66287211011689,20.760035047614874,19.59116187283275,19.999908447265625,4211600
2008-12-05,19.5983365602456,21.34088921137186,18.995972647072094,21.240495681762695,3967600
2008-12-08,21.512985433648907,21.692260312262647,20.67397894702625,20.874767303466797,4865700
2008-12-09,20.523388968087207,20.881938729901908,18.97445273870962,19.641355514526367,7679100
2008-12-10,19.748922387274387,20.781544760958607,19.7058954292184,19.985565185546875,3507100
2008-12-11,19.827800968634246,20.630953013169556,19.2182661180171,19.69872283935547,5789200
2008-12-12,19.132213403243167,19.76326031275896,19.01030644293506,19.232606887817383,4474500
2008-12-15,19.31148936553505,19.634183313391222,18.458140594721336,18.881229400634766,3546700
2008-12-16,19.053341159045495,20.36563371711394,18.881237373959717,20.272411346435547,4730200
2008-12-17,19.863662224160535,21.032534132584882,19.75609617502332,20.56641960144043,3408900
2008-12-18,20.25805979155058,20.874765766250473,19.677209610588285,20.351282119750977,4863600
2008-12-19,20.473196645797337,21.37674246537696,20.473196645797337,21.118587493896484,5419600
2008-12-22,21.132917026769338,21.247652811582324,19.454904464181375,19.84930992126465,3844700
2008-12-23,20.293907662495936,20.552063822986195,19.605493058199563,19.93535804748535,2842600
2008-12-24,20.150494985228438,20.265230788756792,19.497934589751416,19.906681060791016,892000
2008-12-26,20.01424791806184,20.329772096523104,19.93536653150682,20.27957534790039,1276200
2008-12-29,20.064445282286062,20.128984351855067,19.390372683301344,19.684383392333984,1802100
2008-12-30,19.83497538469398,20.54490384453881,19.62701720607712,20.25806427001953,2821800
2008-12-31,20.22220931929407,21.34805547535828,20.179182358396584,21.025360107421875,3105800
2009-01-02,21.484300843546386,21.75679942558032,20.365625981521845,21.649234771728516,2810000
2009-01-05,21.46279502884874,21.964764016646456,21.240494496649166,21.563188552856445,4966400
2009-01-06,21.75681034860846,22.122531449522253,21.039710472564042,21.677928924560547,4424100
2009-01-07,21.305033257329427,21.369572345284226,20.444514364197545,20.838918685913086,4234600
2009-01-08,20.760038978162505,20.824578067161667,20.057280161033763,20.70267105102539,4907300
2009-01-09,20.760028498260255,21.132919152532356,20.078783510618,20.35845184326172,3817100
2009-01-12,20.29390940861649,20.451672128160578,19.727401679390812,20.093122482299805,2888300
2009-01-13,20.042934141824738,20.552074195577806,19.770435530942564,20.41582489013672,4752500
2009-01-14,19.999910101753603,20.45885483768278,19.641360253430967,20.12898826599121,5525000
2009-01-15,20.451673333901415,20.795880685958707,19.605495900941744,20.552066802978516,6411000
2009-01-16,21.154437633307726,21.226147864938515,20.387141300703753,20.846084594726562,4291300
2009-01-20,20.688327723334663,20.760037970715906,20.021424747879742,20.042938232421875,4526300
2009-01-21,20.128982117083872,21.233315969095226,20.02858862790419,21.197460174560547,3718500
2009-01-22,20.70266414302494,21.69943205734362,20.70266414302494,21.355224609375,3378500
2009-01-23,20.767200506375854,21.699430661001053,20.566413525194065,21.599037170410156,2767000
2009-01-26,21.656411438318656,22.31614321554286,21.211809023506188,21.512990951538086,5647500
2009-01-27,21.799823481129305,21.94324392135568,21.03969843055036,21.692258834838867,3365500
2009-01-28,22.201401330551562,23.011724585042884,21.79265480738286,22.947185516357422,4944000
2009-01-29,22.423703699253483,22.88264698262707,22.251599967988387,22.387847900390625,2798500
2009-01-30,22.416535245955334,22.696203672057198,21.3839113659314,21.756803512573242,4468500
2009-02-02,21.48429933328649,21.88587601881687,21.089895174301986,21.692258834838867,3261300
2009-02-03,21.706600267438844,22.10817556883838,21.577522150049337,21.9432430267334,3656700
2009-02-04,22.050810027128627,22.45238537147949,21.491471914535133,21.685089111328125,1984600
2009-02-05,21.362401596404084,22.12969808805846,20.87477356154656,21.971935272216797,4503600
2009-02-06,21.80699664770776,22.402189204257407,21.398250133515194,21.65640640258789,5441400
2009-02-09,21.448444244637045,21.634890264069153,21.046868939268702,21.541667938232422,2790700
2009-02-10,21.38391049111582,21.763973782847664,20.602271794376072,20.73134994506836,3847000
2009-02-11,20.78154908252075,21.054047735839834,20.351288986799503,20.738523483276367,2114500
2009-02-12,20.365625312994293,20.70266294982737,20.050101153328878,20.695491790771484,3836600
2009-02-13,20.71701106769508,21.15444234713229,20.595104057085983,20.68832778930664,2389200
2009-02-17,20.06444553966977,20.172010201078315,19.41905620345962,19.526620864868164,3831100
2009-02-18,19.634183048731007,19.763261173237048,18.838203560541594,19.31148910522461,4653400
2009-02-19,19.05333369941218,19.73457877878294,18.75215185148894,18.823862075805664,4428600
2009-02-20,18.508340728542773,19.376031976194856,18.307553711183825,19.07485008239746,4696900
2009-02-23,19.462082482014203,19.462082482014203,18.336236341831153,18.42228889465332,4830000
2009-02-24,18.46531292276645,19.634184556451963,18.250183610575608,19.54096221923828,5222300
2009-02-25,19.397539431834634,19.720234729049817,18.701953462875807,19.232606887817383,6080000
2009-02-26,19.928194661568305,21.649233093022183,19.713064002787398,20.652463912963867,9093400
2009-02-27,20.444504048159516,21.283510400460646,20.00707297669013,20.881935119628906,6142600
2009-03-02,20.49470472935259,20.975161474242167,19.806289829799137,19.9783935546875,4812800
2009-03-03,20.272410355629706,20.272410355629706,19.25412865115415,19.61267852783203,5537900
2009-03-04,19.992733063614075,20.552071154968257,19.677210274627463,20.2293758392334,6445600
2009-03-05,19.605507366167366,19.971228404509915,19.440574751157758,19.61267852783203,5053000
2009-03-06,19.791946829756277,20.07878636136691,19.074847316850317,19.562475204467773,4230600
2009-03-09,19.182414395221787,19.856488405540407,19.067678568072953,19.26846694946289,2983800
2009-03-10,19.70589148858732,20.42299089968082,19.368855257766462,20.35845184326172,5823900
2009-03-11,20.48753634789708,21.24049178511095,20.107474416809524,21.011018753051758,4337300
2009-03-12,20.537735139670087,21.512991177394916,20.021423843805902,21.41259765625,5973300
2009-03-13,21.441282324481406,21.484307926655376,20.4086582979915,20.96799659729004,3802800
2009-03-16,21.13291939620829,21.46278584034933,20.774369686527233,20.824567794799805,3746300
2009-03-17,21.154436183337378,21.65640640258789,20.824571055307874,21.65640640258789,3435400
2009-03-18,21.60620262015342,22.380669856505964,21.441270099392803,22.230079650878906,5057900
2009-03-19,22.552775578517736,22.567116526322653,21.871530634598958,22.108173370361328,3835400
2009-03-20,22.201397893753786,22.710539204817,21.864361651049006,21.9432430267334,4809300
2009-03-23,22.49541228390895,23.047577868422906,22.08666441332138,23.033235549926758,3671600
2009-03-24,22.76791345533772,23.327250296355054,22.753571134347787,22.961530685424805,3805800
2009-03-25,23.19817131193914,23.2698829143199,22.20857445098703,22.882648468017578,3979300
2009-03-26,23.14797043863951,23.205339710334737,22.581462558236375,22.746395111083984,4570500
2009-03-27,22.459563137134158,23.133635892916423,22.459563137134158,22.954360961914062,3438800
2009-03-30,22.473896569871062,22.581461212371266,21.65640364555914,21.850019454956055,3547400
2009-03-31,22.10101861997116,22.2300968203502,21.75681099746673,21.82135009765625,3557100
2009-04-01,21.677919596237345,22.75356894743646,21.33371213211576,22.617321014404297,5686400
2009-04-02,23.31290359573119,24.30967420089007,22.86113151149164,23.764677047729492,6865600
2009-04-03,24.022834551951096,24.75427640985471,23.843559667235045,24.661052703857422,4095300
2009-04-06,23.908103886227906,24.345535136863802,22.631665939643955,23.441987991333008,5414400
2009-04-07,23.08343231169842,23.155143904225117,22.71054160487101,22.7894229888916,3137500
2009-04-08,22.810934989270827,23.2627070779478,22.61731916141428,22.853961944580078,2633200
2009-04-09,23.463500786914064,24.05152226512243,23.026069574596573,23.53520965576172,3186200
2009-04-13,23.37027410755953,23.585403422359704,22.73205595492804,23.104948043823242,2604400
2009-04-14,22.81810884521747,23.11211956911744,21.584698036850746,22.16554832458496,5541400
2009-04-15,22.101016352696767,23.29857448102209,21.83569018381174,23.26988983154297,4918700
2009-04-16,23.2555361153614,23.93678116143787,23.097773356023144,23.77901840209961,3432600
2009-04-17,23.850722815444662,23.979800915327292,23.3917796760917,23.59256935119629,2950100
2009-04-20,23.23402309225471,23.391783109867475,22.5958036566769,22.624486923217773,2256200
2009-04-21,22.445213126248827,23.18382744913399,22.351990795873018,23.11211585998535,3005800
2009-04-22,22.940020006930848,23.45633131582434,22.724890636831688,22.954360961914062,2414700
2009-04-23,22.947181229065894,23.08342913282729,22.387843194214323,22.94001007080078,2966200
2009-04-24,23.190995658126308,23.67862348899984,22.947181742689544,23.513690948486328,3914400
2009-04-27,23.16948898129077,23.843561618191554,22.961529441479996,23.614089965820312,3088000
2009-04-28,23.52086584635232,23.678628630454615,22.911332293168062,23.334421157836914,3130400
2009-04-29,24.24514564878284,24.24514564878284,23.305743909490495,23.87225341796875,3236900
2009-04-30,24.030004466170187,24.367042126519575,22.473899771953324,22.775081634521484,6605000
2009-05-01,22.70337265627757,23.104949406976523,21.957589802246055,22.09383773803711,4412300
2009-05-04,22.09384255568916,22.287459813306732,21.1616134429337,21.398256301879883,7570400
2009-05-05,21.35522579832964,22.31613933656012,20.903452300929324,22.25160026550293,8275400
2009-05-06,22.459553999887543,22.624486541047816,21.677915509291424,22.308963775634766,7325300
2009-05-07,22.559948349070957,22.559948349070957,21.154434064369234,21.52015495300293,7044400
2009-05-08,21.67075022399476,22.00061676347359,20.89628268195796,21.14009666442871,4540600
2009-05-11,20.881942536681535,21.434108231039332,20.695496462417704,21.218978881835938,3171900
2009-05-12,21.283513044986474,21.505813503527,20.4014810020842,20.76003074645996,4277700
2009-05-13,20.466025520982633,20.609444636307966,20.057277554519754,20.121816635131836,4814500
2009-05-14,20.172005260196926,20.84607907048144,20.0787829412122,20.71700096130371,5187000
2009-05-15,20.817398566545663,20.817398566545663,20.028588858561683,20.2293758392334,5099300
2009-05-18,20.810231833642078,21.728118495384727,20.752863917283165,21.713777542114258,5153500
2009-05-19,21.871538166882818,21.893051647636916,21.50581720061698,21.606210708618164,2941600
2009-05-20,21.828514247895864,22.136867323567703,21.42693744956278,21.498647689819336,3030100
2009-05-21,21.269171563441496,21.43410412407886,20.71700460712464,21.082725524902344,2518800
2009-05-22,21.0683835446457,21.42693330888089,20.817399803888115,21.183120727539062,2316600
2009-05-26,20.98233390409011,22.17271909912367,20.810230168782006,21.857194900512695,3487300
2009-05-27,22.022123914454703,22.595804307131505,21.65640439091858,21.96475601196289,3291100
2009-05-28,22.00061540055339,22.58146567915804,21.81416934505188,22.35916519165039,3133600
2009-05-29,22.366334059812065,22.88264521369414,22.280281516952336,22.853961944580078,3140300
2009-06-01,23.24119879276125,23.305737868587286,22.79659779013631,23.0977783203125,3167900
2009-06-02,22.983041763305664,23.29856733982745,22.617322168858383,22.983041763305664,3493500
2009-06-03,22.904160768184372,22.904160768184372,22.06515421219982,22.25160026550293,3143500
2009-06-04,22.33047667088802,22.524093852692623,21.850019979609197,22.12251853942871,4636300
2009-06-05,22.395016161326847,22.567119870314645,21.68508784884268,21.864362716674805,4326600
2009-06-08,21.563183284152437,21.584696763080036,21.046872099719696,21.30502700805664,6048400
2009-06-09,21.441280692091635,22.222919472166257,21.16161224761399,21.986276626586914,3961800
2009-06-10,22.294624062598107,22.373505447043524,21.42693293697484,21.649234771728516,5279300
2009-06-11,21.62056098918737,22.050821188365916,21.455628345959425,21.677928924560547,2922600
2009-06-12,21.613390470876798,21.82135009765625,21.44128665962458,21.82135009765625,2893200
2009-06-15,21.69942994347416,21.69942994347416,21.154434186735692,21.426931381225586,2925400
2009-06-16,21.505820634996788,21.620556481823485,21.039706086293435,21.118587493896484,2843600
2009-06-17,21.161609983276257,21.30502908684415,20.94647927628595,20.99667739868164,3222200
2009-06-18,20.996678371957888,21.312201235088327,20.86760021533223,21.218978881835938,3150200
2009-06-19,21.340884338920375,21.548842512453493,21.211806191602395,21.26200294494629,3189800
2009-06-22,21.140089328227134,21.21179953955526,20.81022427097968,20.94647216796875,4306100
2009-06-23,21.03252730819761,21.469958420662998,20.946474770360982,21.391077041625977,3653200
2009-06-24,21.950418020447543,22.940014813740312,21.928904541204204,22.689029693603516,5837000
2009-06-25,22.68184958101456,23.104939632580802,22.40935245695169,22.990203857421875,3658200
2009-06-26,22.825277307707243,23.112116837641732,22.681856858860616,22.853961944580078,4366900
2009-06-29,22.968697380552932,23.277050401456318,22.689028997760946,23.104948043823242,2443500
2009-06-30,23.104946508671564,23.212509791166045,22.459555871634798,22.61014747619629,3282100
2009-07-01,22.717710985839616,22.89698584984686,22.55277843921503,22.696197509765625,2481100
2009-07-02,22.380678510438393,22.380678510438393,21.957590992470728,22.21574592590332,3553900
2009-07-06,22.086672533776763,22.086672533776763,21.692268204436182,21.993450164794922,2911200
2009-07-07,21.95042255420748,22.144038436352528,21.434109887796293,21.584701538085938,3649000
2009-07-08,21.634893774372834,21.893050053589594,21.484302155576767,21.70660400390625,3522900
2009-07-09,21.857195744647672,22.330481376963192,21.527330581173988,22.172719955444336,3644600
2009-07-10,22.136865734979782,22.32331043140447,21.77114476689942,22.07232666015625,3377700
2009-07-13,22.222922265511507,22.703379178171556,21.936082623869527,22.681865692138672,4110200
2009-07-14,22.63882940015569,22.875472163762385,22.387844319298004,22.825275421142578,2316600
2009-07-15,23.040406462831264,23.47066504550362,22.940011608150193,23.4634952545166,3968700
2009-07-16,23.377448137916772,23.592580227240408,23.21968807073576,23.384620666503906,3526400
2009-07-17,23.499352243543164,23.506522035312187,22.77508154433631,23.104948043823242,3121500
2009-07-20,23.21967967325377,23.449151265726133,23.14796809090793,23.27704620361328,3899000
2009-07-21,23.377450506455087,23.664291497603102,22.789430304327453,23.183835983276367,3426900
2009-07-22,23.190993807181428,23.635594652016245,23.033231069926455,23.45631980895996,2652600
2009-07-23,23.44915720757959,24.295334945055934,23.30573674206332,24.216453552246094,2718700
2009-07-24,23.900930128608948,24.223622748685635,23.80053389035461,24.008493423461914,2834300
2009-07-27,23.96546458140058,24.295332438713697,23.75750780014886,23.979806900024414,2860800
2009-07-28,23.779025460087542,24.345534868117085,23.685801735033994,24.04435157775879,2807000
2009-07-29,23.64278169677834,23.893765536980762,23.04758753927161,23.87225341796875,4234400
2009-07-30,24.194936847118907,24.840324716156523,24.130397786663412,24.64670753479004,3519300
2009-07-31,24.531975942451005,24.83315918811727,24.410070327062666,24.445924758911133,3172800
2009-08-03,24.696909370706162,25.026777267456055,24.38138652981268,25.026777267456055,2481300
2009-08-04,24.840330457651298,24.98375092909285,24.496122967502355,24.675397872924805,3126100
2009-08-05,24.682566014593323,24.81164415670539,23.90093010532928,24.03717803955078,3047300
2009-08-06,24.05869989266869,24.259489714763006,23.441993571879728,23.506532669067383,3985700
2009-08-07,23.82204552706433,23.82204552706433,22.789421896095316,23.14080047607422,6315500
2009-08-10,23.16231812071968,23.32008091890036,23.061924607520364,23.212514877319336,3100500
2009-08-11,23.11929879319112,23.2914012135803,22.990220610139907,23.133638381958008,2023900
2009-08-12,23.026075053094434,23.47784869377367,23.026075053094434,23.133638381958008,2669100
2009-08-13,23.083433729521307,23.61408860474238,23.018894660041955,23.320077896118164,3798800
2009-08-14,23.22684992016623,23.277046661036167,22.875471366318074,23.0404052734375,2197600
2009-08-17,22.73922395212208,23.026064839563322,22.59580487616018,22.746395111083984,2945400
2009-08-18,22.825287338932164,23.29140195089294,22.64601238296576,23.26988983154297,2984800
2009-08-19,22.961531162945263,23.284226553134683,22.875478602975072,23.205345153808594,2546400
2009-08-20,23.16231627119626,23.70014096511963,23.133631630996064,23.68579864501953,1940000
2009-08-21,23.800528618912598,24.001318315431728,23.55671470818858,23.75033187866211,3152200
2009-08-24,23.800529078959606,23.843556029513355,23.441979364230082,23.513690948486328,2168100
2009-08-25,23.678627674221733,23.807705813180434,23.29139325734563,23.320077896118164,2338800
2009-08-26,23.29140195089294,23.434822462769812,23.03324557661832,23.26988983154297,4191300
2009-08-27,23.377444852517524,23.391787172158015,22.94718620537387,23.119291305541992,3035800
2009-08-28,23.37744692920703,23.37744692920703,22.89699148840023,23.02606964111328,2186700
2009-08-31,22.83244678938356,23.040406288156127,22.59580402360434,22.696197509765625,3660300
2009-09-01,22.703368896464784,22.86830144474577,22.244425677679885,22.29462242126465,3588900
2009-09-02,22.258772887941237,22.459559906415592,22.122523577005797,22.21574592590332,1733900
2009-09-03,22.37350224544268,22.96869333610265,22.308963188815245,22.94001007080078,4121400
2009-09-04,22.968704160662867,24.058696110990763,22.968704160662867,23.936790466308594,4513000
2009-09-08,24.159081663392637,24.610855123559958,24.015663948878938,24.582170486450195,5246900
2009-09-09,24.553481030090357,24.675386597021852,24.302494635881317,24.574993133544922,3746000
2009-09-10,24.60369571995879,25.069808959960938,24.481787328530178,25.069808959960938,3724200
2009-09-11,25.227564468442143,25.564602160104418,25.04828956615675,25.40683937072754,4463000
2009-09-14,24.747109022271125,25.29210631688759,24.40290150039041,24.955068588256836,7364900
2009-09-15,24.998089986757634,25.521572313998234,24.76144582944083,25.421178817749023,4099300
2009-09-16,25.966168897392976,26.00919584664297,25.220384856829263,25.65781593322754,5125000
2009-09-17,25.607623720130402,26.310380935668945,25.57893908222655,26.310380935668945,5175500
2009-09-18,26.489658444768832,27.0418254693157,26.34624071207024,26.984458923339844,8120200
2009-09-21,26.7549894580103,26.95577648863492,26.5183452557586,26.79801368713379,3732400
2009-09-22,27.013135435774704,27.03465027979868,26.711954974612638,26.76215171813965,2638700
2009-09-23,26.927083487599216,27.00596486386566,26.46097049182418,26.67609977722168,3039700
2009-09-24,26.769327419556927,26.934259987209536,26.03788555289034,26.10242462158203,4609300
2009-09-25,25.94466084076601,26.267356171724305,25.729531531966334,26.095251083374023,4025900
2009-09-28,26.224330492754415,26.51117140880012,26.102424881521504,26.42511749267578,2213000
2009-09-29,26.432288732987978,26.496827799179638,26.023542225613323,26.095251083374023,2846500
2009-09-30,26.303211619503873,26.41077764582925,25.765386958912355,26.10242462158203,4519200
2009-10-01,25.49288490254399,25.779725776775077,25.263413297366046,25.37097930908203,5025100
2009-10-02,25.163025136401806,25.90880937879274,25.119998175507675,25.56460189819336,3937900
2009-10-05,25.657823596629985,26.16696640718085,25.57894220053684,26.1311092376709,2895600
2009-10-06,26.174129537287975,26.798005283601785,26.14544490318872,26.71195411682129,5419500
2009-10-07,26.70478954477194,26.70478954477194,26.31755511530949,26.4681453704834,2273200
2009-10-08,26.568536411800288,26.726299180039288,26.10242336962128,26.253013610839844,3628500
2009-10-09,26.131100435200587,26.374914333940577,26.109588329155518,26.303205490112305,2215100
2009-10-12,26.339062431546562,27.070504197734174,26.339062431546562,27.056161880493164,3753500
2009-10-13,26.9916282913712,27.070509684425897,26.61156638176352,26.654590606689453,3467500
2009-10-14,26.99879956960905,27.357349350158877,26.76932792889858,27.335834503173828,5043300
2009-10-15,27.24977644388289,28.827395627211096,27.24977644388289,28.71265983581543,9621700
2009-10-16,28.59794785933471,28.59794785933471,28.189201091134333,28.289594650268555,3185200
2009-10-19,28.64095394296856,28.913452527454968,28.28957670884439,28.741350173950195,2558600
2009-10-20,28.99951010830082,29.071221717695533,27.931033115742437,28.41866111755371,4504900
2009-10-21,28.37564482833486,29.00669355085126,27.88801664305208,27.93104362487793,3556000
2009-10-22,27.938202789106196,28.260898191202998,27.737415754698485,28.00991439819336,2533900
2009-10-23,28.253728230075755,28.31826731011141,27.486431798273063,27.579652786254883,2129000
2009-10-26,27.57248930735319,28.182023075205805,27.235451508259814,27.343017578125,2351000
2009-10-27,27.264126101341986,27.608333568216054,27.07050888831574,27.077678680419922,2186500
2009-10-28,26.970113162093025,27.092018766437572,26.446630845079422,26.733469009399414,4460000
2009-10-29,26.912745585340602,27.47208510175034,26.876891154478912,27.42188835144043,2991900
2009-10-30,27.35016974215922,27.414708795370824,26.382086679502198,26.40359878540039,2947000
2009-11-02,26.61872774299358,27.048989004599118,26.209981322554366,26.625900268554688,3676100
2009-11-03,26.34623411443832,27.61549769118249,25.923145343684528,27.55095863342285,4253500
2009-11-04,27.429057893081442,28.14615744584174,27.020311366849487,27.50076675415039,3489500
2009-11-05,27.78760537361706,28.131812802241058,27.579645863974182,27.751750946044922,1945200
2009-11-06,27.75176412129022,27.87366978001412,27.536634718206482,27.794788360595703,2077800
2009-11-09,28.045763197998447,28.5477334186438,28.045763197998447,28.48319435119629,2326500
2009-11-10,28.354119101239704,28.71266890453656,28.246553066043486,28.440170288085938,1864600
2009-11-11,28.597935539107965,28.755695605989125,28.232213176367427,28.676816940307617,3088000
2009-11-12,28.755700199499497,28.755700199499497,28.14616647825429,28.2680721282959,2088900
2009-11-13,28.23938975446724,28.62662155190286,28.074457135361257,28.519058227539062,1435900
2009-11-16,28.633790127592803,29.07122136528418,28.483199852966703,29.0568790435791,2171300
2009-11-17,28.92780652215505,29.566024917078245,28.762873893676367,29.50148582458496,2196600
2009-11-18,29.54451404972555,29.616222939747693,29.193133923371917,29.35806655883789,1970600
2009-11-19,29.21464287688532,29.22181267023158,28.612279021624236,28.98516845703125,2572900
2009-11-20,28.762863376471582,29.25049128911445,28.51187689276316,29.142925262451172,2758300
2009-11-23,29.551680238900968,29.960426880297113,29.107079156868373,29.25766944885254,2698400
2009-11-24,29.221810301869574,29.379573097883476,28.985166107848723,29.26483726501465,2524900
2009-11-25,29.322204102223004,29.616214847812344,29.185956154199964,29.580360412597656,3167100
2009-11-27,28.82022684958832,29.58035327613714,28.71983336100058,29.315027236938477,1044800
2009-11-30,29.372398400354236,29.379570928107718,28.99233649495467,29.343713760375977,2129900
2009-12-01,29.479973782862302,30.017798643209773,29.343723067508975,29.881547927856445,2288500
2009-12-02,29.795478887509613,30.419354586260702,29.659230989201255,29.78830909729004,2332700
2009-12-03,29.910225052282044,30.04647573335817,29.38674264816759,29.3939151763916,2363900
2009-12-04,29.831335843674182,30.211400410005677,29.221802409102278,29.401077270507812,3487700
2009-12-07,29.494309575814384,29.494309575814384,28.82023414938922,28.9134578704834,3863500
2009-12-08,28.727011855262056,28.784378402578984,28.009912232933658,28.088790893554688,5344600
2009-12-09,28.160499391834822,28.26089289020751,27.91668543770786,28.232208251953125,3530000
2009-12-10,28.375635279781342,29.078392666673313,28.375635279781342,28.75569725036621,3014300
2009-12-11,28.927789102742675,28.9349588929162,28.633778466321463,28.71265983581543,1766400
2009-12-14,29.028194893778057,29.39391726468111,28.884774409806628,29.272008895874023,2347300
2009-12-15,29.11424215603784,29.659239374385614,29.049703083747122,29.3652286529541,2421900
2009-12-16,29.566018635314535,30.01061965829543,29.544506520893588,29.817005157470703,2886300
2009-12-17,29.75962524307707,30.168371684200853,29.616204815284114,29.874361038208008,2595600
2009-12-18,29.96041920595475,30.23291780892466,29.86002570368104,30.204233169555664,3716200
2009-12-21,30.670336818810252,30.83526932648059,30.42652295192439,30.591455459594727,1971100
2009-12-22,30.72770962305367,30.863960266113285,30.483895706308157,30.86396026611328,1646200
2009-12-23,31.036059759311726,31.12928344305935,30.483892917909635,30.792245864868164,1717300
2009-12-24,30.96436269082863,31.229688791827424,30.88548129270298,31.136465072631836,795700
2009-12-28,31.25837059531853,31.344421778405618,31.107780341036687,31.172319412231445,3183600
2009-12-29,31.35876349515644,31.35876349515644,30.9356746444639,30.964359283447266,1918600
2009-12-30,30.906997461386766,31.122129570142043,30.749237379956195,31.05759048461914,1283500
2009-12-31,31.08627151301692,31.437651576565163,30.906996584486215,30.985877990722656,2123400
2010-01-04,31.186647360078315,31.47348541668931,31.036054439677276,31.165132522583008,2750500
2010-01-05,31.19383900924248,31.73166381974666,31.122130128715966,31.681467056274414,2575800
2010-01-06,31.72448606445063,31.953957707170314,31.387448392417074,31.846391677856445,3215300
2010-01-07,31.860750456689498,31.96114401030282,31.55956706033035,31.760356903076172,2615000
2010-01-08,31.824880599975586,31.961128537416872,31.559551781854037,31.824880599975586,1934600
2010-01-11,32.17627004477677,32.19778490079147,31.308579868206277,31.53805160522461,3276000
2010-01-12,31.373100609570024,31.50934851885965,30.84244581848912,31.150798797607422,2973600
2010-01-13,31.272705160769775,31.889411080265283,31.272705160769775,31.810529708862305,2799900
2010-01-14,31.803363531159057,32.025665373529705,31.58106442430606,31.989810943603516,4387600
2010-01-15,31.90375765610142,32.269477194005795,31.408957255062145,31.552377700805664,3130300
2010-01-19,31.59541007719839,31.824881735560126,31.387450531958706,31.688631057739258,1995700
2010-01-20,31.566714931779654,31.860725567189554,31.39460987751962,31.789016723632812,3053000
2010-01-21,31.85357455974509,31.910943861759115,31.394631085708433,31.53805160522461,3301000
2010-01-22,31.43048439769738,31.975479022139783,30.16838726395937,30.247268676757812,4021100
2010-01-25,30.519766765910813,31.1938395554253,30.519766765910813,30.978710174560547,3857100
2010-01-26,30.957191508326073,30.957191508326073,30.22575225058779,30.505420684814453,3730800
2010-01-27,30.534088939130417,30.69902144680075,29.98192216013841,30.591455459594727,3584400
2010-01-28,30.64883759205417,31.05758413833682,30.02495898097616,30.347654342651367,3739600
2010-01-29,30.397845240606788,30.699028432004347,30.290281964442688,30.440872192382812,3757100
2010-02-01,30.79942499316664,30.942845444559158,30.31896689132934,30.892648696899414,2711800
2010-02-02,30.885484724673,30.899827047336647,30.31897528929147,30.856800079345703,2360800
2010-02-03,30.799420550879802,31.100600993398167,30.59146106313111,30.68468475341797,3047700
2010-02-04,30.56996102548588,30.56996102548588,29.401087746684762,29.415430068969727,3757500
2010-02-05,29.372403438082387,29.444115050327465,28.296753874070905,28.75569725036621,7923800
2010-02-08,28.70548557312596,29.530150904548925,28.683973468390068,29.1644287109375,4943200
2010-02-09,29.601873220484244,29.85285974390625,29.279180560470145,29.72378158569336,4121300
2010-02-10,29.759624383023855,30.060804810719524,29.58034953734299,29.82416343688965,3020500
2010-02-11,29.831336858809646,30.663172134617298,29.587522929580643,30.491069793701172,2959900
2010-02-12,30.304624118712866,30.74922778492182,30.139691559513107,30.562780380249023,2758300
2010-02-16,30.777913527355253,31.129293535079064,30.777913527355253,31.09343910217285,2839400
2010-02-17,31.19381784702357,31.416119602673387,31.05756997224783,31.34440803527832,2247900
2010-02-18,31.279875084515552,31.4304680376167,30.97869464934751,31.11494255065918,2924700
2010-02-19,31.01455687712123,31.75316857015865,30.914163373467733,31.495012283325195,3065200
2010-02-22,31.609737609239993,31.609737609239993,31.086252727025705,31.39460563659668,2535100
2010-02-23,31.34442950203812,31.34442950203812,30.462397135378538,30.69904136657715,4557400
2010-02-24,30.74205525792496,30.90698781712472,29.867195715018312,30.562780380249023,6001800
2010-02-25,30.362000722980927,30.777917117135573,29.974766237185833,30.691865921020508,4325600
2010-02-26,30.69902144680075,30.806584698490088,30.240075605502835,30.591455459594727,4030100
2010-03-01,30.677523446550197,31.057588137245236,30.670353653375507,30.78508949279785,2656600
2010-03-02,30.885472616375818,31.050405159070326,30.62014658991224,30.677513122558594,3801400
2010-03-03,30.699036300380794,31.143637307284816,30.52693118468226,30.820941925048828,2697200
2010-03-04,30.921334491785913,30.942849340289957,30.49824561144541,30.806598663330078,2586900
2010-03-05,30.95719402502378,31.229692688315872,30.871142823385682,31.12929916381836,1992600
2010-03-08,31.014551205143274,31.157971642212715,30.390675449736104,30.440872192382812,4482000
2010-03-09,30.275938138225445,31.028891975916014,30.2113990815367,30.756393432617188,4712500
2010-03-10,30.734898174419857,31.014566661546187,30.64884696350068,30.914173126220703,2098100
2010-03-11,30.835265630963203,31.193815231323242,30.691845243715917,31.193815231323242,2309100
2010-03-12,31.222529680276015,31.408974446931897,31.071939360801768,31.1077938079834,3540100
2010-03-15,30.92133116015767,31.24402649777015,30.785083233395792,31.07909393310547,2748300
2010-03-16,31.05757686179814,31.86789723674258,31.050404335709246,31.738819122314453,4366600
2010-03-17,31.746010797601922,31.76035312291381,31.523708858545987,31.73166847229004,3143500
2010-03-18,31.731656341442548,31.91093123602697,31.36593676011816,31.559551239013672,3211700
2010-03-19,31.760356903076172,31.853577925420446,31.545227468830596,31.760356903076172,3288400
2010-03-22,31.530881388961355,31.882258784786554,31.416145521985126,31.73166847229004,2887300
2010-03-23,31.767509123158383,32.04000771471731,31.695800263256505,31.96112632751465,2728000
2010-03-24,31.953956716799897,32.161913505900806,31.516525556573797,31.88941764831543,3220700
2010-03-25,31.94677586967574,31.996972605922476,30.354817154176327,30.44803810119629,11561400
2010-03-26,30.52693120169681,30.69903631749127,29.659241301048215,29.86720085144043,8362100
2010-03-29,30.039302597868907,30.835283612526297,30.039302597868907,30.670351028442383,5162100
2010-03-30,30.51975310614317,30.74205218148403,30.476726155020454,30.677513122558594,6004900
2010-03-31,30.548445757329095,30.92851045389732,30.412197800759042,30.555618286132812,3150800
2010-04-01,30.770751353319092,31.04325003480475,30.38351681681609,30.620161056518555,3596900
2010-04-05,30.670350252769534,31.150805672230184,30.612980971660146,31.064754486083984,2581900
2010-04-06,30.971537302752058,30.971537302752058,30.663184190563932,30.69904136657715,3148600
2010-04-07,30.598639824451542,30.598639824451542,29.83134344106366,29.996278762817383,6299000
2010-04-08,30.154036533606472,30.168378853345757,29.77397463482766,30.139694213867188,5007100
2010-04-09,30.168376196465466,30.67751619254092,30.132521768033786,30.562780380249023,4283900
2010-04-12,30.656010190871783,30.82094278293477,30.261605928502195,30.369169235229492,3040100
2010-04-13,30.29028713305185,30.326141564557936,29.845683428719514,30.22574806213379,4219000
2010-04-14,30.19706153869629,30.31896714531472,29.831339247805793,30.19706153869629,4620100
2010-04-15,30.1110123099064,30.28311467574225,29.852856025634836,30.139694213867188,4793500
2010-04-16,30.053641286687558,30.254428280348648,29.544501275322574,30.096668243408203,8992800
2010-04-19,30.010608155818566,30.175543421556398,29.551664987288245,29.78830909729004,4472400
2010-04-20,30.003454644252873,30.347662207403637,29.88154626024113,30.247268676757812,2618200
2010-04-21,30.383506324335297,30.383506324335297,29.97475981102047,30.132522583007812,2950500
2010-04-22,29.852853937996557,30.27594276640622,29.716603277760377,30.24008560180664,2068200
2010-04-23,30.22575812076387,30.41220286795189,29.938917102223712,30.38351821899414,2741100
2010-04-26,30.39069741112607,30.469578845292634,29.960435788995515,30.017805099487305,2479000
2010-04-27,29.86720826055313,29.93891714753736,29.465631381092848,29.50148582458496,2943900
2010-04-28,29.623388063671168,29.738123900331818,29.078390787894495,29.25049591064453,4043900
2010-04-29,29.358046429160417,29.687914209433583,29.25765295775782,29.436927795410156,4155000
2010-04-30,29.537333158379344,30.01061881090301,29.264837265014645,29.26483726501465,3773100
2010-05-03,29.55884726393408,29.788318923897634,29.350887717242742,29.601871490478516,3107700
2010-05-04,29.34371554729074,29.69509556962751,28.683985200722756,29.408254623413086,5001500
2010-05-05,29.05687098884577,29.522984005219914,29.049698462222416,29.315027236938477,4261300
2010-05-06,29.221814241676658,29.522994817744493,27.321498847090325,28.705501556396484,7400100
2010-05-07,28.526211884217542,28.87759177693993,27.472077677084354,27.86648178100586,8435500
2010-05-10,28.9349636072402,29.558842139148826,28.57641385877121,29.30068588256836,7397900
2010-05-11,29.508646231934634,29.86002346353171,29.150096473274516,29.379568099975586,3524700
2010-05-12,29.530162100251534,29.98193561960326,29.451280705624637,29.917396545410156,2220400
2010-05-13,29.910222983415082,30.1468671591148,29.817002007095034,29.938907623291016,2913400
2010-05-14,29.76679849744012,29.860022196681534,29.329370108268,29.5301570892334,3928000
2010-05-17,29.566013940193887,29.84568232532692,29.31503019341237,29.77397346496582,3585200
2010-05-18,29.953251796011646,30.2616048549568,29.3795726405967,29.494308471679688,2457300
2010-05-19,29.350894704074545,29.41543379477237,28.58359814551072,29.035371780395508,4030300
2010-05-20,28.519043772145416,28.540555879010668,27.80194436445411,28.002731323242188,7225800
2010-05-21,27.321494823509465,28.956483840942386,27.31432503083352,28.956483840942383,8338800
2010-05-24,28.813069358711697,29.07122571701073,28.311098965965645,28.332611083984375,5048700
2010-05-25,27.83780939128841,28.45451555449197,27.536628838385194,28.41866111755371,5042600
2010-05-26,28.55490217577123,29.049699851263238,28.397139408722676,28.50470542907715,5107000
2010-05-27,28.899114678619167,29.41542729002762,28.698327656634994,29.3939151763916,3104900
2010-05-28,29.214639859642162,29.58752925653773,28.92062912348198,29.06404685974121,2345400
2010-06-01,28.90628009758571,29.37239310334352,28.554900160014352,28.569242477416992,2966700
2010-06-02,28.78438004214803,29.766805814752242,28.78438004214803,29.72378158569336,4244900
2010-06-03,29.824183893059892,30.54845356275389,29.80984156730609,30.46240234375,3877000
2010-06-04,29.88154722895275,30.340493396883943,29.58753642159354,29.76681137084961,5088800
2010-06-07,29.938912223181813,30.455224878204916,29.74529497754815,30.046478271484375,5720900
2010-06-08,30.13252227202598,30.562780891437658,29.824169258424494,30.297454833984375,6440500
2010-06-09,30.39784873389984,30.792252929527393,29.981932427670774,30.096668243408203,3887000
2010-06-10,30.46957088562514,30.978711073398582,30.376347148188774,30.971538543701172,4107000
2010-06-11,30.634489153841535,31.81053180550101,30.634489153841535,31.71013832092285,5072600
2010-06-14,31.78184871180292,32.25513425884037,31.244024102191386,31.315732955932617,4747400
2010-06-15,31.466328851226425,31.882245165527134,31.387447463466547,31.832048416137695,3132600
2010-06-16,31.552385307971086,32.233630537860456,31.516530871770204,32.05435562133789,3006900
2010-06-17,32.169081574942645,32.269475059667734,31.91809512761263,32.247962951660156,3128800
2010-06-18,32.276644679554806,32.484604174250975,32.17625119536142,32.319671630859375,6436900
2010-06-21,32.70690589972572,33.137164469566734,32.204935744566356,32.355525970458984,4048100
2010-06-22,32.37706211191249,32.59936133383783,31.760355750082674,31.81772232055664,3624000
2010-06-23,31.846382730737954,32.41289188633263,31.44480610104103,32.0615119934082,4913100
2010-06-24,31.925284039575352,32.09021666849195,31.193841901215638,31.22252655029297,4295600
2010-06-25,31.330091988702097,31.875089415759792,31.201013794689423,31.53805160522461,3421700
2010-06-28,31.695791925500806,32.78578326949053,31.688619400086797,32.5061149597168,4765400
2010-06-29,32.15474068300001,32.212107218735376,31.645600710459927,31.9180965423584,6408900
2010-06-30,31.860728169805462,32.42723738093824,31.71730773545932,31.910924911499023,5082800
2010-07-01,31.789019820170125,32.11171238312567,31.02172089468256,31.616914749145508,6245800
2010-07-02,31.76033858457449,31.85355955315144,31.100605599815747,31.337249755859375,3370700
2010-07-06,31.796198722633257,32.520468168516906,31.624093602289673,32.348365783691406,5759500
2010-07-07,32.57783503805953,33.63914211751129,32.398560138107854,33.61763000488281,5949600
2010-07-08,33.80405981463502,33.85425654568045,32.97939727923384,33.2662353515625,4222700
2010-07-09,33.208875916022585,33.57459542530647,32.85032619748192,32.993743896484375,3528000
2010-07-12,32.79296166045103,32.9507244347346,32.32684860041319,32.49895095825195,3608000
2010-07-13,32.86467668230044,32.96507019075973,32.441587799852044,32.69974136352539,3408800
2010-07-14,32.879016028767744,32.943555103097246,32.44875735691635,32.828819274902344,2765200
2010-07-15,32.728422276674905,32.90052736837115,32.31967576135365,32.663883209228516,2334300
2010-07-16,32.484612069470636,32.57783578552945,31.566725436023685,31.688631057739258,3613300
2010-07-19,31.76749921409988,31.81052615793045,31.36592534708179,31.645593643188477,2042700
2010-07-20,32.00415540760751,33.52440576961064,31.996982879830973,33.40250015258789,8159800
2010-07-21,33.510065658810845,33.52440797979164,32.40573156295221,32.71408462524414,5728400
2010-07-22,33.086960530538335,33.34511671049581,32.871831292412665,33.2662353515625,2892200
2010-07-23,33.24473139631203,33.53874206542969,32.78578817969103,33.53874206542969,2764300
2010-07-26,33.64630298593439,33.64630298593439,32.96506073521697,33.20170211791992,3661900
2010-07-27,33.388169839795495,33.424024285018845,32.44876805603833,32.70692443847656,3350400
2010-07-28,32.64238133365654,33.10132474139213,32.56349992254227,32.778629302978516,2388500
2010-07-29,32.936369302248224,33.18735294958725,32.50611083951944,32.64952850341797,4301100
2010-07-30,32.31968705106706,33.28060087119731,32.07587301504838,33.158695220947266,3465800
2010-08-02,33.567442036110435,33.7682291012352,33.05829910801483,33.481388092041016,4463100
2010-08-03,33.42399894251181,33.56741935018083,32.95788330146669,33.31643295288086,3007300
2010-08-04,33.309271135355985,33.732359934702814,33.27341670873691,33.660648345947266,3800500
2010-08-05,33.538743688487315,33.74670319843177,33.287757224083414,33.674991607666016,2516200
2010-08-06,33.459859744721605,34.0048541152292,33.0797979170718,33.52439880371094,3159700
2010-08-09,33.69650387285491,33.89729084059183,33.35946626085315,33.52439880371094,1816700
2010-08-10,33.309284741652455,33.64631977216591,33.03678606410494,33.467044830322266,2431900
2010-08-11,32.91488180435863,32.922051598706496,32.39139654484928,32.42725372314453,5093500
2010-08-12,31.91809398973744,33.06545470337721,31.74599166077765,32.907691955566406,4635100
2010-08-13,32.843160653289004,33.029608078456334,32.64954343585425,32.814476013183594,1789100
2010-08-16,32.56349290207723,33.02960873879647,32.3698756807716,33.01526641845703,1730000
2010-08-17,33.16586411985536,34.033554178682806,32.986589178666954,33.99769973754883,3669400
2010-08-18,34.04071543599823,34.65742146715364,33.710847574449744,34.43511962890625,4249900
2010-08-19,34.2773566268686,34.406434759754255,33.818413370171875,34.055057525634766,3815800
2010-08-20,34.06939045390389,34.24866529950235,33.51722633671564,34.01202392578125,2632800
2010-08-23,34.03354040092391,34.21998779617094,33.6391362370793,33.660648345947266,1972600
2010-08-24,33.24473400972496,33.53157217490314,33.00092006478885,33.14434051513672,3480200
2010-08-25,32.835998329688515,33.89013310590965,32.82882580027182,33.818424224853516,3050400
2010-08-26,33.882956660988086,34.32038786191334,33.667827324529846,33.775390625,3057100
2010-08-27,34.033542812176094,34.184133055955854,33.37381256198804,33.96183395385742,2376600
2010-08-30,33.8470876406012,33.94748110531449,33.31643295288086,33.31643295288086,1876600
2010-08-31,33.07263935945955,33.732372545055156,33.04395744875242,33.603294372558594,2600600
2010-09-01,33.9331503933186,34.13393739139767,33.732363395239524,33.88295364379883,3516600
2010-09-02,33.86144830418892,34.313219140209995,33.86144830418892,34.30604934692383,2298400
2010-09-03,34.542679825734496,34.67175794793857,34.16261798564323,34.57853698730469,2833100
2010-09-07,34.56419061004158,34.79366219244793,34.227153026593534,34.68609619140625,2557500
2010-09-08,34.714792862107856,35.58248275496486,34.60722682376248,35.39603805541992,4380200
2010-09-09,35.783278693899476,35.819133134370624,34.929928238886426,35.20242691040039,2177400
2010-09-10,35.21676065888709,35.33866627391032,34.88689551004068,35.18807601928711,1902300
2010-09-13,35.39604238253705,35.53229034364839,35.13071625383882,35.13788604736328,2643800
2010-09-14,35.05183331975616,35.29564732173613,34.88690072069886,34.94426727294922,2959600
2010-09-15,34.901225897199296,35.26694811692995,34.69326915369439,35.05181884765625,2461800
2010-09-16,35.02313962100693,35.17372985918857,34.671759663065615,34.678932189941406,2167100
2010-09-17,34.94425143788394,35.345828063733904,34.86537007070654,35.331485748291016,4652700
2010-09-20,35.49642395937694,35.98405182048856,35.36017604411711,35.90517044067383,2898400
2010-09-21,35.92669718477317,36.58643039200651,35.80479153759398,36.199195861816406,2990900
2010-09-22,36.2206898404906,36.48601859062766,36.01990288191522,36.21352005004883,3362700
2010-09-23,35.883670042199775,36.46451905490526,35.740249553506686,36.270904541015625,3174400
2010-09-24,36.65813269798392,37.11707602823755,36.457345674877466,37.06687927246094,2466500
2010-09-27,37.02385109774707,37.353716239259406,36.72266785967923,37.160099029541016,3329200
2010-09-28,37.18161363542882,37.44694246035303,36.72267032331483,37.36806106567383,2479300
2010-09-29,37.15292645536998,37.432594825514386,36.96647905159536,37.13858413696289,3816400
2010-09-30,37.36089740172571,37.518660228514015,36.744193889455694,36.7585334777832,3634100
2010-10-01,36.894772246483214,37.09555924431146,36.679642929450424,37.01667785644531,3002200
2010-10-04,36.99515885976893,37.17443371318213,36.47167661606444,36.61509704589844,2930300
2010-10-05,36.88043344064806,37.532993981272924,36.85174879950637,37.203128814697266,2522800
2010-10-06,37.246150695995524,37.3250320864101,36.07728036599815,36.39280319213867,3685500
2010-10-07,36.593595477598946,37.023856923177505,36.0772855726301,36.14899444580078,3782400
2010-10-08,36.23503227433173,36.25654711676107,35.94819415193969,36.120296478271484,2161800
2010-10-11,36.11313861706764,36.184847487473974,35.754588793999886,35.862152099609375,2055200
2010-10-12,35.711546930618276,36.464500697804205,35.41036651795067,36.29956817626953,3888700
2010-10-13,36.51471447734101,36.6939893977573,36.32109997054743,36.39997863769531,4293400
2010-10-14,36.37846196047153,36.98082572694993,36.37846196047153,36.84457778930664,3536100
2010-10-15,37.13858250587825,37.1959490414696,36.127472354484325,36.43582534790039,3338400
2010-10-18,36.38562709539523,36.478848053807205,36.05575927122643,36.20635223388672,1889300
2010-10-19,35.89800870918438,36.105965524319245,35.47491981515729,35.70439147949219,2137900
2010-10-20,35.81914622127884,36.45736479560806,35.72592245357878,36.177696228027344,2106100
2010-10-21,36.43584471810178,36.43584471810178,35.42473402917626,35.86933517456055,2899600
2010-10-22,35.933867311587974,36.10596971204129,35.78327702731173,36.01274871826172,1896400
2010-10-25,36.21352352563006,36.593585372414665,36.17049657229848,36.43582534790039,1895700
2010-10-26,36.263726833417294,36.5577375622688,36.06293981923127,36.45734405517578,1928600
2010-10-27,36.24939042933918,36.45018021181419,35.976891768813466,36.356956481933594,2658400
2010-10-28,36.521870700362456,37.22462774637669,36.521870700362456,37.10272216796875,2616600
2010-10-29,36.95214076040248,37.2031272566039,36.679644887522535,37.0095100402832,2203700
2010-11-01,37.13858413696289,37.18160835666663,36.815888811597226,37.13858413696289,1803200
2010-11-02,37.41825815222409,37.46845490646308,37.00233906222335,37.203128814697266,2147200
2010-11-03,37.34655370417897,37.418262580000714,36.9306345649617,37.382408142089844,2327400
2010-11-04,37.68357677715969,37.72660373034663,37.26048797846563,37.58318328857422,2944300
2010-11-05,37.34656156983872,37.640572399459515,35.85499256604231,37.2318229675293,5325900
2010-11-08,37.24615892176095,37.59036646325506,36.96649046526689,37.55451202392578,3017700
2010-11-09,37.93457700240903,38.06365517330109,37.33938291046025,37.42543411254883,4204300
2010-11-10,37.504307654574475,38.37917002145159,37.46845322251773,38.08515930175781,3343200
2010-11-11,37.93456042129255,38.16403201690614,37.73377072349277,38.10666275024414,2576600
2010-11-12,37.913048477599794,38.013441966417794,37.36088155358342,37.54732894897461,2153400
2010-11-15,37.57601855315612,37.640557623861284,36.78720738503546,36.90194320678711,2541200
2010-11-16,36.658130545684365,36.701157506188665,36.11313605688581,36.24221420288086,2302200
2010-11-17,36.2780698524593,36.72267085051278,36.213530777296874,36.600765228271484,1985800
2010-11-18,36.9521360094886,37.18878015529464,36.86608483624889,36.99516296386719,1894400
2010-11-19,36.944974245617786,37.40391758330577,36.67247561304627,37.24615478515625,3328000
2010-11-22,37.088389272916125,37.246149312366995,36.650958113607125,37.16727066040039,3490100
2010-11-23,36.66530703131108,36.97366010941534,36.407150711454655,36.679649353027344,3091100
2010-11-24,36.844585375181325,37.382410179714746,36.6868225571523,37.31787109375,1957300
2010-11-26,37.00233634181088,37.360886123167646,36.93779727174596,37.124244689941406,582700
2010-11-29,36.94496331699108,36.95930563399101,36.21352156309811,36.4429931640625,2482400
2010-11-30,36.10597009513486,36.57208601105168,35.962552338408166,36.26373291015625,2829100
2010-12-01,36.92345381122711,36.92345381122711,36.579243650006944,36.59358596801758,2814400
2010-12-02,36.93062556100383,37.38239902798628,36.75135067963973,37.15292739868164,2359000
2010-12-03,37.088384819380764,37.63337920348422,36.84457089439616,36.98799133300781,1976500
2010-12-06,36.973654438295824,37.18161123248926,36.722667950035444,37.124244689941406,1891800
2010-12-07,37.4684646093587,37.554515819549806,37.03103329298272,37.11708450317383,2738700
2010-12-08,37.07405754302846,37.28201712660933,36.428666675197626,36.622283935546875,2338800
2010-12-09,36.82306935908975,36.82306935908975,36.12031196497159,36.46451950073242,2269900
2010-12-10,36.572079409207255,36.572079409207255,36.148990537993754,36.184844970703125,2204700
2010-12-13,36.31392564261981,36.450176326117116,35.862152099609375,35.862152099609375,3082900
2010-12-14,35.96972228966695,36.40715356194804,35.93386785032815,36.170509338378906,2537800
2010-12-15,36.134652569075406,36.249388408872406,35.89083856756701,35.94820785522461,2225400
2010-12-16,35.9338676683662,35.984064430290005,35.0159808954528,35.847816467285156,4905700
2010-12-17,35.81194734663547,35.81194734663547,35.50359434880907,35.5753059387207,3097600
2010-12-20,35.690046456583474,36.70115675586143,35.67570413670859,36.607933044433594,3022100
2010-12-21,36.650964360966576,36.758527669538154,36.2780722064452,36.37129592895508,2624700
2010-12-22,36.45017817409747,36.57208380707231,36.2995851617804,36.42149353027344,1408800
2010-12-23,36.306757996883995,36.42149383763017,36.141825396781265,36.23504638671875,1063500
2010-12-27,36.3784626608833,36.50037101629475,36.156160798378835,36.45734405517578,912400
2010-12-28,36.47885795498614,36.607936109148355,36.33543747974834,36.52188491821289,1088400
2010-12-29,36.56490488065895,36.77286165764405,36.292406303431996,36.70115280151367,1407600
2010-12-30,36.629450235683876,36.9593154073587,36.60076559409877,36.90911865234375,1227100
2010-12-31,36.916281494247215,37.09555636712265,36.75134893946392,37.0310173034668,1510900
2011-01-03,37.224651821811264,37.39675698351109,36.90195635332331,37.02386474609375,2413800
2011-01-04,37.02385448316621,37.42542852328583,36.82306472758842,36.90911865234375,2932100
2011-01-05,36.72984657025511,36.8589247317963,36.38563905131802,36.39997863769531,3414100
2011-01-06,36.4214764877185,36.701144795343254,36.19917470538033,36.29956817626953,2880000
2011-01-07,36.543385120713275,36.63660880955919,36.15615078444606,36.21352005004883,3571200
2011-01-10,36.0414284005266,36.34261168598341,35.905180447295045,36.14899444580078,2706300
2011-01-11,36.24938696611593,36.42866187963334,36.01274550274236,36.192020416259766,3395900
2011-01-12,36.3354416301037,36.457350005411925,36.22787831302764,36.356956481933594,2359300
2011-01-13,36.47885437462831,36.97365482885871,36.299579482056195,36.39280319213867,2899700
2011-01-14,36.27088713399016,36.45016197493985,35.69003566452704,35.74740219116211,2748800
2011-01-18,35.79760810127564,36.01274015395857,35.3745219943107,35.4892578125,3676400
2011-01-19,35.28129483245742,35.40320043055764,34.98011162950364,35.26695251464844,3377000
2011-01-20,35.17373671380122,36.23504385029215,35.094855315900205,36.08445358276367,3968100
2011-01-21,36.31392594817464,36.55057014643921,36.12748124223855,36.227874755859375,2847200
2011-01-24,36.19202239501534,36.579254150390625,36.09879866894433,36.579254150390625,2027900
2011-01-25,36.4716790077349,37.174436150936664,36.04141769001806,36.837398529052734,5074300
2011-01-26,37.13141895073425,37.461286868275806,36.858923053680805,37.24615478515625,3728500
2011-01-27,37.325019916546665,37.403901281241886,36.97364277356218,37.28916549682617,2179900
2011-01-28,37.26047582087217,37.63336775360386,36.69396676525,36.80153274536133,2253000
2011-01-31,36.7656942078857,36.95931141439043,36.37845979487624,36.471683502197266,2014700
2011-02-01,36.629441264201326,37.2174625950848,36.607926420523036,37.13140869140625,1976100
2011-02-02,37.00951814633664,37.36806801756948,37.00951814633664,37.224647521972656,1849000
2011-02-03,37.11706909730324,37.84851091913084,37.00950581308942,37.77680206298828,2182300
2011-02-04,37.81983350928027,38.57995732252291,37.7983186614685,38.42936706542969,3106600
2011-02-07,38.69468632893868,38.85961887700455,38.38633334131024,38.479557037353516,2418200
2011-02-08,38.47955153713988,38.9384946897255,38.47955153713988,38.92415237426758,1968000
2011-02-09,38.93849818260028,39.25402367994399,38.823762384161796,39.14645767211914,1985500
2011-02-10,39.03173648731846,39.49785238171885,38.90982811710617,39.44048309326172,1950800
2011-02-11,39.368755152744114,40.69538784739516,39.28270126173251,40.68104553222656,3888100
2011-02-14,40.60934902956296,40.75993928130923,40.06435182964637,40.16474533081055,2917700
2011-02-15,40.107371509038124,40.30815847492516,39.79901853398748,40.02132034301758,2203700
2011-02-16,40.20060015563491,40.501780641583196,39.7488266911949,39.885074615478516,2106500
2011-02-17,39.85639794801804,39.99981568272341,39.03890208840058,39.18949508666992,2899200
2011-02-18,39.26838188282199,39.37594794165627,38.37200717759806,38.90983200073242,4283400
2011-02-22,38.587125824823566,39.1464625702576,37.8269993553608,37.9919319152832,3503800
2011-02-23,38.00627957310115,38.55127407655924,36.80155200175387,37.18161392211914,5550700
2011-02-24,37.289163588803774,37.96323594581535,37.18159759962937,37.89869689941406,3610400
2011-02-25,37.99911658055548,38.579965621582716,37.74096023542407,38.5512809753418,3290800
2011-02-28,38.62299326709826,38.72338679518058,38.30029783003472,38.6947021484375,3104100
2011-03-01,38.71620532957876,38.809426300112996,37.79114626737798,37.80548858642578,3086800
2011-03-02,37.798328094502196,38.09233888980391,37.16010973900713,37.48997497558594,2786600
2011-03-03,37.77680412495394,38.328971101046484,37.76246180583909,38.242919921875,2273400
2011-03-04,38.19272453595399,38.2429240260021,37.755296065836674,38.05647659301758,1639800
2011-03-07,38.085160336591954,38.52259153191621,38.04930590356099,38.06364822387695,3380100
2011-03-08,37.44694430227703,37.69075829076994,36.486030669454145,37.3752326965332,5050900
2011-03-09,37.368067556329244,37.56885460637539,37.05254192280714,37.42543411254883,2198300
2011-03-10,36.98799997317187,36.98799997317187,36.26372781998043,36.4143180847168,3666600
2011-03-11,36.177669098945785,36.50036441013904,36.14181467226152,36.43582534790039,5496900
2011-03-14,36.156166473466705,36.22070555751628,35.5466328072905,36.01274871826172,2740700
2011-03-15,35.28131351067585,35.9840710422571,35.137892992175445,35.86933517456055,3447400
2011-03-16,35.88367108815016,36.72984898703396,35.88367108815016,36.170509338378906,4510500
2011-03-17,36.58642290762228,36.744185699245556,36.22787309794607,36.600765228271484,2063300
2011-03-18,37.102721414416976,37.15291814986158,36.12029333953398,36.29956817626953,2442400
2011-03-21,33.452688233709374,33.99768257619163,32.87900652307483,33.42400360107422,21980500
2011-03-22,33.7323680174993,34.96577754894729,33.682171261101196,34.937095642089844,9738800
2011-03-23,34.851047234235025,35.768936786988554,34.72914158811034,35.47492599487305,6399400
2011-03-24,35.819124412897736,36.364118887708415,35.12353694794604,35.18807601928711,7268200
2011-03-25,35.1163692143617,35.6613637211205,35.04465761115794,35.596824645996094,4237400
2011-03-28,36.120314244125616,36.192025861633006,35.596831746154926,35.85498809814453,2932600
2011-03-29,35.75458621524333,36.27806859090455,35.467745283269956,36.220699310302734,3448100
2011-03-30,36.371280490970186,37.13857658894068,36.364107965465614,37.10272216796875,4399100
2011-03-31,37.01667857024765,37.28917716935327,36.78003713760367,37.160099029541016,3045700
2011-04-01,37.274835195818795,37.82700219113637,37.25332308415634,37.525821685791016,2601400
2011-04-04,37.58318869188502,37.669239875113036,37.21746911152762,37.26766586303711,2509600
2011-04-05,37.131409104811404,37.167266266168674,36.2995738419454,36.38562774658203,4821600
2011-04-06,36.443004554401405,36.64379158412235,36.24938731766274,36.50037384033203,2860900
2011-04-07,36.42865474920574,36.56490540754128,36.12747426649728,36.407142639160156,3423600
2011-04-08,36.55056753469838,36.60793408030337,35.93386144021689,36.05576705932617,2134200
2011-04-11,36.10596792524661,36.37129677738571,35.87649624565261,35.94820785522461,2881000
2011-04-12,35.89801759743555,35.96972648447587,35.53946769119655,35.589664459228516,3954200
2011-04-13,35.6685315377425,36.19201386215236,35.58247762526485,36.11313247680664,4384100
2011-04-14,36.012739203099066,36.03425131359229,35.53945362362482,35.98405456542969,3696100
2011-04-15,36.048602646765424,36.428664616611556,35.912354687042054,36.270904541015625,3689400
2011-04-18,35.883659024992994,35.89800134301067,35.43188558174724,35.539451599121094,3122600
2011-04-19,35.582485393644674,35.79044495759107,35.19525364502507,35.51077651977539,3508900
2011-04-20,35.85497903186793,36.67964464380801,35.84780923968939,36.607933044433594,2958700
2011-04-21,36.83023080122991,36.97365124850299,36.69398014533761,36.794376373291016,2445600
2011-04-25,36.59359072455871,36.82306237152124,36.5577362926304,36.607933044433594,1879000
2011-04-26,36.63661393478491,37.16009624681476,36.39996978434424,37.13858413696289,2400000
2011-04-27,37.253321346843606,37.963248353774574,37.14575532251218,37.91305160522461,2973900
2011-04-28,37.80548998720178,38.10667049181204,37.511479274622246,37.561676025390625,2962200
2011-04-29,37.4899635774324,37.762462172223245,37.2748342596576,37.511478424072266,2866600
2011-05-02,37.65490493365278,37.676419785313875,36.844584223067386,36.959320068359375,2171200
2011-05-03,37.48995093176029,38.20705023947119,37.39672999132995,37.66205596923828,4128600
2011-05-04,37.64054668909856,37.870018265939244,36.84456596014373,37.10272216796875,3161600
2011-05-05,36.89477332410957,38.32179993267136,36.73701054376932,37.97759246826172,4164400
2011-05-06,38.2285739087914,38.536926901171,37.37522378478008,37.58318328857422,2427900
2011-05-09,37.57602116093815,38.31463289375433,37.57602116093815,38.05647659301758,1653000
2011-05-10,38.09950927746643,38.544110342448135,37.934576668449324,38.50108337402344,3709800
2011-05-11,38.42938149411166,38.680365350168,38.063661770212576,38.37918472290039,2286700
2011-05-12,38.278765768649265,38.3719867187164,38.0636365012002,38.22856903076172,2235200
2011-05-13,38.13536196621784,38.29312477434831,37.647733955194816,37.9632568359375,1632700
2011-05-16,37.84134134693886,37.999104113987414,37.59752740491725,37.64772415161133,1925500
2011-05-17,37.6118730065755,37.647727437984315,37.18878415070888,37.43259811401367,2666800
2011-05-18,37.51865123301436,37.5831903070885,37.310691690384594,37.40391540527344,3110700
2011-05-19,37.54734467894058,37.6979349752554,37.21030690912486,37.3465576171875,2305900
2011-05-20,37.518642727481755,38.723370013406914,37.21746227375912,38.465213775634766,5601800
2011-05-23,38.12817014578253,38.40784118292352,37.7839627948977,38.11383056640625,2511000
2011-05-24,38.142534749640525,39.189502464510916,38.142534749640525,38.82378005981445,5817800
2011-05-25,38.67318478717543,39.311403045317064,38.38634382967626,38.93851089477539,4077700
2011-05-26,38.84526817852093,39.626906533203005,38.730532398728926,39.59822463989258,2701400
2011-05-27,39.669952981471425,39.71297994586783,39.18949752220975,39.37594223022461,2645900
2011-05-31,39.7990255469893,39.80619533895555,39.18949201570196,39.78468322753906,3066900
2011-06-01,39.770326179091995,39.8133531215076,38.787900912494415,38.816585540771484,2353000
2011-06-02,38.90264498883265,39.311391454666555,38.81659382116164,38.99586868286133,2195100
2011-06-03,36.1776694757717,37.76962846837789,36.03424903202334,36.72266387939453,12627100
2011-06-06,36.99516654981155,37.66206936197655,36.88760052119743,37.124244689941406,5452200
2011-06-07,37.167271343481296,37.353716024628966,36.76569460687083,36.78003692626953,2439600
2011-06-08,36.70115125483403,36.91628054967658,35.93385503740125,35.96253967285156,6635800
2011-06-09,36.09161229304046,36.19917555630009,35.2741167204756,35.74740219116211,8241100
2011-06-10,35.761764363144174,36.227880302627455,35.761764363144174,35.85498809814453,4770900
2011-06-13,35.8478238827308,36.41433070384626,35.78328478468994,35.919532775878906,3858300
2011-06-14,36.22070381427496,36.50754478191644,36.177679583991484,36.3641242980957,3277100
2011-06-15,36.05577032523492,36.74418808347645,36.041428003655085,36.37129592895508,3748600
2011-06-16,36.37844817374241,36.38562069883152,35.83345389419372,35.941017150878906,4308000
2011-06-17,36.192007362782405,36.335425053454976,35.97687535573934,35.998390197753906,2895300
2011-06-20,35.8549739120774,36.53621896351035,35.77609253178804,36.34260177612305,1814400
2011-06-21,36.50753293508205,37.2174625950848,36.435824084200576,37.13140869140625,2199300
2011-06-22,36.91628960313277,37.41108737616799,36.91628960313277,37.24615478515625,2669200
2011-06-23,36.87325730532184,37.70509540394525,36.75135169567249,37.64055633544922,3016500
2011-06-24,37.590352945908194,37.662064534297905,36.99516180761924,37.10989761352539,2063300
2011-06-27,36.98083359997203,37.346556001507395,36.57208696450434,37.18879318237305,2396900
2011-06-28,37.23179623685988,37.446928226216606,37.217456657385185,37.28916549682617,2695500
2011-06-29,37.461287415610265,37.72661352367808,37.375233486897905,37.4827995300293,2681800
2011-06-30,37.676411938463694,37.733778481402815,37.368058905552346,37.525821685791016,2460000
2011-07-01,37.71942523097185,38.98152163609927,37.52581081108233,38.92415237426758,4498100
2011-07-05,38.838113612121475,39.003046189249936,38.38634010532398,38.42936706542969,2475800
2011-07-06,38.293119924294764,38.99587720752112,38.027791101404794,38.53693389892578,2441400
2011-07-07,38.80226098477357,38.99587821097907,38.400684211660156,38.4939079284668,2150700
2011-07-08,38.14252721226763,38.364829075811116,37.92739787670312,38.350486755371094,1360500
2011-07-11,38.020627945878864,38.19990287806302,37.92740421519795,38.049312591552734,1881600
2011-07-12,37.941749572753906,38.307469260033095,37.80550159818295,37.941749572753906,1547800
2011-07-13,38.164038713831175,38.50107364030221,37.99910614651181,38.09232711791992,1331100
2011-07-14,38.11384789853062,38.28595028447751,37.289182198020995,37.518653869628906,1737900
2011-07-15,37.669240977374635,38.20706567544346,37.56884747141798,38.17121124267578,2263500
2011-07-18,37.91305060462859,38.2142338234972,37.26766268222594,37.446937561035156,1660700
2011-07-19,37.62622665165973,38.13536684326122,37.58319967970746,37.941749572753906,1620200
2011-07-20,38.049290251926195,38.085144670208386,37.382387676913716,37.66205596923828,1466700
2011-07-21,37.870031895551016,38.19989706403999,37.647730028690376,38.05647659301758,2360200
2011-07-22,37.97760716769721,38.23576354980469,37.85570150699024,38.23576354980469,1429000
2011-07-25,37.956089279837286,38.03497068855196,37.67642082022591,37.82701110839844,1402400
2011-07-26,37.76964379136885,38.00628802988686,37.64773814281246,37.81984329223633,1733800
2011-07-27,37.67641832520072,37.68358811846434,36.72267442556386,36.7298469543457,3003400
2011-07-28,36.75135331103403,38.45087854210662,36.64378728030682,37.71943664550781,3668500
2011-07-29,37.2748386077067,37.83417544627044,36.98800039572032,37.66924285888672,2711500
2011-08-01,37.948904631775804,38.070812970545376,37.10272972942524,37.64772415161133,2574800
2011-08-02,37.49712864498061,37.81982392520329,36.14898099400429,36.21352005004883,4232800
2011-08-03,36.572077950324065,38.56561387303487,36.22787048611256,38.486732482910156,5906000
2011-08-04,37.80549670488678,38.19990098908504,36.45017872227769,36.579254150390625,5696900
2011-08-05,36.93062891291736,36.98082566541388,35.25261576162817,35.84063720703125,7246900
2011-08-08,35.13787098240762,35.24543698778511,33.230386667069034,33.23755645751953,6544800
2011-08-09,33.696510188906736,35.324323814776925,33.015265046442146,35.28129959106445,6201900
2011-08-10,34.70046305569552,35.18092140192161,33.897311949093115,33.96902084350586,5694200
2011-08-11,33.66782891602249,35.854982288518514,33.66782891602249,35.38886642456055,4036000
2011-08-12,35.58247123535555,36.17049252076784,35.4892502835218,35.998390197753906,2701000
2011-08-15,36.19917939918566,37.13140812398557,36.19917939918566,36.91627883911133,2689700
2011-08-16,36.62227060403883,36.81588779390613,36.156154843004515,36.59358596801758,2174300
2011-08-17,36.70116372029705,37.131422456118514,36.21353569408963,36.46451950073242,2109300
2011-08-18,35.72590165530716,35.962545835045205,34.41361081704398,34.6717643737793,4046000
2011-08-19,34.420793200761345,35.517955108669575,34.377766224473596,35.015987396240234,4325700
2011-08-22,35.819125611068586,35.89800700484827,34.80084275534943,35.073341369628906,3186200
2011-08-23,35.238277919342856,36.435835810193126,35.116372286508515,36.39997863769531,3337300
2011-08-24,36.27806919781029,37.0238534450032,36.21353012381248,36.93062973022461,2866300
2011-08-25,37.05970725823824,37.12424633115636,36.10596348461696,36.220699310302734,3665800
2011-08-26,36.077289125653564,37.25333226878997,34.958612539599734,37.18879318237305,3752800
2011-08-29,37.461280822753906,37.920224086377374,37.18878223415835,37.461280822753906,3028100
2011-08-30,37.403915906721764,38.2859481072145,37.296349869983494,38.14970016479492,2764500
2011-08-31,38.515412194855045,39.3615897952758,38.24291636357999,38.62297821044922,6200500
2011-09-01,38.7664142363114,39.43331723583949,38.70904494212818,38.90983200073242,3957300
2011-09-02,38.11383527633549,38.56560594147131,37.80548230682026,38.10666275024414,2729200
2011-09-06,37.597524803864516,38.14251918834708,36.90193745420043,38.0421257019043,2513800
2011-09-07,38.54410109118881,38.70186386869515,38.17838152167229,38.36482620239258,2714200
2011-09-08,38.16404881841841,38.55845312604376,38.156876289169396,38.300296783447266,3773300
2011-09-09,37.92739560034848,38.09950069978131,37.411083037567735,37.561676025390625,4011300
2011-09-12,37.117072370650945,37.51864911280975,36.894773255694005,37.50430679321289,4007200
2011-09-13,37.583201639455645,37.999120850126246,37.2533363771768,37.9345817565918,3053100
2011-09-14,38.14970070668557,39.26120458152468,37.67641506224682,38.83811569213867,3700700
2011-09-15,39.09627389615141,39.38311211960861,38.75206638669189,39.340087890625,3334900
2011-09-16,39.375936576612204,39.44047564618121,38.79508495049116,39.36876678466797,3759100
2011-09-19,38.70904354732103,39.73449639198844,38.65884678447872,39.5910758972168,2584200
2011-09-20,39.806195844190846,40.308166089249234,39.41896415619061,39.54804229736328,3213600
2011-09-21,39.74883356310413,40.05718662946556,38.752065493687525,38.79508972167969,3848800
2011-09-22,37.748120755323995,38.15686728952235,36.90911557529087,37.50430679321289,6830300
2011-09-23,37.224632787436576,38.042125732578256,37.16009372674027,37.49713134765625,3679500
2011-09-26,37.84851364729378,38.436535063703985,37.48996386970132,38.36482620239258,4522500
2011-09-27,38.795091051206924,39.84205864835792,38.58713422590922,39.13930130004883,3825500
2011-09-28,39.18950273044108,39.21101484773915,38.60148114980018,38.6947021484375,3249800
2011-09-29,39.289887118918976,39.354426191318616,37.65489819663397,38.42936706542969,3179000
2011-09-30,38.04930767063914,38.83094638329355,38.04213514238911,38.579959869384766,5541100
2011-10-03,38.544105848971476,39.21100873645559,37.87720296148736,37.905887603759766,6671000
2011-10-04,37.37522734780268,38.76640220944477,36.607931057018035,38.73054504394531,5500000
2011-10-05,38.465218670804575,39.77033960739655,38.32897074375996,39.48350143432617,4987900
2011-10-06,39.46915556075016,40.00698016427795,39.28988069290756,39.86355972290039,3890000
2011-10-07,39.87791349133659,40.35119916892201,39.33291620471207,39.39028549194336,4396600
2011-10-10,40.02132962437748,40.20060452421439,39.71297657781657,40.1002082824707,2469000
2011-10-11,39.82771528707882,39.949620914743036,39.519362218198864,39.634098052978516,2714400
2011-10-12,40.02133132793305,40.39422346372856,39.626924343089144,39.74883270263672,2690300
2011-10-13,39.619751160006864,39.677120438535944,39.182319985534804,39.54804229736328,3015900
2011-10-14,39.9066044968927,40.279493981269674,39.76318399146845,40.035682678222656,2254700
2011-10-17,39.748840866737375,40.02133954800281,39.34726400674193,39.490684509277344,2013000
2011-10-18,39.462004554290715,40.17193462172713,38.823786114408875,39.92094802856445,2028900
2011-10-19,39.849231697194405,40.11455783081617,39.13930449781107,39.43331527709961,3171600
2011-10-20,39.31140103347415,39.99264622103195,39.239692165528254,39.47633361816406,2387800
2011-10-21,39.756003119161505,40.430078532550176,39.30423231482599,40.40139389038086,2846200
2011-10-24,40.45158193092646,41.07545771834271,40.394215394465775,41.046775817871094,2666200
2011-10-25,40.66670993450027,40.82447269189766,40.064346275503475,40.1217155456543,2602100
2011-10-26,40.34403625459982,40.372720905051274,39.340098108468545,39.89226531982422,3570000
2011-10-27,40.939212258576376,41.0539480739037,39.806193688641144,40.724082946777344,2889400
2011-10-28,40.609348661325264,40.74559659231007,40.20060213285312,40.387046813964844,2094100
2011-10-31,40.04282355041062,40.265125310030186,39.47631446769784,39.512168884277344,2848000
2011-11-01,38.35765749161899,41.59177537303211,38.02061981581665,40.81730651855469,6614600
2011-11-02,41.03961164302468,41.254740985688436,39.81337192787504,40.659549713134766,3805100
2011-11-03,41.161517959262,41.59177662322615,40.37270676130388,41.17585754394531,4083900
2011-11-04,41.0611191595588,41.56308939325387,40.73842654944984,41.53440475463867,2449100
2011-11-07,41.55592771208979,41.900135236100134,40.92487921697837,41.828426361083984,2877200
2011-11-08,41.986193046558064,42.00770790086635,41.2690932413717,41.849945068359375,2225300
2011-11-09,41.068304194982915,41.828430936688115,40.90337157598923,41.00376510620117,2996800
2011-11-10,41.41251069789155,41.44836513840507,40.351203392683985,40.60935974121094,2799100
2011-11-11,41.12566924146631,41.89296574902712,40.96790915787259,41.720863342285156,2019500
2011-11-14,41.52724349052021,41.78539982003492,41.039615475996484,41.13283920288086,1461600
2011-11-15,40.946390222415815,42.02203973160906,40.88185114244349,41.88579177856445,2409400
2011-11-16,41.477040176487854,41.684999713016445,40.8961885268618,40.99658203125,1986900
2011-11-17,41.34794890885596,41.54156606394656,40.65236165562497,40.824466705322266,2625600
2011-11-18,41.003747435863055,41.053944179337016,40.60217075255404,40.70256423950195,2906400
2011-11-21,40.322517956011204,40.508965419857965,39.820547592101704,40.08587646484375,1887900
2011-11-22,40.04284168831301,40.573496594813015,39.83488214823072,40.15757751464844,2700600
2011-11-23,39.85638816411265,40.04283281477214,39.46198128393767,39.74164962768555,2335200
2011-11-25,39.5838950215708,40.31533687816547,39.5838950215708,39.956787109375,1536400
2011-11-28,40.802961710813165,40.9607217370524,40.32250363433485,40.55197525024414,3212600
2011-11-29,40.69541212305999,41.56310219197876,40.60936091623395,41.40534210205078,3044400
2011-11-30,42.23716717241904,42.74630722753364,41.79973598248306,42.308876037597656,5434300
2011-12-01,42.151115659212124,42.610058987812494,41.86427744659589,42.022037506103516,2450500
2011-12-02,42.366241455078125,42.57419823934115,42.1367670892914,42.366241455078125,2771700
2011-12-05,42.56703218715021,42.79650383757815,42.27302146406955,42.402099609375,3416800
2011-12-06,42.3447406571828,42.660266305118476,42.17980803917938,42.48099136352539,1937800
2011-12-07,42.30887655620191,42.717623110869546,41.921642114247966,42.52400588989258,1801600
2011-12-08,42.322022407074144,42.48072185965244,41.65837515403605,41.70886993408203,3152100
2011-12-09,41.874783027920124,42.32923881399085,41.81707588542817,42.26431655883789,2231000
2011-12-12,42.09119154091272,42.120046489349775,41.60066842452006,41.946922302246094,1981500
2011-12-13,42.13447042104928,42.59613855018944,41.78821932419416,41.932491302490234,2596400
2011-12-14,41.925275452327085,42.17775209784204,41.63673425257166,41.83150100708008,2160600
2011-12-15,41.99742004190444,42.50236791629446,41.77379830341777,42.41580581665039,3381500
2011-12-16,42.704335114657034,42.85581942481782,41.8892009310284,42.66105270385742,8009000
2011-12-19,42.87747381054933,43.036173285598586,41.11015075517872,41.24720764160156,4567800
2011-12-20,42.06234797613918,43.26701342713107,42.01185318189161,43.137168884277344,3892600
2011-12-21,42.90631475826245,43.281420734842115,42.75483044611257,42.841392517089844,2997100
2011-12-22,42.91352956527978,43.49782697993423,42.91352956527978,43.274208068847656,3129000
2011-12-23,43.339144878370476,43.59883117675781,43.158805565963995,43.59883117675781,1334600
2011-12-27,43.461769490981766,43.87294285772666,43.353564814781855,43.786380767822266,1393200
2011-12-28,43.65653571125853,43.76473763434639,43.057807946820766,43.33192443847656,1581800
2011-12-29,43.41127491895185,43.800808453042364,43.39684744527155,43.70703125,1476000
2011-12-30,43.90180200215249,43.93786931374758,43.2309395497978,43.28864669799805,4859400
2012-01-03,43.60602913405082,43.7430859669232,41.82427654791762,42.423004150390625,7842100
2012-01-04,42.069544731744294,43.15879546472766,41.88199310151185,43.036163330078125,5177900
2012-01-05,42.92074500059733,43.62767458804317,42.221027772965954,43.533897399902344,4773200
2012-01-06,43.5338998986268,43.95228833760883,43.26699854203145,43.46176528930664,6464100
2012-01-09,43.70702467957525,43.70702467957525,43.28863626101996,43.58439254760742,2552800
2012-01-10,43.7575266421191,44.37789426022589,43.62046976788406,44.226409912109375,3292600
2012-01-11,44.312974900845994,44.92612744622067,44.262480114839114,44.90448760986328,2905700
2012-01-12,45.012688337740784,45.09203531466167,44.15427154757524,45.04875564575195,3272900
2012-01-13,44.89006049621438,45.027117380513005,44.45003214167737,44.95498275756836,2840600
2012-01-17,45.35894510811985,45.42386737134523,44.49331584903459,44.60152053833008,3123600
2012-01-18,44.60151676407418,45.070397290571535,44.500524445123396,45.02711486816406,2369500
2012-01-19,45.135305698644174,45.200227936454496,44.68085003397193,44.868404388427734,2265800
2012-01-20,44.875632371272346,45.01269200534521,44.17591773321392,44.37068176269531,3636600
2012-01-23,44.5149559760183,44.78907250606126,44.20477213322854,44.587093353271484,2396200
2012-01-24,44.41396780320735,45.09204266025857,44.29133838564092,45.06319046020508,2158600
2012-01-25,45.0631876520631,45.72683499185213,44.911700540363874,45.423866271972656,2358000
2012-01-26,45.45272430841424,45.50322185330648,44.572670233992625,44.832359313964844,2855100
2012-01-27,44.781845875044326,45.604192451383234,44.59429150570746,45.45270538330078,2792700
2012-01-30,45.09924759322954,45.358936597405524,44.90448084009755,45.34450912475586,1844000
2012-01-31,45.44549034117546,45.8999460150796,45.30121839291525,45.81338119506836,3063700
2012-02-01,45.95766801393338,46.05144522340995,45.56813445311632,45.69797897338867,3533400
2012-02-02,45.77732003326997,45.92880436096122,45.445496434015176,45.61140823364258,2507000
2012-02-03,45.85667815247578,46.00095014650429,45.575349277587854,45.712406158447266,3486500
2012-02-06,45.50320881710805,45.705187931772706,45.45992639892603,45.539276123046875,2618000
2012-02-07,45.58256163899755,45.79175589275092,45.344515187846,45.712406158447266,2046700
2012-02-08,45.73403489252934,46.05864334106445,45.44549099187748,46.05864334106445,1759300
2012-02-09,46.101939139306765,46.18128612085708,45.546493757898325,46.015377044677734,2247800
2012-02-10,45.719619675671495,46.03701585004727,45.56813257376187,45.65469741821289,2213800
2012-02-13,45.82060226927627,46.440967049543076,45.77731985363766,46.174068450927734,2553100
2012-02-14,46.13079412058988,46.54196475830721,45.83503777461964,46.440975189208984,2461700
2012-02-15,46.49147067153255,46.563610796415794,45.589776897439755,45.84225082397461,3502700
2012-02-16,45.43827744143585,45.553694448319085,44.54379357427187,45.12809371948242,5265100
2012-02-17,45.33728217566386,45.445486816406245,45.084808349609375,45.084808349609375,3133900
2012-02-21,45.200232864428706,45.78453306842517,45.14973809082196,45.43828201293945,3767100
2012-02-22,45.52485851406199,45.82061488965552,45.25074197636858,45.633060455322266,3223100
2012-02-23,45.495996211198324,46.10193634033203,45.07039537345252,46.10193634033203,3791600
2012-02-24,46.1812772856433,46.44818138330549,45.9720858262914,46.28227233886719,2774400
2012-02-27,45.193026827361194,45.726829580673375,45.193026827361194,45.517635345458984,3380400
2012-02-28,45.712402760764135,45.712402760764135,44.55823239784133,44.91891098022461,3949100
2012-02-29,45.19301949171324,45.22187168187127,44.74577614727975,45.14252471923828,3053800
2012-03-01,45.16417758395195,45.52485620672523,45.05597289641616,45.474361419677734,2804400
2012-03-02,45.47435337992221,45.4959932128997,45.09203223617952,45.149742126464844,2089500
2012-03-05,45.05596232470074,45.495990581519536,44.99104007776421,45.366146087646484,2016800
2012-03-06,44.9261118006124,45.0703837468574,44.69527778732379,44.85397720336914,2589100
2012-03-07,44.81069479396809,45.02710133745635,44.65199812968123,44.85397720336914,2139900
2012-03-08,45.055965711346715,45.61141103205191,44.96219126564671,45.04153823852539,3171500
2012-03-09,45.03432735954701,45.1353169208596,44.724143563081675,44.882843017578125,3630400
2012-03-12,44.91168031024215,45.0415247750629,44.60871172683255,44.72412872314453,3152600
2012-03-13,44.90448579114663,44.92612562662756,44.42839014825062,44.65201187133789,5229500
2012-03-14,45.03432664492957,45.61141180881499,44.882842305364484,45.41664505004883,4741200
2012-03-15,45.33729642201965,45.66190769449122,45.33729642201965,45.56813049316406,2227900
2012-03-16,45.78455023286259,45.863899978780736,45.539288632642815,45.690773010253906,2656500
2012-03-19,45.835024432229915,46.16684799174855,45.719607422320884,46.05864334106445,1724100
2012-03-20,45.842244921203076,45.92159464554229,45.31565454812172,45.39500427246094,2733700
2012-03-21,45.39500444325017,45.56812861358794,45.005470932351614,45.04153823852539,3359500
2012-03-22,44.9333423426373,45.164176435200176,44.709720611572266,44.709720611572266,2787200
2012-03-23,44.709715983571876,44.83234813041667,44.197553065698074,44.54380416870117,3381900
2012-03-26,44.724144215526536,45.07039532440338,44.5870873448542,44.91891098022461,2416400
2012-03-27,44.85399744186168,45.077619197029335,44.65201827703911,44.796287536621094,2255000
2012-03-28,44.70970306512086,44.9982469434643,44.608713533228176,44.91168212890625,1962800
2012-03-29,44.7097165327869,45.04875527920349,44.46445498784368,44.998260498046875,1994100
2012-03-30,45.19302523795525,45.539276329705544,44.940548591719626,45.45992660522461,2545300
2012-04-02,45.488778671323566,46.18849317104838,45.330079232407535,46.174068450927734,2731900
2012-04-03,46.16686356431574,46.16686356431574,45.539283533230986,45.61863327026367,2714800
2012-04-04,45.4094340955262,45.47435635045861,45.005473092417944,45.19302749633789,2076200
2012-04-05,45.09204170008825,45.791759131979695,45.005479598251654,45.74126434326172,2577000
2012-04-09,45.17673544185399,45.29977509044264,44.822097433075534,45.08988571166992,1719000
2012-04-10,44.93787483495852,45.357650615270025,44.554286193499465,44.59770965576172,2588500
2012-04-11,44.95960916886203,45.69783876837313,44.952372841814274,45.661651611328125,2594200
2012-04-12,45.74126025354854,46.22617418147843,45.54584631275651,46.1827507019043,1903700
2012-04-13,45.770212446713174,46.00181354769757,45.610985654447816,45.712310791015625,1855200
2012-04-16,46.00903529771832,46.36367316335,45.89323478391381,46.11759948730469,2945200
2012-04-17,46.30579082243484,46.64595340019834,45.8570640163173,46.58081817626953,2404200
2012-04-18,46.58805203894071,46.624236429796476,46.35645095460321,46.392635345458984,2142700
2012-04-19,46.46499794004262,46.60975203240468,45.87875905093737,46.21168518066406,1678900
2012-04-20,46.28406432056727,46.68936751480942,46.28406432056727,46.32025146484375,2118200
2012-04-23,45.98732508910824,46.08865019693439,45.40832250088587,45.69058609008789,2021300
2012-04-24,45.81364320852847,46.21894658011555,45.582042070736804,45.980106353759766,1683900
2012-04-25,46.36368954257104,46.86308167800961,46.36368954257104,46.85584259033203,2181400
2012-04-26,46.83411997086078,46.98610764595138,46.53738370667574,46.942684173583984,2071800
2012-04-27,47.044019732357086,47.174295700180465,46.71833257370161,47.11639404296875,1836100
2012-04-30,47.159815524388776,47.471024458197874,46.97163792936961,47.46379089355469,1826200
2012-05-01,47.50721228729924,47.854616638129514,47.268372141216226,47.355224609375,2528900
2012-05-02,47.145338295512055,47.75329456782244,46.98611152129255,47.70986557006836,2429300
2012-05-03,48.491516238832695,49.59161984928382,48.03555322324258,48.527706146240234,5188100
2012-05-04,48.33953259514539,48.918532509282336,47.76776624564904,48.086219787597656,2692800
2012-05-07,48.07898056335431,48.7448329475157,47.69539180990927,48.67245864868164,2052800
2012-05-08,48.542175570400204,49.07051836569601,48.28886280079437,49.03432846069336,3172000
2012-05-09,48.74483273368904,48.98367288841826,48.36124398192667,48.491519927978516,3270900
2012-05-10,48.853403908432355,49.099477662837664,48.469815101973595,48.882354736328125,2405400
2012-05-11,48.57114186038532,49.36727032777952,48.52047929032767,48.94025802612305,2036600
2012-05-14,48.69415880564989,49.20802338351038,48.39018350975559,48.63625717163086,2269700
2012-05-15,48.56389516806544,49.28041012434007,48.54218343027002,49.04880905151367,2603200
2012-05-16,49.142903757876404,49.179088149250774,48.33229719017463,48.36124801635742,3087800
2012-05-17,48.455316335557235,48.46979450425539,46.884771861819424,46.89925003051758,3655300
2012-05-18,47.01506493099218,47.30456767078191,46.501200190723026,46.624237060546875,2607400
2012-05-21,46.920974939477944,47.4927412839587,46.537386188298385,47.41312789916992,2066900
2012-05-22,47.39141495097011,47.73881378316775,46.8847838314583,47.09467315673828,3516700
2012-05-23,46.82688532606697,47.26837574302346,46.45053564564443,47.17428970336914,2382500
2012-05-24,47.35523478391879,48.028326371803615,47.290094038352635,47.659210205078125,2368200
2012-05-25,47.68092382496166,47.84015062950133,47.369709303853995,47.58683776855469,1570800
2012-05-29,47.8690934137336,48.21649779450165,47.59406885690432,47.992130279541016,2033800
2012-05-30,47.70986352482856,47.869090292222296,47.18152618408203,47.18152618408203,2195200
2012-05-31,47.217712850414465,47.33351614930897,46.42882358346517,46.95716094970703,3408900
2012-06-01,46.04523303012966,46.44329721532338,45.6761196702707,45.70507049560547,2550000
2012-06-04,45.777452170414,45.86430189950263,45.26358736202689,45.661651611328125,2215600
2012-06-05,45.57479778492365,46.522913914418424,45.57479778492365,46.385398864746094,2247900
2012-06-06,46.696609135890405,47.615779876708984,46.566333185294276,47.615779876708984,2515300
2012-06-07,47.977662208691285,48.18031248273593,47.224957246664154,47.29009246826172,1827600
2012-06-08,47.05848401367431,48.01383910047843,46.92097450451797,47.984893798828125,2424400
2012-06-11,48.36848653008906,48.49152339855358,47.4565548424585,47.50721740722656,1980100
2012-06-12,47.405907925537846,48.12966224501171,47.21773025636861,48.050048828125,1908700
2012-06-13,47.81843011130485,48.38295738975181,47.53616647208137,47.92699432373047,2011800
2012-06-14,47.8763189318951,48.78101125667844,47.62300618531651,48.63625717163086,2115200
2012-06-15,48.643517013404015,49.099480151813204,48.41191590030324,49.04158401489258,2867300
2012-06-18,49.05605276954221,49.80151862052693,48.882353328974325,49.66400909423828,2164200
2012-06-19,49.77979791016228,50.43841668308014,49.72913535238434,49.931785583496094,2461300
2012-06-20,49.93178865891995,49.967978568906645,49.17908380999771,49.55543899536133,2410000
2012-06-21,49.80875168832334,49.910076809893205,48.542182146895094,48.58560562133789,2482200
2012-06-22,48.83893186567823,49.21528158941446,48.54942910490873,49.113956451416016,1967600
2012-06-25,48.592848414469344,49.04881149631577,48.48428419827579,48.7520751953125,1635300
2012-06-26,49.664016303509804,49.76534145203332,48.72313361372693,49.61335372924805,2815600
2012-06-27,49.88837097527507,50.5035608638233,49.54096657321412,50.394996643066406,2571600
2012-06-28,50.18445632327949,50.656383247647724,49.59635348238026,50.591041564941406,1947100
2012-06-29,50.961311047983216,51.295292464284884,50.45307412284938,50.758018493652344,2903300
2012-07-02,50.91773087257753,51.98502203854822,50.90321235368566,51.912418365478516,2208500
2012-07-03,52.00681397583968,52.181069476534496,51.69461312789445,51.86160659790039,1066200
2012-07-05,51.78174447159581,51.861610196796555,51.36063529132038,51.70914077758789,1596500
2012-07-06,51.13556819275153,51.55667742255851,51.08474504703741,51.39694595336914,1858400
2012-07-09,51.62200097933389,52.23188405320796,51.3170622120496,52.14475631713867,2335600
2012-07-10,52.22464361123692,52.406155648598464,50.60555380067649,50.75076675415039,3898900
2012-07-11,50.7507672153943,51.10652926085007,50.126365358051125,50.96857833862305,3277400
2012-07-12,50.77252584749598,51.854335581813295,50.4385445046633,51.61473846435547,3436700
2012-07-13,51.5929698696556,52.38436508178711,51.5566707927033,52.38436508178711,2675700
2012-07-16,52.38436788393762,52.580398420024935,52.18833180854328,52.47875213623047,2232300
2012-07-17,52.74739245924315,53.030550758384045,52.41341101767458,53.02328872680664,2019600
2012-07-18,52.493282427717936,52.53684354328222,50.431302841855185,50.895973205566406,6416800
2012-07-19,50.83062812479864,51.367902158203485,50.59103092664111,51.20090866088867,2912200
2012-07-20,51.04117157860343,51.622006597698366,50.96856235432374,51.49131774902344,2668900
2012-07-23,51.07021902881476,51.20816993589207,50.612810734889734,50.77980422973633,2189000
2012-07-24,50.416783633466565,50.50390586341492,49.843204949306944,50.19896697998047,2849400
2012-07-25,50.445822312429094,50.649114885625224,49.95936589593014,50.28609085083008,2504400
2012-07-26,50.93227715295862,51.89792249008994,50.93227715295862,51.571197509765625,3141800
2012-07-27,51.81079288121549,52.67479189316191,51.81079288121549,52.51506042480469,2620400
2012-07-30,52.54409782996751,52.95068295345202,52.275458065204184,52.355323791503906,1914900
2012-07-31,52.34807984243312,52.86357345614477,52.18834833465877,52.50054931640625,3952900
2012-08-01,51.44774337582573,54.90373217435522,50.82334187535557,51.95597457885742,9242300
2012-08-02,51.86889302787052,52.42794778915483,51.585734630175885,52.413429260253906,2667200
2012-08-03,52.82726449448234,53.29919689581914,52.75466078796308,53.052337646484375,2613000
2012-08-06,53.262886736753146,53.262886736753146,52.60944236738343,52.638484954833984,1568500
2012-08-07,52.014084512526054,52.26820023512921,51.00487811468261,51.20090866088867,4340600
2012-08-08,51.27351474206906,51.39694157982806,50.794320375277245,50.8524055480957,2784200
2012-08-09,50.87417246241582,51.142812160191816,50.707179020164695,51.026641845703125,2312500
2012-08-10,51.041179866996835,51.288033543853984,50.758021572104454,51.19364929199219,1589600
2012-08-13,51.15008710904934,51.94874446110922,51.12105005925395,51.70188522338867,2304500
2012-08-14,51.73819133760006,51.95600245319563,51.57119783026657,51.825313568115234,1503400
2012-08-15,51.83981968042279,52.239142690381506,51.6365271605448,51.69460678100586,1353500
2012-08-16,51.614753295013074,51.687362531570365,51.16460704847727,51.585716247558594,1827900
2012-08-17,51.81078705706033,51.81078705706033,51.39693990797773,51.70914077758789,1883500
2012-08-20,51.701879032640896,51.77448272705078,51.10651987558891,51.77448272705078,1499900
2012-08-21,51.86888453649617,52.072177143682474,50.84515392834044,50.946800231933594,2397400
2012-08-22,50.85240403746159,51.14282435361961,50.66363000106286,50.72897720336914,1976800
2012-08-23,50.649115032105534,50.66363355624418,50.23526785281448,50.249786376953125,2048400
2012-08-24,50.097330810711036,50.62008645328611,50.002946529421706,50.41679382324219,3588500
2012-08-27,50.4603385925293,50.576508937365034,50.12635716008694,50.4603385925293,2470500
2012-08-28,50.27155200083509,50.79430734346894,50.169905744134674,50.45306396484375,1881100
2012-08-29,50.33691826157062,50.83788770533001,50.32239419693548,50.6418571472168,1222200
2012-08-30,50.36595967244727,50.9685753973146,50.32965505101697,50.91049575805664,1386400
2012-08-31,51.01940261191138,51.20091465492123,50.47486648288185,51.113792419433594,1956800
2012-09-04,51.17187166701308,51.491329058925935,50.707195794644065,51.38968276977539,1517200
2012-09-05,51.484075002926424,51.56393520020369,51.041185205249654,51.505855560302734,1717700
2012-09-06,51.67284795871288,52.11573779437922,51.59298221527744,52.01409149169922,2100600
2012-09-07,52.20285055737161,52.50778937771267,51.977771918190534,52.217369079589844,2022100
2012-09-10,52.21011452352644,52.355321908317364,51.75996276778393,51.83982849121094,1832500
2012-09-11,51.8108154792419,52.195620253954736,51.7817728778453,52.08671188354492,1282900
2012-09-12,52.29723998892282,52.32628257554732,51.868874299652255,52.23915481567383,1358700
2012-09-13,52.210116893300714,53.14671398453485,52.210116893300714,52.849037170410156,2357300
2012-09-14,52.936175541416866,53.07412092909263,51.60024400778934,51.81079864501953,3215000
2012-09-17,51.68736267089844,52.0140820790588,51.57845435507596,51.68736267089844,1972500
2012-09-18,51.80351859809971,51.883384313390735,51.55666496124096,51.629268646240234,1843800
2012-09-19,51.62926679527049,51.752693609274864,51.280761364739774,51.302547454833984,2898000
2012-09-20,51.12830616070453,51.491330212750384,50.9613181987756,51.39694595336914,2675400
2012-09-21,51.60023682601146,51.78901087782475,51.1137859418265,51.12104797363281,3795500
2012-09-24,51.041175146330076,51.53488799368915,50.823358536878004,51.476802825927734,1882200
2012-09-25,51.52039319014212,51.97054518697133,50.86694853000605,50.888729095458984,3240500
2012-09-26,50.89597848609749,52.02861746205073,50.84515533289697,51.34613037109375,2232700
2012-09-27,51.47723977142336,51.99441529223653,51.36069591473825,51.761322021484375,1638700
2012-09-28,51.593770594011666,52.118231653563384,51.54278163307635,52.00168228149414,2604000
2012-10-01,52.161950188597345,52.77381789928301,51.50637367187586,51.76860427856445,2236000
2012-10-02,51.78317259079784,52.19837570190429,51.316986058804645,52.1983757019043,2860300
2012-10-03,52.365896511127985,53.16715408168401,52.11095167832114,52.926780700683594,2140600
2012-10-04,53.01419935675868,53.16716629157178,52.32948545650609,52.387760162353516,2667600
2012-10-05,52.722814480134595,53.15986907647349,52.54071025078674,53.04331970214844,2135800
2012-10-08,52.963201323932715,53.006904567155885,52.431460006781215,52.81752014160156,1357700
2012-10-09,52.80296087693884,53.043339884912406,52.13281839172359,52.183807373046875,1555200
2012-10-10,52.24205425729268,52.912196385577765,52.12550490069743,52.846641540527344,1842000
2012-10-11,52.88307843031298,52.985056376023444,52.03083178799778,52.205650329589844,2701200
2012-10-12,52.300343997001725,52.671832674026895,52.183794606842675,52.569854736328125,1576100
2012-10-15,52.64997543083861,55.12659413346111,52.48972281517183,54.88621520996094,5277800
2012-10-16,55.06106410261685,55.51997058387186,54.42005884361427,54.45648193359375,2319200
2012-10-17,53.99028290294385,54.66042536882278,53.99028290294385,54.47832107543945,2845100
2012-10-18,54.449174084414516,55.031909943052966,54.288921445419895,54.98820114135742,1753500
2012-10-19,54.929932202579636,54.98820134275208,53.771746207573635,53.786312103271484,2531700
2012-10-22,53.494956628441855,53.77175314144224,52.824808634923315,53.58236312866211,1910200
2012-10-23,53.16717316163854,53.74262345213024,52.773827182414486,53.48767852783203,1993800
2012-10-24,53.582346119537796,53.720747110795,53.290983801451034,53.53864288330078,1454300
2012-10-25,53.80817482257293,53.88101542332338,52.65727443561837,53.40754318237305,1996500
2012-10-26,53.50223123879912,53.71347285468293,52.926786647541206,53.44396209716797,1552200
2012-10-31,53.094312208176056,54.92992607466457,52.54799948366549,54.84251403808594,2992600
2012-11-01,54.755088246653266,55.0246044570311,53.341963466591274,54.32532501220703,2418000
2012-11-02,54.660406160951126,55.03190034497561,54.150510984227715,54.245208740234375,2650500
2012-11-05,53.73533524543639,54.19424164539179,53.34199484173503,53.89558792114258,2295900
2012-11-06,53.91744061016667,54.26708332380995,53.45125403023058,53.73533630371094,2115100
2012-11-07,53.93200818230611,55.38884252902195,53.92472245450558,54.80610656738281,5049000
2012-11-08,54.871678950278756,55.05378328326862,54.23066814142917,54.252525329589844,2403400
2012-11-09,54.0121321271686,54.73326354083246,54.0121321271686,54.51473617553711,1956700
2012-11-12,54.72596526246149,54.806091574201446,53.7280375646865,54.4418830871582,1933900
2012-11-13,54.25250067356917,54.966346222334955,54.055824971188315,54.070396423339844,1319500
2012-11-14,54.186943307741764,54.36176184174848,53.33469670240541,53.49494934082031,1778200
2012-11-15,53.458524055257115,53.74989197147423,52.27120632659478,52.70096969604492,1977800
2012-11-16,52.75922144767134,53.93197277135667,52.70094677829332,53.80085754394531,3547500
2012-11-19,54.34720404944069,54.41275892544971,53.545946295277936,53.691627502441406,2262700
2012-11-20,53.728046072420064,54.09953478671476,53.225436502351364,53.720760345458984,1882300
2012-11-21,53.73531452098361,54.0194022366855,53.60419925119049,53.990264892578125,1517900
2012-11-23,54.10683430929035,54.63129563658279,53.91744426168302,54.616729736328125,727000
2012-11-26,54.332636412935415,54.55116379642113,53.873735576474076,54.15781784057617,1407000
2012-11-27,54.0121397537239,54.500177973428904,53.626079503587626,54.04855728149414,1831400
2012-11-28,53.91743468781036,54.084973076595276,53.443967988937516,54.05583572387695,1627600
2012-11-29,54.259783693798035,54.65312956185071,54.04126191646719,54.55843734741211,1350000
2012-11-30,54.5729983928412,54.98091567755805,54.4855919126294,54.580284118652344,2178200
2012-12-03,54.63126578567942,54.9590511574416,54.32533203105075,54.543853759765625,1509800
2012-12-04,54.63126437712107,55.0246101475219,54.30347901381018,54.5074348449707,1485900
2012-12-05,54.60215101664266,54.62400264280979,53.553228501563744,54.347206115722656,1959200
2012-12-06,54.37635070175529,54.638581365401514,54.15782329625585,54.616729736328125,1613900
2012-12-07,54.63856475900497,55.03919080414725,54.52201536285959,54.95906448364258,1510800
2012-12-10,55.05376396779752,55.0683298640777,54.660418079657816,54.718692779541016,1694500
2012-12-11,54.91533305916433,55.323244621592565,54.682239943865596,54.784217834472656,1843000
2012-12-12,54.89349766520375,55.70932658845986,54.73324505908381,55.498085021972656,2310200
2012-12-13,55.52005173070525,56.265382921626085,55.35929260179503,55.600425720214844,2411000
2012-12-14,55.43964015902778,56.053441306012125,55.43964015902778,56.02421188354492,2617500
2012-12-17,56.228804778291796,56.23611352667092,55.68076572363031,56.1922721862793,2539400
2012-12-18,56.36033843934046,56.38226468605923,55.70999916023243,56.119205474853516,2569800
2012-12-19,56.23612524598557,56.26535467065177,55.62232405282369,55.6296272277832,2334500
2012-12-20,55.67349118217547,56.455360412597656,55.47619389906324,56.455360412597656,2085600
2012-12-21,56.170366392324254,56.28727852264561,55.76115999884194,56.0972900390625,2731000
2012-12-24,56.09730157314523,56.40420782509526,55.9438512346423,56.2653694152832,779900
2012-12-26,56.250749392591864,56.294590747300255,55.60771312383748,55.746551513671875,1206500
2012-12-27,55.76847219102607,56.1484436067,55.066982640974956,55.746551513671875,1612800
2012-12-28,55.43233728964783,56.046138501741,55.43233728964783,55.45425796508789,1243900
2012-12-31,55.45424892453267,56.462638854980476,55.3884869089335,56.46263885498047,1713100
2013-01-02,57.28104385931091,57.76332092285156,57.17143492896606,57.76332092285156,3119400
2013-01-03,57.26641795261041,57.33948869668272,56.11918998835982,56.35301971435547,4443700
2013-01-04,56.469953545524305,56.56495056686328,55.98037323918941,56.3018913269043,2231800
2013-01-07,56.05345382542505,56.40420139842786,56.05345382542505,56.23613357543945,1764500
2013-01-08,56.250735310310716,56.594168461120795,56.148429550030926,56.46263885498047,2200000
2013-01-09,56.65262380953984,56.959524346629856,56.535711708480534,56.798770904541016,1529000
2013-01-10,57.11298651895668,57.63179622008284,56.93030681116822,57.48564910888672,2949800
2013-01-11,57.58068043454672,57.76336025118558,57.39069186425755,57.566062927246094,1798800
2013-01-14,57.65370399378087,57.75600416125874,57.28103591228808,57.5075569152832,1094300
2013-01-15,57.47102544248431,57.967914369139905,57.178736854756124,57.96060562133789,2038700
2013-01-16,57.909454412475526,57.953295748554325,57.39064482742608,57.5075569152832,1767500
2013-01-17,57.5441057125271,57.81447367650477,57.42718802812312,57.63179397583008,1927100
2013-01-18,57.67563195995268,58.00445317203389,57.536793611546884,57.9825325012207,1835000
2013-01-22,58.07022482025575,58.08483674350578,57.70486541464191,57.90946578979492,1729500
2013-01-23,57.719480240635264,58.01176889481412,57.5879506250019,57.70486831665039,1698900
2013-01-24,57.72678296982647,58.442889819135424,57.72678296982647,58.1871337890625,2309100
2013-01-25,58.238286640092674,58.39904566949138,57.87292723689274,58.38443374633789,1709600
2013-01-28,58.260230007799656,58.260230007799656,57.544122914115434,57.63911437988281,1961100
2013-01-29,57.6537199594856,57.77794082940261,57.3614312964895,57.449119567871094,1857200
2013-01-30,57.829081387319995,57.829081387319995,56.17765545252673,56.22880554199219,3551300
2013-01-31,56.316493612922564,56.374952450673355,55.074273972897075,55.64423370361328,4192300
2013-02-01,55.9803531061655,56.34571241082658,55.826902867200715,56.00958251953125,3043000
2013-02-04,55.72460891906866,56.1045801852947,55.64422941708872,55.870750427246094,2717400
2013-02-05,56.11189935952732,56.250737720552735,55.9292196528906,56.068058013916016,2993200
2013-02-06,55.82691946830889,55.95114033084715,55.30080102115595,55.49809265136719,2096100
2013-02-07,55.62232576836648,55.8780762734053,55.28619573675219,55.45425796508789,3342700
2013-02-08,55.35926900047761,56.323817787777294,55.20581869055984,56.309200286865234,1941100
2013-02-11,56.126518624649364,56.17766872620059,55.71731781223958,55.81230926513672,1257100
2013-02-12,55.80499647190812,55.95113800116906,55.13273094245863,55.23503112792969,2150700
2013-02-13,55.27156711414903,55.31540845620691,53.77359141116471,54.07318878173828,4744000
2013-02-14,53.832062481667585,54.01474221500426,53.020964019657264,53.69322967529297,4252600
2013-02-15,53.83205310532435,54.993898905948406,53.751673590661085,54.93544006347656,3591300
2013-02-19,55.07428042700957,55.169271868280376,54.05858169556244,54.526241302490234,2622400
2013-02-20,54.4604659975706,54.613916261716064,54.014727126744575,54.03664779663086,2179700
2013-02-21,53.88321182774532,54.16088858648339,53.75168219859122,53.91244125366211,2294700
2013-02-22,54.21933335129101,54.79660187889864,54.18280075583762,54.453163146972656,2464000
2013-02-25,54.66507501955295,55.308111171222926,53.82475280761719,53.82475280761719,3727600
2013-02-26,54.000113333062636,55.373862489412325,53.94896324678742,55.176570892333984,4046200
2013-02-27,55.17659306053771,57.061843837073525,55.00121648718368,56.55765151977539,4956300
2013-02-28,56.44071810133294,57.22258698810584,56.353035413994434,56.70377731323242,3004400
2013-03-01,56.65994677302655,57.13491519479388,56.462649539011906,57.091068267822266,2246600
2013-03-04,56.98877274331973,57.65372970339206,56.84993992551328,57.6245002746582,1470900
2013-03-05,57.960630652739354,57.982551330671136,57.22991165531453,57.47105026245117,1715100
2013-03-06,57.57335409552663,57.719495674221584,56.52842564052046,56.6307258605957,2074000
2013-03-07,56.50647929173031,56.90837123804391,56.38956162193202,56.67454147338867,1817300
2013-03-08,56.922989235524405,57.04721007957302,56.13381168226018,56.36764144897461,2022600
2013-03-11,56.36033437440822,56.60878164482436,55.96574558605896,56.1922721862793,1712600
2013-03-12,56.148429512025444,56.34572670857337,55.38117812251123,55.556549072265625,2455600
2013-03-13,55.52001807960169,55.78307172435308,55.35925904812874,55.622318267822266,2722400
2013-03-14,55.717307020061085,56.14842842463766,55.688077599844426,55.834224700927734,1640700
2013-03-15,55.571160431878845,55.62961369204573,54.993891978803006,55.213104248046875,2912500
2013-03-18,54.855066026168444,55.16927536715125,54.72353640494442,54.8404541015625,2249500
2013-03-19,54.97198247026649,55.037744491908825,54.00743379491479,54.46047592163086,2729200
2013-03-20,54.54084980201568,55.07427696936644,54.47508778717428,55.03773880004883,1771600
2013-03-21,54.957373679260606,56.279973245768545,54.95006492849475,55.746551513671875,3336500
2013-03-22,55.90729898008495,56.31649973896969,55.74653994625388,56.068058013916016,1799600
2013-03-25,56.18497168560596,56.32381005048236,55.593091203667406,55.7246208190918,1847800
2013-03-26,55.987685225548475,56.236126980459645,55.39579911395248,55.45425796508789,2459500
2013-03-27,55.147345352004045,56.36764433531422,55.147345352004045,56.16304397583008,1741400
2013-03-28,56.19957548937943,56.41878774503921,55.73921916010594,56.206878662109375,2008900
2013-04-01,56.24344791327917,56.81340789794921,55.973079849421595,56.81340789794922,1722500
2013-04-02,56.90838355486942,57.63179924969901,56.76224201093311,57.52949905395508,2103900
2013-04-03,57.4929582602503,57.55141710513757,56.623401061114585,57.01068115234375,2315500
2013-04-04,57.1129831748984,57.63179284564741,57.1129831748984,57.419883728027344,1989200
2013-04-05,56.82800955248816,57.09106881707647,56.44803815638455,56.86454772949219,2206300
2013-04-08,57.01848497898487,57.920284271240234,56.952502529946955,57.920284271240234,1628800
2013-04-09,57.97895082421801,58.24289186115493,57.50239030788023,58.13291549682617,2319200
2013-04-10,58.27223884613953,58.63882312133418,58.20625076791578,58.55817413330078,1855800
2013-04-11,58.58748448747829,59.18868229999987,58.521496428468474,58.88808059692383,1396500
2013-04-12,58.82943263666144,59.15202853242184,58.558163900345775,59.14469528198242,1617200
2013-04-15,59.1153921185259,59.33534497286716,58.235591888427734,58.235591888427734,1919400
2013-04-16,58.51413602214939,59.10800590309752,58.00092066195016,59.08600616455078,1598800
2013-04-17,58.63880162431633,58.800093947621136,58.29421163697911,58.492164611816406,1716800
2013-04-18,58.60214648799102,58.72678376512335,57.97895450869876,58.69745635986328,2235200
2013-04-19,58.90275854862185,59.68725426603065,58.74146616647392,59.42331314086914,1877200
2013-04-22,59.67254983923352,59.81185356499117,59.07135223480427,59.401275634765625,1504700
2013-04-23,59.56995565449444,60.435094926514275,59.232698730640365,60.04651641845703,1591400
2013-04-24,60.11980315785349,60.163791467763346,59.27665845825506,59.386634826660156,1880600
2013-04-25,59.65057208062863,61.79875537818277,59.489274163040996,61.46882629394531,3041200
2013-04-26,61.43950560865684,61.578803781605586,60.52304523617466,60.83097457885742,1527500
2013-04-29,60.88230895996094,60.96295793721734,60.46440316582838,60.88230895996094,1266900
2013-04-30,61.16090209722388,61.600801986215544,60.72833545791074,61.57880783081055,2182900
2013-05-01,57.58306140014349,61.7401259391704,57.58306140014349,61.53483963012695,2367900
2013-05-02,61.7694304008585,62.304645730811046,61.03626208749519,61.47616195678711,1659900
2013-05-03,62.00403215196947,62.07734785052601,61.021589485327524,61.26353073120117,1669600
2013-05-06,61.285532883297805,61.49815235241341,60.677007471558646,60.91162109375,1446100
2013-05-07,61.1462225459366,61.37350287399018,60.962930515279496,61.25619888305664,1550100
2013-05-08,61.21954140152424,62.42926998507061,61.03624936139992,62.04801940917969,2353500
2013-05-09,62.09934200073005,62.150663549082545,61.094905183884066,61.26353073120117,1692700
2013-05-10,61.498143619227065,62.12866868813279,60.77964195051164,60.926273345947266,2017200
2013-05-13,60.96295414736872,61.49816395192763,60.79432295259815,60.82365036010742,1884300
2013-05-14,60.91165336555527,61.571506275576695,60.91165336555527,61.388214111328125,2199500
2013-05-15,61.307545573088845,61.87208279786009,61.160908532242885,61.828094482421875,1295000
2013-05-16,61.61547772478392,61.89407972440775,60.91163667813052,61.0069465637207,1416400
2013-05-17,60.9483170088259,61.93809930979353,60.9483170088259,61.916099548339844,1826000
2013-05-20,61.92340030236671,62.10669239617918,61.380857270898446,61.527488708496094,1686400
2013-05-21,61.85740212218027,62.50992136292675,61.6667768268162,62.055355072021484,1657000
2013-05-22,62.04803545611941,62.304648853562455,59.87785781102888,60.244441986083984,2275300
2013-05-23,59.90718425993426,60.0464880341932,59.00539033612773,59.81187438964844,2722100
2013-05-24,59.50394397669654,60.00982631757333,59.305985396397894,59.91451644897461,1487800
2013-05-28,60.537736556620224,60.91165414267502,59.503971645758526,59.75324630737305,2175600
2013-05-29,59.32797143027205,59.34263792720607,57.846974076825724,58.24288558959961,3547600
2013-05-30,58.27225610230504,58.76347783405967,57.678385596956964,57.75170135498047,2850200
2013-05-31,57.737010131883466,58.23556485581512,57.06982421875,57.06982421875,3326600
2013-06-03,57.062476770143746,57.61968052025928,56.60057726937537,56.76187515258789,3734400
2013-06-04,56.681240528995986,57.16513430086794,56.13869754320072,56.18268585205078,3311300
2013-06-05,56.190025485612,56.6739193124631,55.55216696666217,55.62548828125,3769700
2013-06-06,55.61084432810086,57.568403398852745,55.56685599641801,57.53908157348633,3230300
2013-06-07,57.76636786276544,57.956993308533576,56.651948203726576,57.75170135498047,3873600
2013-06-10,57.76634105810844,57.81766262427411,56.01406896435479,56.050724029541016,3986300
2013-06-11,55.70615396294234,56.021416691896256,55.14161099559963,55.588844299316406,3498900
2013-06-12,55.86742708914318,55.97740346244923,54.56972154629773,54.694358825683594,3772900
2013-06-13,54.767944540255286,56.38677176524564,54.69436250529198,56.27640151977539,3548200
2013-06-14,56.063011704021235,57.652405049373336,56.063011704021235,56.901859283447266,3522400
2013-06-17,57.18881073050988,57.30654082171997,56.232227774921114,56.60014343261719,2870900
2013-06-18,56.73997516669067,57.49788081701407,56.68110729129963,56.8724250793457,2258300
2013-06-19,56.894495749614414,57.00487160592892,54.75322883848984,54.77530288696289,3936500
2013-06-20,54.282288722851035,54.282288722851035,51.68480435727306,51.831974029541016,7500000
2013-06-21,52.185190553814444,53.47289621973428,51.971798655502155,52.972530364990234,6099500
2013-06-24,52.42063662499425,53.18590208986376,51.169725269581036,52.31026077270508,4436800
2013-06-25,52.582528626497044,53.95117593397182,52.472152757065224,53.642127990722656,4107500
2013-06-26,54.07625708130312,54.5104005993509,54.03210898636399,54.32644271850586,3401100
2013-06-27,54.51038985649111,55.59206288091663,54.385299869516864,54.620765686035156,3645900
2013-06-28,54.59870695092179,54.613426727940414,53.64948904937185,53.84080123901367,5954200
2013-07-01,54.03212334588192,54.42211325868486,52.85479371837761,52.98724365234375,5240000
2013-07-02,52.803269587246064,53.57588928766313,52.803269587246064,53.104957580566406,3486900
2013-07-03,52.89892367603613,53.35514120627439,52.18516625532004,53.25947952270508,3457200
2013-07-05,53.54647048154447,53.54647048154447,51.52293330115245,52.737056732177734,4240200
2013-07-08,52.97988021268697,53.46553180933266,52.73705441436413,53.01667404174805,3483500
2013-07-09,53.50966638394443,53.64947616228762,53.0387346835711,53.6126823425293,3772400
2013-07-10,53.428740421936695,55.820193457491946,53.399306480132736,55.73189163208008,6939600
2013-07-11,56.6148781470309,57.6376834962941,56.372052401506835,56.828269958496094,5572400
2013-07-12,57.269768224443524,57.63032409529482,56.59280457722712,57.277122497558594,2874500
2013-07-15,56.25431407465234,57.18882319265187,55.48169439349578,56.04092788696289,5076600
2013-07-16,55.8864018356921,56.24696332342099,54.70907252359006,54.97397232055664,5977100
2013-07-17,53.73043071668357,54.966628253674635,52.61196895176337,54.355892181396484,26259800
2013-07-18,54.819450983908986,55.42283263595243,54.50304318991369,54.77530288696289,6358000
2013-07-19,54.85625714596598,55.30511494570892,54.701727543998295,55.28303527832031,4090600
2013-07-22,55.29772637599313,55.37866827258535,54.15718555233737,54.68698501586914,3882200
2013-07-23,54.91510472058693,55.19472429317143,54.52511491034963,55.0034065246582,3198200
2013-07-24,55.025494163195184,55.04021394115061,54.14985263521062,54.40739822387695,3459600
2013-07-25,53.96588675810641,54.09098239649669,53.046097259660776,53.20798110961914,4466600
2013-07-26,53.12703098590946,53.45815852261899,53.001940980773036,53.40665054321289,2580200
2013-07-29,53.39927427973689,53.745115869948826,53.1490943461903,53.28889846801758,2659200
2013-07-30,53.58326100310368,54.04683292568819,53.325721046112285,53.47288513183594,2931700
2013-07-31,53.56117485191888,53.83343452434791,51.31688656095337,52.08951187133789,7677400
2013-08-01,52.53838269356337,53.355156301552746,52.25140878956171,52.45008087158203,4097800
2013-08-02,52.398576632545804,53.11969419550943,51.86877689060527,51.876136779785156,3664700
2013-08-05,51.67009054092582,52.2440382317185,51.67009054092582,52.19989013671875,2671700
2013-08-06,52.03800621589946,52.45007007240373,51.55235471592027,51.706878662109375,3766300
2013-08-07,51.728957411593164,51.8540474209769,50.77237420277295,50.83859634399414,3922800
2013-08-08,50.779745869959164,51.06671977638931,50.05862835255123,50.7650260925293,4713200
2013-08-09,50.60314246812427,51.88349364107692,50.60314246812427,51.625953674316406,4988100
2013-08-12,51.58180352792031,51.64067141409951,51.02992972637919,51.25804138183594,3506900
2013-08-13,51.581790459062944,51.648018217722615,50.750302829763775,50.97840881347656,3529700
2013-08-14,51.096144352527745,51.45670023817485,50.794450723961376,51.28745651245117,3299100
2013-08-15,50.69142494253572,51.20650467945258,50.448599232011446,51.12556838989258,3105500
2013-08-16,50.890120657725625,51.19916860974823,50.44126289285705,50.46333694458008,2716200
2013-08-19,50.4559919170317,51.05937383562813,50.28674811405693,50.30146789550781,2361300
2013-08-20,50.33087497880664,51.5008443518169,50.323515092009764,51.05198669433594,2481500
2013-08-21,50.912192237339724,51.34633020401275,50.63257262522507,50.794456481933594,2083400
2013-08-22,50.55900341394471,50.77975520436999,49.95562154926033,50.6840934753418,2141200
2013-08-23,50.80181100731128,51.58179065571508,50.632567280268404,51.5523567199707,2524300
2013-08-26,51.5229278150448,51.86876957637354,51.28746192004755,51.46406555175781,2323300
2013-08-27,50.91954113633958,51.6848066238458,50.80181100731128,51.5523567199707,3515900
2013-08-28,51.47141189186925,51.751031458666894,50.8312420709355,50.83859634399414,3179600
2013-08-29,50.809185158693026,51.45671508500657,50.65465554916573,51.28011703491211,1964000
2013-08-30,51.33160458031791,51.46405446860169,51.00783693919122,51.13292694091797,2464600
2013-09-03,51.37575393879572,51.72895552091266,50.617848409238135,50.94161605834961,2446800
2013-09-04,50.94162796426087,51.132940152586244,50.71351633364215,50.94898223876953,3287200
2013-09-05,50.985778282094664,51.28011207977818,50.544280392544515,50.58842849731445,2641800
2013-09-06,52.28083114885655,53.30363650094478,52.030645515639506,52.91364669799805,6812300
2013-09-09,53.097600228631734,54.65019942627984,53.097600228631734,54.642845153808594,4212100
2013-09-10,54.95925688656271,55.15056903575565,54.517753492551044,54.87831497192383,3733500
2013-09-11,54.95927102460874,55.202091217041016,54.65021744650804,55.202091217041016,2613000
2013-09-12,55.29775795787616,55.29775795787616,54.245518315165455,54.539852142333984,2538300
2013-09-13,54.63549748186505,54.65021164404553,53.97324790474948,54.2381477355957,1919700
2013-09-16,55.30511435433666,55.73189248212749,54.61343074626977,54.65021896362305,2715400
2013-09-17,54.54720128872327,54.951910964768246,54.21607927301396,54.392677307128906,2935100
2013-09-18,54.45152610048602,55.91582908182329,53.53909669449151,55.73923110961914,4725500
2013-09-19,55.96082101044271,55.997751351651196,55.22964645970188,55.25918960571289,2338700
2013-09-20,55.34043135637667,55.40689920822609,54.387686036416056,54.594482421875,3416000
2013-09-23,54.39507311681922,54.963763175631854,53.87069495914608,53.88546371459961,2305600
2013-09-24,53.94455446654792,54.22520592160269,53.44971941364372,53.80422592163086,2635300
2013-09-25,53.63433948688364,54.527998247843676,53.55309726908935,54.483680725097656,2270200
2013-09-26,54.57969255816254,55.118839263916016,54.52799348179198,55.118839263916016,1875100
2013-09-27,55.052379672404165,55.31826228630206,54.82342739062781,55.03760528564453,2552200
2013-09-30,54.5427725944364,55.06715065004625,54.365519389599584,54.749568939208984,2719900
2013-10-01,54.749582705149116,54.985922249281415,54.513243161016824,54.69788360595703,2219200
2013-10-02,54.54277720339786,54.86035894107135,54.29166894489143,54.646175384521484,1766100
2013-10-03,54.54278430544115,54.63141374427828,54.055336478784426,54.23258972167969,2712900
2013-10-04,54.1217991022979,54.46153679951117,53.442323707871346,53.68605041503906,2649400
2013-10-07,53.4644738883135,54.32120805085119,53.40538760783962,53.93715286254883,1844900
2013-10-08,53.73035150984329,54.003621305492224,53.050876252031,53.09518814086914,1944200
2013-10-09,53.235508604265604,53.45707364980893,52.8440719525069,52.89577102661133,2209000
2013-10-10,53.257670651914545,54.38766885460388,53.21335876468033,54.350738525390625,2665800
2013-10-11,54.372910557781196,55.19271443789624,54.358136169344455,54.97853088378906,2131400
2013-10-14,54.660944194346165,55.20009099306771,54.52061569080985,55.12623596191406,1794200
2013-10-15,54.8677381769275,55.51767031183021,54.85296379046526,55.19270706176758,2141200
2013-10-16,55.584149230853264,57.053885280403485,55.40689038459243,56.9578742980957,4014800
2013-10-17,56.83231141634136,58.7008769498891,56.706757299890825,58.59747314453125,3561100
2013-10-18,58.86336733988624,59.04800777148535,58.154348758719095,58.353763580322266,2778000
2013-10-21,58.12481406153497,58.90769343695097,57.7998506863389,58.723052978515625,3199400
2013-10-22,58.789494397047285,59.80132568270125,58.59008527092858,59.180931091308594,3649600
2013-10-23,58.7599403699241,58.81902663144386,57.85889460346396,58.34634780883789,2242400
2013-10-24,58.634403312204626,59.498519007379016,58.464537304492225,59.365577697753906,2188700
2013-10-25,59.30649081232059,59.72747064269904,58.870736596439976,59.6905403137207,2251900
2013-10-28,59.77917461527413,59.79394336720802,59.011069914828134,59.306495666503906,2541800
2013-10-29,59.276935400223515,59.46895729376854,58.841181274584756,59.29909133911133,1917700
2013-10-30,58.383284072995004,60.08935919588907,58.161713387133375,59.59452438354492,3562900
2013-10-31,59.269568784401386,59.79394684762897,58.4423777585165,58.604862213134766,3676800
2013-11-01,58.67872100007294,59.40251389836724,58.05833191705917,58.6196403503418,2759400
2013-11-04,58.65654222965255,58.87072570157964,58.10262120615093,58.34634780883789,1868400
2013-11-05,58.27251220438044,58.9372187808884,57.83675792403382,58.050941467285156,3250200
2013-11-06,58.30944489701374,58.94460841999104,58.183890758345335,58.73781204223633,2104300
2013-11-07,58.76734998417266,59.12186205378034,58.08048742756507,58.17649841308594,2878000
2013-11-08,57.95491978175084,58.17648484314361,56.45564089069657,57.45269775390625,3746200
2013-11-11,58.353763050151166,58.353763050151166,57.17944698576503,57.201602935791016,2277000
2013-11-12,57.400990106009914,57.910599250248225,57.0095534846925,57.578243255615234,2408800
2013-11-13,57.2902130907087,57.829365443940546,57.17204618541073,57.73334884643555,2000900
2013-11-14,58.08049315079837,58.656570390246394,57.60781410126261,58.420230865478516,2065400
2013-11-15,58.25773206436553,58.708255053137826,58.191264230666675,58.553157806396484,1852100
2013-11-18,58.479301051632085,58.6343982937906,57.94014866574821,58.028778076171875,1236500
2013-11-19,58.02876152531768,58.390654987135655,57.5560827407624,57.681636810302734,2041500
2013-11-20,57.962308863024425,58.75995099871849,57.1942042286571,57.70380783081055,2196800
2013-11-21,57.7481264616791,57.873680566449266,57.18681813447867,57.30498504638672,2058100
2013-11-22,57.34931200839948,57.4600973804577,56.29316864636361,57.07604217529297,2078200
2013-11-25,57.120344199913,57.157274529143606,56.59596620654565,56.86923599243164,2077100
2013-11-26,56.8323150106961,57.96970059378948,56.81754625744104,57.62996292114258,3368700
2013-11-27,57.533944362393,57.97708015381062,57.15727640403824,57.88106918334961,1444000
2013-11-29,57.87368916264274,58.257738726859664,57.319767946028456,57.43793487548828,834800
2013-12-02,57.33454180421016,58.073103492123735,57.090820729630344,57.762908935546875,2036400
2013-12-03,57.48224895521362,57.696432488958976,57.27545261498436,57.393619537353516,2039300
2013-12-04,57.112973575458525,57.91062150741166,56.9726450592506,57.18682861328125,2197200
2013-12-05,57.14252437651345,57.72598883263929,56.662458114153814,57.42317581176758,2018900
2013-12-06,57.83675137169795,57.969692671938596,57.21636239375977,57.66688537597656,1465300
2013-12-09,57.73336782385265,58.27252035430823,57.37886135665282,58.22820281982422,2165300
2013-12-10,58.132187826894295,58.70088346296172,57.89584832009153,58.501468658447266,1794200
2013-12-11,58.41283383093979,58.49407605715405,57.27545393349576,57.46747589111328,2760500
2013-12-12,57.267312726175874,57.415575351150196,56.785450711224435,56.8521728515625,2299700
2013-12-13,57.08198810923711,57.630566671062475,56.71132584878752,56.90407180786133,2253300
2013-12-16,56.97820604265228,57.06716702581827,56.081204005194344,56.40738296508789,3439600
2013-12-17,56.46667610466977,56.94853807804067,56.251691357908726,56.62976837158203,2656100
2013-12-18,57.245076138647036,58.09760040525956,56.2739428985839,57.98640060424805,3121900
2013-12-19,57.882607365551145,58.268093544036944,57.430399053644024,57.90484619140625,2554500
2013-12-20,58.02345173485877,58.386704721978184,57.64538040584895,57.78622817993164,3072900
2013-12-23,58.57946770337156,58.78704334335502,58.00865024702622,58.134674072265625,1785300
2013-12-24,58.07537821647011,58.40897774757904,57.98642286619492,58.34967041015625,559700
2013-12-26,58.475694776150725,58.61654828980768,58.13468606674986,58.446041107177734,951300
2013-12-27,58.64620588083816,58.64620588083816,58.075382612686646,58.43122100830078,1444900
2013-12-30,58.52757298566483,59.217005067258825,58.520163812125794,59.1577033996582,1201000
2013-12-31,59.261476836988464,59.40232463292684,58.787029653513116,59.172515869140625,1438500
2014-01-02,58.94274536465179,59.11324692721074,58.45346820768736,58.89826202392578,1701100
2014-01-03,58.80928217925484,59.33562196927133,58.801867349576334,59.06874465942383,1790100
2014-01-06,59.20218463797775,59.51353962114175,58.85376116145032,59.44682312011719,2426700
2014-01-07,59.3578597324337,60.33640796561543,59.33562089965695,60.269691467285156,2570500
2014-01-08,60.31414826569821,60.99616529556139,59.995378575849315,60.744117736816406,2469300
2014-01-09,60.988774836805725,61.01842850071613,60.51432752595548,60.86275100708008,2084200
2014-01-10,61.07030794774462,61.43356101112553,60.951698973308076,61.26305389404297,2093900
2014-01-13,61.03325995737956,61.34461495381773,60.75896780002694,60.89240646362305,1880000
2014-01-14,61.17407957143748,61.35941064893389,60.922032020853074,61.277870178222656,1957200
2014-01-15,61.30753357432253,62.0043804106353,61.2704707430262,61.722679138183594,1772900
2014-01-16,61.744916937230016,61.99696454692221,61.270469720044865,61.73008728027344,1301800
2014-01-17,61.92284128854073,62.0340411067591,61.44097918016626,61.64113998413086,2636800
2014-01-21,61.87836214140821,62.2267855907463,61.51511468939635,61.996971130371094,1583700
2014-01-22,62.04146944128529,62.75314051459744,61.84130859375,61.84130859375,2139800
2014-01-23,61.65594547584612,62.37503100779106,61.24080564538553,61.737491607666016,3796600
2014-01-24,61.12218585742031,61.515092484669744,58.39411222571943,59.02424240112305,7207200
2014-01-27,59.1280504186966,59.72110669253459,58.26811118622359,58.74997329711914,2614600
2014-01-28,58.7499740746423,59.80265364071898,58.69808157929649,59.721107482910156,2188700
2014-01-29,59.31338156087089,59.40233689121902,58.66842713655824,58.97978210449219,2990600
2014-01-30,59.328208285015194,60.64035602640807,59.328208285015194,60.18073272705078,2179400
2014-01-31,59.669200732854996,60.36604749461756,59.32077735197372,59.958316802978516,2398300
2014-02-03,59.85453689171614,60.05469766846278,58.31999544537193,58.4386100769043,3040200
2014-02-04,58.68326380380062,58.92789664733113,58.10502580819271,58.668434143066406,2202400
2014-02-05,58.52757630829977,59.0316772745979,58.41638214032503,58.572059631347656,1455400
2014-02-06,58.72772821683924,59.1502829586406,58.438612112230786,59.12804412841797,1931000
2014-02-07,59.380099389284524,59.8248930185658,58.853759601451586,59.587669372558594,2222400
2014-02-10,59.66181234912132,60.48467753520974,59.60250501769885,60.43278503417969,2134300
2014-02-11,60.455030198295965,60.78862404350841,60.03247535495958,60.72931671142578,1371900
2014-02-12,60.65515813710348,60.736704268134254,60.06951122145336,60.63291931152344,1109700
2014-02-13,60.27709986640039,61.46322372059141,60.16590570394547,61.15186309814453,1485000
2014-02-14,61.21115977006107,61.78939193763351,61.17409128512162,61.678192138671875,1088100
2014-02-18,61.75231961447018,61.94505987012376,61.24821883842266,61.922821044921875,1670100
2014-02-19,61.76715629887941,62.53071961886868,61.76715629887941,62.0859260559082,1827400
2014-02-20,61.99697233577072,62.701234077405445,61.61890087373429,62.64934158325195,1829300
2014-02-21,62.64933531376839,62.938451417384904,62.21936574474898,62.308326721191406,2852100
2014-02-24,62.31571686242044,62.65672535085145,61.470607639818496,61.51509094238281,3105700
2014-02-25,62.04884367757508,62.04884367757508,59.12802968600293,59.424560546875,5612200
2014-02-26,59.72109624903349,60.35122656009017,59.365263678127114,59.92125701904297,2996000
2014-02-27,59.9583057068472,60.47723609615753,59.94348170982938,60.388275146484375,2251500
2014-02-28,60.40310955968699,60.529133339764265,59.847116306086924,60.395694732666016,2650700
2014-03-03,60.10657395630247,60.44758244626648,59.832281936701776,60.388275146484375,1735000
2014-03-04,60.72931409391425,60.8108602580485,60.26228159957483,60.44761276245117,2592900
2014-03-05,60.455014517057315,60.46242368975194,59.55059773289577,59.89902114868164,2809300
2014-03-06,60.03247535495958,61.10739388362944,59.97316802287695,60.72931671142578,2184000
2014-03-07,60.72931189760483,60.72931189760483,59.520954795460945,60.277103424072266,1809300
2014-03-10,60.114010570371796,60.41054154880044,59.66180775669416,60.18073272705078,1293500
2014-03-11,60.091760669976054,60.6848225176122,59.906429549571875,60.56620788574219,1550000
2014-03-12,60.23261856517546,60.44760335937251,59.69144916518187,59.928672790527344,2458100
2014-03-13,60.05473355403295,60.22523511892239,59.506149039175696,59.56545639038086,2444100
2014-03-14,59.387526561720435,60.091782816463194,59.34304888630566,59.595096588134766,1696000
2014-03-17,59.88418872761712,60.7811906418258,59.88418872761712,60.59585952758789,2480800
2014-03-18,60.64036941528321,61.003616974734804,60.41796971839328,60.6403694152832,1464100
2014-03-19,60.68483330792461,61.5225280849927,59.528368720846906,59.8100700378418,1997000
2014-03-20,59.713691617323285,60.24744051426901,59.38750702264215,60.21779251098633,1815500
2014-03-21,60.66997259764702,60.736694719753736,59.876755893476414,60.09915542602539,3506100
2014-03-24,60.366053234021635,60.68482298983161,59.431982796276166,59.97315216064453,2142800
2014-03-25,60.48469315469781,60.677439203666104,60.06213820694494,60.57365417480469,1988300
2014-03-26,60.684833848239464,61.09997382558249,59.854548237695404,59.90644073486328,2478300
2014-03-27,59.8249045478204,60.106611570145866,59.31339432070643,59.80266571044922,1889600
2014-03-28,60.032483164044706,61.24825535059505,59.9805906556868,60.88500213623047,2467900
2014-03-31,61.21117427507568,61.52252926126367,60.55139580897625,60.6922492980957,1959300
2014-04-01,60.773757921282616,60.855298376564356,59.97312646059229,60.49946594238281,2414600
2014-04-02,60.41793981273952,61.03324043449566,60.14364774312551,60.247432708740234,2161800
2014-04-03,60.30673246680437,60.506893201034444,59.82487052630705,60.232601165771484,1527200
2014-04-04,60.57361308692451,60.60326674017901,59.380080408747304,59.84711837768555,2884500
2014-04-07,59.8990415468696,60.61812179725984,59.75818803570686,59.80266571044922,3475300
2014-04-08,60.048254932459024,60.79253176321415,59.668672158827064,60.65856170654297,2991200
2014-04-09,60.770221917039564,61.03071774735774,60.21945849316925,60.933963775634766,1974300
2014-04-10,60.91905753553487,61.28375159310047,60.457609534071096,60.695777893066406,2492500
2014-04-11,60.46505477664277,60.695784480798935,59.94406320928796,59.951507568359375,2284100
2014-04-14,60.28642686477758,60.77765232781761,59.99615933784736,60.51715087890625,1629700
2014-04-15,60.50971451017009,60.926507758939444,60.18223085563296,60.792537689208984,1714300
2014-04-16,61.23166286327214,61.40284906217623,60.98605578259418,61.313533782958984,1608600
2014-04-17,61.39540118807563,61.87173795986802,61.268875475214394,61.514488220214844,1826200
2014-04-21,61.693111613450625,61.841964721679695,61.261429649851394,61.84196472167969,1472600
2014-04-22,61.80476084544018,62.61602002466712,61.67079076245797,62.467166900634766,2175900
2014-04-23,62.266209007094815,62.59368698614692,61.90895359185903,62.541587829589844,1477500
2014-04-24,62.705333002628834,62.72021604313226,61.8345303344249,62.19178009033203,4173100
2014-04-25,62.005725694983425,62.21412238220937,61.7229024306602,61.83454513549805,1063700
2014-04-28,62.02804006590106,62.370412469694465,61.63357417963177,62.11735534667969,1639200
2014-04-29,62.288519942776745,62.392718228350915,61.69309630088371,61.774967193603516,1664400
2014-04-30,61.827068856158085,62.348060305262024,61.73775360271987,62.161991119384766,2238200
2014-05-01,62.556484389789,64.39484381783596,62.29598289596486,64.17900848388672,3442300
2014-05-02,64.05991270831899,65.49636735587285,63.97059743588887,64.75209045410156,2788500
2014-05-05,64.55858768151893,66.10668525927956,64.46927807251399,65.7940902709961,2769200
2014-05-06,65.15398170836069,65.27306302524316,64.85626989858382,64.90092468261719,2792000
2014-05-07,65.74199104244731,66.15133999954969,65.19122195499723,65.75687408447266,2843300
2014-05-08,65.64523321714928,65.9950443374774,65.37729302619086,65.68244934082031,1706100
2014-05-09,65.80892408195523,65.98011016845703,65.51865671306948,65.98011016845703,1289800
2014-05-12,66.12900679764996,66.12900679764996,65.61545955626023,65.72709655761719,1729100
2014-05-13,65.7196581014584,66.98492666715157,65.66755894118593,65.89083862304688,1330600
2014-05-14,65.9652520985928,66.53834842629149,65.95781341887414,66.06201171875,1254800
2014-05-15,65.94294175212055,66.05458443896158,65.28053566948216,65.98760223388672,1501800
2014-05-16,66.05457318062639,66.64999695670595,65.68243474017216,66.13644409179688,1579000
2014-05-19,65.89827843411132,66.31507168752276,65.31774335160763,65.37728118896484,1515300
2014-05-20,65.36238694397224,65.87593974201602,65.12421860022665,65.51868438720703,1677600
2014-05-21,65.59314366280556,65.83875648690581,65.48894531531771,65.77921295166016,1197400
2014-05-22,65.83127787137572,66.13643407193949,65.73452393573362,65.8387222290039,1345100
2014-05-23,65.86105149945307,66.19597946168841,65.5410122528982,65.801513671875,1234700
2014-05-27,65.95781557804321,66.4639240561715,65.92059946470577,66.24063873291016,1321500
2014-05-28,65.84619205981257,66.46394337916978,65.74943240835704,66.38207244873047,1371700
2014-05-29,66.33737596634461,66.5755442679133,66.0843246302192,66.52344512939453,1235400
2014-05-30,66.47880967921205,66.7839659209751,66.31506785957158,66.70953369140625,1676600
2014-06-02,66.73930989939689,66.82118081467831,65.62289452197619,65.78663635253906,2296100
2014-06-03,65.78662150149623,66.15875987662784,65.78662150149623,66.03223419189453,1572600
2014-06-04,66.03226686437696,66.32997884746507,65.71967183740716,66.24810791015625,1896900
2014-06-05,66.32997187439781,66.85840789159403,66.06203168562465,66.78398132324219,1587500
2014-06-06,66.8509660227919,67.46127299143633,66.7244402840398,67.29753112792969,1457200
2014-06-09,67.37938215291035,67.52824092956591,66.54579571716604,66.73186492919922,1764500
2014-06-10,66.52346796876829,67.18587396237818,66.08434731883051,66.47881317138672,1267600
2014-06-11,66.27785265648791,66.27785265648791,65.7494111207874,66.06945037841797,1131300
2014-06-12,66.06199191261595,66.06199191261595,65.34748706552035,65.67496490478516,1772900
2014-06-13,66.18306204920067,66.19800265702955,65.3163585861198,66.07846069335938,1296400
2014-06-16,66.26526598571388,66.31756667653313,65.30890723910619,65.69742584228516,1192500
2014-06-17,65.62268352949036,66.10086269982389,65.27899260708472,65.92154693603516,1727400
2014-06-18,65.79454405712045,65.92903234167102,65.03992073302541,65.80201721191406,1554600
2014-06-19,65.75717261918348,66.31006622314453,65.52555048346493,66.31006622314453,1455400
2014-06-20,66.28766183469838,66.6014658947883,65.996271535994,66.57157897949219,1811100
2014-06-23,66.49686851407237,66.67618431621553,66.37732084574588,66.5641098022461,915100
2014-06-24,66.34742936620708,66.9526236675437,66.32500990660384,66.68364715576172,1223500
2014-06-25,66.11583129486552,66.93023427996566,66.11583129486552,66.70608520507812,1126200
2014-06-26,66.67615563365258,66.75087004404291,66.19050341559927,66.22039031982422,1493200
2014-06-27,66.16066702480173,66.87793611100136,66.16066702480173,66.51182556152344,1398600
2014-06-30,66.54166233856994,67.24399028341783,66.40717412998936,67.22904968261719,2167500
2014-07-01,67.30380876001512,67.30380876001512,66.6911411143458,67.02735900878906,2419300
2014-07-02,67.0198643695364,67.3710284624763,66.69111973600717,67.04975128173828,1913100
2014-07-03,67.04226983175477,67.31124058472415,66.53420383108914,67.25147247314453,1165700
2014-07-07,67.03479242979661,67.87907609339997,66.9451317175955,67.78942108154297,1794900
2014-07-08,67.58769965468815,67.84173554076872,67.24400873851053,67.51298522949219,1750200
2014-07-09,67.58772916940791,68.09579546309001,67.14690987800977,67.8940658569336,1613600
2014-07-10,67.43829307417819,68.4544255533634,67.3262185492017,68.29752349853516,1569700
2014-07-11,68.25269968559341,68.61133707493225,67.98372306867627,68.46937561035156,1066200
2014-07-14,68.7009808142447,68.81305533619727,68.30498911031302,68.71592712402344,1469100
2014-07-15,68.70098848373881,68.75328917310904,67.8492311423678,68.46189880371094,1776500
2014-07-16,68.66361367027802,68.85787575884338,68.31992271379836,68.77568817138672,1294300
2014-07-17,68.49176076932345,68.73832351523275,67.80437890225404,67.87162017822266,1330600
2014-07-18,68.17046613767896,69.13429741550117,68.08081112601258,69.08946990966797,1561900
2014-07-21,68.86533683186173,68.98488447539424,68.57394657618296,68.63372039794922,1031200
2014-07-22,68.97740765883196,69.44811365446242,68.58888923867833,69.39581298828125,1563700
2014-07-23,69.61996445127438,69.70962518237262,69.37340171601319,69.4555892944336,1232300
2014-07-24,69.44811645923848,69.5228365856679,68.94005038138307,69.0147705078125,1121500
2014-07-25,68.91765820008827,69.44813820181518,68.82052998580491,68.90271759033203,904000
2014-07-28,69.07454003257403,69.38087659619481,68.74579541105237,69.03718566894531,1672700
2014-07-29,69.1193721664937,69.63490569911818,68.82798191316608,68.99982452392578,1672700
2014-07-30,69.91136439600959,72.8925142891705,69.91136439600959,71.91374206542969,2873600
2014-07-31,71.607421671074,71.92123149427124,70.5240478515625,70.5240478515625,2444000
2014-08-01,70.58380136299418,71.43555842272889,70.29241108994525,70.494140625,1720400
2014-08-04,70.79302179040083,71.52523708329862,70.14299410283893,71.3982162475586,1864800
2014-08-05,70.93496573318731,71.18152278801108,70.3148251187958,70.82289123535156,1976700
2014-08-06,71.0545312984963,71.74938657559397,70.32978909868663,71.46546936035156,2432200
2014-08-07,71.70452672328449,72.9298615004591,71.56256532947381,72.65341186523438,3220300
2014-08-08,72.61607716980546,73.35575984773082,72.35456806820712,73.30345916748047,1873900
2014-08-11,73.61728376981962,74.38685357959818,73.1988782111862,73.24370574951172,2001300
2014-08-12,73.13160187918709,73.1689619463766,72.06316894151065,72.25743103027344,2410000
2014-08-13,72.5936652199429,72.74309411000546,72.11548023097981,72.63101959228516,1797600
2014-08-14,72.88505554199219,73.01954382318016,72.45170378034797,72.88505554199219,1242600
2014-08-15,73.28104562175695,73.7143973738851,72.96724153932482,73.378173828125,1693600
2014-08-18,74.04311956677172,74.55118560791016,73.8862175732305,74.55118560791016,1813900
2014-08-19,74.53626474228501,74.64086609901257,73.65462066390526,74.01325225830078,2184300
2014-08-20,73.96094304138092,73.98335680089973,73.10918597759117,73.71438598632812,1754100
2014-08-21,73.94600171964674,74.61844300043359,73.78162655097154,73.9161148071289,2909300
2014-08-22,73.91613983279835,73.953499911181,73.08679625576265,73.31841278076172,1658700
2014-08-25,73.81900045965257,73.93854243179536,73.52013697877547,73.89371490478516,1203600
2014-08-26,74.02820826457634,74.02820826457634,73.5201420223354,73.66957092285156,1147400
2014-08-27,73.90866293655989,74.2523539789652,73.63221889177049,73.81900787353516,1417600
2014-08-28,73.79658110562549,74.1103908962042,73.69197974221485,73.8040542602539,1054500
2014-08-29,74.058095184749,74.15522340004978,73.60232962772344,73.66957092285156,2301600
2014-09-02,74.0655576687805,74.16269157790951,73.29598805211076,73.8040542602539,2678400
2014-09-03,72.95976816864297,73.41553368240167,72.8850537254777,73.30345916748047,2304200
2014-09-04,73.54255578737812,73.9236068941456,73.31093928147394,73.66957092285156,2460000
2014-09-05,73.60232935942868,74.52132792491265,73.53508236419852,74.43914031982422,1480300
2014-09-08,74.56615425958105,74.64086870265747,73.98336792275317,74.2374038696289,957900
2014-09-09,74.05059393794215,74.24485599519603,73.31837892235139,73.63965606689453,1464000
2014-09-10,73.22874406571957,73.6322088955993,72.75803224735327,72.82527923583984,1757000
2014-09-11,72.83275014918547,73.19885489638051,72.42181217759669,73.09425354003906,2048800
2014-09-12,73.01204858158553,73.03446233827864,71.29358836407626,71.73441314697266,2059400
2014-09-15,71.60739541253929,71.78671687442238,70.7481709674836,71.08438873291016,2954700
2014-09-16,71.08440796262983,71.61488793842894,70.88267838887116,71.33097076416016,2118800
2014-09-17,71.55510947513517,71.8838598559198,71.24877855696023,71.45050811767578,1917400
2014-09-18,71.64475647796466,72.21259638118238,71.43555380318585,71.63728332519531,1691600
2014-09-19,72.13225505160275,72.31224659939164,71.1422929560217,71.3672866821289,2661800
2014-09-22,71.32979213021058,71.34478904309118,70.38482640752969,70.72981262207031,1740500
2014-09-23,70.74482162923674,71.18730212193014,70.42983493391304,70.44483184814453,1240600
2014-09-24,70.49734271249066,71.21731488761561,70.23485375101232,70.63983917236328,1313500
2014-09-25,70.36983571001956,70.61732770812414,69.76235483086931,69.83735656738281,1789400
2014-09-26,69.77738389156644,70.6323513707679,69.75488565082398,70.08486938476562,2737300
2014-09-29,69.66488218333045,70.42235532670145,69.5823848250509,70.15986633300781,2140400
2014-09-30,70.35482848037282,70.61732309737293,69.94234756562606,70.21983337402344,2919900
2014-10-01,70.39236059979612,70.5573553276826,69.81487905219345,70.08486938476562,1928700
2014-10-02,70.1148452758789,70.54232887116291,69.81485548298167,70.1148452758789,1672000
2014-10-03,70.24235964758238,70.70733848912013,70.10736449833547,70.4073486328125,2997700
2014-10-06,70.69234157112851,70.86483187626975,70.19735744994634,70.4073486328125,1475900
2014-10-07,70.17483494645992,70.64731494453109,69.97234515352332,70.01734161376953,1514800
2014-10-08,70.12234729886787,71.54729453807705,69.94985130662397,71.49479675292969,1653400
2014-10-09,71.44980486816392,72.13978321481211,70.81983135554677,71.05982208251953,2318900
2014-10-10,71.17231212110003,72.25976874613279,70.96232097048652,71.02981567382812,2575000
2014-10-13,70.92482240697599,71.11231532924481,69.70237061364205,69.7773666381836,2227000
2014-10-14,70.197342453248,71.08981051159623,69.71736107442946,70.00984954833984,2548400
2014-10-15,69.70237883603464,70.24235943136006,67.64745204584283,68.98240661621094,3452300
2014-10-16,68.0599333876121,69.5673781424419,67.98493736020114,69.3423843383789,2197500
2014-10-17,69.86738995926336,70.36986979504651,69.37240572329888,69.87488555908203,2090100
2014-10-20,69.90486911579936,70.5948417820217,69.6273774965916,70.5648422241211,1412800
2014-10-21,70.81232927355227,71.71979437895358,70.50484384003737,71.69729614257812,1397700
2014-10-22,71.74979243060612,72.16227916160966,71.14981849312743,71.20231628417969,1225400
2014-10-23,71.62980523772147,72.18478274450172,71.42730965592739,71.89979553222656,1500700
2014-10-24,71.7947950824797,72.19977477499333,71.53230040371291,72.1247787475586,1442100
2014-10-27,71.82476365514464,72.19974938226561,71.20978729153939,72.10975646972656,1664500
2014-10-28,71.40478852009845,72.34975424783242,71.40478852009845,72.29725646972656,1599800
2014-10-29,72.25225592667057,72.3647528028297,71.13479992630194,71.28479766845703,2970200
2014-10-30,72.46226103174486,74.49468346470525,71.71978499749477,74.17219543457031,3037300
2014-10-31,74.65970574786098,75.26718116249913,73.06976324266408,73.12226104736328,3955800
2014-11-03,71.86979532051284,72.8522564976762,71.86979532051284,72.64226531982422,2748900
2014-11-04,72.71724091862473,72.96473290376268,71.7872777972374,72.65724182128906,3145200
2014-11-05,72.94223749361177,73.24222727006271,72.34975925862415,73.23472595214844,2023200
2014-11-06,74.7721744023687,76.09212616472517,73.8572137567184,74.65968322753906,4215000
2014-11-07,74.8621822749549,75.09467169398101,74.02971314781105,74.59969329833984,2515000
2014-11-10,74.10470061034378,74.6071859895558,73.95470856157684,74.4721908569336,2005800
2014-11-11,74.82467459645018,74.82467459645018,74.04470905735351,74.62218475341797,1470500
2014-11-12,74.59220147994782,74.8471948910193,74.17972038467727,74.80219268798828,1763000
2014-11-13,74.73467533142508,75.33464921242316,74.73467533142508,74.95966339111328,1373100
2014-11-14,74.85466735162606,75.04216026111061,74.47218593599483,74.6446762084961,1240400
2014-11-17,74.54717271537488,75.07215050812934,74.54717271537488,74.65216827392578,1594900
2014-11-18,74.76467754230622,75.61214346874294,74.62968241296119,75.48464965820312,1614100
2014-11-19,75.6871421196235,75.73214431218776,74.96716997872478,75.60464477539062,1401000
2014-11-20,75.46214549929509,75.77713220242819,75.22215481283712,75.5296401977539,1406100
2014-11-21,76.24960976750049,76.58710041426308,75.8071292782842,76.57209777832031,3030200
2014-11-24,76.63958014891152,77.0670636233481,76.48208683957465,76.84957122802734,2046600
2014-11-25,76.8345901351922,78.34203469262006,76.73709588450797,78.12454223632812,2601100
2014-11-26,78.34954340684942,78.89701953658361,77.99705579688992,78.52203369140625,1433900
2014-11-28,78.82951261460975,79.72947621483482,78.65701663495496,78.7545166015625,922600
2014-12-01,77.80956486426732,78.81452420856594,77.47207988370855,77.61457061767578,2463800
2014-12-02,76.72959698721783,76.72959698721783,75.3046554425567,76.474609375,3843000
2014-12-03,76.87211013610231,76.93960485218204,76.25713348388672,76.25713348388672,1809300
2014-12-04,76.16708898726687,76.47457998931196,75.94210101385012,76.20458984375,1633600
2014-12-05,76.11462381882663,76.39961671776643,75.19965745832899,75.40215301513672,2124500
2014-12-08,75.30465384494971,76.22711574231988,75.25215033808156,75.57463836669922,2175500
2014-12-09,75.01218075047635,75.64216007001154,74.79469395257685,75.58216094970703,1665700
2014-12-10,75.16215754741468,75.82213052084376,74.97466464023067,75.1246566772461,1824000
2014-12-11,75.28215142631296,75.49964388929224,74.84717222218396,74.95966339111328,2068100
2014-12-12,74.86932487864053,75.49417835924386,74.18424905458535,74.21436309814453,1486100
2014-12-15,74.48538164247596,74.6510060055397,73.1603924816324,73.36365509033203,1834300
2014-12-16,72.94962924561636,73.26581820563631,72.01611652112807,72.10645294189453,2375900
2014-12-17,72.30214082788204,73.16037068656934,71.95583805539987,73.13025665283203,2143700
2014-12-18,73.71748999491783,74.2369471948973,73.3561329595407,74.21436309814453,2276800
2014-12-19,74.79402462057641,75.04999105732318,74.04119094398547,74.92953491210938,3225400
2014-12-22,74.71875083593324,75.85553142413204,74.65852275652776,75.79530334472656,1582300
2014-12-23,75.93080709455734,76.3900361089523,75.62214252200832,75.77271270751953,2073000
2014-12-24,75.88568935643941,76.26210645494622,75.68242090679104,75.8480453491211,762900
2014-12-26,75.8480175741406,76.07387004800682,75.70497729111419,75.76520538330078,975400
2014-12-29,75.76518985800647,76.26206290122947,75.57698141624002,75.75765991210938,1140400
2014-12-30,75.58452635767115,75.938359217377,75.33608978677125,75.53935241699219,1484700
2014-12-31,75.70498615296555,76.03623495510003,74.34235843382305,74.41764068603516,1367800
2015-01-02,74.65099393833752,75.21561922460249,74.45525556420603,75.0349349975586,1462700
2015-01-05,75.04248115373676,75.04248115373676,73.74007601819173,73.95087432861328,2124700
2015-01-06,74.00356348105126,74.47031675254982,73.72501291243704,73.755126953125,2329500
2015-01-07,74.19931456827644,74.78652414844625,73.81537337734534,74.53056335449219,1854900
2015-01-08,74.95966147852614,75.43394470633925,74.77898297416868,75.22315216064453,2214800
2015-01-09,75.31349373460309,75.47911808891533,74.51549174782527,74.8392105102539,1323700
2015-01-12,75.0199079518824,75.15541829928658,74.49292071479175,74.51551055908203,1489000
2015-01-13,74.94461487145438,75.07259525226696,73.2206246011553,73.6873779296875,2068800
2015-01-14,73.31095558443484,73.73254643082625,73.03241074599124,73.22061920166016,2365500
2015-01-15,73.5067114520931,74.05628280044017,72.42262865188385,72.48285675048828,3059400
2015-01-16,72.46027293450702,73.43895943784274,72.17419808051191,73.3410873413086,2435100
2015-01-20,73.77773223722869,73.77773223722869,72.37746053323278,73.12276458740234,2011300
2015-01-21,72.88184574588614,73.48411514455192,72.68611307343642,72.83667755126953,1907700
2015-01-22,73.22814038185041,74.47784723286834,73.02487778533109,74.4025650024414,4187100
2015-01-23,74.6359511293932,75.55440939091005,74.41009866573056,74.98225402832031,2589800
2015-01-26,75.44901822435153,76.69871957537067,74.854278723784,76.60838317871094,3049500
2015-01-27,75.9082369455182,76.30723795899742,75.32855167623732,75.57698822021484,2019300
2015-01-28,75.81037357136255,76.39758885460972,74.39504786715219,74.44021606445312,2129800
2015-01-29,74.32730028275147,74.59831522740352,73.50670826987674,74.09391784667969,1957700
2015-01-30,73.51423082381322,74.08638619090382,72.91949135891204,72.98724365234375,1990700
2015-02-02,72.9872432727477,73.82288934939358,72.02361681339633,73.664794921875,1918300
2015-02-03,73.58198770738669,74.65101626766447,73.49165131050908,74.59831237792969,1669300
2015-02-04,74.44021290889472,74.77146165817179,73.52176038859635,73.664794921875,1697200
2015-02-05,73.99606580147865,75.4791499259912,73.90572364002041,74.97474670410156,1900600
2015-02-06,74.43269231821817,74.4853904632822,71.73754548513323,72.06879425048828,5384300
2015-02-09,72.0085544419098,73.49916215614668,71.96338050801411,72.79902648925781,2811500
2015-02-10,73.15285406860457,73.36364659950159,71.61707253021318,72.55059051513672,2965400
2015-02-11,72.71621898889777,72.79150696901146,71.3460616083591,72.24193572998047,2444900
2015-02-12,72.48285025336587,72.83668312136597,72.0687950358271,72.24947357177734,2101100
2015-02-13,72.2344176758444,72.89691525045245,71.8956446842234,72.57319641113281,1748900
2015-02-17,72.61833105034145,73.21307030555955,72.33225633948892,72.43765258789062,3051300
2015-02-18,72.36241557679331,72.81411488691778,71.88060221350477,72.42263793945312,2430000
2015-02-19,72.41509394052505,72.41509394052505,71.66226004820203,71.71495819091797,1731700
2015-02-20,71.74506106901764,72.72374153050978,71.69988713681599,72.6710433959961,3039000
2015-02-23,72.67106122314776,73.43142513080024,72.48285273319092,73.27333068847656,2621200
2015-02-24,71.83542463311973,72.76141305421618,70.80404564677539,71.25574493408203,6782100
2015-02-25,71.05999035404496,74.41762881120161,71.052460406925,73.664794921875,6038300
2015-02-26,73.44647551816351,75.88566155842011,73.34107922868333,74.44021606445312,18726300
2015-02-27,74.8316865923502,75.05753330342479,74.30469944584313,74.63594818115234,4150600
2015-03-02,74.63595712199474,75.20058258281898,74.34988228956398,74.83169555664062,2911100
2015-03-03,74.76393579056104,74.88439197638606,73.89065141799794,73.98851776123047,3117900
2015-03-04,74.03366308205423,74.47783795044636,73.54432577343391,74.19928741455078,3103100
2015-03-05,74.09390390832006,74.95966395849429,74.05626566315284,74.71122741699219,2153100
2015-03-06,73.91320310024999,73.91320310024999,72.42259004458376,72.73125457763672,3799300
2015-03-09,73.02488329586046,73.3636562301788,72.55060003908149,72.70869445800781,2366300
2015-03-10,72.2268800279972,72.44520252956889,71.15032741330438,71.19549560546875,2641500
2015-03-11,71.15032523952496,71.57191033662244,70.94705689366285,71.24066162109375,2146700
2015-03-12,71.8956544545894,72.49039406549583,71.51923741556014,72.47533416748047,2231900
2015-03-13,72.43766537539014,72.49036350889385,70.68356133443456,70.94705200195312,2510900
2015-03-16,71.31598914799353,71.51925186291572,70.79653169122552,71.22564697265625,2881500
2015-03-17,71.10515841792925,71.42887721948767,70.65345923390201,70.85672760009766,2764400
2015-03-18,70.84164661352833,72.2569775773916,70.171625112252,71.90314483642578,3493200
2015-03-19,71.89563763802518,71.98597977398151,71.19550187944748,71.21055603027344,2758100
2015-03-20,71.29335725545063,73.60455674933077,71.05998061970247,73.5443344116211,3581200
2015-03-23,73.56694196777075,74.01111128631965,73.28839131032409,73.5067138671875,1888400
2015-03-24,73.60456333229973,73.78524759258651,73.1378100190584,73.14533996582031,2271900
2015-03-25,73.12276357377695,73.31097207177318,71.87306213378906,71.87306213378906,1827400
2015-03-26,71.23315283465877,72.18924945639894,71.22562288667635,71.66979217529297,1475300
2015-03-27,72.12147604798811,72.55059105871953,71.95585170285217,72.30215454101562,2380100
2015-03-30,72.7011607060411,72.82914107509237,72.06125311711853,72.39250183105469,2564900
2015-03-31,72.1289963281362,72.73879554240345,70.8792953491211,70.8792953491211,4335500
2015-04-01,72.46779032002877,73.20556430010117,71.97844715319164,72.61835479736328,3388900
2015-04-02,72.69364380179357,73.24321510818102,72.5731933574487,72.85926818847656,1526900
2015-04-06,72.79151379345402,73.89818057834782,72.64847351022728,73.8078384399414,2603800
2015-04-07,73.80783916062038,74.25953836972894,72.91949489378446,72.9270248413086,2338400
2015-04-08,73.09335064809949,73.77385264831598,72.74553979658377,72.98749542236328,1344300
2015-04-09,72.7984699779204,73.04798834824945,71.9969930208751,72.08772277832031,1736300
2015-04-10,72.24654244886491,72.54898279526648,71.83824105880697,71.88360595703125,1468900
2015-04-13,71.8306369377326,72.42796608450863,71.66429138183594,71.66429138183594,1645600
2015-04-14,71.6794421791232,71.93651757003474,70.99137727636844,71.45260620117188,2372800
2015-04-15,72.58676482400926,73.0177485094047,71.89870001348301,71.95919036865234,2404200
2015-04-16,71.50552014701357,73.29750787770058,71.41478461945611,73.16140747070312,2774600
2015-04-17,72.76822400272155,73.00262266712582,72.0726022827931,72.66236877441406,2320900
2015-04-20,72.69260280042243,72.96480356537286,72.21625434609739,72.46576690673828,2222600
2015-04-21,72.46581845242885,72.73801941099865,71.70214898908407,71.81556701660156,2150300
2015-04-22,71.81554924972858,72.6170264468572,71.72481369642608,72.52629089355469,1836500
2015-04-23,72.42798398526563,72.91945803951761,72.03480243439286,72.61701202392578,1335600
2015-04-24,72.53386084926441,72.91947977832193,72.0423866484938,72.0726318359375,2210700
2015-04-27,72.34478980084643,72.60942782300515,71.84575315733892,71.97429656982422,1884700
2015-04-28,71.78528463430692,72.4204160294685,71.73235701804346,72.4052963256836,1651600
2015-04-29,71.92140469082211,72.29946084417628,70.69650067723012,70.70406341552734,3132900
2015-04-30,72.874102645736,73.21435664777258,71.14260475683093,71.47529602050781,4172000
2015-05-01,71.56598489385381,71.71720495033532,70.40157199918505,70.68133544921875,3110500
2015-05-04,70.65868861208176,71.64163686064924,70.5301509119598,71.55846405029297,2479400
2015-05-05,71.5660375011559,71.81555596957614,70.21259565664936,70.31845092773438,3092800
2015-05-06,70.36380559487608,71.02162534271095,69.74379376779495,70.21258544921875,3275800
2015-05-07,70.25793799446359,71.09722292335589,70.05379025682821,70.7947769165039,1913700
2015-05-08,71.64159610313496,71.95916168818653,71.13500256002762,71.79281616210938,2055800
2015-05-11,71.37698244391864,71.71723057691993,70.41671685923752,70.80989837646484,2369100
2015-05-12,70.36380865192304,70.96870079819027,69.63794153760978,70.77210998535156,2170800
2015-05-13,71.00648564444715,71.35429649647936,69.94792761683593,70.27305603027344,3154800
2015-05-14,70.59064358060267,71.71724927307899,70.44698040008566,71.68700408935547,2016800
2015-05-15,71.46771529193445,72.24651562392351,71.14258684846024,72.21627044677734,2565300
2015-05-18,71.89872262443248,72.3901968195577,71.6945748223821,71.98189544677734,1568000
2015-05-19,71.76261814787537,72.41286939137956,71.59627252587339,72.17091369628906,1696800
2015-05-20,72.08018040104321,72.08018040104321,71.16528529332619,71.3165054321289,2370300
2015-05-21,71.1804124829311,71.42993092999812,70.77967388116359,70.99894714355469,2322400
2015-05-22,70.89308417611575,71.72480647392628,70.57551265587516,71.33918762207031,2274000
2015-05-26,71.11994814725627,71.59630276942423,70.79481950382466,71.53581237792969,2670100
2015-05-27,71.49795018601107,72.09527936921327,71.08209203958612,71.95162200927734,2485400
2015-05-28,71.6945514620712,71.81553217103703,71.08210248679535,71.52820587158203,2803400
2015-05-29,71.60383181885338,71.60383181885338,70.00087745011301,70.15966033935547,5166900
2015-06-01,70.09160229024461,71.37699655852961,70.00842948240998,71.24845886230469,2590900
2015-06-02,71.0820949095551,71.57356889215245,70.72672132569734,71.18795013427734,2294300
2015-06-03,70.9687128332392,71.08213085098289,70.04625474965452,70.07649993896484,3080500
2015-06-04,70.30329796446544,72.35236084078875,70.18988000804198,71.58112335205078,4211000
2015-06-05,71.27112934154061,71.30893148596014,69.9403704082724,69.95549011230469,4130600
2015-06-08,70.03865450552131,70.60573852189488,69.90255411084458,70.18988037109375,2936300
2015-06-09,70.21259435040484,70.34113206737679,69.55477451917503,69.61526489257812,2406500
2015-06-10,69.69843029224155,70.62088819803581,69.56232985091651,70.09160614013672,1377700
2015-06-11,70.36380072861287,70.95356733203933,70.06891742689965,70.63600158691406,1744400
2015-06-12,70.40915043488931,70.7493985221907,70.09914175068774,70.46963500976562,1422700
2015-06-15,70.08220699292788,70.47724777748081,69.88468370263078,70.08980560302734,1616900
2015-06-16,70.10502548223235,70.91030459839322,70.01386530820274,70.84953308105469,1676400
2015-06-17,70.86471094667654,71.78394590046095,70.55323741829062,71.50286102294922,2347700
2015-06-18,71.7003652618694,73.1513926427776,71.41928043648824,73.06782531738281,3393700
2015-06-19,73.1286003725517,73.73635587061496,72.90828704833984,72.90828704833984,3612200
2015-06-22,73.12858942349037,73.42487141609463,72.70315426289831,72.77153015136719,1574200
2015-06-23,72.22454993509349,73.19696327314905,72.16377265245484,73.1209945678711,1848100
2015-06-24,73.12100867045206,73.22736603756209,72.23216247558594,72.23216247558594,1692600
2015-06-25,72.45248332131638,73.66800035415557,71.90549920752814,71.97386932373047,1299300
2015-06-26,72.05740306958485,72.07260028568416,71.16095858903503,71.59398651123047,2707900
2015-06-29,71.51802020841276,71.98143678225081,70.55320561129872,70.60638427734375,1569000
2015-06-30,71.1457988750026,71.28254490063865,70.62920342215995,70.87230682373047,2034200
2015-07-01,71.32050884019341,71.47245205136451,70.7887220911967,71.41927337646484,1805600
2015-07-02,71.90550400148146,72.24736619736991,71.4420871961838,72.10302734375,1856500
2015-07-06,71.7915613822843,72.28536693195323,71.7915613822843,72.15621948242188,2076800
2015-07-07,72.58161616461545,72.83231813243738,71.79152880289986,72.64998626708984,1601200
2015-07-08,72.30810807665642,72.6271800759706,71.65476686127602,71.77632141113281,1167200
2015-07-09,72.40688347059229,72.72596133940317,71.48764871082773,71.70796203613281,1350300
2015-07-10,72.04223613286031,72.9006936609457,71.73075685340565,72.4904556274414,1973000
2015-07-13,72.96146371847131,73.34891167769875,72.40688111816375,72.70316314697266,1684400
2015-07-14,72.78674510515502,73.13620588130878,72.49806162816947,72.53604888916016,1469000
2015-07-15,72.73356087270518,72.99186147645791,72.36890869757899,72.89309692382812,1683800
2015-07-16,73.3109187305692,74.46565811264774,73.21215999398348,74.313720703125,2632500
2015-07-17,74.25297199490483,74.31374930051848,73.2653668608758,73.6528091430664,1588500
2015-07-20,73.4476828043736,73.81234079148373,73.00705609379446,73.73636627197266,2229000
2015-07-21,73.55405036847637,74.26816921932968,73.37172424767826,73.6528091430664,1652300
2015-07-22,73.54641702889566,73.85789622605833,73.15137632102413,73.34130096435547,1393100
2015-07-23,73.29573804880337,74.52644631599149,73.29573804880337,74.45047760009766,3172800
2015-07-24,74.60241458924851,74.68598191504834,73.41728639942009,73.53124237060547,2360200
2015-07-27,73.50844529209553,74.01744201243851,73.10580592239018,73.29573059082031,2057100
2015-07-28,73.3793169533706,73.6907962971395,72.88551728512097,73.44769287109375,2563500
2015-07-29,72.67278852260954,74.04784146810952,71.23695248724503,73.17418670654297,3657700
2015-07-30,72.96143609845554,72.96143609845554,71.98142445259997,72.13336181640625,1746400
2015-07-31,72.1941665605837,72.87029794015281,72.05742056269101,72.25494384765625,2710900
2015-08-03,72.36130267270426,72.57401738574036,72.05742202720644,72.44486999511719,2229500
2015-08-04,72.28532348087752,73.38688414056354,71.98904148838156,73.02223205566406,2261600
2015-08-05,73.29574855962895,73.68319080506035,73.00705928337537,73.41729736328125,1888500
2015-08-06,73.96424711062014,74.89867302851638,73.96424711062014,74.72394561767578,3543100
2015-08-07,74.89868735002716,75.74955192719908,74.80752722121497,75.70397186279297,2977900
2015-08-10,75.77238117243931,76.40293277123119,75.49129623508284,76.34215545654297,2724200
2015-08-11,76.1066233485143,76.85872351126353,75.21777717471596,76.72957611083984,2468500
2015-08-12,76.24336455880827,76.55483802233792,75.32412979643067,75.94708251953125,2788300
2015-08-13,75.94709816763405,76.79036439041215,75.41530547256146,76.1598129272461,2157200
2015-08-14,76.2129564724774,76.94226636742458,75.77992854122628,76.79032897949219,1574200
2015-08-17,76.59280316049792,77.13978701230866,76.1977624875455,77.0714111328125,1865300
2015-08-18,76.93471978464378,77.1398417727056,76.22819944051349,76.34215545654297,1827300
2015-08-19,76.12181470241272,76.75236607477298,75.7267738908863,76.27375793457031,1994300
2015-08-20,76.07623402832749,76.16739996690009,74.99746317073902,75.09622192382812,2195100
2015-08-21,74.87590011724848,75.32412535281588,73.40208861795523,73.46286010742188,3397500
2015-08-24,69.69472890198891,71.26730434255308,68.12215346142473,69.84667205810547,7386400
2015-08-25,70.86468687902708,71.19135751992476,67.90945968869156,68.00062561035156,4352500
2015-08-26,69.27693012442023,69.70995817543549,68.22094933692617,69.53522491455078,4163600
2015-08-27,70.18856298159415,71.84470639246713,69.74793634107722,71.31291961669922,2877500
2015-08-28,71.32052142461527,71.76874673160778,70.62919852893644,70.99385070800781,2286800
2015-08-31,70.86469756797348,71.06222086334351,69.98345004316508,70.03662872314453,2198600
2015-09-01,68.65396858282918,69.19335392484265,68.1145832408157,68.39566802978516,3258800
2015-09-02,69.20093384932197,69.47442577405808,68.35767384343187,69.26171112060547,2047500
2015-09-03,69.42886435076659,69.89228102559787,68.97304628589484,69.14777374267578,1979400
2015-09-04,68.34249849778351,68.67676780077218,67.30170912914065,67.62837982177734,3065800
2015-09-08,68.61598186903176,68.95784394327926,67.94744914328614,68.4108657836914,2199100
2015-09-09,69.20094067298956,69.4060625347878,67.24851555979242,67.38526153564453,2050600
2015-09-10,67.2865128074519,67.56000479980342,66.81549753261517,67.09658813476562,3131000
2015-09-11,67.25611692805745,67.83348949379437,66.92184768536127,67.81069946289062,2080000
2015-09-14,67.83349235661315,67.94744831198169,67.24852115720694,67.4840316772461,1681800
2015-09-15,67.6435807429934,68.22854625918325,67.26373134919584,68.0310287475586,2037100
2015-09-16,67.80312020768122,68.9882485212837,67.80312020768122,68.8287124633789,1788200
2015-09-17,68.86668428731672,70.66716639156951,68.58559369817833,69.52761840820312,2441900
2015-09-18,68.4944590897147,69.43648415073396,68.4944590897147,68.74515533447266,2946000
2015-09-21,69.17272560736735,69.31780770556176,68.75276000438244,69.02001190185547,1360600
2015-09-22,68.51606868224955,68.65351338091062,67.68376305545317,67.99683380126953,1470000
2015-09-23,67.84412156070321,68.11137355206085,67.36306797625946,67.73722076416016,1224500
2015-09-24,67.40885922264292,67.5615787582594,66.71400426896541,67.21796417236328,2001500
2015-09-25,67.5539505729462,68.4244316553346,67.37069293077377,67.83647155761719,1843200
2015-09-28,67.5921310610833,67.71430671528219,66.5154857803208,66.59184265136719,2178900
2015-09-29,66.69877020951407,67.00420364195948,66.30171082529576,66.43915557861328,2015900
2015-09-30,67.16453469916858,67.2256225324314,66.4925860102469,67.1798095703125,2234900
2015-10-01,67.15687452286409,67.95099860940425,66.79035929870983,67.48521423339844,1704300
2015-10-02,66.7521907741721,68.56951568047023,66.60711447351834,68.52369689941406,2474000
2015-10-05,68.82148095634098,71.4787426012494,68.82148095634098,71.36420440673828,3042400
2015-10-06,71.31837002889992,71.54744052343467,70.84494835248356,71.29546356201172,2794600
2015-10-07,71.58566321047422,71.9598159790039,71.22677948680739,71.9598159790039,2502000
2015-10-08,71.67726559538421,73.12043150848928,71.66199073112224,72.97534942626953,2268700
2015-10-09,72.79973590134952,73.06699364079283,72.41031418082405,72.49430847167969,2183700
2015-10-12,72.46377752537249,72.70048557340367,72.19652556377991,72.38742065429688,1157500
2015-10-13,71.89108471506484,72.34159428512802,71.38711893263289,71.54747009277344,1742400
2015-10-14,71.70018730071878,71.76890672753751,70.78388749688374,71.05877685546875,1964400
2015-10-15,71.40240696764891,72.3110637093402,71.33368170025523,72.27288818359375,1612600
2015-10-16,72.63939663931457,73.50224616372186,72.46377642108254,73.4029769897461,2337100
2015-10-19,73.0593545193562,73.914566449375,73.0593545193562,73.90692901611328,2177000
2015-10-20,73.88403508746686,74.17419351847998,73.41825061554077,73.99857330322266,1808800
2015-10-21,74.06729283405566,74.19710009344253,73.24262467032325,73.34952545166016,1474800
2015-10-22,73.54805195887342,76.08313824242848,73.54805195887342,75.95333099365234,2415900
2015-10-23,76.0373368091808,76.3122262162653,75.22793763247373,75.7242660522461,1546000
2015-10-26,75.72424093312476,76.10603100235579,75.34245086389375,75.99913024902344,1044800
2015-10-27,75.70133482329172,75.91513633097944,75.25082533575748,75.80059814453125,1107800
2015-10-28,76.0220749390652,77.07581978830251,75.80063588851036,77.02236938476562,2922500
2015-10-29,76.25113482219061,77.99209710190216,75.29665937711577,77.85465240478516,2736000
2015-10-30,77.96918979421426,78.3586174028473,77.44231748992577,78.06082153320312,3364300
2015-11-02,78.50371522146939,79.5040097128477,78.10665589501487,79.45819091796875,2757700
2015-11-03,79.32837918438406,79.39710446002987,78.68697434852724,78.86259460449219,2064600
2015-11-04,78.87021483780978,79.25964244644283,77.83938253322182,78.06082153320312,1732000
2015-11-05,77.67904910002287,77.85466935779104,75.63265306714946,77.02236938476562,3137200
2015-11-06,76.54893980755527,76.54893980755527,74.05966591928787,74.85379028320312,3114800
2015-11-09,74.70105432530386,74.78504861556135,73.6014969442274,74.15127563476562,1839100
2015-11-10,74.16654205322266,74.54833214974515,73.96037796438851,74.16654205322266,1753700
2015-11-11,74.38801373620974,74.8232544047087,73.9833169879493,74.54073333740234,1110300
2015-11-12,74.3039974096067,75.0370338012984,74.02910803451539,74.33454132080078,1683000
2015-11-13,74.52541785194701,74.89193886941709,73.45640452878438,73.5938491821289,1623700
2015-11-16,73.66261334642519,74.86907196044922,73.30372957162565,74.86907196044922,1336600
2015-11-17,75.00648049494383,75.57152817323256,74.62469042097634,75.09810638427734,1381000
2015-11-18,75.3042949398139,76.22058901404458,75.0752185084284,76.09841918945312,1668000
2015-11-19,76.258786891561,76.55658282152113,75.76245839974182,76.07552337646484,1537100
2015-11-20,76.51075397742635,77.02235727444749,75.99915650606135,76.73219299316406,1325700
2015-11-23,76.73217571429431,76.86962038877923,75.93805157567651,76.31221008300781,997400
2015-11-24,75.80823779000019,75.93804501979197,75.07520153125014,75.79296875,1336900
2015-11-25,75.70901154277146,76.05262045476718,75.51811640818337,75.66319274902344,965900
2015-11-27,75.66317777946712,76.38858264277872,75.66317777946712,76.11369323730469,487000
2015-11-30,76.31985360330408,76.5183861253604,75.7700806452074,75.88461303710938,1795400
2015-12-01,75.97623383608257,77.2666863051462,75.97623383608257,77.25141143798828,1994100
2015-12-02,77.09107213448506,77.30487370231474,75.77771298849612,75.9457015991211,1649900
2015-12-03,75.92279400914242,76.11368909557538,74.40327075231967,74.74687957763672,2469600
2015-12-04,74.88431042480357,75.60207768126716,74.19708707559957,74.48725128173828,3380500
2015-12-07,74.11308750552723,74.8155856711262,74.10545589849717,74.59414672851562,2485600
2015-12-08,74.32690849346483,74.53307845038968,73.51751518644838,73.97566223144531,2655000
2015-12-09,73.52515414661232,74.40327273270792,72.43323399012598,72.95246887207031,2558800
2015-12-10,72.95247350968046,73.33426371697898,72.51723290638638,72.59358978271484,1742600
2015-12-11,71.80710071068407,72.23470386568403,71.2038715023628,71.53221130371094,3007700
2015-12-14,71.67805373802757,72.46868189056795,71.29425605197974,72.1846694946289,2220200
2015-12-15,72.82178203538363,73.8043032687866,72.75269540000673,73.38980102539062,1774600
2015-12-16,73.69683023739177,75.04779381934219,73.41281785331189,74.84054565429688,1892100
2015-12-17,75.09385220141473,75.13222845396943,73.75056037996083,73.75823211669922,1775700
2015-12-18,73.38978242588787,73.61238575146045,72.6068319902482,72.61450958251953,3258400
2015-12-21,73.24392417675567,73.48955437832821,72.76034136449013,73.35138702392578,1291400
2015-12-22,73.80428749527077,74.45674231335717,73.5816841608578,74.01153564453125,1755500
2015-12-23,74.21111578960326,75.63884355364779,74.21111578960326,75.60813903808594,1844600
2015-12-24,75.70792242587626,75.76165386269228,75.16293046494587,75.33180236816406,668400
2015-12-28,75.02478054556852,75.62350408272394,74.84055927020272,75.50836944580078,1028300
2015-12-29,75.95354168417852,76.44480213712161,75.93051476549158,76.306640625,1198200
2015-12-30,76.24523107945207,76.39874777383255,75.23967740551446,75.30108642578125,1039600
2015-12-31,75.19363069871697,75.21665761942893,74.36462641536417,74.4183578491211,1523300
2016-01-04,73.91176748359659,74.28788761891744,72.99064941860306,74.22647857666016,2819800
2016-01-05,74.4106832924401,75.80002878140907,74.30322042899978,75.69256591796875,2518400
2016-01-06,75.27808230390029,75.71561145729785,74.85590248207446,75.4239273071289,2132400
2016-01-07,74.38000180511622,74.71006808965218,73.20558167948253,73.54331970214844,3203600
2016-01-08,73.68148438293473,74.06528210156529,72.07721273007742,72.33052062988281,1959800
2016-01-11,72.71430635941337,72.92155451653599,72.03114114510558,72.52240753173828,1545400
2016-01-12,73.00599046921603,73.05972190671356,71.98508730047554,72.52240753173828,1859900
2016-01-13,72.80639891368858,72.9752707839436,70.6955122480734,70.73389434814453,1989500
2016-01-14,71.18678519697308,71.4247437179522,70.38848539663178,70.77996063232422,2524500
2016-01-15,69.47503631513838,70.33473910602177,67.43323047421823,67.84773254394531,5386300
2016-01-19,68.89935349624353,71.79318510507144,68.77653544127473,69.78208923339844,4084300
2016-01-20,69.09125186607054,69.22174165641178,66.17438749866979,68.31597900390625,4293000
2016-01-21,68.21620039743833,69.97399443970235,67.70958465887598,69.09893035888672,2994700
2016-01-22,69.78207724707217,71.83922660786249,69.33687065871328,71.5782470703125,3258300
2016-01-25,71.6012858182835,71.68572176645073,69.79743810580455,69.94328308105469,2895300
2016-01-26,70.61875964709574,71.9159974320161,70.54200129699755,70.97953033447266,2795000
2016-01-27,70.66483245366045,71.73178961839078,70.17357185362441,71.01025390625,2024200
2016-01-28,71.10236160857657,71.73178961839078,70.8797582341402,71.01025390625,1950100
2016-01-29,71.87761792459801,72.53775030059847,71.28657216558162,72.41493225097656,2744400
2016-02-01,71.8469171474272,72.07719807429686,71.25587135768303,71.46311950683594,2621900
2016-02-02,70.9872059563833,71.26353483781098,69.96630294517718,70.11981964111328,1908400
2016-02-03,70.43456638443674,70.43456638443674,67.85544497497774,69.459716796875,4310400
2016-02-04,69.32919659626224,70.49593869600615,69.09124396388043,69.92024230957031,2385400
2016-02-05,69.6208886821771,69.81278749977548,67.97823527203795,68.19316101074219,2046000
2016-02-08,67.8630723250615,67.90144855878194,64.9001553502335,65.56028747558594,3025300
2016-02-09,64.90786301803196,65.92876627200866,64.40893070945036,65.68313598632812,2638100
2016-02-10,65.89805082221531,66.88057180194376,65.52193079072579,65.89037322998047,1595200
2016-02-11,64.97693574614705,64.97693574614705,63.76413390793505,64.2170181274414,2891000
2016-02-12,65.31466586201306,65.87501287562591,64.28609121361254,65.75987243652344,2188000
2016-02-16,66.84986490348396,67.13387724316716,65.99783959700787,66.35860443115234,1880200
2016-02-17,66.72704586438506,67.04175682703476,66.09761808279953,66.15902709960938,2491800
2016-02-18,66.08228424778474,67.5560718458851,65.84433155113565,67.16459655761719,2799500
2016-02-19,67.09552248925591,67.48699196035994,66.40468539864784,67.02643585205078,2750900
2016-02-22,67.56373874879374,68.9454126930585,67.56373874879374,68.50020599365234,2633600
2016-02-23,68.21619665419097,68.5923167127258,67.22599801102636,67.56373596191406,1967600
2016-02-24,67.21832365296062,68.6460514530865,66.78847213680666,68.3390121459961,3775900
2016-02-25,68.52321862243967,69.19102853224092,68.28526599245498,68.63835906982422,4584300
2016-02-26,68.16247309657419,70.4652592706978,67.00340241583797,69.09126281738281,4730300
2016-02-29,69.2063812564711,71.57824744940726,69.09124081317728,70.77227020263672,3879600
2016-03-01,71.19446050350139,72.76035553970212,70.3501068871162,72.69126892089844,3240600
2016-03-02,72.4533104515696,72.69126308953186,71.95437240036688,72.6298599243164,1645700
2016-03-03,72.76805011901529,73.16719717140215,72.2537567229802,73.15184783935547,1879700
2016-03-04,73.01364630270251,73.94243564909954,72.99829112154364,73.64307403564453,1987800
2016-03-07,73.27462486594887,73.84264357943465,73.08272609796043,73.38208770751953,1987900
2016-03-08,72.9368981824714,73.35140032081821,72.43796595428795,72.61450958251953,1719400
2016-03-09,72.87549501316177,73.05971623366467,72.35353000816431,72.61450958251953,1872800
2016-03-10,73.1595154175503,73.54331311606862,71.91601462237534,72.69895935058594,1748500
2016-03-11,73.34373890477316,75.65419671914489,73.2439477600656,75.57743835449219,2680700
2016-03-14,74.98638685812452,75.46229219690733,74.21879155682335,75.27039337158203,2026200
2016-03-15,74.51048166809038,75.7079285606143,74.47209955741702,75.5390625,2124200
2016-03-16,75.30878342984255,76.74418890308131,75.06315314174539,76.61369323730469,1817000
2016-03-17,76.54461879094409,78.98557254280014,76.35271992949718,78.10283660888672,3535100
2016-03-18,78.44823297955439,78.44823297955439,76.87466621533991,77.1510009765625,3566500
2016-03-21,76.76720582012742,77.2661439248639,76.57530699955855,77.0205078125,1718100
2016-03-22,76.82093574942718,77.04353907967699,76.34502457548406,76.70579528808594,1435800
2016-03-23,76.75952237753934,77.49641308960929,76.42945619706444,76.4371337890625,1343900
2016-03-24,76.29896983067736,77.23543698261783,75.89214528086747,77.02818298339844,1576800
2016-03-28,77.11264330949103,77.43503201432554,76.67511410827593,76.94377136230469,1077100
2016-03-29,76.98982133752217,78.34846262537314,76.60602363565275,78.23332214355469,1824400
2016-03-30,78.56335831573965,78.99321555949643,78.35611021286219,78.53265380859375,1568400
2016-03-31,78.29473057550764,79.00859452971233,78.20261701950801,78.57874298095703,1588300
2016-04-01,78.24099477145901,80.45934487896432,78.1949409241699,80.21371459960938,3108100
2016-04-04,80.3672103881836,80.50537775033882,79.92200964904899,80.3672103881836,1877200
2016-04-05,79.82988739013672,80.12924899934688,79.6303110319014,79.82988739013672,1661100
2016-04-06,79.82992440619562,81.24229718082529,79.63802554944995,81.13483428955078,2331500
2016-04-07,80.77403785944584,81.01966806604261,80.15995941481087,80.59748840332031,2133100
2016-04-08,81.00630837860275,81.81621957387969,80.85204238182169,81.53853607177734,1380300
2016-04-11,81.95503302892283,82.17100770379655,81.50765355390237,81.76991271972656,1423500
2016-04-12,81.69281930592663,82.14019311270953,81.19144591940866,81.89336395263672,1495700
2016-04-13,82.33300861762486,82.34072368212681,81.6156606255614,81.93962860107422,2271300
2016-04-14,81.87791972143631,82.02447063751512,81.05258436716954,81.1451416015625,1628000
2016-04-15,81.20686601556879,81.76223306855724,80.89061892892714,81.59253692626953,1325100
2016-04-18,81.1605881476039,81.5771134412362,80.99089200373099,81.40741729736328,2031500
2016-04-19,81.00630975908145,81.4074107733405,80.18097430400957,81.37655639648438,2433100
2016-04-20,81.38428620933266,81.67739401527315,80.71321663206814,80.85205841064453,1707300
2016-04-21,80.60520579542407,80.60520579542407,78.9699593104948,79.11651611328125,2442200
2016-04-22,79.4173435821166,81.09886878398865,79.33249552127536,80.36609649658203,1709900
2016-04-25,80.28895936157215,80.64378174273395,79.68731374243166,80.35838317871094,1296800
2016-04-26,80.56663221348029,81.02944190692375,80.51263853389452,80.81346130371094,1257900
2016-04-27,80.62833514358859,81.2068413338103,80.06525908063291,80.59748077392578,1613500
2016-04-28,80.07298745774241,81.25313942716954,79.84929763770704,80.31981658935547,2402300
2016-04-29,80.18098253631456,81.1837292900451,78.90055813211058,80.89833068847656,2678500
2016-05-02,80.99089895900815,81.58482962869736,80.6052280115843,81.38428497314453,2100800
2016-05-03,80.54350115346908,80.98316569936642,79.5638997564242,80.34295654296875,1976800
2016-05-04,79.94958857793809,81.55398113159049,79.64876570973722,81.38428497314453,1927500
2016-05-05,81.46140588122253,82.3175957280711,81.46140588122253,82.0013427734375,2148400
2016-05-06,81.80851069560599,82.28674473758812,81.17601064517594,82.20189666748047,1313900
2016-05-09,82.2481501952067,82.65696617409932,81.94732745111894,82.26358032226562,1169500
2016-05-10,82.43328739078228,82.71868004582531,82.18645828878479,82.67240142822266,1156200
2016-05-11,82.479578134267,82.63384413886888,81.53082513984,81.55397033691406,1025800
2016-05-12,81.96278433201637,82.36387949343359,81.44598083449597,82.19418334960938,1185200
2016-05-13,82.02448101603075,82.22503152404093,81.2762844422491,81.53082275390625,1272200
2016-05-16,81.56940986190926,82.31761248260037,81.53084041109905,82.13249206542969,1620900
2016-05-17,82.26360154297653,82.26360154297653,80.85204468128937,81.26856994628906,1213700
2016-05-18,81.12971908546446,81.33026957237068,79.76444688525963,80.6437759399414,1691000
2016-05-19,79.83386983680506,80.28895863722391,79.53304702994876,80.04212951660156,1146700
2016-05-20,80.4355317557045,80.55123421676582,79.93415834768649,80.2272720336914,1632900
2016-05-23,80.43551378323957,80.55893128342775,79.93414048724813,80.34295654296875,1069200
2016-05-24,80.5666448322833,81.26085359630969,80.37380939143546,81.2222900390625,2153000
2016-05-25,81.76223724866365,82.1247688648362,81.39199056611875,81.89336395263672,1311800
2016-05-26,81.78536623081067,81.94734729493838,80.92146722212951,81.2222900390625,1544700
2016-05-27,81.33028925942399,82.17876414574533,81.26858049699698,81.80851745605469,1134700
2016-05-31,81.73137868951665,81.99363796892611,81.18372670250612,81.59253692626953,2166200
2016-06-01,81.34569374882929,81.64651653650219,80.89060497743134,81.35340881347656,1133700
2016-06-02,81.26086044344734,82.20189841565714,80.93689828789448,82.19418334960938,1338500
2016-06-03,82.50272194560667,82.75726616346464,82.07848746738124,82.51043701171875,1438300
2016-06-06,82.61842538153218,83.04266574968018,82.27132390568109,82.6878433227539,1164500
2016-06-07,82.74181828122015,83.51315995056444,82.48728000283766,83.20462799072266,1299700
2016-06-08,83.18149753020329,83.54402912058478,82.71098444264776,82.96552276611328,1225600
2016-06-09,82.84211715566289,84.15339596711257,82.61071224311465,84.13025665283203,2009500
2016-06-10,83.63661541340862,84.36938797801638,83.32807742862072,83.91429901123047,2050800
2016-06-13,83.89882982403444,84.6933166776476,83.7291396020135,84.02224731445312,2493200
2016-06-14,83.70601500853104,83.96055923150924,82.69555906775679,83.00409698486328,1552000
2016-06-15,83.1358848094512,83.53121794558389,82.83357297417318,83.1203842163086,1342700
2016-06-16,82.92655859478623,83.52342875495992,82.66300131276354,83.47692108154297,1460400
2016-06-17,83.40717110424933,83.49243913268124,82.55449673392862,82.89556884765625,2267200
2016-06-20,83.5932047585159,84.15132059227423,83.22888473025523,83.26763916015625,2327100
2016-06-21,83.64747237551786,85.10477024396883,83.4381759789329,84.83346557617188,2071300
2016-06-22,84.7947064650333,85.12802532288774,84.20558352496535,84.80245971679688,1247300
2016-06-23,85.26756540253388,86.40705108642578,84.90323940411957,86.40705108642578,1842700
2016-06-24,83.85678265012504,85.47686370162849,83.4692027720812,83.92654418945312,3365800
2016-06-27,83.43820051718089,84.43040411634767,82.66304071608185,84.40715026855469,2662000
2016-06-28,85.12802109654866,85.91868123122956,84.63967271165734,85.88768005371094,1805500
2016-06-29,86.54659119790752,87.69382436813083,86.12800420423149,87.59305572509766,2442700
2016-06-30,87.76355285412542,88.08136514964914,86.61631427931454,88.06586456298828,3217100
2016-07-01,88.32167804092985,88.75576548181138,87.94184561616069,88.05812072753906,1551300
2016-07-05,88.07362925426763,88.54647704780984,87.95735414021664,88.23641204833984,2322400
2016-07-06,87.9651264817366,87.9961276658133,86.52332894820061,87.1279525756836,2411600
2016-07-07,87.17444353243233,87.9651095966006,86.56206676947791,86.972900390625,1994100
2016-07-08,87.73257315480126,88.17441393753268,87.07368860707885,88.10465240478516,1927200
2016-07-11,88.1046434121953,88.98057163550521,87.39149208201542,88.8875503540039,2073300
2016-07-12,88.83327819715477,90.01152395801206,88.56972680385634,89.99601745605469,3195700
2016-07-13,90.22858896618025,90.461133324439,89.59295825787449,89.92627716064453,2194400
2016-07-14,89.91075177352606,90.81769291367223,89.63944712219936,90.69366455078125,2344500
2016-07-15,91.11225400453392,91.11225400453392,89.8797472476247,90.55413818359375,1712700
2016-07-18,90.53089621361153,91.08125885531271,90.11230929302215,90.15106964111328,1485000
2016-07-19,90.15104835705978,90.9882160865901,90.01926675306193,90.98046875,1388600
2016-07-20,90.97274079045425,91.34481412612945,90.77119761713075,91.25955200195312,1627400
2016-07-21,91.19754042242019,91.40683094048747,90.67818483973542,91.12002563476562,1305600
2016-07-22,91.20528742602121,91.67038203407971,90.94948332168947,91.34481048583984,1511200
2016-07-25,91.39130886960858,91.55409165962546,90.05803354490149,90.5928955078125,1467200
2016-07-26,90.64719445403901,90.86423826508678,90.29836897428342,90.67044830322266,1571600
2016-07-27,90.6859105046517,91.27503339522391,90.06578643762636,91.16651153564453,1961700
2016-07-28,90.94945666751606,91.39129730278307,89.80221811745594,90.42234802246094,2176000
2016-07-29,90.120051556392,90.26732785038243,89.57743631927536,89.74021911621094,2296800
2016-08-01,89.81774274944395,90.73243129127769,89.78673565653453,90.72467803955078,1875500
2016-08-02,90.28282837154113,90.5928933559215,89.8564882787684,90.49211883544922,2037300
2016-08-03,90.50763430819772,90.87196025740568,89.36039552647894,89.70922088623047,2011800
2016-08-04,89.91075312267544,90.69366591167858,89.69370939835724,90.24407196044922,1773800
2016-08-05,90.36037266203529,90.88748153350173,89.94953893695109,90.36812591552734,2224100
2016-08-08,90.33709825418563,90.53864140110885,89.59294576631329,89.70922088623047,1549000
2016-08-09,89.74796922803988,90.02702713130948,89.50767166677912,89.85649108886719,1312300
2016-08-10,90.17432829954055,90.17432829954055,89.79449579276104,90.10456085205078,1001100
2016-08-11,90.08904840753877,90.43786785709678,89.6084473331715,89.83324432373047,1070800
2016-08-12,89.856482148824,90.64714810075519,89.67819878691608,90.30607604980469,933700
2016-08-15,90.39912892280239,90.77895553072192,89.73249108865829,89.75574493408203,878700
2016-08-16,89.29837229662876,89.55417635173937,88.26741465323953,88.4612045288086,1813200
2016-08-17,88.68601502883509,88.88755227210592,87.63179747173166,88.80228424072266,1448200
2016-08-18,88.7712639167147,89.08132890153615,88.17439369998151,88.63948822021484,1098200
2016-08-19,88.50770520778765,88.81001691665053,87.7868066911153,88.06586456298828,3096700
2016-08-22,88.08912647642107,89.05807586648554,87.65503904215147,88.84878540039062,1434200
2016-08-23,89.30613529801609,90.1975700057602,89.15885308402406,89.31388854980469,1924700
2016-08-24,89.32163621022477,89.51542609482094,88.63949203148758,88.81002807617188,1360900
2016-08-25,88.84104677396205,89.17436565557358,88.44571370181845,88.5619888305664,1208000
2016-08-26,88.70925885361942,89.14334629964269,87.04266467478303,87.77131652832031,1665700
2016-08-29,88.16667160626827,88.50774380150327,88.05039645661999,88.24418640136719,1229500
2016-08-30,88.29068914366658,88.36820392922574,87.33724013069167,87.76358032226562,1458900
2016-08-31,87.70155186309462,88.25966769073854,87.38373951979622,87.88758850097656,2493100
2016-09-01,88.13564692892287,88.2519220553829,87.46900917881715,88.22866821289062,1157700
2016-09-02,88.6240251796646,89.55421461422516,88.55425771937244,89.21314239501953,1747300
2016-09-06,89.6084444624052,90.93396660785778,89.30613270540715,90.80994415283203,2391100
2016-09-07,90.56962172559363,90.80992516182341,90.18979527438752,90.56187438964844,1415900
2016-09-08,90.15880473830126,90.52313067049629,90.09679646937286,90.11229705810547,3568700
2016-09-09,89.37591482565594,89.67822663232283,85.41484832763672,85.41484832763672,2960700
2016-09-12,84.84120127890264,86.68608459491547,84.49238188442828,86.25199127197266,2629100
2016-09-13,85.94969500001892,86.00395593588894,83.64747593753499,83.80250549316406,2444000
2016-09-14,84.12806603332342,84.82571081956547,83.53119577475962,84.00404357910156,1915400
2016-09-15,84.120342203382,84.77923279050464,83.7250149479086,84.55443572998047,1535600
2016-09-16,84.07380443530134,84.17457304818392,83.38391290603289,83.71723175048828,2797100
2016-09-19,84.18233581818579,84.79471264417114,83.9730453173041,84.64743041992188,1509800
2016-09-20,85.33731803324645,85.49235350256833,84.19008513025672,84.2210922241211,1396800
2016-09-21,84.19783700108282,85.5388597832286,83.73273651474489,85.3450698852539,1472200
2016-09-22,86.21325244772473,87.15119486263399,85.99620870397693,87.03491973876953,2059400
2016-09-23,86.9341350027467,87.90308433199266,86.43028016873933,87.58526611328125,2459800
2016-09-26,87.20546282645466,87.64730360154874,86.59308597781569,87.35274505615234,1557200
2016-09-27,87.76358066920974,87.76358066920974,86.996174235342,87.2674789428711,1428000
2016-09-28,87.55568174138567,87.84389503575007,86.96366657893705,87.7348403930664,1483700
2016-09-29,87.43886549467929,88.599522267931,86.87800945999719,88.3969955444336,2444400
2016-09-30,88.63845942200362,89.49532003654065,88.25676810101622,88.28013610839844,2807000
2016-10-03,87.94514831595738,88.2022081882727,87.04933739133295,87.4388198852539,2571500
2016-10-04,87.43884896502757,87.43884896502757,85.82639114165663,86.16134643554688,2572400
2016-10-05,86.18471053071144,86.35608382813824,83.54401893899154,83.69202423095703,3795800
2016-10-06,83.46609698190677,84.7124397342178,82.60144539745296,84.5254898071289,2907500
2016-10-07,84.68128042253115,85.36676745054444,83.980210767159,84.5254898071289,2295900
2016-10-10,84.55666221881447,85.40573130745204,84.52550290230043,85.24214935302734,1231100
2016-10-11,85.03962466121456,85.28110790085661,84.31518682835345,84.86046600341797,1483200
2016-10-12,84.72804337224275,87.32979026695169,84.72804337224275,86.88578033447266,2420700
2016-10-13,86.70661415702905,87.83611725824771,86.36387351168753,87.78937530517578,2329900
2016-10-14,87.99970305449146,89.26162292456135,87.79717043047992,88.29570770263672,2254800
2016-10-17,88.01527383761015,88.65402504613506,87.92958719254914,88.28791046142578,1750700
2016-10-18,89.0746902353055,89.37848625881621,88.2957248533736,88.91889953613281,1085600
2016-10-19,89.13696757852729,89.83803728593743,88.74748506808069,89.83024597167969,1577400
2016-10-20,89.62776713254797,89.86925047505149,88.58395623145903,89.4486083984375,1691900
2016-10-21,88.8020339249922,90.1963823638205,88.49044665243828,90.13406372070312,1928200
2016-10-24,90.46122280603407,91.98799382190856,90.46122280603407,90.94418334960938,1999600
2016-10-25,90.67154672945904,91.25577060536659,90.43006348615509,90.94418334960938,1548600
2016-10-26,90.4768111927369,90.56249784209649,89.9471146071653,90.1029052734375,2459700
2016-10-27,90.92860318499677,91.47387640445173,89.76794085024895,89.892578125,3291800
2016-10-28,90.39113102444765,91.19346430503957,89.82248376001935,90.46123504638672,2781100
2016-10-31,91.09997035774428,91.4427169196547,90.52353782064867,91.28692626953125,1953500
2016-11-01,91.28695073566612,91.4972687640041,89.24605939108127,89.69786071777344,2566600
2016-11-02,89.37069673305102,89.5965914534492,87.42328336867125,87.9529800415039,3754800
2016-11-03,88.14770247664177,88.5994977635947,87.2596767053106,88.23338317871094,2162700
2016-11-04,88.48265537607274,88.50602932452695,87.99190943312689,88.00749206542969,2492400
2016-11-07,89.26941134471532,89.8302672434539,88.88772005814212,89.72900390625,1738200
2016-11-08,89.9704799095134,90.4845997902235,89.73678797409376,90.30543518066406,1757200
2016-11-09,88.08537320737564,89.04349693349324,84.56444769630696,85.07856750488281,6318600
2016-11-10,85.31223776462069,85.31223776462069,80.37360288894848,82.3443832397461,8722300
2016-11-11,82.18859262868314,83.29472141911036,81.10583183561228,82.3443832397461,4281800
2016-11-14,81.92375307556932,82.12628565309632,78.215883707799,79.89844512939453,7476100
2016-11-15,80.31131633170222,82.3054714190559,80.24121231164403,80.6151123046875,3461300
2016-11-16,80.6229164708301,82.32106122938634,80.28016980338607,82.1263198852539,2947400
2016-11-17,82.04061705648364,83.49728416312482,81.61218380657947,82.21199035644531,3234800
2016-11-18,82.36776341186464,82.90525120263027,80.98899787676677,81.86143493652344,2794300
2016-11-21,82.8585369298468,83.42717824212569,82.3522083217259,82.50021362304688,2945900
2016-11-22,82.84296124273806,84.26067789852914,82.12631456904889,84.11267852783203,2500900
2016-11-23,83.5362331589713,83.93350710724052,83.0688551896722,83.17790985107422,2282600
2016-11-25,83.16231255568123,84.04254094548486,83.09999392373977,83.58295440673828,717600
2016-11-28,83.4972897832494,84.15940907882275,82.53136856263801,82.656005859375,2497100
2016-11-29,82.82736986082219,83.56738441215954,82.2665139746145,82.60926055908203,2000600
2016-11-30,82.81180816039141,82.91307746396231,79.60247457839942,79.66478729248047,5864900
2016-12-01,78.95591675942445,79.41550339579332,77.67841424842541,78.659912109375,5000600
2016-12-02,79.07274407621544,80.31908697055134,78.87800281325572,79.89844512939453,3181000
2016-12-05,79.71930461156693,79.88289255169131,78.84686729374889,79.4856185913086,2770400
2016-12-06,80.32689386510506,80.358053186386,78.5119035159622,78.55863952636719,3083400
2016-12-07,79.0649638857896,79.7738250353523,78.58200334620734,79.61023712158203,4570500
2016-12-08,79.60244148171905,80.90331170720194,79.27527163940988,79.75823211669922,3474400
2016-12-09,79.82053782863818,80.33465159528681,79.78937851807905,80.16328430175781,3304000
2016-12-12,79.98414202740146,81.67449498054003,79.96077402373182,80.92668914794922,3502700
2016-12-13,81.53426636132987,83.05325170020625,81.37068442201051,82.67155456542969,3091000
2016-12-14,82.67158143268078,84.260671286401,82.27431342652572,82.95980072021484,4456400
2016-12-15,82.52356290556435,83.17009940861794,82.28207968824847,82.61703491210938,2452300
2016-12-16,82.82737086741633,83.17790282903975,82.25093234234595,82.41452026367188,2915000
2016-12-19,82.9364028698258,83.48167598188972,82.40670644252175,83.310302734375,1480300
2016-12-20,83.41937515701673,84.02697296686448,83.00652457792596,83.33369445800781,1672200
2016-12-21,83.33369213221039,83.9334926667275,82.99094557361072,83.03768157958984,1330100
2016-12-22,82.82736360965151,83.04547289493046,82.02503047750439,83.03768157958984,1069900
2016-12-23,83.19434722281439,83.71127377600911,82.70874448147124,83.0455322265625,962400
2016-12-27,83.22567255059343,83.66427759956477,83.0376938362809,83.2491683959961,974300
2016-12-28,83.41364576079857,83.49196723776531,82.79489593433374,82.89671325683594,1118400
2016-12-29,82.95153108425671,83.62510045471667,82.82621196149088,83.32747650146484,1589100
2016-12-30,83.38230096903229,83.56244571162718,82.55991664556322,82.7713851928711,1635500
2017-01-03,83.59379167616095,83.71127090544081,82.50510102195297,83.13951873779297,2240900
2017-01-04,83.34313114971147,83.75824022077576,83.17864833330513,83.28829956054688,1720700
2017-01-05,83.02203100138952,83.35881872466226,82.5442622317341,82.99853515625,1919900
2017-01-06,82.96719641651165,83.25699241822865,82.37977644923971,82.45026397705078,1995300
2017-01-09,82.63042229520993,82.88105461670436,82.19964519160422,82.25447082519531,2278900
2017-01-10,82.42676989437173,82.43460383392187,80.80549098910642,81.06395721435547,2267500
2017-01-11,81.04828249802821,81.58870473065228,80.28855182148575,81.3224105834961,2631700
2017-01-12,81.21277185253479,81.6592107963272,80.76633290874238,81.61221313476562,1568800
2017-01-13,81.6278834063258,82.05082651950644,80.57052861114677,81.02479553222656,2058900
2017-01-17,81.12661317911846,82.38760849119787,80.9934660904007,82.37194061279297,2055500
2017-01-18,82.4424528192516,83.35099277988965,82.2701419709721,82.7635726928711,2078100
2017-01-19,82.76355922627491,82.76355922627491,81.3459208924445,81.8001937866211,1747600
2017-01-20,82.11347770409236,82.56775058740253,81.43207435467211,81.61221313476562,2598800
2017-01-23,81.84718005109175,82.38760831958429,81.65920733943796,82.06648254394531,2223000
2017-01-24,82.2152999022064,82.2152999022064,81.47906496145859,81.90200805664062,1823700
2017-01-25,82.09783440486117,82.15266004281959,81.21279025623352,81.39292907714844,2053900
2017-01-26,81.565217375178,82.34844397257785,81.25975948023563,81.69053649902344,1272600
2017-01-27,81.77671262976462,82.06650271990364,81.18929253282823,81.31460571289062,1207100
2017-01-30,81.49472447651084,81.49472447651084,80.46086567512985,80.68016815185547,1509900
2017-01-31,81.09528699701096,81.45557053423158,80.79766302510133,81.06395721435547,1376300
2017-02-01,81.14227197444951,81.33024467929602,80.6879991268213,80.89163970947266,1906700
2017-02-02,80.89163805124593,81.70619438960897,80.72716119093384,81.54171752929688,1322200
2017-02-03,82.10564708749978,82.74789266967194,82.05082146373672,82.43460083007812,2988100
2017-02-06,82.2857949789723,82.55209516357358,80.72717552311893,81.17361450195312,2141200
2017-02-07,81.18927364798313,81.40074220445172,80.60185368768224,81.04045867919922,1344100
2017-02-08,81.11877845368186,81.79235380548931,80.95430158529325,81.69053649902344,1301900
2017-02-09,81.61220909850506,83.02201936472775,81.04045702843038,82.8497085571289,2525100
2017-02-10,82.63039253159718,82.83403308681783,82.02731077932619,82.62255859375,1228100
2017-02-13,82.7792359947611,84.33785553292768,82.7087424809352,84.23603820800781,1975500
2017-02-14,84.30649453605639,84.30649453605639,82.88102263715857,83.63291931152344,1580600
2017-02-15,83.87572769166975,84.09503614335016,83.02984756593686,83.89139556884766,1362500
2017-02-16,83.7660742940167,84.56496869425241,83.68775283677937,84.361328125,1321800
2017-02-17,84.50234124289533,85.99830733932512,84.32220242036439,84.67465209960938,4991400
2017-02-21,84.67461928109049,87.11045422844745,84.60412578723577,87.0791244506836,3012600
2017-02-22,87.2201117880406,87.58822923403163,86.62485791844777,86.95381164550781,2207400
2017-02-23,87.0713063658441,87.91719259285048,87.04781052212924,87.8780288696289,2233300
2017-02-24,87.7761886881444,88.66906636997393,87.54121836111825,88.4184341430664,2589400
2017-02-27,89.29567860591257,89.96142011225812,88.34014106656095,88.77091217041016,2895100
2017-02-28,88.61425303731676,90.61148316718602,88.57508931887051,89.90657806396484,3001200
2017-03-01,89.89874865285944,89.96924215450414,88.5672658162503,89.16251373291016,2799100
2017-03-02,89.1390070725828,90.2590212194176,88.47326573507547,89.92223358154297,2592100
2017-03-03,89.7420883423478,90.66629579512147,89.56194362907222,90.5958023071289,1395100
2017-03-06,90.36870890279239,90.48619412163282,89.50716059054002,89.84394836425781,1809800
2017-03-07,89.54629246075183,90.2590255105074,89.23300064716446,89.8360824584961,2404400
2017-03-08,89.32699880519748,89.83609133006392,88.63775555213167,88.69258117675781,2010200
2017-03-09,88.83356190091658,89.05286439866305,88.3322973416261,88.50460815429688,2015400
2017-03-10,88.50460470695616,89.44447422513075,88.50460470695616,88.95887756347656,1509500
2017-03-13,89.05288975854961,89.69513553150655,88.66911027820312,89.49150085449219,1597200
2017-03-14,89.20952918636289,89.85960883149252,89.02155643705834,89.30351257324219,1416100
2017-03-15,89.38962507200398,90.89342427098742,89.248644083835,90.29033660888672,2112400
2017-03-16,90.63500776148899,90.84647637177035,89.89093870376979,90.14157104492188,1814200
2017-03-17,90.3530154988289,91.07358249239522,90.12587908172866,90.86211395263672,3237500
2017-03-20,90.87780368931779,91.52788336059173,90.65066720264811,90.8386459350586,2033400
2017-03-21,91.28505942278586,92.84367862903976,91.10491468185609,91.43386840820312,2854000
2017-03-22,92.05262786596157,92.8906801483351,91.47304181403707,92.66354370117188,2851000
2017-03-23,92.75751974865726,93.59557191084558,92.4755577150664,93.164794921875,2624400
2017-03-24,93.35278016655836,93.79921908858195,93.10997585770713,93.45459747314453,2475800
2017-03-27,92.98467015435746,94.1830059896563,92.85152305611207,93.99503326416016,3023500
2017-03-28,93.99501675830133,94.55110687292053,93.61123145939489,94.29264068603516,2259200
2017-03-29,94.13600875555966,95.02888661848836,94.1125129132002,94.80175018310547,2266000
2017-03-30,94.59811262553451,94.8409109717663,94.12034389707867,94.69993591308594,1795300
2017-03-31,94.48846940276543,95.4361730006517,94.35532229677918,95.19337463378906,2713700
2017-04-03,95.10721143936327,95.47532891743154,94.3396467004608,94.88790893554688,2071800
2017-04-04,94.6999560770849,95.23254456917677,94.38666415926016,94.56680297851562,1710200
2017-04-05,94.66859382971712,95.34999709364806,94.43362347802382,94.48844909667969,2020800
2017-04-06,94.5511454378673,95.61633442233267,94.33184287792677,95.51451110839844,1859300
2017-04-07,95.53015884619111,96.0940830102875,95.31085633249704,95.64764404296875,1974600
2017-04-10,95.75785003608641,96.52933157964924,95.70274464054889,96.41912078857422,2030600
2017-04-11,96.86783712174052,97.93058745950975,96.37188255968731,96.63954162597656,2465200
2017-04-12,96.3797586415065,96.78911215639836,96.11209956920058,96.33252716064453,2435500
2017-04-13,96.63168030197966,97.07252352032523,96.23806856958869,96.51359558105469,1902300
2017-04-17,96.88356866157272,97.84398202247537,96.82846327230965,97.81249237060547,1873500
2017-04-18,97.6550603500065,98.4737673602637,97.47399633429113,98.29270935058594,2440200
2017-04-19,98.5288711830354,98.73354491683853,97.89909014015946,98.14312744140625,2331600
2017-04-20,98.17458786280473,98.34777789833038,97.59991838787184,97.8518295288086,3566100
2017-04-21,97.78887694691478,98.04078815664516,97.28505452745404,97.95419311523438,1623000
2017-04-24,98.33994075502936,98.70206278014523,97.35591155437615,97.49761199951172,2256000
2017-04-25,98.229746295185,98.25336203896063,97.40316523284439,97.5684814453125,2242600
2017-04-26,97.18271648747182,97.57632814761716,96.61592074193383,96.67889404296875,2142600
2017-04-27,96.67889111337159,99.47353621813419,96.6474014607897,99.00907135009766,4901500
2017-04-28,98.7650439555163,99.3397196622065,98.30845295634192,99.14291381835938,2850300
2017-05-01,99.63097947212259,100.75670903753394,99.11141521441428,100.37884521484375,3284200
2017-05-02,100.55201754654735,101.24477176983919,100.4024432232086,100.69371795654297,2622700
2017-05-03,101.24478065325181,101.24478065325181,99.77267104280027,99.8120346069336,1775800
2017-05-04,99.74905836632828,100.63861848628248,99.19800448777912,100.28437042236328,1664400
2017-05-05,100.48119046389004,101.42585610545217,100.08757877889956,101.30777740478516,1638500
2017-05-08,101.5517981264617,101.67775672796577,100.61500054739439,101.44945526123047,1347100
2017-05-09,101.45733944407645,101.5596703015337,100.67011016367411,100.8354263305664,1480200
2017-05-10,100.7645781914205,100.88265687665906,99.9301234502046,100.05607604980469,1525300
2017-05-11,100.25288932616326,100.25288932616326,99.15864938392896,99.41056060791016,1789700
2017-05-12,99.42629973065671,99.69395275505597,99.11140922674707,99.28459930419922,1585300
2017-05-15,99.21376979794364,100.97715463883452,99.1114329122823,100.7094955444336,1605500
2017-05-16,100.75669688119973,101.47306687855637,100.22138485860992,101.05583953857422,1262400
2017-05-17,100.87479209091232,103.98432168987888,100.87479209091232,102.92157745361328,3462000
2017-05-18,102.33902875151382,102.3783923188331,98.79652391011527,100.74884033203125,4041800
2017-05-19,100.85118019754377,104.59049097465748,100.4418207069841,101.0165023803711,2726000
2017-05-22,100.99287609819336,101.62265716696426,99.74906779672877,101.3392562866211,1449100
2017-05-23,101.44159916376786,101.70138430508867,101.25266123951417,101.3392562866211,1331300
2017-05-24,101.28414908286338,102.11860382945297,101.28414908286338,101.78797149658203,1497500
2017-05-25,102.00054682812274,103.9213619304774,101.5518237017833,103.16563415527344,1457100
2017-05-26,103.2758241525594,103.47262997280222,102.72477025829427,103.21284484863281,899200
2017-05-30,103.13413895617214,107.94407467399566,102.96882875988398,104.0079574584961,2070900
2017-05-31,104.29133055646845,105.22026021779351,103.22858639904003,103.27581787109375,2548900
2017-06-01,103.87409550546587,103.88984333234107,103.12623589187059,103.77963256835938,1221900
2017-06-02,104.25198136287644,104.77943157237732,103.7481589047326,104.29922485351562,1368100
2017-06-05,104.181137897372,104.41730731077453,103.25222008661747,103.6064682006836,1508100
2017-06-06,103.70092286715017,104.32283600643835,103.31519113444993,103.67730712890625,1884100
2017-06-07,103.73240310068654,103.97644036763377,102.41774181494924,103.77176666259766,1679800
2017-06-08,103.7717751864693,104.06304394680579,101.85094852332645,103.10263061523438,1995700
2017-06-09,102.67751165332895,103.6851683557156,102.18943713485321,102.55943298339844,1607200
2017-06-12,101.52818654342929,101.69349670410156,98.59184109064209,101.69349670410156,2057900
2017-06-13,101.74857957542149,102.55941835884798,101.49666243272911,102.48857116699219,1311700
2017-06-14,103.39390015398719,103.88198674372059,102.47285038062596,102.73263549804688,1274700
2017-06-15,102.46366491115705,104.07750973509339,102.17886734560666,103.53164672851562,1247400
2017-06-16,103.74525580988185,104.62338069783377,103.28641458208696,104.38604736328125,1823800
2017-06-19,104.65501751397926,105.20088055166094,104.13289867344749,104.6866683959961,1445900
2017-06-20,104.56797921053945,104.96353067447026,103.2389320859428,103.7927017211914,1360900
2017-06-21,103.78480708130647,103.99048952076079,103.0965513170053,103.32596588134766,1641900
2017-06-22,103.63449398229808,104.06168429498672,103.35760310116406,103.53164672851562,1272900
2017-06-23,103.6186808133357,104.37022634520697,103.3022444013716,104.33068084716797,1694000
2017-06-26,104.58381050650388,104.83696925180922,103.71360447988187,104.78950500488281,1286100
2017-06-27,106.4824862886601,107.63749010030448,105.99991289577422,107.39225006103516,4168800
2017-06-28,107.313148147401,107.8194537309309,106.2214339002355,106.42711639404297,2121600
2017-06-29,105.47776850262109,105.47776850262109,104.28320727225311,105.07431030273438,1998700
2017-06-30,105.16134862274008,105.74676937002901,104.56802118865662,104.67878723144531,2480300
2017-07-03,104.9160749060296,105.35118396575909,103.49209917785849,103.95884704589844,1252800
2017-07-05,103.84808220957196,104.82904209078876,103.67403860394852,104.62335968017578,1707700
2017-07-06,104.07752435590405,104.52845892773693,103.63450854087387,104.06169891357422,1249200
2017-07-07,104.48888635930201,105.8495844937387,103.92719791433588,105.32745361328125,1254200
2017-07-10,105.72300313420638,105.73882857396801,103.79270990659172,103.80062866210938,1272100
2017-07-11,103.77689258432179,104.28321012610918,103.56330345156415,103.57911682128906,1112600
2017-07-12,104.26736913350106,106.20556890788195,103.99839703299997,105.9128646850586,1135400
2017-07-13,105.9128631180523,106.39543638358694,105.65970438866309,106.11854553222656,955500
2017-07-14,106.74353341837653,107.8510849796595,106.70398792116382,107.62165832519531,1202400
2017-07-17,107.64542148692043,107.90647492812381,106.59325275041756,107.11537170410156,1458900
2017-07-18,107.0520695875617,109.17221994887892,106.85429382678474,107.73240661621094,2272400
2017-07-19,107.27359228344649,108.12006637936801,106.26888790003954,107.13118743896484,2758000
2017-07-20,107.33684889058048,108.7371045759033,107.32894220626522,107.77987670898438,2082100
2017-07-21,107.58210735686784,108.43650009339862,107.28939102196435,108.302001953125,1542700
2017-07-24,108.35737779220344,109.15638746855534,107.66912205189314,108.43649291992188,1367500
2017-07-25,108.95070056702103,108.95860725095906,107.62164131776746,108.08048248291016,1205300
2017-07-26,107.84315137813738,109.1642917512188,107.81150050273676,109.06935119628906,1338000
2017-07-27,110.05824285187428,110.35886584745624,106.00779945203682,106.68814849853516,2933600
2017-07-28,106.93336759818675,109.79715596700827,106.6485700978259,109.441162109375,1972600
2017-07-31,109.70225235503575,110.06616504902878,107.39223302687788,107.85107421875,2386700
2017-08-01,107.77197427389041,107.92228579755928,107.20237906381657,107.56629180908203,2375000
2017-08-02,107.6533291695602,109.28299989472015,107.2973351297118,109.14851379394531,2409000
2017-08-03,109.21967006191385,109.31459855199076,108.25452350855558,108.49976348876953,1661900
2017-08-04,108.77667112957846,109.18012934592744,108.49978022910236,108.8320541381836,927900
2017-08-07,108.68172948952625,109.2987888381994,108.34154893659071,109.22759246826172,976600
2017-08-08,108.76874314865788,108.82411407514711,107.72448151605917,108.08839416503906,1333500
2017-08-09,107.88273225988539,109.48076399628356,107.85109344537673,109.05357360839844,1319300
2017-08-10,108.61844719317412,109.25923870875442,108.23080236724107,108.24662780761719,1032700
2017-08-11,108.53141517466683,108.99025633224424,107.81941527996823,108.12794494628906,870800
2017-08-14,108.69754945918064,110.77024756745593,108.69754945918064,110.7306900024414,1648500
2017-08-15,110.48544603771809,110.88099753113286,109.90002548180574,110.5091781616211,1386100
2017-08-16,110.75440757201069,111.64835772450625,110.50124884620675,111.61670684814453,1334600
2017-08-17,111.56924204918157,111.94896806472373,110.4775161743164,110.4775161743164,956300
2017-08-18,110.3114168789138,111.05505571544303,109.7418216880095,110.75443267822266,1114300
2017-08-21,110.90473702216929,111.90944126213947,110.85727277121036,111.76703643798828,1545900
2017-08-22,111.76703774667055,112.54231535438444,111.50597229206521,112.40782928466797,1030300
2017-08-23,112.3287293009583,113.21476087691318,112.10722140696959,113.00115966796875,921600
2017-08-24,113.16732319272542,114.12455137263478,112.74012067454095,113.76065063476562,1579000
2017-08-25,114.48844499136905,115.57225240768717,113.9030243343569,114.10871887207031,1254000
2017-08-28,114.14824046745666,115.59596032875623,114.14824046745666,115.32698822021484,1577300
2017-08-29,114.78112431887824,115.99942962391911,114.6229061428565,115.41400909423828,1178500
2017-08-30,115.22417346007019,116.7984731355909,114.9631200331181,116.70354461669922,1753000
2017-08-31,116.59280314197157,117.64497193372812,116.19725150918842,117.12284088134766,2293200
2017-09-01,117.34432914435877,117.34432914435877,114.89190460401,115.31910705566406,1765800
2017-09-05,115.47731139960234,116.41080719004503,115.23997807399465,116.24468231201172,1559300
2017-09-06,116.29213167998978,116.53737165893168,115.55641174316406,115.55641174316406,1380700
2017-09-07,115.746291970053,116.31588716450936,115.51687738372138,116.28424835205078,1757400
2017-09-08,116.13395174000718,116.13395174000718,114.26694771213721,114.70205688476562,2240600
2017-09-11,115.83330168591863,116.17348225848598,114.4093138486202,115.6434326171875,2202000
2017-09-12,115.61180546113366,115.73046609650477,113.8001846905752,114.5754623413086,2058700
2017-09-13,114.65457203479845,114.74159386285883,113.43627851322894,113.6815185546875,2087600
2017-09-14,112.98532396959084,113.20683181980492,111.86986596376616,113.0090560913086,2778900
2017-09-15,113.17520118748801,114.82069699146734,113.02488967554032,114.71784973144531,3210600
2017-09-18,114.72575272644877,115.68298053217688,114.33810793685325,114.5279769897461,1531000
2017-09-19,114.53594215639667,115.16882725125534,109.78932205187536,111.52974700927734,5507600
2017-09-20,111.67210785149577,112.03600848942158,110.33514178455121,111.07086181640625,2876800
2017-09-21,111.17369721051156,111.4505880730468,110.27974700927734,110.27974700927734,1958400
2017-09-22,109.338326548298,110.10568518153063,108.51557285193863,108.9981460571289,3140700
2017-09-25,109.02188272285707,109.4648983910936,108.43647433466093,108.68962097167969,1936200
2017-09-26,108.69754930233053,109.13265837431432,106.09482569745774,107.92227172851562,2752300
2017-09-27,107.60587296499337,107.89857731969987,106.41129927059568,106.59326171875,2646600
2017-09-28,106.76017955786295,108.2309293804029,106.32294075774723,108.19913482666016,1988600
2017-09-29,107.8970115739078,109.05770059180874,107.80956140428293,108.66020202636719,1705800
2017-10-02,108.93846896868558,109.4313633672563,107.8493266502845,108.0083236694336,1513400
2017-10-03,108.11961657631907,109.07361076703009,108.00831745624768,108.64431762695312,1885800
2017-10-04,108.83510682131178,111.02134902074474,108.66816421018011,110.37740325927734,1827000
2017-10-05,110.60003085890568,111.2439767913408,110.50463505578854,110.70338439941406,1965400
2017-10-06,110.11505312242029,110.60795961433227,109.21671457349353,110.59205627441406,1377200
2017-10-09,110.50463681781798,110.59208701563551,109.32804408138901,109.66194152832031,2115800
2017-10-10,109.83682077090671,110.06736463128208,108.81126754576316,108.98616790771484,2173900
2017-10-11,108.93054566498095,110.49669149216365,108.93054566498095,109.65398406982422,2003800
2017-10-12,109.70166687658742,111.56195739425415,109.21671810430394,111.32345581054688,1657900
2017-10-13,111.89584599720878,112.02304844931805,110.71925364193179,111.27574920654297,1815500
2017-10-16,111.06907888500271,111.84021511107008,110.34562842565609,110.97367095947266,1590200
2017-10-17,111.02134571117794,111.56989567850343,109.76526090541316,110.60795593261719,1393100
2017-10-18,110.4648658036471,110.6159172225264,109.24057537235947,109.29621887207031,1695800
2017-10-19,109.24851270277279,110.50460972220492,108.95436762346397,110.01966094970703,2090600
2017-10-20,110.32971622353364,111.48245979776414,109.8686163677024,110.56027221679688,1860900
2017-10-23,110.21049713496421,110.70339165764887,109.50294991049513,110.30589294433594,1556900
2017-10-24,110.50459233949749,110.56024795693327,109.08155292673099,109.73344421386719,1875300
2017-10-25,109.44725993504757,109.81296397408377,108.59661926336099,109.17696380615234,1209900
2017-10-26,109.75728867780481,110.69539148677934,109.2405454574888,110.06733703613281,1692700
2017-10-27,110.73514489895506,111.4108973117249,109.82884865599294,110.52845001220703,1556200
2017-10-30,110.31381387403322,115.11560404986993,110.03557211537648,113.58125305175781,5117800
2017-10-31,111.23602978070524,114.74197106937724,109.94813793208984,114.21726989746094,2999200
2017-11-01,114.67835796040451,115.0043097574822,111.60966796580294,111.94356536865234,2819200
2017-11-02,111.81635099405362,113.65280471035695,111.71300960723431,113.2394027709961,1367600
2017-11-03,112.75440263360531,113.21550225387372,111.48240284454145,112.96905517578125,1577200
2017-11-06,115.30639863872125,120.0127931494978,115.24280953216903,119.37679290771484,3936600
2017-11-07,119.24163008433753,119.87761811679022,116.72943611178933,119.77427673339844,2504600
2017-11-08,119.48808780681645,123.44717067233604,119.36883094219105,121.41197967529297,2334800
2017-11-09,120.68059171366977,121.64253164668496,119.69479070158273,120.69649505615234,1892100
2017-11-10,120.30691805606867,120.68056768047369,118.02528015739036,119.67886352539062,1537200
2017-11-13,120.25925810783814,121.47560313928756,118.15250775422437,119.28140258789062,2453000
2017-11-14,119.28934326056184,120.02073929616571,117.929892585989,118.84414672851562,1854500
2017-11-15,118.89184761064013,119.12239148813559,116.70560505458945,118.39894104003906,1631500
2017-11-16,119.16211196824788,119.38471018043955,117.5244199225408,117.9775619506836,2014000
2017-11-17,117.63572345536508,118.33532479468992,115.72773524172506,115.96622467041016,2055000
2017-11-20,116.34785273116873,117.01564751176132,115.77545373903357,116.24449920654297,1703500
2017-11-21,116.37166978167993,117.10306559767244,115.7833676091526,116.53861236572266,1925500
2017-11-22,116.37170238742516,116.76124327979691,115.27460229069804,115.52104949951172,1694700
2017-11-24,115.87879346415065,117.3892955002467,115.60849731361705,117.10309600830078,887600
2017-11-27,117.27000839029945,118.70100548095706,117.27000839029945,117.8424072265625,1489000
2017-11-28,118.12069809988938,118.83619080434669,116.99180341050105,118.16839599609375,2373100
2017-11-29,118.03323264006637,118.2876254304705,115.83904478371682,116.30809020996094,2197400
2017-11-30,116.64199157410278,116.93613665986054,113.31095132464962,114.42394256591797,4200400
2017-12-01,114.65451979584458,115.3938615151126,112.62727410937553,114.16957092285156,2009500
2017-12-04,114.2569794777095,114.78962605709361,110.4727978045798,110.48074340820312,2238600
2017-12-05,111.8004443330292,112.34899426449209,110.17069787698964,111.9037857055664,1734100
2017-12-06,111.63348338910073,113.15193065350444,111.41088518738306,112.73058319091797,1113700
2017-12-07,113.48583532578536,114.90887478851272,112.49208895690809,114.56703186035156,2174500
2017-12-08,114.87708786864697,115.21098521507328,113.10424762546903,113.26324462890625,1698500
2017-12-11,114.63064726638834,114.88504006033547,112.4603083248279,114.51934814453125,2274700
2017-12-12,114.60682055686932,115.75161867847952,113.81976881558812,114.0900650024414,1859300
2017-12-13,114.06620429683744,115.74364901285102,114.06620429683744,114.26495361328125,1726400
2017-12-14,114.27290209438918,115.28253980605031,114.14569963080059,114.19339752197266,2114700
2017-12-15,114.31264345787187,115.09969506261183,112.84190589818141,113.4937973022461,3648600
2017-12-18,114.20133404667548,114.20133404667548,112.89753922529492,113.55738830566406,2027600
2017-12-19,113.69255468707676,114.43985405831377,112.69086249858421,112.77831268310547,2284700
2017-12-20,112.88960371339643,113.09629862075114,111.3155126356774,111.4506607055664,2576500
2017-12-21,111.49833773358291,112.26154024915704,110.83054311413834,110.98954010009766,2580000
2017-12-22,111.45862145806316,112.16616858522431,110.12303178774849,111.82432556152344,3069100
2017-12-26,111.46656801949652,112.7067617692201,111.24395763273277,112.02306365966797,824500
2017-12-27,112.34264617427212,113.65295035148249,112.1269218707734,113.1016616821289,1014500
2017-12-28,113.17356207755844,114.5078464155597,113.09367276897775,114.18026733398438,1784800
2017-12-29,114.37999266068374,114.65962348791965,113.85267209560278,113.98849487304688,1129500
2018-01-02,114.3800028091334,114.42793882998383,112.5823288797029,112.75810241699219,1880600
2018-01-03,112.69420739638925,113.85270617890522,112.54240183754924,113.19754791259766,1770500
2018-01-04,113.00577252053817,113.42123832589103,111.51969501606044,111.54366302490234,1729600
2018-01-05,112.03901629038818,112.4145313444225,111.52767845806035,112.26272583007812,2119400
2018-01-08,112.38259973744773,114.44393420035452,112.38259973744773,113.46119689941406,1882100
2018-01-09,113.53310028596012,113.65294033775741,112.54237782316176,112.69418334960938,1581600
2018-01-10,112.18282420014128,112.33462969779777,108.68334905628505,109.94571685791016,3330500
2018-01-11,110.25733042530385,110.26531569807665,107.46893412931895,107.83646392822266,3244000
2018-01-12,108.17204107407872,108.25992785002056,105.89498236456788,106.26251220703125,3197300
2018-01-16,106.45427113448164,110.25734622408268,106.45427113448164,108.36380004882812,3193900
2018-01-17,108.75526479318793,109.5861963884527,108.29986044239837,109.17073059082031,1999700
2018-01-18,109.12280002797672,109.19470405676006,107.63672247684025,108.01223754882812,3416400
2018-01-19,108.57949730909016,110.00165611223231,107.66069109277859,109.95372009277344,3284700
2018-01-22,110.00966958484142,111.2480697631836,109.78596000064182,111.2480697631836,1826700
2018-01-23,111.4637710398066,113.00578215724963,111.21609346648192,112.81402587890625,2923400
2018-01-24,112.7341432591725,113.99649921155061,112.66222703099295,113.2614517211914,3061500
2018-01-25,113.82073934111813,114.3001117847952,113.05372636347403,114.22022247314453,2409500
2018-01-26,114.36406231383495,115.96199528577131,114.12436992979228,115.95401000976562,2107900
2018-01-29,115.77019319596135,116.64107558691298,114.79545349292859,115.31478881835938,3901700
2018-01-30,114.95526187934685,116.37742075392883,114.1243301961319,115.96994018554688,2440000
2018-01-31,116.17769669160704,118.91814534510766,116.04187387878495,118.00732421875,3184700
2018-02-01,118.26297694443937,119.33358869582057,117.08049822466133,117.49596405029297,2351000
2018-02-02,117.00061869903963,117.24031101044415,115.23489793599231,116.02587890625,2474600
2018-02-05,115.16301031414189,116.8807831067367,113.26946394754789,113.48517608642578,3000900
2018-02-06,112.07897563532798,113.5890212397371,109.96172011820238,111.9910888671875,3817000
2018-02-07,111.73543032968882,113.7168631343986,111.24806044964353,111.85527038574219,2245900
2018-02-08,111.7594010254171,112.59830582045551,106.63003925175475,106.71792602539062,3890100
2018-02-09,107.34110841666478,109.40243038008714,104.16121432381453,108.69934844970703,3977300
2018-02-12,109.45039999786557,109.64214411126541,106.92566351386091,108.84317779541016,3821000
2018-02-13,108.6833948827624,109.39447446799062,107.74860568810907,108.9071044921875,3710300
2018-02-14,107.88440228867034,108.57949896393023,105.95889086935128,108.24393463134766,4829300
2018-02-15,108.30786913805984,109.40244906240655,106.29447065853363,108.83518981933594,3223300
2018-02-16,108.54755155342797,112.6941882017428,108.49961553064512,111.87125396728516,3024700
2018-02-20,111.18415099751829,112.41455371061605,110.79265312954,111.2480697631836,2220500
2018-02-21,111.39985626954119,112.05501443389937,109.73001976466325,109.80992126464844,2811400
2018-02-22,110.22538458701318,112.23877067478807,109.64213047129216,111.04032135009766,3075900
2018-02-23,111.53570517395687,113.34934997558594,110.952450972059,113.34934997558594,1925000
2018-02-26,113.56503382858902,114.21219437831301,113.5170978162027,114.04441833496094,2214100
2018-02-27,114.02845056842654,114.24417484373653,108.50759151382204,112.41453552246094,4572500
2018-02-28,112.9019266779552,113.14960428205525,111.30399406697853,111.31997680664062,4015600
2018-03-01,111.05630287091134,111.55165801848587,107.78853400730199,108.15605163574219,3178000
2018-03-02,107.56484563112147,107.6607176937274,105.47954293062786,107.06149291992188,3224600
2018-03-05,106.47822933531393,109.65012613795292,106.47822933531393,109.30656433105469,2486100
2018-03-06,109.24264925014377,112.198821863861,108.8271955881128,110.96043395996094,3144500
2018-03-07,110.24935267834226,112.52639908215497,109.96172435255721,111.85527038574219,2750000
2018-03-08,112.26271526624035,114.1482756313798,111.94313372282869,114.04441833496094,3025500
2018-03-09,113.98849879300968,115.30680025104726,113.87664402001764,114.71556091308594,2172300
2018-03-12,114.49985068502644,116.40937952400479,114.49985068502644,115.91402435302734,2443000
2018-03-13,116.10578314547355,119.94081145336484,116.10578314547355,116.84881591796875,2159100
2018-03-14,117.04850905926747,117.70366697542777,116.32144713511474,117.01655578613281,2467400
2018-03-15,117.43202573599159,117.79155801754814,116.5771384083462,117.16836547851562,2142800
2018-03-16,116.94467309871715,117.60781647537925,116.14570693761911,117.08849334716797,4063100
2018-03-19,116.8568280359479,117.14445644423915,115.06715099881163,115.94600677490234,2581700
2018-03-20,116.15374895834022,117.99136208077122,116.15374895834022,116.89678192138672,2491100
2018-03-21,117.29623085404742,117.29623085404742,113.59701328970553,113.71686553955078,2422300
2018-03-22,113.34931101531372,116.00188418594887,112.87792396588004,114.2601318359375,2454100
2018-03-23,114.23615858551213,115.72223587633937,113.3812712801258,113.66889953613281,2228600
2018-03-26,115.23490282964708,116.25757868989588,113.94058136085735,116.01789855957031,2172600
2018-03-27,115.96197718694451,117.56789518424206,114.2282216459417,115.41868591308594,3043200
2018-03-28,115.29880253334693,116.81684552490388,115.09906099692543,115.29081726074219,2423100
2018-03-29,115.69032107545506,116.5052701037169,114.73954924102591,116.12175750732422,2978300
2018-04-02,116.4333601335903,117.44006551418431,114.0843971672159,114.91532897949219,2705400
2018-04-03,115.12306112896727,115.74625392119236,112.1668880033145,112.98982238769531,3442400
2018-04-04,112.63825593572278,114.69160500307196,112.04702872664728,114.29212188720703,1956500
2018-04-05,114.25216631274989,116.33746857715735,114.13232625955388,115.11505126953125,2013400
2018-04-06,114.65965190199472,115.37073143733132,113.02976597750427,113.5810546875,1527400
2018-04-09,113.74083300648535,115.85808863978096,113.74083300648535,114.40397644042969,1829700
2018-04-10,115.25532483453541,115.80147658876727,108.54079810308605,110.35596466064453,6140200
2018-04-11,109.52068763520057,113.80962917434307,109.50462074120118,112.3799819946289,2807600
2018-04-12,113.0867743451026,113.0867743451026,110.51662288951026,111.14309692382812,2805000
2018-04-13,111.56072998046875,112.78155642870854,110.93425599180117,111.56072998046875,1460400
2018-04-16,112.27556763173395,112.47636091634682,110.79773199829111,111.25554656982422,2073200
2018-04-17,111.85795826531782,114.10684614424366,111.09494601767861,113.26351165771484,2734500
2018-04-18,113.09482210575617,113.36789806639133,112.17920510122272,112.2916488647461,1773400
2018-04-19,111.77760809488136,112.13100624896191,109.77770249862547,110.37205505371094,2553000
2018-04-20,110.01062293973511,111.56074117467405,109.42430999519102,109.72950744628906,2659300
2018-04-23,110.2756841695257,111.15916734713866,109.8580306688547,110.99853515625,1911300
2018-04-24,111.41612788417714,111.76952586463904,109.3600075492467,110.00254821777344,2430000
2018-04-25,109.35204079077204,109.99458188713871,108.71753927096064,109.01470947265625,1511900
2018-04-26,109.48856303494446,110.60497315536132,109.15925912215451,109.90620422363281,1794500
2018-04-27,108.22758027703433,109.07894184190384,107.24770806885824,108.62113952636719,2311000
2018-04-30,108.38819873731897,110.62905837040064,108.03480064067183,109.52067565917969,2548600
2018-05-01,110.09094185567774,111.36798413358042,107.50472351306732,108.5086898803711,3249700
2018-05-02,107.93840014059508,110.62099455107715,107.93840014059508,109.60900115966797,2362800
2018-05-03,109.05484290977665,110.80576664658614,108.46049040178647,110.50055694580078,1858600
2018-05-04,110.1873289640152,112.20328920529242,110.1873289640152,111.52059936523438,1729800
2018-05-07,111.44026106458277,112.27555564701198,110.29172948181157,110.95032501220703,1532400
2018-05-08,110.65315925572023,110.86197984567704,109.1110684045155,110.04273986816406,3069700
2018-05-09,110.16318260533892,111.01454380022663,109.39213133602988,110.79768371582031,1661400
2018-05-10,111.55270008912305,113.25542296720845,111.14308626150279,112.35587310791016,1801900
2018-05-11,112.44424240046706,112.78960097665258,111.15916044228179,111.52862548828125,1197800
2018-05-14,111.48042689900545,111.98641760998467,110.42023254181335,111.07080078125,1142800
2018-05-15,110.29173020730211,110.74150515891091,108.64522298731056,109.79375457763672,2607800
2018-05-16,109.91421076814092,110.30775762596632,109.14315943032065,109.60900115966797,1839900
2018-05-17,110.03469375717643,110.38005224182912,109.255615018022,109.91422271728516,1820400
2018-05-18,109.80984911958201,111.36800720530752,109.22353607113781,110.07489776611328,3562500
2018-05-21,110.54872534207364,110.61298064930514,109.42428810413892,110.33990478515625,1266900
2018-05-22,110.51661191697235,110.51661191697235,109.12711377520418,110.1551742553711,2169100
2018-05-23,110.17126931335414,110.46041216328817,109.39219030812777,109.898193359375,1772500
2018-05-24,109.98652729023647,110.46842380141584,108.4765579265532,108.8299560546875,1729800
2018-05-25,109.006638391297,110.58889015053764,108.94238308191015,109.49657440185547,1484600
2018-05-29,108.9905983055089,109.83393259738322,108.32396309404443,109.20745849609375,2295400
2018-05-30,109.18333566691946,111.07078479599066,108.9263144335183,110.70133209228516,1848100
2018-05-31,110.2355131786671,111.29570760332906,109.21547986199074,111.13506317138672,4514500
2018-06-01,110.99852528290398,111.48846138757737,109.9142488992642,111.25554656982422,1623700
2018-06-04,112.03463690730052,112.64504414274279,111.47240584875155,112.49243927001953,1246400
2018-06-05,112.49243085311404,112.78157368099471,110.63710281398382,111.56878662109375,2565200
2018-06-06,111.93823586096329,112.05871918443749,110.50056134225359,111.67318725585938,1347000
2018-06-07,111.69731124801709,111.92219878057668,110.50860599825768,110.98247528076172,1493000
2018-06-08,111.3037338256836,111.84185835212789,110.6933266588474,111.3037338256836,3537400
2018-06-11,111.23948106239374,112.95827110989072,110.90214981069242,112.15509796142578,1475100
2018-06-12,111.3037268985059,113.44819755148004,110.83788504144599,113.35984802246094,2940900
2018-06-13,112.97431436192778,112.97431436192778,109.25561954101315,109.60099029541016,2270400
2018-06-14,109.86602033512298,111.58480992500522,109.6331055764778,111.11898040771484,2103500
2018-06-15,111.40007951975261,112.60483887776459,111.0386541634382,111.28763580322266,3087800
2018-06-18,110.9161758509723,111.73190968068961,110.43965843531385,111.64306640625,1497800
2018-06-19,111.14229597301849,113.31490731074729,111.03729603769841,112.32955932617188,2741700
2018-06-20,112.2407135786725,113.88026534920361,111.82072617065425,113.50873565673828,2178400
2018-06-21,113.5975759550436,114.54255067948827,113.34720288190894,114.4294662475586,1940800
2018-06-22,114.99483909383054,115.77018717026179,113.79141911869884,115.35021209716797,2543700
2018-06-25,115.14024152045434,115.54407234078361,114.14682115314712,114.80909729003906,2174200
2018-06-26,115.0755700488202,115.85093026191437,114.65559507716283,115.63285827636719,3052500
2018-06-27,115.75405330618884,116.45671487487847,115.43098130844787,115.77828216552734,2147700
2018-06-28,115.7782971858506,116.63441652404248,115.15639429296212,116.51325988769531,2110300
2018-06-29,115.84288542821416,117.11091992496024,115.21291043108448,116.44055938720703,1995800
2018-07-02,116.56978129803453,116.89284095605566,115.26137366193208,116.8443832397461,1559500
2018-07-03,116.8605499072367,117.14322405117977,115.30175673042027,115.51982879638672,1669600
2018-07-05,116.11747173296109,117.6843366697177,115.81055648689387,117.65202331542969,1512400
2018-07-06,117.54703417350893,118.18509357787296,117.03821587420855,117.76510620117188,1376600
2018-07-09,116.97362348501376,117.12708115097591,114.46179557757654,114.83331298828125,2334400
2018-07-10,114.28408549365757,116.3355399803411,112.40223299570256,115.93170928955078,3775300
2018-07-11,115.47942039037623,116.61822589124489,115.25327619042233,115.82672119140625,1250400
2018-07-12,115.95594495568967,116.90897942515248,115.5521142841002,116.10939025878906,1504600
2018-07-13,116.1174718355613,116.80397656561594,115.43902695818515,115.68132781982422,953700
2018-07-16,114.93023132079888,115.45520635437555,114.0498832634132,114.49408721923828,1644500
2018-07-17,114.52639503993775,114.89791240217677,113.80757684889036,114.82522583007812,2995100
2018-07-18,114.82523435942201,115.06753527501812,113.59758542462183,114.18718719482422,2046400
2018-07-19,113.86409839231919,115.13213267987156,113.68641190203881,114.42138671875,1505900
2018-07-20,114.13871264457309,114.70407314829987,113.16950912511611,113.37950897216797,1786500
2018-07-23,113.70257225551622,113.85602989516705,112.60415224552268,113.75102996826172,1457900
2018-07-24,113.42796825785108,114.4294605000875,111.8691753574367,114.34062957763672,3230400
2018-07-25,114.07411385026712,115.77828009558087,113.97718609070947,115.44713592529297,1572200
2018-07-26,115.63288556627703,116.98167867681177,115.35828363755543,116.71514892578125,1619000
2018-07-27,117.14321566778135,117.22398674537726,116.28709647058375,116.61016845703125,1424800
2018-07-30,116.32745879458199,116.7474461311812,114.63944959554458,115.26942443847656,1963200
2018-07-31,118.61316068542979,121.81150544040183,117.59551169808833,119.72773742675781,3924400
2018-08-01,119.26736072690429,121.54497185279675,118.92814440848238,121.28651428222656,2766300
2018-08-02,120.97956984655765,121.43994266172724,119.64693375073506,119.70347595214844,1877100
2018-08-03,120.00234721822027,122.1103442273959,119.53390206907717,121.94881439208984,1673000
2018-08-06,122.19916559742597,122.4656953237123,120.9311313533305,121.8841781616211,1272700
2018-08-07,121.85187931719558,121.85187931719558,120.0911832673592,121.17344665527344,1418100
2018-08-08,121.36726661247924,121.36726661247924,120.08307578340822,120.59999084472656,1060300
2018-08-09,120.76963655629822,121.71459913764363,120.4384923466819,121.60961151123047,1231700
2018-08-10,121.27844027273748,122.27186035624877,120.40616447114157,120.48692321777344,1260000
2018-08-13,120.34153719838137,121.01189757574105,120.01039309801085,120.349609375,957900
2018-08-14,120.47079783412372,121.04423062407209,120.00235266372339,120.43041229248047,1433500
2018-08-15,120.41425710013317,121.03615994210641,119.86505316359165,120.77770233154297,1413900
2018-08-16,121.12498817666501,121.60150547258813,120.76154299034967,120.9230728149414,1154200
2018-08-17,121.06036403383493,122.12648297337698,120.914990900589,122.09416961669922,1542000
2018-08-20,122.45759174506314,122.69989257884194,121.5691717864507,121.7872314453125,1496300
2018-08-21,121.64188678359768,121.8115011040844,120.29309369301656,120.56769561767578,1520000
2018-08-22,120.55964734738784,120.89886373169351,119.13008290186293,119.62275695800781,1134400
2018-08-23,119.88116902417215,120.11539771855857,118.87967683114796,119.03313446044922,1206600
2018-08-24,119.03313262824531,119.96193824275687,119.03313262824531,119.58233642578125,1339900
2018-08-27,119.98619081156589,120.38194938431566,119.33198696652342,119.83273315429688,1072800
2018-08-28,119.57427966736428,121.23806027599596,119.44505087812757,121.22998809814453,1192400
2018-08-29,121.38344362421695,122.16687627940694,121.28652818611071,121.5126724243164,1309000
2018-08-30,121.65803284141172,121.85994817849223,120.01848129023266,120.29308319091797,1034100
2018-08-31,120.44655343475333,121.28651590245669,120.13156596887264,120.43846893310547,965400
2018-09-04,120.12347437919867,120.39000411520703,119.17851203731522,119.655029296875,1171000
2018-09-05,119.55810388083245,119.6227182651246,118.35468408076666,119.2108154296875,1667200
2018-09-06,119.3723814696659,119.86505551602647,118.96855068818795,119.60659790039062,1304000
2018-09-07,119.18659576830561,119.6954140574566,118.2093200759234,118.36277770996094,1510900
2018-09-10,118.92815293670839,119.82465767251641,118.78277978578954,118.99276733398438,1312300
2018-09-11,118.87967680651555,119.1542787094534,118.34661735450615,118.7262191772461,1194900
2018-09-12,118.9443453769588,119.08971857158328,118.27398466810847,118.97664642333984,1359900
2018-09-13,119.53389263073956,120.67269821422288,119.33197727156602,120.11540985107422,1676600
2018-09-14,119.96194777569644,120.05079102340896,118.49201042364895,118.87968444824219,1182700
2018-09-17,118.79083096833314,119.85693752511787,118.22547049701289,119.33196258544922,1507800
2018-09-18,118.82312910457331,119.92963348998741,118.66967148239615,119.05735778808594,1108300
2018-09-19,119.2027361783817,119.73579562931545,118.99274866313547,119.19466400146484,1247500
2018-09-20,119.21888974326173,120.22846640854783,118.61314374409008,120.12346649169922,1021400
2018-09-21,119.94580896912602,120.82616939997537,119.79236363106337,119.9296646118164,2793300
2018-09-24,119.53387121657515,119.59848559880746,117.84586207403102,118.2254638671875,1258000
2018-09-25,118.15277916357796,118.43546557927627,117.49857541037677,117.67626190185547,1127500
2018-09-26,117.52279762407821,117.86201390938378,116.05286038775405,116.26284790039062,1378400
2018-09-27,116.70950686867216,117.44040825992073,116.37653544717324,116.44962310791016,1530500
2018-09-28,116.4171501697224,118.10634513884989,116.4171501697224,118.00077819824219,1523400
2018-10-01,118.64238343996428,118.64238343996428,116.91257953804585,116.96942138671875,971200
2018-10-02,116.97751333915716,117.43230999195458,116.22224927565215,117.05061340332031,1043400
2018-10-03,117.06684106241967,118.36623522232281,115.92988046646025,116.87194061279297,1910000
2018-10-04,116.72578149954579,117.60287091371214,115.61318318703063,117.3023910522461,1507900
2018-10-05,117.60286330479312,118.81292417966512,117.20493322036943,117.55413818359375,1625900
2018-10-08,117.79775259448539,119.31640973018187,117.75714420430263,118.39871215820312,1760800
2018-10-09,118.60173754260946,120.10416118290293,118.05761983074686,119.90924835205078,1782200
2018-10-10,119.04032028246354,119.99049735315067,118.1632308959961,118.1632308959961,3517100
2018-10-11,118.44746491004612,118.77230728944541,114.0214100410906,114.2488021850586,2484300
2018-10-12,115.393868434681,116.76635013222553,114.362487275316,115.36138916015625,2219700
2018-10-15,115.14214054602455,117.1480738945342,114.92286511821106,115.91365051269531,1289600
2018-10-16,116.25472517087402,118.86163026503104,115.88115770687729,118.31751251220703,1303100
2018-10-17,117.94391402429098,119.48694592574026,117.29421703378283,119.1214828491211,1737000
2018-10-18,118.9672051306601,120.3153119876944,118.38247900801885,119.21083068847656,1515800
2018-10-19,119.49507331865397,122.58924172626972,119.3001604865112,121.93954467773438,2450700
2018-10-22,121.89899251439844,122.37001034222119,120.97317791470192,121.20868682861328,1996800
2018-10-23,121.08685708541115,122.85726923010483,120.5427268583939,122.50806427001953,2179100
2018-10-24,122.32124558551044,124.14851162912746,121.61470668073295,123.41761016845703,3056300
2018-10-25,123.36076298646555,125.0174912334197,122.15883139000776,124.66827392578125,2628100
2018-10-26,123.81555673268403,124.06731141334001,120.79447578092956,121.50101470947266,3639000
2018-10-29,122.37807936639415,124.79818785234427,122.0775996326178,124.10789489746094,3072700
2018-10-30,125.06622902366786,131.32766711100896,121.9314516186956,130.71044921875,5553600
2018-10-31,129.9389413391069,130.6373636444823,126.08137901810214,126.53616333007812,3841200
2018-11-01,127.12899513179099,127.90863416391122,124.13228896918208,124.27034759521484,3963600
2018-11-02,124.10793290724021,124.25410826294649,121.20054771052507,123.49071502685547,3978700
2018-11-05,124.1728892886406,126.56864830634095,123.82368435040588,126.44682312011719,2301400
2018-11-06,126.52801811669224,127.096498378656,125.69965408243631,126.82038116455078,1285000
2018-11-07,127.93298992191167,128.136019489158,126.73105835355689,127.46195983886719,1803400
2018-11-08,127.47009520986786,129.45165347423554,127.24269068280269,129.41917419433594,1707900
2018-11-09,129.36233721093433,130.18258474307163,129.28113280438828,130.05264282226562,2279800
2018-11-12,130.02015700076132,131.53069767633792,130.02015700076132,130.77542114257812,2059600
2018-11-13,131.03532981546573,131.36828899499702,129.74405193446168,131.00283813476562,1496800
2018-11-14,131.4982214864406,132.8463411238964,130.49119012015836,132.70828247070312,1940900
2018-11-15,132.17227165744723,132.25348845548882,130.4668180341221,131.66876220703125,1987800
2018-11-16,131.47381846815586,133.38230124669386,131.26267219152766,133.171142578125,1987400
2018-11-19,133.59348218463126,135.104022965193,133.08997272175864,134.99844360351562,2171500
2018-11-20,134.1294729600642,135.6968554659942,130.38560677877587,130.4586944580078,3449900
2018-11-21,130.40991865496474,131.09209484655574,129.15113319233066,130.19064331054688,2009700
2018-11-23,129.74402248737405,130.8972290515855,129.021237655159,130.2556610107422,746900
2018-11-26,130.74294574549705,131.37639710647295,129.3298552676582,131.23020935058594,1447200
2018-11-27,131.084025504504,131.69311426540995,129.9226898232332,131.62814331054688,1390200
2018-11-28,130.93779123493005,132.28591018747164,130.74289083153292,131.56312561035156,2332200
2018-11-29,131.56313164512665,133.17112200660202,130.84846375472037,132.14785766601562,2063300
2018-11-30,132.5539789878652,133.72343157904942,131.46574320126948,133.5853729248047,2741400
2018-12-03,134.01578886088552,134.1213558318963,131.1652451966581,132.44027709960938,2651600
2018-12-04,132.594537806453,134.36494947854615,132.40774170414082,132.76507568359375,2468800
2018-12-06,132.22098999784583,136.3140735271134,130.8566370827186,136.13540649414062,2809300
2018-12-07,135.92429746108985,136.90696650156178,134.68175689074064,135.16090393066406,3357400
2018-12-10,134.7791891187297,135.5425700848053,132.17228333144195,134.96597290039062,1908700
2018-12-11,135.40447805237002,135.8836372579146,134.4055760325665,135.33139038085938,2033000
2018-12-12,136.02171187100498,136.07043699107393,133.30111034235372,133.7152862548828,2675000
2018-12-13,134.11319977638257,136.14349528734388,133.53659039881578,135.46131896972656,2153800
2018-12-14,135.23393347238675,135.62374675979717,134.01575610628078,135.2989044189453,2193400
2018-12-17,135.58317428027806,135.75372460915952,130.23943333189686,130.7023468017578,2743400
2018-12-18,131.44137386506011,132.74888504311252,130.89724360785692,131.81494140625,2475300
2018-12-19,131.95298386688762,133.74777084330802,131.38450350963083,132.001708984375,1912300
2018-12-20,131.84740137973597,133.16302896470103,130.34497767714822,131.1895751953125,2570400
2018-12-21,131.18959072659004,133.67468324742174,128.00608833209623,128.314697265625,4385700
2018-12-24,127.75436499215485,127.92491533727325,123.95365618952664,124.72516632080078,1968500
2018-12-26,125.26405304605063,128.6365509033203,123.03478092586589,128.6365509033203,1981500
2018-12-27,127.98330843506092,129.63281291339916,125.1824290723278,129.5103302001953,1641700
2018-12-28,130.4330872329977,131.9682706514999,128.81625281016588,129.6981658935547,1740000
2018-12-31,130.38406358831244,130.45755321301846,127.50152090286994,129.17552185058594,2044600
2019-01-02,128.29361793621814,128.29361793621814,125.69687220770322,127.99148559570312,2030600
2019-01-03,127.88530945502681,130.68618853721338,127.73831775381254,128.75904846191406,2467400
2019-01-04,129.11021459567064,130.71072617912185,128.76725049780845,129.27352905273438,2530000
2019-01-07,129.4122990634036,131.15978927336553,129.0366771971996,130.07373046875,1708000
2019-01-08,130.473900926374,131.57629524322087,129.49400178922875,131.5436248779297,2502700
2019-01-09,132.1887697262025,132.21326627678891,129.30622597962895,130.39227294921875,1797300
2019-01-10,130.22074192291382,132.2785385210001,129.52664005678528,132.17237854003906,1986600
2019-01-11,131.51094056250926,132.49900086250682,130.57186088042505,131.79673767089844,1878800
2019-01-14,131.50276674278118,132.74397871261968,131.34762614913103,131.79673767089844,1435400
2019-01-15,131.65794442353666,133.36461587383678,131.16800109175657,133.14413452148438,1597100
2019-01-16,133.47075994247842,134.1730232472062,132.96448144142806,133.740234375,1495200
2019-01-17,133.74022309518423,134.67929038923873,133.15228119383278,134.2301788330078,1322800
2019-01-18,134.9406005274554,134.9406005274554,133.41359136499435,134.46697998046875,1763000
2019-01-22,134.34448412476516,135.07124382430698,133.24209007642966,134.47512817382812,1503900
2019-01-23,134.33637936528456,135.38978087924474,134.19756142547914,135.38160705566406,1700200
2019-01-24,134.58129913392378,135.42238023262865,134.0096924348173,135.26722717285156,1275900
2019-01-25,135.96134224476003,137.2923791921036,135.3815616692635,136.70443725585938,1482100
2019-01-28,136.32064133550296,137.22705078125,135.28357535737425,137.22705078125,1180500
2019-01-29,136.92489425167602,138.42741932504222,136.81874673079892,138.36209106445312,1849700
2019-01-30,138.10892017998378,140.0442211734024,138.01092158152102,139.20314025878906,2159500
2019-01-31,138.64788809041704,142.0448828781362,138.20693790686207,141.1384735107422,4046100
2019-02-01,141.39161272701057,141.39161272701057,138.44374194309216,139.17050170898438,3446200
2019-02-04,138.98269800118302,139.59513645811546,137.90481279622992,139.58697509765625,2846800
2019-02-05,139.49716761770705,140.89352049528756,138.46827536790593,140.80369567871094,1671100
2019-02-06,139.8972875864631,140.74653013618337,138.90105332115897,139.0398712158203,1422900
2019-02-07,139.08885250951113,140.7791761048222,138.68056022097036,140.46070861816406,1113600
2019-02-08,140.37908060043395,141.26099358316083,139.67681725086032,140.80369567871094,1294600
2019-02-11,141.15479583931747,141.80806592518454,140.57501536733668,141.26095581054688,1211000
2019-02-12,141.33447239388215,141.88158261291937,140.50972638490236,140.93434143066406,1471600
2019-02-13,140.80366292960588,141.95505009426498,140.52602718297757,141.84072875976562,1195900
2019-02-14,141.76724544533468,143.77604893808225,141.3262952669758,143.54739379882812,1832500
2019-02-15,144.764085042783,145.47450950125858,143.70252280431052,145.20504760742188,2744400
2019-02-19,145.32755343901252,145.61336301570384,144.3068227509597,145.02542114257812,1961700
2019-02-20,144.80493169978868,144.80493169978868,143.33507709945135,144.28231811523438,1612000
2019-02-21,143.9801743643649,144.33129969253335,142.55931295389522,144.13531494140625,1407600
2019-02-22,144.65799832101033,144.90297626316502,143.05749902444492,144.23338317871094,1312600
2019-02-25,144.73147215557537,144.96827622867642,142.14290023330904,142.27354431152344,1946500
2019-02-26,142.77162832069686,143.1635978446349,141.6120798475836,142.10203552246094,1853700
2019-02-27,142.33065131212643,144.3476156054663,140.21570088634516,141.43240356445312,1632200
2019-02-28,140.87717605893604,145.91550145195583,140.77101607568233,143.84136962890625,2888500
2019-03-01,143.88220142190565,145.50720923210577,142.30619915329532,145.28672790527344,2048000
2019-03-04,146.16865602415183,146.78925588811802,144.40483014539333,146.7321014404297,1678000
2019-03-05,146.51977785185042,148.5449167562672,146.51977785185042,147.85081481933594,1991500
2019-03-06,147.85895727569422,148.85517887465073,147.70380423140313,148.3325653076172,1226000
2019-03-07,148.62655310804712,149.41047977772956,147.64665411601285,148.41424560546875,1375900
2019-03-08,147.80185528591724,149.2145435630829,147.34456977146564,148.2999725341797,1276000
2019-03-11,148.87153568041384,151.3131281077142,148.6592281711194,151.1988067626953,1586700
2019-03-12,151.50090768030552,152.521638213623,151.14160853896345,151.68055725097656,1618300
2019-03-13,151.63975620998613,153.15044268890023,151.63975620998613,152.88912963867188,1512600
2019-03-14,152.4400070918555,153.55056264585633,151.69692457579512,153.493408203125,1183800
2019-03-15,153.51790947566192,154.33449410053248,153.2076033309815,154.30999755859375,2541700
2019-03-18,154.42430902661192,154.72644133125203,153.1096073662897,154.24465942382812,1556200
2019-03-19,154.67742954697144,155.33069961809278,153.93433468531978,155.0775604248047,1848200
2019-03-20,155.37970780201113,156.9148907494137,154.26915231114165,156.40859985351562,1537900
2019-03-21,156.09834453228052,159.02988080810218,155.80437352249848,158.99722290039062,1761300
2019-03-22,158.6134014522821,160.6956822701685,157.77232028848584,158.13160705566406,2050300
2019-03-25,158.49908820911628,160.30373333825148,158.03362896995992,159.79745483398438,2157600
2019-03-26,160.5813385278727,160.5976737068595,158.38473666764142,159.27481079101562,1948100
2019-03-27,159.27483247864888,160.0832432772569,157.29052537459938,158.49090576171875,2250600
2019-03-28,158.4174315761524,159.22585491364381,157.76416132505676,159.17684936523438,2455300
2019-03-29,159.6096402564364,161.13664955595266,158.95637004816285,160.91616821289062,3017700
2019-04-01,161.3081341032626,161.8389216275657,156.9149169460205,157.20071411132812,4105700
2019-04-02,157.6008149907753,159.8872541769602,156.8740552542474,159.33197021484375,2762400
2019-04-03,159.2829635897219,159.98522672732201,157.18434799602107,158.65419006347656,2230300
2019-04-04,159.18499161518793,159.2829777723857,157.31500604805598,157.6416473388672,1684000
2019-04-05,157.81312240714962,160.0342333343531,157.03736959259567,159.85458374023438,1656500
2019-04-08,159.29118768081202,160.43440130742675,158.57258913831473,160.23025512695312,2166500
2019-04-09,160.16492916394665,160.97335253591547,160.00977607093398,160.6385498046875,1708200
2019-04-10,161.16355528162035,161.82802683741403,160.7861944197314,161.2947998046875,1304500
2019-04-11,161.70492608645475,161.76235572052903,160.3267650769565,161.31936645507812,1027100
2019-04-12,161.311176130266,162.47605395495262,159.8017580349558,162.39402770996094,1412300
2019-04-15,161.3603917520834,162.28737717862802,159.57206192169048,160.8599853515625,1765500
2019-04-16,160.92565669992482,160.92565669992482,156.72553137890495,157.66891479492188,2108300
2019-04-17,159.21937495812494,159.21937495812494,155.38839858868542,156.82398986816406,2105100
2019-04-18,156.62705007370846,158.8173624546101,155.90516150620448,158.25132751464844,1325400
2019-04-22,157.96419172036406,158.2431034745379,156.63524893618276,157.76731872558594,942500
2019-04-23,158.80917121838883,159.46544387723063,157.9232050065564,158.65330505371094,1457700
2019-04-24,159.1373043433167,159.555672036237,157.8985864876068,158.5138397216797,1324500
2019-04-25,157.85759886797214,158.57950014677607,156.5286556205028,157.7427520751953,993100
2019-04-26,157.88218331055074,158.61228328914868,157.20950045612906,158.4974365234375,870000
2019-04-29,158.24311671575524,159.07986456565004,157.4720098927554,157.8657684326172,901400
2019-04-30,158.1692993376755,160.38420847581577,156.78292671477791,160.21194458007812,1476200
2019-05-01,159.9248106908602,160.00684945681573,157.619664065394,158.25132751464844,1384700
2019-05-02,158.5548914577857,158.92404097007613,157.61970685188115,158.1611328125,1412700
2019-05-03,158.60408035698404,159.58028417624942,157.7263255688327,158.28414916992188,1059100
2019-05-06,157.85758076700165,158.768156132949,156.24972585249296,157.65249633789062,1548700
2019-05-07,157.48020046755204,157.7591122303732,154.65823729290628,155.7410888671875,1510000
2019-05-08,156.0036209960793,158.74354594660534,156.0036209960793,157.2095184326172,1339000
2019-05-09,157.2669402331999,158.25954180424085,155.93798469591215,157.93141174316406,1240400
2019-05-10,157.92322217309408,160.97487972867322,157.77556738041827,160.50729370117188,1283100
2019-05-13,159.57210480002902,161.9346690402804,159.2111541823537,161.5081024169922,1790600
2019-05-14,161.77056599213375,164.37924596878676,161.36039720791567,162.48426818847656,1788000
2019-05-15,162.59090937186522,165.0519221651347,161.62291701484457,164.4530792236328,1285400
2019-05-16,165.55233296728926,166.84026903807128,164.23158889936926,165.724609375,1507400
2019-05-17,164.7976745649523,166.31530463472495,164.50235243041024,166.0609893798828,1421400
2019-05-20,163.89525725063368,164.85506333787146,161.92645185355397,162.63194274902344,2764800
2019-05-21,163.6409550430835,164.08394439497388,162.41865992487516,162.56631469726562,1338100
2019-05-22,162.88627421316713,165.08478606193498,162.60736236079978,164.6171875,998000
2019-05-23,164.20699251418853,167.22584169684237,164.20699251418853,166.46292114257812,1436800
2019-05-24,167.46374899418703,168.423542666538,166.47113480187696,166.528564453125,1412600
2019-05-28,167.4719106592263,167.96411821037572,166.1019484132686,166.1593780517578,1936300
2019-05-29,166.23325823580225,166.8813196172364,164.25624105104438,164.9945526123047,1448500
2019-05-30,165.1667658255925,168.18561463765596,164.5022943866687,167.91490173339844,1568600
2019-05-31,167.91495252262703,172.476028857288,167.529392740915,171.26193237304688,2706200
2019-06-03,171.3357373498947,172.09864542405606,169.39973982265565,171.6884765625,1730800
2019-06-04,171.64742134452544,171.89351257825754,169.32586473991768,170.63839721679688,2351500
2019-06-05,171.95094339372534,174.6990790179652,171.21264465273748,174.543212890625,2193300
2019-06-06,174.61709689011482,175.31438899623706,173.50143703073573,174.48583984375,1237800
2019-06-07,175.18313612689445,175.97886477808302,173.9362191914194,174.28897094726562,1132200
2019-06-10,174.7319162086364,175.17489302378092,171.47517479716183,172.14785766601562,1976600
2019-06-11,172.13968476933513,172.65650160036412,170.19548814572963,171.42599487304688,1715600
2019-06-12,171.88535283874702,174.20690997185,171.87715396820843,173.5014190673828,2974400
2019-06-13,173.99363913284245,174.44481487458464,171.06502740159826,171.4587860107422,2586500
2019-06-14,171.45060318197372,173.87059723059144,170.77792016594051,173.2799530029297,1568100
2019-06-17,173.68190225124252,176.11830626940852,173.33736191256938,175.6260986328125,1780900
2019-06-18,176.557064321589,177.92470486835248,175.75790162687667,176.63121032714844,1696600
2019-06-19,175.90619864610076,178.81448716873294,175.64256420614555,178.09771728515625,1421300
2019-06-20,178.08948626175112,180.25627703285144,177.8752699183078,179.2099609375,1839900
2019-06-21,179.16052750709986,179.54773862757153,176.50763916228456,177.28207397460938,2420400
2019-06-24,177.80111278125477,177.95765161585632,176.28518024758444,176.76303100585938,1064000
2019-06-25,177.16673285878227,177.47157629015453,173.58287083317123,173.68173217773438,1542400
2019-06-26,173.7229442820777,173.7229442820777,169.0845063529608,169.5541229248047,2434100
2019-06-27,170.48509899156684,171.53142775865598,169.34815569679955,169.59532165527344,2044600
2019-06-28,169.76833892866782,170.44392508314388,167.75807412051822,168.44189453125,2965500
2019-07-01,168.8950004499193,169.30693947540692,164.34719008854933,166.6705322265625,3039800
2019-07-02,167.1813321969802,169.9083665277894,166.98359693952,169.41404724121094,3224300
2019-07-03,170.05668748487219,174.57153610811076,170.04844065790408,173.1544647216797,1408700
2019-07-05,172.1905001187987,173.236828687354,169.8918860553188,172.22344970703125,1735500
2019-07-08,172.09989183632698,173.34394321293294,171.62204104078367,172.14932250976562,1227600
2019-07-09,172.5777410678924,174.36555497888517,172.03397852223145,174.0936737060547,1483200
2019-07-10,174.5632646557715,175.01638747269112,173.04731966842576,174.27490234375,1858600
2019-07-11,174.36555799282905,174.36555799282905,171.44078826696847,172.40472412109375,1398200
2019-07-12,172.61894296184008,172.61894296184008,170.8887939239903,172.17404174804688,1263300
2019-07-15,173.28626412847882,174.12662322243165,172.1740237814418,173.59109497070312,1640300
2019-07-16,173.98654008327938,174.32433306114638,172.2069732590174,172.44589233398438,1430600
2019-07-17,173.07207773609642,174.28316697207052,171.2183520192919,171.976318359375,1395000
2019-07-18,171.90213830621786,172.5282936269286,168.90322291289016,171.91038513183594,1279400
2019-07-19,172.31410370999143,172.54478857780123,169.13393366503342,169.35638427734375,1847200
2019-07-22,169.677669510487,170.67456740970192,168.6313409432975,170.2955780029297,1259200
2019-07-23,170.1472906261256,171.15242280687718,169.29045045333044,170.3779754638672,1165300
2019-07-24,170.39445350536363,170.78166459858247,168.54896226496172,168.7219696044922,1932400
2019-07-25,170.5674873761944,170.5674873761944,167.9310798879491,169.2410430908203,1058800
2019-07-26,169.30692190712864,169.78477263567547,167.78274264242972,168.55718994140625,1336800
2019-07-29,168.6231413958487,170.54277901604453,168.1947212329226,169.36463928222656,1875400
2019-07-30,170.16380755854803,172.19055357703616,169.38112573838384,171.90219116210938,2080100
2019-07-31,172.7013342714841,176.04627755857902,172.47889622174696,174.34909057617188,2845100
2019-08-01,173.1050271286875,176.19456998646137,171.77858289222797,174.1760711669922,1691400
2019-08-02,174.4479496263494,178.53437787351655,173.7723635647765,177.52101135253906,1802200
2019-08-05,176.82896387917148,178.12244598285045,174.10192932942016,176.22752380371094,2268700
2019-08-06,176.3428530337877,178.80625293936697,175.60136781421528,178.74034118652344,1988200
2019-08-07,177.98236378946962,180.43751671576194,174.28314703431204,179.1357879638672,1827800
2019-08-08,179.22643161321434,182.38188616151496,177.95766490410236,182.09353637695312,1389700
2019-08-09,182.58785744852582,185.1336502892418,180.82475884683853,183.09042358398438,1251300
2019-08-12,182.90916391356242,183.70009238403472,181.60743506778644,183.08218383789062,883800
2019-08-13,183.4611553231136,184.21088735423473,180.73412103090195,182.15943908691406,2468800
2019-08-14,182.1347394042194,182.58786230659916,179.98441703907804,180.3304443359375,2092700
2019-08-15,180.63527631305726,185.01831390939816,180.30573009634122,184.71347045898438,1773200
2019-08-16,185.455002188022,185.7268709522254,182.8432970292661,183.66717529296875,1681900
2019-08-19,184.58167676107772,185.94108341024025,183.58479112307623,185.52914428710938,1415900
2019-08-20,185.79274218016022,187.34163700078085,184.16146709397626,185.8339385986328,1620700
2019-08-21,185.82566071646863,187.41573901087105,185.1995054740064,187.33335876464844,1279500
2019-08-22,187.66293109644937,188.4868091019905,185.3643169923971,188.2643585205078,1073000
2019-08-23,188.61864841537914,190.84311670258217,185.84218332674521,186.6660614013672,1497100
2019-08-26,187.48991144462937,189.6155054965435,186.28704410411237,189.5496063232422,968500
2019-08-27,190.1345830370579,190.95022686513138,188.6927963914437,189.31893920898438,1584000
2019-08-28,189.12124519658545,190.7525205287477,188.322082328963,189.60733032226562,1143700
2019-08-29,190.31584275652892,190.7277818101145,188.77519471896125,189.8297576904297,986200
2019-08-30,190.71957325063647,190.86786529564336,188.72578947122312,189.64852905273438,1426200
2019-09-03,189.98625786278987,196.0005567635783,189.64846489048944,195.9511260986328,1843100
2019-09-04,196.2724661903019,199.37848998820414,196.0582624209706,198.61228942871094,1796100
2019-09-05,199.37848579997348,199.37848579997348,193.27354650276843,194.229248046875,2059100
2019-09-06,194.3940087405817,194.89657481608143,190.85957770371897,191.6257781982422,2307600
2019-09-09,191.78232351004098,192.1118696878049,184.33447177870093,184.54867553710938,2994000
2019-09-10,183.58474486260147,183.71656836591816,175.89796125336187,178.13067626953125,4266100
2019-09-11,177.9164802745337,179.4983247810385,175.0741032304801,175.23887634277344,3019700
2019-09-12,177.97411847050356,180.71763355552142,176.86187820825472,180.30569458007812,2334500
2019-09-13,179.84432085436018,180.63524925594183,176.24397806192957,177.4385986328125,1908800
2019-09-16,177.56217832501392,179.19345313703366,177.15847360604295,178.59202575683594,1422100
2019-09-17,179.934964812758,182.4065990138749,179.20996066230325,182.32421875,1853300
2019-09-18,182.85972060697213,183.39524885279135,179.99262867094635,182.57960510253906,1318300
2019-09-19,181.6980378251366,188.96464738893874,181.25314926289843,187.07797241210938,2281100
2019-09-20,188.05017265581134,188.2396610951271,185.1501182804095,185.8339385986328,2787400
2019-09-23,186.06461528973193,186.6166120731676,185.33136433007786,185.68563842773438,1267000
2019-09-24,186.27887259546807,187.2428086147803,183.80723790860057,185.50442504882812,1728600
2019-09-25,185.75155776826313,185.88336870704006,181.9617135651804,182.9338836669922,1709400
2019-09-26,183.38896249399434,185.39959521011153,183.3144978888713,184.51425170898438,1350400
2019-09-27,184.58870782239597,184.58870782239597,179.43389640116254,181.18801879882812,1832400
2019-09-30,181.46934001161353,183.50478142543452,181.09699177397005,182.9669647216797,1703000
2019-10-01,182.61114488764449,184.4066403815938,180.55915184104475,182.7683563232422,1545400
2019-10-02,182.65253005684502,183.68680259397325,180.79083949001424,182.02369689941406,1270100
2019-10-03,182.3794846024525,186.5993216968872,182.2553769454269,185.25889587402344,1604700
2019-10-04,185.31682055838297,188.15485839269078,185.06032298448312,186.9385528564453,1621900
2019-10-07,186.32630748641952,187.50123982173002,184.48943806244682,186.40077209472656,1005800
2019-10-08,186.3511069179028,188.75061437610339,185.04378479485197,187.07923889160156,1962200
2019-10-09,187.46815490722656,188.11354011823303,186.44215175427772,187.46815490722656,1038800
2019-10-10,187.1205810308422,188.38652959721517,185.43265381747727,187.2281494140625,1888900
2019-10-11,187.13718014544406,187.87358186741588,185.63128552737373,185.71401977539062,1352200
2019-10-14,186.16082214547137,187.4929659294621,185.76365232604834,186.69863891601562,766100
2019-10-15,186.78136001638975,187.37710203793614,183.55442196211385,185.51541137695312,993200
2019-10-16,184.9693093510933,184.9693093510933,182.48705517762858,183.6619873046875,1508400
2019-10-17,185.4244028342409,187.94801796034545,184.89485575076148,186.92202758789062,1197100
2019-10-18,186.95513014692608,189.97521399679633,186.87239590642224,189.55322265625,1544400
2019-10-21,189.6773303405194,189.96691910112227,187.57568129018708,189.80970764160156,1272400
2019-10-22,189.6111609880348,191.30737085215205,187.3523001730777,187.6088104248047,1341000
2019-10-23,187.20337944500326,188.12181420939586,185.2341199658514,187.01307678222656,1151500
2019-10-24,186.99650414159328,187.60051586322206,184.80385106796876,184.90313720703125,1097900
2019-10-25,184.67147317030432,184.67974280729885,178.06039709646092,179.27670288085938,2409800
2019-10-28,181.02257049594778,181.20460352778858,173.7826605376457,174.37840270996094,3431400
2019-10-29,174.59346508008372,179.40077419507307,174.21285987587518,178.85467529296875,2044000
2019-10-30,178.87126288256093,179.888996372884,177.56395321888408,179.7483367919922,1520700
2019-10-31,180.7908734977968,181.6182916831414,177.1088650980932,180.443359375,2021200
2019-11-01,181.3286686048326,181.83339414260936,175.70223571699702,178.3251495361328,2112200
2019-11-04,177.69633590476423,178.2920780450064,174.58524788103307,174.64317321777344,1640000
2019-11-05,174.29560968292395,174.36180464292133,167.8914019642985,170.45639038085938,3449700
2019-11-06,170.70465410215652,172.83112502703824,170.34058805856586,172.08644104003906,2206100
2019-11-07,171.03558981493555,171.4410165771527,168.4043938638935,170.19161987304688,2117400
2019-11-08,169.52974026529523,172.56636400588195,169.00846267992145,170.34060668945312,1819400
2019-11-11,170.19995294589623,172.59119148468727,170.1006667835139,171.56520080566406,1347200
2019-11-12,171.63961558707933,172.7400831937398,170.73773287292096,171.06869506835938,1475400
2019-11-13,171.92094901206687,174.6597011770696,171.738916001819,174.02259826660156,1664900
2019-11-14,174.0887689119205,175.3381783642419,173.75780671120148,175.24716186523438,1362800
2019-11-15,175.58643852262873,176.59587720752978,173.92331970176335,176.54623413085938,1546600
2019-11-18,176.2235260257392,178.44928302053646,176.2235260257392,177.34054565429688,1353700
2019-11-19,177.62183228880681,179.21875569959718,176.95162568455814,178.36651611328125,1526400
2019-11-20,178.4906376369809,181.4776175515244,178.42444267241444,180.29440307617188,1297800
2019-11-21,179.97997678328198,181.1218051007447,176.4965412567261,176.6868438720703,1361400
2019-11-22,176.64552411921977,177.14196748662064,173.58406653927943,173.84884643554688,1779800
2019-11-25,174.16328382841584,175.1561832708396,172.7814967720209,173.5178985595703,1441100
2019-11-26,173.41860339038794,177.9114914521531,173.41860339038794,177.72117614746094,1877600
2019-11-27,177.72938756841327,178.31684727370683,176.0249085214876,177.82040405273438,1117000
2019-11-29,177.82041708417952,178.55681864750915,176.8026837870787,177.09228515625,654300
2019-12-02,177.19160282729797,177.5970422912369,173.31102206702428,173.40203857421875,1189400
2019-12-03,173.1455573392814,175.82639730689354,173.1372877010234,174.759033203125,1520000
2019-12-04,173.84882441754652,176.8275347462987,173.7743598156774,176.53793334960938,1276400
2019-12-05,176.42210650855552,177.17506008739758,175.37956414005083,176.67860412597656,868200
2019-12-06,176.86889526522899,177.067480161956,175.32162739926844,175.578125,1206000
2019-12-09,175.4622962772518,177.05921992118164,175.2719936319978,175.95046997070312,938500
2019-12-10,176.5296528664085,177.13366453123078,173.09586025045053,173.75779724121094,1414800
2019-12-11,174.31219752127387,175.66089328034252,173.7578288205611,175.04859924316406,1441000
2019-12-12,175.12304474432815,175.29680810936355,172.60769914724645,173.50131225585938,1836000
2019-12-13,173.02141181301914,176.1076780123957,172.30983169093616,175.84291076660156,1988600
2019-12-16,176.2400350414259,179.3842259850847,175.84287793419014,178.39132690429688,1827300
2019-12-17,178.97884772582185,179.62423297995596,174.61008017842119,175.35475158691406,2439900
2019-12-18,176.07460134914163,181.13012722452896,175.7684480196735,180.33580017089844,2143300
2019-12-19,179.98002370638767,186.1277353267423,179.9138287304454,185.50717163085938,2958000
2019-12-20,187.65845835898048,188.88303381255523,185.75539389202225,188.4362335205078,3333100
2019-12-23,187.9149102854176,190.28959600386455,187.32743792585688,187.799072265625,1096400
2019-12-24,187.93974926777878,188.6844205176789,187.2116172898153,187.89010620117188,491900
2019-12-26,188.40541428961015,189.38612365722656,187.47456978044133,189.38612365722656,1035300
2019-12-27,189.9263776189045,190.56632695129943,189.1201951635847,190.3917999267578,749400
2019-12-30,189.95960740993033,190.32529997171605,188.85422314155298,190.2006378173828,1259800
2019-12-31,190.30035278200637,191.04004443123083,189.07030645469266,191.00680541992188,1199100
2020-01-02,190.8904230286137,192.11216268300626,189.5024629663849,189.9097137451172,1426000
2020-01-03,189.12845619245923,191.01509008333136,188.6630339967101,190.00112915039062,1598900
2020-01-06,189.89309456674565,191.15639253790144,189.40273990778155,189.95127868652344,1526800
2020-01-07,188.77111918386242,189.13681174548918,184.19166826231776,185.9037628173828,1463800
2020-01-08,185.73751303885211,188.23917644845525,184.9396500139121,187.51609802246094,1433900
2020-01-09,187.41642792875163,188.77945598823385,187.30007233886198,188.2226104736328,1376700
2020-01-10,189.56896248386707,192.00413532416636,189.02874296281954,191.8212890625,1578900
2020-01-13,192.19529982505642,195.66104706116616,192.11218327132875,195.65274047851562,1840600
2020-01-14,195.4200225735232,196.093223517247,193.5167626226495,194.43930053710938,1217100
2020-01-15,194.89642252777543,196.75812426364,194.89642252777543,195.6278076171875,1152100
2020-01-16,195.31195366174464,195.43661579348804,192.7687447197484,193.01808166503906,1782900
2020-01-17,193.55830477284283,194.82160268600387,193.30896782287888,193.99879455566406,2352900
2020-01-21,194.4143710936551,197.73883026970626,193.64974700497996,196.7498016357422,1827100
2020-01-22,197.73054271006072,197.94662801184282,194.69696581098285,195.44497680664062,1294000
2020-01-23,195.44497210293105,198.21258608846384,195.320297265752,197.66404724121094,1485400
2020-01-24,197.80534945433703,199.45927269799824,196.7415233793793,197.4064178466797,1284800
2020-01-27,196.40904548972986,197.93829359919647,195.87711987064085,197.3648223876953,1197200
2020-01-28,197.06562311645186,197.53104535736915,196.41735461205923,197.12379455566406,1051800
2020-01-29,197.33158184647215,197.68896780676727,193.5333937863457,194.01544189453125,1434400
2020-01-30,193.16769709918978,195.52806004851607,192.24515917917634,195.4781951904297,1271400
2020-01-31,194.78008653829042,195.26213469732343,191.86287783369104,192.60256958007812,1700900
2020-02-03,193.63310728368862,195.34520160758842,192.91004152288545,194.53903198242188,1560200
2020-02-04,194.8299136876395,197.98815220128873,193.66635813714976,197.3481903076172,1105700
2020-02-05,197.38973720903212,197.78866870596008,195.47817090180496,196.45889282226562,1338700
2020-02-06,197.12377832473337,198.2790399314798,196.43396428418973,197.6473846435547,1257100
2020-02-07,198.17099111561922,199.06859651351962,197.647384796393,198.4286346435547,1237500
2020-02-10,199.20162943149091,202.69232244233612,198.46193761728588,202.53440856933594,1576800
2020-02-11,204.9113384596136,214.94288661905492,204.9113384596136,211.32754516601562,3231900
2020-02-12,211.33583472850006,213.31389167746067,209.50738501287591,212.91494750976562,1625400
2020-02-13,212.44957123667191,213.95388706723273,211.46054254847618,213.51339721679688,1146600
2020-02-14,213.59648056402438,214.69355806897326,212.15033640253833,212.97314453125,1600700
2020-02-18,212.1836025501158,212.4329395165752,210.00607323696227,210.21385192871094,1998500
2020-02-19,208.80926944854977,209.7650463158677,205.9917910195311,206.19956970214844,2618500
2020-02-20,206.09982336286507,206.55693899222763,203.390393958886,205.734130859375,2150300
2020-02-21,206.06659872849298,206.64837653289823,205.11912839508872,205.2936553955078,2570200
2020-02-24,203.47356659691656,206.75646808805735,202.46791193507872,203.71458435058594,2329800
2020-02-25,206.04998579021563,211.09485886273586,202.92499861521216,204.5706024169922,2268600
2020-02-26,204.57059966610967,206.41567556643014,199.4675552190284,201.68663024902344,2024600
2020-02-27,199.4592492465241,203.53170677198204,193.56663556322988,193.59156799316406,3168700
2020-02-28,188.41374012900866,190.0842891485735,181.20797566534353,188.49685668945312,5188100
2020-03-02,190.35021520582407,200.19893032618774,189.56065870882983,200.09088134765625,2718500
2020-03-03,200.0908700056784,205.15235563633232,198.50343783759743,201.66998291015625,3502600
2020-03-04,204.1051761563085,209.41599927439012,203.88909087158757,209.15835571289062,2350400
2020-03-05,206.5735534982687,208.51835877992602,202.40135430934814,205.23545837402344,1969400
2020-03-06,202.10216534386527,205.76738431001198,197.72218720982013,204.72018432617188,2693600
2020-03-09,192.34488456323413,199.14340995620458,187.0008226952539,192.7022705078125,3209200
2020-03-10,196.75814975188976,202.96657918808972,191.0317684887195,202.68399047851562,2658300
2020-03-11,197.28167271047673,198.7943074016892,190.05928465484914,193.56658935546875,3360600
2020-03-12,179.76179378307808,192.58590026282673,169.6637552002385,181.04171752929688,4734500
2020-03-13,187.44133180767253,200.76410188850397,182.8618935324789,198.62814331054688,4220300
2020-03-16,171.74987238659565,190.99849465092973,167.36158715393373,168.50852966308594,4093100
2020-03-17,174.67537886350732,195.22884230089286,169.23989418456785,189.10353088378906,4527100
2020-03-18,174.5341027330969,196.0101054733838,171.35093162333857,180.46826171875,4210000
2020-03-19,180.82559971402637,182.66235577770505,167.48620857763143,173.70294189453125,3847800
2020-03-20,172.04075273569183,174.5340969782381,159.88153992136375,162.39151000976562,3940900
2020-03-23,162.89848257308054,163.12288709487717,144.87992181246696,148.84432983398438,3890100
2020-03-24,156.07502633258355,161.11159214473355,148.97731226545338,158.13619995117188,4221400
2020-03-25,156.99756137779042,173.32065353906276,154.6122662527333,165.60791015625,3201500
2020-03-26,164.68539257496585,188.0729625436257,164.56073042766707,184.6737060546875,3413500
2020-03-27,179.67870767546248,184.54072156613088,175.97193014864905,181.5819549560547,3367100
2020-03-30,185.07264351229423,192.7937073537315,183.95895268820976,191.63845825195312,2581600
2020-03-31,189.87647944797754,191.15639057006135,179.4542934863906,180.97523498535156,4629900
2020-04-01,171.05171202310817,177.35986946563324,167.91009951490184,172.01580810546875,3772000
2020-04-02,172.0407542728757,183.75115812636727,170.86887942477512,183.4685821533203,3993100
2020-04-03,182.14709117978063,185.96190440985163,180.2022859270154,185.17234802246094,2858000
2020-04-06,189.51080586296456,196.32594488856674,188.66306519093666,195.46157836914062,3050300
2020-04-07,200.39006053620602,202.6922517453589,188.6879643471946,189.30299377441406,2226100
2020-04-08,190.85717505261064,207.4877752727094,189.49414748150704,207.15533447265625,3329400
2020-04-09,206.53199223118403,216.44718400032906,206.28265529776363,215.7573699951172,4331000
2020-04-13,214.2384273914517,214.78090368118615,205.94262038301437,208.44638061523438,1830900
2020-04-14,212.886396129422,215.0396315374424,210.74985602264363,212.90309143066406,2011800
2020-04-15,211.09203671166847,211.13376859931725,202.97986459715224,206.55189514160156,1909700
2020-04-16,208.30451605665186,210.91677681203308,206.60196459040063,210.13226318359375,1640700
2020-04-17,214.12162360306195,215.1314666704637,207.04432990721597,212.03515625,2328100
2020-04-20,210.3409148816515,211.15046511450964,207.40316571431876,207.5450439453125,1281800
2020-04-21,204.6490303939189,205.1998479915398,199.54970464709578,201.97000122070312,1925500
2020-04-22,205.50028296812295,212.911417061613,204.94111139806475,211.1337432861328,2041400
2020-04-23,210.4744348654436,212.6610480789011,207.09435597544044,207.478271484375,1419200
2020-04-24,208.88035948312995,209.890214999361,203.4472046187646,204.14825439453125,1775600
2020-04-27,206.1429365320484,210.5578950350372,204.67406837043126,208.83030700683594,1557500
2020-04-28,213.02830780134965,213.4873331467034,202.57093488575086,203.2469482421875,2091900
2020-04-29,209.49797224272675,209.49797224272675,196.68706037169702,197.63848876953125,3505800
2020-04-30,195.38511078042848,199.54134936218284,194.21669438709466,198.63165283203125,3410300
2020-05-01,194.65903935990258,196.8790306783044,194.1165502724361,195.46023559570312,1896800
2020-05-04,198.1225473343238,198.21435238587281,190.37758334198688,197.48826599121094,1642700
2020-05-05,198.36460186387885,203.26363546809048,198.36460186387885,200.51783752441406,1421200
2020-05-06,201.01858631429252,202.17032022588776,197.62181177086464,198.01406860351562,1441400
2020-05-07,199.61646791551496,200.02542003860162,196.15293773383252,196.3365478515625,2548900
2020-05-08,198.33955140576006,200.50948221774297,197.5300011767746,198.93211364746094,1879700
2020-05-11,197.02926700606483,202.74617934369084,195.69392293907134,198.82362365722656,2040700
2020-05-12,199.76669670004844,200.50947844170022,192.57256256844693,193.36541748046875,1852500
2020-05-13,193.00655421023703,197.86385588717104,191.44588084462532,192.9147491455078,2200600
2020-05-14,191.43753994345346,192.78956659509305,187.58173995189782,191.63783264160156,2112500
2020-05-15,190.57789299651446,191.9299194814986,186.80555725070172,191.60443115234375,2246800
2020-05-18,197.0208936521292,198.7484815452564,193.6825467628263,196.9875030517578,1792800
2020-05-19,196.19467079191583,197.67189302618024,191.67121176449405,191.929931640625,1542800
2020-05-20,193.60747529628864,194.17500103910413,191.05364129058427,192.07183837890625,1346600
2020-05-21,191.4458649774567,192.3555615304231,189.55134938130985,190.41932678222656,1263200
2020-05-22,190.73646248824554,202.4707636438836,189.79338805984642,202.32887268066406,2812700
2020-05-26,207.46994255860596,207.54505231896525,200.4176862035702,203.5807647705078,2833600
2020-05-27,204.98283848316018,211.1003604801575,201.82810179769274,210.32418823242188,2311000
2020-05-28,213.33707123253964,216.55023546867415,211.58444661401663,215.4235382080078,2190900
2020-05-29,214.62236063222417,216.1329608158918,212.06017285146885,215.46530151367188,2138600
2020-06-01,215.3484708479147,222.6511066996901,213.25366217667136,220.5896759033203,2035000
2020-06-02,220.75655479026548,221.65789729569414,216.77555959490758,219.9887237548828,1809800
2020-06-03,221.107069690252,224.71249069544328,219.99708047857027,223.16017150878906,1802200
2020-06-04,220.40606733371624,222.7596086749342,214.0799093799788,216.75892639160156,1997600
2020-06-05,220.10559144138463,221.9249845982203,217.47662257993804,221.07371520996094,2336800
2020-06-08,221.16550034053262,224.60399385560177,220.58127939708905,222.73452758789062,2095800
2020-06-09,222.58428772185525,222.90140928003729,220.6230038420218,221.79977416992188,2691000
2020-06-10,222.4257423157458,224.5288919403562,219.6882985554854,221.4492645263672,1603500
2020-06-11,219.34614067749226,219.98876343758008,209.53974435629775,209.90695190429688,2548900
2020-06-12,214.25514132361567,216.15799835989296,211.95168615727607,215.39016723632812,1436500
2020-06-15,210.40770578716894,219.5631124476575,210.3159007179403,219.07070922851562,1532400
2020-06-16,224.15333836672707,224.3369485034864,217.82718087214715,220.98191833496094,1837500
2020-06-17,222.95981125783052,224.00304453666143,220.14725841323238,220.3058319091797,1380100
2020-06-18,218.3280194612991,219.60189063137997,215.00084403124612,215.8892059326172,1776100
2020-06-19,219.16610067974332,222.82011373025395,214.90028060329783,222.59384155273438,6193100
2020-06-22,221.38707185121393,223.63311865182206,218.83930314727422,221.75582885742188,2034300
2020-06-23,223.03797844149497,223.6162550237192,219.58509689763838,221.67190551757812,1941400
2020-06-24,219.78626974583892,220.56567726195297,209.74608453124637,213.02296447753906,3475300
2020-06-25,213.10679550769711,214.4980101634366,210.00590476987497,213.17384338378906,2648700
2020-06-26,212.9307784727182,216.2998474909302,204.50808035104188,206.5697479248047,3268800
2020-06-29,209.5533274248121,213.257648917031,207.42461178316384,212.7045135498047,1638200
2020-06-30,213.08163504995787,217.1630766320842,212.13460146866336,216.677001953125,1980300
2020-07-01,217.33068499020038,223.52407642882687,216.35012115973848,222.41783142089844,1207200
2020-07-02,224.647146001503,225.1332463178594,220.02095747565681,221.42892456054688,1175700
2020-07-06,224.60523045378218,225.40141594144694,221.73062487393653,222.9039306640625,1504600
2020-07-07,221.2696659582866,226.05511670852772,220.0712188146632,222.9039306640625,1289800
2020-07-08,223.62465626055229,225.753384538261,219.18284683870615,221.83956909179688,1389000
2020-07-09,220.3980781318673,223.74200596928338,218.24420844071392,222.59384155273438,1143400
2020-07-10,223.34814538326833,224.27003777775423,220.4986807262544,221.54627990722656,911400
2020-07-13,220.19691054536355,221.83117513953894,213.2995226319779,214.48959350585938,1791700
2020-07-14,214.74106509922527,217.74976667299245,212.66261925827223,217.0122528076172,1877500
2020-07-15,219.83653586518307,219.86167721618833,214.8667327326949,215.61260986328125,1301000
2020-07-16,215.5539893500745,216.01492269860339,212.15975310456253,215.7886505126953,1475200
2020-07-17,216.6435080035183,218.74709531782423,213.50071049863166,217.15472412109375,1291900
2020-07-20,218.05143950446268,219.70245654686516,215.4785302294235,218.3447723388672,1422200
2020-07-21,220.41483757609822,220.41483757609822,216.20768904726825,217.23851013183594,1161900
2020-07-22,216.29146438750996,218.5710407892894,215.40310249924232,217.09603881835938,1355700
2020-07-23,217.1798912854166,218.22749045482726,212.87215122424718,216.14065551757812,1324900
2020-07-24,217.69111759310553,218.26100542966356,214.42261314678416,214.8248748779297,1391300
2020-07-27,213.3498039925833,218.68836380161378,213.31627366704797,218.16036987304688,1417500
2020-07-28,218.37834554100135,225.19193484769298,218.37834554100135,223.5995635986328,1553800
2020-07-29,224.7225889695552,228.12518877836587,224.58010423936622,227.36253356933594,1452700
2020-07-30,224.60525187437395,224.60525187437395,215.83056060086264,219.9874267578125,1959900
2020-07-31,219.53491997542142,221.6468709610093,215.46184058931394,219.0655975341797,1781200
2020-08-03,217.06249502682866,219.37560161379767,214.64882303627758,215.03433227539062,1504600
2020-08-04,214.7829502448991,219.9119911884567,214.49800636760693,218.0430908203125,1782900
2020-08-05,218.11851477271122,218.21069121407527,213.05650891856848,213.9532470703125,1069200
2020-08-06,213.45877688972567,214.16276037235767,211.1959655309376,214.1376190185547,1127600
2020-08-07,213.24090118277186,216.8194906206713,213.02299237831426,215.89759826660156,1023300
2020-08-10,215.56234578715163,215.98138539087714,211.145677571298,212.37765502929688,1282400
2020-08-11,212.8302278618784,213.03974767918447,205.4970342561664,206.33511352539062,2111800
2020-08-12,207.01396188961982,211.99215494405306,207.00558570038356,210.6093292236328,1381000
2020-08-13,210.27407899378758,212.03405053639457,209.67066090992657,210.13160705566406,960900
2020-08-14,210.21541847738885,212.23519252620295,208.4386945708533,209.62037658691406,737000
2020-08-17,209.59525477891228,211.15408283091023,209.03374316718126,210.28248596191406,1435000
2020-08-18,211.33841670149351,213.52580378396507,210.64280947578018,211.65689086914062,1896100
2020-08-19,212.22678926797425,212.52012209910234,205.21207055423798,205.52215576171875,1496500
2020-08-20,205.32937835711235,208.6481772013913,203.98007050209986,207.57542419433594,1017400
2020-08-21,209.25997709374244,209.50301441129676,205.69814084097894,208.96664428710938,1139600
2020-08-24,208.0531664567008,208.16212084753252,202.96601945078308,205.6981658935547,1201400
2020-08-25,206.41890391862609,207.15640489873167,204.089044828868,206.51109313964844,1060800
2020-08-26,205.8741522810602,207.08937736283056,204.28180690146803,206.9804229736328,1479400
2020-08-27,207.34081587739786,208.7655609327873,206.20102750593153,207.8185272216797,1398200
2020-08-28,208.48892928828718,209.29347801666177,205.67298316283328,209.1761474609375,1062900
2020-08-31,208.68171206373427,209.6203566362552,207.4162171284196,208.8074188232422,1307500
2020-09-01,208.21238994108506,209.3102716018942,206.6954686974894,207.8687744140625,1085000
2020-09-02,207.60063457440722,215.62943601741168,207.03073398538703,214.96734619140625,2034000
2020-09-03,214.17951016613995,215.1852153983777,208.88285647323454,211.46414184570312,2094600
2020-09-04,210.6093225294462,214.73267099193816,206.8631071798022,209.5030517578125,1885100
2020-09-08,208.4470784799021,209.20973368994444,203.73707704254468,206.84634399414062,1451200
2020-09-09,210.03941319761662,213.9532416795802,209.0672510066649,211.54795837402344,2202100
2020-09-10,211.1288730723201,211.1288730723201,207.45808273538424,208.16207885742188,1256800
2020-09-11,209.33541958815235,211.66527871923861,208.03639428273013,209.3437957763672,1219400
2020-09-14,210.45004917438058,214.2884530938638,210.29918828238098,212.7882843017578,1333900
2020-09-15,214.22143160369936,222.27537348213212,214.18791406139096,221.04339599609375,2426700
2020-09-16,222.09102169612078,225.15839510264686,220.24723694591887,220.6579132080078,2326100
2020-09-17,217.58213108670452,218.2358318795415,208.6314508228906,210.13160705566406,2341500
2020-09-18,208.40515313299215,210.57577519189155,204.33208770939962,205.74844360351562,3270500
2020-09-21,203.9717240566472,204.84332081613442,199.70589112044115,201.9519500732422,2848900
2020-09-22,202.80678383563318,205.2036907837994,201.30661495347593,202.76487731933594,1702200
2020-09-23,203.00792261460302,203.00792261460302,197.00728521485817,197.5436553955078,2550300
2020-09-24,198.03815451262423,201.24799998281622,197.03246184236804,197.9375762939453,2246600
2020-09-25,197.9038336141054,202.67878839801705,197.8785703229284,201.9545440673828,2861500
2020-09-28,204.69996672852818,205.83685352110865,200.77557225020718,202.1145782470703,2593500
2020-09-29,203.13356871417398,203.79885684901805,201.373477911676,202.2156219482422,3098400
2020-09-30,203.73991367486136,205.1294591344384,201.85351913594323,203.5714874267578,3345600
2020-10-01,203.95887911686611,206.32530195263354,202.0724717301207,203.92518615722656,2500800
2020-10-02,202.17352460581307,205.40735461547476,201.2640075062023,204.89364624023438,2138100
2020-10-05,204.85157223593964,205.1800079528586,200.33767890719918,204.9189453125,2130300
2020-10-06,205.40734368931385,205.82841568432283,202.24930372674635,202.96511840820312,1913500
2020-10-07,203.11677938871537,205.07054742125203,203.11677938871537,203.605224609375,2048000
2020-10-08,205.28106665173007,207.62222651210482,204.52314200776155,205.11264038085938,2501100
2020-10-09,205.71053209482105,207.4958733809686,204.76732201431983,206.05580139160156,1538700
2020-10-12,206.5358151883102,208.666438471929,205.7610442533668,207.48744201660156,1430400
2020-10-13,206.45161633838796,207.6306257619688,203.3104225139619,204.14414978027344,1622100
2020-10-14,204.539974876576,204.87682739589792,200.49768039421323,200.85137939453125,2049300
2020-10-15,200.89348656414927,203.9251977489914,200.00923264978292,201.77774047851562,1790900
2020-10-16,201.86193367927282,205.5505288666983,201.40718152950066,204.40521240234375,1480000
2020-10-19,205.19684362063913,206.91481200703967,201.40719500201166,201.77774047851562,1323600
2020-10-20,203.52940386070614,206.94009043691818,202.64516273177398,205.31475830078125,1407300
2020-10-21,204.94417954742843,207.13375924979078,203.21778164942333,203.5799102783203,1100500
2020-10-22,203.23464162985368,203.4704409549912,198.0217674810862,198.5523223876953,1836600
2020-10-23,199.2849865809837,201.58403645983765,198.45968893090017,200.1945037841797,1057200
2020-10-26,198.37549653419313,200.33769416940953,196.55646187878634,199.68923950195312,1657600
2020-10-27,201.21349789236888,202.9398959896306,198.77128496948168,198.88076782226562,1433200
2020-10-28,196.9101723829567,199.85767722322774,193.06156703775412,193.8026580810547,2449000
2020-10-29,196.615395900317,199.0576087974111,194.2573897082365,195.0826873779297,1693300
2020-10-30,193.69313202317926,195.798492153866,190.74562784021785,193.39837646484375,1621300
2020-11-02,195.86589364200603,196.72488429800126,193.0783984805013,196.6322479248047,1551200
2020-11-03,198.35857759704047,199.78180290895443,196.640609616744,197.25537109375,1268800
2020-11-04,197.65123481623255,204.84315324909568,197.65123481623255,199.64712524414062,2434000
2020-11-05,202.35036780132336,204.46414470417773,200.27870067025933,202.0471954345703,1877400
2020-11-06,202.03879162058016,205.13787570227012,200.98611150857693,203.92518615722656,1181400
2020-11-09,209.82861402573866,213.1298171509749,199.54602954845592,200.41343688964844,2423600
2020-11-10,201.21348226763178,201.21348226763178,193.87841440289637,195.69744873046875,2717400
2020-11-11,197.75226063128275,203.3609299160779,196.48904462883468,200.80923461914062,1573700
2020-11-12,201.77773964223286,202.36723796600063,199.13340757553198,200.438720703125,1882600
2020-11-13,201.91247065728655,205.24736704423808,200.169239001682,204.71681213378906,1476400
2020-11-16,206.1232073590028,206.8221885788527,201.14614496119796,201.34825134277344,1433300
2020-11-17,201.2724467141736,202.84725212245766,200.69136520948496,201.4240264892578,1354200
2020-11-18,200.6913665167968,204.0599430527846,199.76501567946,200.1776580810547,1617400
2020-11-19,199.66391903349694,201.17136399829081,196.53114230732734,200.79238891601562,1636400
2020-11-20,200.5903141076259,200.7924204765021,195.79851191065666,195.93325805664062,1965500
2020-11-23,196.69117241411269,196.73328218880584,192.53097853637036,192.77520751953125,2848400
2020-11-24,194.56897310301318,195.25112063875721,191.49515218495372,192.05938720703125,2635100
2020-11-25,193.09521373066963,196.53116317747296,192.55624202431414,196.21957397460938,2478800
2020-11-27,197.0280422104761,197.13751220703125,194.18159099825306,197.13751220703125,937400
2020-11-30,197.0617107808692,197.1796104357085,192.64045444924713,194.70370483398438,3547200
2020-12-01,195.37744581085326,199.07445817232187,195.1416464732275,198.6028594970703,2471000
2020-12-02,197.72699738838196,198.60283440327152,192.5057068076583,192.7667694091797,2755100
2020-12-03,193.28892005673148,194.33317053085887,190.14771326897258,190.5098419189453,3702600
2020-12-04,190.9561896020163,192.76679441851132,189.0108386349644,192.57310485839844,3298400
2020-12-07,191.7225285016742,192.67414259467918,188.0928894940422,188.86766052246094,2554500
2020-12-08,188.0255179603348,189.28873411809653,187.1075711196192,188.3118438720703,2607300
2020-12-09,187.5623415804785,187.8318210199101,182.08840473784622,184.80010986328125,3413500
2020-12-10,185.44854384872286,186.89701976876432,183.9916254141591,184.7748260498047,3028100
2020-12-11,183.58737853429554,185.4148293382446,181.4062288183012,185.12008666992188,2893400
2020-12-14,186.08857267947045,187.31809580251354,182.2399681838349,182.50946044921875,2501500
2020-12-15,182.81266283496285,183.89060637326665,181.52418324855125,182.95582580566406,2181200
2020-12-16,183.82322061782358,185.1032833000629,181.63364072847475,184.95169067382812,2347600
2020-12-17,186.19805685082775,188.30341700133417,185.38117608442337,187.5539093017578,2484400
2020-12-18,187.10757843636327,187.9918323513946,185.13696423721896,186.55177307128906,4538000
2020-12-21,183.8905978840047,185.6927858586058,182.86318098866113,185.08644104003906,1963400
2020-12-22,184.67375831659967,185.98751379486376,183.81478065978226,185.68434143066406,1845600
2020-12-23,186.34122921853202,188.3034265200042,183.06528917275037,183.08212280273438,1553400
2020-12-24,183.2938421475933,185.79206922608063,183.08212776938217,185.16539001464844,705700
2020-12-28,185.35171620070037,187.53661032897452,184.13223920612677,187.21481323242188,1842500
2020-12-29,188.18022179050803,189.2049121892371,186.66433954032635,186.71514892578125,1283000
2020-12-30,186.7405523665963,187.60435067960083,185.75820743633886,186.59658813476562,1361300
2020-12-31,186.10542177873324,190.2634957017082,185.9699343832842,190.08566284179688,1669300
2021-01-04,191.44907865304896,191.56763818457384,185.69044514608447,185.96990966796875,2786400
2021-01-05,186.41027161479016,188.5104875507526,185.53800941021663,186.90992736816406,2481600
2021-01-06,185.88519903847404,186.03762716769072,181.70172142083692,181.98118591308594,3230900
2021-01-07,182.30300928250855,185.893676647743,181.80335355968825,184.19149780273438,2933800
2021-01-08,184.81817415345273,189.5436402652136,184.70807855013683,188.17172241210938,2310400
2021-01-11,187.375696057132,187.97697060074134,181.38841992377135,182.00662231445312,2284700
2021-01-12,181.75254252989566,182.734900277212,178.3989942504629,181.99813842773438,2468900
2021-01-13,181.47306854853684,183.912022022304,181.14279467579908,183.31076049804688,2314800
2021-01-14,183.76808167167448,183.9713321282156,181.5747237981684,182.06590270996094,3735000
2021-01-15,182.0659330290914,186.6982454644211,181.41384901253258,186.2155303955078,2404700
2021-01-19,187.0369318118065,187.59586081481453,182.88733558903053,183.66644287109375,2536400
2021-01-20,184.40325560903307,189.35737809271157,182.98900486637112,188.66294860839844,2399000
2021-01-21,187.11315060182295,188.98471124809777,184.9197929121941,188.17172241210938,1736700
2021-01-22,188.08705251337176,190.54293405009847,187.88380206512454,189.62832641601562,2113900
2021-01-25,189.69611340504537,193.70174646726247,188.11249373622002,192.6685791015625,2401800
2021-01-26,192.94800894099998,197.30933280208484,189.9586030115011,196.71652221679688,2838700
2021-01-27,198.28320816681315,198.28320816681315,192.76169382592758,193.98117065429688,2763100
2021-01-28,192.83793205827152,197.28393404964677,191.90638361508002,193.34603881835938,2685600
2021-01-29,192.12656956951497,193.74407060254816,190.61070023016265,192.54153442382812,2701200
2021-02-01,194.07433629682745,199.58737409978966,191.3474540488194,199.49423217773438,2172100
2021-02-02,199.92615454069986,201.53517889866626,198.65586807219304,199.9854278564453,2045200
2021-02-03,198.79979379517505,199.46034159702683,195.4293046367493,196.73345947265625,2503000
2021-02-04,196.58106176957054,199.21478946192795,195.86122762997246,196.6403350830078,1934100
2021-02-05,197.01295136092466,198.9861311177024,196.15762983766075,197.30935668945312,1609300
2021-02-08,197.33475541785293,197.6311478153994,193.76101542350983,197.1399688720703,1775200
2021-02-09,195.8357840037623,198.7913211364379,195.67487902181455,196.18299865722656,1263200
2021-02-10,196.82660566299853,198.30860619059456,195.1752362309382,196.18299865722656,1539000
2021-02-11,195.44621540318735,196.13218075779986,192.31284557964946,192.93106079101562,1412200
2021-02-12,192.93110743861357,193.5408330312155,189.3150218158917,192.3975830078125,1632200
2021-02-16,192.73633048930012,192.73633048930012,189.02710274950888,190.52603149414062,1444400
2021-02-17,189.28110971637622,192.0079918215258,188.89156251393746,191.65231323242188,1234800
2021-02-18,191.02565977122873,193.52388690721097,190.74619523491594,193.30369567871094,1131600
2021-02-19,193.6000904208563,194.62479366476123,191.58456546882272,191.703125,2034300
2021-02-22,191.9741082375596,192.44834631938252,188.16324989460153,190.60220336914062,1774400
2021-02-23,191.66925201774916,193.1512525846976,187.70595235354557,188.99317932128906,1731600
2021-02-24,188.99320247127505,191.7708942689508,188.34111852377782,190.3566436767578,1696400
2021-02-25,189.35737194243748,192.99038550298602,187.50275165830283,190.3312530517578,2912200
2021-02-26,190.25500429583755,190.93249286330763,182.93815619560388,183.03131103515625,3211200
2021-03-01,185.0892186150196,185.82598068602002,180.821061451881,181.03277587890625,2733600
2021-03-02,181.67633166118864,181.96426009915854,176.78996045037943,176.83230590820312,2978700
2021-03-03,176.8323153680738,177.0186250548493,171.8358612060547,171.8358612060547,3269600
2021-03-04,172.47098074983975,174.808302516012,169.8033721933637,170.37924194335938,3212000
2021-03-05,171.7681759929343,172.81828435885257,167.6947918795806,169.37156677246094,3455700
2021-03-08,169.61710926415972,173.3686952897564,167.25438215884594,168.2367401123047,3155400
2021-03-09,169.35458154112192,173.31788188266273,169.18521260321472,171.6580352783203,2988300
2021-03-10,171.65801282949607,174.18164456374006,170.51476295661647,173.11460876464844,3080500
2021-03-11,174.79986757412905,182.59095434174358,174.1647244204319,181.142822265625,3737300
2021-03-12,181.14284165329664,184.19153428615206,179.77093642952266,182.24375915527344,2251900
2021-03-15,182.66719759862553,185.28398470858517,181.70178036766845,185.02993774414062,1849100
2021-03-16,186.07997231794897,189.5351520500837,185.03834133728185,188.7136993408203,1929700
2021-03-17,187.38415530312426,189.25570306848252,186.70666674525825,188.99317932128906,2265500
2021-03-18,186.98614599069174,189.50977782248407,185.53801392264427,188.43426513671875,2485200
2021-03-19,188.72218256622594,190.58526631915365,187.4603603494701,187.8837890625,4789700
2021-03-22,187.88382396952392,192.8210052313758,187.43499048408475,191.245849609375,1917700
2021-03-23,191.8894587570541,195.94591386090644,191.03413724067374,194.6502227783203,1771200
2021-03-24,192.4145095895192,194.1505572291169,189.61987709057505,192.23666381835938,2440800
2021-03-25,192.3637026558032,193.48156091352877,191.42369018345096,192.42298889160156,1859600
2021-03-26,195.51399331232338,202.45823537804827,193.98118325449582,202.24652099609375,2705200
2021-03-29,201.17101346607922,205.63395637006454,200.26486968555352,204.79556274414062,2211800
2021-03-30,203.4236395990511,203.81318680092068,199.54503081589056,200.83224487304688,1657000
2021-03-31,200.19712383504404,203.99951896593646,199.6043261220595,202.44976806640625,2143200
2021-04-01,203.2965850830078,203.66920440599287,200.7136674323327,203.2965850830078,1726900
2021-04-05,203.90636130957935,207.42929184399125,203.52527799376546,207.2683868408203,1716700
2021-04-06,206.70945005862438,206.74333159593655,204.2450915609884,206.27755737304688,1771800
2021-04-07,206.31142779854085,208.2168572454277,204.0503197388776,207.23451232910156,2143200
2021-04-08,207.7087364710135,208.44549833907394,203.88940098941387,204.18580627441406,1791700
2021-04-09,204.0079883001073,204.47376255909813,202.7377019148712,203.5760955810547,1888200
2021-04-12,204.89553660420435,205.59356669496213,203.27816945048315,205.5765380859375,1463200
2021-04-13,205.57654247297626,207.20243046041796,204.99769964401537,206.86192321777344,2242200
2021-04-14,206.97256488400026,208.04513334445198,205.03171929517055,205.729736328125,1637200
2021-04-15,206.02769806010588,210.4797246107139,206.02769806010588,210.3946075439453,2096400
2021-04-16,211.44160662583894,212.82914578633947,209.15174616673838,211.63739013671875,1753000
2021-04-19,211.65445073405849,212.14817647922408,209.72211278106985,211.56932067871094,1209600
2021-04-20,210.88829702809494,216.08942561042724,210.88829702809494,215.08494567871094,1837300
2021-04-21,216.27673423364752,217.09392560142498,213.72298847855348,214.66786193847656,1096400
2021-04-22,213.43356807177094,216.23418337386806,212.88876946121755,214.12307739257812,1222800
2021-04-23,214.23373514551122,217.30674313319366,213.86770447960726,216.25119018554688,1511400
2021-04-26,216.3022625120198,217.03433678715768,214.71893968388545,215.3573760986328,1494400
2021-04-27,215.9446916217336,216.6852865751089,214.19964276269042,214.9317169189453,1324400
2021-04-28,215.00838247305342,216.77898119818602,214.0124231256082,214.4720916748047,1389200
2021-04-29,215.365878652381,215.365878652381,208.87084819503372,213.16114807128906,1901900
2021-04-30,212.79513136984457,217.0684031791609,212.4716657192116,216.87261962890625,1816400
2021-05-03,216.17458648575942,216.42145586173584,214.64233635753376,214.87217712402344,1717300
2021-05-04,215.32330882544196,215.32330882544196,210.78615269120726,211.85873413085938,1826700
2021-05-05,208.30048471364776,212.51416177334963,207.73014983383945,211.620361328125,2663500
2021-05-06,207.9344612811556,210.11365522194546,206.3000658255632,207.72164916992188,5244100
2021-05-07,209.1091691102663,211.9863929254291,208.56437064120198,210.67547607421875,5548400
2021-05-10,211.96086871131908,213.33137926551936,210.57332955081856,211.63739013671875,2134200
2021-05-11,210.65848958799694,211.10965030153568,207.7046559418335,210.5308074951172,1779200
2021-05-12,209.48374136325873,210.28391703576352,205.51692021476796,205.9680938720703,1621400
2021-05-13,206.8533719172243,208.82827454227495,205.04020857479665,207.70462036132812,1474200
2021-05-14,208.70059513814448,210.95641147765429,208.23240586096156,210.0540771484375,1714500
2021-05-17,208.55586597708285,210.68398705848165,208.428183907807,209.3134765625,1443400
2021-05-18,209.2879921309745,211.22883800015012,205.52547468322095,209.70510864257812,2023000
2021-05-19,208.4877680055645,210.5988605164394,206.79377892059645,209.441162109375,2177300
2021-05-20,209.934923142521,214.28480395767,208.7346725020884,213.5101776123047,1419100
2021-05-21,213.4931435049549,214.0719862966072,211.88428423059827,212.7695770263672,1586400
2021-05-24,213.40802074371211,216.17457868491644,213.0164536628098,215.17861938476562,1170100
2021-05-25,215.6638468061599,216.8385610895607,212.3354615269737,215.6808624267578,1325000
2021-05-26,216.37034207833278,218.40483850588706,215.1530629322791,216.60870361328125,1519900
2021-05-27,216.26819547452567,218.03880693205326,215.28074408052817,216.31076049804688,3149500
2021-05-28,218.35378983693863,219.22205406932005,217.45997619628906,217.45997619628906,1494600
2021-06-01,218.46436637657314,220.2008941264499,217.0257417468788,220.10726928710938,1722300
2021-06-02,220.47334078872382,223.87833446885855,219.84342527087176,223.81874084472656,1912700
2021-06-03,223.73366465550188,224.39763754381204,221.97159974524757,224.17633056640625,1544000
2021-06-04,225.231835071482,226.14267719140082,223.92090512175116,225.81919860839844,1789900
2021-06-07,226.508674538152,229.08795604740212,225.6829625842052,228.6708526611328,1810700
2021-06-08,229.16461211737237,229.16461211737237,225.02755668355584,226.44912719726562,1424300
2021-06-09,227.24926159353447,228.59424858958243,226.857694610272,227.29183959960938,1239000
2021-06-10,226.73008890709778,230.59476515054067,226.15974086670718,230.53517150878906,1312100
2021-06-11,229.56472064062723,229.6583714970171,227.13865688822932,228.4325714111328,1335800
2021-06-14,228.50062604253623,230.68834089758667,227.58978392308128,230.63726806640625,1152700
2021-06-15,230.5691713040829,230.94372274679648,228.66238285248224,230.23719787597656,1166100
2021-06-16,231.19058575865517,231.37786147487375,226.22781824592872,226.88327026367188,1595700
2021-06-17,226.25030219697803,230.5953628709506,225.6173707698506,230.5183868408203,1360700
2021-06-18,229.87692513413774,230.5782710938891,227.44780769915985,227.46490478515625,2770500
2021-06-21,227.50765361984142,229.35515684559726,225.81412857304736,229.0044708251953,1471000
2021-06-22,229.03870462866345,229.55190434987108,227.92679365139873,228.0379638671875,1156900
2021-06-23,227.51620445044742,228.03793960818376,225.39499134291063,225.9937286376953,1330600
2021-06-24,227.12273548548833,227.64447058074617,224.37712673374773,225.93382263183594,910600
2021-06-25,226.15627417953235,228.7650025407797,225.64307444057889,227.97811889648438,1882700
2021-06-28,229.5433617717943,232.64819293477498,229.5433617717943,232.4685821533203,1808500
2021-06-29,232.14351636725763,234.17063030135594,231.15989887590266,233.32386779785156,1624100
2021-06-30,233.47779112996253,235.05158414288258,230.9631365054009,231.05723571777344,1857900
2021-07-01,229.76570657969296,232.42575187904802,228.9274796034184,231.21974182128906,1537000
2021-07-02,232.04939273441812,233.9311159914036,232.04939273441812,233.3922576904297,1207700
2021-07-06,233.39229091185774,235.96682489301085,232.28037998508793,235.83853149414062,1742700
2021-07-07,235.4279488375027,239.19993109558183,234.3673553499189,237.92550659179688,1732300
2021-07-08,237.73732859911212,239.6703431899512,236.17207098039285,237.711669921875,1179400
2021-07-09,237.4978415680847,238.43014165468918,235.48782482062617,238.1649932861328,1151700
2021-07-12,238.78084704971283,240.04671004698145,237.55771371523142,239.48219299316406,1323500
2021-07-13,237.8998813549631,240.87639281333645,237.4722192624453,238.2334442138672,1228200
2021-07-14,237.78008351905416,241.56062726726287,236.9333210708069,240.6625213623047,1198100
2021-07-15,241.28692804002256,242.24488683264602,238.66107685145755,240.58555603027344,1082200
2021-07-16,241.40666103151204,243.0061128916492,240.46582542137457,241.59483337402344,2100700
2021-07-19,241.97118259217203,243.4679997666936,238.25907913164897,240.2519989013672,2166900
2021-07-20,242.15080530418894,243.28840103036603,239.22561135600478,242.05673217773438,1502600
2021-07-21,241.78295824809317,242.17642604309032,239.43081747969836,239.7130889892578,1167000
2021-07-22,239.23418795486816,241.30405789090293,236.83072905338,240.8592987060547,1152200
2021-07-23,241.41527274964162,244.4003460687744,240.1151892693509,243.98980712890625,1144200
2021-07-26,242.37316814376834,243.70747155304974,241.62047881495977,243.4337615966797,1174400
2021-07-27,243.77594474179486,245.90569352599292,242.93771767655622,245.37539672851562,1229200
2021-07-28,245.4267486990328,245.73465290779262,242.69826218312366,243.7503204345703,1636000
2021-07-29,244.62270460364675,247.62490069473907,241.4238006654508,242.05673217773438,1768200
2021-07-30,243.50219502879094,245.17008729291348,241.82576727419348,241.8856201171875,1762200
2021-08-02,242.4844319137993,244.73393893298558,242.20218638817317,242.58706665039062,1219300
2021-08-03,242.655424635917,244.46870730511827,241.89417376120366,243.2113800048828,1000000
2021-08-04,243.58777451719865,244.41743999541282,240.95336149048026,243.65618896484375,1315100
2021-08-05,244.99044966700677,245.23850093832775,240.4572428596498,241.85142517089844,1307700
2021-08-06,240.6881969748086,242.43306545078684,240.35463414843602,241.3040313720703,1459900
2021-08-09,241.2013839807885,241.5606315696539,238.59265604891414,239.54205322265625,1093300
2021-08-10,240.8164472861448,241.18425642187665,235.21408586380932,235.47067260742188,1293200
2021-08-11,236.42013513110805,237.5235105172013,235.5305907677698,237.11294555664062,871500
2021-08-12,237.78011945063346,239.90133279080607,236.19776451438042,239.5335235595703,874400
2021-08-13,239.85853695691318,242.01397044710802,238.8150404853292,241.98831176757812,808000
2021-08-16,241.98826302403444,243.39098072648855,241.0046196012078,242.22775268554688,1066600
2021-08-17,240.46586579279122,245.24712509111743,240.46586579279122,245.0760498046875,922500
2021-08-18,244.58846904811517,245.7260647032186,242.33896251888717,242.38174438476562,1146200
2021-08-19,240.85075778697262,247.8131098661307,240.85075778697262,247.3084716796875,1203200
2021-08-20,247.53075925102064,249.60065480664744,246.1194798779381,248.74533081054688,1712800
2021-08-23,247.51372015972407,248.32626248494583,245.74319280838637,246.76959228515625,1071400
2021-08-24,247.607753000628,247.88146296355072,242.39029713291447,243.42523193359375,978000
2021-08-25,243.46793186940042,243.5021521325239,240.96183922067064,241.9711151123047,973400
2021-08-26,241.38958946090938,243.6561933018116,240.96192737385527,242.210693359375,960900
2021-08-27,243.61342370101036,244.46018623252073,241.38101416009096,244.19503784179688,882400
2021-08-30,244.19499998430595,249.5578720231683,243.95551031037948,249.48089599609375,1632600
2021-08-31,247.8985886948834,250.37904962968574,247.0176058581351,249.9000701904297,2327100
2021-09-01,250.48166243072282,255.26292091292876,249.7460701475422,254.85235595703125,1658400
2021-09-02,254.97215859359542,257.4354965563454,252.91082406368898,257.3585205078125,1795800
2021-09-03,256.6399524379541,258.56443141305016,254.17664127586116,258.31640625,1645300
2021-09-07,257.0249133820732,258.2565822764906,252.40616807921924,255.9300994873047,1535200
2021-09-08,255.45108150583854,259.7790190699927,255.2030302249913,259.6934814453125,1512700
2021-09-09,258.73556977248455,259.7705047428961,253.76613827265152,253.87733459472656,1243100
2021-09-10,253.59497747827794,254.1594943906226,248.09525100686741,251.3625946044922,1488700
2021-09-13,253.6121667622268,255.24583898683142,250.7639227849726,251.98703002929688,1270100
2021-09-14,252.56863874971106,254.7069488130474,252.1580738206801,253.51803588867188,1109700
2021-09-15,253.7062116789553,254.74114645504986,251.679097887649,254.25363159179688,1044200
2021-09-16,253.85166281993838,254.88659773697083,250.4731219727246,254.15103149414062,906500
2021-09-17,251.32845614713082,254.5017015743858,251.09752801335554,251.25148010253906,2994000
2021-09-20,249.36122782524404,251.59361148716343,245.9997838376111,249.06185913085938,2374700
2021-09-21,249.96844466214748,251.6534340244116,248.61704419659978,249.64341735839844,1161500
2021-09-22,249.8401638131342,252.25218393335075,248.20649172188482,251.0803680419922,1172900
2021-09-23,251.03765720791287,251.03765720791287,244.1351845253828,246.3333740234375,1634100
2021-09-24,246.23923491706697,246.70109107587652,240.65394422884316,241.35531616210938,2318700
2021-09-27,241.38974915013824,242.19750590701227,235.1683280410937,235.53782653808594,1776700
2021-09-28,232.70202668784316,233.72461159316606,229.23899520421963,230.94044494628906,2317600
2021-09-29,231.92870101718688,233.20909592383398,230.45928232176126,232.0232391357422,1448500
2021-09-30,233.19184287359715,234.05115616198373,227.95002656960702,228.07034301757812,2090800
2021-10-01,229.44529360193008,231.17249581096604,227.79540023264082,229.10154724121094,1784600
2021-10-04,228.500021989832,229.76321369616045,225.26899531804483,227.9156951904297,1387600
2021-10-05,228.06176622365876,229.36793934710857,225.40649102150923,227.3313446044922,1649200
2021-10-06,226.32595309657367,230.68267805134377,224.37529501914452,230.2615966796875,1421100
2021-10-07,231.32716103235498,233.54417790531414,228.24220307229805,228.67185974121094,1185000
2021-10-08,228.64610068729849,228.6976836181505,224.63312174649585,225.20884704589844,1064300
2021-10-11,225.07137329569773,226.40329855253304,223.86831357759226,224.79638671875,1074800
2021-10-12,225.80176783426538,228.48284761305874,224.77060751088018,227.3313446044922,1352700
2021-10-13,226.2571820559509,227.19385663292653,222.83713189550366,227.0133819580078,1646600
2021-10-14,228.10471125288223,230.63109428976338,227.77816802409146,230.18423461914062,1370000
2021-10-15,231.83416106318975,233.2004661723986,229.50540295282795,231.43885803222656,3091300
2021-10-18,230.67407469834035,232.2294297431832,229.37650316539776,230.2959747314453,1354300
2021-10-19,231.77396674515015,238.42504279094146,231.1896400392693,234.50657653808594,1816900
2021-10-20,235.5378096563938,237.9266998743522,235.5378096563938,237.2048797607422,1109700
2021-10-21,236.98997766293243,240.0749086813385,234.8330932949031,239.78274536132812,1269100
2021-10-22,240.41869663315674,245.17069858005175,239.74843324509396,244.43170166015625,1496300
2021-10-25,244.4746166991792,245.48860002824586,241.14047713321602,244.54335021972656,1194700
2021-10-26,245.76356311386928,248.82271585749402,245.2479699743935,246.57131958007812,1742300
2021-10-27,247.67129516550662,250.20628004155623,245.17069016627514,245.26522827148438,1280300
2021-10-28,245.33395860168653,249.19226710705303,243.05678349522483,245.772216796875,1391600
2021-10-29,244.2426855639882,244.8441892795331,240.2984397455929,242.30062866210938,2532000
2021-11-01,243.06532217054018,243.3231318682233,237.52276769648668,242.41226196289062,1520500
2021-11-02,243.02244203351958,245.15354889455813,240.18671805257398,242.88494873046875,1532500
2021-11-03,243.80439030969399,245.2652335279057,237.5657668536982,241.1233367919922,1133500
2021-11-04,242.15446614729595,243.5723540054418,238.57974606341455,239.7054443359375,1381000
2021-11-05,241.41547414391556,241.8451307824255,237.7719942410822,238.7429962158203,1214000
2021-11-08,239.10396282660025,239.93749790590576,234.9620657841063,239.54222106933594,1014100
2021-11-09,240.5132231136324,241.9912168819675,239.5765484965743,240.53900146484375,823300
2021-11-10,239.43051005170594,241.87955862169832,236.7924114743136,237.06739807128906,925300
2021-11-11,237.282210057351,237.77202498237844,232.33255655004936,234.14572143554688,1221800
2021-11-12,235.87288257785892,236.50019068301677,233.3894809537486,233.8191375732422,991200
2021-11-15,229.7202184356288,230.7600064348526,222.68246646680925,223.8511199951172,3467600
2021-11-16,225.2518175206338,225.4236644598665,222.24422073035154,222.59654235839844,2783200
2021-11-17,222.64809370421554,223.76519056691345,218.86710710589284,221.29896545410156,3451600
2021-11-18,221.3591174632833,223.22381269046264,217.74999101353526,222.52777099609375,2436700
2021-11-19,224.19486633940681,227.1079514247849,223.0863446833266,224.2636260986328,2036700
2021-11-22,223.42147140139446,224.3323414560979,220.52558960255774,221.38490295410156,1835200
2021-11-23,221.9263126244982,225.32058521075786,220.62874084938574,225.14013671875,2070900
2021-11-24,225.89630366723424,228.585958720318,223.85113364383523,228.13052368164062,1320800
2021-11-26,229.07574048685726,229.8663203046673,225.37210205950757,225.8876953125,1161800
2021-11-29,226.97046316679274,231.4217004934429,224.70186309695654,229.3851318359375,1842900
2021-11-30,226.9962065919859,230.42485829923186,225.44942690306334,225.5525665283203,2759500
2021-12-01,226.84157163421256,229.9007253867563,222.14112606218163,222.51922607421875,2629100
2021-12-02,223.18951701232476,230.07260069164755,222.7942138992871,228.78363037109375,1902600
2021-12-03,228.3367881249503,231.35298695261903,226.39473119042086,229.40232849121094,1804000
2021-12-06,230.75143303773064,234.506628510277,229.72884796373086,231.64512634277344,1864800
2021-12-07,233.08878104704144,238.30482015542398,233.08878104704144,237.86656188964844,2133000
2021-12-08,237.50561672721227,238.82036503362633,235.0565685654949,237.0415802001953,1327600
2021-12-09,237.06737274206694,238.02119797919812,232.8137611421232,232.92547607421875,1116100
2021-12-10,232.79658962874475,235.60653492502746,231.54199944368386,234.22305297851562,1352400
2021-12-13,233.73331270966187,238.3134429237562,232.31545043254417,237.187744140625,1836400
2021-12-14,235.85575538095912,238.97506729069264,232.88253829122363,234.94488525390625,2225100
2021-12-15,235.58929188322625,237.33369649567942,232.97697261400205,235.7525634765625,1932500
2021-12-16,236.1392931740499,240.32417112971945,236.06195812105943,240.1522979736328,1791500
2021-12-17,239.9632575934996,243.8301677427234,238.734445773212,239.62811279296875,3248700
2021-12-20,237.0416131215597,240.21248175226472,236.31979299270648,239.28440856933594,1551000
2021-12-21,240.86551000225455,242.36073299221505,237.6688634440839,238.7602081298828,1381900
2021-12-22,239.70542910674214,241.75917403083542,238.6398628997488,241.6818389892578,914200
2021-12-23,241.8028122506501,242.20005234868282,238.7457264593878,240.71469116210938,1016000
2021-12-27,241.85459891298626,246.9065552514072,240.47286343559756,246.7770233154297,1235300
2021-12-28,246.77706757504106,249.52325052794285,245.87893540049603,249.13462829589844,1065600
2021-12-29,247.67514091576376,250.00682129342638,247.67514091576376,249.47140502929688,1430600
2021-12-30,250.1017453552714,252.15707288281814,248.201882477222,251.4230499267578,1370200
2021-12-31,251.64761986683766,254.23836412014296,250.3867983761315,252.59756469726562,1274100
2022-01-03,252.48528297972206,252.64072130252495,242.04458729420003,247.31243896484375,1597900
2022-01-04,248.0120193444131,248.92741379676912,243.92726860006974,244.19497680664062,1813300
2022-01-05,240.9132882322262,241.31917251748013,226.45694498853788,228.47772216796875,4486100
2022-01-06,227.90775489480416,229.17722052041194,221.74177146916324,228.7540740966797,2473100
2022-01-07,228.01137911132003,232.5106304930676,225.3947287171707,230.2135009765625,2244300
2022-01-10,230.87848517615222,230.87848517615222,223.33076606056798,228.3395538330078,2113500
2022-01-11,224.02159806776012,225.92146085960928,221.16314645753462,224.95425415039062,1884300
2022-01-12,224.42751041340065,228.4172517662993,223.53802273669126,224.00436401367188,1876900
2022-01-13,224.53119127271825,224.72982450643389,220.2650965301833,220.59326171875,1728000
2022-01-14,219.03882133266475,219.52242488683095,212.51877806861108,216.43080139160156,2549900
2022-01-18,214.7122261691294,216.73300327997296,213.9781767818513,216.0939483642578,2523600
2022-01-19,216.94028949256366,218.71062082243546,214.23727549135828,215.03176879882812,2200000
2022-01-20,215.80036523961965,218.36520316732904,212.04378070952205,212.38922119140625,2120900
2022-01-21,215.66216325610162,216.56892629394935,210.50658162824183,211.3701629638672,3504900
2022-01-24,208.39085162705857,215.31677901216398,206.3959804515496,214.51364135742188,2708800
2022-01-25,212.25964713751182,217.9679201976711,211.9142198799176,216.35302734375,2065700
2022-01-26,216.4394098623572,219.66919585544926,207.60496267874254,209.50485229492188,2325000
2022-01-27,208.59807433116418,211.62060900694573,203.13160289341462,204.17652893066406,2722300
2022-01-28,205.16102654794693,213.17506037893443,201.7930513946258,213.10597229003906,2106700
2022-01-31,212.36330279648843,217.34615792964712,211.5601652515691,217.1907196044922,2665000
2022-02-01,216.81939358782822,218.01112698771567,213.8141207566522,216.02488708496094,1665800
2022-02-02,217.51888238064925,219.75555499406312,217.23389894376237,217.91612243652344,1446000
2022-02-03,216.67254578017588,218.21836370696508,215.7744270142039,216.4998321533203,1367300
2022-02-04,214.306368012738,215.89535466050975,211.620629273673,212.81236267089844,1275900
2022-02-07,212.2423961663021,214.47906874334467,211.14564414106417,212.66554260253906,1171600
2022-02-08,212.08696304359506,213.58959949551556,209.91074729872582,211.8538055419922,1303800
2022-02-09,214.29776309228345,216.29264760429413,213.07147883403334,215.80039978027344,1824700
2022-02-10,212.98508841060493,215.42902539416764,208.2785591612341,209.4271240234375,1453100
2022-02-11,209.8157736190977,211.53429242458805,203.36481855757904,204.58245849609375,2379600
2022-02-14,205.44600526457933,206.0159721385565,200.99856642340785,202.32847595214844,1810100
2022-02-15,204.7206427972842,204.79836197526492,200.59272398877235,201.55130004882812,1696300
2022-02-16,201.55987415624705,201.8621328881381,198.40780761946405,200.63584899902344,1275700
2022-02-17,200.35953290895415,200.79132364567403,196.68931164683536,197.4751739501953,1721100
2022-02-18,197.6047001794088,199.7463783390996,195.78254291762656,197.2765350341797,2705400
2022-02-22,197.1038078405324,199.40092416759012,193.8999153027754,197.216064453125,2521600
2022-02-23,198.52872578899994,199.875910652908,195.79980542624926,196.4215850830078,1934000
2022-02-24,191.55100766991336,200.8863214431843,189.98792728559872,200.135009765625,2699700
2022-02-25,200.09179856381633,202.46664730485196,195.85161092183785,201.784423828125,2309500
2022-02-28,199.6168272614996,199.83272260276325,192.9240716823261,195.9207000732422,3690400
2022-03-01,196.89656383825272,199.4182200043901,195.75663003834043,197.3715362548828,2467300
2022-03-02,197.16425351705402,201.01583208927573,196.67201900567548,199.48728942871094,2160300
2022-03-03,201.62899869604328,204.4960955124529,199.93638638761507,203.14891052246094,2702600
2022-03-04,202.05216625253385,206.5946002356841,202.05216625253385,205.77420043945312,2396600
2022-03-07,204.7723901945083,205.42007615861257,199.51318332851054,200.36813354492188,1499200
2022-03-08,200.799933655946,204.3665155726223,196.47338277830914,196.87063598632812,2058000
2022-03-09,200.04864400456503,204.21111305143629,199.70321668442637,201.30947875976562,1481200
2022-03-10,199.4268267683706,201.62896175728778,196.11932192752147,201.04173278808594,1300300
2022-03-11,203.20932055838242,205.5582628290542,202.66526010403257,202.80343627929688,1889000
2022-03-14,203.77929655314207,204.80696048987903,200.73948644679197,202.88116455078125,1652400
2022-03-15,204.3492595935054,205.84325164323556,202.14712450989268,203.98655700683594,1422300
2022-03-16,205.37695259843335,207.6222565258939,203.52024452186345,206.94003295898438,1902000
2022-03-17,205.95552297588094,211.7846971469849,205.95552297588094,211.69833374023438,1876100
2022-03-18,213.45141416232264,214.5654415533284,208.81398623700878,209.44439697265625,3668100
2022-03-21,208.82264956533007,211.57747677950638,207.2854754820883,208.67584228515625,1601400
2022-03-22,209.18529914867523,210.10069323818638,206.49092965091336,206.9745330810547,1909800
2022-03-23,206.45641275307833,207.44952609763146,201.82761589665478,202.0780487060547,1968600
2022-03-24,201.73262352519922,203.42523571693295,199.2023231307352,203.3647918701172,2081200
2022-03-25,205.03152297138098,208.4081298783337,204.27156701679914,207.85543823242188,1530200
2022-03-28,208.77080186204182,211.74152396379887,208.12311581696827,211.6033477783203,1382800
2022-03-29,213.8572755132637,216.95752925989643,213.53775464462393,216.37030029296875,1917500
2022-03-30,215.16132153215634,216.68986444891226,213.62414754435258,216.6466827392578,1385400
2022-03-31,217.54480213062686,219.4101411899891,216.4998627978561,216.9489288330078,3315600
2022-04-01,216.94891649311296,222.27722523202965,215.98170955906818,221.89724731445312,1636200
2022-04-04,221.92315767959693,223.9871035214883,221.18910821864816,222.6571807861328,1989800
2022-04-05,222.41537182227486,229.15994022940689,221.97496324354427,227.05282592773438,1956200
2022-04-06,225.55881657392607,232.4242988986889,224.97158757666548,231.9752197265625,2749700
2022-04-07,229.67812958430997,231.3103112781246,228.00277935703176,229.47952270507812,1752400
2022-04-08,229.85087706540205,231.86301055584843,228.01144407873298,230.0667724609375,1559100
2022-04-11,230.2221947753343,231.2153082546987,226.76786868751608,227.3896484375,2158500
2022-04-12,224.75899704285015,225.86159844730216,221.937354866507,223.28305053710938,1518100
2022-04-13,224.05573367548254,224.19464845398156,221.33827127953143,223.2656707763672,1317800
2022-04-14,223.94287392363825,224.2988380918283,221.3903710553769,221.85919189453125,2312200
2022-04-18,220.64369720509177,223.4566616840932,218.91597952773017,220.4440155029297,1072500
2022-04-19,221.26016292270322,225.34067573195043,221.19938273203636,224.66348266601562,1308500
2022-04-20,225.51427370238707,232.6335029505848,224.98468600834775,232.32093811035156,1807500
2022-04-21,233.4496147244708,235.74164211356378,231.07942625248478,231.59165954589844,1712400
2022-04-22,231.92161844612852,231.92161844612852,227.3375363890593,227.3809356689453,1664500
2022-04-25,227.55457010075918,228.33594255187973,221.48586480522903,225.31460571289062,1656800
2022-04-26,224.7155699095861,226.7818844070351,220.9041962780974,221.23411560058594,1883300
2022-04-27,222.26726539847465,223.99497006115223,218.39509845915208,219.5237579345703,2049600
2022-04-28,219.32405615259617,220.40062586073066,212.89072251285003,218.94204711914062,2417400
2022-04-29,217.31852480708721,218.18672234984103,208.95777823112206,209.2529754638672,2151900
2022-05-02,209.5655436942765,212.95150907992598,202.05562640653176,205.71942138671875,2127600
2022-05-03,205.71938316726198,210.9719803902935,204.30423033188808,209.2442626953125,1367100
2022-05-04,208.9144031790574,213.61134236183182,207.21272996896073,213.26406860351562,1098500
2022-05-05,212.69100425982026,213.98462320920655,208.106922855442,209.65231323242188,1375900
2022-05-06,207.71625214468287,212.8125672370539,207.32556591870411,211.90097045898438,1843000
2022-05-09,210.21668357171802,210.21668357171802,199.65072064866862,200.63177490234375,2423300
2022-05-10,201.9687964322586,203.27976993852926,193.02635918879102,195.1273956298828,2411700
2022-05-11,196.60334226211458,199.14716809807916,194.41548061867252,195.1013641357422,2104200
2022-05-12,195.05791322672286,196.70749627724044,192.75719535729422,195.7785186767578,2193700
2022-05-13,197.23709557962624,202.19450897998064,196.3775885597498,201.9948272705078,2229500
2022-05-16,201.95144128846283,203.93093072746697,199.71148992376996,199.87644958496094,1203100
2022-05-17,202.46366065959324,202.83699248500102,199.16450740725736,202.29002380371094,1728500
2022-05-18,201.91671199478247,202.55049250143844,199.2600163449153,200.23240661621094,1623800
2022-05-19,199.68542297297864,205.0595675630481,198.99955278390365,202.50706481933594,1825900
2022-05-20,204.41711172717655,212.85599302373285,203.4273670441307,212.0832977294922,2853900
2022-05-23,213.22063910290157,216.8062993241747,211.44083142597438,216.54583740234375,1697400
2022-05-24,216.60660191148673,225.1322945855717,215.91204125276397,224.4464111328125,2174400
2022-05-25,222.94441762244642,226.76448088095293,219.28930074181625,225.9831085205078,2392900
2022-05-26,226.3564611262266,227.70215669987866,220.48745059141612,221.12123107910156,1487200
2022-05-27,222.71002019458524,227.95394067886113,221.24277750127138,226.5648193359375,1786300
2022-05-31,223.78656489281707,224.89785647814213,221.59001333608538,222.37139892578125,2829600
2022-06-01,222.37142881602202,222.37142881602202,217.7873470984728,219.27195739746094,1418000
2022-06-02,213.6286940250375,228.50092278252308,213.29877470599402,227.78030395507812,2781800
2022-06-03,227.3114577372045,233.97920764823814,226.38248012719146,231.57431030273438,7332200
2022-06-06,234.23098617622455,235.35963220876812,231.08811579779552,232.12124633789062,4197100
2022-06-07,231.09678460907543,231.80002240486357,225.00204821381737,231.07073974609375,2135100
2022-06-08,230.62800886582494,233.57987522353432,228.61378419998601,229.603515625,1550400
2022-06-09,226.74718204053664,232.4425562570545,225.7487335902568,225.905029296875,2050700
2022-06-10,223.13546825278883,223.85606058541785,217.14489700922323,217.92626953125,2188200
2022-06-13,212.70842172259609,214.57504134885895,207.47319101511272,208.3934783935547,2272900
2022-06-14,207.65546850740336,208.7841278896275,201.99483043249364,203.58363342285156,2584900
2022-06-15,204.37365574216972,212.2742571137627,204.03505929753803,209.5828399658203,2076700
2022-06-16,205.05010536226848,206.980261729446,202.8928772628416,204.5260772705078,1668500
2022-06-17,204.1068407371995,208.09815339989814,202.72691268282736,206.26406860351562,4291800
2022-06-21,211.35578945702696,217.06763013485448,211.25971811057403,215.59164428710938,2502000
2022-06-22,211.63529637703266,226.04591986941662,211.57415400181898,220.09825134277344,3130200
2022-06-23,221.01529595375501,226.90180883902798,220.72708188175832,225.60049438476562,2553100
2022-06-24,227.74030679300776,228.936821199391,224.0895945334355,228.51759338378906,3131500
2022-06-27,229.0241152851939,230.64857275282995,225.45203065124284,226.49131774902344,2018900
2022-06-28,227.07650449263454,227.49573224991704,220.19433539965777,220.90176391601562,1601700
2022-06-29,218.36900495119775,221.7751473767024,215.85369157446374,221.1026611328125,1863700
2022-06-30,219.748916351877,225.07647238952794,218.52620206824201,223.2249298095703,1938100
2022-07-01,222.29919552317918,226.2381086081136,220.47385270784235,225.67913818359375,1363200
2022-07-05,223.1376100196613,223.63542466788851,218.019654315744,223.53062438964844,1321600
2022-07-06,225.29481238201024,227.58304051009705,224.19438286698067,225.5306396484375,1170900
2022-07-07,225.7664580800387,227.58305847181606,223.07647315053288,224.6136016845703,1089600
2022-07-08,222.98915533136642,225.2249836129953,221.5917559920545,222.71839904785156,936000
2022-07-11,222.7096431954516,225.73149991082323,220.51748640705955,225.32101440429688,1299500
2022-07-12,224.41271617847107,225.97603126674724,221.0938899862752,223.13758850097656,1650900
2022-07-13,220.4476250005385,225.51316723516274,219.36463992867277,223.51315307617188,1188500
2022-07-14,219.87118717669284,225.19875652630577,219.5917020117228,224.0284423828125,1579200
2022-07-15,226.97168589214306,227.76645679208252,222.99784471903104,224.6310577392578,1181100
2022-07-18,224.37778561484393,225.14635649227623,217.10260232740035,217.68775939941406,1608200
2022-07-19,219.7489028454855,224.6921731397134,219.6528314914914,224.5961151123047,1506300
2022-07-20,223.58302142957388,225.26862140530872,217.8449663969049,218.11572265625,1573500
2022-07-21,218.49126301151873,223.57428959469073,216.76199183418404,223.05899047851562,1290300
2022-07-22,224.06334449362194,227.39088624419867,223.37338719001346,226.72714233398438,1587500
2022-07-25,226.50884169586274,226.77958465430936,223.49570018647202,224.75335693359375,1593300
2022-07-26,225.8188413366631,229.75775373342577,225.17255521775508,226.1856689453125,1579700
2022-07-27,226.65726671926862,228.15946613334856,223.04152409024013,225.5742950439453,1505400
2022-07-28,228.35160408204038,235.42591543850617,227.12888985265434,234.8494873046875,2589500
2022-07-29,236.11589412373135,239.26003557293487,233.63552327301863,236.53509521484375,1821200
2022-08-01,236.05476458631668,237.34736354495485,232.54382199142356,234.60496520996094,1323100
2022-08-02,235.02418646767444,236.84078676839079,232.34293058711248,232.86695861816406,1681000
2022-08-03,233.9237164612729,235.74905889494386,231.3298031811781,234.78834533691406,1370200
2022-08-04,235.0678452005009,237.31241550536205,234.0634736850987,236.9193878173828,1257800
2022-08-05,234.38666126546187,237.93254675869363,233.22508911554579,237.7229461669922,1156400
2022-08-08,239.9586971967648,241.81898180714674,236.97175646331775,238.4302978515625,968900
2022-08-09,239.15525942302546,242.2033434870577,236.11594425448263,241.2076873779297,1459800
2022-08-10,244.51772754397842,244.51772754397842,240.23821414138632,242.61378479003906,1350800
2022-08-11,243.6006804850831,243.6006804850831,238.6661124162358,239.26002502441406,1260400
2022-08-12,240.77098846287407,242.70987377373558,239.86270152049264,242.55267333984375,1110000
2022-08-15,243.13778512242845,246.7011273628556,242.9107001150725,245.8714141845703,1329100
2022-08-16,243.539528644879,244.61375800491203,240.9543577358456,243.190185546875,1183500
2022-08-17,241.79277221838944,243.6530567555022,240.5613158818054,242.3255157470703,1059000
2022-08-18,242.37796873625723,243.84525262626988,238.36048249060528,240.6050262451172,1139000
2022-08-19,240.16833249793703,242.43910289882908,238.77095993108648,239.6617889404297,2110700
2022-08-22,237.83641266486194,239.43466997195117,234.87567198778865,235.5918426513672,946800
2022-08-23,234.34295500703976,234.8494985501938,229.97609922643676,231.6442413330078,971000
2022-08-24,232.56999632688,232.93679726096727,230.65731149677006,230.98919677734375,1372900
2022-08-25,232.0983553966876,234.46518346766672,229.09395686720129,234.27304077148438,1367400
2022-08-26,233.94995842831085,234.33424392034706,228.01104443840282,228.1158447265625,1227300
2022-08-29,226.90182818378133,229.38222585843562,225.49571333858069,226.83197021484375,1577900
2022-08-30,226.98912168596232,227.6703500121901,220.70085303723724,221.3122100830078,1211100
2022-08-31,221.71400119650994,223.7664154079131,220.93670140423475,221.87994384765625,2005100
2022-09-01,220.91051035697998,225.11142363771313,219.7576539924132,225.01536560058594,1590500
2022-09-02,226.67474097454547,227.93239748091017,218.7619876764317,219.08514404296875,1387400
2022-09-06,220.18558277972775,223.99348120892955,219.21614035108783,221.9934539794922,1163700
2022-09-07,222.64850368156584,227.12015976147055,221.53058966158966,226.6398162841797,1095800
2022-09-08,226.77954968808953,228.82323492376085,224.68346431713215,228.5350341796875,1518700
2022-09-09,229.25120822862164,229.88003658746646,226.78832158855658,228.46517944335938,880000
2022-09-12,228.8756438511717,231.93244290841807,228.78830140461585,231.52195739746094,946100
2022-09-13,227.55686313752673,229.0066625765755,221.80136326128965,222.3865203857422,1711400
2022-09-14,219.59173020208038,222.78827222220812,218.1506729491412,219.93235778808594,2087000
2022-09-15,219.73144821284245,220.0808046748084,213.61785005759558,214.02833557128906,1561400
2022-09-16,213.4781222690413,216.2903786815001,213.0763789681685,214.7532501220703,3287400
2022-09-19,213.4519219253231,216.40392092847725,210.98902200219513,216.1593780517578,1249300
2022-09-20,214.28161970799317,214.7183052885462,207.27717926447883,207.77499389648438,2093000
2022-09-21,209.58285821335943,211.74008583761292,204.41250304165484,204.4998321533203,1942400
2022-09-22,203.24220041883106,206.51734213848965,202.80551485620992,203.30332946777344,1446000
2022-09-23,201.6701289985317,202.51730005307894,197.0587305400611,199.83604431152344,1907000
2022-09-26,200.1242469881157,200.1242469881157,190.50843627897345,193.33815002441406,2146900
2022-09-27,195.53036719265177,197.81859569065801,191.67879663446575,192.66571044921875,1900800
2022-09-28,195.27707201490105,195.5740150376056,191.97572979954762,193.06744384765625,1988800
2022-09-29,190.69187707110234,192.29014807073784,184.61322058475818,186.6569061279297,2096500
2022-09-30,188.52590061720358,189.80102838455602,185.18088744883755,187.51278686523438,2501700
2022-10-03,189.4254553296751,191.44294041694712,185.46035644157752,189.6699981689453,2102200
2022-10-04,191.22463406658377,195.93210460903953,190.36873396611574,192.2115478515625,2032800
2022-10-05,189.6437948680513,189.99313796774078,184.6131822689634,187.023681640625,1518700
2022-10-06,186.5695709885876,187.04119894879318,177.10222938899315,177.3555145263672,2908700
2022-10-07,175.17371539614507,176.85402097125836,170.1504106422573,171.22369384765625,3165300
2022-10-10,172.42894726992998,174.33798043242444,166.23558690709706,166.78102111816406,1992300
2022-10-11,166.65785488706732,168.892387335542,162.98934274199186,166.50830078125,2463100
2022-10-12,165.90124530639866,166.57864835259738,160.3764833597878,161.68728637695312,2572500
2022-10-13,158.23873008011304,168.41732192812626,156.74317570455057,167.01853942871094,3518100
2022-10-14,168.5668864454282,169.49940816936086,162.80459002496036,163.43800354003906,2466400
2022-10-17,166.93936590670384,172.34096600391788,166.12121459933115,169.341064453125,3040900
2022-10-18,171.12693378346506,174.13564130630124,170.8630092448809,173.50222778320312,3253400
2022-10-19,171.55801260268333,172.59611229917445,167.5991844479294,168.02146911621094,1824700
2022-10-20,168.1621957124419,168.17100169842053,163.07730260766806,165.39102172851562,2515600
2022-10-21,166.24435729796696,166.24435729796696,161.10668236785355,165.00392150878906,2078000
2022-10-24,167.08012504862452,168.40852686758652,162.03041546130387,163.10369873046875,1856400
2022-10-25,163.59640095840314,172.47297133357122,163.56120385300147,172.0155029296875,2495200
2022-10-26,171.83070626252533,175.34085788163304,170.85419499037522,173.23828125,2512300
2022-10-27,174.9538042777044,179.4228829114973,172.58730268271512,174.78665161132812,3414500
2022-10-28,173.57261832107844,183.3113282950775,173.57261832107844,180.09149169921875,2613600
2022-10-31,177.39944481992998,184.63970975435896,176.56369507383624,182.27320861816406,2513500
2022-11-01,184.22626473699387,187.66604964307052,181.74539273094564,182.88026428222656,1907000
2022-11-02,181.86852570429247,186.5135487466998,178.01527619051072,180.51373291015625,2655500
2022-11-03,178.77186495110814,179.95950519029435,176.89801557029725,177.11795043945312,1703800
2022-11-04,178.50793709394688,179.80115517436377,175.1913155702835,179.39646911621094,1788100
2022-11-07,180.02988875488003,181.2175424362679,177.44345250564197,177.7249755859375,1828800
2022-11-08,177.72498154953158,180.77767875715352,176.91562280216272,178.60472106933594,2071800
2022-11-09,179.47565087984967,181.86854339798228,176.2997907422828,176.86282348632812,1530300
2022-11-10,187.48127762371934,194.93267195427123,184.42858061114333,194.33444213867188,2781200
2022-11-11,196.0147491956466,198.32846829773604,194.44002145053747,196.41062927246094,1915700
2022-11-14,195.1086138449411,195.4517116929594,189.34631777161323,189.47828674316406,1628000
2022-11-15,189.49588439585702,193.3843448288346,189.20558217152046,193.17320251464844,2152200
2022-11-16,193.6218792206563,196.23470682394876,191.89759717647814,192.794921875,2400800
2022-11-17,191.53687494195796,193.1819834248471,188.607340950156,190.3228302001953,2144600
2022-11-18,191.45771082667304,193.72744033740085,188.81849233844434,189.96214294433594,2360400
2022-11-21,189.66303516042066,193.7538318805554,189.66303516042066,193.46351623535156,1682400
2022-11-22,194.1848976723563,194.59837631465547,189.55747269687683,191.8975830078125,1562400
2022-11-23,191.95915365138254,193.91217638919812,190.25245689637617,192.00314331054688,1210500
2022-11-25,193.22598010543715,194.63356865208445,192.1175131859899,193.61306762695312,566500
2022-11-28,192.407827708903,193.86818504464526,187.41969304098197,188.17626953125,1367200
2022-11-29,188.97682487336303,191.14098977833663,187.66602171343234,191.0970001220703,1848100
2022-11-30,189.91816767947486,194.7215378353025,188.8536769773264,194.64236450195312,3889200
2022-12-01,197.4310921354108,198.79469073544016,193.44587417949865,194.68630981445312,1708700
2022-12-02,192.02074370455932,194.34325543891143,190.26126471114833,192.9884490966797,1354400
2022-12-05,189.97977231799533,192.21431851789956,188.77453330841837,189.6806640625,1454200
2022-12-06,190.26125748440828,190.7715079839676,186.2936239137641,186.9622344970703,1672200
2022-12-07,186.4431658314394,189.67182126369565,184.27022184892823,185.72178649902344,1624800
2022-12-08,185.08840011550032,188.11470626180198,184.05910647104773,186.72471618652344,2465300
2022-12-09,186.47839595401473,190.36684320559735,185.86258094562118,188.12350463867188,1646800
2022-12-12,189.03841408475193,189.9621297524773,186.47836910724934,189.9093475341797,1847700
2022-12-13,196.146727608313,200.55421773326898,194.34325892298332,196.52500915527344,2179100
2022-12-14,195.93558417478368,199.67447708147708,193.3139642012137,193.41073608398438,1902800
2022-12-15,191.1849854627442,194.7655180765766,190.49877633562176,191.97674560546875,1693100
2022-12-16,189.22315238956847,189.27593460801694,183.05618376526624,187.78038024902344,3724100
2022-12-19,187.51647494198443,187.51647494198443,182.77467942508108,184.41099548339844,1401700
2022-12-20,182.9505979992286,185.123541806658,181.0151607233693,183.59280395507812,1307500
2022-12-21,184.5605168983352,187.7275840062301,184.29660582580854,185.2731170654297,1410200
2022-12-22,184.18223541187533,185.71298675131746,181.57820096496644,185.2731170654297,2212200
2022-12-23,184.22626294949484,187.02382828362863,183.87435907416463,186.90066528320312,1146700
2022-12-27,186.99816076961602,187.60080237960608,184.90661681913775,186.90953063964844,1550000
2022-12-28,187.3083092405365,189.8784201365462,186.10301277716056,186.20050048828125,1411700
2022-12-29,187.7514735636988,192.04976434318039,186.22712730731692,191.198974609375,1323900
2022-12-30,189.9493464044894,190.7203770696929,185.38516563341648,187.76031494140625,1450400
2023-01-03,189.65690263851883,190.76471164925783,186.9715746783322,190.2506866455078,1812400
2023-01-04,192.67894438590395,197.2253818488446,190.99506713924973,194.08807373046875,1796000
2023-01-05,192.37766614692526,193.03348035182347,187.44126326629143,187.99960327148438,1495000
2023-01-06,189.12512344898107,194.38943332315634,186.93609205654715,193.64498901367188,1980200
2023-01-09,195.7276743352526,198.04077977043315,194.21218586817955,194.35398864746094,1727200
2023-01-10,195.94037210349504,197.58879228415316,194.7528042107246,196.70254516601562,1691300
2023-01-11,198.26234536764113,202.7821974792289,198.26234536764113,202.17068481445312,1893900
2023-01-12,203.21647348959388,206.31833850375628,199.90190429187365,205.7954559326172,2364700
2023-01-13,203.17214153806708,208.1528457622436,203.17214153806708,206.32717895507812,2007100
2023-01-17,207.58566977333484,208.77325125254197,204.68765127896523,204.7674102783203,2204500
2023-01-18,204.9535028209254,206.0613117139961,198.7320578140419,199.57398986816406,2213000
2023-01-19,198.58141265180672,201.27559813616188,197.60653534194137,197.9433135986328,1864300
2023-01-20,196.17963819206807,196.5341315859738,190.06453924732907,196.2239532470703,2990400
2023-01-23,193.99063395783668,194.96551121113058,190.63176328159318,191.1369171142578,2723600
2023-01-24,190.48105196554843,191.9256388327497,188.45155238428418,190.69375610351562,1991900
2023-01-25,189.57713025551618,194.44261843253304,188.58452425626882,193.78680419921875,1985100
2023-01-26,194.83254040283242,196.30371369229007,193.64497264905364,195.88717651367188,1126100
2023-01-27,195.6035963877584,196.68480536983387,194.46918769916178,195.6744842529297,1360200
2023-01-30,194.96551468442019,197.26089154899915,193.06894633127234,193.2550506591797,1422200
2023-01-31,193.24618810979393,198.00533083871363,193.24618810979393,197.97874450683594,1548500
2023-02-01,196.64934261906055,202.92397288472543,195.92262712461218,201.30213928222656,2601500
2023-02-02,204.02296617670513,208.7023501345904,199.8841800083191,201.52374267578125,2195800
2023-02-03,198.88268887283414,199.74234952893323,193.2372863905562,196.8000030517578,2485700
2023-02-06,193.98176299321074,196.330312319297,191.89021936725845,195.47952270507812,1797800
2023-02-07,194.02605769804921,195.16046634883546,191.25211366250343,194.504638671875,1834400
2023-02-08,193.98174219078416,194.96547687383168,192.2003771165044,193.61837768554688,1936100
2023-02-09,194.46922753602342,195.40866098019848,190.20638042809875,190.7115478515625,1220000
2023-02-10,188.9035506905543,192.49285389811706,188.19456387878697,192.0674591064453,1929800
2023-02-13,192.8119125952601,194.09696815687627,190.88875805408637,192.54603576660156,1352800
2023-02-14,192.24470165884816,192.77645527924977,188.90354661215042,190.67604064941406,1017300
2023-02-15,189.22262192511747,191.9877221966036,188.77949835527667,191.9611358642578,1381500
2023-02-16,189.50620257151797,190.33040581193075,186.43092431952817,187.88436889648438,1719700
2023-02-17,186.96268417031672,187.85778882515987,184.77365286850713,186.34230041503906,1793500
2023-02-21,184.92429663868998,184.92429663868998,180.16514119782263,181.3704376220703,1888300
2023-02-22,181.75154851391105,181.7781348438411,175.9998002317061,176.61131286621094,3564500
2023-02-23,178.35719366958227,180.75892878665593,177.24938501324945,178.98643493652344,3234000
2023-02-24,176.17706301049253,177.49757611739375,172.0028465540042,173.46514892578125,2727000
2023-02-27,175.98209107331596,177.12534386875714,171.01024435972704,172.8890838623047,2348100
2023-02-28,172.90681009263324,176.89492193822701,172.23325365950967,175.48577880859375,2741400
2023-03-01,174.16529027846227,176.19479026189447,170.92162252773426,172.720703125,3261000
2023-03-02,171.3292865138338,175.63643420266266,171.3292865138338,175.0603790283203,1884900
2023-03-03,176.59359657212886,179.5359435067489,176.44293618423197,179.4650421142578,2044800
2023-03-06,180.68804026610113,180.93618834093138,175.6009776859692,175.98207092285156,1788900
2023-03-07,175.58327129377653,175.70734534697377,170.19488729781852,170.4873504638672,1907000
2023-03-08,170.27467122911972,174.79452363263684,169.6011147325608,173.5006103515625,1603000
2023-03-09,173.34107921313895,175.2731050587697,169.05164619352664,169.45045471191406,1463600
2023-03-10,169.41497872034327,172.41048436618468,168.72370714645248,169.51246643066406,2357800
2023-03-13,169.18457346786573,178.12681738011923,167.9881479437537,173.9969024658203,2325200
2023-03-14,176.42521197311362,177.25827286548176,173.101785436932,177.0987548828125,2461600
2023-03-15,175.38830249882946,180.0942861421384,175.24651323484127,179.30552673339844,3117500
2023-03-16,179.01303148645906,182.699808627777,178.49900661779637,181.72494506835938,2622400
2023-03-17,182.04399180269226,184.02917634382808,178.02042302025149,178.44583129882812,3456900
2023-03-20,178.08248020769284,180.51078841289774,177.06328801029866,178.9775848388672,2000700
2023-03-21,178.61426006045699,179.3232605461966,172.49030200349142,175.6453399658203,2578100
2023-03-22,173.74876664100464,175.20221151123087,170.0885613696966,170.26580810546875,1943400
2023-03-23,170.42530209126554,173.08404311133816,168.714838336363,169.82264709472656,2053200
2023-03-24,169.1756953720887,176.96580083205106,167.82859609719569,176.91262817382812,1897500
2023-03-27,177.4178064479686,178.43698518843806,170.8329835618792,171.17861938476562,2389800
2023-03-28,170.15057748311284,172.15349096529664,169.2377440954889,170.9304656982422,1480200
2023-03-29,173.13725108232916,175.98211050420886,172.88910295168617,175.9112091064453,1784100
2023-03-30,178.7205896099189,179.67773808021894,177.26714493792048,178.29518127441406,1477800
2023-03-31,178.25974555712435,181.22867882469717,178.1445291038994,181.09573364257812,2558000
2023-04-03,180.07655746522678,181.63634755401387,176.46952513589295,178.22430419921875,2876200
2023-04-04,178.36606274632402,180.8918720544914,177.9672543089965,180.30694580078125,3431500
2023-04-05,180.36013573559833,184.12668577032179,180.29810547289844,181.40591430664062,2060200
2023-04-06,182.0085683206684,183.462013069432,180.37787685094494,183.1784210205078,1273300
2023-04-10,181.79586527019634,184.98634659912597,180.5905687175633,184.6495819091797,1728800
2023-04-11,184.62300256924414,188.33636656302266,183.7190267397785,186.44866943359375,2115100
2023-04-12,187.8843891374118,189.1960310864432,186.4929746701849,187.2285614013672,2306200
2023-04-13,187.60352748302805,189.23742623985405,186.4339093186583,188.21958923339844,1686100
2023-04-14,187.93391047452445,188.1839046032151,183.3089918464308,184.7196807861328,1174800
2023-04-17,185.50538917046882,189.22853070805058,184.88932732905985,186.45179748535156,1857900
2023-04-18,186.1125153427658,186.4785830519146,184.0768410131627,185.87144470214844,2116100
2023-04-19,184.93396814318737,188.06783188580258,184.62146866908122,185.81787109375,1186700
2023-04-20,185.5410811408195,185.5410811408195,182.77328527144593,183.55897521972656,1472300
2023-04-21,184.45182925528232,184.45182925528232,181.09475545176002,182.26437377929688,2177300
2023-04-24,182.3982860111045,183.04113193062153,180.1304783010056,182.08580017089844,1356700
2023-04-25,181.58580860944636,183.13934153350928,179.98761733575284,180.12155151367188,1339900
2023-04-26,180.84474921587258,184.34468046795183,178.63943327121268,178.87156677246094,1789300
2023-04-27,178.8715973041364,183.88936834932144,178.8715973041364,183.60365295410156,1744600
2023-04-28,183.6214900366967,184.46968536909174,181.53224756566271,182.48757934570312,2082300
2023-05-01,181.5054552240967,182.13045418369035,177.99660022285204,178.12159729003906,2135800
2023-05-02,178.27334880242478,180.121534013614,174.71091254495272,175.11270141601562,2133800
2023-05-03,175.39840236738186,176.29124230167616,171.0681368602483,171.3984832763672,1491300
2023-05-04,170.77353490103312,175.37165610548803,170.77353490103312,173.568115234375,1984300
2023-05-05,174.05025187639336,176.46091743000798,172.889557017643,175.66629028320312,1210800
2023-05-08,174.55915169064653,175.3895000139313,171.91635279582104,172.50563049316406,1311400
2023-05-09,171.70206721695246,174.05024089956092,170.39852837789851,172.78240966796875,1511500
2023-05-10,174.54131817990455,176.92519964110764,173.94311694045587,175.31808471679688,1628700
2023-05-11,174.6841579175912,174.97879678172296,172.13063471877427,174.71987915039062,1714500
2023-05-12,174.8984289622875,178.93406962091944,174.67521895985345,178.82691955566406,2130700
2023-05-15,179.2554736203571,180.710793418299,173.47879827812068,174.51449584960938,2134800
2023-05-16,174.3091474910832,175.13055864731768,170.505654036934,170.56814575195312,1395300
2023-05-17,171.42524756163743,173.987693517182,170.34490537165865,173.8894805908203,1181100
2023-05-18,172.97880621212468,173.44307314862766,167.46998569321119,170.5592041015625,2387500
2023-05-19,170.90744366076495,172.21099615048115,169.26462121033055,170.2913818359375,1250600
2023-05-22,170.53244647751248,174.13059072429198,169.889600563202,172.73776245117188,1754000
2023-05-23,171.88955876727104,173.13060580898681,167.541418749915,167.9878387451172,1755500
2023-05-24,167.63072894145242,167.9700125393601,163.5415196445529,163.73794555664062,2011400
2023-05-25,164.8004126041164,164.86290432124392,162.1843842599814,162.9968719482422,2597900
2023-05-26,162.49690334849106,163.38974347677947,160.8540807821186,162.65760803222656,2692100
2023-05-30,164.52365336065043,168.16644269911887,161.88084060086223,162.4969024658203,2483400
2023-05-31,162.72901671623737,165.74682033553646,159.39872726494787,164.6754150390625,7074800
2023-06-01,164.45219953930712,168.5860530425583,164.41647831054573,166.97000122070312,2618200
2023-06-02,169.8896001092894,171.48779139497316,168.80927130038862,170.66636657714844,2188200
2023-06-05,171.35388393281667,172.95207546768364,168.18429860197185,168.4253692626953,1383100
2023-06-06,169.4521106693644,169.4521106693644,166.30932343610695,168.84498596191406,1390400
2023-06-07,169.63959031352564,172.93417190518915,168.77353447308514,170.4699249267578,1823100
2023-06-08,169.82712776704417,170.63960193445052,167.55038270216082,169.65748596191406,1184500
2023-06-09,169.62174764830098,169.62174764830098,165.0147033778537,167.22894287109375,1825300
2023-06-12,167.4074889370541,168.48783126007,165.97001608710167,168.35389709472656,1533300
2023-06-13,168.05927688709795,170.7556576220813,166.90751923009572,170.55030822753906,1946300
2023-06-14,171.64847745320682,173.00559796863095,169.89850518671335,172.33596801757812,2510000
2023-06-15,172.4259942482753,175.4865388512476,170.39161980483865,174.8744354248047,2432500
2023-06-16,173.09213001841178,175.0274863928415,172.42601898646538,173.63223266601562,3283300
2023-06-20,172.46200307326038,173.9202745894185,170.9857382098336,171.0757598876953,2139400
2023-06-21,170.01356832924182,171.0937735636913,167.4211114785514,170.4366455078125,2127600
2023-06-22,170.68868772432342,170.68868772432342,167.70015748755625,167.81716918945312,2431400
2023-06-23,167.4391004610726,170.34663312061625,166.74598572734044,167.4571075439453,4173300
2023-06-26,167.11503148933036,169.97755313540355,166.3679092877685,169.34744262695312,2308800
2023-06-27,170.10359593360195,170.50866604293503,168.4922984351833,168.9783935546875,1776300
2023-06-28,168.9964040059087,172.60604836465137,167.36709939105697,172.4800262451172,2600300
2023-06-29,170.8597187405921,173.74924432586823,169.84253145364087,173.48818969726562,2674200
2023-06-30,174.87443235414503,175.80159788610428,172.10193243130558,174.57737731933594,3243100
2023-07-03,174.09131612403334,176.71980111253967,173.42520506980946,175.5675811767578,971000
2023-07-05,175.53153217672903,179.4202373287024,175.36950966308558,178.5560760498047,2178900
2023-07-06,176.43170767270104,177.72794282469167,174.42435076294316,176.44070434570312,1605600
2023-07-07,175.43253176422064,177.43089204893155,172.7320463778955,176.02664184570312,1830200
2023-07-10,174.9464811869532,176.09868738880076,173.68624621060772,174.22634887695312,1615700
2023-07-11,174.30734733355726,175.5495751335397,173.43418920391457,175.1715087890625,1484200
2023-07-12,177.5659227222136,178.52910250085768,175.1624922155836,175.9186248779297,1649200
2023-07-13,175.60358620173693,177.2868845699738,173.5512181556937,177.1878662109375,1750000
2023-07-14,176.52174983088918,177.02583828508236,174.28034180915856,174.60440063476562,1712200
2023-07-17,173.66821659773998,173.92027454861773,166.43991814636303,167.6641387939453,4359800
2023-07-18,167.4300983752128,170.07657632138492,163.973480285893,167.24105834960938,3090300
2023-07-19,170.42763569437912,174.28032710976976,169.7885147711168,170.22959899902344,3380800
2023-07-20,164.5675902270977,166.40391429300237,161.3180055133725,166.21487426757812,4164000
2023-07-21,166.45792721851308,167.46610409255544,163.4783937004645,166.43092346191406,4474200
2023-07-24,167.35808007659017,172.21896203400794,165.65677482533872,171.7778778076172,3420600
2023-07-25,171.93090739354892,172.37199162950452,168.0242083963855,168.14122009277344,2353600
2023-07-26,168.36627812636613,171.2468072356277,168.19525890065415,171.01275634765625,3158600
2023-07-27,175.00945769248602,180.7614911168764,173.9022625105705,173.93826293945312,2969600
2023-07-28,175.4685490431766,176.5937513955349,170.07658816131914,170.1035919189453,1714400
2023-07-31,170.43662592142462,172.55201157118026,170.13057421667912,171.30978393554688,1812500
2023-08-01,171.7058731455613,173.14613760187783,170.72470002407783,172.14695739746094,2243700
2023-08-02,171.18378183271795,172.77707219469585,169.3474576543724,171.58885192871094,2236400
2023-08-03,170.43665615000924,171.3008176444517,165.34173634106827,167.205078125,2493000
2023-08-04,165.78281910694417,169.0504112708567,165.04469347517022,166.3229217529297,1687500
2023-08-07,166.5299284528102,167.4390869012487,164.04548689738567,165.19769287109375,1559600
2023-08-08,164.00948544085585,166.43092300199376,161.89411334596053,166.1788787841797,2047300
2023-08-09,165.56674792630284,168.51028076301,165.15268120350672,168.42027282714844,1475800
2023-08-10,168.48330903551843,170.42766212672558,167.8802021826255,168.27627563476562,1618300
2023-08-11,167.27706950365862,169.1403972935152,167.26807283036487,168.4292755126953,1073100
2023-08-14,167.3130650208791,168.6813147672135,166.47592116162505,168.46527099609375,1342000
2023-08-15,166.83597281152424,168.4652633556114,165.80079230953746,167.11502075195312,1487800
2023-08-16,167.20506936580654,167.5831357075132,159.68871216665048,160.21981811523438,2200300
2023-08-17,159.91373300701676,161.72306695604547,158.35645699023195,158.70751953125,2370100
2023-08-18,157.2492620966542,160.12078034605096,156.89819955510475,158.8335418701172,1511300
2023-08-21,157.72635530063363,158.32046539870663,155.32292488793397,157.54632568359375,1998500
2023-08-22,157.6723549448581,158.7705535146351,155.9170420621424,158.18544006347656,1658400
2023-08-23,159.74275612632292,160.66992189656276,159.08562797041915,160.08480834960938,1655700
2023-08-24,160.5888711540169,161.60605845635888,158.6805323963446,159.4636688232422,1055700
2023-08-25,159.4096669243997,160.72390933660736,158.13143867985826,159.8057403564453,1174700
2023-08-28,160.3638135974312,161.1739674304766,159.14860345093095,160.38182067871094,1381900
2023-08-29,160.84090118642806,163.51438278730026,160.0307610739002,163.37936401367188,1572900
2023-08-30,164.2795491709207,165.800825002,163.65843525310672,164.08151245117188,1858300
2023-08-31,164.80165684809958,165.19773031672383,162.68627070221183,163.21737670898438,1567100
2023-09-01,164.27053571834514,164.27053571834514,161.39000690180148,162.74024963378906,1654100
2023-09-05,162.53324869321722,164.22555765031868,161.5790791698752,162.4072265625,1715200
2023-09-06,162.2001682305375,162.2001682305375,158.55450993968466,160.23780822753906,2313300
2023-09-07,159.8867492189968,165.20670924254935,159.63470499065681,164.32455444335938,2404500
2023-09-08,164.63058476167427,164.99965438206226,161.00293394512542,162.83026123046875,1645800
2023-09-11,162.71324753879466,162.96529175250797,159.82373575466045,162.2811737060547,1393100
2023-09-12,161.44401697089967,161.68705075635737,157.88836703454476,161.29998779296875,1341500
2023-09-13,160.6608922395392,161.0659623479004,158.7615500790735,159.2836456298828,1639000
2023-09-14,160.7959184324215,164.02749623313227,160.7959184324215,163.00131225585938,1444600
2023-09-15,162.90228733368983,164.21651591254593,161.34501121503672,162.1551513671875,3514500
2023-09-18,161.948114466965,163.50539055171814,160.85891263374626,161.60604858398438,1499100
2023-09-19,160.6518748326954,162.02012459150265,159.39165382812212,159.65269470214844,1612600
2023-09-20,161.1199808158795,161.7680984722116,159.36465415100824,159.69772338867188,1885600
2023-09-21,159.11261357582015,159.11261357582015,152.2623809210562,152.41542053222656,2499200
2023-09-22,152.16332064956435,152.82044854948282,149.34582399962122,149.61587524414062,3732500
2023-09-25,148.57172836399735,149.34586816836898,146.7984082741621,149.17483520507812,2681100
2023-09-26,147.03241818738917,148.42767165872107,146.4113043769952,146.64535522460938,2702800
2023-09-27,146.6453791200111,147.13146050474577,142.37860674906648,143.74685668945312,3178700
2023-09-28,144.38595029145966,146.99642780811288,142.99071046013907,146.11427307128906,2694000
2023-09-29,149.07580727265398,149.41787317727352,147.36550522031632,148.0316162109375,2529300
2023-10-02,147.29349473065182,147.62655023525107,144.57500197187665,145.565185546875,2061100
2023-10-03,144.92601485420377,145.79917268849084,141.97348596097305,142.3155517578125,1783300
2023-10-04,142.6486508188343,143.53080559427963,140.0921944371226,141.93751525878906,2217100
2023-10-05,141.29841367624084,143.38678212904966,140.07419295032517,142.8647003173828,1486000
2023-10-06,141.1453874345468,144.43998325626862,139.1470269351667,143.6388397216797,1878700
2023-10-09,142.9097016282484,146.47434887885188,142.9097016282484,145.84423828125,1952100
2023-10-10,145.38051218885792,146.16247059584342,143.92570133312992,144.17120361328125,2793900
2023-10-11,145.19866486830793,150.75420320761702,144.41670645826412,150.5905303955078,2782300
2023-10-12,150.8178123039464,151.40883516318394,147.817288072824,149.3357391357422,1765100
2023-10-13,151.09061160296045,153.25463878791936,150.4541370997677,151.80892944335938,1969200
2023-10-16,151.29064322562243,154.86401560667872,149.5903441382623,153.82745361328125,2062200
2023-10-17,152.13622480932642,154.50027438104942,150.72687982716639,151.763427734375,1732500
2023-10-18,151.85436137093248,152.34536583426478,147.9354825714739,148.0082244873047,1728500
2023-10-19,144.08937434051938,147.7900281283735,143.6711117098449,144.96224975585938,2672200
2023-10-20,146.18066215153615,147.49907670884707,145.22594337758522,145.56236267089844,2560800
2023-10-23,144.12572924584944,146.61708817289093,142.98007513294326,144.83494567871094,2187700
2023-10-24,145.3986905980764,148.84475431241165,145.3986905980764,148.4174041748047,2404500
2023-10-25,147.4990274515764,148.48102238763707,145.92602359639687,147.23533630371094,2448200
2023-10-26,148.20828177630227,161.1378642780037,147.79912058302895,159.1738739013672,5013500
2023-10-27,159.57393525834144,160.05583834036148,154.75489056403822,156.38246154785156,2829500
2023-10-30,156.31881677593404,158.18278870968734,154.30027345486897,156.97348022460938,2568600
2023-10-31,158.27370262526819,162.4471712578124,158.21004824514083,162.0198211669922,2930700
2023-11-01,162.28349816720694,163.00181592449567,160.93780739128263,162.1925811767578,1781300
2023-11-02,164.86580561940332,169.61209481072297,164.22931724639514,167.43898010253906,2908000
2023-11-03,169.18477299761156,175.66773977642097,168.99382369458024,173.2764129638672,3417100
2023-11-06,172.70356922298217,173.44914969373067,168.4573580948632,169.75758361816406,1943800
2023-11-07,170.5031783991399,170.6031968145807,168.36642764840607,168.6210174560547,1544400
2023-11-08,168.83921888101116,168.83921888101116,166.55698460539062,167.68446350097656,1447300
2023-11-09,167.84817112999536,168.45736919933265,164.49302410520085,165.338623046875,1949300
2023-11-10,166.8843504853122,167.79360381750092,163.0473141876522,167.11166381835938,1738700
2023-11-13,165.70230183389194,168.4664253517146,164.60209939930755,166.95706176757812,1425200
2023-11-14,175.44950026473958,178.19543488755204,173.56733951669878,176.57696533203125,2910400
2023-11-15,175.58587239282392,180.7140594882432,175.23126422728276,178.10450744628906,3803000
2023-11-16,178.94102451669806,181.7142494272539,177.4407484794619,181.04139709472656,3260600
2023-11-17,181.9597591887332,182.31436740758022,179.16835887608684,179.79574584960938,2593500
2023-11-20,179.53203353213988,181.66878400617352,177.61350881101885,181.52330017089844,1945500
2023-11-21,181.45055633109473,181.45965774201687,178.9592115803857,179.61386108398438,1989300
2023-11-22,182.01430393275075,182.3780135472363,179.8775671783239,180.7504425048828,1393300
2023-11-24,180.02305237653792,181.24144837748548,178.5773291935147,181.23236083984375,614100
2023-11-27,182.287086582554,184.43292479465518,180.95958461500953,182.9508514404297,2525200
2023-11-28,182.55984720770812,185.0512058451298,182.33253391913652,184.77842712402344,2105200
2023-11-29,186.39692117027175,189.8702753365267,185.4785803582078,187.46983337402344,2933400
2023-11-30,186.8879072914244,189.9975656221419,185.74225318870458,189.83389282226562,2943300
2023-12-01,189.48836832179046,191.70694843150446,187.42437347099056,191.3705291748047,2093300
2023-12-04,190.2248731678948,190.7976932648362,188.84280438215555,189.78842163085938,2668500
2023-12-05,189.96118667139123,191.90698806473097,188.58821926329333,191.31597900390625,1738000
2023-12-06,192.5707460771166,193.95281494754124,191.50692140435095,191.63421630859375,2037700
2023-12-07,192.3979866276422,192.8071478012389,191.1704892327491,191.59783935546875,1964500
2023-12-08,190.761320483804,191.20684566385125,185.53311468386764,187.71531677246094,2364300
2023-12-11,187.2152239607968,189.1155736487612,185.58766687538886,186.9424591064453,2468600
2023-12-12,187.16975755506806,187.2879510245446,185.10574911820737,186.44235229492188,1712900
2023-12-13,186.37872163757945,193.15265536944895,185.17851459857872,191.8887939453125,2244500
2023-12-14,195.90769522257915,198.6536298221806,192.07064571351492,192.91624450683594,2975000
2023-12-15,191.06137460133152,193.47997750882877,189.42471610723766,192.89805603027344,3722400
2023-12-18,192.7980554780673,194.61656200120137,190.86135546532006,191.57057189941406,1804900
2023-12-19,192.26157813986225,193.8800476566928,191.53417283616147,191.8524169921875,1776900
2023-12-20,192.31611878719895,195.0438780957216,190.2794007162602,191.95242309570312,2991200
2023-12-21,193.6618321221662,194.88931554202222,192.34340396417363,194.8347625732422,1685500
2023-12-22,195.4530765737044,197.40796543003904,194.2710446231775,195.66220092773438,1106400
2023-12-26,195.7440388745335,197.2988680392163,194.98026947305235,196.61692810058594,1053100
2023-12-27,196.13119944267044,198.97222524038241,196.13119944267044,198.61480712890625,1860500
2023-12-28,198.60563255801802,200.0811305956322,197.57003047416526,199.01803588867188,1125400
2023-12-29,197.93660811880991,198.68811044124348,197.03848313447241,197.844970703125,1584400
2024-01-02,196.49778704649697,200.79597782695754,196.49778704649697,200.5301971435547,1566300
2024-01-03,199.32044912904797,200.69513608542385,196.68104569791385,196.75436401367188,1533500
2024-01-04,195.7921073000051,199.48543231249906,194.91230137383397,197.46006774902344,2033000
2024-01-05,195.84706902247024,198.18403968609678,195.24220339488895,196.3786163330078,1884000
2024-01-08,195.59046241069308,198.15654757770324,194.76565581388658,198.0282440185547,1703200
2024-01-09,196.44276719026985,196.50691197507444,192.70361707591582,194.16078186035156,1578800
2024-01-10,193.93168621268268,194.37158215591808,190.96235713175395,191.51223754882812,2088900
2024-01-11,190.88903807656934,191.30145537980914,188.8728331951162,190.30250549316406,2271600
2024-01-12,192.15377762093308,194.12417102348604,191.04487109633357,191.93382263183594,1763400
2024-01-16,191.5122529448457,193.2260251408376,190.2108841027933,190.6691131591797,2400000
2024-01-17,188.2404519750011,192.81358204950504,185.7843514512932,187.8280487060547,2629300
2024-01-18,188.10301994710045,189.51435923002296,185.61941241016825,186.87496948242188,2881000
2024-01-19,187.56232763796575,188.00222363279894,185.83938184747694,186.83831787109375,1986400
2024-01-22,187.04910262738164,189.4227257352856,185.0787093343477,186.9757843017578,2185500
2024-01-23,187.65393800487928,188.13965963381554,184.55631942517937,185.36279296875,2108900
2024-01-24,186.13263554866091,186.40756177642893,179.58912563102095,180.32228088378906,3308500
2024-01-25,182.73258271749083,184.7946134731602,181.4587064989056,183.4840850830078,2510500
2024-01-26,182.55843685138834,183.1358098854094,180.61555030191272,180.80799865722656,1831100
2024-01-29,180.61557374166475,182.65011195182885,179.40584227225187,182.47598266601562,2466000
2024-01-30,181.91692308652628,182.37515211193315,179.03924536633275,179.2225341796875,2428100
2024-01-31,180.45058047180635,184.08891996879123,178.48020130137627,179.3050079345703,2454100
2024-02-01,179.02093144098365,181.85278376477274,177.21550776901782,181.81613159179688,2700800
2024-02-02,178.70932333249564,179.2133780669082,173.51300776291254,177.3437957763672,2914000
2024-02-05,175.08931707422505,175.67584967967656,172.12916142359015,173.6413116455078,2489100
2024-02-06,173.64131152366986,176.48233713235612,173.34803822912968,175.6575164794922,1777000
2024-02-07,176.22570450610903,177.66455029346366,174.6310765192527,177.44459533691406,2254800
2024-02-08,176.53733398349542,178.02199167858578,175.62087585387593,177.46295166015625,2001100
2024-02-09,177.24296657424054,178.2602354847206,175.63000557428862,178.1960906982422,1903900
2024-02-12,178.70017226427737,179.0850829931703,175.44674317039454,175.74917602539062,1589700
2024-02-13,172.44991684992544,172.93563851814935,168.67411399987077,172.6790313720703,3512500
2024-02-14,173.07308948392406,174.15450315279057,171.2310000542902,172.7431640625,1818100
2024-02-15,174.0995602648916,174.79606344220196,172.05586245438263,173.63217163085938,2411900
2024-02-16,171.17602975013327,171.93669159323116,169.56306865134772,171.49679565429688,2127500
2024-02-20,171.46014765725184,172.94481933242557,170.25043020108052,172.66070556640625,2241000
2024-02-21,173.41220088774173,173.81544468473993,171.03857779109595,172.49574279785156,1863200
2024-02-22,173.21972645860978,173.21972645860978,170.1037747638508,172.3032684326172,2149700
2024-02-23,172.40409453426972,175.2909459604101,171.79006928094842,174.06288146972656,1458600
2024-02-26,173.39384472162317,175.3917303632503,171.12103287687015,172.03749084472656,3310700
2024-02-27,173.3846997459185,174.68606849154548,166.02554276435612,171.08438110351562,4672100
2024-02-28,170.91941140731544,179.4699659456159,170.91941140731544,177.57289123535156,4059100
2024-02-29,178.89261671739212,184.02478762494036,178.8376314693322,182.24685668945312,4676900
2024-03-01,182.2835009451791,185.17035219933973,179.76324130223446,184.90457153320312,3473500
2024-03-04,184.60214270966225,189.26692492348334,182.36599676083006,188.92782592773438,2851800
2024-03-05,188.73539700086377,192.09879679302125,187.5439985878932,188.2588348388672,2469900
2024-03-06,189.21193207352115,189.91759469201634,187.86473764324512,188.7995147705078,1865400
2024-03-07,190.2841862768132,190.55911250007392,186.77415032477305,187.62644958496094,2085800
2024-03-08,189.3402588257772,191.6863894454183,188.689567388216,189.99093627929688,2156000
2024-03-11,188.72618937745528,190.91653742387152,187.7455865883774,189.47769165039062,2006300
2024-03-12,188.52461512127257,189.01033682960283,184.73963842801814,187.12242126464844,1746100
2024-03-13,187.23238769230406,187.91973124918914,184.47383993421937,185.44529724121094,1690400
2024-03-14,184.22640584117684,185.62858557483764,179.81824474531143,182.54928588867188,2010400
2024-03-15,179.24085973330122,182.1460299543628,178.8284564245521,180.85382080078125,3346800
2024-03-18,180.17566275119614,181.30290226549099,179.17671282372336,179.54330444335938,1833500
2024-03-19,179.7815786506725,180.43227003601717,178.4343841635276,180.20315551757812,1463500
2024-03-20,179.0942503033702,180.28564869723047,177.61875211996727,178.37025451660156,2154800
2024-03-21,179.49748237926292,180.12984069991035,177.4812773745609,177.73788452148438,2658000
2024-03-22,178.47103370809916,178.47103370809916,175.54753048744675,176.68392944335938,2581900
2024-03-25,177.50876209955862,179.82739984939417,177.36212545525882,179.2225341796875,2144800
2024-03-26,178.94760224461987,179.14006459717046,177.70121867850176,177.884521484375,1823400
2024-03-27,179.30500523472816,181.2295726619219,177.81118817781217,180.89048767089844,2494200
2024-03-28,181.79779827256914,181.79779827256914,179.6349564847757,181.0829620361328,2170500
2024-04-01,180.1298438732861,180.15733649779506,176.13408596417403,176.8855743408203,2195800
2024-04-02,175.80417173824043,177.63708807103671,175.3551022024503,176.1249237060547,2321300
2024-04-03,175.3825610654595,177.1055065614936,174.29197381995021,176.24403381347656,2270400
2024-04-04,177.87534755147158,178.5260389491526,174.20951518694704,174.4019775390625,2265400
2024-04-05,173.43969713184993,176.17991191207153,173.0089607018877,174.2828369140625,2538800
2024-04-08,174.21869279785628,174.57611090240655,171.0477415753008,172.48658752441406,2296800
2024-04-09,173.54965264750587,176.8672402248954,173.06393101038137,176.7022705078125,1962900
2024-04-10,171.551784449855,171.82672466139522,165.45733003286696,166.7587127685547,4136500
2024-04-11,168.3029244875959,168.55259489060012,164.90006998444025,165.1867218017578,3688600
2024-04-12,165.31617572876996,166.14839158156065,163.790441962101,165.7045440673828,3839000
2024-04-15,165.70456974349776,166.70323738738614,162.7640601056544,164.70590209960938,2562800
2024-04-16,164.54869732351435,164.54869732351435,158.82485997802104,159.24098205566406,3848700
2024-04-17,159.93448850004492,160.30435908719863,158.19606569917383,159.06527709960938,2732800
2024-04-18,160.64650234876592,160.95165195580768,157.81695122303637,158.12210083007812,2276200
2024-04-19,158.8618356207025,159.98070325879658,157.83542856966523,158.3994903564453,2867400
2024-04-22,158.70464724290514,159.91598963357654,158.1313294942196,159.32418823242188,2603800
2024-04-23,159.49989150232574,162.81028564370678,158.51970758453734,161.06260681152344,2659000
2024-04-24,159.6663384967557,162.22773563866957,159.37968664264977,160.29513549804688,3029300
2024-04-25,158.81560926520058,160.17490556497674,158.38100355794379,159.87899780273438,1862300
2024-04-26,159.71257737828,161.76539184235799,158.42725788137176,158.76014709472656,1701400
2024-04-29,160.21187496738347,162.3386659926382,160.15639579353765,161.8115997314453,2104800
2024-04-30,162.31096165760516,163.5962811995998,157.62278702387195,158.6399383544922,3710600
2024-05-01,160.2303816438781,165.34391939283373,158.58443354980153,163.52227783203125,3877100
2024-05-02,164.60416947685718,166.16689885647557,162.16298684463254,166.11141967773438,3278100
2024-05-03,169.6807341547757,170.96605359297862,167.5262032486431,168.05328369140625,3130300
2024-05-06,168.5526227373426,168.94099114525736,164.15110000464844,165.2329864501953,2297900
2024-05-07,166.42579865167355,167.78509486781977,165.73228074995234,167.62789916992188,2594800
2024-05-08,166.39807101367572,167.84984203150177,165.06651428920463,167.6741485595703,2014400
2024-05-09,168.88548754330435,173.61065698762005,168.25670471939407,172.33457946777344,2588000
2024-05-10,172.4270750317119,172.6490058779977,168.75605184365517,170.59619140625,3158100
2024-05-13,171.40063818051806,172.20511443110536,169.2646053016085,171.0677490234375,1842700
2024-05-14,172.32533747747368,173.48120070531957,171.4376283102383,172.88015747070312,2008300
2024-05-15,176.75460685386463,179.63039525433751,176.75460685386463,177.55909729003906,2815200
2024-05-16,177.216945849876,181.4335467904915,177.0874897317206,180.25918579101562,2616900
2024-05-17,180.83250026473215,180.83250026473215,178.6409879513419,179.861572265625,2157300
2024-05-20,179.38997657629398,180.3978859449664,177.22620395648568,177.31866455078125,1733500
2024-05-21,177.07823699642773,179.6951128968968,175.95011341786065,179.5101776123047,1527300
2024-05-22,179.0108362849076,179.6118935950966,175.894633714446,176.93028259277344,1681100
2024-05-23,175.4877810660037,177.14298514260838,172.4640388511148,172.54727172851562,1768800
2024-05-24,173.05582743533486,174.31340712335307,171.5670751142961,171.92770385742188,1257900
2024-05-28,172.51026489950058,173.5736674863856,170.94753562922267,171.09548950195312,1828300
2024-05-29,169.5420362697969,172.4363084088481,169.25537031627005,171.36367797851562,1977700
2024-05-30,172.36232614994066,176.63440641450552,171.38215634900203,176.4124755859375,2850400
2024-05-31,177.42964078389224,182.33974572140272,176.77310423506034,180.9989471435547,7331900
2024-06-03,181.23935576102366,182.93154123501267,180.30542334397714,182.1363067626953,2333200
2024-06-04,183.08873776369396,186.39913178611576,182.16404716892782,185.31724548339844,3236300
2024-06-05,185.1785370459899,185.7610966471641,182.81133133468887,183.26443481445312,1737100
2024-06-06,183.08874336773528,184.96586420379336,181.94212191565197,184.46653747558594,1865800
2024-06-07,181.11913874543126,181.68320056161173,177.3094180844697,179.63038635253906,2143300
2024-06-10,179.2605211310742,181.30409357502194,178.18787664366582,180.05575561523438,2874700
2024-06-11,180.05574906719403,181.55374327673482,178.59473627223394,178.71495056152344,2781800
2024-06-12,183.04250389423396,183.86547797484576,179.06633143916494,179.22354125976562,3331500
2024-06-13,179.4084459723453,182.62636480401088,179.38070638747672,181.96058654785156,1531300
2024-06-14,181.74615714733025,184.37543695834705,181.74615714733025,183.70413208007812,1933200
2024-06-17,181.6809128443656,181.7927922570681,179.1914963242622,179.27540588378906,1779700
2024-06-18,179.55513721662786,182.72517753656987,179.5364859036541,179.74160766601562,2407800
2024-06-20,178.865166975647,181.48511428649755,178.5668171252167,181.03758239746094,2236300
2024-06-21,180.9723103355394,183.08877166126138,179.86279212660452,181.6715850830078,2828400
2024-06-24,181.53172051052073,185.2705185764057,180.6180054961316,183.107421875,1792200
2024-06-25,183.070143056248,184.07708621966844,179.19149552956864,179.64834594726562,1345100
2024-06-26,178.40830664389787,180.189115558853,177.5039101468602,179.63902282714844,1828500
2024-06-27,180.179797073425,182.19371180313635,179.17283970856928,182.10980224609375,1599300
2024-06-28,182.91161589677085,184.49665000545397,180.6832609845787,181.23336791992188,2393900
2024-07-01,181.25202515874827,182.6599075487794,178.66004766643044,180.89773559570312,1691700
2024-07-02,181.20540648608699,182.03521197159708,178.59477785103658,179.26608276367188,1913600
2024-07-03,180.01197410506114,181.88602530612764,179.4525486165255,181.61563110351562,1182600
2024-07-05,181.79277691833764,183.0794469629812,180.38490892908644,182.40814208984375,1018500
2024-07-08,181.93267362336974,184.0398167213762,181.35459673845708,182.90232849121094,1508800
2024-07-09,182.32423884110003,182.9582411172162,179.7042917277249,182.70651245117188,1577100
2024-07-10,184.0397935423561,184.13303586821306,180.6926017551016,183.46173095703125,1576900
2024-07-11,187.48956551004616,193.36347697454934,186.47328949671697,193.1863250732422,2256000
2024-07-12,194.92052134339428,197.838832788386,193.46603200556535,196.36569213867188,2238600
2024-07-15,195.79694149097455,196.9251110803019,192.93456985079874,194.71539306640625,1585400
2024-07-16,196.20716176566907,196.92508778303386,193.09306181241652,195.936767578125,1329400
2024-07-17,196.07662146411474,198.76182653846388,195.4332864876543,198.7058868408203,1759700
2024-07-18,196.55215139337955,199.9552971662698,195.49857284694423,196.40296936035156,1736300
2024-07-19,197.54044948172566,197.54044948172566,195.16292672529502,195.92745971679688,1404100
2024-07-22,195.76895917935033,198.06257238100255,194.1466366457374,195.20953369140625,1476200
2024-07-23,195.38668414504625,197.83881212426294,194.83659142954153,195.34939575195312,1123600
2024-07-24,196.0300461655069,198.41690200186702,194.46367735793916,195.22821044921875,1922800
2024-07-25,196.30041368401743,201.26060971255473,194.97645511612822,195.72235107421875,1926600
2024-07-26,196.5521606734732,199.63829121519333,195.85288586576806,199.26535034179688,1548200
2024-07-29,199.26533833091145,201.00885886046038,196.7293007096867,200.39349365234375,1607800
2024-07-30,205.12060463250126,208.34659858332375,202.8922495421558,207.96432495117188,2447700
2024-07-31,206.51913891133935,207.29300466052334,203.2558568066455,205.4935302734375,2924200
2024-08-01,207.73120717375642,213.71699690185847,206.99462985568482,212.5142364501953,3047000
2024-08-02,214.44426734433796,220.0384656228859,213.31609776504675,218.77044677734375,4750500
2024-08-05,216.1971038189553,220.1596606236911,210.72410392267398,210.89193725585938,4329600
2024-08-06,209.80109921088763,215.050312566318,209.13911278217847,212.72872924804688,2823200
2024-08-07,211.04113238451117,214.22982364523548,209.8290532647924,210.68682861328125,3315700
2024-08-08,208.71952651825887,210.29522788707547,206.51914141760503,208.48643493652344,2942100
2024-08-09,209.6332244553241,210.15534727958664,207.30230882788067,207.535400390625,2071500
2024-08-12,206.59372609737457,210.3977823018888,204.92478245631662,210.285888671875,1455700
2024-08-13,210.5842776707594,210.86399043876932,207.01331261766992,207.6007080078125,5449800
2024-08-14,208.12284339707253,209.98757632654954,207.73125118909633,208.08554077148438,2313700
2024-08-15,206.30470025200188,206.47251936126932,202.78967523116305,203.31179809570312,1858400
2024-08-16,203.16261768268402,205.5308361286554,202.32349367612224,204.98074340820312,1986200
2024-08-19,204.57981582918168,205.95971399659842,204.22551207570103,204.8035888671875,1261900
2024-08-20,204.80357917772673,206.0342952615799,203.53556047591363,205.47488403320312,1631000
2024-08-21,203.6008206552912,205.12058224906997,202.34213470937652,204.64508056640625,2262500
2024-08-22,204.1975617324426,205.69867221720304,203.675438820662,205.21385192871094,1926500
2024-08-23,206.0250028139206,212.28117333832176,205.64272917870696,211.6471710205078,1804000
2024-08-26,212.32778173531477,212.94314693156468,209.80107693149603,210.0714569091797,1142400
2024-08-27,207.16250249184873,210.98519637660715,207.16250249184873,210.86399841308594,921500
2024-08-28,211.13437029175032,212.25320713623498,209.01789456163507,210.01553344726562,1105500
2024-08-29,209.07380113787605,210.94785207221412,206.2860210871928,208.40249633789062,2003200
2024-08-30,208.73815624915125,210.41640408272596,206.45384760286856,208.90597534179688,1796800
2024-09-03,207.77786043620506,216.019976097165,207.7405578127572,214.78924560546875,2660100
2024-09-04,215.7775179419044,220.1596507700838,214.68665111875555,216.79380798339844,2261800
2024-09-05,218.53734849388533,219.50700323937252,216.43020566176466,217.83807373046875,1990800
2024-09-06,218.17372262886911,220.4486987650449,216.80314297677603,220.18763732910156,2750000
2024-09-09,219.4790277107661,223.04067390917774,219.14337526393558,222.3973388671875,1984000
2024-09-10,223.16189371245335,227.0871481167593,222.97540905923216,226.40652465820312,2016800
2024-09-11,223.9636953837789,224.84944044512048,220.78432316741677,222.80755615234375,2216500
2024-09-12,222.83555080374387,223.30173396442115,218.11777949397467,221.10134887695312,2003800
2024-09-13,221.68876128212648,222.63044621756367,219.44175486021385,222.369384765625,1983400
2024-09-16,222.76096277622875,225.6046829398275,222.76096277622875,224.0662841796875,2255500
2024-09-17,223.93575042735372,225.12919248296765,222.98474696257887,223.255126953125,1526000
2024-09-18,222.70501058283355,224.02896899543714,219.44172859736855,219.9918212890625,1828100
2024-09-19,218.17373922373875,218.69586213533944,212.29982801466625,216.59803771972656,3434300
2024-09-20,215.99200820355583,219.42310979921885,215.13423280464005,219.16204833984375,3683000
2024-09-23,220.0664186147526,220.8682542089795,217.4185017135497,220.29019165039062,1762000
2024-09-24,218.39749635914603,220.98947364330655,217.93131318966707,220.47666931152344,1616100
2024-09-25,220.57922660762978,222.22018621599423,219.2552681349526,219.6934814453125,1447200
2024-09-26,217.3532447859929,218.19238305955645,214.68667638443924,216.0945587158203,2312500
2024-09-27,217.34391048391828,217.70753277472775,214.36965968707068,214.74261474609375,3051000
2024-09-30,214.56547232474222,217.036237457461,213.27880221129092,216.83111572265625,2256400
2024-10-01,217.6982260995662,218.61194114711094,215.469871072521,216.374267578125,2279900
2024-10-02,215.36730755757256,217.28797995559387,213.99672788970662,216.19711303710938,2229500
2024-10-03,215.93606132832562,216.0386222001609,212.30915664510712,213.77296447753906,1590900
2024-10-04,210.59358750726534,210.71479968797462,206.5284695636827,208.53306579589844,1942500
2024-10-07,207.24640408316827,208.42118063589612,206.40728000647442,208.26268005371094,1658000
2024-10-08,208.41183977067942,210.3604819407348,208.0948386402627,209.11111450195312,1630900
2024-10-09,208.49128407845774,209.13929982181835,206.05888920347883,207.34552001953125,1574000
2024-10-10,206.21854165025536,208.04049479229303,203.33534451036692,204.64076232910156,1924300
2024-10-11,205.73020138940166,206.31246981696023,204.3496497115581,205.92742919921875,1613900
2024-10-14,204.4623496788807,208.481910470994,203.8049332246999,208.2095489501953,1501800
2024-10-15,210.36958473586327,215.7509098329198,209.77791569310062,215.4691619873047,2310100
2024-10-16,214.37036156910244,216.990597944066,213.0085970131173,213.67539978027344,1518100
2024-10-17,212.43571123586452,213.67539602163012,209.7027815011191,210.5198516845703,2021700
2024-10-18,212.12579064567583,213.24338135807932,210.54802563778205,212.52963256835938,1441900
2024-10-21,211.39326384659478,214.12619370552736,206.8759547722327,207.99354553222656,1295700
2024-10-22,206.23732670610175,208.94206871198276,205.90861850430937,207.98414611816406,1971500
2024-10-23,208.02171553509513,212.96163915142554,208.02171553509513,212.50146484375,2712800
2024-10-24,212.24789154095876,214.8775143022147,212.06006441450288,212.18214416503906,1618300
2024-10-25,211.92858421507245,214.04167163307102,208.3879848399889,209.24261474609375,2054200
2024-10-28,211.6186634602575,211.90979765673586,208.34102492153295,208.69790649414062,1935000
2024-10-29,202.06750941313837,206.61299179332156,198.67717747459085,199.9544219970703,3591100
2024-10-30,200.59302263783556,203.8894479407379,199.50360532034392,200.48971557617188,2437800
2024-10-31,198.42359263793165,203.12872854708664,196.93973405451754,200.5460662841797,1961500
2024-11-01,204.50927469427143,205.59869200491175,198.08549289201036,198.40480041503906,1989000
2024-11-04,200.08589771947027,201.39131556374863,196.90217999391135,199.20309448242188,2333800
2024-11-05,198.0949038691413,200.92175455833265,196.7519262392227,200.8372344970703,1302400
2024-11-06,188.58130463308564,190.78829832152755,182.5895236267073,185.4539337158203,8133500
2024-11-07,187.32286448703772,188.69401545608468,184.1109588904117,185.82960510253906,4924500
2024-11-08,187.07868150574336,190.85406860645128,186.11135812956152,189.52047729492188,3981600
2024-11-11,187.55766359330312,189.8585783595892,183.93254381158116,184.14854431152344,2699000
2024-11-12,183.23753139128652,184.06398786114667,180.07260092056535,181.93211364746094,2953300
2024-11-13,184.26122506456187,185.7544701085217,183.15303495554767,183.28451538085938,2354800
2024-11-14,183.04970856084677,184.83408762033199,181.72550377623097,182.91822814941406,2282800
2024-11-15,183.13423765511905,184.75896303311637,181.9603002342529,184.49600219726562,2587300
2024-11-18,182.80552953875483,186.9941445638777,182.31718188923384,186.74057006835938,2374200
2024-11-19,187.12563963267849,189.49230167213312,186.16770260927916,188.91001892089844,2514400
2024-11-20,187.83000700652462,189.28569242688366,186.81572324905432,188.65646362304688,2243400
2024-11-21,188.13051999699033,191.12639622256467,186.6184880433838,190.468994140625,1961700
2024-11-22,190.74135269686357,192.70417257200216,190.45960485744547,191.87771606445312,2016000
2024-11-25,192.9671443570857,195.38075231415988,192.24399487192096,194.9205780029297,3605900
2024-11-26,194.00020790354867,196.12268158627893,192.87321652340378,195.3431854248047,1791400
2024-11-27,195.3432042800429,196.91158309477166,195.18355049617983,196.56410217285156,1669400
2024-11-29,196.56409649690835,197.00549814025715,194.90179699600526,196.2823486328125,1610200
2024-12-02,194.9111722026314,195.8221487906694,193.19254042343687,194.71395874023438,2374800
2024-12-03,195.7470362883616,196.62983962029531,193.96265694147309,195.14598083496094,2551200
2024-12-04,193.96265005457204,195.28685500545495,192.22521680721857,194.87362670898438,2529200
2024-12-05,192.80748264174312,196.57346868547123,192.80748264174312,196.43260192871094,2291100
2024-12-06,196.82705856676404,197.8413422856113,192.54453686293687,194.4979705810547,2677900
2024-12-09,194.1129067140925,197.26845113971785,193.55881167927782,196.3199005126953,2854200
2024-12-10,194.72335467968603,195.38075680390105,186.70302010367988,187.3885955810547,2653300
2024-12-11,187.37921324038348,188.38409629521678,186.0268349386746,187.4449462890625,2356800
2024-12-12,187.41675990712758,188.3840831998002,185.36941991457107,185.81082153320312,1922600
2024-12-13,185.1815687005262,186.49638714660924,184.18607210852727,185.1627960205078,1995500
2024-12-16,184.55236421453938,186.6466790649575,181.79127520899482,181.9415283203125,2218800
2024-12-17,179.56547538203432,184.77776069723967,178.82355319460115,181.5001220703125,2637400
2024-12-18,180.1007833737832,181.1620130340888,173.3107191644258,173.60186767578125,4186100
2024-12-19,172.27766369367143,173.27316031646424,168.14539544567356,168.48348999023438,4709800
2024-12-20,171.0003963636027,175.16082307619322,170.7656089148934,172.54998779296875,5750200
2024-12-23,171.52635057191748,173.37647716597496,170.02370488233157,173.1604766845703,2594100
2024-12-24,171.50756361314436,173.50795764283893,171.43242989561264,173.47039794921875,788400
2024-12-26,173.17924656066222,173.17924656066222,171.47938742915994,172.78480529785156,1464600
2024-12-27,172.44370482435153,174.65136497816798,171.97942810662903,172.32052612304688,1640900
2024-12-30,172.32051187251358,172.66160986072336,170.40658681528518,172.36788940429688,1887000
2024-12-31,173.34382524415346,174.38607322970142,171.67624292487116,173.77967834472656,2115500
2025-01-02,174.4239534630185,174.99245495011206,171.0887890753561,171.52462768554688,3142800
2025-01-03,171.7330907941424,174.0828691745372,170.65294944965822,172.97430419921875,1817300
2025-01-06,172.03628700572864,173.8459873960827,170.42553756383523,170.79505920410156,2262400
2025-01-07,170.6718948189567,171.45831563375359,167.61148244800657,167.8673095703125,2096000
2025-01-08,167.27988443089657,169.90444396961556,165.60281784907014,169.78126525878906,2048300
2025-01-10,164.44688295953793,167.25146860416743,163.45201241685265,164.35214233398438,3539200
2025-01-13,165.48910105052735,167.8957264758289,164.6553027342371,167.64938354492188,2409800
2025-01-14,167.59254333131216,170.8329672090801,167.0050879212416,169.41172790527344,2124300
2025-01-15,174.3860576476539,175.57042368104248,170.61504024547074,170.85191345214844,2230700
2025-01-16,171.49621360152364,180.52581971354883,170.93719626457886,180.08998107910156,3544800
2025-01-17,180.74375625388367,181.68177951189986,179.48358885143205,180.3931884765625,2882500
2025-01-21,181.26486600711777,183.59570492330758,179.3888340964639,179.9573211669922,2460800
2025-01-22,178.56452417691943,179.0477403671017,174.00707103342634,175.5609588623047,2753700
2025-01-23,176.0347088959328,176.8211297796872,173.73230796607427,176.60321044921875,1684000
2025-01-24,176.23366063441046,177.13377590204615,175.18194304909494,175.36196899414062,1218200
2025-01-27,180.02366367797057,182.72402441617825,178.10025411212408,181.95654296875,2862400
2025-01-28,180.23211285457222,181.26487671600148,176.3947634570246,177.11485290527344,1997200
2025-01-29,177.02955729843018,177.92967259750154,173.5048828060386,173.9881134033203,1735100
2025-01-30,176.4515866850873,177.4748806822112,174.38605924359905,176.06312561035156,1457000
2025-01-31,175.55147442483323,177.77808840959986,174.6608288309266,175.23880004882812,1570200
2025-02-03,175.11565496694274,176.7074361924624,172.58583605319265,175.6367645263672,1832100
2025-02-04,174.12078550063939,175.12512572613917,172.57636734769426,174.46188354492188,1450200
2025-02-05,177.00112540779404,178.33709370865648,175.11562401258945,177.61700439453125,1869700
2025-02-06,178.42236648049888,179.90045293218338,176.91585640148142,179.78675842285156,1407000
2025-02-07,179.81520620988732,179.81520620988732,176.88745654048319,178.924560546875,1588200
2025-02-10,179.6162373976597,180.10892330004575,177.39909300654483,179.9099578857422,1957900
2025-02-11,179.24669364262982,183.33986976778826,179.07615186621177,183.26406860351562,1825700
2025-02-12,179.45513868392473,180.50685631797464,177.24749308238296,179.56884765625,1766400
2025-02-13,179.9383742505956,180.73426479086126,179.2088006932218,180.01417541503906,1855000
2025-02-14,180.63952389046358,183.38726210109795,179.18039111885392,179.43621826171875,1776000
2025-02-18,178.65925164269947,180.63950825331747,178.29919972891665,179.59727478027344,2301200
2025-02-19,179.45513120780922,180.81952315812447,178.46027533016442,178.65924072265625,2470000
2025-02-20,178.6213633953757,182.83770385785255,177.2001240625682,182.2786865234375,2848500
2025-02-21,182.21236849630355,182.86614095074165,180.52583218714784,181.49227905273438,3304300
2025-02-24,180.68688129713337,183.46304283014615,179.502515249751,181.9186248779297,2393200
2025-02-25,187.13932052154686,195.43936771356096,184.78007241499043,193.0516815185547,5179700
2025-02-26,193.84755421775913,194.6150210952522,189.11009007758656,190.1902313232422,2512100
2025-02-27,189.54594636300575,193.44961225445903,188.8637503586129,193.26011657714844,2553100
2025-02-28,194.23606056675249,195.50569768795128,191.97155292674148,194.82350158691406,3466800
2025-03-03,194.23604577156252,199.2482768840335,194.22657604723446,198.60398864746094,2229700
2025-03-04,200.63161711489238,203.8530871202403,196.07417868042083,196.24472045898438,4031300
2025-03-05,193.6675470812918,198.56609820078808,192.06629619073624,197.7322998046875,1969800
2025-03-06,197.42907397879017,198.04495298541585,193.55383182066535,196.06468200683594,2416200
2025-03-07,197.07852652232643,201.80652137776437,196.02680880729292,201.1432647705078,3599400
2025-03-10,202.2802542229778,205.90915358185208,201.1622051394217,201.88230895996094,4156600
2025-03-11,201.92021353289792,203.33198316587246,198.2344667112985,198.7650604248047,2698100
2025-03-12,197.08797855106792,197.86492961205184,194.41605628587445,195.83729553222656,2519800
2025-03-13,196.07419009171633,198.02602322270582,194.24552121099276,196.86061096191406,2691100
2025-03-14,196.86059361410324,200.1389107808738,195.16457331530427,199.8546600341797,3789000
2025-03-17,201.05800108183547,204.97115159144192,200.25264074895918,201.52227783203125,3097600
2025-03-18,201.52227144653125,204.93323728361085,200.27157385261916,203.58779907226562,3996500
2025-03-19,203.00981821489538,204.2984091033396,200.52739150855484,202.53607177734375,2244200
2025-03-20,203.61621304823194,203.83414681894288,201.49383826115698,203.01930236816406,1839300
2025-03-21,202.63083497220637,208.07891922248663,201.4748924616263,204.8763885498047,6326100
2025-03-24,202.6781977377236,205.61541687968145,201.25695847166847,201.62648010253906,2879900
2025-03-25,200.88744193502214,201.4180356279229,197.26801223937323,198.499755859375,2646600
2025-03-26,198.49976180392858,200.44212513314696,196.7468941624791,198.99246215820312,1607400
2025-03-27,199.98735074468354,203.75836876669487,198.65138216961068,202.8013916015625,2458400
2025-03-28,204.31737831903703,204.4879345672847,202.15709555853306,204.2415771484375,1907500
2025-03-31,205.1795833330335,207.85150570123145,204.39316251815708,206.17445373535156,3281300
2025-04-01,208.52422626106406,209.11166719627636,206.17444806262142,207.91783142089844,2124800
2025-04-02,208.3347407852235,208.9032278433179,204.93323033042418,206.4586944580078,2794100
2025-04-03,213.1858999134718,218.8992808745453,208.4484354709502,216.20840454101562,5852900
2025-04-04,220.9079662568614,221.5238453231227,208.47686389996124,208.60951232910156,9877200
2025-04-07,205.93759473275426,210.25816019322536,200.5274037249765,202.18551635742188,5082200
2025-04-08,203.79625440504975,205.31224890257843,191.4030449291772,193.91390991210938,5455000
2025-04-09,191.49778337501158,200.81163996565306,187.1298406924437,196.5858154296875,5646900
2025-04-10,196.84163601285044,201.97704543168004,192.81479147347804,197.3817138671875,3565200
2025-04-11,197.286199739441,204.19293202546578,195.97744448528445,203.68663024902344,2555400
2025-04-14,203.4764660197848,209.04580014876078,201.7187385440884,208.0522918701172,2080600
2025-04-15,209.4756717096755,210.94682423695565,206.3614362897062,208.262451171875,3854900
2025-04-16,210.45006570032663,210.67932561812967,206.82951401519472,208.25289916992188,3376800
2025-04-17,209.15086962848127,214.32853162619256,208.50126585902981,212.7045440673828,2599000
2025-04-21,211.4340072872599,213.55474894176982,205.51122145122014,208.24334716796875,2781000
2025-04-22,209.95332266726632,212.28422913161626,208.0905128540512,211.09011840820312,2747400
2025-04-23,209.94376202895788,210.08704947627606,200.0087526794253,203.09434509277344,7046000
2025-04-24,204.74700465277593,205.6545258953465,201.3366173995792,201.47991943359375,2885500
2025-04-25,202.0244308193723,202.32056795572342,199.12990750209605,201.39395141601562,2464500
2025-04-28,201.0404617137279,204.04962923172215,199.99920074811382,201.8524627685547,3390200
2025-04-29,202.1772578276622,211.85433501011485,200.95448971214853,211.4340057373047,3174900
2025-04-30,211.46268230927285,215.9811932466551,210.7271060154744,215.33160400390625,3491100
2025-05-01,214.81572928033432,215.74236033006406,213.09622156993137,214.01329040527344,2253000
2025-05-02,215.44620830237784,215.87608520022368,211.30025982498807,213.60250854492188,2732600
2025-05-05,215.03545852734908,215.9143222445384,212.50393512284128,213.86044311523438,1832900
2025-05-06,214.2807600924746,215.53218568932712,212.4179504415664,213.80311584472656,1637100
2025-05-07,212.6281383242776,214.9017298566347,209.4661353907171,209.67630004882812,3571500
2025-05-08,209.15089401613776,210.06796293382527,207.82304340964723,208.13829040527344,3007500
2025-05-09,207.3644956542395,210.72710090554128,206.89639901016466,210.13482666015625,2499800
2025-05-12,207.71794738901107,207.71794738901107,197.66830762878317,198.62359619140625,4450800
2025-05-13,199.17765592209847,199.17765592209847,192.7008009388129,194.8406524658203,4525300
2025-05-14,193.82803885368196,196.01565777222584,192.02254409690485,195.35650634765625,4060300
2025-05-15,197.0187119930546,202.30145640636556,195.83414896638422,202.21546936035156,3115600
2025-05-16,203.4382428644077,203.91588710851627,201.94798057849067,203.83946228027344,2812700
2025-05-19,204.08784528139716,205.86468256782868,202.47340529931384,205.51123046875,1733400
2025-05-20,203.96367011170798,206.20860422247446,203.87769763339293,205.7691650390625,1755900
2025-05-21,205.99841745179484,206.87728114775894,203.91589545894328,204.17381286621094,2231500
2025-05-22,204.84251961833112,206.01753504622718,199.72218691286153,200.8685302734375,1969800
2025-05-23,203.59107890758892,203.982750687982,201.1455426984298,202.38742065429688,1573200
2025-05-27,201.58499058522304,205.3774872324388,201.58499058522304,204.14515686035156,1867000
2025-05-28,203.47645118469634,203.5719858656361,201.30794220096652,202.96060180664062,1787600
2025-05-29,202.19639477452267,204.52730136224517,201.23154392994624,204.1547393798828,1790600
2025-05-30,203.59111338216346,205.74051285478444,202.82689411980334,205.05270385742188,5861500
2025-06-02,203.83947814754745,204.85208169163346,201.47035201723858,204.53683471679688,2142600
2025-06-03,203.61975503421613,204.79477048294825,202.2632469995497,203.84902954101562,2035500
2025-06-04,203.71527917227263,206.79130940725784,202.70267566197555,204.77565002441406,1579000
2025-06-05,205.51122921935982,207.47912128855813,204.49862569455263,206.552490234375,2526800
2025-06-06,205.69273334700037,206.46651472431878,202.60714089892718,203.03701782226562,2516300
2025-06-09,202.62626270673,204.36488035470865,200.9736175331825,203.31407165527344,1777800
2025-06-10,204.37443899810575,205.76915214743994,203.21853341472485,205.0144805908203,1625000
2025-06-11,205.01447215708964,206.0652953714807,203.4191420600023,204.77565002441406,1577900
2025-06-12,206.13217150253195,208.03320105081477,204.95717061416977,207.96632385253906,1738000
2025-06-13,207.48490555569802,209.27572713793623,206.10809861704462,206.81094360351562,2455600
2025-06-16,205.077899107874,209.23723256412475,205.077899107874,206.9842529296875,2424500
2025-06-17,207.11906066710833,207.73525662945622,204.8660955570805,207.13832092285156,1659500
2025-06-18,207.59082207957204,208.60177238838622,205.64594778646244,207.4656524658203,1665700
2025-06-20,207.13831607067712,210.71033682693604,206.32956164365368,209.3912811279297,4018600
2025-06-23,210.51775677046197,214.33047917371056,209.45867782436554,213.38693237304688,2618000
2025-06-24,212.65519629420274,216.66047729618356,210.8547517453462,215.58213806152344,2219000
2025-06-25,213.49284402226266,214.54230019789756,211.34577368818728,212.0293731689453,1727300
2025-06-26,212.5781473093861,213.33877305305575,207.7930101199114,209.42977905273438,2040100
2025-06-27,208.25516444894268,211.70201539454996,207.84114978475026,209.68011474609375,2086300
2025-06-30,209.3046272354961,212.90553094681323,207.25384348620423,212.79962158203125,2071800
2025-07-01,212.68406401441513,216.8819031929415,212.41447922516502,216.1212921142578,2567600
2025-07-02,214.53265932350456,216.59306568254365,214.26305985189572,214.5422821044922,1937900
2025-07-03,214.2053169850386,214.86003344482924,209.79565875574508,213.50247192382812,1369100
2025-07-07,214.03200610818715,214.68670783800425,209.94007622302198,211.83680725097656,1894900
2025-07-08,209.91118515974682,212.93439853634266,209.5356910193542,212.4915008544922,2022600
2025-07-09,211.53833685081602,213.74315846269164,209.28535725841223,213.57948303222656,1712900
2025-07-10,212.28932894565583,215.36067105401295,212.0101066777246,212.78997802734375,1459200
2025-07-11,211.89456979704278,213.1751048909899,209.42014871466463,211.0858154296875,1358500
2025-07-14,210.80659589979945,214.03200532098623,210.72956957458612,213.53134155273438,1475900
2025-07-15,213.02105206884076,213.06919535784462,209.87266901623406,210.7777099609375,1754200
2025-07-16,211.49019866502127,215.1296081135286,210.95102907135643,215.05258178710938,2426500
2025-07-17,214.5230195690614,215.93834699642474,213.57947284790868,214.7444610595703,1522400
2025-07-18,215.11034561973128,217.37294802452345,214.86964386140315,216.41014099121094,1253800
2025-07-21,217.59438689444502,219.2792991823445,216.9781909882354,218.07579040527344,1458800
2025-07-22,221.05084952739657,223.90076463321057,219.48148415060137,223.7082061767578,2274400
2025-07-23,222.35065447724796,223.8237480354433,221.05085913000778,221.61891174316406,1839700
2025-07-24,222.13884732079788,225.6145814147994,219.9821542052854,222.63951110839844,2034700
2025-07-25,222.0425551099026,222.937973297556,219.76070712377762,221.32044982910156,1031300
2025-07-28,219.2504190820865,220.55021445523118,215.0429570423273,215.8709716796875,2176300
2025-07-29,210.85475546389495,210.85475546389495,203.92254726361003,206.7243194580078,3704000
2025-07-30,203.69147258303147,207.08055776941012,199.9365306799918,200.9763641357422,3693300
2025-07-31,199.5128760464212,201.80436150331352,198.05904270456986,200.6393585205078,2774000
2025-08-01,203.5470255844582,209.30460716651888,203.2774408074566,204.21136474609375,3232200
2025-08-04,203.4988968207903,206.36805769008285,203.1522856982988,205.0586395263672,2804500
2025-08-05,204.36543590879722,204.87572251185586,200.05206408451508,202.23764038085938,1854800
2025-08-06,202.67088350509516,203.71071687938007,200.74526941003487,201.13038635253906,1634100
2025-08-07,201.14964055535776,203.21968446003106,200.26385986123154,202.1990966796875,2025800
2025-08-08,202.5071992218551,203.046368794311,198.15530744360981,198.8292694091797,1727500
2025-08-11,198.27085332753214,200.14833887134947,197.23103461786746,198.415283203125,2339200
2025-08-12,198.4826761954061,199.0892493647441,195.6616584668583,197.00958251953125,1757100
2025-08-13,197.25991233377013,197.67391231184163,195.401687095077,196.5570526123047,2717800
2025-08-14,195.6423914751065,196.59557575249332,193.32202293672046,195.89273071289062,2636900
2025-08-15,196.5955706042964,200.46605899416238,195.6327635703883,198.4537811279297,2640400
2025-08-18,198.91593852179716,199.32031571194753,195.12247646827808,195.5749969482422,3227700
2025-08-19,195.9697351206911,199.137378455467,195.6712672939762,198.9640655517578,1669400
2025-08-20,200.73565424042187,203.2870871366206,199.95576816168224,201.7080841064453,2217500
2025-08-21,200.6201014700802,203.15228872746295,200.6201014700802,201.9295196533203,1483300
2025-08-22,203.05599603134496,206.8013147771297,202.43017734056912,203.9995574951172,2343000
2025-08-25,203.15229011937012,204.03807085362067,202.10283394750184,203.267822265625,1238900
2025-08-26,201.32295436741015,201.32295436741015,196.94217947490662,199.73431396484375,3538700
2025-08-27,200.02316455958461,200.292749358178,195.65202701844598,195.7097930908203,3083500
2025-08-28,195.700146045549,196.83626594799517,194.20780694464145,195.02618408203125,2978200
2025-08-29,195.44982714191548,196.2778417755862,194.1789148101686,196.26821899414062,2618100
2025-09-02,195.064711299082,197.5872610312773,191.35789833532394,193.03318786621094,2601200
2025-09-03,193.99598614189821,195.2572609510425,187.93992193401627,188.9604949951172,3630500
2025-09-04,190.55877595710334,190.81873798286804,185.86991016772436,187.8340301513672,3523700
2025-09-05,189.74039983173756,191.98372741784218,188.9797740053156,190.94390869140625,4126100
2025-09-08,187.15042495697267,188.19988103637115,181.98014149858273,186.4379425048828,5376600
2025-09-09,186.71718046176485,187.53557240224754,184.85896974478618,187.36227416992188,3383900
2025-09-10,186.79418380956648,188.4694733055841,186.12985930946192,186.55348205566406,2539100
2025-09-11,187.09266011617046,189.75962488318882,185.88915138659837,189.23971557617188,2277400
2025-09-12,188.46946550749513,189.23971402636695,187.35260588969442,187.8243865966797,3096400
2025-09-15,188.7679378555531,189.41301678187008,181.53726258260113,185.34034729003906,3883400
2025-09-16,184.85895238337775,187.8917886944097,184.3582886071173,187.48741149902344,3253800
2025-09-17,187.70887271339188,191.72377642981627,187.19857145064418,189.8848114013672,3041900
2025-09-18,187.96881958185867,189.15308285201456,185.08039838078176,185.85064697265625,2368700
2025-09-19,186.3513182520448,187.40077447138415,184.94561341352184,186.1202392578125,5329500
2025-09-22,187.06377498285718,189.23009084191213,184.81081001534477,186.02395629882812,3471300
2025-09-23,186.2261387875547,187.50667393346734,185.5521767874085,187.0541534423828,2774700
2025-09-24,186.53423477099284,188.28653588376525,185.38849208239176,185.7543487548828,2963500
2025-09-25,187.19856337906737,190.06773889986627,185.95654877725957,186.50535583496094,3022700
2025-09-26,187.10227595396813,188.18061503444267,186.18761229168936,187.0445098876953,2608300
2025-09-29,187.32374021343333,188.2287812051251,185.15742431721065,187.31411743164062,3314300
2025-09-30,187.35296172338835,188.23684311596855,185.6434890471688,186.79933166503906,3426900
2025-10-01,186.7604754644135,188.9167500959002,186.59535720426234,187.7706298828125,2960500
2025-10-02,185.468641341472,187.66377591779013,183.45806987198443,185.6823272705078,2822300
2025-10-03,185.51720915546565,186.8867376596202,184.02142247189752,184.74989318847656,2863100
2025-10-06,184.0116995201406,184.0116995201406,180.0099718044338,180.2430877685547,2968100
2025-10-07,180.91327976581542,181.62233531019777,178.66959219520893,181.6029052734375,2741700
2025-10-08,181.35037194115128,183.46778647902218,178.4947642228462,180.26251220703125,3329700
2025-10-09,180.95212362451488,181.15608711950654,178.70843625496153,180.00025939941406,2211000
2025-10-10,181.40864051932357,182.5936207507145,178.72785876664085,181.3212127685547,3154400
2025-10-13,179.06782130039073,180.72874110754788,177.26121327364748,177.9411163330078,3242800
2025-10-14,178.53360572494012,181.16581984055847,177.87313270450457,181.15609741210938,4174900
2025-10-15,180.58302281655864,184.73045335955987,180.42761218160814,184.57504272460938,3353900
2025-10-16,185.09956540681742,188.5088031295736,184.77903650319118,185.97372436523438,3394700
2025-10-17,186.5662199941009,186.98386944943678,182.7587479314591,185.79888916015625,1981400
2025-10-20,186.43995396619815,187.57636661650685,185.14813065752855,187.5375213623047,1782100
2025-10-21,186.6341991940172,188.81961143198356,185.37152842425687,186.84788513183594,1749500
2025-10-22,186.51763532938043,187.8774413633738,185.39093043220063,185.70175170898438,1535700
2025-10-23,185.77946746060854,186.70219409411786,182.08854610579633,184.83731079101562,2279900
2025-10-24,185.81831476162986,187.19755092328003,184.5167839243963,186.0222930908203,1721800
2025-10-27,184.54591449593036,185.604621711579,183.32208903001515,184.28366088867188,2979100
2025-10-28,180.6024681872776,180.99097998687105,172.39503414947066,177.4748992919922,6047500
2025-10-29,177.4263196468559,178.64043746467866,173.61884794865657,173.9393768310547,4501500
2025-10-30,175.07580552930227,177.33892312961655,173.3469027824142,174.29876708984375,2954900
2025-10-31,172.04536902471898,174.89125429118195,171.81225305056944,173.84225463867188,2604700
2025-11-03,172.6475647744841,172.90981838978135,169.97650540385214,171.56942749023438,3481700
2025-11-04,173.52173085263783,175.58088496645303,172.3464729809599,175.17294311523438,2663800
2025-11-05,175.41575475449795,176.80469847563933,173.58971674610677,174.27932739257812,2330500
2025-11-06,173.74511393265593,176.8823900974845,172.74468207680556,172.977783203125,1960500
2025-11-07,172.64755624422327,173.35659691048681,170.34559357028144,172.84181213378906,4255800
2025-11-10,171.18090478216504,175.77512245703522,170.9477888255606,174.56100463867188,2911100
2025-11-11,176.27050674094855,179.65062198486268,175.61974125970616,179.48548889160156,2429500
2025-11-12,178.7181425872414,180.05853339929345,176.70755636916337,178.08680725097656,2947600
2025-11-13,177.76628763356194,178.95126786987504,175.65858077278202,175.9305419921875,3072000
2025-11-14,177.60116747965145,179.10666177782838,174.4541686335007,178.31991577148438,3807200
2025-11-17,178.41705868908159,179.39806063152142,174.79413497094052,175.28948974609375,3253600
2025-11-18,174.83296143800237,177.1252164141316,173.80339192530238,176.33847045898438,3436500
2025-11-19,176.3287736582918,177.1252421567918,173.78398714793738,175.31863403320312,2673200
2025-11-20,175.31861654948273,175.47402719039056,172.90008847046812,173.9782257080078,3094500
2025-11-21,175.1923398464646,176.7658466160273,173.87137906823034,174.4055938720703,2609900
2025-11-24,174.42503658725894,175.18264497477233,171.51115361350745,174.4153289794922,6032500
2025-11-25,175.0563630104771,176.7755580268185,174.3181846970527,174.599853515625,2005100
2025-11-26,174.8523886470423,177.06693827047758,173.3760172911609,176.03736877441406,1941700
2025-11-28,175.2312145990729,176.82413671623036,174.85241040111396,176.0665283203125,1088800
2025-12-01,173.37603465572417,173.95881717111223,169.88909163335975,171.21005249023438,3329600
2025-12-02,171.97737784357824,172.62814328943836,170.17076973239344,170.7632598876953,2467200
2025-12-03,170.97693141479678,171.69569451954416,169.34516413367245,171.12261962890625,2693000
2025-12-04,170.5301495967424,173.96852494260037,170.36501652129942,173.69656372070312,2804200
2025-12-05,173.6868474995824,175.19234175300488,172.98751444344936,173.72569274902344,2998000
2025-12-08,173.4148812480481,178.04795930096265,171.82195915721454,177.9411163330078,5804200
2025-12-09,177.94112301123246,179.31065160984141,174.2016486340186,174.39590454101562,3161100
2025-12-10,174.64843077040112,177.38748788971037,174.39589958056544,175.08551025390625,2500900
2025-12-11,176.44532880447423,177.95083795674773,175.5517398132453,176.493896484375,4370000
2025-12-12,176.94068223579302,177.90226893578944,175.14379665921024,175.51287841796875,5329400
2025-12-15,176.52303653050234,176.71729243197404,172.80297747525717,175.08551025390625,5020800
2025-12-16,175.09522042033817,175.78483104538464,173.57028131798955,173.98794555664062,3198300
2025-12-17,173.41487060538898,175.58086747547358,172.69612233850776,173.36631774902344,4084700
2025-12-18,173.47317146135782,174.21134980899814,169.18975995363976,169.28688049316406,3950800
2025-12-19,169.20919398732204,169.821099345184,167.014059287207,167.4608612060547,6033000
2025-12-22,166.70324887726076,168.39329150869384,165.86793516926477,167.57740783691406,4154500
2025-12-23,167.9853478240584,169.5685622908162,167.18889419726017,169.5005645751953,3358100
2025-12-24,169.70453650098509,170.15132356676492,169.28687225694802,169.78224182128906,1040000
2025-12-26,169.4908479703588,171.6276923731655,169.4908479703588,171.3460235595703,1463200
2025-12-29,171.6991121163312,173.11137298552958,171.51276808751663,172.44447326660156,2177300
2025-12-30,172.28753615301352,173.44482346335212,171.6304385554852,173.31732177734375,1718900
2025-12-31,172.5327355667055,173.35655814259653,172.0227437490163,172.18948364257812,1680100
2026-01-02,171.8854301493287,172.4248431020727,169.83567589388826,171.43429565429688,1786500
2026-01-05,170.90469545895854,172.8760033763945,167.74669393623867,172.85638427734375,3433400
2026-01-06,172.0031314987053,174.37653354962814,171.40487621146946,172.43466186523438,2362300
2026-01-07,173.58212042987356,173.59192249572692,166.13825204098944,166.177490234375,2756800
2026-01-08,165.32426271008177,168.02131261634588,165.09868048858505,167.0503692626953,2714700
2026-01-09,166.17751243268225,166.79538685866044,163.66680646011852,165.26541137695312,2359900
2026-01-12,166.1382567555347,169.55126135760077,166.1382567555347,168.2272491455078,2732700
2026-01-13,168.0997679127225,170.76739679372852,166.44232063565318,170.61048889160156,2870300
2026-01-14,171.12044701189768,177.13242088522364,170.90468183450352,174.06268310546875,3604700
2026-01-15,174.03325936798743,178.3093096926725,172.97405259416786,178.0543212890625,3868300
2026-01-16,176.22033206945528,180.62388444730274,175.21016547151723,180.0354461669922,4130800
2026-01-20,179.37833234518192,180.41793506684334,174.20981472737972,174.32749938964844,5038500
2026-01-21,175.54362883127436,176.220330603253,173.2879113630496,174.73941040039062,2755700
2026-01-22,173.87634229453795,177.5933756749414,173.1211791247353,173.5428924560547,3741500
2026-01-23,172.98386589838907,176.23993260851063,171.77753836906456,175.3082275390625,2869700
2026-01-26,176.35763129306542,179.1233253241402,175.54361087858624,176.0045623779297,4304100
2026-01-27,175.15131503227684,177.8679839438357,173.6703948856442,176.6028289794922,2867000
2026-01-28,176.6028382014052,177.39723961177617,172.83676434614674,174.0921173095703,3437700
2026-01-29,174.09210166848652,178.38777108972408,173.405582916573,177.84835815429688,3496100
2026-01-30,177.72087984387272,177.72087984387272,171.92467096028125,175.82803344726562,3504300
2026-02-02,175.53381885862186,176.35765642131338,170.2476014092097,170.35548400878906,2968500
2026-02-03,169.70818454960232,170.87527401895238,168.1390008227772,169.7964630126953,3147200
2026-02-04,170.77720216371384,174.49422066411879,169.06089770494103,173.15060424804688,4518900
2026-02-05,169.25704295217423,170.37509210973576,166.04019923690993,168.1880340576172,4730000
2026-02-06,169.44337753980008,170.25739797239981,165.4321177031363,167.97225952148438,3481800
2026-02-09,167.7564939468661,170.90467811813656,166.05980869333123,170.3652801513672,2507800
2026-02-10,170.9929711164427,176.21052900424468,170.2475950146227,175.07286071777344,2680700
2026-02-11,174.09209849682418,177.06375565560066,172.21888628608397,177.00491333007812,2089100
2026-02-12,178.95661755772772,186.6750792059206,178.34856018757415,184.5664825439453,4537000
2026-02-13,185.03723480105162,188.50908193457354,184.47821769886664,188.4011993408203,3413100
2026-02-17,188.79347992381432,189.89190992730266,186.27295719046913,189.3721160888672,3166000
2026-02-18,188.37177731560573,188.47964494387907,182.05577450650097,183.02670288085938,2636100
2026-02-19,182.9874916245796,184.75283646392631,180.84945871776299,181.23194885253906,2257500
2026-02-20,182.4186408623061,183.81129750749946,179.87851391716438,183.7034149169922,2484100
2026-02-23,183.88976695281144,187.80294658096278,183.0855485221438,186.3906707763672,2966400
2026-02-24,184.52724037103852,191.6866847587016,183.4288103157213,186.52796936035156,3535100
2026-02-25,187.91082357966002,187.95984887739726,178.78007138591312,178.96641540527344,3406300
2026-02-26,179.6431250081982,183.78187160646098,177.69143636295544,181.44769287109375,2918200
2026-02-27,182.57557134842222,188.2736998557601,181.12405734909262,188.1658172607422,4964400
2026-03-02,186.36123852035428,188.5384944287044,184.90972460479642,186.5377655029297,3390200
2026-03-03,183.91917863867823,187.49889326485732,182.66382575818335,186.58680725097656,2361100
2026-03-04,184.88030541206052,187.31256471893235,183.61515046182208,187.126220703125,2457200
2026-03-05,185.36088345493985,185.39030462019403,181.46732295977202,184.02706909179688,3430400
2026-03-06,184.27225196733517,186.4887311762409,182.28134000944954,184.95877075195312,2747300
2026-03-09,184.60569193033191,185.88066387066323,181.73211525530323,183.0463104248047,2800900
2026-03-10,182.90900393193394,184.37031986012562,180.97693443582935,182.53631591796875,3288700
2026-03-11,182.0361518063929,182.0361518063929,178.97623098898046,179.3292999267578,1587900
2026-03-12,177.57377267632415,180.63369375862396,176.14189266832008,176.39688110351562,3070400
2026-03-13,178.5937486414463,180.98675491807964,177.52472475023887,180.85926818847656,3194200
2026-03-16,182.1538376854343,182.6246062489522,180.60425816840882,181.1534881591797,2267300
2026-03-17,182.0263551524547,184.22321530618208,180.59446026083958,181.50656127929688,2728900
2026-03-18,179.6137150013566,180.65330274857678,176.7303210820931,177.2108917236328,3654800
2026-03-19,176.81857039134874,179.54505619858986,174.91593700634715,179.2410125732422,3615200
2026-03-20,180.47677102019944,182.14403519170048,172.21889662477614,173.38597106933594,6368000
2026-03-23,175.7495720778241,176.17130038015566,169.81605943539324,173.1015625,4363100
2026-03-24,172.1110169369086,172.9838797509199,166.824799789472,167.0797882080078,4558300
2026-03-25,166.21672482431686,168.678405335508,161.90145108607368,164.04928588867188,4107600
2026-03-26,164.06889119732583,165.81463177515536,162.55854986761474,165.66751098632812,2890300
2026-03-27,165.54001126203153,168.35476076649957,164.73580780717447,166.25596618652344,2468500
2026-03-30,168.23706060557876,169.6983766500417,166.51095407590117,167.0797882080078,3106500
2026-03-31,169.30608982546607,169.77684344571728,167.1974781538427,169.25704956054688,4425800
2026-04-01,169.3453052112618,170.561434885961,166.52075369066347,167.72708129882812,2311000
2026-04-02,168.18802766015116,173.0721353768785,167.06016151389773,170.3848876953125,4241600
2026-04-06,169.41397606234895,173.81751359793557,168.41361150345682,172.74850463867188,2898900
2026-04-07,172.43466709268083,172.98388213400864,169.5610752275362,170.72816467285156,3617100
2026-04-08,171.63044732209886,173.7880842382935,170.3848964570506,172.7877197265625,3465200
2026-04-09,171.86583171619836,178.84873427424714,171.86583171619836,176.46551513671875,3273800
2026-04-10,177.07359369113593,178.0837603057291,174.8767184994543,175.8378448486328,3179700
2026-04-13,176.0241751190412,177.72087538683914,175.04342974736056,177.45606994628906,2597700
2026-04-14,176.75277817545296,177.14898996367043,171.36421321443456,174.74197387695312,2887200
2026-04-15,176.08912139747187,177.01032063946218,174.5537742129766,175.31649780273438,2129100
2026-04-16,175.49478351577932,176.9508852748888,174.9103658340989,176.91127014160156,1915900
2026-04-17,176.60418794184883,181.3390049777776,175.73251898228753,180.63571166992188,4708600
2026-04-20,179.65507063581524,181.6955901090591,178.793301663885,179.9423370361328,2778700
2026-04-21,180.0215868773298,180.160262521242,172.66183240135226,173.10757446289062,3564000
2026-04-22,175.25704662601706,176.50514247965808,173.16701205614834,174.64291381835938,2269500
2026-04-23,175.87119616545678,177.51550382344712,174.7122608010692,177.3173828125,2433900
2026-04-24,177.19852646553437,177.9216198060643,174.5933892783155,176.52496337890625,3065000
2026-04-27,176.95088664829007,177.20842280293343,173.0481385079782,173.64247131347656,3046500
2026-04-28,174.8311213362868,178.47631819756813,172.6420111269603,176.71315002441406,4484600
2026-04-29,175.86127916225553,177.52540192641558,174.92026482838173,176.50514221191406,2775000
2026-04-30,176.3070349958044,181.2498427699997,175.39573579718424,180.98240661621094,3006400
2026-05-01,182.0323869893039,182.3691685288096,179.1597985551077,179.89280700683594,1943200
2026-05-04,178.9616872400181,180.90316126487215,177.53530062820874,179.16970825195312,1625500
2026-05-05,178.29803503250847,178.9715981321101,175.03914982035496,176.43580627441406,2244200
2026-05-06,177.45606794051824,179.53621775060589,176.72307457305854,178.45652770996094,2116000
2026-05-07,177.80275441634433,179.25885617699282,176.7428644470309,178.07020568847656,2589500
2026-05-08,178.1296400992734,178.1296400992734,174.44481291879413,174.86083984375,3510200
2026-05-11,175.3759347272903,177.29759378219237,174.4844354663552,175.79196166992188,2456400
2026-05-12,172.9391815428044,178.80320387825884,172.87975128393842,177.1291961669922,3384000
2026-05-13,175.098571039707,175.13818617283923,169.3930245399674,172.22598266601562,3271000
2026-05-14,172.97881740841828,173.64248051149005,168.580796735394,168.8878631591797,2922200
2026-05-15,168.57087491281098,170.72037002286564,165.78744696980092,169.01663208007812,4632900
2026-05-18,169.27416515245193,176.0990168040945,169.01662899910144,175.60374450683594,3242300
2026-05-19,177.1192841315642,182.37907373594743,176.0197789798646,181.26966857910156,4659700
2026-05-20,180.23950975218463,182.280029296875,178.95179869437166,182.280029296875,2812700
2026-05-21,181.46776443308457,183.09225694328478,180.26921395276878,182.0422821044922,2929200
2026-05-22,183.27056868523582,183.31018381940456,179.90270792946393,182.11163330078125,2069900
2026-05-26,182.0521823073009,185.22193706534733,181.23994360857188,183.2012176513672,2795400
2026-05-27,183.52810818492623,186.80680849811574,182.9635056043026,183.23094177246094,2741200
2026-05-28,183.8054508579696,186.5195484633293,182.27010372761833,184.91485595703125,2411200
2026-05-29,185.16249998043105,185.8261781816865,183.2507561041479,185.19223022460938,4326800
2026-06-01,183.07246841555795,186.12333261924934,182.27011455748038,185.7568359375,2479200
2026-06-02,185.5488249056498,185.59834004488917,181.33901028353037,183.77574157714844,2610600
2026-06-03,182.47813512060452,186.80681036860418,179.75413735566875,180.51686096191406,5585700
2026-06-04,185.4299466327737,193.1264824290708,183.30028178242588,192.07650756835938,4071300
2026-06-05,192.1458397396617,194.22598947213817,191.19492537559515,192.28451538085938,3060800
2026-06-08,191.17511448932925,191.65057168190268,187.09407543117487,187.31199645996094,2800200
2026-06-09,187.3714270366863,192.09631406955774,186.945484983516,189.025634765625,2665700
2026-06-10,190.47181906650061,191.11568214069908,186.80680698122006,190.67984008789062,2179000
2026-06-11,190.28363229533923,191.11568616941605,186.2719234613457,187.52000427246094,3337500
2026-06-12,187.72999572753906,190.13999938964844,186.7899932861328,187.17999267578125,2985700
2026-06-15,186.1199951171875,188.02000427246094,183.69000244140625,185.75999450683594,3906300
2026-06-16,186.49000549316406,187.36000061035156,183.47000122070312,184.47000122070312,2682000
2026-06-17,182.63999938964844,183.85000610351562,180.7899932861328,181.08999633789062,2007900
2026-06-18,181.63999938964844,181.89999389648438,175.0,176.0500030517578,4453100
2026-06-22,175.72999572753906,178.42999267578125,173.99000549316406,176.42999267578125,3031800
2026-06-23,178.49000549316406,179.75,175.99000549316406,179.3800048828125,3507900
2026-06-24,179.89999389648438,180.47000122070312,173.33999633789062,174.4600067138672,4636500
2026-06-25,175.22999572753906,175.2899932861328,167.24000549316406,168.72000122070312,3382100
2026-06-26,172.3699951171875,176.61000061035156,171.13999938964844,175.58999633789062,7260600
2026-06-29,174.94000244140625,175.82000732421875,167.63999938964844,168.6699981689453,3600300
2026-06-30,167.69000244140625,168.60000610351562,162.39999389648438,163.57000732421875,5368900
2026-07-01,163.52999877929688,168.14999389648438,162.27000427246094,166.0800018310547,4626500
2026-07-02,167.16000366210938,169.6999969482422,165.44000244140625,166.02999877929688,3857600
2026-07-06,165.0,165.7899932861328,160.05999755859375,162.11000061035156,3989400
2026-07-07,164.22999572753906,166.4199981689453,163.92999267578125,165.25,2737000
2026-07-08,165.60000610351562,166.72999572753906,163.83999633789062,165.0399932861328,3625700
2026-07-09,164.0800018310547,166.07000732421875,163.66000366210938,165.0,3132600
2026-07-10,166.5,168.92999267578125,166.17999267578125,168.58999633789062,2458200
2026-07-13,170.0,170.89999389648438,168.97000122070312,169.5,2135300
2026-07-14,169.0,169.38999938964844,166.6999969482422,168.8300018310547,2200500
2026-07-15,168.1999969482422,171.3000030517578,167.77999877929688,168.6300048828125,2072300
2026-07-16,169.77999877929688,170.10000610351562,167.55999755859375,168.9199981689453,2375400
2026-07-17,171.94000244140625,172.67999267578125,168.89999389648438,170.05999755859375,2849600
2026-07-20,168.22999572753906,169.77000427246094,166.36000061035156,167.05999755859375,2570600
2026-07-21,165.30999755859375,166.61000061035156,163.07000732421875,163.38999938964844,2758700
2026-07-22,163.74000549316406,166.82000732421875,163.47000122070312,166.05999755859375,2702300
2026-07-23,166.17999267578125,168.22999572753906,163.58999633789062,164.64999389648438,3619800
2026-07-24,166.52999877929688,169.49000549316406,166.4199981689453,166.6699981689453,3343500
2026-07-27,166.4199981689453,168.22999572753906,165.5500030517578,166.74000549316406,3520800
2026-07-28,169.5399932861328,178.60000610351562,169.16000366210938,171.5,4395600
2026-07-29,174.9600067138672,180.3699951171875,172.58999633789062,179.25999450683594,5367700
2026-07-30,177.3000030517578,179.86000061035156,172.82000732421875,174.4600067138672,3697400
2026-07-31,172.69000244140625,174.1699981689453,170.9600067138672,173.36000061035156,4302400
2026-08-03,174.6699981689453,175.16000366210938,171.7899932861328,173.0,2505900
2026-08-04,170.5,175.5500030517578,169.02999877929688,175.25,2990800
2026-08-05,173.91000366210938,173.91000366210938,162.5,168.07000732421875,5294200
2026-08-06,169.69000244140625,172.3800048828125,167.38999938964844,171.1999969482422,2896000
2026-08-07,170.50999450683594,173.77000427246094,170.50999450683594,172.5399932861328,1560500
2026-08-10,171.25999450683594,171.6199951171875,168.72000122070312,169.11000061035156,1801100
2026-08-11,168.5,171.6199951171875,168.5,169.5500030517578,1584100
2026-08-12,169.22000122070312,172.38999938964844,168.92999267578125,170.42999267578125,1797300
2026-08-13,171.35000610351562,175.0,171.25,174.19000244140625,1357000
2026-08-14,174.25999450683594,176.58999633789062,173.77000427246094,175.5800018310547,1853100
2026-08-17,174.9199981689453,175.22000122070312,170.14999389648438,172.22999572753906,2678300
2026-08-18,174.86000061035156,175.3300018310547,172.25,172.3300018310547,1869100
2026-08-19,173.0,175.75999450683594,172.6199951171875,174.49000549316406,1435300
2026-08-20,177.0399932861328,177.91000366210938,174.9600067138672,175.72000122070312,1904200
2026-08-21,175.9600067138672,178.02000427246094,174.4199981689453,175.8000030517578,1746100
