date,open,high,low,close,volume
2009-08-06,1.1580501466526056,1.1868259446153022,1.0920763924861627,1.1355910301208496,241978000
2009-08-07,1.133486034936595,1.176298812541608,1.1250638724952402,1.1531378030776978,24543000
2009-08-10,1.1671743536577102,1.1671743536577102,1.0955857891751988,1.1208523511886597,24210000
2009-08-11,1.121554334331427,1.1229580137556565,1.087865526148576,1.099797010421753,23054000
2009-08-12,1.133485785733125,1.1369950262844053,1.0990951781304428,1.1229580640792847,14513000
2009-08-13,1.1229581704544462,1.1734913061132803,1.1229581704544462,1.161559820175171,11506000
2009-08-14,1.1580505027282915,1.1931429929121167,1.1405042994698273,1.1650689840316772,6378000
2009-08-17,1.1419078876794104,1.1489263684215323,1.1369949678933031,1.1383986473083496,2544000
2009-08-18,1.1566471204754698,1.2071802657810886,1.147523075702682,1.1980562210083008,14467000
2009-08-19,1.1819132386089992,1.2591166067659851,1.179105796245591,1.2556073665618896,20708000
2009-08-20,1.2598181643049058,1.2598181643049058,1.2134961689796977,1.2464830875396729,18821000
2009-08-21,1.2485885598450657,1.2612218380115803,1.233849721372988,1.2506940364837646,8636000
2009-08-24,1.2296390434470286,1.252800047812741,1.2141984017588519,1.2282353639602661,10216000
2009-08-25,1.2387632620112694,1.2563094672616175,1.23174477991113,1.2528002262115479,5308000
2009-08-26,1.2415707050514688,1.2528002262115479,1.203670851510573,1.2528002262115479,7086000
2009-08-27,1.2527997931905244,1.2780663534845877,1.231744354167764,1.274557113647461,11611000
2009-08-28,1.270345918493318,1.3335123155547424,1.2633274392272564,1.2963143587112427,12950000
2009-08-31,1.287892451789617,1.291401692107836,1.2499926061527213,1.277364730834961,10048000
2009-09-01,1.2808742382790113,1.2942093208025134,1.188932005633518,1.2528002262115479,13835000
2009-09-02,1.2464836091776597,1.2808742212101998,1.226831842825766,1.2408688068389893,12934000
2009-09-03,1.2612221255230645,1.2612221255230645,1.1931428009025464,1.2247259616851807,36577000
2009-09-04,1.2457812061659785,1.2633274038396376,1.227533127118625,1.2464830875396729,11586000
2009-09-08,1.246483020860158,1.2584144179066126,1.2247257034419612,1.242271900177002,5749000
2009-09-09,1.2527999379925583,1.2527999379925583,1.208583494200729,1.2113908529281616,5512000
2009-09-10,1.193845088203075,1.2254283456019075,1.1896340485723038,1.1966525316238403,4152000
2009-09-11,1.1931425189381129,1.2163035147719956,1.1608574843009598,1.1847202777862549,6203000
2009-09-14,1.1678764691418007,1.1861245546596848,1.1447154632666088,1.1685782670974731,16145000
2009-09-15,1.2106890148334528,1.2177074950856097,1.1671743703365725,1.2057760953903198,19869000
2009-09-16,1.2212168392347476,1.2457815222097126,1.2008631945696415,1.233850121498108,20211000
2009-09-17,1.239464682075301,1.2563089993755583,1.1601557634803907,1.167876124382019,14464000
2009-09-18,1.1629629539127662,1.1945461907081514,1.1355909213347921,1.1369946002960205,8999000
2009-09-21,1.1426102333656925,1.167174925941663,1.1138344171670713,1.165771245956421,5530000
2009-09-22,1.1903355412232433,1.2191113478171007,1.1805097009392849,1.2106891870498657,11141000
2009-09-23,1.2366574384417501,1.2485889224157023,1.21419831721665,1.2212167978286743,5303000
2009-09-24,1.2163041765477578,1.2528002679510393,1.1755968786104192,1.2275336980819702,7788000
2009-09-25,1.2268321005545813,1.2268321005545813,1.2001618465932777,1.2022674083709717,4685000
2009-09-28,1.2156022064072232,1.2528001768043509,1.1952485589193707,1.2387632131576538,2336000
2009-09-29,1.231744900456044,1.2520985507385047,1.1896340037340185,1.1952487230300903,3567000
2009-09-30,1.1931432995666207,1.2163043105538762,1.1903358561235762,1.1980562210083008,5126000
2009-10-01,1.1931431240789763,1.1994597244796732,1.137697065486691,1.1447155475616455,6605000
2009-10-02,1.1369950890195566,1.1482246928700186,1.1159396445501146,1.1292747259140015,6296000
2009-10-05,1.1299768564013817,1.1601563501878414,1.1229583733657826,1.1573489904403687,1889000
2009-10-06,1.174894788747057,1.207179832930873,1.153839346975061,1.15594482421875,4694000
2009-10-07,1.1629633880247923,1.1657708306620769,1.1173432609211378,1.1320821046829224,2917000
2009-10-08,1.1306778503738137,1.1355908519381712,1.1187464544322123,1.123659372329712,5573000
2009-10-09,1.1215543591755914,1.1545412028767015,1.1187469165980526,1.140504240989685,8705000
2009-10-12,1.1383982686316214,1.1545407857022336,1.125764990764757,1.1468204259872437,12888000
2009-10-13,1.1362928925103009,1.1699816947257267,1.1334855341591201,1.1601557731628418,5573000
2009-10-14,1.1819131475802214,1.193142748835198,1.1608577079773,1.1833168268203735,6955000
2009-10-15,1.2212170515936436,1.2598187029810763,1.2001616053823168,1.2043726444244385,20920000
2009-10-16,1.209285747909526,1.209285747909526,1.1376971579907287,1.1531378030776978,12638000
2009-10-19,1.1552431822182434,1.1678764657192249,1.1271691724011181,1.1398024559020996,21429000
2009-10-20,1.146820611827543,1.174192732252498,1.1419076928795386,1.1601557731628418,4890000
2009-10-21,1.148926743864116,1.1868266024565015,1.1306786545047913,1.1573489904403687,2338000
2009-10-22,1.1461191948185079,1.1461191948185079,1.0955860583749375,1.14260995388031,9834000
2009-10-23,1.132082268775899,1.1517340354177963,1.1173434228777492,1.1264674663543701,11341000
2009-10-26,1.1166411102232994,1.1313799504328743,1.109622630821954,1.1117281913757324,1624000
2009-10-27,1.119448919377061,1.122256278591698,1.0710213454228095,1.084356427192688,3288000
2009-10-28,1.0878654671579566,1.0878654671579566,1.0450527032057346,1.0478601455688477,6220000
2009-10-29,1.0492637789554708,1.066809979205519,1.0331212579920501,1.0555803775787354,11833000
2009-10-30,1.0597919587912656,1.0661086438212806,1.043649430826008,1.0527734756469727,2781000
2009-11-02,1.0597917209675325,1.0597917209675325,1.0331214742708015,1.0436491966247559,2766000
2009-11-03,1.0303140239027673,1.0401398637632129,1.0134696194274273,1.0169788599014282,3637000
2009-11-04,1.0246992519856382,1.0703193794643289,1.005749285945589,1.037332534790039,8053000
2009-11-05,1.0541770583075674,1.1047101992189503,1.0422456547961783,1.0752325057983398,2741000
2009-11-06,1.0752322702620456,1.1012007167456448,1.0436491059443744,1.0731267929077148,2575000
2009-11-09,1.0710215320469232,1.1047102668272943,1.0590900441384152,1.0990954637527466,2529000
2009-11-10,1.1012008334812151,1.1012008334812151,1.0654065433266338,1.084356427192688,1468000
2009-11-11,1.089971166836899,1.089971166836899,1.061195360034576,1.0780397653579712,1535000
2009-11-12,1.080846605273671,1.119448317557363,1.080846605273671,1.0948835611343384,1300000
2009-11-13,1.0955860290362402,1.1054119536002076,1.081549065659345,1.0934804677963257,621000
2009-11-16,1.096989139028754,1.1376964120847732,1.0899706609846525,1.123659372329712,1556000
2009-11-17,1.1110265134715693,1.136293077411148,1.0934803117543312,1.1278709173202515,985000
2009-11-18,1.1334856984928006,1.1334856984928006,1.1096228143805993,1.1250635385513306,1155000
2009-11-19,1.1117286880340387,1.1152379293024446,1.0703195908667036,1.0927788019180298,1166000
2009-11-20,1.0920770437876068,1.0983937289857415,1.0745308354598788,1.0836548805236816,4237000
2009-11-23,1.090673152083912,1.0955860727283728,1.063301022207221,1.0661084651947021,4653000
2009-11-24,1.0597917145262763,1.075934238770941,1.0534751146190549,1.071021318435669,5228000
2009-11-25,1.0794433120480904,1.1215542783409356,1.0780396326939357,1.0878654718399048,1353000
2009-11-27,1.061897418815218,1.1145361210253661,1.056984497817898,1.113132357597351,616000
2009-11-30,1.1138342393113585,1.1222564015448944,1.0703195810487538,1.113132357597351,2765000
2009-12-01,1.1159397653699863,1.1468210538018444,1.1159397653699863,1.1201508045196533,4178000
2009-12-02,1.1250637523755265,1.130678470959021,1.079443536382855,1.0955860614776611,8465000
2009-12-03,1.0934809082053285,1.1187474859268354,1.0934809082053285,1.118045687675476,5079000
2009-12-04,1.1510318286550798,1.172789150518512,1.094883903964509,1.1594539880752563,9468000
2009-12-07,1.1580505213619372,1.1882300081854789,1.1580505213619372,1.1840189695358276,3084000
2009-12-08,1.1657708735946528,1.19103743992625,1.1615597513170877,1.1755967140197754,2495000
2009-12-09,1.1657709379053975,1.1798079013824463,1.1468209702778598,1.1798079013824463,967000
2009-12-10,1.1791058807440695,1.1924410446754041,1.1755966402884908,1.1770004034042358,2555000
2009-12-11,1.1713857774824883,1.1720875754786384,1.1552432522343743,1.1636654138565063,774000
2009-12-14,1.1748945265872721,1.186124126493378,1.1713852870749726,1.182614803314209,2248000
2009-12-15,1.1826149683177138,1.186124291986519,1.1727891297790802,1.1748946905136108,1404000
2009-12-16,1.1847211206236985,1.202267413061657,1.174895277178688,1.193143367767334,3157000
2009-12-17,1.1868264400113735,1.1917393607304605,1.1327840611006978,1.1447155475616455,1490000
2009-12-18,1.1440133841688176,1.1791057859019252,1.1391004646595597,1.1503300666809082,4178000
2009-12-21,1.178404439547166,1.182615479168375,1.1482249457607063,1.1573489904403687,1443000
2009-12-22,1.1580502657883687,1.1741927862167358,1.1391003868797984,1.1741927862167358,3127000
2009-12-23,1.1755967465041468,1.181913430095039,1.1685782649588665,1.1777023077011108,2235000
2009-12-24,1.1734912689740824,1.1931430340342473,1.1734912689740824,1.1777023077011108,308000
2009-12-28,1.1755966954386337,1.2492908321298541,1.1755966954386337,1.2198132276535034,7954000
2009-12-29,1.229638956904882,1.2408685593424302,1.221216796910165,1.230340838432312,2276000
2009-12-30,1.2149001453272674,1.2478870719586275,1.2149001453272674,1.2415704727172852,3025000
2009-12-31,1.2359554757218791,1.2836811542510986,1.2359554757218791,1.2836811542510986,5558000
2010-01-04,1.2843834257707158,1.3264943166155412,1.2640297783289085,1.323686957359314,5387000
2010-01-05,1.330003304396093,1.3503569479642414,1.2703461367195032,1.333512544631958,3011000
2010-01-06,1.3300031956153873,1.3545678752573012,1.3047366345169527,1.3440401554107666,5331000
2010-01-07,1.3363201391163966,1.3454441815014915,1.3089480119611119,1.335618257522583,2718000
2010-01-08,1.3264944708249835,1.354568401318556,1.322985229513287,1.3454444408416748,2899000
2010-01-11,1.3475495367497492,1.372114302635974,1.335618136405164,1.3538662195205688,5127000
2010-01-12,1.3433384674925117,1.3433384674925117,1.315264461938706,1.333512544631958,9167000
2010-01-13,1.3307055261291563,1.3307055261291563,1.2808742685728505,1.2928056716918945,9439000
2010-01-14,1.2970164585850577,1.3243884988667267,1.273855456372245,1.2935072183609009,10654000
2010-01-15,1.3026312312576491,1.3026312312576491,1.2738555103992533,1.2801721096038818,1587000
2010-01-19,1.2563090883329049,1.2738553719578385,1.2141982084335785,1.2499924898147583,3813000
2010-01-20,1.2429743723551783,1.2640298184458345,1.2240244039400634,1.260520577430725,1938000
2010-01-21,1.2542036886983325,1.297718337116963,1.248588970924089,1.2626259326934814,3386000
2010-01-22,1.2549051897739618,1.2675384682694606,1.21981279599028,1.2324460744857788,9235000
2010-01-25,1.240166892788943,1.2492909358926767,1.225428131160053,1.2387632131576538,2614000
2010-01-26,1.195248089932344,1.2633274038396376,1.1819130131671112,1.2464830875396729,7654000
2010-01-27,1.2380609829990996,1.259818218856427,1.210688863242826,1.2219184637069702,6963000
2010-01-28,1.2317445466123444,1.245079710277004,1.2106891042999364,1.243675947189331,144576000
2010-01-29,1.2436760304041454,1.2535019543408596,1.210689185307589,1.2198132276535034,33570000
2010-02-01,1.2198132033727964,1.2415705282517462,1.2134965201820234,1.2282353639602661,5095000
2010-02-02,1.2289368241251173,1.2492903788710183,1.217707224747945,1.242271900177002,17729000
2010-02-03,1.2310430547674553,1.2415708629232325,1.2268320151720613,1.2366578578948975,12857000
2010-02-04,1.219813076216529,1.2338500369546963,1.1973538721019523,1.2085834741592407,13767000
2010-02-05,1.2106889053742966,1.2156018243732494,1.1650687041929437,1.2071796655654907,5387000
2010-02-08,1.1987577154240854,1.2134965596820866,1.1840189548329814,1.1938447952270508,4983000
2010-02-09,1.1959504660382894,1.2198133549460173,1.1805098224314683,1.1924412250518799,1896000
2010-02-10,1.1833171195145311,1.1889319215308438,1.1587524339017006,1.1791059970855713,5780000
2010-02-11,1.1762989525576175,1.2106895718148247,1.1580508620401668,1.2022674083709717,3700000
2010-02-12,1.1917394078065944,1.220515218917374,1.17840432480418,1.2184096574783325,1632000
2010-02-16,1.221216991670868,1.2289373550362934,1.212092948693611,1.2268317937850952,4227000
2010-02-17,1.2352535410496266,1.2352535410496266,1.2050740630107541,1.2219184637069702,5077000
2010-02-18,1.2261296409865876,1.22823520177214,1.2141982414243027,1.2247259616851807,4619000
2010-02-19,1.2282352775169105,1.2366574375116275,1.2184093544673338,1.230340838432312,3746000
2010-02-22,1.2282354757910672,1.2345520758900719,1.2092855918271503,1.2177077531814575,8465000
2010-02-23,1.2177076665480007,1.2275335068178188,1.2022670245524738,1.2198132276535034,18202000
2010-02-24,1.2282354687139125,1.2542038342679378,1.2219188686513043,1.2450798749923706,8523000
2010-02-25,1.2633274595559816,1.2906995793342004,1.2415702236812103,1.2696441411972046,23197000
2010-02-26,1.2668370022538469,1.2766629259347826,1.260520402768662,1.2738555669784546,2807000
2010-03-01,1.3124569777511383,1.3194754575519296,1.2717497781731737,1.2843830585479736,8722000
2010-03-02,1.2766630427168746,1.3152646920653661,1.2766630427168746,1.3138610124588013,9810000
2010-03-03,1.315966753910298,1.3994867477743849,1.315966753910298,1.3271963596343994,10634000
2010-03-04,1.3342143726900737,1.3503568938616732,1.2984200902516088,1.3377236127853394,3966000
2010-03-05,1.3370217503934196,1.3798345136338215,1.3370217503934196,1.3587790727615356,3767000
2010-03-08,1.3672011890787992,1.370008631306325,1.3398291502784343,1.3552697896957397,2220000
2010-03-09,1.364393850820425,1.4036973732555706,1.3440402081188063,1.3580771684646606,9227000
2010-03-10,1.365797529073088,1.4022936928777974,1.358779048905549,1.3854492902755737,5449000
2010-03-11,1.3889583884909524,1.4015916682355345,1.3889583884909524,1.3938713073730469,3947000
2010-03-12,1.3966791902340985,1.4036976719002476,1.364394141103052,1.3791329860687256,4984000
2010-03-15,1.3728160995383074,1.3728160995383074,1.3356181354702592,1.3629902601242065,1792000
2010-03-16,1.3629903353248267,1.3812384194342646,1.3447422512153888,1.368605136871338,1623000
2010-03-17,1.3749215796141956,1.402995500480164,1.3728160188158711,1.3959770202636719,3094000
2010-03-18,1.3994862398528238,1.4036973613877297,1.3672011978635659,1.4022936820983887,2112000
2010-03-19,1.4114177227020264,1.4233492902004563,1.3819401212167355,1.4114177227020264,6365000
2010-03-22,1.3945735025513002,1.4142253498349155,1.3826421015340777,1.3994864225387573,4734000
2010-03-23,1.4022937893692113,1.4247529107173647,1.40018822844069,1.4191381931304932,2819000
2010-03-24,1.417734970025156,1.417734970025156,1.3735185083534904,1.3770277500152588,1535000
2010-03-25,1.3861514677348747,1.3861514677348747,1.3552700982036778,1.3791329860687256,5835000
2010-03-26,1.379834544076516,1.4177343886829292,1.379834544076516,1.3973808288574219,5250000
2010-03-29,1.4100141515514932,1.4317713913678434,1.3994863469088865,1.4191381931304932,2961000
2010-03-30,1.423349583857778,1.439492109136574,1.4008903746001988,1.4303680658340454,3539000
2010-03-31,1.4310701040834186,1.4514237554317624,1.4156293742098756,1.4430015087127686,6620000
2010-04-01,1.4521248873798942,1.4598451651080435,1.410014007771107,1.43878972530365,3246000
2010-04-05,1.4521252993326044,1.4528270973250486,1.3889588783328923,1.4219458103179932,6120000
2010-04-06,1.4072068410430856,1.4619509250617226,1.403697516930543,1.4514232873916626,2358000
2010-04-07,1.4444046351873565,1.4556340694145493,1.4317712706811188,1.437386155128479,1446000
2010-04-08,1.4373865071894114,1.4373865071894114,1.4093124127439134,1.41071617603302,1402000
2010-04-09,1.4107160783519048,1.4135234374019254,1.3917661955970244,1.4043993949890137,1983000
2010-04-12,1.3980828532454048,1.4142254612862937,1.3805366492882212,1.4051014184951782,2867000
2010-04-13,1.3938720811537637,1.4205423346051542,1.3861517996723882,1.4142258167266846,2367000
2010-04-14,1.447914209924783,1.5131861100660384,1.4387901664784732,1.5124843120574951,4783000
2010-04-15,1.5159930866055964,1.5440670047648895,1.5159930866055964,1.5412596464157104,6148000
2010-04-16,1.5419615711841534,1.542663368995819,1.5209061308303031,1.5356448888778687,3439000
2010-04-19,1.5216077377966717,1.546874296519026,1.4949375836270302,1.5370484590530396,4867000
2010-04-20,1.5770541770612185,1.605830066424247,1.5567005318695717,1.570035696029663,8506000
2010-04-21,1.5791592661205454,1.602320263335634,1.5061669513414853,1.5328372716903687,5402000
2010-04-22,1.532837502820674,1.534241265752607,1.4717765762886623,1.511080265045166,6441000
2010-04-23,1.504061883279972,1.5173970478196563,1.4794972826371762,1.5082730054855347,1886000
2010-04-26,1.49844718118181,1.5461729544633183,1.4949380241956751,1.529328465461731,2550000
2010-04-27,1.5342413295776292,1.5342413295776292,1.4612490007558459,1.4738821983337402,2506000
2010-04-28,1.486515742235458,1.4942360212774428,1.4514233365894507,1.4745843410491943,3139000
2010-04-29,1.4970431378462525,1.5300301444123257,1.4970431378462525,1.5019562244415283,3185000
2010-04-30,1.5138879233431213,1.5223100006011046,1.4380882240184987,1.4394919872283936,3603000
2010-05-03,1.449317729531855,1.5068693398987654,1.4310696457081673,1.482304573059082,4239000
2010-05-04,1.4717766944702464,1.4717766944702464,1.3980826486352398,1.4072067737579346,5540000
2010-05-05,1.3994862406999022,1.4079084837748117,1.347549437627785,1.3749215602874756,6266000
2010-05-06,1.3735181248755304,1.374219922811794,1.301929548029017,1.3475496768951416,9155000
2010-05-07,1.3503569792035208,1.3686050623189259,1.2899980122835404,1.3538662195205688,6025000
2010-05-10,1.403697626367027,1.4675659245908825,1.403697626367027,1.455634355545044,8944000
2010-05-11,1.426858593154891,1.4598454382878694,1.4156289896910745,1.4500195980072021,2174000
2010-05-12,1.4430010631142371,1.4682676281350697,1.4387899410551341,1.4542306661605835,3533000
2010-05-13,1.4619507051936906,1.4619507051936906,1.426156508231407,1.435982346534729,2919000
2010-05-14,1.432472815531835,1.4380876989876838,1.3840453451439598,1.41983962059021,5049000
2010-05-17,1.4212437718466078,1.4401936531066895,1.398082685009889,1.4401936531066895,2929000
2010-05-18,1.4458084161483784,1.465460263232818,1.3994864083546532,1.4093122482299805,3384000
2010-05-19,1.392468051245726,1.4233495040774091,1.3285998353748179,1.4051014184951782,5790000
2010-05-20,1.3875551694324926,1.4247531395888666,1.3643941628319654,1.41071617603302,11123000
2010-05-21,1.396678586065195,1.421243344937506,1.3714120295299903,1.3903619050979614,8233000
2010-05-24,1.3861513509890317,1.4036975536766105,1.3552699840587565,1.3608847856521606,4802000
2010-05-25,1.3335127463166745,1.3573756337297869,1.2998240182238037,1.349655270576477,6804000
2010-05-26,1.3728162860803004,1.433175344826672,1.3672014840806217,1.4051014184951782,9462000
2010-05-27,1.4296658611261168,1.5124840349796653,1.424051143418729,1.4977452754974365,10657000
2010-05-28,1.5040617764945436,1.508272898401125,1.4247529274777897,1.4493176937103271,7955000
2010-06-01,1.4500192522019002,1.4731802515307009,1.4275600506304107,1.4310693740844727,4561000
2010-06-02,1.4275601042018526,1.4816025495529175,1.4275601042018526,1.4816025495529175,8618000
2010-06-03,1.4780935369710853,1.5440673951944326,1.4780935369710853,1.5202044248580933,6463000
2010-06-04,1.5019564154175842,1.5047637743048714,1.444404805226169,1.4605473279953003,3157000
2010-06-07,1.4654606357958673,1.4809011974300288,1.442299626010797,1.4577401876449585,7353000
2010-06-08,1.4696715786401444,1.4809010157843892,1.4472123696840407,1.4801992177963257,11924000
2010-06-09,1.4914284876127015,1.5370486932762537,1.4710748445217499,1.4787952899932861,8025000
2010-06-10,1.5089752793858042,1.541962131186805,1.508273313985437,1.5300307273864746,10099000
2010-06-11,1.5089748083722117,1.5426634477241328,1.5040617214385232,1.539154291152954,7929000
2010-06-14,1.554595061844332,1.5552970271222368,1.4956398511943452,1.5096768140792847,13409000
2010-06-15,1.5265212686716327,1.593196931833597,1.5138880679113569,1.56161367893219,12082000
2010-06-16,1.5595074344656503,1.648642268083794,1.5475760369368017,1.6058295965194702,26923000
2010-06-17,1.6346058305113418,1.6626797553598962,1.6163577458930232,1.6388169527053833,20536000
2010-06-18,1.6346055141053004,1.651449832287167,1.6009167104078081,1.6170592308044434,12720000
2010-06-21,1.6416242287969178,1.6423260266825428,1.5707374550015054,1.6135503053665161,7111000
2010-06-22,1.6065314222474687,1.61705905723095,1.551085387155494,1.5623149871826172,12008000
2010-06-23,1.5791595184283074,1.593196478538747,1.5096765156815033,1.5819668769836426,11441000
2010-06-24,1.5896874001307657,1.5917927936501854,1.4549323421953584,1.4907267093658447,17771000
2010-06-25,1.5047636360862775,1.5489800783343906,1.4830062302072935,1.5068691968917847,95883000
2010-06-28,1.511782444398857,1.5342416529756304,1.4401938634774705,1.5265212059020996,9663000
2010-06-29,1.4935340101809789,1.4942358079935891,1.428963926075398,1.4717766046524048,13274000
2010-06-30,1.4661624584043054,1.4956401533514363,1.4507217291779357,1.4780938625335693,13444000
2010-07-01,1.496341683513509,1.5124842079354073,1.4514234347165669,1.5026583671569824,11503000
2010-07-02,1.5075714363841446,1.522310199006895,1.4928326737613944,1.5138881206512451,5534000
2010-07-06,1.5307321308688215,1.5588060542996316,1.4563362003104188,1.464758276939392,10588000
2010-07-07,1.4563360084199295,1.5223096863227188,1.4387897249207242,1.5209060907363892,9493000
2010-07-08,1.5272230716703261,1.54406739333812,1.49844718118181,1.529328465461731,2914000
2010-07-09,1.5258195208876253,1.5447694063186646,1.5089751968749034,1.5447694063186646,3255000
2010-07-12,1.5335390718677209,1.57073702701077,1.505465156086834,1.551085352897644,4995000
2010-07-13,1.5658241724507482,1.579159333191569,1.553892774489814,1.5777555704116821,6589000
2010-07-14,1.5791601794139847,1.604426751655303,1.5595083266334775,1.5644214153289795,5384000
2010-07-15,1.5616131897020988,1.6142518722689272,1.5377503916675406,1.6079351902008057,8355000
2010-07-16,1.5924951396016094,1.6107432264700141,1.5426637997173027,1.5433655977249146,6599000
2010-07-19,1.5475767596307568,1.5700359697812385,1.5286268742748323,1.56301748752594,5262000
2010-07-20,1.5461729439233454,1.5503840661450357,1.5159934577796206,1.5440673828125,7122000
2010-07-21,1.555999670780158,1.5693348429688956,1.5244164034560717,1.527925729751587,5036000
2010-07-22,1.5461727542741996,1.6100408756899807,1.5363467478508879,1.6037243604660034,8397000
2010-07-23,1.6072331919147829,1.6233757102970459,1.5791592760036712,1.6058295965194702,6317000
2010-07-26,1.6065321191585773,1.6107432419122445,1.537750893738847,1.6002154350280762,6892000
2010-07-27,1.603724220484654,1.6184629778324888,1.5602095788857395,1.5735447406768799,9720000
2010-07-28,1.5707378599209068,1.5826694310550633,1.5279251658530248,1.5300307273864746,3550000
2010-07-29,1.5377515756448092,1.5433662969169684,1.49914982306358,1.527925729751587,5103000
2010-07-30,1.5145895066827177,1.5377505086946888,1.4801989025840683,1.5272228717803955,2775000
2010-08-02,1.5426638415937248,1.600215463125467,1.5159936759085662,1.5321362018585205,10105000
2010-08-03,1.524415553124335,1.5370489199405273,1.499850952093619,1.5159934759140015,4176000
2010-08-04,1.5223095457035738,1.5756500217334142,1.491428270318007,1.567929744720459,6168000
2010-08-05,1.551787911116143,1.596706332246863,1.551787911116143,1.5960043668746948,4639000
2010-08-06,1.5833710755573562,1.595302478200512,1.5714396729142004,1.5854766368865967,2716000
2010-08-09,1.5917926823804118,1.6093389658192285,1.5777557225628627,1.6072334051132202,2267000
2010-08-10,1.5847748856998654,1.601619378609931,1.5581047174819818,1.565123200416565,3722000
2010-08-11,1.441596854730572,1.456335777385158,1.3531639881379935,1.41983962059021,23300000
2010-08-12,1.4352808282355198,1.466162112059483,1.4177345415625326,1.4324733018875122,18324000
2010-08-13,1.4303677947827862,1.442299195148088,1.4001882276035063,1.4029955863952637,39578000
2010-08-16,1.40299559433285,1.4247529179261744,1.3833438316787006,1.4226473569869995,14858000
2010-08-17,1.4310695669468594,1.4535287715451308,1.4240510864266214,1.4296658039093018,7749000
2010-08-18,1.4261566574478264,1.461249060298321,1.4100141354032212,1.4563361406326294,8339000
2010-08-19,1.4507214235723713,1.4633547904600395,1.430367944698565,1.4394919872283936,5891000
2010-08-20,1.4240509147761897,1.4422989953959997,1.4240509147761897,1.4338767528533936,4158000
2010-08-23,1.4345783980671836,1.4437024374068355,1.4191378448260321,1.4317710399627686,5772000
2010-08-24,1.40369744351429,1.437386250430813,1.4001882032521797,1.420541763305664,10926000
2010-08-25,1.4212436877090842,1.4331750875245093,1.3833437600988137,1.42405104637146,11221000
2010-08-26,1.440193692832514,1.4752860974920834,1.421945608942781,1.4458084106445312,7769000
2010-08-27,1.4472125064073293,1.449318067904247,1.404399645748437,1.425455093383789,10518000
2010-08-30,1.4184361296272527,1.4289639335402313,1.3987844521013812,1.4036973714828491,5904000
2010-08-31,1.38966104134581,1.4212443000735282,1.3826425579989663,1.4142258167266846,6339000
2010-09-01,1.424752836344954,1.4991487608232985,1.4149269974139507,1.4738821983337402,11095000
2010-09-02,1.4886209628957874,1.4907265234864355,1.4619506403034095,1.4773913621902466,3047000
2010-09-03,1.485813550551518,1.488620908792433,1.4549321079002175,1.4724783897399902,5240000
2010-09-07,1.459143359636168,1.4731803194318964,1.4366841570294986,1.4444046020507812,4393000
2010-09-08,1.443001057231683,1.4521250992112824,1.388958686916706,1.4093122482299805,10604000
2010-09-09,1.4128222128014636,1.4247536191062058,1.3679038641048222,1.3805371522903442,15500000
2010-09-10,1.3714124499569418,1.3791328122836202,1.2921035167229271,1.3089479207992554,25537000
2010-09-13,1.3173700984674572,1.3384255410918173,1.3166683005801136,1.3300033807754517,11641000
2010-09-14,1.3215814564828217,1.4163309652139362,1.306140728867189,1.3966792821884155,12115000
2010-09-15,1.38966070794456,1.4114179508997216,1.3271961709437128,1.3412331342697144,11064000
2010-09-16,1.3342144021795344,1.3791327265918738,1.3335125206782144,1.3510587215423584,8576000
2010-09-17,1.3615870870354283,1.426157199767703,1.354568520129515,1.4065053462982178,15408000
2010-09-20,1.4135240950505241,1.4724794991991959,1.3889593990998679,1.447914719581604,12498000
2010-09-21,1.4563365914966682,1.5384528228556316,1.4338773797857431,1.4577401876449585,9719000
2010-09-22,1.4598448067009882,1.505464998743824,1.4528263284892995,1.4570374488830566,14238000
2010-09-23,1.4493176513354884,1.5195024566138613,1.4191381683324105,1.497043251991272,10337000
2010-09-24,1.5005524688476288,1.5286263889557161,1.4963413473646632,1.5145894289016724,7934000
2010-09-27,1.5426643771472153,1.5517884239966113,1.5251182490525979,1.5405588150024414,6663000
2010-09-28,1.5510862345473984,1.573545446871598,1.5307325838369572,1.565123200416565,6547000
2010-09-29,1.5651228752936617,1.5791598382469305,1.5524895082354409,1.5672284364700317,3880000
2010-09-30,1.570737124166501,1.6142517632519073,1.5679297658815143,1.5798611640930176,10464000
2010-10-01,1.5875819793352186,1.5903893382758842,1.5686319299847065,1.5882837772369385,6330000
2010-10-04,1.5861780322512724,1.5882835930460395,1.5384522664594984,1.5658243894577026,7856000
2010-10-05,1.5749487748030204,1.5875821423337753,1.5616136092984918,1.5756505727767944,4099000
2010-10-06,1.5735452815566986,1.5924951667558365,1.5328379844124789,1.5637192726135254,10263000
2010-10-07,1.567929676172479,1.6121461104658537,1.562314959923752,1.6058295965194702,8158000
2010-10-08,1.5896876462196892,1.5938986012441703,1.5475765899706964,1.558104395866394,11144000
2010-10-11,1.5623150282262632,1.5763519867954978,1.5489798673853667,1.567929744720459,3876000
2010-10-12,1.571439241387337,1.571439241387337,1.525819037337732,1.5454707145690918,8550000
2010-10-13,1.558806143254624,1.5609117043654692,1.5117823355579303,1.5440673828125,9490000
2010-10-14,1.546172619316252,1.579159457571172,1.5293281339658609,1.5735447406768799,8488000
2010-10-15,1.5826685318687872,1.5945999288903463,1.537750134453823,1.5924943685531616,8650000
2010-10-18,1.5974081302852121,1.5988118936957292,1.5728433582709858,1.5960043668746948,4626000
2010-10-19,1.570035622340183,1.5946003884645756,1.551085741177773,1.5714393854141235,5217000
2010-10-20,1.5819666267898722,1.5896870707632322,1.5496815901751047,1.551085352897644,3061000
2010-10-21,1.5581051104309334,1.5588069087012333,1.5370496563170677,1.5405588150024414,3467000
2010-10-22,1.5440669370318385,1.5784575354684975,1.5405576137489934,1.5777555704116821,5244000
2010-10-25,1.579159582857183,1.622674227908425,1.5728429003496387,1.6044261455535889,6475000
2010-10-26,1.6002148091075965,1.6479405694249782,1.5889852086015215,1.6437294483184814,14787000
2010-10-27,1.6430276268694783,1.6668904230169508,1.627586905479719,1.6633810997009277,11251000
2010-10-28,1.6816299221062294,1.6879466064648543,1.6205691419743138,1.6444319486618042,13518000
2010-10-29,1.6500460489577324,1.751112113882369,1.6395182467084264,1.7321622371673584,13607000
2010-11-01,1.7195289796645856,1.735671497641031,1.6682940676814615,1.6725050210952759,8575000
2010-11-02,1.6914560343880005,1.7153188425294048,1.6753135071549732,1.6900522708892822,4040000
2010-11-03,1.6928587209928496,1.738478918516942,1.6816291210381702,1.7321622371673584,5849000
2010-11-04,1.7518139463454114,1.7805896580928884,1.7314603084262628,1.7749749422073364,9831000
2010-11-05,1.7798888553749366,1.803751662228117,1.7651500924362937,1.7805906534194946,6295000
2010-11-08,1.7651503911060058,1.7953298874681485,1.7497096601763578,1.7721688747406006,3744000
2010-11-09,1.7777828474143111,1.78620509116903,1.7391811199835556,1.7426904439926147,4079000
2010-11-10,1.7440943026881341,1.749709188482435,1.7111074552316559,1.7272499799728394,2680000
2010-11-11,1.712511169319185,1.7616405401055306,1.6739094371772993,1.7440942525863647,12118000
2010-11-12,1.7412865151347896,1.8114714826296685,1.723740398761392,1.805154800415039,10075000
2010-11-15,1.821297042035871,1.821998839729789,1.7602361246541003,1.7665528059005737,4987000
2010-11-16,1.7560256604515896,1.7595348172326997,1.7139146077417808,1.747603416442871,5697000
2010-11-17,1.7454983200334866,1.7686593298883584,1.7195299505397452,1.726548433303833,6378000
2010-11-18,1.7384797462533683,1.765851877800423,1.7321630618962434,1.7595351934432983,6640000
2010-11-19,1.7497096343767775,1.7777835685012047,1.7433929489986275,1.7735724449157715,3454000
2010-11-22,1.7777830582185632,1.8255088329315188,1.7777830582185632,1.8255088329315186,9078000
2010-11-23,1.8177872841568765,1.8290168812425807,1.800942972195169,1.8234021663665771,6454000
2010-11-24,1.8332290221029972,1.852880869781711,1.8297198651844568,1.8458623886108398,8239000
2010-11-26,1.8423535140259593,1.8985013770970673,1.836738794652381,1.8956940174102783,6268000
2010-11-29,1.899904684202106,1.9020102452948464,1.8500733505635654,1.8893768787384033,10205000
2010-11-30,1.8893763143273747,1.9125373120948734,1.8311229210536266,1.832526683807373,54355000
2010-12-01,1.8584957182813275,1.8949918898659954,1.8451605529201909,1.885166049003601,16522000
2010-12-02,1.8921841099504968,1.9988650744520569,1.8830600690830104,1.9939521551132202,19060000
2010-12-03,1.9651767550340455,1.9651767550340455,1.856390202893522,1.8634086847305298,26279000
2010-12-06,1.8844634294509885,1.8872707876750356,1.8451599123130986,1.8844634294509888,8971000
2010-12-07,1.7377774381281352,1.7749754006450966,1.718125592785602,1.7447959184646606,117381000
2010-12-08,1.7539200496079153,1.8065585711652152,1.7447960079690112,1.7826957702636719,49077000
2010-12-09,1.806558879739892,1.8606013409346778,1.7946274772511415,1.8535828590393066,34051000
2010-12-10,1.8739368814762642,1.8739368814762642,1.8360369377951775,1.8528814315795898,14052000
2010-12-13,1.8718813570099002,1.8789184980303681,1.8542884205693924,1.870473861694336,12177000
2010-12-14,1.8753999273580029,1.8824370686926437,1.8275472656152338,1.8500661849975586,9460000
2010-12-15,1.8507704931144142,1.8908821922720016,1.8233255845091656,1.8578076362609863,18005000
2010-12-16,1.8718812943044794,1.945771356433516,1.8592143402247567,1.9450675249099731,24425000
2010-12-17,1.950698069858755,1.9985505780316488,1.9373274470192032,1.9823651313781738,36401000
2010-12-20,1.962660945476085,2.0013653132402047,1.9492903243493713,1.9570311307907104,14602000
2010-12-21,1.966882243018133,1.9767342038773974,1.9471781535209793,1.961956262588501,14950000
2010-12-22,1.966882532812079,1.9837716350275771,1.92747451579015,1.980252981185913,9600000
2010-12-23,1.9795488119125366,2.002771384444329,1.9640670409651395,1.9795488119125366,5885000
2010-12-27,1.9774384181430855,2.0365505353185234,1.957734490937054,2.023883581161499,13311000
2010-12-28,2.0245868836224776,2.0266980420969585,1.9858825352951641,1.9915121793746948,5836000
2010-12-29,2.0020686727777988,2.017550451085443,1.980957248419385,2.014735460281372,6296000
2010-12-30,2.015439734430856,2.0358473316800985,1.99503196940289,2.0323288440704346,6815000
2010-12-31,2.033735063984574,2.033735063984574,1.9908084011799876,1.9992530345916748,6177000
2011-01-03,2.0196615970668415,2.0196615970668415,1.947882681644171,1.9563273191452026,14436000
2011-01-04,1.9563265319225795,1.9915122277203787,1.89791826012037,1.9704008102416992,16262000
2011-01-05,1.9598458683603404,1.9823646208511054,1.9528087267484717,1.9696978330612183,9537000
2011-01-06,1.9732163434673933,2.007698388109638,1.9542160776670339,2.0069947242736816,9598000
2011-01-07,2.0034754807682496,2.0062904708422087,1.9549193347827791,1.9901050329208374,8774000
2011-01-10,1.9886979157095053,2.047810034034859,1.9654753337485467,2.033735752105713,15385000
2011-01-11,2.0506246315828207,2.0590692669240487,2.0295132110084078,2.057661771774292,13549000
2011-01-12,2.0604775408316254,2.063996196433079,1.9718095001312788,1.9823651313781738,15599000
2011-01-13,1.9985494850822163,2.0168460815349327,1.9718084218057674,1.9950309991836548,9645000
2011-01-14,1.9943276620157449,2.044994974587914,1.9704012493186622,2.0414764881134033,9776000
2011-01-18,1.945771002204756,1.9626601034577114,1.9162149491781042,1.952808141708374,100182000
2011-01-19,1.9704010558866207,2.005586756070932,1.9359190193723996,1.9535119533538818,29795000
2011-01-20,1.9485861350076554,1.9577344345982393,1.9197337409994044,1.9492897987365723,20963000
2011-01-21,1.9696967002883818,1.9823634807936021,1.9464741295466501,1.9542149305343628,12490000
2011-01-24,1.9858823387253401,1.9858823387253401,1.9408445194325903,1.9767340421676636,21495000
2011-01-25,1.9809561330016474,1.9809561330016474,1.928177517934345,1.971807837486267,14548000
2011-01-26,1.9795488457903585,1.9971417752488758,1.956326272861137,1.9879934787750244,15209000
2011-01-27,1.9999565666777404,2.0717354426238646,1.9999565666777404,2.056253671646118,37302000
2011-01-28,2.0618842098904153,2.066106527807677,1.961252914717453,1.9739198684692383,13722000
2011-01-31,1.9732155417294672,2.0323276421779397,1.9668822342217642,2.02036452293396,13104000
2011-02-01,2.0351426114045164,2.075958120275788,2.0238831548959366,2.045698404312134,15835000
2011-02-02,2.042178757174246,2.068919974344119,2.019659855113148,2.0266971588134766,11300000
2011-02-03,2.025290900673165,2.0815880224088352,2.012623947615445,2.069624900817871,12326000
2011-02-04,2.096365470256685,2.1969965602607693,2.0914393226644483,2.195589065551758,25500000
2011-02-07,2.1934783074735837,2.215293387212827,2.150551643756206,2.1667370796203613,9762000
2011-02-08,2.209663895405704,2.269479494864825,2.1815151707572173,2.2455532550811768,34684000
2011-02-09,2.2469621692491333,2.3187411017152986,2.2342952099898894,2.3060741424560547,42916000
2011-02-10,2.3215555329744917,2.32225919688808,2.2624434019865998,2.285665988922119,35043000
2011-02-11,2.289183618341386,2.346888227867898,2.2744056761052667,2.342665910720825,27725000
2011-02-14,2.3630739911062824,2.4172599545599147,2.3630739911062824,2.395444869995117,25997000
2011-02-15,2.3848887302920936,2.410926296594411,2.3518141924977223,2.3722219467163086,19788000
2011-02-16,2.38629705561613,2.4348533838135875,2.3792599138967314,2.4193716049194336,12605000
2011-02-17,2.4158525555740042,2.4221858642020764,2.3440736596337373,2.3665924072265625,34387000
2011-02-18,2.3764454242807194,2.3975568524017428,2.366593290267935,2.382075071334839,15639000
2011-02-22,2.3391474837677193,2.3391474837677193,2.2610352800946036,2.29410982131958,20118000
2011-02-23,2.32085043599789,2.3222577629560797,2.1758851892520936,2.2054412364959717,33272000
2011-02-24,2.2413309854767904,2.4010742000980816,2.2279603703467683,2.3912222385406494,35331000
2011-02-25,2.4095188703142583,2.434148942353086,2.3785554901963186,2.4179635047912598,19132000
2011-02-28,2.4165561233827932,2.429926739340357,2.3567403511757106,2.3919260501861572,16263000
2011-03-01,2.2694803142065867,2.2849620931857864,2.2406280833321675,2.2568135261535645,101318000
2011-03-02,2.2596271070364233,2.2898868167381923,2.2547011272917863,2.284257173538208,26617000
2011-03-03,2.307479580589591,2.327887329344911,2.2765160418647636,2.3222575187683105,32848000
2011-03-04,2.3264801148524943,2.3328135895967166,2.287775770675949,2.3074798583984375,20498000
2011-03-07,2.3222578619909937,2.3222578619909937,2.2216267657088085,2.250478982925415,16709000
2011-03-08,2.246256273040439,2.2905904219242377,2.2230337035196803,2.2793309688568115,19603000
2011-03-09,2.2335899382493984,2.2441455622555666,2.1772928294735174,2.1815149784088135,43929000
2011-03-10,2.168145697391605,2.189960788429191,2.1217005241423443,2.182219982147217,36191000
2011-03-11,2.1801084467225196,2.2181089754541956,2.1611081823566813,2.1977012157440186,13135000
2011-03-14,2.1878484534796856,2.193478265024445,2.1618110574487024,2.1815149784088135,16414000
2011-03-15,2.128033442813514,2.2012198442833517,2.100588542262325,2.1864418983459473,19796000
2011-03-16,2.183619352431129,2.193496747382306,2.0742620231825875,2.085550546646118,28724000
2011-03-17,2.135643810092229,2.1384658997513144,1.994537476807957,2.0686182975769043,38143000
2011-03-18,2.1215332451729307,2.1511656078434243,2.106717147943595,2.139171600341797,30697000
2011-03-21,2.1730367634172647,2.1977304241694795,2.157515187595234,2.1864418983459473,19947000
2011-03-22,2.1977291210752883,2.2083121603260625,2.1483419970656477,2.1666858196258545,15176000
2011-03-23,2.1673926547119766,2.1885585782362496,2.141288032519887,2.1878530979156494,12364000
2011-03-24,2.2061958750362423,2.2104289231437493,2.1589251837537686,2.1920852661132812,13371000
2011-03-25,2.197730377421829,2.200552466764733,2.1709201081347413,2.1765644550323486,9122000
2011-03-28,2.1779754619253473,2.2224240849216947,2.1688035452069645,2.1864418983459473,10740000
2011-03-29,2.1913805258860557,2.1949082636843267,2.1596317267605962,2.185030698776245,14708000
2011-03-30,2.222423721285361,2.2287733793500677,2.1596314433382173,2.2217180728912354,17353000
2011-03-31,2.2245399437968847,2.2435892511070206,2.1737416788286925,2.194201946258545,15803000
2011-04-01,2.2224230778245766,2.250644295488985,2.1913796038243474,2.2238340377807617,16029000
2011-04-04,2.2287728631034076,2.2287728631034076,2.1137713776408456,2.1589252948760986,18790000
2011-04-05,2.1695083286438903,2.285920941949608,2.15963093556625,2.234417200088501,20444000
2011-04-06,2.2675778115841694,2.3183760890151435,2.2393565837251366,2.312026262283325,21373000
2011-04-07,2.319081643264757,2.3261369504546954,2.2795718893587456,2.290860414505005,16580000
2011-04-08,2.318375176027376,2.3381299604644514,2.2767488308644297,2.297914743423462,8340000
2011-04-11,2.2788659088892014,2.302148434326631,2.2393561636556316,2.2739272117614746,8896000
2011-04-12,2.2591114808607844,2.268989045639615,2.1786810113694965,2.213252067565918,18839000
2011-04-13,2.2485278594747093,2.2781602075754757,2.2090181180776005,2.243589162826538,8770000
2011-04-14,2.224539700278437,2.242883357308905,2.1659804882152494,2.1920852661132812,11746000
2011-04-15,2.187146181780402,2.2464108678698183,2.157514006947404,2.2393555641174316,12119000
2011-04-18,2.21466210235336,2.2365336635656714,2.1539864513589837,2.229478359222412,8052000
2011-04-19,2.226656935527727,2.2569947723691177,2.2181906680770656,2.2414731979370117,7237000
2011-04-20,2.2703994772920915,2.3014429567167642,2.253466777377023,2.2972097396850586,11153000
2011-04-21,2.3197868577692238,2.3324863410507017,2.2943877229945073,2.300031900405884,8335000
2011-04-25,2.295799090539547,2.3070876155767603,2.2577004657242696,2.2746331691741943,6000000
2011-04-26,2.2986204350307236,2.2986204350307236,2.247116692906883,2.282393217086792,11000000
2011-04-27,2.2760432530367583,2.363528987543091,2.268987949153801,2.3557682037353516,9822000
2011-04-28,2.3494196945083297,2.3861073625147498,2.3183763736938707,2.32049298286438,7214000
2011-04-29,2.3240203337257186,2.363530087499962,2.308498758886696,2.360707998275757,8180000
2011-05-02,2.380463033973557,2.380463033973557,2.3226094461087072,2.338836669921875,7082000
2011-05-03,2.348714076800151,2.3585914735435427,2.266872477104425,2.268989086151123,11762000
2011-05-04,2.27533857649162,2.3007377149582853,2.252056046914825,2.2957990169525146,7482000
2011-05-05,2.2929765283929715,2.356474279392237,2.263344177308612,2.3451857566833496,8190000
2011-05-06,2.388223781996194,2.4693598997153114,2.3719965584523703,2.46301007270813,19072000
2011-05-09,2.469359212081058,2.514513132397412,2.4446655594040183,2.5018136501312256,13743000
2011-05-10,2.52298059310386,2.5526129547366945,2.512397714942586,2.526508331298828,16750000
2011-05-11,2.5265072126147654,2.544851039397984,2.5067522575360144,2.530740261077881,13834000
2011-05-12,2.537091981618694,2.5448529407249296,2.4573669581206024,2.4735941886901855,20255000
2011-05-13,2.4735926379324815,2.498286124484442,2.460892986381392,2.4615986347198486,10121000
2011-05-16,2.448193572222666,2.4679483620224616,2.4086838244113085,2.4171502590179443,7560000
2011-05-17,2.40586149880394,2.4298495035459133,2.38610654273686,2.4178555011749268,12570000
2011-05-18,2.426321841177694,2.45172097506506,2.374818093304125,2.4432547092437744,6843000
2011-05-19,2.4481935271727675,2.473592662313533,2.4432548298136973,2.4559543132781982,7067000
2011-05-20,2.4580709446097404,2.484175560125428,2.4199723256523464,2.4263219833374023,13164000
2011-05-23,2.393162481353831,2.3938679616176852,2.2421787711223735,2.259817123413086,24924000
2011-05-24,2.2668714676370505,2.279570948050196,2.221011905733453,2.237239122390747,28000000
2011-05-25,2.3141419317467826,2.4467817497649587,2.300736803492141,2.434082269668579,67195000
2011-05-26,2.4369055017418164,2.4587769042582974,2.374113215303381,2.448899507522583,18410000
2011-05-27,2.455249260643965,2.477826310969407,2.410800808461358,2.4700653553009033,17129000
2011-05-31,2.388928507651903,2.4037447659885434,2.3614127675241696,2.3839898109436035,107163000
2011-06-01,2.3875180243241267,2.4164447303094914,2.3741128916037884,2.3825793266296387,33826000
2011-06-02,2.3854010796001224,2.4093890845124513,2.3268420274837007,2.364940643310547,23147000
2011-06-03,2.3790510918985825,2.408683440081906,2.335308133763531,2.391045093536377,40817000
2011-06-06,2.3995117376800015,2.3995117376800015,2.346596861604579,2.3515355587005615,13823000
2011-06-07,2.3846962671996974,2.416445066540708,2.3564748692573136,2.402334451675415,49845000
2011-06-08,2.384696345755221,2.410800967294759,2.345892069491494,2.357180595397949,17524000
2011-06-09,2.4199717983641458,2.4439598000208083,2.381167539509886,2.4150331020355225,32459000
2011-06-10,2.418561339065954,2.426322125698467,2.3550635810073994,2.3825793266296387,14248000
2011-06-13,2.3825790874540247,2.4206777048222663,2.3268421216231485,2.36141300201416,23053000
2011-06-14,2.381873420079355,2.4312607280949887,2.381167939974255,2.41432785987854,21844000
2011-06-15,2.4150360181039727,2.4263543116623927,2.369055503227695,2.374007225036621,19194000
2011-06-16,2.3633963157898394,2.3676405280763424,2.3103418913272122,2.3605666160583496,21770000
2011-06-17,2.382495151099787,2.3938134406854226,2.2770938428574867,2.299022912979126,20208000
2011-06-20,2.296193223176589,2.3450032487540593,2.277093684614819,2.3167076110839844,19129000
2011-06-21,2.33156370356498,2.4334281748767856,2.323782450687546,2.4100842475891113,18439000
2011-06-22,2.40371750883658,2.5671249884884957,2.3732996714147405,2.5466105937957764,38382000
2011-06-23,2.5098265811569425,2.55156271490139,2.463846066242657,2.5338778495788574,38113000
2011-06-24,2.5310479382193067,2.534584809559395,2.475871328608994,2.512655735015869,102656000
2011-06-27,2.5147791263534685,2.5480265086440257,2.4758725110984017,2.5077052116394043,18084000
2011-06-28,2.533169436298671,2.6442297970537263,2.533169436298671,2.61381196975708,31148000
2011-06-29,2.6357423605907018,2.6732341136995394,2.591884035636389,2.667574882507324,25680000
2011-06-30,2.673940833757898,2.7376060314704653,2.6279603288600413,2.6880886554718018,26329000
2011-07-01,2.7036506157776543,2.758119698185655,2.702943275474586,2.7347757816314697,19479000
2011-07-05,2.741142735809199,2.7644866556462167,2.7241653855609997,2.755997896194458,9519000
2011-07-06,2.735484515680756,2.7644875049591064,2.7086035482619604,2.7644875049591064,12312000
2011-07-07,2.768023305705077,2.7906597133009003,2.7262871920287712,2.7347757816314697,23121000
2011-07-08,2.7029444450837716,2.7029444450837716,2.6194721816113176,2.6852595806121826,20213000
2011-07-11,2.6463521960580207,2.6965770748477143,2.6244231257720787,2.644937515258789,14573000
2011-07-12,2.630790116776405,2.6343269879963933,2.4765785850498707,2.5048742294311523,34677000
2011-07-13,2.5289257592701873,2.5657101658416743,2.4794083796999122,2.5027523040771484,19458000
2011-07-14,2.5077032988683485,2.581271922048463,2.4829445319263606,2.4886035919189453,22356000
2011-07-15,2.5020449739630775,2.543073764022539,2.472334476632273,2.511948585510254,13745000
2011-07-18,2.495678377439309,2.5260962129976052,2.433427856595797,2.4758713245391846,11983000
2011-07-19,2.497093148080928,2.579150556112591,2.485774855825637,2.560758352279663,17896000
2011-07-20,2.565709652330744,2.6173492118413697,2.540950883173246,2.5515618324279785,14829000
2011-07-21,2.5395369415739464,2.6307906318207634,2.5275113072231115,2.600372791290283,20498000
2011-07-22,2.597542330924426,2.644937682456398,2.5664171588546583,2.6223011016845703,14929000
2011-07-25,2.591883682889196,2.591883682889196,2.538829262041528,2.5529770851135254,14361000
2011-07-26,2.567124506650268,2.6138123492162797,2.5614654457687696,2.5932979583740234,27251000
2011-07-27,2.578442471905412,2.592590290980328,2.364810167756749,2.378957986831665,40519000
2011-07-28,2.39735023701081,2.461722933247297,2.2926562724076245,2.450404644012451,47042000
2011-07-29,2.3782506464745112,2.4263533325224103,2.3223667105320005,2.378957986831665,38414000
2011-08-01,2.405131754591739,2.412205664572378,2.3308556154673696,2.3485403060913086,23795000
2011-08-02,2.3237821542379034,2.391691736897285,2.266483354270895,2.26719069480896,21037000
2011-08-03,2.269313174141147,2.3230749409552462,2.215551407327048,2.318830728530884,17009000
2011-08-04,2.2785084653493626,2.2990228541574993,2.1830105996921096,2.185840129852295,26030000
2011-08-05,2.2120137822507817,2.298315549746442,2.0578022779161276,2.0754871368408203,43748000
2011-08-08,2.023848233636699,2.051436541539981,1.8689293387395658,1.9233986139297485,43697000
2011-08-09,1.9608898226933853,2.1002460048960447,1.9403754325943865,2.096001625061035,42112000
2011-08-10,2.0698291085928022,2.1483494963627794,2.021726396508315,2.0691215991973877,30432000
2011-08-11,2.0938801646294687,2.2035258948418077,2.0938801646294687,2.172400712966919,27065000
2011-08-12,2.227577277040196,2.2636543513808114,2.185841139764584,2.195744752883911,25743000
2011-08-15,2.206354659095943,2.291949090313018,2.206354659095943,2.236065149307251,17067000
2011-08-16,2.2169659455859936,2.2410172101162886,2.168863247870056,2.1907923221588135,17459000
2011-08-17,2.2162577774611028,2.265775310167227,2.165325732773431,2.171692132949829,19023000
2011-08-18,2.108734249678847,2.115100818386038,2.000503424933069,2.0238473415374756,23055000
2011-08-19,2.02526291067988,2.104490793833188,1.9913081999886728,2.001211643218994,12609000
2011-08-22,2.036580396676273,2.0443618149779796,1.9318864376682388,1.9552303552627563,25793000
2011-08-23,1.9679633722744756,2.072657324848461,1.9283494488317594,2.0698277950286865,35977000
2011-08-24,2.2650683675166383,2.3669328196712103,2.219795371367573,2.2827532291412354,69346000
2011-08-25,2.271434456737471,2.2827527455407965,2.179473634275321,2.1844253540039062,25065000
2011-08-26,2.1632039337045894,2.2304061670909547,2.1009534207517535,2.229698657989502,20916000
2011-08-29,2.2615319151937974,2.3273193157869465,2.245969240828343,2.323782444000244,13459000
2011-08-30,2.3025604486042264,2.3888622355607914,2.282753395395901,2.3435890674591064,17145000
2011-08-31,2.3556146047327724,2.4405017071615696,2.316000668574093,2.3421742916107178,22913000
2011-09-01,2.335100414213322,2.345003856232295,2.2268693865669733,2.2325284481048584,31135000
2011-09-02,2.1815960689637954,2.2311134404658373,2.158252148390158,2.2021102905273438,16862000
2011-09-06,2.156837414548782,2.2268691800252545,2.1377378728107135,2.225454330444336,11800000
2011-09-07,2.278508932922756,2.351370234939792,2.2735572119624603,2.313171148300171,14595000
2011-09-08,2.2756787683179738,2.3591509981820966,2.2707270487369224,2.340758800506592,19383000
2011-09-09,2.3138781353045315,2.3520773847633722,2.2636534241982478,2.2848751544952393,19032000
2011-09-12,2.253043457013124,2.38249625378498,2.2495065847492657,2.371885299682617,20470000
2011-09-13,2.3718845224265426,2.4397941004618136,2.3414666888414173,2.4277684688568115,20511000
2011-09-14,2.440501938764698,2.601079888848102,2.4334280269455975,2.5862245559692383,47206000
2011-09-15,2.6117672203681876,2.66852929010256,2.5691956680674086,2.6068005561828613,29980000
2011-09-16,2.594738761067858,2.6153150631092146,2.548619492555218,2.589062452316284,18030000
2011-09-19,2.553585850549029,2.695491184008941,2.5124332514047216,2.6500813961029053,41148000
2011-09-20,2.6607242870286636,2.679881466709097,2.573452596726527,2.577000141143799,27096000
2011-09-21,2.593318460135058,2.695490279473158,2.545780262965029,2.552875518798828,32939000
2011-09-22,2.472699408350958,2.484051853659891,2.3393084720084762,2.410970687866211,35534000
2011-09-23,2.403165830133163,2.486889961892273,2.369108495986244,2.469151735305786,20868000
2011-09-26,2.470571742420775,2.4890192814051715,2.3811712715851963,2.4194858074188232,25446000
2011-09-27,2.460637708292984,2.493985572236334,2.437932984807395,2.4471566677093506,23268000
2011-09-28,2.3428563484915492,2.3832993002778267,2.333632496607837,2.342146873474121,106504000
2011-09-29,2.365561024881032,2.3811704888261134,2.289641622520918,2.353498935699463,49076000
2011-09-30,2.349952032641593,2.368399739757015,2.30099469510397,2.3251185417175293,51674000
2011-10-03,2.326537550429055,2.3577566545113884,2.2470705862519256,2.2626800537109375,36639000
2011-10-04,2.265519263036812,2.3222813562903895,2.189599811062209,2.294609785079956,37205000
2011-10-05,2.2896421569892342,2.3201517862127905,2.242103940775958,2.3137660026550293,35119000
2011-10-06,2.3236989191032227,2.352079946710986,2.2910607035214414,2.3378894329071045,24844000
2011-10-07,2.352080834692808,2.371947493852801,2.308090157627254,2.332923650741577,18240000
2011-10-10,2.3414378172209678,2.4166476012104936,2.3414378172209678,2.3882665634155273,37583000
2011-10-11,2.385428252672703,2.4060045537462846,2.3414375808653967,2.364851951599121,13002000
2011-10-12,2.3797515823533995,2.4024563037327016,2.3350512762318973,2.387556314468384,28894000
2011-10-13,2.3691087486718643,2.4783758504043636,2.361304016106787,2.416646957397461,60207000
2011-10-14,2.481923602742566,2.540814431497672,2.467733086435487,2.5330095291137695,35004000
2011-10-17,2.5081768697624045,2.5323007199957033,2.4698623303258413,2.487600564956665,21298000
2011-10-18,2.4783755690877443,2.552166205487542,2.4769564500714107,2.542942523956299,13948000
2011-10-19,2.5145624082915576,2.515272052686792,2.4478669999857603,2.4570908546447754,30312000
2011-10-20,2.4499946868973668,2.4705709834470406,2.3499514423494365,2.410970687866211,27141000
2011-10-21,2.4350953480872075,2.447866916795344,2.3712380120395196,2.40103816986084,27170000
2011-10-24,2.4180666216181472,2.5266242728134714,2.412390481957624,2.508176565170288,25690000
2011-10-25,2.471990511416097,2.508885925006428,2.437933336689879,2.4436094760894775,24614000
2011-10-26,2.468443147061011,2.4925669950195743,2.386847579949017,2.396071434020996,23137000
2011-10-27,2.4173566019234674,2.4656042856627187,2.3747848874018618,2.3953611850738525,43170000
2011-10-28,2.391814206325748,2.4116808645234675,2.2059181774877086,2.3832998275756836,71596000
2011-10-31,2.342856904310682,2.4258714217941644,2.3400188344033794,2.396071434020996,35767000
2011-11-01,2.3194427992626165,2.3712382154156697,2.2903521141530345,2.341438055038452,16196000
2011-11-02,2.37194615344524,2.376912815428534,2.298865004147256,2.3130555152893066,21439000
2011-11-03,2.377623185938714,2.44786628830555,2.3279562126004008,2.4358043670654297,31449000
2011-11-04,2.385428506423472,2.462057410384627,2.385428506423472,2.439352512359619,17113000
2011-11-07,2.4365141226486924,2.4549618287275385,2.3847187182723806,2.453542709350586,17289000
2011-11-08,2.464184522628784,2.473408371329362,2.403165293916142,2.464184522628784,9475000
2011-11-09,2.41593804633006,2.450704867231478,2.3464044045272234,2.3577568531036377,15446000
2011-11-10,2.3882665290497247,2.3953617883963694,2.333633048996993,2.349242687225342,9560000
2011-11-11,2.365561597301374,2.440061729455138,2.358466169400308,2.432966470718384,11553000
2011-11-14,2.42090431797299,2.434385359042401,2.3293754382081344,2.347823143005371,16063000
2011-11-15,2.339309401682848,2.3783334162226946,2.320861691869988,2.340728521347046,16231000
2011-11-16,2.3251187214037534,2.362723613686908,2.2612613858753585,2.277580499649048,17180000
2011-11-17,2.2733225235400485,2.278998661512885,2.195984170965588,2.2137222290039062,17349000
2011-11-18,2.2328809244554777,2.2406856611750516,2.0938135992853435,2.1186470985412598,32279000
2011-11-21,2.083879838540223,2.110132283163772,2.0427272297627277,2.0895559787750244,36389000
2011-11-22,2.100908123281186,2.144189320651823,2.064722353920047,2.0867176055908203,24014000
2011-11-23,2.05762719467913,2.084589111930254,2.0342128224401663,2.0554986000061035,23819000
2011-11-25,2.054788067865557,2.066850155522512,2.008668987648066,2.017892837524414,8951000
2011-11-28,2.0810417972656636,2.0959417924617822,1.9951890331651034,2.027827262878418,47653000
2011-11-29,2.0327929159983817,2.083169355150978,2.023569065707463,2.0484025478363037,31500000
2011-11-30,2.088137703722588,2.1363854188175075,2.0562089393722958,2.1229045391082764,36586000
2011-12-01,2.1158079613373992,2.155541438620026,2.0661409878608987,2.1221935749053955,48612000
2011-12-02,2.148445901737681,2.244941428554827,2.1399315258674783,2.2108840942382812,57689000
2011-12-05,2.2364283046708846,2.266228467734909,2.1839234085163115,2.202371120452881,28980000
2011-12-06,2.1945655777126554,2.213722759416419,2.1328368435195717,2.186051368713379,27058000
2011-12-07,2.173989172947582,2.2272036956043624,2.1597986561276814,2.215141773223877,25019000
2011-12-08,2.2123039653899803,2.2449421917694448,2.170441885070045,2.1768276691436768,29397000
2011-12-09,2.130708095609176,2.174698764347394,2.113679509672037,2.171860694885254,33703000
2011-12-12,2.0306640392336384,2.1023262377278815,1.9575828911472564,2.090264320373535,36729000
2011-12-13,2.0959408261077734,2.134964822554604,2.062593136521639,2.074655055999756,32928000
2011-12-14,2.0547887859538925,2.0831699895286104,2.0058314508466437,2.037050724029541,21125000
2011-12-15,2.057001021461744,2.0840761048796406,2.0370508080030865,2.0406134128570557,23917000
2011-12-16,2.0605628637962585,2.0783755431942423,2.0071249954766075,2.0520129203796387,90364000
2011-12-19,2.054150288119162,2.054150288119162,1.9515497775355495,1.9629498720169067,31124000
2011-12-20,1.990025924783865,2.0662640197374302,1.9893134716147167,2.0541512966156006,29613000
2011-12-21,2.054151298200271,2.070538910224018,1.9629508372523115,1.9886008501052856,27523000
2011-12-22,1.9935869365690242,2.07623738371729,1.9864619009506264,2.0676872730255127,27874000
2011-12-23,2.0819383349194114,2.1097260380157725,2.055575707574529,2.094050884246826,11767000
2011-12-27,2.0855006857072476,2.104025818851661,2.068400628140985,2.0904881954193115,7993000
2011-12-28,2.0919138691558854,2.0926263222115242,2.041325964969687,2.047738552093506,13375000
2011-12-29,2.0491627197220788,2.081225473911956,2.048450266923196,2.074812889099121,10221000
2011-12-30,2.0634130423876527,2.077663119319941,2.0420379269892206,2.056288003921509,8364000
2012-01-03,2.100463714994792,2.1496265408442103,2.0584259289840854,2.0627009868621826,23032000
2012-01-04,2.058425908520896,2.0726759880566576,2.0021380433923333,2.02707576751709,20254000
2012-01-05,2.0277892468862877,2.0484519236337504,2.0078391933883477,2.0299267768859863,20075000
2012-01-06,2.0242260902635323,2.034201113465098,1.9964383800239935,2.0171010494232178,24357000
2012-01-09,2.0876385155416566,2.165301493465872,2.084075911019081,2.153188943862915,33485000
2012-01-10,2.1745638793988364,2.218026563741388,2.1645888593693092,2.183826446533203,26829000
2012-01-11,2.1866762353026656,2.2550766335660497,2.1795511973559445,2.2230138778686523,27103000
2012-01-12,2.2230137867002053,2.275026748439891,2.1959387115627678,2.257214069366455,19873000
2012-01-13,2.245814407802063,2.2800146970570223,2.2237268377801707,2.2493770122528076,24275000
2012-01-17,2.2586402059171826,2.298540469501779,2.2422525946257523,2.255077600479126,31782000
2012-01-18,2.35126550924436,2.493766485232519,2.335590522496459,2.418241024017334,44274000
2012-01-19,2.4139659555699784,2.44745362787655,2.3940157408744644,2.3954408168792725,31546000
2012-01-20,2.3876033412348505,2.4253660719613714,2.375490789664467,2.4089784622192383,23462000
2012-01-23,2.41182874023887,2.4153913457771465,2.3712160223739365,2.3982911109924316,20124000
2012-01-24,2.3933033307079965,2.439616178264896,2.3933033307079965,2.4132535457611084,30778000
2012-01-25,2.461702931638064,2.461702931638064,2.4011400234712523,2.418952703475952,30352000
2012-01-26,2.419666102024471,2.453153946726804,2.411116154974951,2.4282162189483643,25537000
2012-01-27,2.411116056955802,2.456716282322575,2.4082660747218223,2.421091079711914,29468000
2012-01-30,2.3940153063288463,2.4232280850672057,2.3762027938109322,2.40327787399292,16590000
2012-01-31,2.42251608217562,2.4282160464704274,2.377628141387977,2.418241024017334,16225000
2012-02-01,2.450302461536879,2.4866402688212674,2.432489954134611,2.4666900634765625,39361000
2012-02-02,2.4795155170645886,2.5065905925847902,2.4759529132498175,2.4937655925750732,36188000
2012-02-03,2.513716274798143,2.5279663529990097,2.4916285346747675,2.503028631210327,23816000
2012-02-06,2.493766327414876,2.4973289322794425,2.432490950688874,2.4438910484313965,18853000
2012-02-07,2.4467404271585234,2.468115541452872,2.4189527276135783,2.4638404846191406,15076000
2012-02-08,2.4617039652353636,2.493766734756317,2.453866471077201,2.4852166175842285,15032000
2012-02-09,2.4944785163400742,2.5158536336413744,2.47880353224372,2.503028631210327,11790000
2012-02-10,2.4638412810949295,2.522266680336142,2.447453671184277,2.4574286937713623,8898000
2012-02-13,2.4830791217990322,2.5058793213160255,2.4239412635590614,2.480229139328003,14360000
2012-02-14,2.463128063251283,2.489490687563806,2.436052816207826,2.458853006362915,18319000
2012-02-15,2.488065915901983,2.5279661658859705,2.480228254559596,2.4923408031463623,19864000
2012-02-16,2.4959037073387083,2.561454138038706,2.473815966195604,2.555041551589966,16769000
2012-02-17,2.541504092119499,2.550054207944314,2.482366243996129,2.510866403579712,18402000
2012-02-21,2.5279669660277224,2.556467129340709,2.513716884371229,2.527254343032837,20449000
2012-02-22,2.5179915860519646,2.5878170829100857,2.5179915860519646,2.557891845703125,24333000
2012-02-23,2.550766559116264,2.654792341291682,2.544354142378059,2.6498048305511475,47606000
2012-02-24,2.6612048820642364,2.6647674869731475,2.5771294786810284,2.5878169536590576,19325000
2012-02-27,2.5799798356501675,2.649805339169019,2.532241908203911,2.63484263420105,26216000
2012-02-28,2.624154339692197,2.6661921193269906,2.60491658215857,2.636979341506958,21581000
2012-02-29,2.6319917209804937,2.6861420472455264,2.6156041155368266,2.679729461669922,34503000
2012-03-01,2.688991492310288,2.6932665485079914,2.6476663454391445,2.6590664386749268,12550000
2012-03-02,2.6540790507327654,2.6576416545793866,2.588528634848791,2.6077663898468018,19601000
2012-03-05,2.6020679682343975,2.6042054979726954,2.5144299284618326,2.525830030441284,24881000
2012-03-06,2.47167826851536,2.527966123255602,2.465265682945451,2.5158534049987793,19936000
2012-03-07,2.5301039572623996,2.5628790022035504,2.512291274042285,2.54720401763916,12857000
2012-03-08,2.5863911960286967,2.623441289611431,2.572140950959281,2.5949411392211914,17478000
2012-03-09,2.6020670377704445,2.6234421576355578,2.5685793669692023,2.619879722595215,13307000
2012-03-12,2.617028955998855,2.626291522150908,2.5721410308777974,2.6077663898468018,8724000
2012-03-13,2.632703892823329,2.684004232203227,2.6277163834217134,2.681154251098633,12902000
2012-03-14,2.679016981380211,2.7338797599676314,2.636266751062145,2.644104242324829,22282000
2012-03-15,2.655544045104995,2.700589596857047,2.637668747684774,2.6998746395111084,16248000
2012-03-16,2.7055950347461173,2.774236064134778,2.693439905730884,2.7098851203918457,23520000
2012-03-19,2.7005903329825713,2.728475722732796,2.689865287984188,2.721325635910034,10058000
2012-03-20,2.6955852804684937,2.7277607563018136,2.681285106869577,2.7191805839538574,17642000
2012-03-21,2.7234709362738503,2.7599363313731438,2.7063107603725083,2.7427761554718018,13604000
2012-03-22,2.729904461940143,2.741344629308754,2.70702412720292,2.7134592533111572,19680000
2012-03-23,2.703450401735015,2.7291907490398275,2.6827152687566147,2.7241857051849365,14863000
2012-03-26,2.7499253685414287,2.777810752058749,2.714889899799524,2.7770957946777344,16678000
2012-03-27,2.7663708008304293,2.7899661009885497,2.744205586019146,2.77280592918396,17597000
2012-03-28,2.776380772572125,2.77924094314808,2.7020199174984896,2.7148900032043457,16691000
2012-03-29,2.6920097657212283,2.7434902777506256,2.6812845525037616,2.7413454055786133,13024000
2012-03-30,2.7499261704675018,2.804266868115323,2.7277609509489733,2.7863917350769043,24210000
2012-04-02,2.780671424057671,2.7892515965893288,2.7249008140164546,2.766371250152588,14370000
2012-04-03,2.7606517594467572,2.787822026703785,2.726331233443007,2.7434914112091064,12313000
2012-04-04,2.720611406577115,2.7263314093777526,2.6519705206116546,2.6748507022857666,13125000
2012-04-05,2.679139532708122,2.7163200448837763,2.6705593620609767,2.6891496181488037,13792000
2012-04-09,2.662695491379401,2.695585932709592,2.6505403579263405,2.6870057582855225,12198000
2012-04-10,2.67342069593377,2.698445920425235,2.6147899020984626,2.631235122680664,20072000
2012-04-11,2.6491092456123324,2.732050444984595,2.63838420220931,2.67985463142395,15944000
2012-04-12,2.690580271749212,2.7492110524559172,2.681285141741874,2.7277607917785645,12525000
2012-04-13,2.711316179841598,2.712031137548913,2.660550432248019,2.665555477142334,8941000
2012-04-16,2.673420033203163,2.6862901211123917,2.645534643849735,2.6491096019744873,17633000
2012-04-17,2.671990015635851,2.7134606219555275,2.661264800045756,2.6984453201293945,11296000
2012-04-18,2.684859844879717,2.703449931476389,2.653399331162138,2.67985463142395,8837000
2012-04-19,2.6441045576448636,2.659119859085247,2.546148386638953,2.5532984733581543,28969000
2012-04-20,2.5561588718496293,2.5561588718496293,2.4031468558632696,2.45105242729187,80400000
2012-04-23,2.414586448610825,2.41887636389911,2.369540718604586,2.3759758472442627,43912000
2012-04-24,2.3731156891963914,2.378120732093045,2.3151998762309254,2.3366501331329346,37246000
2012-04-25,2.468926909798468,2.521837508039862,2.4424714402062873,2.5011022090911865,40196000
2012-04-26,2.480367520663932,2.5204080403862523,2.460347175567015,2.5068228244781494,16242000
2012-04-27,2.508967982322722,2.5246980715418776,2.466782417607536,2.4739325046539307,17007000
2012-04-30,2.4610624485719965,2.475362623843661,2.437467142326597,2.4653525352478027,13464000
2012-05-01,2.468926827957094,2.498957083571974,2.4431864870932842,2.4639217853546143,11762000
2012-05-02,2.4403266297646162,2.492522271923548,2.4210212451345487,2.486802101135254,8848000
2012-05-03,2.4817975720548033,2.4832276576658243,2.3802662668749868,2.3852713108062744,18368000
2012-05-04,2.354525627709939,2.385271015532956,2.2572844209291754,2.2615745067596436,38604000
2012-05-07,2.2565695016104854,2.2873148922761075,2.2315442827381875,2.2379794120788574,19848000
2012-05-08,2.2229651117067486,2.264435736622242,2.20937988935806,2.2558555603027344,28533000
2012-05-09,2.2286845784240863,2.2336896228640635,2.1965090979139,2.221534490585327,24596000
2012-05-10,2.2308288574017294,2.2415540715400915,2.1900733846189446,2.207948684692383,22290000
2012-05-11,2.194363488383778,2.2272539180508635,2.1886434877771097,2.2122387886047363,29039000
2012-05-14,2.19364881180313,2.2487044639598155,2.1786335099629293,2.2258241176605225,18594000
2012-05-15,2.230114066071178,2.263719455422157,2.2100938921502573,2.2201039791107178,21493000
2012-05-16,2.220818554094043,2.2637190655108235,2.1957933410033275,2.2000832557678223,19452000
2012-05-17,2.195078801661643,2.2122391472063154,2.1486033204022204,2.1500332355499268,18872000
2012-05-18,2.161473520025585,2.1629036057182143,2.1242929967325583,2.146458387374878,22855000
2012-05-21,2.145027603641117,2.2100934982299805,2.123577348061283,2.2100934982299805,28360000
2012-05-22,2.2122385846334134,2.2465589260520367,2.2043733714350564,2.2358338832855225,28475000
2012-05-23,2.265864575176894,2.4017163931371055,2.252279529758084,2.3967113494873047,47735000
2012-05-24,2.392421468782626,2.3967115552712386,2.3187755522998725,2.324495553970337,27487000
2012-05-25,2.33093062107138,2.388131318125161,2.328785577884711,2.370256185531616,15457000
2012-05-29,2.3988566947942878,2.4674975699524224,2.3745464310118227,2.463207483291626,19163000
2012-05-30,2.427456855568629,2.4346069426207735,2.3502358131225547,2.363821029663086,26237000
2012-05-31,2.3795506391421624,2.38670072424051,2.3216348305155132,2.366680383682251,19157000
2012-06-01,2.3187754428353897,2.3359356175082158,2.2065189237260445,2.2150990962982178,38892000
2012-06-04,2.2322594490760173,2.263004842617356,2.1578984021082017,2.1829237937927246,39732000
2012-06-05,2.186498628388838,2.2515643652528623,2.172913412718769,2.2458443641662598,36053000
2012-06-06,2.2737298732677624,2.35881595937759,2.2579996137404637,2.3573858737945557,25299000
2012-06-07,2.3902754610183248,2.393850588473382,2.34951999676514,2.355955123901367,23101000
2012-06-08,2.3473759023620318,2.433892078338884,2.3237805971384837,2.4195919036865234,25119000
2012-06-11,2.4374674168028605,2.4496227205769316,2.3695414913777424,2.3766915798187256,15443000
2012-06-12,2.3816960899645774,2.4431868664447762,2.3816960899645774,2.42531156539917,18471000
2012-06-13,2.424596406309887,2.4660668353519974,2.4060061493190648,2.433891534805298,20580000
2012-06-14,2.426710155827875,2.4274284490742435,2.344838423825243,2.392237901687622,23709000
2012-06-15,2.395828404102765,2.4662094906825294,2.394392160229314,2.4468188285827637,18289000
2012-06-18,2.438200778296047,2.5193543820879123,2.4281463858742645,2.496372938156128,17163000
2012-06-19,2.5078641217880397,2.5136094408259866,2.470519034363223,2.4920642375946045,19152000
2012-06-20,2.4992453888034496,2.552390176794254,2.4985272668977947,2.5329995155334473,29267000
2012-06-21,2.5315637448524053,2.541618138314727,2.4698006263206027,2.476264238357544,23173000
2012-06-22,2.474827311895346,2.517199582633048,2.469081823482471,2.4992451667785645,55520000
2012-06-25,2.4690823469305503,2.487754888585492,2.4446644868707197,2.4568734169006348,23592000
2012-06-26,2.4633365562625227,2.486317996702184,2.438918529658004,2.4697999954223633,18656000
2012-06-27,2.4719543956246115,2.517917616416145,2.4654909568219217,2.5064268112182617,11415000
2012-06-28,2.4784190076754817,2.494937014720778,2.436764843395669,2.4640555381774902,16941000
2012-06-29,2.5150455007372656,2.5811175164657083,2.5150455007372656,2.578244686126709,18990000
2012-07-02,2.5689090197724513,2.5990723756178316,2.53300034434989,2.548800230026245,21855000
2012-07-03,2.553826575520449,2.5710626997281896,2.5452084278035723,2.566753625869751,9803000
2012-07-05,2.5667531990230716,2.582553076801182,2.5473625411107452,2.555262565612793,8576000
2012-07-06,2.5495179944314015,2.550954409737182,2.446819180010446,2.476264238357544,14716000
2012-07-09,2.4777000333428054,2.4848817656215845,2.3785920251600534,2.390800952911377,21974000
2012-07-10,2.4130649492462504,2.4468192545388208,2.3879289648248223,2.4008560180664062,21338000
2012-07-11,2.3994195129637346,2.409473905638713,2.3649470893589077,2.3771560192108154,18940000
2012-07-12,2.3642291191520797,2.369256315812301,2.3082114914078256,2.339811086654663,21140000
2012-07-13,2.3376569109064462,2.3879290528280515,2.332629542610833,2.3807473182678223,16791000
2012-07-16,2.3678201539456554,2.376438304128999,2.325447867587652,2.351302146911621,13761000
2012-07-17,2.377154721721134,2.385772865724926,2.3390915377476196,2.3728456497192383,18038000
2012-07-18,2.3692550945039845,2.445381469647348,2.363509607549681,2.426708936691284,21230000
2012-07-19,2.479854750855907,2.614153308358805,2.471954724915373,2.588299036026001,34675000
2012-07-20,2.5818359499825276,2.5854267315005237,2.53156381014822,2.5337183475494385,14961000
2012-07-23,2.48775552073405,2.499246331689724,2.422401608335065,2.476982831954956,15101000
2012-07-24,2.490627011731171,2.52007223309034,2.425273301230966,2.4547183513641357,9758000
2012-07-25,2.451128098495746,2.495654744198723,2.428864604418222,2.4568734169006348,20470000
2012-07-26,2.5143274571801153,2.566036011251681,2.51360933513708,2.5452089309692383,13101000
2012-07-27,2.570343997070336,2.6191798710550533,2.5531078767570135,2.594761848449707,11498000
2012-07-30,2.608408133735341,2.635698824407928,2.5653177317296074,2.5832719802856445,12044000
2012-07-31,2.60266237730449,2.7032066317311845,2.601225962322277,2.650061845779419,23597000
2012-08-01,2.6651433066963577,2.665861428540542,2.6148711818574486,2.6349799633026123,15423000
2012-08-02,2.610562628366557,2.6672983747829324,2.592608208877411,2.6242079734802246,13151000
2012-08-03,2.6680168646644704,2.690280361599019,2.633544607359319,2.665144205093384,14333000
2012-08-06,2.670889649424558,2.6888438998539206,2.6572443026645254,2.662271499633789,11303000
2012-08-07,2.6773531102166994,2.7024892664737914,2.661553397118922,2.685971260070801,15424000
2012-08-08,2.6902789970344934,2.707515116944556,2.6751972422904635,2.6917152404785156,17173000
2012-08-09,2.660116180700349,2.69817937905066,2.6579616438856135,2.680225133895874,9996000
2012-08-10,2.67376168422401,2.6881251497019107,2.640725679379636,2.668016195297241,14662000
2012-08-13,2.668016334943573,2.668016334943573,2.591889929680974,2.6048171520233154,21116000
2012-08-14,2.6378531909572684,2.640725849993244,2.5839901063221156,2.5961990356445312,24324000
2012-08-15,2.589017473329216,2.630671631391328,2.5854265208777067,2.6270806789398193,15984000
2012-08-16,2.635698849896787,2.6672984440947056,2.635698849896787,2.650780439376831,25881000
2012-08-17,2.7111070396710173,2.7204433103071772,2.6141535521864476,2.6457531452178955,29985000
2012-08-20,2.6536530783468866,2.6536530783468866,2.543054242660325,2.5825538635253906,25468000
2012-08-21,2.5854262256316116,2.6256439638751963,2.56388102706105,2.6127169132232666,19231000
2012-08-22,2.6033810241283657,2.6342624970518203,2.588299434291112,2.620617151260376,13251000
2012-08-23,2.6026629241440618,2.6069719987700632,2.56531783902011,2.5868630409240723,12060000
2012-08-24,2.5868628540474785,2.609844469575249,2.5739358023293772,2.589017391204834,13030000
2012-08-27,2.590454065131859,2.5947629686509317,2.559572419867169,2.56890869140625,13306000
2012-08-28,2.573217389337163,2.6155896660825766,2.5624448752779023,2.6048171520233154,15320000
2012-08-29,2.613435389973614,2.6471896930871464,2.601226459581928,2.6285171508789062,11952000
2012-08-30,2.621335466706038,2.621335466706038,2.5746541103010983,2.5868630409240723,13671000
2012-08-31,2.6062526587358463,2.642879607119911,2.578962149108913,2.626361608505249,13266000
2012-09-04,2.6119985092553897,2.6277982170987664,2.5373083586285214,2.577526092529297,21527000
2012-09-05,2.55741811064321,2.558136232708031,2.517200364170329,2.526536464691162,16184000
2012-09-06,2.5595718313020823,2.6435982558322104,2.527254120597118,2.629234790802002,22883000
2012-09-07,2.6364173011935845,2.6450354512449037,2.5926086000674586,2.599790334701538,15846000
2012-09-10,2.5825543380121387,2.5990723456385956,2.510018694636983,2.5136096477508545,16238000
2012-09-11,2.516482022733434,2.554545231057563,2.5014004323044188,2.5107367038726807,12420000
2012-09-12,2.529408688181427,2.549517470977437,2.514326929858408,2.5301268100738525,13803000
2012-09-13,2.533717986312345,2.5423359634624854,2.4741094120872344,2.5186362266540527,21875000
2012-09-14,2.5200726469922867,2.5495177019615727,2.492063835937974,2.517918109893799,34024000
2012-09-17,2.5272547353457835,2.5416182038698714,2.5049912392752116,2.5337183475494385,15298000
2012-09-18,2.530832024564112,2.5373250827701406,2.499809864698995,2.5366036891937256,10544000
2012-09-19,2.534439658563932,2.55536162299385,2.5070246351027734,2.528668165206909,20797000
2012-09-20,2.494759990629114,2.5185677008587644,2.396643403138518,2.434880018234253,40250000
2012-09-21,2.4767239585460867,2.6058627093770257,2.4767239585460867,2.561854600906372,68640000
2012-09-24,2.5250612377424604,2.5351614386598564,2.4695099606906337,2.4962034225463867,44190000
2012-09-25,2.493316940072168,2.524339099459173,2.375721188624012,2.381492853164673,34009000
2012-09-26,2.3620137126646,2.4197294988670706,2.336763217456736,2.4139578342437744,41268000
2012-09-27,2.3937572400073375,2.5243389267259877,2.378606772130138,2.517845869064331,41134000
2012-09-28,2.485380977138011,2.5265035073682243,2.4601304817399146,2.515681743621826,25908000
2012-10-01,2.5351605045862025,2.564018309149689,2.4925951912532356,2.5026955604553223,20091000
2012-10-02,2.5178459947082894,2.5178459947082894,2.460130382407476,2.4832165241241455,17096000
2012-10-03,2.491153311579098,2.5286685399781987,2.4839388578105126,2.4940390586853027,27255000
2012-10-04,2.4940382874335945,2.4940382874335945,2.452915930869874,2.4832165241241455,11425000
2012-10-05,2.5048600688192098,2.545261206902946,2.46518066835436,2.4846596717834473,15117000
2012-10-08,2.452916340391891,2.4695095988992803,2.4319943758380314,2.44425892829895,10039000
2012-10-09,2.4168434480469587,2.4341582689614496,2.383656937302302,2.4233365058898926,20770000
2012-10-10,2.4298293229499603,2.431993675349796,2.348306013245073,2.351191759109497,14476000
2012-10-11,2.38149264181164,2.4154005444566637,2.3490275261691647,2.375720977783203,13768000
2012-10-12,2.3612922742069946,2.381492841995424,2.3475847644940706,2.379328489303589,26733000
2012-10-15,2.3879859775772343,2.40674358819566,2.3663426204035383,2.3944790363311768,17144000
2012-10-16,2.4024154417078343,2.4954821228311457,2.3973653410587814,2.4781672954559326,18602000
2012-10-17,2.459408471985322,2.4962022900720386,2.4442581774825967,2.4608514308929443,13410000
2012-10-18,2.457966377740763,2.4817740883861177,2.4392087666861055,2.4565234184265137,12752000
2012-10-19,2.461573460770245,2.465902166606207,2.37355707279477,2.3944790363311768,19088000
2012-10-22,2.4154014880605468,2.430551789542429,2.3807720063797695,2.4096298217773438,12707000
2012-10-23,2.3778856740101633,2.406022088699875,2.3677854755080427,2.3980860710144043,10953000
2012-10-24,2.4190079774635644,2.423336683008567,2.3511921639455298,2.3612923622131348,13522000
2012-10-25,2.3858209749878934,2.4341579476522415,2.383656622659277,2.431272029876709,15396000
2012-10-26,2.431272136773727,2.452194095532863,2.409628784542023,2.4406509399414062,12623000
2012-10-31,2.425501323726169,2.4312728171339386,2.3670641359434264,2.3829360008239746,22851000
2012-11-01,2.4016929479846127,2.493316627529817,2.3843783005452472,2.488987922668457,18725000
2012-11-02,2.5041389364806195,2.5142391360523,2.448587666830253,2.450752019882202,19223000
2012-11-05,2.3807718402086593,2.4832171465221147,2.3800504464759156,2.4760026931762695,13881000
2012-11-06,2.4760021999083186,2.5452611446380615,2.4680663544107047,2.5452611446380615,20045000
2012-11-07,2.5091891500160113,2.5329968626606085,2.4449804652470633,2.450030565261841,20751000
2012-11-08,2.5243389068731887,2.5243389068731887,2.4406510674640036,2.4413726329803467,13265000
2012-11-09,2.452916687104146,2.452916687104146,2.4110727520819144,2.4154014587402344,14186000
2012-11-12,2.4226148243550214,2.442093823562085,2.396642768076914,2.424779176712036,7607000
2012-11-13,2.399528692063423,2.4399296523842597,2.3937572000201954,2.4009716510772705,11113000
2012-11-14,2.429830029785057,2.444980328985043,2.371392842002314,2.3829360008239746,12054000
2012-11-15,2.3908721843534897,2.396643850581136,2.315120505667107,2.3266634941101074,13745000
2012-11-16,2.3237771655919395,2.336041716748655,2.2855405529243735,2.304298162460327,23888000
2012-11-19,2.3288271934054805,2.3685067640544633,2.3093481908708133,2.3627352714538574,16664000
2012-11-20,2.4038583107936797,2.415401471273715,2.3446997208373412,2.3670644760131836,11905000
2012-11-21,2.364900183650554,2.377886131077082,2.346142570251906,2.367785930633545,7802000
2012-11-23,2.3807725270670517,2.434159634833519,2.369950929929296,2.420452117919922,8177000
2012-11-26,2.4348797639151805,2.470230628746583,2.410350662606083,2.4558017253875732,16562000
2012-11-27,2.442815752482014,2.4911527363761374,2.424058142613564,2.461573362350464,20547000
2012-11-28,2.4255013707564554,2.499810252854469,2.424779977068027,2.4933173656463623,20702000
2012-11-29,2.516403809659849,2.5560833913253913,2.5048606492477195,2.532275676727295,19060000
2012-11-30,2.4954820141693936,2.5560833913253913,2.4457022316455426,2.532275676727295,41634000
2012-12-03,2.5531974241228172,2.5669049366809342,2.498367545896479,2.5113534927368164,17504000
2012-12-04,2.509910687351947,2.5366041465593763,2.5026962342686923,2.519289493560791,16899000
2012-12-05,2.527225024271428,2.5366038293072686,2.4889884105118045,2.491152763366699,15875000
2012-12-06,2.4918737138811826,2.5358819847637335,2.4861022219651487,2.533717632293701,11963000
2012-12-07,2.469509485136883,2.4933171952896043,2.44930891518597,2.470952272415161,85050000
2012-12-10,2.4803307890867616,2.4904309868836974,2.4601303934928906,2.4853808879852295,26845000
2012-12-11,2.5005318185490224,2.5164035117312,2.476724106769631,2.4933173656463623,43625000
2012-12-12,2.5099109257786485,2.516403813766073,2.485381645360542,2.4940390586853027,49274000
2012-12-13,2.5375384052017984,2.538263363626463,2.435311834512384,2.443286895751953,66194000
2012-12-14,2.4041373924548215,2.41211245706911,2.2112843685435837,2.2576851844787598,98714000
2012-12-17,2.2758102700246203,2.3200360351072438,2.2489848966367485,2.3193109035491943,70583000
2012-12-18,2.33671152235835,2.356286792061393,2.2975608100960967,2.339611530303955,41414000
2012-12-19,2.3410613931676334,2.3562865630443883,2.315685937183556,2.3193109035491943,25023000
2012-12-20,2.323661175060404,2.3374364285624356,2.2779854891618156,2.312786102294922,23788000
2012-12-21,2.25768431069091,2.288859771207,2.2482591594053885,2.273634433746338,35064000
2012-12-24,2.268560329366915,2.2714603372414937,2.246085052268725,2.2584102153778076,7995000
2012-12-26,2.263484942143931,2.2888603962707426,2.2308593829603356,2.2388346195220947,16339000
2012-12-27,2.2533348234374433,2.2830602022316486,2.225059361936923,2.274360179901123,27545000
2012-12-28,2.251885068017882,2.281610624086766,2.2446349619033534,2.2584102153778076,19617000
2012-12-31,2.271458981285019,2.3040845257525326,2.24535858028222,2.294659376144409,26644000
2013-01-02,2.3512108719295672,2.3968865420901144,2.3374356231739455,2.3591859340667725,36716000
2013-01-03,2.344685853335504,2.3910866573624316,2.344685853335504,2.371511220932007,23295000
2013-01-04,2.3707867366715267,2.375861793216735,2.33381125061809,2.3562865257263184,27113000
2013-01-07,2.3468606963905985,2.3555608895980873,2.327285434529849,2.343235731124878,16822000
2013-01-08,2.3526608046324617,2.3707861502587515,2.326560569671886,2.3272855281829834,20969000
2013-01-09,2.3562867297057717,2.389637252338075,2.3461366157366785,2.3787620067596436,29456000
2013-01-10,2.42588719606424,2.435312349000397,2.3939867715105416,2.430237293243408,44591000
2013-01-11,2.4316870917960234,2.4918629679455844,2.4280619536291805,2.489687919616699,47871000
2013-01-14,2.4534378480064665,2.5099885962641797,2.4389376384166805,2.5063636302948,49258000
2013-01-15,2.4867883657910816,2.496938477937427,2.451987759045725,2.455612897872925,33736000
2013-01-16,2.451262262085363,2.5092630877335584,2.4483622553741724,2.5056381225585938,27669000
2013-01-17,2.5215888462695104,2.535364097497569,2.5078137678975883,2.52376389503479,21065000
2013-01-18,2.5041888109031905,2.5194139805099405,2.4875135510622104,2.496938705444336,18830000
2013-01-22,2.497663664133377,2.509263867438774,2.488963641296441,2.496938705444336,13809000
2013-01-23,2.5266638733630957,2.537539117064356,2.477363229533739,2.495488405227661,22791000
2013-01-24,2.444012244115609,2.4875128648688634,2.4353120508225174,2.4599623680114746,44567000
2013-01-25,2.4527129517053172,2.4860634715308567,2.4519879930131556,2.4766383171081543,35089000
2013-01-28,2.4940383378159807,2.50346349083758,2.473012983163482,2.499838352203369,38462000
2013-01-29,2.4867883646342017,2.5165137424364232,2.4780881697378767,2.5063636302948,23732000
2013-01-30,2.500563366730248,2.5614643834409185,2.500563366730248,2.5411641597747803,25185000
2013-01-31,2.57523859421189,2.6165641563153117,2.5556633370500617,2.5933637619018555,67764000
2013-02-01,2.6042401920686236,2.6317906946441463,2.596990087104982,2.6288905143737793,27973000
2013-02-04,2.591915077652274,2.6252655956576163,2.547689315577302,2.5505893230438232,43401000
2013-02-05,2.543339193022214,2.5788647594932965,2.541889275731234,2.5672645568847656,29392000
2013-02-06,2.5542153549778828,2.5948159922716623,2.5440652388684883,2.5839407444000244,20811000
2013-02-07,2.5839402502456883,2.5839402502456883,2.504189081578078,2.534639596939087,42435000
2013-02-08,2.557839271700159,2.5759644456746,2.5411640148442465,2.560739278793335,32966000
2013-02-11,2.565089608735556,2.587564881818263,2.5375391067088833,2.5665395259857178,29999000
2013-02-12,2.5520390580515246,2.5629143006077046,2.5215885517503374,2.5476889610290527,31224000
2013-02-13,2.5636402624104218,2.5730654186954984,2.5295647771595378,2.5498650074005127,26590000
2013-02-14,2.5440652388684883,2.586115793974352,2.536815131239463,2.5839407444000244,32372000
2013-02-15,2.5795895572897694,2.5940897654605983,2.5360887599211663,2.5476889610290527,25317000
2013-02-19,2.5375396570475437,2.577415328629447,2.523039444264337,2.576690196990967,24396000
2013-02-20,2.5723399138938605,2.590465090925441,2.5136139392852783,2.5136139392852783,33262000
2013-02-21,2.4991135967416906,2.5143387653881475,2.3896368902186786,2.441112756729126,61853000
2013-02-22,2.4628630785027066,2.4991136036101893,2.4440127708755877,2.4715631008148193,18964000
2013-02-25,2.474462318522014,2.4809872895037963,2.388185877615474,2.388911008834839,30632000
2013-02-26,2.4019622802734375,2.4215375483570223,2.36788680080526,2.4019622802734375,34556000
2013-02-27,2.45053781630305,2.491863395937579,2.438212482703717,2.4425625801086426,35971000
2013-02-28,2.4425622205859714,2.4875129323936513,2.4164618128542896,2.480987787246704,34786000
2013-03-01,2.4592371910871775,2.471562348586907,2.41138647793759,2.443286895751953,31500000
2013-03-04,2.4331372721803226,2.443287383576534,2.3932617851648863,2.431687355041504,17005000
2013-03-05,2.4432865799093944,2.491137459729406,2.441836663247495,2.488962411880493,30510000
2013-03-06,2.4875138756801065,2.5208643997142746,2.480263769275121,2.516514301300049,24610000
2013-03-07,2.5150641624144257,2.5469645932179827,2.4940388038332864,2.5353643894195557,30738000
2013-03-08,2.5411642358887154,2.567264474853764,2.536089006964038,2.557114362716675,19688000
2013-03-11,2.543339751452318,2.5853904735341207,2.5353646860324632,2.5563900470733643,28173000
2013-03-12,2.5534894220095774,2.576689653858702,2.5375391221676953,2.570164680480957,22477000
2013-03-13,2.573789592001283,2.618015351730981,2.556389375268743,2.6093151569366455,27495000
2013-03-14,2.613665210529027,2.6810912004866814,2.612215120468897,2.657890796661377,43449000
2013-03-15,2.660790365903164,2.666590379099828,2.596264398023857,2.610039472579956,34447000
2013-03-18,2.57959045738444,2.602790694839339,2.5411648750383202,2.5563900470733643,28689000
2013-03-19,2.5658148407217123,2.596990312051347,2.5404393847229225,2.5592896938323975,33400000
2013-03-20,2.5868397968079457,2.6158402146679065,2.5629144347878654,2.6049649715423584,29636000
2013-03-21,2.5809131665174325,2.6064235266337215,2.5605050174444903,2.591846227645874,27816000
2013-03-22,2.6071519100918112,2.6268314168820863,2.5787263033893573,2.6093385219573975,17306000
2013-03-25,2.614440550486422,2.615898349650769,2.5692510354677265,2.588930368423462,12888000
2013-03-26,2.599862516151503,2.6224574410239208,2.591845057460502,2.6086089611053467,9556000
2013-03-27,2.585286780623853,2.6042373069193054,2.5692518535854996,2.59767746925354,14861000
2013-03-28,2.609337985031998,2.6188132432414464,2.586014419556858,2.61808443069458,14740000
2013-04-01,2.610795319834976,2.6239148122218277,2.5648768358184713,2.5758097171783447,18501000
2013-04-02,2.592574057483171,2.595489655195375,2.5342648836398194,2.5422823429107666,23020000
2013-04-03,2.542283188303373,2.5568604866116416,2.4854317944111686,2.5007379055023193,18297000
2013-04-04,2.4956357343330047,2.52770575413243,2.4752274135333026,2.5218749046325684,15348000
2013-04-05,2.4788704337225287,2.5087538247459276,2.4293075456867737,2.5021941661834717,14449000
2013-04-08,2.4963636916268683,2.526976075448673,2.475955551595688,2.526247262954712,12357000
2013-04-09,2.5298918512298965,2.5605042393113653,2.4941774274306927,2.534993886947632,16008000
2013-04-10,2.5371803710195566,2.5874720868495134,2.535722745902052,2.578725814819336,14817000
2013-04-11,2.568521419718323,2.618084320087305,2.551757515423304,2.596947193145752,18282000
2013-04-12,2.5874721887287753,2.589658800266178,2.518958939807017,2.544469118118286,16125000
2013-04-15,2.5277062247156867,2.531350636662901,2.4577351488153614,2.4621083736419678,24634000
2013-04-16,2.48397302818053,2.521874058539043,2.4679379367730743,2.520416259765625,22491000
2013-04-17,2.4599214322480996,2.46137923158705,2.3527781334256836,2.3615245819091797,64010000
2013-04-18,2.412544728088196,2.4256643986499835,2.2777046542619086,2.2864511013031006,41056000
2013-04-19,2.2777049869754507,2.3236234930990602,2.247092591634677,2.2784337997436523,37180000
2013-04-22,2.2857217662872533,2.3207073753415424,2.2281414041890817,2.3017568588256836,36395000
2013-04-23,2.3221655161042603,2.36298197912271,2.311961270018343,2.359337568283081,25542000
2013-04-24,2.3593377156604274,2.393594345572448,2.3352851586966534,2.3775594234466553,32062000
2013-04-25,2.39140800649522,2.4191049776859006,2.370999858270596,2.378288507461548,25126000
2013-04-26,2.3753724790158333,2.3753724790158333,2.329453983402097,2.3403868675231934,30945000
2013-04-29,2.357879666322485,2.3899498547217966,2.3469467818307246,2.370999336242676,20430000
2013-04-30,2.366626478292721,2.366626478292721,2.2995708406377346,2.3294544219970703,52511000
2013-05-01,2.336742767386233,2.337471580030242,2.2777045988447506,2.282806634902954,37068000
2013-05-02,2.299570108383383,2.3491330081036472,2.2820773918012462,2.3389289379119873,32536000
2013-05-03,2.3440314991284326,2.360795406966712,2.32143656860397,2.3236231803894043,46901000
2013-05-06,2.336013234992185,2.3979668134049317,2.3294535751790932,2.3906781673431396,32848000
2013-05-07,2.399424906113772,2.401611517577724,2.366625907929538,2.37172794342041,16093000
2013-05-08,2.3782878158709315,2.4431568269394504,2.374643405447674,2.4416990280151367,25437000
2013-05-09,2.440241727676774,2.4839736159265184,2.4344107049784287,2.468667507171631,29769000
2013-05-10,2.475227639330061,2.488347312564201,2.465752377697108,2.482516288757324,15644000
2013-05-13,2.465751519929622,2.4876176343798986,2.44825880214445,2.4504454135894775,14952000
2013-05-14,2.4475296690816766,2.4650223845761623,2.429307967350943,2.4562759399414062,15938000
2013-05-15,2.453360454805203,2.491990294681716,2.4446141841647795,2.4912614822387695,16947000
2013-05-16,2.490533548127042,2.5160437303770093,2.4708542150270434,2.4934489727020264,24749000
2013-05-17,2.5138566249372634,2.5349937530622815,2.504381540372651,2.509483575820923,27443000
2013-05-20,2.4956356015055086,2.518230359333757,2.4956356015055086,2.5102128982543945,13881000
2013-05-21,2.5226024990062936,2.560503523775185,2.5102118194722354,2.5575881004333496,20743000
2013-05-22,2.5495707780350156,2.5685212927162824,2.494906018981395,2.518958568572998,33873000
2013-05-23,2.495634813315826,2.503652271863056,2.4664802290258683,2.4759554862976074,28513000
2013-05-24,2.467938064798515,2.485430955886841,2.4548185702573155,2.485430955886841,15118000
2013-05-28,2.516772733923919,2.5226035831134395,2.4788716928667807,2.5102128982543945,20919000
2013-05-29,2.505110352929533,2.529162905057128,2.4890752602527866,2.509483575820923,22858000
2013-05-30,2.6384928149042755,2.7864525495808334,2.6312041674400395,2.7565691471099854,82607000
2013-05-31,2.72085588807014,2.789369168831363,2.7048207872690475,2.7500104904174805,33432000
2013-06-03,2.746365014418801,2.7500094251881073,2.666918701663668,2.718668222427368,27210000
2013-06-04,2.7259563931282997,2.7835367525158152,2.7252275806120143,2.7551109790802,33120000
2013-06-05,2.7507383383672837,2.752924950153771,2.6836827069818834,2.6968023777008057,15019000
2013-06-06,2.710650228568355,2.7128366660695673,2.6559852942122237,2.6785800457000732,29731000
2013-06-07,2.6793092917451684,2.7208545624717897,2.6348484231841804,2.7179391384124756,30733000
2013-06-10,2.7332447188311573,2.7339735312619062,2.6814952131975462,2.684410810470581,26360000
2013-06-11,2.655256982549391,2.67930971269912,2.6428662980192805,2.645052909851074,21699000
2013-06-12,2.672019987214975,2.673477785868251,2.6035067522363975,2.622457265853882,21307000
2013-06-13,2.620258448731726,2.7243651168337757,2.611460827688723,2.7206993103027344,29106000
2013-06-14,2.7228988092118076,2.771286337619423,2.7163004622120566,2.755890369415283,21762000
2013-06-17,2.7712862413072865,2.810876147134622,2.7661542520842617,2.7925474643707275,24727000
2013-06-18,2.7888814245759987,2.8446005595821675,2.784482701892322,2.8409347534179688,27383000
2013-06-19,2.8365356932892274,2.8497323849693212,2.7910807132720947,2.7910807132720947,24035000
2013-06-20,2.7646876424397653,2.7815499661186647,2.706769233925079,2.7170333862304688,31638000
2013-06-21,2.715567395419971,2.7478256897189577,2.6847752839373626,2.7404942512512207,80030000
2013-06-24,2.711168296393475,2.7119013877473184,2.6466515377830353,2.6899070739746094,36858000
2013-06-25,2.722164906260463,2.7558895478112713,2.6987042404524497,2.7199654579162598,26019000
2013-06-26,2.7412281012658517,2.7654218708415637,2.7119021663539518,2.730963945388794,20661000
2013-06-27,2.7478255897522046,2.774218802234921,2.7338959795269644,2.736095428466797,26359000
2013-06-28,2.7126348549919324,2.7580898434100143,2.6950394376284192,2.7404942512512207,22998000
2013-07-01,2.7749515164397023,2.776417698911099,2.737561066695244,2.7573559284210205,27147000
2013-07-02,2.7822836473955865,2.857797482166571,2.7727527597724766,2.8211402893066406,40377000
2013-07-03,2.814541683529548,2.8497326903186058,2.7954799100348833,2.829204559326172,15203000
2013-07-05,2.831404504570618,2.8724605989580803,2.7976798493667996,2.84533429145813,14447000
2013-07-08,2.854130910178343,2.86146252157972,2.726563948190556,2.732429027557373,22643000
2013-07-09,2.7654211470566206,2.7837496549347627,2.740494117645344,2.755156993865967,13855000
2013-07-10,2.7551564169598612,2.8116086359043932,2.7448924407136683,2.8101422786712646,17363000
2013-07-11,2.7514912826450115,2.8299376506774228,2.747825476298222,2.829204559326172,16769000
2013-07-12,2.8365357243716454,2.8577969446701648,2.8358026330909123,2.855597496032715,18342000
2013-07-15,2.8577972994466667,2.8651287375499,2.783016560875576,2.786682367324829,21551000
2013-07-16,2.797678838809977,2.8695270217343913,2.797678838809977,2.8497321605682373,31254000
2013-07-17,2.859996908578803,2.9135164272101846,2.8489996634102335,2.853398561477661,23992000
2013-07-18,2.840934399825295,2.8504652849116545,2.7456255489617005,2.756622791290283,37050000
2013-07-19,2.7676209725437526,2.7969467289751875,2.750025378848655,2.7749524116516113,17757000
2013-07-22,2.802811163279744,2.802811163279744,2.7522241926755577,2.77055287361145,9869000
2013-07-23,2.7918138384274456,2.797678917903513,2.7500244916783165,2.7573559284210205,16501000
2013-07-24,2.7324291433316725,2.78521555905056,2.702370304411463,2.7045695781707764,20506000
2013-07-25,2.675977676534183,2.711168511443752,2.661314799522649,2.705303430557251,25512000
2013-07-26,2.6781765647042275,2.7016370581324383,2.6649798732803167,2.696505069732666,12256000
2013-07-29,2.6847756288067712,2.7053037640305186,2.667180209183061,2.6825761795043945,13094000
2013-07-30,2.6943055927547017,2.712634272385137,2.6642467539314594,2.701637029647827,11651000
2013-07-31,2.71336745849797,2.7170332644703152,2.6803759039278647,2.689173698425293,13124000
2013-08-01,2.7148342214861825,2.7507583213246565,2.7001713449964306,2.7419605255126953,19499000
2013-08-02,2.7338958838007112,2.748558759689331,2.7075026722421427,2.748558759689331,15183000
2013-08-05,2.7287634738553224,2.741960165842218,2.709701876755228,2.7141005992889404,11773000
2013-08-06,2.7075023937507616,2.708968576311652,2.6906400707337665,2.7023704051971436,10730000
2013-08-07,2.710435108218397,2.735361961311318,2.689173886559017,2.733895778656006,18035000
2013-08-08,2.756623385511535,2.756623385511535,2.7331627133501706,2.736095428466797,19396000
2013-08-09,2.7258302148740876,2.7302291110427,2.6935719342962763,2.7001702785491943,13858000
2013-08-12,2.7009047061104043,2.771286555249009,2.6935732671333685,2.7639551162719727,9880000
2013-08-13,2.7742185734861278,2.794746703633489,2.736095202861475,2.7874152660369873,13754000
2013-08-14,2.7786179462191054,2.7815504868001946,2.7236320674436945,2.728764057159424,15271000
2013-08-15,2.6495834870067685,2.7082349734492155,2.62099083492751,2.6407856941223145,25111000
2013-08-16,2.637120670586118,2.664980239782271,2.63125559012128,2.657648801803589,13543000
2013-08-19,2.662780790909139,2.6693791375285336,2.6451853747193566,2.657648801803589,23389000
2013-08-20,2.6642468273330278,2.7199657842149216,2.6598479301169116,2.6972382068634033,17417000
2013-08-21,2.68624198660679,2.7119019371423456,2.667180209183061,2.6825761795043945,14425000
2013-08-22,2.6554497885201984,2.7221660074267633,2.6451858086254343,2.684042453765869,9940000
2013-08-23,2.697238629771552,2.716300404166643,2.6745112236517836,2.693572998046875,18312000
2013-08-26,2.708968512055498,2.7654207343967627,2.701637075039194,2.7478251457214355,13890000
2013-08-27,2.7742190046966715,2.7742190046966715,2.6649805150907393,2.679643392562866,29863000
2013-08-28,2.8541315698295313,2.8922551189107257,2.778617737853896,2.8064773082733154,67806000
2013-08-29,2.815274504073126,2.859263302026882,2.7954796411313234,2.855597496032715,35955000
2013-08-30,2.856331327639651,2.8585307768471715,2.807210703194045,2.8233399391174316,25073000
2013-09-03,2.846066527680184,2.8687941046764323,2.78888121435507,2.8116087913513184,17351000
2013-09-04,2.8284713950067957,2.8687943898049033,2.797679286710145,2.857797145843506,12588000
2013-09-05,2.870260752729149,2.873926559211591,2.8387355511202976,2.843867540359497,14372000
2013-09-06,2.872459648919713,2.872459648919713,2.802810912313102,2.8270046710968018,17155000
2013-09-09,2.8497315088639392,2.8592623916599145,2.8321359253666336,2.842400074005127,16364000
2013-09-10,2.8592636595063228,2.9083842773617676,2.8555978530538377,2.90765118598938,24344000
2013-09-11,2.876125665791178,2.8937210803447715,2.835802673260409,2.877591848373413,23927000
2013-09-12,2.883457383948915,2.89225500468501,2.8306709603512634,2.8614630699157715,20006000
2013-09-13,2.870993230883796,2.8797910247262917,2.8372685875478783,2.858529806137085,14480000
2013-09-16,2.88638984465089,2.909117249420233,2.8621960824016397,2.879791498184204,21556000
2013-09-17,2.93141369387388,2.976398815738767,2.912977234814008,2.958699941635132,37247000
2013-09-18,2.966073843899041,2.99999711930892,2.9380503679396517,2.9992597103118896,23648000
2013-09-19,3.005159616470337,3.00884701345166,2.9609119076430512,3.005159616470337,25017000
2013-09-20,3.0353959682754916,3.1401154444280275,3.0110597098876326,3.069319248199463,87192000
2013-09-23,3.140115596521352,3.1482278002600723,3.0597323748632665,3.0877556800842285,29711000
2013-09-24,3.086281132393252,3.140853281007271,3.0707944843385486,3.1275792121887207,29753000
2013-09-25,3.13569173543294,3.141591713557765,3.054571080187778,3.112830638885498,20584000
2013-09-26,3.1320044517736125,3.1460159317237077,3.100293390437442,3.117255210876465,16874000
2013-09-27,3.105455053103076,3.1541275745446233,3.0855435990269497,3.148965358734131,21998000
2013-09-30,3.1047170051394,3.1924750075110806,3.0951299846567957,3.176988363265991,35229000
2013-10-01,3.1814135072043883,3.2175490142843612,3.1696139067755396,3.2020623683929443,27411000
2013-10-02,3.176251982141556,3.2042752919945636,3.166664958556426,3.2013256549835205,17366000
2013-10-03,3.1998498937739277,3.214599129432747,3.1585518229395237,3.1932125091552734,22817000
2013-10-04,3.202062887623664,3.2249243314464033,3.1924758645673155,3.2079625129699707,17246000
2013-10-07,3.2079606425039375,3.2079606425039375,3.162238133167489,3.1710877418518066,14587000
2013-10-08,3.179201644235975,3.2057504874425473,3.1238920816967175,3.1415913105010986,21682000
2013-10-09,3.168876742431283,3.1755141280756316,3.0848061213492923,3.1120920181274414,27594000
2013-10-10,3.1939509396778005,3.2204997833442164,3.140116194723246,3.208700180053711,32464000
2013-10-11,3.1895255691132203,3.2079622042395095,3.1548648779335706,3.1924755573272705,18979000
2013-10-14,3.1806758541106483,3.2676964500433745,3.1718262423802837,3.261796474456787,20183000
2013-10-15,3.2647465322921403,3.2772831894711887,3.2138614395756093,3.225661039352417,18761000
2013-10-16,3.2507356566297254,3.289083751739568,3.235249007062203,3.2817089557647705,16999000
2013-10-17,3.2514719313404656,3.3281680947980705,3.2448348985987514,3.325955867767334,23286000
2013-10-18,3.4129773703269484,3.4129773703269484,3.3222696988534994,3.3967533111572266,27417000
2013-10-21,3.4033910302433195,3.48156240796822,3.396016584284188,3.4697628021240234,43360000
2013-10-22,3.4704994868507444,3.4704994868507444,3.4262517653865827,3.4564876556396484,47814000
2013-10-23,3.429938531412207,3.4343633379082608,3.297195391479294,3.3473427295684814,56673000
2013-10-24,3.33923203125637,3.3702056906936484,3.315633169854066,3.3547186851501465,30021000
2013-10-25,3.33185751456051,3.384954863682774,3.33185751456051,3.3650434017181396,21912000
2013-10-28,3.3443920364129944,3.37389050573586,3.3348050163005882,3.356191635131836,19048000
2013-10-29,3.382741906305677,3.4129778006087337,3.3613556278107533,3.377579689025879,22162000
2013-10-30,3.3967532406115675,3.3967532406115675,3.2743345109742656,3.3075203895568848,20740000
2013-10-31,3.318581864528712,3.363566989710302,3.318581864528712,3.350292921066284,17394000
2013-11-01,3.376841513345526,3.3842163087286385,3.2868709085793837,3.2979331016540527,22074000
2013-11-04,3.3252190571367373,3.340706057374612,3.2890835437641064,3.3215320110321045,13911000
2013-11-05,3.321530912481996,3.3333301594135927,3.2883450469688342,3.3207931518554688,12484000
2013-11-06,3.3318560437724427,3.354717133477424,3.316369397041776,3.345867872238159,10405000
2013-11-07,3.3451316815653773,3.355456469214878,3.2138632998329735,3.2197632789611816,32309000
2013-11-08,3.2249235700746253,3.2735960830773703,3.1784632841858613,3.270646095275879,36069000
2013-11-11,3.2772845176510486,3.2876093035086362,3.236724190169977,3.2603230476379395,9140000
2013-11-12,3.2861326745885457,3.3318555505288785,3.267696394057261,3.3281681537628174,13438000
2013-11-13,3.270645834400643,3.346604585647583,3.270645834400643,3.346604585647583,9863000
2013-11-14,3.31120676654088,3.3252185947388417,3.140115543341356,3.1674017906188965,59660000
2013-11-15,3.1696144168378795,3.3045701486725103,3.162977382287665,3.289820909500122,48369000
2013-11-18,3.2898205334029265,3.2979327370977005,3.2345109807419417,3.2418854236602783,13463000
2013-11-19,3.233035773599291,3.2632720089999228,3.1659269723821284,3.1674017906188965,12296000
2013-11-20,3.1895256760522277,3.190263436867651,3.1305287229896943,3.148965358734131,11085000
2013-11-21,3.1659268166356807,3.187313086614949,3.1504398193132714,3.174776077270508,15434000
2013-11-22,3.1755136373544,3.209436914534636,3.167401434664719,3.1932125091552734,11219000
2013-11-25,3.2396738794234294,3.24483609604968,3.2005883742605485,3.223449468612671,16001000
2013-11-26,3.2293480127778,3.308256397361301,3.211648791258351,3.3001441955566406,18712000
2013-11-27,3.281708470846303,3.3045699130105244,3.224924097489408,3.294245481491089,19086000
2013-11-29,3.317844816253309,3.325219260563324,3.2935085522258944,3.298670768737793,11401000
2013-12-02,3.354717089682203,3.4078144146724294,3.314156774729074,3.3185815811157227,24454000
2013-12-03,3.313419275066015,3.3163692631263575,3.28982042553192,3.3023574352264404,16189000
2013-12-04,3.280234137229662,3.311207436364707,3.2758093299747086,3.2817089557647705,26443000
2013-12-05,3.357666782941523,3.516221334864559,3.3230060956647582,3.5095839500427246,45947000
2013-12-06,3.5626810479882747,3.5626810479882747,3.4623863893583033,3.4631237983703613,27552000
2013-12-09,3.4727111814800287,3.5058970520347557,3.4328882774741722,3.4933600425720215,20719000
2013-12-10,3.493360376245219,3.496310364532794,3.427726037955674,3.4365756511688232,15997000
2013-12-11,3.4483760543271034,3.465337523887426,3.3967535330158913,3.4004409313201904,13005000
2013-12-12,3.425513379586821,3.4284633675033214,3.372416058636535,3.3738908767700195,13678000
2013-12-13,3.3945404862508255,3.403389747737157,3.363566840275162,3.3665168285369873,15876000
2013-12-16,3.6659270127888233,3.727873605933062,3.5663693852648435,3.694688081741333,121534000
2013-12-17,3.7131256091601514,4.022122675654862,3.7094385618938874,3.9498512744903564,87230000
2013-12-18,3.960221189170202,3.960221189170202,3.8535289166269933,3.9379937648773193,42787000
2013-12-19,3.923177233649992,3.927622791286592,3.8016661492798995,3.811298131942749,30366000
2013-12-20,3.810556474072166,3.85427082068149,3.8031470951153015,3.8268566131591797,28889000
2013-12-23,3.8735335346217736,3.8735335346217736,3.8379690923594127,3.8572330474853516,12988000
2013-12-24,3.8757563878999353,3.9113204791787624,3.8705699652821597,3.8987250328063965,7448000
2013-12-26,3.9142846117355896,3.9231757235865263,3.8868704090782966,3.9061343669891357,7010000
2013-12-27,3.918730642386017,3.9313264445838265,3.8979849477530264,3.9105803966522217,8043000
2013-12-30,3.911321946823993,3.915767504064271,3.8668667277198927,3.904653787612915,10962000
2013-12-31,3.917249340396107,3.9491087530565703,3.892798953794423,3.917990207672119,8655000
2014-01-02,3.9157681252869145,3.9179910809090552,3.844639904755586,3.900949716567993,14537000
2014-01-03,3.8861301458459434,3.9239172004349308,3.849825178994797,3.915766954421997,11661000
2014-01-06,3.9120620459884945,3.9565172523487693,3.8846478430819666,3.8890933990478516,12634000
2014-01-07,3.9135434315030806,3.931325653782174,3.889093052518599,3.9261388778686523,13359000
2014-01-08,3.93503185155032,3.9950467034994133,3.9165087534586083,3.984673500061035,22968000
2014-01-09,4.000975235353568,4.013570691582575,3.9091009371295495,3.9439241886138916,12339000
2014-01-10,3.9965295676885453,4.002456861829275,3.9172510811469095,3.949110507965088,16691000
2014-01-13,3.9728185320621363,3.98467311585051,3.881685138481312,3.9002082347869873,13944000
2014-01-14,3.9505892587393343,4.1373015328633285,3.9076161437085806,4.09506893157959,34855000
2014-01-15,4.125447951281334,4.236586170378288,4.113593368073051,4.22102689743042,27187000
2014-01-16,4.205467421220139,4.2202858261636065,4.0861789611213855,4.106925010681152,24084000
2014-01-17,4.094327842938412,4.180274774945336,4.0921048886235045,4.159528732299805,31181000
2014-01-21,4.194353461488521,4.209913087387174,4.140266264374999,4.1573076248168945,16597000
2014-01-22,4.163975395349546,4.236585680678694,4.138043276767213,4.234363079071045,25526000
2014-01-23,4.203244096875357,4.23436299183164,4.129892945854892,4.152861595153809,15551000
2014-01-24,4.126930312677972,4.148416878654053,4.012087396229959,4.037278652191162,17426000
2014-01-27,4.046909125376795,4.093587283209889,3.9817082311212277,4.034313678741455,21031000
2014-01-28,4.030610338174298,4.06024715032054,3.9239176731283587,4.054319858551025,25223000
2014-01-29,3.996528276892019,4.144712349043901,3.95429565734432,4.006160259246826,23974000
2014-01-30,4.0617283248892715,4.0950698222811885,4.007641132515226,4.078769683837891,11989000
2014-01-31,3.9883774549539672,4.096551847377901,3.9883774549539672,4.048392295837402,15784000
2014-02-03,4.060246737510538,4.087660944942979,3.9239172741791313,3.9461450576782227,11421000
2014-02-04,3.964669456535961,4.012829379843478,3.93429176746469,4.001715660095215,13487000
2014-02-05,3.980228080442221,4.055060982859403,3.9409589308960684,3.9994916915893555,9017000
2014-02-06,4.000232037655531,4.139524962456946,3.9728178316921006,4.089883327484131,18053000
2014-02-07,4.109888630703562,4.211394867280423,4.08469737670391,4.191390037536621,17039000
2014-02-10,4.1632351787650625,4.184721744191335,4.117298225340523,4.172126293182373,12347000
2014-02-11,4.163976873307561,4.309197495510329,4.163236005842049,4.302529335021973,17344000
2014-02-12,4.3121601185924705,4.430707359252504,4.3121601185924705,4.366988182067871,25864000
2014-02-13,4.255107969326733,4.409219623871464,4.251403280715897,4.377359867095947,22614000
2014-02-14,4.260295901753813,4.325496819236004,4.255850344505178,4.303269386291504,28180000
2014-02-18,4.33512803912713,4.33512803912713,4.277336158350902,4.3247551918029785,15872000
2014-02-19,4.311418067578552,4.328459424455218,4.2595538364290855,4.275113105773926,14598000
2014-02-20,4.300305647662579,4.373656813749336,4.275114391627534,4.371434211730957,22282000
2014-02-21,4.403293724147124,4.4084801489363095,4.3269790870209235,4.338092803955078,17998000
2014-02-24,4.335127724915123,4.4447841876627745,4.335127724915123,4.413665294647217,20672000
2014-02-25,4.445526245157173,4.445526245157173,4.3262381243357675,4.371434211730957,26929000
2014-02-26,4.44552628532071,4.704107713958528,4.4433036832822514,4.586301326751709,49125000
2014-02-27,4.533694871125865,4.610009843931753,4.503317196759902,4.547772407531738,16460000
2014-02-28,4.530732722164215,4.591488446630182,4.504059727170948,4.571483612060547,15225000
2014-03-03,4.530730905448941,4.628532790004664,4.508503477417011,4.5744452476501465,15340000
2014-03-04,4.630755390593234,4.749302615536869,4.614455253153063,4.6937336921691895,36761000
2014-03-05,4.679656710998411,4.7589351594132125,4.6633565716258145,4.673729419708252,24656000
2014-03-06,4.689287858917806,4.735224799880489,4.671505634907179,4.715219974517822,12162000
2014-03-07,4.738188090563107,4.738188090563107,4.627049909550897,4.649277687072754,15133000
2014-03-10,4.662616124003826,4.698921095559739,4.628533754394762,4.652984142303467,13519000
2014-03-11,4.666319675238944,4.71596131001727,4.579632207823915,4.595191478729248,16191000
2014-03-12,4.576668346343278,4.690770018631588,4.478866812010839,4.681138038635254,23598000
2014-03-13,4.6974384051326075,4.778939446046018,4.5966730514395495,4.644092082977295,35377000
2014-03-14,4.650760240759734,4.686324337763742,4.609268853138158,4.644092082977295,13939000
2014-03-17,4.6700241731020355,4.741152719995306,4.650019346572371,4.698179244995117,13968000
2014-03-18,4.70636512983604,4.762916080988899,4.672137015930219,4.748778343200684,13109000
2014-03-19,4.762914343733225,4.827650015923347,4.746544505595876,4.792677879333496,17558000
2014-03-20,4.785984799097746,4.8656022988277865,4.784496372834383,4.859649658203125,19966000
2014-03-21,4.88420244023374,4.898340177189153,4.73538436190854,4.754730701446533,23267000
2014-03-24,4.764403135761876,4.788958074092043,4.63939633826711,4.699667453765869,24811000
2014-03-25,4.739104874067597,4.835092535963781,4.708597294094657,4.762171745300293,16145000
2014-03-26,4.791190607183203,4.8276508201843455,4.622282177443553,4.673624515533447,28414000
2014-03-27,4.670647928680657,4.695946902182406,4.601447680487542,4.67139196395874,25247000
2014-03-28,4.687018656440803,4.812769867284522,4.678089876604275,4.77035665512085,14330000
2014-03-31,4.799374550660291,4.861134082175985,4.780028217039182,4.792677879333496,14819000
2014-04-01,4.803095483142834,4.855925887436408,4.7785405464778625,4.8403000831604,21962000
2014-04-02,4.817233225747197,4.85964642726749,4.750265087517125,4.809792518615723,20979000
2014-04-03,4.817235827607498,4.879739433394063,4.722736560698353,4.756964683532715,21592000
2014-04-04,4.8038412969598046,4.817235000502169,4.467513121054472,4.598472595214844,38830000
2014-04-07,4.538944807497956,4.60888910180058,4.377477418439729,4.491322994232178,43274000
2014-04-08,4.510668968170503,4.537456369015307,4.468256115713679,4.477185249328613,22055000
2014-04-09,4.541921058796651,4.655022593092791,4.541921058796651,4.6483259201049805,19256000
2014-04-10,4.654277301276018,4.654277301276018,4.436259035233831,4.454117298126221,20396000
2014-04-11,4.410217513837677,4.461559504703583,4.349946388523064,4.355154991149902,21903000
2014-04-14,4.349200917488993,4.432538893617499,4.323901946044343,4.376732349395752,19419000
2014-04-15,4.394591212303101,4.416913691107895,4.261399310365035,4.385662078857422,25014000
2014-04-16,4.42435494257608,4.42435494257608,4.323902719242884,4.413193702697754,17916000
2014-04-17,4.4154258164267315,4.588054436403303,4.384174202789312,4.530759811401367,19092000
2014-04-21,4.536712597478351,4.626747264577128,4.525551002405964,4.60516881942749,12560000
2014-04-22,4.584333044374067,4.746544784167785,4.584333044374067,4.72050142288208,22830000
2014-04-23,4.7606823678330095,4.807560136318534,4.745800598518605,4.806816101074219,26984000
2014-04-24,4.8685762978309,4.872296474555998,4.727943328149168,4.864855766296387,27519000
2014-04-25,4.825420152023625,4.838813500898976,4.627492158045867,4.638653755187988,19266000
2014-04-28,4.6810662856019585,4.681810321063371,4.488347263526684,4.522575378417969,30708000
2014-04-29,4.537455975722249,4.579869179312235,4.465279232535236,4.532991409301758,21656000
2014-04-30,4.546386199280456,4.737617146733532,4.492067708743938,4.7249674797058105,25375000
2014-05-01,4.681808980783566,4.829138604250794,4.6565100082906135,4.724222183227539,18863000
2014-05-02,4.81574592290203,4.83583629661154,4.701155963451439,4.782261848449707,13407000
2014-05-05,4.752497694291363,4.795654932372124,4.6892500850851295,4.780773162841797,13529000
2014-05-06,5.054599605711058,5.065760847688734,4.92959241824693,5.010698318481445,127802000
2014-05-07,5.041204352746718,5.105195997788413,4.9370319650896715,4.971260070800781,560280000
2014-05-08,4.971261419275835,5.129008291479296,4.963820355020081,5.056087493896484,53700000
2014-05-09,5.053853662272847,5.101475467129828,4.961586903225339,5.015905380249023,38700000
2014-05-12,5.05459739036774,5.1476085273053265,5.015904723340008,5.143887996673584,27394000
2014-05-13,5.154304522884416,5.159513123162295,5.101474130229398,5.116355895996094,23021000
2014-05-14,5.099988369987303,5.178861799755149,5.026323542856423,5.0977559089660645,30243000
2014-05-15,5.109661810840709,5.130496222493491,4.993583766244708,5.054599285125732,32093000
2014-05-16,5.0665024279531785,5.129005991396027,5.0092074652297915,5.095521926879883,52044000
2014-05-19,5.141656700912281,5.16472357028234,5.070224341612517,5.083617687225342,37789000
2014-05-20,5.086595314980568,5.08808338597762,4.979446397384113,5.024091720581055,29085000
2014-05-21,5.02409122182213,5.092547448223451,5.012929980833282,5.090315341949463,16896000
2014-05-22,5.091803616338046,5.150586674949633,5.050878827870044,5.110405921936035,15679000
2014-05-23,5.143145357328173,5.254014432730538,5.114125849181652,5.249549865722656,32017000
2014-05-27,5.285265463817861,5.303867409105115,5.232435059274841,5.277824401855469,31637000
2014-05-28,5.249550562097524,5.264432335828119,5.196720495980071,5.216066837310791,34927000
2014-05-29,5.244341024778037,5.271872460939306,5.194487109402255,5.2674078941345215,27566000
2014-05-30,5.346281680133589,5.357442920500331,5.16472391868578,5.258479118347168,38938000
2014-06-02,5.298660519393251,5.357443579610498,5.253271162149542,5.3306565284729,26599000
2014-06-03,5.307587268082954,5.36339416130699,5.271127062549744,5.316516399383545,22308000
2014-06-04,5.302379538157113,5.347024847183312,5.293450405389998,5.328422546386719,19379000
2014-06-05,5.32098174057264,5.357441951419965,5.300147334374169,5.347768783569336,27288000
2014-06-06,5.378278036832211,5.383486639664451,5.300892674970986,5.329912185668945,15866000
2014-06-09,5.34851297509394,5.3946463520794525,5.318005047367905,5.341815948486328,17420000
2014-06-10,5.338842079228408,5.3760463397733975,5.32023977155116,5.347026824951172,16409000
2014-06-11,5.332886539866684,5.386460975904581,5.309075994791475,5.338839530944824,24943000
2014-06-12,5.3083309625281805,5.360417321899121,5.297913761615852,5.339582920074463,13604000
2014-06-13,5.370836344261272,5.39092671780691,5.2763371141004125,5.314285755157471,13508000
2014-06-16,5.3180063541316445,5.352978501777121,5.253270661476851,5.274105072021484,15668000
2014-06-17,5.274104200589895,5.35106036953851,5.274104200589895,5.34060001373291,13817000
2014-06-18,5.348073629684818,5.370488177202568,5.271117432185546,5.321176528930664,13833000
2014-06-19,5.314451004950392,5.328646823045109,5.255426456367291,5.299508094787598,12734000
2014-06-20,5.316692888011885,5.375717439376974,5.295025435680985,5.347325801849365,21834000
2014-06-23,5.350313692763058,5.3764640516469555,5.2890478705558905,5.322669506072998,13349000
2014-06-24,5.363015016782105,5.401866650581139,5.27709338098835,5.280081748962402,15304000
2014-06-25,5.273357709393132,5.35703807150156,5.234506074528462,5.351808071136475,12827000
2014-06-26,5.358531658266904,5.369738749761936,5.258414214208317,5.301748752593994,8126000
2014-06-27,5.285310961658167,5.317438406461462,5.248700965561707,5.300253868103027,16935000
2014-06-30,5.298761480062022,5.384683132171631,5.298761480062022,5.384683132171631,17773000
2014-07-01,5.415315701209017,5.538594794234849,5.405602792174646,5.531123161315918,21429000
2014-07-02,5.497502499612069,5.57371160131072,5.497502499612069,5.552791595458984,16081000
2014-07-03,5.578941803977609,5.631242176760286,5.559515981766942,5.617046356201172,7994000
2014-07-07,5.635725691751417,5.64469115535514,5.5610107636720025,5.568482398986816,19066000
2014-07-08,5.553537568739254,5.566238845618639,5.386923935130168,5.483305931091309,19169000
2014-07-09,5.5034772935094765,5.546064376831055,5.460889853920941,5.546064376831055,9798000
2014-07-10,5.384682942277935,5.49451367644914,5.383188758059869,5.465374946594238,15479000
2014-07-11,5.4743419215388665,5.4900319279462355,5.429513179117592,5.469111919403076,12517000
2014-07-14,5.5714695743694955,5.596125395598195,5.484800832143611,5.5318708419799805,12242000
2014-07-15,5.52962725819324,5.557271792625284,5.431004014432482,5.485545635223389,14556000
2014-07-16,5.4623855045162,5.557273315243826,5.435488410787893,5.5027313232421875,15180000
2014-07-17,5.473593628410938,5.504226542238125,5.354049985247246,5.371981620788574,17816000
2014-07-18,5.434741765878425,5.62302250626708,5.425028856403332,5.6035966873168945,33949000
2014-07-21,5.567733472676574,5.640953835813655,5.565491840313659,5.634976387023926,15368000
2014-07-22,5.6469305921062105,5.711185134499911,5.626010591388969,5.632734775543213,23997000
2014-07-23,5.655895865864218,5.656642957780009,5.498248071088057,5.501236438751221,24450000
2014-07-24,5.506466155233651,5.520661969704621,5.399624535163185,5.417555809020996,20676000
2014-07-25,5.4003722835863295,5.40186646752272,5.208355753345799,5.224045753479004,36838000
2014-07-28,5.2315180314902525,5.286059674552973,5.165769294223889,5.268128395080566,31813000
2014-07-29,5.259910971902722,5.31744135392473,5.218070953171945,5.221059322357178,19111000
2014-07-30,5.301002585580197,5.307727127116063,5.209103843082968,5.268128395080566,17545000
2014-07-31,5.230771048760443,5.252438501776624,5.140366488595341,5.183701038360596,18476000
2014-08-01,5.2240453848768125,5.283069921403954,5.133640494030388,5.26289701461792,19141000
2014-08-04,5.25393186167278,5.349566407988072,5.2247931356922575,5.330140590667725,15452000
2014-08-05,5.291288878930092,5.336117961529291,5.2180688753078455,5.238988876342773,15388000
2014-08-06,5.215079437251246,5.302495601954354,5.2120907133980205,5.251689434051514,10354000
2014-08-07,5.296519471229336,5.296519471229336,5.188930380736049,5.202378749847412,11222000
2014-08-08,5.209850875176164,5.267381242288414,5.179217961363316,5.26215124130249,12822000
2014-08-11,5.268127101025215,5.338358729974856,5.268127101025215,5.291288375854492,14173000
2014-08-12,5.296520636234597,5.333877739924421,5.2643931779195485,5.315946102142334,9421000
2014-08-13,5.351808183557544,5.3891652789118805,5.310714915520594,5.377211093902588,10836000
2014-08-14,5.430258041523623,5.546065489490382,5.430258041523623,5.5169267654418945,18997000
2014-08-15,5.569227634832687,5.595377637183398,5.485547271043348,5.587906360626221,21143000
2014-08-18,5.626756030502952,5.63348021268195,5.555029876770232,5.63123893737793,12531000
2014-08-19,5.646932571401854,5.724635865606721,5.635725475127589,5.64992094039917,18734000
2014-08-20,5.653654782256963,5.715668048754036,5.651413506292185,5.70670223236084,11375000
2014-08-21,5.688024418731101,5.7261289663725,5.659632781027034,5.698484420776367,15550000
2014-08-22,5.716414783723717,5.716414783723717,5.641700245558445,5.694000244140625,15837000
2014-08-25,5.7530253442091075,5.768715701582113,5.634976255506637,5.661126613616943,17100000
2014-08-26,5.667850423630935,5.689517515688854,5.6237687912829015,5.67532205581665,13544000
2014-08-27,5.678311113820881,5.716415658811798,5.641701109208972,5.690265655517578,13434000
2014-08-28,5.643941652600206,5.714920732707684,5.599860020617781,5.705207824707031,18587000
2014-08-29,6.113150162225506,6.335799262061802,5.7156683461588464,6.133322715759277,62934000
2014-09-02,6.1990713716924954,6.361202087142063,6.156483922697785,6.352236270904541,41604000
2014-09-03,6.370916753150015,6.439654217736414,6.313386026925317,6.379881858825684,32681000
2014-09-04,6.390340882616683,6.518849959569079,6.385857618431135,6.432180881500244,28061000
2014-09-05,6.452351477582204,6.579366332163524,6.444133112444365,6.56591796875,26594000
2014-09-08,6.580114995770221,6.699658242746998,6.53902173742172,6.589080810546875,28949000
2014-09-09,6.603279328201872,6.657820974779822,6.571898607368131,6.605520248413086,21896000
2014-09-10,6.595806791872817,6.657072615772729,6.553966786529867,6.649600982666016,18855000
2014-09-11,6.642877699219256,6.6578209674602515,6.561438597388025,6.654831886291504,17888000
2014-09-12,6.650349274407259,6.654831827319287,6.5300585312565005,6.563680171966553,18244000
2014-09-15,6.585347504496347,6.592819138413107,6.445630942896695,6.4785051345825195,15998000
2014-09-16,6.453101239826964,6.595058692162791,6.400801238313882,6.56890869140625,21146000
2014-09-17,6.596653694741478,6.631148322798827,6.551661572224631,6.57940673828125,15653000
2014-09-18,6.612403131447593,6.713636512307621,6.601155454776783,6.712886333465576,18165000
2014-09-19,6.758629153297809,6.814870401394609,6.66639505111536,6.681392192840576,41834000
2014-09-22,6.646896783802048,6.686639808376484,6.480424328471577,6.537415027618408,23869000
2014-09-23,6.524665298992421,6.595153475871052,6.477422644803561,6.565907955169678,20829000
2014-09-24,6.575660305962324,6.6776431647940635,6.550164233685778,6.675394058227539,14503000
2014-09-25,6.6618930416685105,6.6618930416685105,6.431681169590693,6.483422756195068,17940000
2014-09-26,6.490170169863632,6.57340636942572,6.483421424114203,6.561408519744873,9834000
2014-09-29,6.4796732853353065,6.5471621868863,6.454177938948725,6.532165050506592,9826000
2014-09-30,6.5696604702276025,6.5929067188557875,6.463928155780162,6.523918151855469,14885000
2014-10-01,6.532914746664045,6.532914746664045,6.361943381079613,6.414434432983398,22257000
2014-10-02,6.379942533583868,6.403938246283539,6.061994691921621,6.239715576171875,34278000
2014-10-03,6.270460409034012,6.332699508909966,6.227717377694766,6.259212017059326,20650000
2014-10-06,6.304203483365992,6.337198476923335,6.189472614962689,6.214968681335449,19536000
2014-10-07,6.180473666396345,6.19997044679853,6.071742089435288,6.0762410163879395,15266000
2014-10-08,6.073992264886687,6.280957934662025,5.94651300610702,6.246463298797607,27681000
2014-10-09,6.217968455100037,6.246463808532519,6.04249740692286,6.043997764587402,18880000
2014-10-10,5.830281786312561,5.832531249646464,5.155393799259445,5.35111141204834,105981000
2014-10-13,5.309117921795087,5.408851275521853,5.15914298066976,5.177139759063721,65240000
2014-10-14,5.4036025788806805,5.467342023068671,5.178640150189384,5.400603294372559,69034000
2014-10-15,5.268625625270323,5.507835750945704,5.238630631911062,5.440347194671631,31955000
2014-10-16,5.299368814048168,5.705801457244187,5.286621142443998,5.669057369232178,33985000
2014-10-17,5.805535887797375,5.976507258090145,5.761293224220956,5.785289287567139,41607000
2014-10-20,5.749295453927763,5.853528462633926,5.684056364016932,5.848278999328613,14370000
2014-10-21,5.923266427901032,6.183473305969367,5.921016606987255,6.177474021911621,24112000
2014-10-22,6.184972365814033,6.2232157420623215,6.053744028679619,6.063492774963379,17307000
2014-10-23,6.15947682862416,6.216467523672881,6.082990069623999,6.1024861335754395,18205000
2014-10-24,6.126483637643226,6.179724878995536,6.056744898718666,6.137732028961182,11269000
2014-10-27,6.1122355775372945,6.145980034235049,6.00800292266909,6.116734504699707,14977000
2014-10-28,6.160977472830565,6.316951730904671,6.117484980930861,6.313952445983887,18230000
2014-10-29,6.341698684960043,6.384441720380343,6.265961364455732,6.364944934844971,14214000
2014-10-30,6.28695517015624,6.341696039578133,6.087488469871134,6.178223609924316,19976000
2014-10-31,6.382191997899613,6.592907177712903,6.336449676343878,6.467678070068359,25461000
2014-11-03,6.481924720319907,6.589906846665502,6.455679188766655,6.474425792694092,15941000
2014-11-04,6.441430280627813,6.490922049275213,6.363443164560763,6.400937080383301,18288000
2014-11-05,6.433181777755941,6.508168892945225,6.35969358961432,6.502169609069824,14789000
2014-11-06,6.481923617026322,6.5906551885449485,6.474424690676906,6.571158409118652,17114000
2014-11-07,6.586907849624478,6.593656598727901,6.354446089021574,6.376942157745361,19751000
2014-11-10,6.3679429703248855,6.454928666803698,6.261461207274729,6.442180633544922,14364000
2014-11-11,6.436930588981767,6.470675041446888,6.4024366729854405,6.4609270095825195,7927000
2014-11-12,6.4421809868442805,6.5456641858706375,6.419684919066111,6.527667045593262,10396000
2014-11-13,6.529165707880189,6.626649607133284,6.488672505903826,6.557661056518555,12281000
2014-11-14,6.565911555337566,6.6776431647940635,6.472177089236605,6.675394058227539,12955000
2014-11-17,6.657393791583382,6.677640032007003,6.568158295617155,6.63789701461792,11200000
2014-11-18,6.625150150936828,6.881607580748169,6.624399972209698,6.854611873626709,20025000
2014-11-19,6.86211060849371,6.898854347218464,6.681390484283585,6.692638874053955,18763000
2014-11-20,6.661892411918189,6.817866620481636,6.600402799738171,6.743628978729248,15121000
2014-11-21,6.876358073170863,6.878607894083744,6.707635807444212,6.764626502990723,17461000
2014-11-24,6.790121755607896,6.850111728451184,6.7773737254728985,6.834364414215088,11876000
2014-11-25,6.886855106720691,6.940845793442218,6.829114957497594,6.835113525390625,25923000
2014-11-26,6.867359615111511,7.038330989363989,6.867359615111511,7.032332420349121,16143000
2014-11-28,7.058578464975424,7.081074530703951,6.949096705923013,7.003837585449219,8700000
2014-12-01,6.977591835839021,7.000838079583593,6.750379219205739,6.820117950439453,17168000
2014-12-02,6.8006209987127635,6.929599531442735,6.727882984679159,6.913852214813232,19794000
2014-12-03,6.976091787928671,7.162060296798898,6.976091787928671,7.1335649490356445,31727000
2014-12-04,7.61498672872402,7.782209386912366,7.462012462515183,7.728968143463135,61855000
2014-12-05,7.786707599110144,7.873693294713146,7.628484240977466,7.7979559898376465,29596000
2014-12-08,7.798703925197114,7.811451955829369,7.473257988016143,7.551995277404785,34818000
2014-12-09,7.4905060916224615,7.725967079592834,7.292539019085808,7.69672155380249,22903000
2014-12-10,7.648730874409976,7.761212641983957,7.436516088176683,7.4425153732299805,22194000
2014-12-11,7.5047525351971425,7.708718143086705,7.4875048649340386,7.53999662399292,15685000
2014-12-12,7.422269456463883,7.587242309706937,7.41102177871955,7.438766956329346,13177000
2014-12-15,7.49650649834199,7.562495777078621,7.291790628166681,7.364528656005859,16749000
2014-12-16,7.330033321093667,7.474759899328589,7.199555133699321,7.298538684844971,22113000
2014-12-17,7.3248773782791465,7.514527853481346,7.187155222988806,7.449806213378906,27875000
2014-12-18,7.593551825514588,7.676335579839234,7.52581933664985,7.64999532699585,33281000
2014-12-19,7.656765140323287,7.702672520929381,7.484423882710954,7.537105083465576,65173000
2014-12-22,7.601074945747219,7.646229442787594,7.525816493722875,7.631930351257324,15924000
2014-12-23,7.701922733952432,7.713963888409697,7.5687157133313825,7.584519863128662,13011000
2014-12-24,7.595052852576166,7.618382983499041,7.546887536754373,7.580000877380371,6358000
2014-12-26,7.598819021089383,7.625912157130461,7.541622639797546,7.572478771209717,5761000
2014-12-29,7.57247603785122,7.630424566669406,7.464856418694662,7.622898578643799,13677000
2014-12-30,7.606344040352727,7.671818572467803,7.57097274964364,7.589787006378174,11730000
2014-12-31,7.608600914530054,7.753849783320305,7.558178364286991,7.57021951675415,15121000
2015-01-02,7.59580961992232,7.6921395830733506,7.460344644807557,7.532592296600342,13500000
2015-01-05,7.531084018795621,7.587527495031447,7.405403029888689,7.412176132202148,15596000
2015-01-06,7.446797814250616,7.4565810281383165,7.163073845737513,7.243600368499756,22194000
2015-01-07,7.303805556699613,7.479909834725475,7.2646712726938665,7.439270496368408,30907000
2015-01-08,7.565706404275082,7.849429679912674,7.552912362309562,7.811047554016113,33265000
2015-01-09,7.862221565163862,7.962315223863767,7.7199842279789355,7.894582748413086,23432000
2015-01-12,7.90737586698885,7.95027314429215,7.7305194265817345,7.763632774353027,18692000
2015-01-13,7.810294262980358,8.081223457713671,7.656015048486923,7.719984531402588,24337000
2015-01-14,7.609358235186901,7.788472725389596,7.526574456297374,7.780946731567383,20984000
2015-01-15,7.793737093016859,7.942748255203651,7.604838756603694,7.625158786773682,18372000
2015-01-16,7.577745596646808,7.820076574097835,7.549147410622262,7.813303470611572,15375000
2015-01-20,7.80351978620854,7.920169745931707,7.719983173591106,7.892324447631836,12840000
2015-01-21,7.851684100478442,8.043592508304314,7.835127786402862,7.930705547332764,16451000
2015-01-22,7.975862183380292,8.014244305868399,7.640211318888764,7.917161464691162,20639000
2015-01-23,7.904368460329012,8.090256007800553,7.845667016224618,8.051121711730957,15088000
2015-01-26,8.033055978327383,8.057138997612867,7.873508756717357,8.032303810119629,9611000
2015-01-27,7.907377054157329,7.975861700291938,7.738045859831837,7.88630485534668,15242000
2015-01-28,8.061655925838274,8.153470707538267,7.8915725703225785,7.902108669281006,23302000
2015-01-29,7.874264585262541,8.022522879700714,7.69665521224506,8.017254829406738,15842000
2015-01-30,7.923934655215262,8.03230648377854,7.722995148325229,7.742562294006348,16938000
2015-02-02,7.7704059513778505,7.7884680385947975,7.462600453544648,7.70794153213501,21581000
2015-02-03,7.713961609894704,7.805776372373732,7.628167064007097,7.766642093658447,15390000
2015-02-04,7.746322201957347,7.923178611054927,7.710198034261794,7.887054443359375,16658000
2015-02-05,7.882541419969164,7.993923343627289,7.808035842170311,7.99241828918457,16585000
2015-02-06,7.997686578573073,8.060903891089493,7.846417477913328,7.882541656494141,10682000
2015-02-09,7.823088348524153,7.853191592558175,7.662788197241062,7.694396495819092,20346000
2015-02-10,7.754604156057401,8.087245662975018,7.74331516869399,8.05563735961914,20398000
2015-02-11,8.036824353062135,8.150464269958075,8.002205931667252,8.123371124267578,17169000
2015-02-12,8.188089707863455,8.281409542622335,8.162501629224877,8.25582218170166,21072000
2015-02-13,8.278400078267957,8.293452059278518,8.1346569611197,8.289689064025879,14614000
2015-02-17,8.293452372028119,8.379999112948688,8.209915740335992,8.34387493133545,15312000
2015-02-18,8.302483686943974,8.322803720947128,8.224967982209488,8.278401374816895,16681000
2015-02-19,8.278396017855123,8.361179719655336,8.252055781724037,8.346128463745117,13196000
2015-02-20,8.386020359107514,8.440958806708167,8.313019818486744,8.433433532714844,19283000
2015-02-23,8.504175530041572,8.521484735577541,8.425906944309155,8.492886543273926,23854000
2015-02-24,8.541801333668413,8.549326604103008,8.399563315547447,8.517718315124512,23213000
2015-02-25,8.526001120586495,8.57190852113559,8.45224769457731,8.480093002319336,38216000
2015-02-26,9.274819750495016,9.77528669311224,9.260520653979208,9.727121353149414,89263000
2015-02-27,9.685726997873042,9.685726997873042,9.493066397918225,9.604448318481445,33825000
2015-03-02,9.573591483168,9.849036514260717,9.573591483168,9.709809303283691,27893000
2015-03-03,9.651110569790406,9.703791073198849,9.60068728958659,9.649604797363281,18682000
2015-03-04,9.609716958028736,9.774532267396143,9.359859969184786,9.738408088684082,36143000
2015-03-05,9.735400110566989,9.899463287456584,9.69175064983426,9.826462745666504,21688000
2015-03-06,9.783562379728085,9.820438723313645,9.5954169493487,9.624767303466797,22329000
2015-03-09,9.617241502701617,9.677447979693815,9.552519145190203,9.566818237304688,17835000
2015-03-10,9.461457182905017,9.552519790537781,9.37039529299012,9.416302680969238,17688000
2015-03-11,9.429849635492934,9.517902141367836,9.371148204148975,9.381684303283691,17742000
2015-03-12,9.24772604890031,9.498335948055988,9.14763237938651,9.491562843322754,22305000
2015-03-13,9.460705720394616,9.538974295154912,9.327498709625797,9.407272338867188,18414000
2015-03-16,9.548007056165236,9.817431235098338,9.535213014199117,9.773781776428223,23077000
2015-03-17,9.694006670075128,9.75346099336323,9.59541877309761,9.715831756591797,19006000
2015-03-18,9.711303636238098,9.909062250647978,9.638087591987414,9.845658302307129,21250000
2015-03-19,9.850185942165417,10.035112715597926,9.81395512032975,9.966425895690918,24461000
2015-03-20,10.071344868643939,10.127954995367244,9.978503915296047,10.06077766418457,55522000
2015-03-23,10.18984705033448,10.286462092236938,10.106063817406627,10.147578239440918,23849000
2015-03-24,10.187585209491584,10.21777732830213,10.029831514677934,10.04794692993164,25819000
2015-03-25,10.010203485919773,10.063794606100442,9.389754665689477,9.392019271850586,48853000
2015-03-26,9.077267261816429,9.445611320817019,8.828182154702027,9.413154602050781,45058000
2015-03-27,9.434288632293702,9.736964852781185,9.423721429373328,9.677335739135742,24297000
2015-03-30,9.799613804526816,9.880378044864228,9.68412895982538,9.853960037231445,19523000
2015-03-31,9.760361710191598,9.774703013822755,9.565622888029068,9.584492683410645,16402000
2015-04-01,9.560344528030125,9.582988438867094,9.330129155037277,9.482599258422852,21830000
2015-04-02,9.518826736242179,9.579210957079937,9.407115999675996,9.436553001403809,14508000
2015-04-06,9.312012107582941,9.565626455953502,9.24634427377054,9.49769401550293,14227000
2015-04-07,9.549019501605803,9.598836523205621,9.465236263475498,9.484106063842773,16132000
2015-04-08,9.470521087676797,9.621481669612118,9.457689276249008,9.570155143737793,13607000
2015-04-09,9.498448275844796,9.656957061470361,9.48410696705865,9.602611541748047,13961000
2015-04-10,9.628274182563947,9.659221405903757,9.51580904177166,9.572419166564941,11669000
2015-04-13,9.604873156717872,9.621478347102675,9.442590317238448,9.46146011352539,10483000
2015-04-14,9.439570870143461,9.460705992767808,9.2191684184009,9.358052253723145,16047000
2015-04-15,9.417682738141936,9.533167572797927,9.40862503347905,9.502975463867188,16893000
2015-04-16,9.44033030104632,9.522604063737049,9.419950277691843,9.459955215454102,15456000
2015-04-17,9.336164738091778,9.380698155719678,9.128593345505163,9.197280883789062,26817000
2015-04-20,9.246343415294957,9.345977460082135,9.223699510526078,9.286348342895508,13295000
2015-04-21,9.3837184958809,9.438819124244695,9.27955523030524,9.291632652282715,20616000
2015-04-22,9.352771521685378,9.661486502435423,9.265214169111784,9.653938293457031,22580000
2015-04-23,9.451649174643128,9.469763864561505,9.250116500832345,9.364846229553223,28053000
2015-04-24,9.33918537003125,9.33918537003125,8.745909530204928,9.019903182983398,55059000
2015-04-27,9.057642645742506,9.204074719460221,8.961027595058987,9.068964958190918,27320000
2015-04-28,9.086325225185185,9.133123252647943,8.647029725620115,8.865167617797852,31023000
2015-04-29,8.75722865706139,8.870448871779864,8.661368740896922,8.833463668823242,20903000
2015-04-30,8.807800342890578,8.977631390347517,8.775344350571931,8.822141647338867,21339000
2015-05-01,8.900643576126111,9.316540793163698,8.897624580670762,9.268987655639648,25334000
2015-05-04,9.271250861194689,9.348240992366568,9.122554919854462,9.145198822021484,14207000
2015-05-05,9.065189772999046,9.10821369136821,8.803272878921344,8.815349578857422,22090000
2015-05-06,8.894603387288955,8.934607586615718,8.7096759245286,8.814594268798828,14475000
2015-05-07,9.057642557295402,9.33239129006518,9.057642557295402,9.244833946228027,23542000
2015-05-08,9.29917861841976,9.429759873493571,9.263702906782735,9.308991432189941,14846000
2015-05-11,9.32710436131187,9.348993149585896,9.253888351283992,9.269739151000977,12418000
2015-05-12,9.210112636214166,9.327862093319036,9.155767120539403,9.280309677124023,10264000
2015-05-13,9.33163604216221,9.42296748875012,9.232001998552398,9.293895721435547,11857000
2015-05-14,9.370130704480498,9.712811864763609,9.33239110378116,9.581476211547852,23279000
2015-05-15,9.645635325873684,9.774706383208928,9.553548763506972,9.651673316955566,22627000
2015-05-18,9.657708952413305,9.842635687387544,9.607136834104637,9.826029777526855,17984000
2015-05-19,9.877359274209594,9.952084805999714,9.755835716499377,9.772440910339355,16053000
2015-05-20,9.80791669475458,9.893209424191431,9.669787232512203,9.745267868041992,18721000
2015-05-21,9.775460918269083,9.814710737344862,9.649408863873054,9.781498908996582,21309000
2015-05-22,9.798859697015047,10.10153592999581,9.798859697015047,10.011713981628418,22856000
2015-05-26,10.141541785582072,10.15437359741138,9.86075502241264,9.910572052001953,26781000
2015-05-27,9.970198552644032,10.93106389140197,9.934722842115857,10.67971420288086,114248000
2015-05-28,10.945407603451729,10.98012821294732,10.26532952426853,10.746893882751465,249123000
2015-05-29,10.878229521714996,11.26468903760766,10.877475132722752,11.176377296447754,118244000
2015-06-01,11.189207527663694,11.359792994609988,10.955973231040089,11.06692886352539,83579000
2015-06-02,11.051076907299018,11.070701813833507,10.804256438085366,10.881246566772461,41264000
2015-06-03,11.020130455881603,11.020130455881603,10.779347975468141,10.7982177734375,30450000
2015-06-04,10.755194903886041,10.826901438857698,10.60347995703836,10.657825469970703,28017000
2015-06-05,10.640464125499191,10.872188901198122,10.515166478752219,10.854827880859375,38593000
2015-06-08,10.836713728589592,10.851809423737063,10.380812361716337,10.46384048461914,54422000
2015-06-09,10.487994542806835,10.622349180157807,10.303822168203798,10.583099365234375,44071000
2015-06-10,10.561964489221157,10.867659678848593,10.555171390755953,10.783122062683105,42617000
2015-06-11,10.73179717169589,10.813315805269777,10.644239827553406,10.717455863952637,31517000
2015-06-12,10.664616832353271,10.678958137012094,10.558189710308296,10.602723121643066,19145000
2015-06-15,10.503845614327979,10.870680155527205,10.49252330286795,10.80274772644043,34565000
2015-06-16,10.771046990799874,10.83067610837895,10.671412225520196,10.717455863952637,20998000
2015-06-17,10.710641466473556,10.78633533653064,10.556226924425825,10.649330139160156,25429000
2015-06-18,10.652359775060853,10.880954470588385,10.652359775060853,10.82418441772461,25298000
2015-06-19,10.824941182556017,10.893065536280451,10.718213365260594,10.815857887268066,26881000
2015-06-22,10.911987548761141,10.986166939057288,10.748488982720417,10.845376968383789,22846000
2015-06-23,10.896850412149778,10.896850412149778,10.66220066015594,10.721240997314453,21497000
2015-06-24,10.753031512516595,10.76514233084483,10.584234410403809,10.594831466674805,22402000
2015-06-25,10.606940061543778,10.676578154671278,10.508539051617461,10.538816452026367,17538000
2015-06-26,10.510056230809473,10.524438054820363,10.19971259523925,10.229990005493164,71798000
2015-06-29,10.055893819244886,10.234530746784417,9.918888599287305,9.992311477661133,40473000
2015-06-30,10.127801156751307,10.1717031389149,10.000635774047119,10.0619478225708,28695000
2015-07-01,10.173972166990577,10.42300435650454,10.1671598788931,10.256478309631348,43059000
2015-07-02,10.264051995075405,10.426792621053266,10.245128162842825,10.418466567993164,32797000
2015-07-06,10.30643864875909,10.416193971448427,10.133100270106643,10.158079147338867,30188000
2015-07-07,10.139155649096189,10.177001862576466,9.549502432009067,10.055135726928711,59268000
2015-07-08,9.847738712474614,9.941598481640872,9.60249114768396,9.692566871643066,51371000
2015-07-09,9.853794266496688,9.943112752862264,9.364813596222923,9.437479972839355,73469000
2015-07-10,9.583562343306873,9.902231890187887,9.575235571932375,9.828052520751953,50948000
2015-07-13,9.944623484343191,9.944623484343191,9.72359834053311,9.778098106384277,25304000
2015-07-14,9.790963962662827,10.027884637709525,9.727380916816989,10.014259338378906,26289000
2015-07-15,9.966577895990445,10.10434039307508,9.90223829599539,9.970362663269043,23100000
2015-07-16,10.114932367978847,10.201223286063515,9.907531845342481,10.195924758911133,33977000
2015-07-17,10.215609301744383,10.218636826540658,9.988528339002716,10.117207527160645,29000000
2015-07-20,10.184570119442993,10.265562507644882,10.124015319208555,10.19138240814209,23563000
2015-07-21,10.226200657126329,10.323087893406267,10.153534327578775,10.181541442871094,31532000
2015-07-22,9.616111741676809,9.84016435667347,9.490460135001147,9.80912971496582,61346000
2015-07-23,9.929484088528975,10.218633548047967,9.87801257415375,9.98928165435791,30608000
2015-07-24,10.10585090921064,10.131587029689415,9.71451490513709,9.725111961364746,36311000
2015-07-27,9.639577763155659,9.650932060747484,9.39357375696164,9.435205459594727,34893000
2015-07-28,9.505600474327633,9.80610425507575,9.349672156794506,9.72057056427002,27869000
2015-07-29,9.716786642547136,9.773556694033056,9.49576148526467,9.732682228088379,33407000
2015-07-30,9.517711077632484,9.748576007143564,9.466996084205656,9.662285804748535,39169000
2015-07-31,9.714513060829633,9.714513060829633,9.458669276016646,9.472293853759766,30593000
2015-08-03,9.569184225971147,9.650175914671795,9.404171880542293,9.52225399017334,27273000
2015-08-04,9.503329012359192,9.503329012359192,8.98936968938161,9.34588623046875,47467000
2015-08-05,9.310309917658712,9.513925675889425,9.158922911247632,9.442773818969727,34158000
2015-08-06,9.464726246604267,9.491976129498722,9.12864724505395,9.330748558044434,46052000
2015-08-07,9.160435955654359,9.384488563222593,9.145296895263735,9.276247024536133,30527000
2015-08-10,9.347397082614991,9.643358726519114,9.310307402391684,9.634275436401367,28907000
2015-08-11,9.510142579472104,9.55480180834108,9.304255781498943,9.401900291442871,26744000
2015-08-12,9.20358331456424,9.58886352998104,9.130160444602229,9.51695442199707,27205000
2015-08-13,9.508628136910986,9.599460350197514,9.38676127729003,9.400385856628418,14571000
2015-08-14,9.386004830096377,9.423851769304491,9.171791977110614,9.231590270996094,26496000
2015-08-17,9.183146393715088,9.501059532165527,9.143785691930924,9.501059532165527,21293000
2015-08-18,9.519978948873735,9.519978948873735,9.21796223416251,9.25278091430664,19502000
2015-08-19,9.202831075855784,9.29366334075258,9.030249844738938,9.192991256713867,30891000
2015-08-20,9.089287833971113,9.131676065466078,8.707035064697266,8.707035064697266,41756000
2015-08-21,8.53444951093329,8.741850014489101,8.426965215997685,8.43604850769043,56472000
2015-08-24,7.651865066149442,8.705519974932738,7.569358898234696,8.32175350189209,69040000
2015-08-25,8.638908655024169,8.704761990975996,8.190045398771977,8.213510513305664,43921000
2015-08-26,8.523098501914106,8.836469633046857,8.415613452771252,8.795595169067383,59354000
2015-08-27,9.121077414877586,9.613085443625506,9.11199412087615,9.557072639465332,91882000
2015-08-28,9.501817671365869,9.667586546577752,9.43823460454967,9.660017013549805,36322000
2015-08-31,9.58583715598249,9.691808455711357,9.46169998709962,9.535122871398926,30087000
2015-09-01,9.198285735736421,9.463212877854373,8.939413642155355,9.035544395446777,49749000
2015-09-02,9.245972331239694,9.391303599792751,9.095341812503113,9.389033317565918,36700000
2015-09-03,9.491976716789559,9.60551681973596,9.326207848864849,9.368596076965332,29954000
2015-09-04,9.177090839688557,9.371623349124233,9.13243160860713,9.170278549194336,24923000
2015-09-08,9.491975487184368,9.789451009240352,9.44807350260605,9.776583671569824,35477000
2015-09-09,9.85379305722161,9.97565994966836,9.560102227340948,9.625955581665039,31502000
2015-09-10,9.72965201847148,9.776582241995472,9.446557637450184,9.743276596069336,36224000
2015-09-11,9.70088992287878,9.932512110109887,9.608543944758061,9.921915054321289,39606000
2015-09-14,10.029400813549081,10.122504040259527,9.885583308185288,9.930242538452148,34643000
2015-09-15,10.001395087702273,10.214850717065119,9.915861387550178,10.17170524597168,30804000
2015-09-16,10.166387726084356,10.166387726084356,9.890758634427439,9.984153747558594,27317000
2015-09-17,9.98567632208798,10.103369057299492,9.886207136977266,9.917338371276855,19918000
2015-09-18,9.76015716544356,9.83229171736173,9.612851045989645,9.68802261352539,44021000
2015-09-21,9.747250078105052,9.823940163797694,9.583998518430514,9.66296672821045,16515000
2015-09-22,9.490603513339193,9.555144811584604,9.392652865980152,9.468584060668945,22483000
2015-09-23,9.477695888793901,9.703969517892908,9.401005077570641,9.532365798950195,21879000
2015-09-24,9.423027038574219,9.517940688397301,9.069948145370963,9.423027038574219,44995000
2015-09-25,9.564256546330117,9.789771281261418,9.506549620657614,9.623482704162598,35087000
2015-09-28,9.564259150663203,9.732067005615825,9.173215348232445,9.176252365112305,39887000
2015-09-29,9.256738962326601,9.300019710796997,8.96440473021637,9.086653709411621,47991000
2015-09-30,9.247625685155901,9.508827917821316,9.187640629717169,9.4921236038208,43955000
2015-10-01,9.347854470397923,9.483770727459854,9.073743831951536,9.274201393127441,45674000
2015-10-02,9.110949490710773,9.366837297825027,8.975792854635241,9.364559173583984,35207000
2015-10-05,9.412393620655308,9.481491157602616,9.18460079213617,9.20434284210205,39085000
2015-10-06,9.16941874679404,9.188401188559451,8.468576047912975,8.892271041870117,115846000
2015-10-07,9.009203678187117,9.076782731404567,8.79431917575346,9.008444786071777,37284000
2015-10-08,8.923402024629002,8.95681138188564,8.640179569747701,8.860379219055176,41409000
2015-10-09,8.85050426916697,8.96591881737462,8.773054585050414,8.877079963684082,34479000
2015-10-12,8.92871513402569,8.958328575603181,8.789761871013999,8.935548782348633,24184000
2015-10-13,8.833798608686305,8.858855793754815,8.596135158458711,8.612080574035645,32475000
2015-10-14,8.580194150075275,8.94162520373379,8.533116770876507,8.918846130371094,33530000
2015-10-15,8.959843875899114,9.262808210863346,8.936305199110087,9.25369644165039,49316000
2015-10-16,9.255978043916071,9.26205280086097,9.104116361629837,9.19295597076416,19866000
2015-10-19,9.18763903179095,9.207381082830945,8.91200993325057,9.032739639282227,18593000
2015-10-20,8.995539038538992,9.117028433214914,8.929479198287305,9.103361129760742,21920000
2015-10-21,9.245347904715992,9.315204352056622,9.12006192438408,9.149675369262695,28197000
2015-10-22,9.234716933937907,9.538441004657738,9.203585707289625,9.517180442810059,34344000
2015-10-23,9.678912983126583,9.858869594735639,9.419988879062085,9.839127540588379,35498000
2015-10-26,9.723711738629065,9.723711738629065,9.319759627312028,9.385819435119629,58129000
2015-10-27,9.34633715229019,9.502755099904247,9.183085554972028,9.224847793579102,32280000
2015-10-28,9.475419879679436,9.70776831694002,9.392655017816782,9.650060653686523,30966000
2015-10-29,9.187643103555834,9.427584838184002,9.014520091188356,9.118545532226562,61582000
2015-10-30,9.17625156020401,9.416952868095947,9.124618657106772,9.349373817443848,25516000
2015-11-02,9.389617291859661,9.507310009980936,9.29850027872058,9.400247573852539,26068000
2015-11-03,9.224087002833466,9.487567359952864,9.224087002833466,9.274201393127441,26222000
2015-11-04,9.301536256259377,9.48073324598982,9.116264510011424,9.423785209655762,43098000
2015-11-05,9.484532036624403,9.491365686678204,9.157269933125974,9.192197799682617,28308000
2015-11-06,9.358482235512637,9.855070480423423,9.356963727750436,9.845958709716797,45287000
2015-11-09,9.74724993883751,9.790530675210068,9.54527389323242,9.60525894165039,28250000
2015-11-10,9.347853322110332,9.421506390333292,9.09424438545273,9.101078033447266,44759000
2015-11-11,9.127655072226844,9.316723464562331,9.098042351862812,9.10791301727295,25953000
2015-11-12,9.127651356662003,9.218768329173828,9.029700737935123,9.100316047668457,26588000
2015-11-13,9.03577722430566,9.10335626136393,8.747999320258176,8.924918174743652,39824000
2015-11-16,8.919600803282805,9.246103838283439,8.88998809433221,9.2233247756958,27796000
2015-11-17,9.222568575225749,9.391135293893186,9.187640714598707,9.26812744140625,19868000
2015-11-18,9.257498666240316,9.574889376427116,9.233200358946021,9.561222076416016,20270000
2015-11-19,9.574888237638522,9.577166362080666,9.340261695839622,9.507309913635254,32780000
2015-11-20,9.58323982778413,9.61816768523316,9.39493107159456,9.59766674041748,28057000
2015-11-23,9.624244135053432,9.624244135053432,9.431379096656586,9.446565628051758,16003000
2015-11-24,9.370633755099872,9.763956345576553,9.370633755099872,9.744973182678223,35659000
2015-11-25,9.795087518728057,9.807995924599204,9.693340228222665,9.748769760131836,21396000
2015-11-27,9.766994373151485,9.905188771997217,9.708527818465626,9.874056816101074,13262000
2015-11-30,9.827737896372739,9.924170045308482,9.652337528814488,9.905187606811523,32615000
2015-12-01,9.95985586675434,10.157276380499097,9.940113815379863,10.09045696258545,43255000
2015-12-02,10.10412595134065,10.250672480706687,9.987951755915072,10.038825035095215,54364000
2015-12-03,10.999351352554966,11.151213023360041,10.849008189837907,10.993276596069336,120661000
2015-12-04,10.994796382959608,11.229422926986217,10.876344772848066,11.204365730285645,60329000
2015-12-07,11.138307604238861,11.368378658386822,11.051746826949229,11.300800323486328,44769000
2015-12-08,11.149694387682558,11.282573619666508,11.068448050768128,11.2210693359375,34560000
2015-12-09,11.172473845020168,11.2377747632604,10.965942257569425,11.05933666229248,30803000
2015-12-10,11.09426368547982,11.347113717869965,11.024407252693361,11.186899185180664,33078000
2015-12-11,10.981128188353278,11.216514329370856,10.956830609834597,10.9659423828125,27777000
2015-12-14,10.944681973086277,11.037318218425984,10.724482344105567,10.820915222167969,36993000
2015-12-15,10.833821853385063,10.951515283969206,10.7297964441033,10.878621101379395,35398000
2015-12-16,10.904517948976201,10.989060948557098,10.693541064944059,10.95859432220459,29644000
2015-12-17,11.038569748456753,11.081983827177986,10.694304944053126,10.699636459350586,24378000
2015-12-18,10.680592902825317,10.808549973426844,10.552635832223793,10.678308486938477,51964000
2015-12-21,10.899183296735979,11.120061189649922,10.804738525508526,11.104827880859375,26627000
2015-12-22,11.213745178747315,11.213745178747315,10.873288804865116,11.051514625549316,21684000
2015-12-23,11.121587290908757,11.170332874907928,10.997438551902508,11.158907890319824,16170000
2015-12-24,11.151291536635878,11.21831680724972,11.098737623014067,11.144436836242676,7436000
2015-12-28,11.112447612000558,11.150530168156848,10.962402529599506,11.146721839904785,13873000
2015-12-29,11.196229340720892,11.331803074619774,11.04466178936596,11.267824172973633,22533000
2015-12-30,11.235073085550793,11.340180184363078,11.205368415945268,11.224410057067871,17396000
2015-12-31,11.164239986341558,11.23431163079881,11.053039412133783,11.05532455444336,19673000
2016-01-04,10.820740222735207,10.842066288059618,10.65393930349247,10.836734771728516,30970000
2016-01-05,10.902231448859538,10.914417662064144,10.450573793265379,10.4741849899292,38173000
2016-01-06,10.249498486294046,10.362984182950884,10.075080998717226,10.152008056640625,50824000
2016-01-07,10.00120343177501,10.188569133185124,9.763569680874346,9.829071044921875,50056000
2016-01-08,9.903712931295724,10.164957882688093,9.753667834359659,9.764330863952637,64641000
2016-01-11,9.86334443169503,9.899141846201235,9.552591959714215,9.752143859863281,38941000
2016-01-12,9.890766591749903,10.028624772094474,9.662271916708107,9.895336151123047,41112000
2016-01-13,9.730057073763293,9.899905051408515,9.37436729972284,9.391885757446289,48470000
2016-01-14,9.458911012560314,9.64856187819202,9.161868608253501,9.535076141357422,63942000
2016-01-15,9.155774729100722,9.428444686824978,9.086465031543385,9.137495040893555,75916000
2016-01-19,9.34999451666914,9.505370403256954,9.064376405133325,9.145111083984375,54773000
2016-01-20,8.974502548885575,9.56477973265785,8.924233769146126,9.43149185180664,103988000
2016-01-21,9.505371119091402,9.596769560866623,9.39493248535676,9.484807014465332,48475000
2016-01-22,9.633326444769157,9.633326444769157,9.46195603218452,9.483282089233398,58428000
2016-01-25,9.477190693265374,9.519081586703477,9.444439644329485,9.48176097869873,61359000
2016-01-26,9.520602516077872,9.635611411904836,9.444437405403518,9.474142074584961,119134000
2016-01-27,9.41778192289399,9.55183248929634,9.146635143787883,9.318767547607422,58156000
2016-01-28,9.363701923764017,9.638656947043394,9.292107103655612,9.624947547912598,49969000
2016-01-29,9.858773374656362,10.231980776230248,9.757473890748367,10.18399715423584,259449000
2016-02-01,10.155813897686304,10.563296177585157,10.126871193061348,10.486369132995605,45619000
2016-02-02,10.283014689034689,10.479519521852353,10.03090883512638,10.148202896118164,59005000
2016-02-03,10.45362591920788,10.481044730514773,9.923518489381898,10.005014419555664,56234000
2016-02-04,10.00805757611056,10.455144986666552,9.939509122120901,10.367555618286133,60833000
2016-02-05,10.434579477985682,10.434579477985682,9.671408144414581,9.77651596069336,70953000
2016-02-08,9.672171428541963,9.672171428541963,9.080370411125974,9.281445503234863,91242000
2016-02-09,9.126832792274168,9.57544351628109,9.046098101080771,9.117692947387695,63400000
2016-02-10,9.329424912274806,9.41929938861584,9.036952249405486,9.078843116760254,45473000
2016-02-11,8.873202628578358,8.960030781029957,8.701832192568444,8.858731269836426,66673000
2016-02-12,8.969167551807658,9.31724054592783,8.814552943677397,9.266210556030273,39965000
2016-02-16,9.388838902124936,9.656939299960042,9.364466468851047,9.6150484085083,38521000
2016-02-17,9.672933755565266,9.963883397685397,9.652369651374933,9.95322036743164,32742000
2016-02-18,10.035475582310097,10.052994035691059,9.602859562423667,9.678262710571289,39202000
2016-02-19,9.67674307359373,9.80926973536004,9.520605206319258,9.800129890441895,31118000
2016-02-22,9.901427788553821,10.086508346614297,9.862583998804054,9.950173377990723,24204000
2016-02-23,9.913612409341997,9.939508749251711,9.7536662648211,9.761282920837402,22352000
2016-02-24,9.635610858618243,9.996632067864967,9.551829822778709,9.927322387695312,25680000
2016-02-25,9.960837415944122,10.091078926686105,9.801653185845147,10.089555740356445,25652000
2016-02-26,10.22131591374185,10.279962552315313,10.072794790600993,10.138296127319336,27142000
2016-02-29,10.155815852216627,10.504650834041122,10.122303584479049,10.203800201416016,35911000
2016-03-01,10.31043404480308,10.559493539403748,10.253310560737342,10.543498992919922,44906000
2016-03-02,10.499320112476955,10.529024781018897,10.286058824090034,10.432294845581055,43834000
2016-03-03,10.491703018821573,10.575484780539025,10.228934928973967,10.45971393585205,59437000
2016-03-04,11.120064230994045,11.261730700216946,10.79407845208762,11.1246337890625,72399000
2016-03-07,11.025615423716749,11.137577908861019,10.706485187533055,10.93040943145752,41363000
2016-03-08,10.837490697898597,10.87785766298275,10.618135967525333,10.634892463684082,33216000
2016-03-09,10.720201086321287,10.8557748443855,10.698875024092773,10.812360763549805,31152000
2016-03-10,10.926606591663129,11.104832455567474,10.81540600659324,10.999725341796875,54546000
2016-03-11,11.119303841840248,11.42624802280813,11.101024154261593,11.334850311279297,55822000
2016-03-14,11.20460862879795,11.363030890422923,11.19623001507946,11.283058166503906,28444000
2016-03-15,11.31047453395251,11.42319827219965,11.126155252800874,11.308189392089844,30891000
2016-03-16,11.26845389192161,11.4067685103436,11.221839609243068,11.357861518859863,34906000
2016-03-17,11.261578639779655,11.593992329083399,11.261578639779655,11.581001281738281,44708000
2016-03-18,11.610803162349157,11.691805169414403,11.529036676022637,11.65283203125,70568000
2016-03-21,11.660474295844425,11.691805557514307,11.525980599112124,11.683399200439453,28207000
2016-03-22,11.645955426366745,11.891254173287926,11.581000920437216,11.826299667358398,33945000
2016-03-23,11.830884585913914,11.869092517036373,11.641370245015876,11.691040992736816,27577000
2016-03-24,11.597048301726156,11.71396699415109,11.548142031748954,11.691805839538574,25651000
2016-03-28,11.7132024290701,11.730014414732645,11.620737601080483,11.699447631835938,17224000
2016-03-29,11.71243635175858,11.839288884295787,11.629142371648921,11.778155326843262,26765000
2016-03-30,11.844638868090122,12.01886944595207,11.809487398080321,11.9921236038208,26794000
2016-03-31,11.998999680203493,12.025746248157992,11.802607971022544,11.806428909301758,24968000
2016-04-01,11.771280420041446,12.067778163550026,11.55119927513401,12.058608055114746,25671000
2016-04-04,12.073885974046998,12.099103577858216,11.895070039175833,11.921815872192383,17760000
2016-04-05,11.802609152061065,12.00129358984497,11.802609152061065,11.846931457519531,56915000
2016-04-06,11.821712445991619,12.056312804900283,11.746059618494904,12.038736343383789,28149000
2016-04-07,12.034148387962121,12.070064322855982,11.820944757886773,11.842341423034668,22975000
2016-04-08,11.942454500460038,11.989832543563418,11.81713017167938,11.932519912719727,18526000
2016-04-11,12.030332582936303,12.058606655547864,11.890489720875841,11.891253471374512,18568000
2016-04-12,11.921818290382234,11.949328607966216,11.691803351014995,11.877496719360352,16537000
2016-04-13,11.956970084198838,12.199976059468757,11.891251115853372,12.18698501586914,21730000
2016-04-14,12.019632013343802,12.158711099073875,11.921054288377134,12.136549949645996,27549000
2016-04-15,12.083821896823874,12.09986939938088,11.807956436882048,11.882081031799316,27685000
2016-04-18,11.8713825049919,11.951620745250185,11.753700092705467,11.913412094116211,15297000
2016-04-19,11.955444765691947,11.979897900611533,11.522924384933628,11.544321060180664,24560000
2016-04-20,11.574120101715698,11.775860958634663,11.493118113067004,11.709378242492676,19435000
2016-04-21,11.684160999590011,11.713199545508598,11.496939409341785,11.565714836120605,16117000
2016-04-22,11.493120202517284,11.687219218926382,11.365503914336738,11.487771034240723,25699000
2016-04-25,11.481660130649399,11.528275155364756,11.368563090586994,11.393780708312988,10870000
2016-04-26,11.57641618797171,11.776628873903128,11.465611142891479,11.520631790161133,26309000
2016-04-27,11.249350847518102,11.719316139097064,11.195094680055009,11.579472541809082,38930000
2016-04-28,11.492351998279052,11.76974636583062,11.258516170817327,11.308951377868652,25520000
2016-04-29,11.180573532882281,11.293671267168703,10.94673764516994,11.13778018951416,35067000
2016-05-02,11.16910898418872,11.220307943353646,11.042256482863758,11.162995338439941,19525000
2016-05-03,11.088108647768363,11.156119596247454,10.876433197435196,10.942915916442871,23986000
2016-05-04,10.890191354394402,11.036147871375633,10.795433816552164,10.8565673828125,20888000
2016-05-05,10.990295120077331,11.072825345039453,10.858093427045976,10.895538330078125,16841000
2016-05-06,10.83287699826847,10.889425869785047,10.635721520349497,10.842811584472656,30027000
2016-05-09,10.851216706528778,10.997937682432807,10.794668566416934,10.881783485412598,17300000
2016-05-10,10.88942748085562,11.091168406491269,10.813010154394393,11.050667762756348,18461000
2016-05-11,11.010930166041918,11.173697938698833,10.966607857169368,10.992589950561523,16716000
2016-05-12,11.009401966416723,11.059837198079945,10.66170451392725,10.77785873413086,26452000
2016-05-13,10.770210867153354,10.937563976549242,10.669340459913682,10.702199935913086,21716000
2016-05-16,10.764867683498084,10.9750149678819,10.751112885328233,10.900890350341797,20373000
2016-05-17,10.890186810530631,10.9268664977207,10.689209730509797,10.787787437438965,21248000
2016-05-18,10.738881559955004,11.084286150053204,10.723597809852592,10.994877815246582,22620000
2016-05-19,10.929924628426093,11.054483700104667,10.78396815974456,10.907763481140137,17478000
2016-05-20,11.01398682325517,11.284503184519215,10.981891809973593,11.212671279907227,25889000
2016-05-23,11.324239229887382,11.488535951815722,11.300549846967444,11.317361831665039,17609000
2016-05-24,11.355569481516358,11.590934346401015,11.336465517062068,11.571065902709961,19907000
2016-05-25,11.603160351527798,11.768220811887835,11.499997199418027,11.73536205291748,21737000
2016-05-26,11.750643375828433,11.787323796714812,11.601630441323948,11.693330764770508,18431000
2016-05-27,11.691803454935354,11.762870865030509,11.650538342577324,11.714728355407715,18693000
2016-05-31,11.768223126781944,11.840819514261959,11.714731435359639,11.795733451843262,32058000
2016-06-01,11.723135918887808,11.869092430166852,11.717786750268248,11.82706356048584,30777000
2016-06-02,11.860684872148177,11.884374251828778,11.72160578189943,11.837759971618652,46746000
2016-06-03,12.667646914083027,12.685223373616896,12.318422092136288,12.422348976135254,82985000
2016-06-06,12.48654182093692,12.527806209278298,12.304668639430599,12.443748474121094,34010000
2016-06-07,12.481956216425573,12.681404400941117,12.441455579157443,12.59658145904541,32340000
2016-06-08,12.539267513434895,12.579768144071805,12.481954172739442,12.509465217590332,25620000
2016-06-09,12.390257636611777,12.612630013636373,12.388728678032932,12.5430908203125,29143000
2016-06-10,12.392546528946477,12.454445290209655,12.226722330281323,12.289384841918945,26657000
2016-06-13,12.237420241417164,12.398660474706695,12.199211589705811,12.227485656738281,21568000
2016-06-14,12.170937571323307,12.26722258694982,12.083821932525531,12.149540901184082,25669000
2016-06-15,12.174840192208444,12.274495085200249,12.125778905665706,12.142643928527832,30884000
2016-06-16,12.039154711800922,12.17637263665366,11.92800084543056,12.160274505615234,22804000
2016-06-17,12.186338445706635,12.246131816583587,11.87663950406719,11.958663940429688,43333000
2016-06-20,12.14264255144939,12.234632179133875,12.011556838527708,12.02995491027832,20265000
2016-06-21,12.082081586850327,12.142641841901575,11.928765549668444,11.944097518920898,16126000
2016-06-22,11.937965678552656,12.048353381649097,11.86667333092155,11.89273738861084,16039000
2016-06-23,12.062152293978478,12.160274865076806,11.95636446816047,12.15950870513916,24435000
2016-06-24,11.65203045806261,11.872039696789585,11.376061575356541,11.400591850280762,64177000
2016-06-27,11.230410222437866,11.287904376481427,10.90614696594584,11.010401725769043,37864000
2016-06-28,11.245741510804661,11.49334709869218,11.236542475957489,11.48108196258545,37233000
2016-06-29,11.65280280898127,11.931837924029159,11.55851319549959,11.882010459899902,47860000
2016-06-30,11.882007872293066,12.053722033030878,11.81838149622462,11.912671089172363,42626000
2016-07-01,11.841378362397041,11.948699983712466,11.776219668215113,11.822214126586914,19779000
2016-07-05,11.619837713905817,11.629802912650037,11.462688627876897,11.556978225708008,26321000
2016-07-06,11.449652845929764,11.596069794098952,11.281004834054745,11.547008514404297,20603000
2016-07-07,11.509446530680455,11.72868887908126,11.509446530680455,11.574605941772461,19248000
2016-07-08,11.701859032771472,11.901169533830975,11.647431706649236,11.89273738861084,26741000
2016-07-11,12.042987539478865,12.148009200814961,11.98012806708555,12.062918663024902,25201000
2016-07-12,12.156440598087759,12.335053808037411,12.131143432492559,12.157207489013672,20306000
2016-07-13,12.181737373241434,12.294425009487734,12.06138448332452,12.066750526428223,15734000
2016-07-14,12.230799744113009,12.34655422323133,12.177905468186065,12.32585620880127,23550000
2016-07-15,12.350384314652763,12.385646671695318,12.239229738748252,12.354216575622559,19259000
2016-07-18,12.450810425070834,12.548933002785844,12.414780435649844,12.443910598754883,14626000
2016-07-19,12.37798100584752,12.418610868711484,12.249195979179241,12.305922508239746,14797000
2016-07-20,12.387949126239477,12.554297943959664,12.33582100879865,12.46997356414795,18064000
2016-07-21,12.496037464290405,12.532065987951318,12.251497935649503,12.29672622680664,19530000
2016-07-22,12.2338649296762,12.288292983466706,12.011556486519801,12.239997863769531,19664000
2016-07-25,12.237698165499825,12.318955705742722,12.209334898274717,12.248430252075195,9627000
2016-07-26,12.373385011216422,12.533600166181142,12.29366051370231,12.529000282287598,28631000
2016-07-27,12.720642866487223,12.847895571787388,12.473037280276905,12.699178695678711,30493000
2016-07-28,12.64858603253607,12.799602869959047,12.5657954396581,12.589559555053711,19512000
2016-07-29,12.566561067391962,12.621755281019084,12.349619398513399,12.417078018188477,26030000
2016-08-01,12.478407175578432,12.562731565295993,12.41094854108684,12.534367561340332,17876000
2016-08-02,12.502934562763036,12.571160803620556,12.439308205188226,12.486836433410645,22689000
2016-08-03,12.409412234231421,12.583427022622095,12.363417786532786,12.58035945892334,15019000
2016-08-04,12.59262365593563,12.801900777714126,12.58725761338072,12.801133155822754,19978000
2016-08-05,12.874730232603387,13.04721128056387,12.819536004828535,13.041077613830566,25594000
2016-08-08,13.031876346247184,13.12616518457094,12.86782748241031,12.905389785766602,19084000
2016-08-09,12.950619024547825,13.198224658205232,12.932222413589855,13.121567726135254,32743000
2016-08-10,13.125399266004017,13.198991554337443,13.01961071705901,13.173693656921387,19523000
2016-08-11,13.190558668484972,13.274115416979212,13.100868254882617,13.19209098815918,15745000
2016-08-12,13.195156914666965,13.232719216106268,13.137664222767594,13.221220970153809,16530000
2016-08-15,13.290216072354111,13.477261457754382,13.223523600422975,13.456564903259277,25807000
2016-08-16,13.400603442729398,13.414401631996402,13.192858595254181,13.215856552124023,19069000
2016-08-17,13.204359878858117,13.283316762129624,13.166797568322293,13.264152526855469,16613000
2016-08-18,13.248052695377792,13.352307467070245,13.234254506234816,13.33314323425293,21120000
2016-08-19,13.352305424013748,13.419765501715172,13.294812734358848,13.409799575805664,15349000
2016-08-22,13.41516928111725,13.515591803151562,13.343110762823999,13.486461639404297,15393000
2016-08-23,13.547024301312451,13.60451701681595,13.501028374344441,13.594551086425781,19741000
2016-08-24,13.612177072559367,13.621375376661812,13.366871417516379,13.438163757324219,21802000
2016-08-25,13.455031774611879,13.5792184183006,13.391405401658933,13.494894027709961,18735000
2016-08-26,13.555450218415002,13.694967331196564,13.425131409516368,13.5807466506958,22586000
2016-08-29,13.591482763729314,13.697271331483797,13.560820279563302,13.599148750305176,16726000
2016-08-30,13.65740710592424,13.753995890981631,13.48722603007804,13.56848430633545,27838000
2016-08-31,13.576150670968794,13.66967482908788,13.4419995624167,13.52402400970459,32753000
2016-09-01,13.559282197254602,13.61984244850186,13.401367017857279,13.575380325317383,39128000
2016-09-02,13.568485597443159,13.594548195951722,12.939887888438601,13.270285606384277,80668000
2016-09-06,13.309378003182484,13.338508160994923,13.004279699207649,13.11620044708252,36132000
2016-09-07,13.140732681696768,13.185194815966423,12.856330886211058,12.947553634643555,31437000
2016-09-08,12.90845767024004,12.94218625082986,12.768172917999262,12.907690048217773,18680000
2016-09-09,12.750538225351148,12.805732429922498,12.316653496644836,12.325085639953613,45022000
2016-09-12,12.198605710297617,12.629424519674727,12.169475545223053,12.608726501464844,35673000
2016-09-13,12.608723289125077,12.829498682129165,12.594925101213029,12.666983604431152,36003000
2016-09-14,12.66621944053265,13.026512013398301,12.652419788308938,13.001981735229492,40324000
2016-09-15,13.0196672873547,13.301850034141847,12.932781698369524,13.28032112121582,36322000
2016-09-16,13.257252369106812,13.301078656113365,13.059646909200602,13.166522979736328,83067000
2016-09-19,13.190361503154753,13.346446120139122,13.025049371277348,13.127311706542969,28306000
2016-09-20,13.241108152739253,13.241108152739253,12.93047440030579,12.935088157653809,18722000
2016-09-21,12.947391278081385,13.072720933838164,12.88741683101117,13.058111190795898,17977000
2016-09-22,13.145764528857844,13.167293440331928,12.922784841108154,12.981990814208984,20619000
2016-09-23,12.971223521788781,12.996596247671418,12.725946505522712,12.813600540161133,26875000
2016-09-26,12.694421864560647,12.858195546601946,12.514500035581799,12.816676139831543,32033000
2016-09-27,12.832053785330533,13.13884220087073,12.765160180930557,13.13730525970459,25353000
2016-09-28,13.208045069296842,13.279552443205231,13.054267331732248,13.125004768371582,20843000
2016-09-29,13.071177580392378,13.377965936188279,13.031963590088653,13.26032543182373,38570000
2016-09-30,13.301845910740013,13.428713936767087,13.258788098235332,13.26494026184082,34220000
2016-10-03,13.302619838835737,13.370281926422114,13.04965364792905,13.07656478881836,22807000
2016-10-04,13.118084894859498,13.140382276974877,12.923554754719115,12.998137474060059,19596000
2016-10-05,13.18651294125846,13.387193741772016,13.12346462685337,13.338753700256348,26149000
2016-10-06,13.324915723013229,13.428716454713017,13.168061186230414,13.39334774017334,21014000
2016-10-07,13.446398099074381,13.451780325267245,13.254943367459637,13.394881248474121,21842000
2016-10-10,13.434866202320084,13.52482712340398,13.360283492225165,13.437941551208496,16336000
2016-10-11,13.47792531335562,13.494071996479597,13.035042766887836,13.161142349243164,26181000
2016-10-12,13.128845876563187,13.152681660279777,12.94815558922215,13.107316970825195,21740000
2016-10-13,12.976606609732539,13.063490713076654,12.825134315257202,12.989676475524902,22373000
2016-10-14,13.06964116222617,13.274167252735266,13.020432649158414,13.078100204467773,19570000
2016-10-17,13.048112824996563,13.14422444368361,12.973530115036413,12.985064506530762,12741000
2016-10-18,13.121158887085027,13.291853219547743,13.112701310831397,13.238029479980469,14167000
2016-10-19,13.161139739208998,13.24648689495225,13.079636402546148,13.214962005615234,20440000
2016-10-20,13.198817382776603,13.423333995661066,13.149607398287943,13.333373069763184,18961000
2016-10-21,13.247256215670419,13.332603376891267,13.125001936103224,13.295696258544922,15842000
2016-10-24,13.391044306163584,13.60941028087601,13.344911124612935,13.574810028076172,19772000
2016-10-25,13.534823869143663,13.570961053800486,13.34106221279676,13.351826667785645,21622000
2016-10-26,13.236490363054198,13.438709555488535,13.155756966794115,13.30184555053711,21075000
2016-10-27,13.402569049233005,13.474844860586948,13.20803898821716,13.243409156799316,19840000
2016-10-28,13.262633371214392,13.29185138203579,12.997364395790289,13.021200180053711,20651000
2016-10-31,13.071180631786277,13.198817147767796,12.970455252722912,13.0927095413208,20317000
2016-11-01,13.126538903352714,13.190357149626395,12.750550059596218,12.978910446166992,28452000
2016-11-02,13.294929861661918,13.390273021169955,13.056573429438918,13.26801872253418,43501000
2016-11-03,13.25955938718689,13.481769106467343,13.236492071044609,13.301078796386719,20654000
2016-11-04,13.101936856227333,13.41948826704725,13.088865523272833,13.238029479980469,21753000
2016-11-07,13.408724439691033,13.67706881329135,13.3871955294758,13.606329917907715,26126000
2016-11-08,13.614787744651043,13.68783204541965,13.46408392006247,13.609405517578125,18923000
2016-11-09,13.184208773268352,13.570962180907493,13.160372982878052,13.334142684936523,32506000
2016-11-10,13.357204866187605,13.417179287711301,12.556018748721714,12.912785530090332,51217000
2016-11-11,12.867424120418475,13.071180284977519,12.742862956740074,12.88203239440918,29793000
2016-11-14,12.79976136630067,12.899718278254687,12.534493807432593,12.59292984008789,28187000
2016-11-15,12.67366138878867,12.878955943513605,12.579856655396727,12.798222541809082,25380000
2016-11-16,12.786690157305834,12.930473361879088,12.744402273502264,12.904332160949707,13333000
2016-11-17,12.867423661804182,12.995828640415086,12.765159881326351,12.843587875366211,18100000
2016-11-18,12.821288286980531,13.006592340695718,12.821288286980531,12.929702758789062,19524000
2016-11-21,13.00428566272299,13.283392986825175,13.00428566272299,13.269553184509277,21384000
2016-11-22,13.357212903394883,13.641704041886257,13.325687999597152,13.610947608947754,31024000
2016-11-23,13.56019888585615,13.66784345390017,13.474083231420934,13.615559577941895,22123000
2016-11-25,13.592491090355061,13.610944652800763,13.499454807434223,13.590184211730957,8198000
2016-11-28,13.537128265710962,13.614786314828404,13.420256223517562,13.42871379852295,26570000
2016-11-29,13.367970572545097,13.607865348061456,13.334908743819714,13.490224838256836,18514000
2016-11-30,13.464854124618942,13.524828567259807,13.105013334962056,13.108857154846191,31249000
2016-12-01,13.071947352378745,13.108854468510371,12.395322267303763,12.516806602478027,46389000
2016-12-02,12.576784880984617,12.680585626909998,12.349961354676688,12.626763343811035,26945000
2016-12-05,12.764394044271347,12.810527218988396,12.486823592151113,12.773621559143066,21372000
2016-12-06,12.82590553472152,12.91509800197045,12.567557114467002,12.668282508850098,39184000
2016-12-07,12.668278029487288,12.959688186645508,12.584469286621628,12.959688186645508,32659000
2016-12-08,13.036581481585621,13.177289342511358,12.879726937155874,13.125772476196289,38361000
2016-12-09,13.91312152099905,13.986167311462847,13.601720722654997,13.770108222961426,75744000
2016-12-12,13.690140331256833,13.899278738035234,13.575575143262487,13.69859790802002,37194000
2016-12-13,13.743195768494521,13.989241327220652,13.686296669792375,13.797018051147461,69076000
2016-12-14,13.822538373017146,13.858883633806698,13.62766895491892,13.735156059265137,46795000
2016-12-15,13.788508530487553,14.011990068434601,13.653956479400188,13.919967651367188,38103000
2016-12-16,13.977192764871651,14.003483410499253,13.724326164123665,13.797015190124512,41541000
2016-12-19,13.84727920095455,14.028229637421786,13.773817311962313,13.954766273498535,22219000
2016-12-20,13.996527238183372,14.17283610098639,13.93002406079959,14.079269409179688,27352000
2016-12-21,14.207633938289005,14.227740201463135,14.056842864208143,14.096281051635742,21013000
2016-12-22,14.139579726145794,14.151178581357577,13.871248529430476,13.96558952331543,17557000
2016-12-23,13.923059587246442,14.07230488982571,13.892901676211158,14.069211959838867,8977000
2016-12-27,14.082363687634302,14.205316922426555,14.077723553320629,14.097829818725586,8283000
2016-12-28,14.123342883179587,14.15118072988669,13.906821545124636,13.933886528015137,14039000
2016-12-29,13.895999292149327,13.971008400615222,13.813258593574533,13.90914535522461,13671000
2016-12-30,13.947807481202634,13.9887913890772,13.611425866299243,13.66942310333252,25421000
2017-01-03,13.7869629107768,13.988790988987803,13.651636519879922,13.790828704833984,32098000
2017-01-04,13.784641209346823,13.84186409917781,13.662460892625962,13.692620277404785,23965000
2017-01-05,13.635392678150662,13.68720403462552,13.445937863211139,13.476868629455566,24861000
2017-01-06,13.471462741781409,13.679478191111352,13.401866637352104,13.655506134033203,23142000
2017-01-09,13.660144874882816,13.787736736706725,13.659370536072576,13.684889793395996,20265000
2017-01-10,13.725100236464169,13.97641815475067,13.679476195767919,13.963272094726562,30181000
2017-01-11,13.923061799372078,13.955541256721459,13.74597862384502,13.874344825744629,18787000
2017-01-12,13.771493618353063,13.849595619743509,13.5634797275046,13.831036567687988,23137000
2017-01-13,13.834130688708012,13.97950871322178,13.794693990257743,13.953990936279297,20902000
2017-01-17,13.8789845015635,13.8905833592075,13.730513518982361,13.850372314453125,26316000
2017-01-18,13.94703366981319,14.311253146303674,13.919195820945928,14.307387351989746,35642000
2017-01-19,14.313573069862787,14.451218060001848,14.28109508819844,14.349143981933594,45718000
2017-01-20,14.584224113298957,14.81156998060493,14.545558796629527,14.775999069213867,57623000
2017-01-23,14.770588308917398,14.810799359383703,14.570305920556988,14.769815444946289,33394000
2017-01-24,14.902817067849185,15.43793380534391,14.86879336136937,15.291781425476074,62008000
2017-01-25,15.459591838293607,15.666060123994763,15.313439401258115,15.657552719116211,60888000
2017-01-26,15.809109060592107,15.873292142723479,15.553151070657458,15.788229942321777,38820000
2017-01-27,15.881800336427144,15.913505450191678,15.739515231302889,15.907318115234375,25780000
2017-01-30,15.809889940123954,15.842367929486604,15.512947901685035,15.714776039123535,33234000
2017-01-31,15.656777600902833,15.656777600902833,15.377620306392386,15.427111625671387,26749000
2017-02-01,15.639761984789057,15.812205009500994,15.482010747079373,15.751114845275879,31184000
2017-02-02,15.618112222495691,15.854738375286564,15.543103124395982,15.778956413269043,22712000
2017-02-03,15.848550070080574,15.976141918607267,15.70007762461268,15.942116737365723,24367000
2017-02-06,15.941339289648809,15.980777456002171,15.798281356700242,15.973044395446777,18716000
2017-02-07,16.023311227024195,16.03800301208121,15.847000956755636,15.922782897949219,22840000
2017-02-08,15.927426709317658,16.142400863548,15.864790811301164,15.998568534851074,21069000
2017-02-09,16.032599555126644,16.06043741439236,15.746483471227151,15.878715515136719,27519000
2017-02-10,15.929749652931255,15.968413503147906,15.763492442123244,15.892631530761719,23842000
2017-02-13,15.990061701272044,16.01558095730786,15.865562776177645,15.984648704528809,12463000
2017-02-14,16.006297240070005,16.007071578674203,15.836947174935267,15.87793254852295,17357000
2017-02-15,15.915829043617942,16.002437002905218,15.836952673611725,15.928975105285645,17088000
2017-02-16,15.965311814317513,16.101411029304526,15.866330701138827,16.098318099975586,17188000
2017-02-17,16.161732931115225,16.270767211914062,15.993155682229146,16.270767211914062,30945000
2017-02-21,16.316390547757642,16.51899149823299,16.309430348247638,16.45171546936035,30333000
2017-02-22,16.47104670258297,16.62029201697412,16.35505370677652,16.560749053955078,23949000
2017-02-23,16.631893610716475,16.69994398673333,16.211225531377963,16.28391456604004,29364000
2017-02-24,16.113791818204394,16.289329299551433,15.667604431575782,16.267677307128906,27651000
2017-02-27,16.290870591483895,16.50584472910054,16.25375247888674,16.492698669433594,26991000
2017-02-28,16.559204869915234,16.57467099882364,16.262262864516284,16.31097984313965,27548000
2017-03-01,16.47646618123876,16.655869479631185,16.282371089733438,16.636537551879883,51155000
2017-03-02,17.33016801640613,17.39744403325442,16.704577608623588,16.802785873413086,71171000
2017-03-03,16.857686552443596,17.012344822621476,16.834488844368316,16.88243293762207,30747000
2017-03-06,16.731646567013875,16.898678090742337,16.638852750984732,16.85305404663086,22771000
2017-03-07,16.806649537607846,17.118284668971913,16.787317622559247,16.954347610473633,29129000
2017-03-08,16.952036206750872,17.10824027046931,16.900224823540277,16.983739852905273,24532000
2017-03-09,16.918005867050887,17.23350682913948,16.86696883826224,17.16777801513672,25675000
2017-03-10,17.22345923538657,17.50802949175784,17.22345923538657,17.503389358520508,39430000
2017-03-13,17.46549770794566,17.611648624929746,17.426832390671084,17.51112174987793,26669000
2017-03-14,17.38043520445458,17.49797540718322,17.28377412522424,17.348730087280273,22165000
2017-03-15,17.347186852151335,17.526590112368204,17.262897482193072,17.47091293334961,20727000
2017-03-16,17.515191459169586,17.54160282379268,17.211463729244716,17.272830963134766,27835000
2017-03-17,17.362937218572167,17.377697119413536,17.155532609128365,17.181167602539062,51635000
2017-03-20,17.181158451058895,17.294570493622036,17.150085927914198,17.185819625854492,17215000
2017-03-21,17.263510363653303,17.320992789859936,16.741502905190696,16.78034210205078,30557000
2017-03-22,16.78033719800846,16.96288462946635,16.731399290883484,16.889089584350586,19131000
2017-03-23,16.87665782430584,16.96987393026265,16.81218365968983,16.8455867767334,19223000
2017-03-24,16.934925254087812,17.198258087,16.913951436154704,17.009496688842773,23794000
2017-03-27,16.843256421456093,17.103482189745026,16.77645166806624,17.015705108642578,15358000
2017-03-28,16.97376182265962,17.22777374251068,16.961332511314495,17.163299560546875,17929000
2017-03-29,17.151642356527383,17.194366340546154,17.064641651104225,17.191259384155273,15927000
2017-03-30,17.237097867766554,17.43518012935037,17.000951299282974,17.092613220214844,34168000
2017-03-31,17.0887270288019,17.166406886024568,16.936474271586274,17.008716583251953,25897000
2017-04-03,17.011820750083455,17.08872422578946,16.830051188190776,16.99628448486328,19210000
2017-04-04,16.947349362700244,17.121352302143816,16.92482281156989,17.008716583251953,12634000
2017-04-05,17.053772429742256,17.12834385363622,16.840930286739187,16.86656379699707,15690000
2017-04-06,16.83316013957163,16.970652991660934,16.74693578348817,16.89530372619629,14615000
2017-04-07,16.89530343053572,17.077073010786464,16.859571202216333,16.953563690185547,16412000
2017-04-10,16.861908204696956,17.01571374853086,16.798986744750916,16.93570327758789,17994000
2017-04-11,16.822285084650726,16.965215482352747,16.625755602607953,16.899187088012695,22219000
2017-04-12,16.75314888167404,16.78965895932748,16.191526041185735,16.25056266784668,61026000
2017-04-13,16.251338947912892,16.621093490543522,16.2350263128683,16.41524314880371,42579000
2017-04-17,16.49758961989911,16.65139515035244,16.48282971763268,16.613330841064453,14507000
2017-04-18,16.550407523273293,16.600899654138363,16.472727663854744,16.55351448059082,8486000
2017-04-19,16.606336060376346,16.68789924044018,16.56594265477997,16.594684600830078,12081000
2017-04-20,16.701105888140436,17.021146194371873,16.64051651704122,16.950456619262695,16916000
2017-04-21,16.889094502606437,16.95978261126086,16.791217178233776,16.907737731933594,14683000
2017-04-24,17.143095647340257,17.237088103747684,17.064639452505176,17.185819625854492,17531000
2017-04-25,17.24641564071177,17.40022113386618,17.240978095220758,17.338077545166016,14848000
2017-04-26,17.360610182888337,17.394788202686804,17.15708887581373,17.220008850097656,14726000
2017-04-27,17.313996356086783,17.407212477692195,17.249522180647205,17.329532623291016,11850000
2017-04-28,17.3093377971105,17.33341708675123,17.071637041823085,17.152423858642578,16490000
2017-05-01,17.251852487725593,17.26505816647197,17.082510733847293,17.192039489746094,15339000
2017-05-02,17.358277460429093,17.51674267112024,17.206024683386314,17.512859344482422,27277000
2017-05-03,17.439838143161303,17.570339234732018,17.365265244195168,17.47013282775879,18002000
2017-05-04,17.498094108908568,17.544702904073834,17.233985011070985,17.35361099243164,16245000
2017-05-05,17.474795341517886,17.593644982327007,17.404107244841374,17.590538024902344,23128000
2017-05-08,17.59597303412004,17.641026132712877,17.389344838156607,17.484113693237305,17448000
2017-05-09,17.526067082927298,17.819696097329853,17.455378973183446,17.74667739868164,19261000
2017-05-10,17.826679827491976,18.131960192543303,17.764536245500917,17.9696102142334,24433000
2017-05-11,17.919122272251876,18.010006330074123,17.729583059245464,17.950969696044922,14823000
2017-05-12,17.981266888781597,18.33626160050237,17.931551123891968,18.32927131652832,25852000
2017-05-15,18.30207996726675,18.63532442895809,18.254694800278582,18.5677433013916,29172000
2017-05-16,18.638435137208166,18.743302731770452,18.541335677237917,18.695919036865234,18128000
2017-05-17,18.487734094646004,18.563083360254033,17.95096836410736,17.95796012878418,31447000
2017-05-18,17.989034982649034,18.535898023856575,17.68608366179433,18.461326599121094,30699000
2017-05-19,18.387529256346934,18.409279439477963,18.02554279570614,18.184785842895508,35812000
2017-05-22,18.29586346873946,18.563858856396198,18.194104339926696,18.517250061035156,20419000
2017-05-23,18.51492270740986,18.559977291481374,18.31994743543527,18.37432289123535,13696000
2017-05-24,18.523468931664368,18.643871304889018,18.4077262535543,18.612022399902344,16392000
2017-05-25,18.72931949678471,18.76427535942647,18.544441461083387,18.70989990234375,19010000
2017-05-26,18.713002669225823,18.767378114132157,18.512589891822554,18.737083435058594,13120000
2017-05-30,18.681937304393063,18.751072671784712,18.56541823753392,18.62911605834961,29364000
2017-05-31,18.838851578882693,18.867592050333077,18.453560653052325,18.602705001831055,44830000
2017-06-01,18.767378880812817,18.788352690882004,18.16225571689234,18.22284507751465,63774000
2017-06-02,19.30647829176293,19.87198599746647,18.96546565674179,19.771778106689453,108613000
2017-06-05,19.730611706881245,19.946560830045385,19.43542997449426,19.59156608581543,39532000
2017-06-06,19.4797024392084,19.83469858712275,19.468050979662493,19.7197322845459,29653000
2017-06-07,19.705750163280367,19.87431406811176,19.65059834124078,19.752357482910156,29290000
2017-06-08,19.80828472318907,19.89373270003489,19.600103807343793,19.804401397705078,28273000
2017-06-09,19.84791103054795,19.88597386088237,18.755735969505302,18.902549743652344,58191000
2017-06-12,18.674166162646692,18.88467769042029,18.31295610505998,18.85049819946289,54872000
2017-06-13,19.028383843928708,19.257538588347124,18.77281774287496,18.871471405029297,30853000
2017-06-14,18.920412027099665,19.0276102067031,18.458995515056355,18.685043334960938,34509000
2017-06-15,18.35895075144367,18.682692836283188,18.35349005233502,18.565677642822266,27527000
2017-06-16,18.639010525084036,18.678016588391205,18.342571883595415,18.429943084716797,35819000
2017-06-19,19.097719381308668,19.097719381308668,18.749792309784105,18.81220054626465,28519000
2017-06-20,18.878505454503692,19.007221759366782,18.710783081553792,18.721704483032227,24429000
2017-06-21,19.001765116553337,19.183529117659393,18.872267621123097,19.12190055847168,34998000
2017-06-22,19.152325380426067,19.22253482871209,18.962760167639736,19.037649154663086,18666000
2017-06-23,18.998645001964466,19.25841966898536,18.940136631076456,19.132822036743164,34985000
2017-06-26,19.18977013610287,19.338769919203646,18.816100421713557,18.937015533447266,32103000
2017-06-27,18.82857667137782,18.877722974602133,18.350374064636846,18.35817527770996,33582000
2017-06-28,18.456473903807836,18.85744716138364,18.293432514812103,18.804399490356445,24533000
2017-06-29,18.621076899249616,18.642138545563014,17.986851285957588,18.25754737854004,34513000
2017-06-30,18.431510708688602,18.464274921172525,18.165494169155785,18.180316925048828,26534000
2017-07-03,18.294213681445246,18.351161220959025,17.87061790559549,17.923664093017578,21123000
2017-07-05,18.02039433584687,18.124147667372924,17.872953903117082,18.06797981262207,29699000
2017-07-06,17.752037282179973,18.389381459826648,17.74735625603299,18.335554122924805,26334000
2017-07-07,18.35584209135459,18.737311593759777,18.353501577705558,18.692846298217773,24731000
2017-07-10,18.762270660911703,18.8738251930919,18.62965299990456,18.860563278198242,22499000
2017-07-11,18.87851127177907,18.925317079976757,18.674902955863015,18.791919708251953,20502000
2017-07-12,18.95651808723897,19.282602329287066,18.805179276714114,19.22331428527832,27710000
2017-07-13,19.277917116415868,19.492445275852038,19.233451837029893,19.292739868164062,20400000
2017-07-14,19.395722925273436,19.533801344030035,19.334874026739495,19.525218963623047,14417000
2017-07-17,19.564218201972967,19.68669414358014,19.41365759089881,19.42613983154297,18746000
2017-07-18,19.28883857698858,19.57513700739112,19.195226992330785,19.57123565673828,13003000
2017-07-19,19.658610058574787,19.856756134143815,19.545494686702142,19.845834732055664,25526000
2017-07-20,19.853641589160745,19.892646182582098,19.685919159175175,19.770170211791992,12135000
2017-07-21,19.62194970128731,19.777189884670047,19.538478325523286,19.745206832885742,15504000
2017-07-24,19.759249448706928,19.789673151598638,19.634432960186658,19.73896598815918,13638000
2017-07-25,19.721020336378352,19.846616473468856,19.516632375528925,19.838035583496094,16123000
2017-07-26,19.86845798678505,20.141494537575653,19.86299728552783,20.049442291259766,19971000
2017-07-27,20.143051394336116,20.164895684590565,19.42067659182724,19.576696395874023,32010000
2017-07-28,19.418340605001447,19.589962875833052,19.30756572970653,19.531455993652344,31919000
2017-07-31,19.57904097557825,19.693717199534692,19.148423727241482,19.242036819458008,18902000
2017-08-01,19.364514751136436,19.502593146322717,19.265440947070893,19.376996994018555,17582000
2017-08-02,19.8614374474157,20.070506431688568,19.585282182494407,19.764705657958984,36970000
2017-08-03,19.721805766978044,19.736627037996424,19.286507373218424,19.525218963623047,23447000
2017-08-04,19.560307763368776,19.578250696971946,19.355921397290977,19.43783187866211,13454000
2017-08-07,19.45500221030404,19.72803875627926,19.41677730217764,19.692934036254883,18730000
2017-08-08,19.6570511789838,19.837255819321108,19.535354905907468,19.608684539794922,20439000
2017-08-09,19.46591504715255,19.53066375754939,19.309115620497305,19.43783187866211,21256000
2017-08-10,19.242036609538264,19.268560442704388,18.758371699567043,18.777873992919922,29033000
2017-08-11,18.726389189423408,19.13126380671433,18.62107649634565,19.047792434692383,16976000
2017-08-14,19.25764252479022,19.600107440871888,19.19055325461875,19.573583602905273,16736000
2017-08-15,19.74597814408214,19.81930775903575,19.601659426812592,19.790443420410156,20942000
2017-08-16,19.8395919119697,19.87235760458458,19.64378635884551,19.76938247680664,15394000
2017-08-17,19.736618336416416,19.834131275801735,19.241253913716854,19.26465606689453,22793000
2017-08-18,19.294303916871336,19.618047654152846,19.200692309704642,19.453445434570312,20126000
2017-08-21,19.65002720173861,19.65002720173861,19.2045887520809,19.472944259643555,20693000
2017-08-22,19.64534940675985,19.985473731346286,19.580600665093783,19.90746307373047,26917000
2017-08-23,19.808392740138295,20.197664903858616,19.767047638031052,20.042423248291016,27928000
2017-08-24,20.178940204715513,20.232767543386927,19.588401805336265,19.896541595458984,52119000
2017-08-25,19.678112877908852,19.84583526472396,19.017365057982314,19.1585636138916,69099000
2017-08-28,19.271681790592464,19.318487595041418,18.91751434882845,18.976022720336914,34174000
2017-08-29,18.82312542804819,19.0797799617627,18.724832772215823,18.857450485229492,33536000
2017-08-30,18.84417887071588,19.217068816304813,18.791131217628866,19.19210433959961,21924000
2017-08-31,19.238919247009477,19.699960255032057,19.15544787175191,19.66407585144043,29491000
2017-09-01,19.68435795593193,19.919169651145854,19.682017442301248,19.71556282043457,23242000
2017-09-05,19.51195001702201,19.715558288864287,19.270118324430268,19.42848014831543,24306000
2017-09-06,19.550175317236775,19.604782326572867,19.32316490305725,19.454221725463867,13996000
2017-09-07,19.4862107038968,19.502592810436937,19.200693352227336,19.233457565307617,16088000
2017-09-08,19.18431038727332,19.221755628573728,18.96432145454568,19.04311180114746,18094000
2017-09-11,19.27480139355812,19.365292811134076,19.19133002807489,19.3262882232666,16878000
2017-09-12,19.476067147859244,19.4823090125722,19.151543748251537,19.279481887817383,18396000
2017-09-13,19.176504366542385,19.339545708603517,19.12423638574437,19.20926856994629,29664000
2017-09-14,19.082892102624953,19.308341673284193,18.975237436633645,19.26465606689453,28645000
2017-09-15,19.317703992867138,19.595420062462193,19.121117273457305,19.545494079589844,50066000
2017-09-18,19.66455301478809,19.803980145069925,19.47343009819178,19.568208694458008,25743000
2017-09-19,19.673961463424934,19.727224489820156,19.45150604550691,19.56351661682129,22088000
2017-09-20,19.561949648003583,19.572915696329776,18.631396782852203,19.026960372924805,57010000
2017-09-21,18.991709923836606,19.010509075054017,18.656461132814524,18.828784942626953,28620000
2017-09-22,18.66899026075591,18.8577646084135,18.651758330418264,18.739486694335938,23100000
2017-09-25,18.57891733779075,18.627481694823693,18.135573731796324,18.447324752807617,38692000
2017-09-26,18.6329617697265,18.795103888282224,18.43165562441437,18.585180282592773,39010000
2017-09-27,18.759856467442695,19.008159754264796,18.687792802559848,18.844451904296875,26489000
2017-09-28,18.760636790808856,19.062204549733686,18.759853928669575,19.029306411743164,21932000
2017-09-29,19.02930681011985,19.13426711142645,18.9172947733652,18.997974395751953,17319000
2017-10-02,19.21494552291269,19.21494552291269,18.779435149924126,18.835832595825195,19431000
2017-10-03,18.805287093868422,18.873433462081465,18.63374613291752,18.759857177734375,25611000
2017-10-04,18.703460244469486,18.981528749071682,18.6039814543268,18.95568084716797,23271000
2017-10-05,19.055148689886998,19.24862165607499,18.984652273833234,19.08648109436035,22811000
2017-10-06,18.822516653170883,19.249411065110003,18.822516653170883,19.248626708984375,17489000
2017-10-09,19.268995093881585,19.366906652799674,19.221213607716454,19.30189323425293,16551000
2017-10-10,19.38883403543488,19.4381812340019,19.03713626738555,19.268207550048828,15348000
2017-10-11,19.20711407624345,19.673956901886086,19.201631053002917,19.613643646240234,26603000
2017-10-12,19.615208426684543,19.682571920688815,19.447583300815896,19.48361587524414,20067000
2017-10-13,19.594064475307388,19.648111857497724,19.38414232735897,19.422523498535156,15257000
2017-10-16,19.47108291631781,19.540796491835458,19.239228729377505,19.321474075317383,14899000
2017-10-17,19.256458657315687,19.264291760020505,18.98230603869324,19.00423812866211,26965000
2017-10-18,19.059853151802518,19.16011477713384,18.783350446553317,19.112333297729492,19905000
2017-10-19,18.863249154412696,19.141317612648844,18.670558986667846,19.135051727294922,25844000
2017-10-20,19.344185213772647,19.347319649771624,19.093531926632558,19.13113021850586,23548000
2017-10-23,19.204765100294008,19.24158054074751,19.01129205738808,19.133485794067383,23418000
2017-10-24,19.196149891174592,19.43662007490206,19.120953282863184,19.400588989257812,22887000
2017-10-25,19.259594831142444,19.498499274684505,19.130352349856373,19.25489616394043,20955000
2017-10-26,19.36847189609287,19.413903300529878,19.093536376953125,19.093536376953125,24446000
2017-10-27,19.15698638820103,19.816517971487624,19.017559215296654,19.80946922302246,44753000
2017-10-30,19.840799894240607,20.537929773798353,19.838449813444953,20.461950302124023,50202000
2017-10-31,20.561426366595274,20.890409248221268,20.467430617268526,20.671871185302734,32845000
2017-11-01,20.69772078615517,20.807381257718955,20.12200032242154,20.30999183654785,27333000
2017-11-02,20.53557856836146,20.729053105151003,19.493799611396508,20.326440811157227,67196000
2017-11-03,20.681268006785775,21.775526927554996,20.139230137955277,21.433229446411133,120503000
2017-11-06,21.799032147090347,22.073184845188393,21.151249455129324,21.73793601989746,78088000
2017-11-07,21.347856033255525,21.501382205679967,20.95620973802647,21.252294540405273,36789000
2017-11-08,21.096413413738688,21.44811121457356,20.932705598593376,21.336883544921875,30254000
2017-11-09,21.04237124424419,21.18023119871765,20.561429369148946,20.807382583618164,30980000
2017-11-10,20.819131385553955,20.88571052983307,20.647590438444546,20.754117965698242,20338000
2017-11-13,20.561425879340927,20.83401130491128,20.48701363781229,20.758031845092773,28064000
2017-11-14,20.624091271127778,20.802682461434888,20.464299232116776,20.62095832824707,19718000
2017-11-15,20.545758571954636,20.91390694319426,20.21129269304342,20.804244995117188,29032000
2017-11-16,20.89824431615708,21.513128814347347,20.8441969419655,21.314172744750977,31000000
2017-11-17,21.28753975446449,21.314172009526,21.025920353121982,21.29458999633789,24069000
2017-11-20,21.35411584351773,21.67761567499021,21.257771515767125,21.53114128112793,28639000
2017-11-21,21.62670177456218,21.791975309289406,21.53348889937084,21.665082931518555,20903000
2017-11-22,21.69876340515606,21.752810766019852,21.47552521533437,21.569520950317383,18642000
2017-11-24,21.671349619034405,22.166390367526013,21.65881635559968,22.118610382080078,11572000
2017-11-27,21.9525531417269,22.377098993775608,21.914171979588243,22.294069290161133,26230000
2017-11-28,22.31286723824187,22.316000180735813,21.68466670085053,21.728530883789062,26796000
2017-11-29,21.77553354959149,21.786499598116222,20.747070587201573,21.266393661499023,47231000
2017-11-30,21.288321136076828,21.802943936688262,21.1559457202038,21.770830154418945,31452000
2017-12-01,21.55698531546567,21.580484620128384,20.6828317993695,21.27108383178711,47729000
2017-12-04,21.455162442427994,21.502942429624454,20.376568187822155,20.64837074279785,48439000
2017-12-05,20.573960659558473,20.844978886808164,20.40085249731768,20.494848251342773,38117000
2017-12-06,20.273955108406295,20.711815536828095,19.911291270243456,20.67030143737793,48751000
2017-12-07,21.531923307050867,21.595369496324636,20.49641044291275,20.67030143737793,79282000
2017-12-08,20.81756264319845,20.909208311661757,20.31077294312162,20.358552932739258,41848000
2017-12-11,20.31391283596014,20.643678691206933,20.270831498540744,20.3616943359375,34941000
2017-12-12,20.315474070046037,20.43453336567992,20.03035536105674,20.263776779174805,28541000
2017-12-13,20.39771812786517,20.623306427735514,20.379701840517004,20.52461051940918,26943000
2017-12-14,20.548892845306035,20.60059013328698,20.107116564018614,20.313905715942383,37595000
2017-12-15,20.494851426343228,20.835583286197174,20.229314687346534,20.814434051513672,45091000
2017-12-18,20.82231815029184,21.013918576272033,20.704833721777565,20.846759796142578,29786000
2017-12-19,20.760812550621655,20.917720615754025,20.60075077369548,20.7923526763916,19094000
2017-12-20,20.98474146972785,21.00129958366593,20.7198101428027,20.945316314697266,19845000
2017-12-21,20.96976205155459,20.993417147496768,20.584982115958045,20.621252059936523,17758000
2017-12-22,20.644124160116615,20.766339938780817,20.398118002157418,20.685914993286133,14617000
2017-12-26,20.28220334350023,20.685908561753166,19.979425933726613,20.350801467895508,22256000
2017-12-27,20.409147338183587,20.627556526681516,20.38233853407578,20.431224822998047,35615000
2017-12-28,20.51322776836702,20.563690162165717,20.386280724111735,20.533727645874023,13641000
2017-12-29,20.482474015079887,20.65436406770644,20.235678429830124,20.256179809570312,17980000
2018-01-02,20.48247696315925,21.091976513488735,20.30901078184125,21.053340911865234,33135000
2018-01-03,21.075422626470715,21.346661448140228,20.97607391665126,21.28358268737793,31161000
2018-01-04,21.414469875940476,21.427874280757976,21.16530856458185,21.290678024291992,19067000
2018-01-05,21.444426917521405,21.624990054502966,21.245728060088236,21.41683006286621,28633000
2018-01-08,21.361638660986877,21.49016182299037,21.214981279212047,21.46808433532715,20971000
2018-01-09,21.53037856232045,21.59266927154127,21.1463866213288,21.17082977294922,26027000
2018-01-10,20.97212853973998,20.984744892190584,20.558174119859096,20.723756790161133,31607000
2018-01-11,20.782105905252035,20.804183395889087,20.622832150251526,20.776586532592773,17726000
2018-01-12,20.767912933547183,20.920089703969648,20.65910158729118,20.838876724243164,19881000
2018-01-16,20.909047011468136,21.052552173880933,20.631500829620126,20.75687026977539,33528000
2018-01-17,20.93270381652249,21.015494395500614,20.536883637539937,20.958723068237305,37365000
2018-01-18,20.93112809396018,21.29383207402223,20.853856879953685,21.273330688476562,30319000
2018-01-19,21.22208016185145,21.244945703576768,20.979226271865535,21.004457473754883,29963000
2018-01-22,20.94610837261749,21.03441832416948,20.549500138737454,20.66698455810547,27230000
2018-01-23,20.637809584533287,20.848335270246103,20.351590301023474,20.72927474975586,35398000
2018-01-24,20.57709956708505,20.758450812777784,20.18522260424192,20.253032684326172,45405000
2018-01-25,20.32241636658174,20.330301398543188,19.47558378561458,19.498449325561523,59520000
2018-01-26,19.666396499037027,19.787034632778457,19.33681027826184,19.7744197845459,49014000
2018-01-29,19.576505214909222,19.671912130125975,19.198822325217876,19.354942321777344,50401000
2018-01-30,19.022203054591422,19.320250627191793,18.687885540329628,19.000913619995117,46002000
2018-01-31,19.712125156154897,19.95970879842458,19.30684391106966,19.556793212890625,80482000
2018-02-01,19.059260758044726,19.38884692161233,18.773828059543288,18.82823371887207,66851000
2018-02-02,18.668959822206556,18.762789130358474,18.457646113934114,18.567245483398438,58352000
2018-02-05,18.504171777179458,19.23903938887666,17.94592408771009,17.985347747802734,70776000
2018-02-06,17.78980352177264,18.955185167284316,17.73303218962774,18.9536075592041,77744000
2018-02-07,18.825867996139603,19.168070508518642,18.687095666637386,18.717058181762695,40475000
2018-02-08,18.717846577291798,18.80694456849152,18.09652028287783,18.10125160217285,43200000
2018-02-09,18.355143478201747,18.696557959843624,17.839474770028822,18.568822860717773,43282000
2018-02-12,18.75490067251441,19.355726965048653,18.726515770471668,19.270570755004883,35063000
2018-02-13,19.003278759165152,19.399098906536224,18.928373218059914,19.38569450378418,23719000
2018-02-14,19.31788082683399,19.605677646437353,19.19803078033734,19.527618408203125,25491000
2018-02-15,19.655357864350083,19.857210476356304,19.27294358065989,19.856422424316406,25540000
2018-02-16,19.812263388748427,19.898995716769,19.557582767835942,19.624603271484375,32639000
2018-02-20,19.613572727924993,20.164723508424455,19.516589669282652,19.682170867919922,41693000
2018-02-21,19.908465703609007,19.985736925863083,19.589916668978756,19.603321075439453,28156000
2018-02-22,19.642743007376872,19.956559165554605,19.575720986112312,19.660877227783203,19342000
2018-02-23,19.880860210217463,20.10873201332014,19.73498941071284,20.00465202331543,18280000
2018-02-26,19.866673799255153,20.062219008633104,19.790980189358503,19.944734573364258,28878000
2018-02-27,19.876918716760617,20.159196199449465,19.844590541967047,19.854841232299805,21176000
2018-02-28,20.033828898210086,20.066155570099067,19.395154924831104,19.433002471923828,28834000
2018-03-01,19.385695899497005,19.6427422222304,19.026935222831156,19.18463134765625,26044000
2018-03-02,18.957542891334565,19.805164805923383,18.94177433546355,19.78072166442871,27402000
2018-03-05,19.704246107525176,19.817788776961958,19.193307102892163,19.474008560180664,25900000
2018-03-06,19.657721959191033,19.81463002585576,19.500813892526303,19.787822723388672,30030000
2018-03-07,19.608833901747403,19.664817169323715,19.265055281142935,19.479522705078125,31549000
2018-03-08,19.574931592090735,19.578085303948843,19.390425161189437,19.47163963317871,33554000
2018-03-09,19.6001649473203,20.0496012707425,19.52525939472199,20.010177612304688,30782000
2018-03-12,20.551866381164682,20.839663287801017,20.47065190332299,20.724544525146484,53881000
2018-03-13,21.00761203360055,21.592668540569957,20.518752025574116,20.596811294555664,66855000
2018-03-14,20.658315229698694,20.685122538496056,20.11820172244112,20.547138214111328,39619000
2018-03-15,20.794715070505926,21.20236198765795,20.77658085324897,21.11247444152832,57990000
2018-03-16,20.737157082967567,20.784467270770776,20.05984898615225,20.096118927001953,113955000
2018-03-19,19.956552246680424,20.223849179195888,19.142048109125888,19.31393814086914,71267000
2018-03-20,19.32577101342944,19.558374190506647,19.024569713208518,19.109725952148438,61918000
2018-03-21,19.24732938348533,20.048167594802212,19.205727339029156,19.680950164794922,54912000
2018-03-22,19.36333670198101,19.738556282974532,19.320935052081595,19.486543655395508,43078000
2018-03-23,19.47134328812561,19.618550435742957,19.233732588554354,19.39933967590332,59070000
2018-03-26,19.814558178536643,19.907362042979123,19.241730800121676,19.819358825683594,48713000
2018-03-27,19.847365119221813,20.340988049413873,19.328939347762482,19.55055046081543,63917000
2018-03-28,19.52734215520368,19.755353025364634,18.84890826433788,18.935312271118164,41744000
2018-03-29,19.04812193585427,19.2681322791161,18.781708895055004,18.85291290283203,46874000
2018-04-02,18.7169073961338,18.890515052404563,18.036074536938305,18.215282440185547,53088000
2018-04-03,18.469693363199063,18.959316645847082,18.17767942743831,18.943315505981445,45569000
2018-04-04,18.40489211898942,19.03452318623636,18.360891266320305,18.960119247436523,37720000
2018-04-05,19.261734881971385,19.335337696847265,18.8009123488129,18.905717849731445,35798000
2018-04-06,18.699304714048452,18.924115708547,18.221681491390754,18.31048583984375,30248000
2018-04-09,18.399293325590833,19.173731283054412,18.341691649926,18.780113220214844,37494000
2018-04-10,19.165723830453732,19.325732157740443,19.013717598079108,19.180925369262695,33244000
2018-04-11,19.050522107063145,19.258532356140215,18.96731800743232,19.226530075073242,19922000
2018-04-12,19.315335587749786,19.412140510084857,18.968918351448128,19.15532875061035,41036000
2018-04-13,20.000970512486205,20.160978886967275,19.592950530917133,19.75615882873535,48312000
2018-04-16,19.928171972960364,19.992175032579222,19.65535898855823,19.950572967529297,25172000
2018-04-17,20.07217420687778,20.2289811295518,19.97216935592055,20.14017677307129,25084000
2018-04-18,20.08096857407385,20.134570707014035,19.797754844764995,19.968162536621094,20511000
2018-04-19,19.48414035125715,19.703351064344254,19.253729146477728,19.429737091064453,50141000
2018-04-20,19.29853968748414,19.328941253578037,18.801715258756083,18.970523834228516,41530000
2018-04-23,19.040124605564987,19.066526644744656,18.570501881497414,18.67690658569336,31337000
2018-04-24,18.860110652365993,18.890512206508642,18.13607665098046,18.272083282470703,44889000
2018-04-25,18.32088851928711,18.48889746357479,18.069676991123842,18.32088851928711,34023000
2018-04-26,18.48089480882794,18.551297691533094,18.26488398736196,18.434492111206055,32751000
2018-04-27,18.686509728861875,18.736911962146387,18.456898029057037,18.623306274414062,27211000
2018-04-30,18.607300603143152,18.730507558265625,18.26648514880417,18.354488372802734,39682000
2018-05-01,18.468894492274536,18.468894492274536,18.10967755637683,18.431293487548828,44947000
2018-05-02,18.66490025719243,18.67610074863007,18.144875478505956,18.30008316040039,52950000
2018-05-03,18.120075440388945,18.231280763431332,17.815260300987653,18.020870208740234,58011000
2018-05-04,17.892868444153134,18.56810111413758,17.759262104583645,18.442495346069336,51303000
2018-05-07,18.50489262391542,18.95291535015801,18.480892441905954,18.878511428833008,36953000
2018-05-08,18.860114048987263,19.117726943443024,18.786511236830133,19.10892677307129,40149000
2018-05-09,18.8649166373843,19.131329729616876,18.72491044444814,19.044925689697266,35031000
2018-05-10,19.179331768778116,19.499347016260785,19.08972780467358,19.481746673583984,25747000
2018-05-11,19.447339996502908,19.560945643739277,19.328933702297398,19.47134017944336,24052000
2018-05-14,19.703353279069248,19.874560596188548,19.504942802843324,19.58174705505371,27580000
2018-05-15,19.38574388453151,19.556151650387832,19.080928639477982,19.327341079711914,24984000
2018-05-16,19.37213419934904,19.37773444483818,19.120121626385384,19.241727828979492,29330000
2018-05-17,19.050522421769433,19.333736204889153,19.04092112690963,19.15692710876465,22825000
2018-05-18,19.189735630301058,19.250538765611722,18.871319532427496,18.8801212310791,25262000
2018-05-21,19.157727877651425,19.24093198373659,18.934517595919523,19.124927520751953,25720000
2018-05-22,19.22013006495661,19.310533608887855,19.007319170347948,19.080123901367188,19218000
2018-05-23,18.899312261487122,19.251329692510197,18.883312648313094,19.245729446411133,23454000
2018-05-24,19.269734517576698,19.549748397343564,19.200930828088314,19.48334503173828,22799000
2018-05-25,19.524146300100984,20.05537323419988,19.524146300100984,20.00337028503418,32214000
2018-05-29,19.89216397530264,20.089773341396718,19.878563157690174,19.976167678833008,28281000
2018-05-30,20.09537510451586,20.163377671756212,19.94736835008754,19.95296859741211,26844000
2018-05-31,19.9417710559701,20.424193522624186,19.920969262282302,20.166582107543945,34698000
2018-06-01,20.35058404020683,20.616997066055774,20.204176510679734,20.50819206237793,26360000
2018-06-04,20.640995123497902,20.749801641920147,20.499388255677502,20.670597076416016,25886000
2018-06-05,20.75780182862044,20.909009998021457,20.64419770921942,20.741802215576172,42374000
2018-06-06,20.860208058086624,21.103420500338565,20.777805087311346,21.082618713378906,37465000
2018-06-07,21.04101902987596,21.319433705833227,21.034619183608896,21.175426483154297,46077000
2018-06-08,20.540193755063886,20.795406299937316,20.30018275144673,20.638599395751953,73694000
2018-06-11,20.629798445308893,20.945014515446264,20.50659301614255,20.86741065979004,31859000
2018-06-12,20.827409677380967,20.93941461483841,20.673001562783643,20.91541290283203,27594000
2018-06-13,20.941811209770815,21.28662765664836,20.857805995682735,21.087417602539062,34868000
2018-06-14,21.201026484053042,21.526641919692885,21.129022875804566,21.477840423583984,37042000
2018-06-15,21.604244260174138,21.74585114300886,21.307429678259837,21.61944580078125,60969000
2018-06-18,21.521040590814756,21.521040590814756,21.139422707049015,21.16102409362793,30191000
2018-06-19,20.755642052261443,21.17156605025904,20.60565054297463,21.156970977783203,36221000
2018-06-20,21.201564911168482,21.405878929585118,21.139946422224035,21.178863525390625,24951000
2018-06-21,21.208049608369443,21.288314771008338,20.95346782411865,21.051570892333984,18186000
2018-06-22,21.175611130827093,21.201555339086216,20.99562076975564,21.056428909301758,52412000
2018-06-25,20.789691996707298,20.789691996707298,20.30404170576084,20.46538543701172,29705000
2018-06-26,20.512414936857677,20.64294946772718,20.313777786602525,20.39404296875,24233000
2018-06-27,20.43863742541236,20.687543948764358,20.013795123176834,20.034875869750977,24720000
2018-06-28,19.967574362054464,20.05189422318274,19.64245593041435,19.855688095092773,33238000
2018-06-29,20.021897232348373,20.021897232348373,19.666781395257342,19.672456741333008,42794000
2018-07-02,19.465714539595094,19.638407458523222,19.24923948961744,19.624624252319336,33369000
2018-07-03,19.73083029428094,19.733262806114116,19.377335138561577,19.400848388671875,11591000
2018-07-05,19.603541767475594,19.913254828076767,19.513546554447977,19.896228790283203,25299000
2018-07-06,19.855690097448203,20.155674665364707,19.816772996631208,20.081083297729492,23112000
2018-07-09,20.18810594629305,20.206754176093966,19.906769587455564,20.060815811157227,17955000
2018-07-10,20.13459807815737,20.4151241535329,20.030009314646794,20.31458854675293,16413000
2018-07-11,19.859740848437806,20.06972861242566,19.67002040630594,19.737314224243164,35761000
2018-07-12,16.789370534991534,17.048815841152543,16.0094124261182,17.024492263793945,435083000
2018-07-13,17.228807054533156,17.350421853870174,16.36939405328,16.414796829223633,161678000
2018-07-16,16.34506636087396,16.73261359572919,16.25831398735278,16.478843688964844,102277000
2018-07-17,16.394530092402828,16.9523379073564,16.378314371331598,16.889097213745117,110827000
2018-07-18,16.800716717926143,17.016381382640606,16.752881444454616,16.927196502685547,80834000
2018-07-19,16.887472541906757,17.146107509569447,16.867203668609886,17.05611228942871,63247000
2018-07-20,17.034219661690628,17.124214873567624,16.925576222099966,17.052867889404297,62893000
2018-07-23,17.059351266471836,17.726612569025555,17.058540944719628,17.570945739746094,82211000
2018-07-24,17.658516101636838,17.86850396146312,17.512577709210845,17.621219635009766,81158000
2018-07-25,17.6512155106934,18.53819486055691,17.6512155106934,18.32090950012207,92271000
2018-07-26,18.363871634797224,18.628992162880422,17.96416349224303,18.094697952270508,85069000
2018-07-27,18.16199908692816,18.590085705408512,17.842557473299085,17.922012329101562,79443000
2018-07-30,17.926877145385763,18.48711737874132,17.922012120600893,18.25766944885254,75275000
2018-07-31,18.378467004944355,18.55359391354753,17.96173278824972,17.98038101196289,63860000
2018-08-01,18.10118619001065,18.156317448918838,17.528785132786787,17.577430725097656,42669000
2018-08-02,17.37231102777066,17.69580731755256,17.289613344368092,17.540950775146484,40312000
2018-08-03,17.492303292138217,17.67472467848436,17.38284953248109,17.659320831298828,24832000
2018-08-06,17.563647766816683,17.699856045738198,17.501218972310987,17.58959197998047,22638000
2018-08-07,17.77363984174088,17.98606014973748,17.605000110316514,17.86201286315918,29798000
2018-08-08,17.88066462031619,17.936606221464984,17.7517522843116,17.793100357055664,15801000
2018-08-09,17.84904546407426,17.857153324392755,17.507712740671632,17.559602737426758,27563000
2018-08-10,17.253937952607533,17.389335934854653,17.06340715407056,17.206912994384766,37017000
2018-08-13,17.15988879804628,17.348797397766816,17.06259605210519,17.11367416381836,29842000
2018-08-14,17.154214731243602,17.154214731243602,16.769910289143905,16.807205200195312,36327000
2018-08-15,16.63127106561131,16.829908200597416,16.439929921305346,16.74883270263672,41132000
2018-08-16,16.84530917712262,16.93368218899331,16.75774648702245,16.919898986816406,29239000
2018-08-17,16.86152182428561,17.122587657147317,16.662072909504552,16.966920852661133,39093000
2018-08-20,16.983958233362277,17.02611818216544,16.69046078248563,16.76018714904785,54489000
2018-08-21,16.825041791293376,17.14286115190575,16.791800038784018,17.067461013793945,29952000
2018-08-22,17.062597547417113,17.164753779796104,16.817745790624382,16.826663970947266,26890000
2018-08-23,16.84206860270547,16.95152236661596,16.643429946775512,16.668563842773438,35578000
2018-08-24,16.73018309893822,16.966926997523903,16.59478511090117,16.945035934448242,20541000
2018-08-27,17.046382720822592,17.38041939112041,16.91503942845209,17.26691246032715,28213000
2018-08-28,17.401496685952992,17.509329804842515,17.234479142257573,17.385282516479492,24340000
2018-08-29,17.416091517802275,17.496356681439924,17.305825888409185,17.43068504333496,18125000
2018-08-30,17.429063433766437,17.588784990919294,17.39987638172884,17.56527328491211,26529000
2018-08-31,17.51500636190138,17.7817476385707,17.500411288742328,17.758235931396484,27623000
2018-09-04,17.722558980997917,17.8603894618958,17.604187048284555,17.790664672851562,36663000
2018-09-05,17.83282124691615,17.982812712296813,17.802822335273873,17.952003479003906,37194000
2018-09-06,17.958489410092835,18.065510633339247,17.343928471296255,17.510135650634766,62509000
2018-09-07,18.177406105375162,19.086276642606347,18.161190385400744,18.856828689575195,104703000
2018-09-10,19.025464120456558,19.535436489768855,18.81385412629588,19.507871627807617,60880000
2018-09-11,19.2719392191865,19.434091752405923,18.680079457424593,18.854393005371094,60755000
2018-09-12,18.493597275829035,18.71655792094869,18.066324210501108,18.63872528076172,53077000
2018-09-13,18.946818906742443,19.395174321426083,18.738451754150443,19.087081909179688,43757000
2018-09-14,19.066005833689207,19.222483030978,18.946822005013146,19.16167640686035,28095000
2018-09-17,19.458416298762454,19.482739875845663,18.99708948107138,19.039249420166016,36739000
2018-09-18,19.196082810422926,19.718869247968097,19.185463301928337,19.582454681396484,50511000
2018-09-19,19.642900028109416,19.807904355703567,19.585718906860073,19.75072479248047,31160000
2018-09-20,19.84875500286268,20.097895971069384,19.74501533863653,20.007225036621094,39986000
2018-09-21,20.121581459593454,20.320895141708,20.027643355551835,20.266164779663086,135321000
2018-09-24,20.262078993231118,20.42953412714102,20.201632237769097,20.37643814086914,45326000
2018-09-25,20.338047199833156,20.368269799131635,20.078286778890792,20.22940444946289,47037000
2018-09-26,20.06521333327414,20.262076190796225,19.99659785418149,20.048059463500977,33428000
2018-09-27,20.069300864433828,20.24819190963458,20.00558537053922,20.13138198852539,29572000
2018-09-28,20.05704773629078,20.173857652695947,19.91899880343389,20.154253005981445,26739000
2018-10-01,20.24819263505169,20.5961731931813,20.23103876262445,20.38134002685547,27709000
2018-10-02,20.351117743704908,20.561049377804654,20.251461681660984,20.266164779663086,24888000
2018-10-03,20.324156146314756,20.53000257183196,20.17957287019024,20.37398338317871,19607000
2018-10-04,20.148536813412786,20.399310539306057,20.110961886430452,20.271881103515625,25660000
2018-10-05,20.289852641026496,20.425449250140304,19.80055595943509,19.950040817260742,33860000
2018-10-08,19.874891138095688,20.047247840767287,19.635553309959185,19.716421127319336,33397000
2018-10-09,19.652701505457568,20.07256464889216,19.63473123079794,19.988428115844727,24675000
2018-10-10,19.843851000322346,20.01865848274881,18.921622263576992,18.937143325805664,56327000
2018-10-11,18.948578798933628,19.245096206085567,18.55812173065588,18.697803497314453,37424000
2018-10-12,19.176483640850574,19.250817105492597,18.71496023073416,19.02863311767578,32589000
2018-10-15,18.871793602299967,19.22304135294272,18.790924231205096,18.98941993713379,30099000
2018-10-16,19.27776888024232,19.503219989626395,19.129100433088233,19.4672794342041,30355000
2018-10-17,19.583273780995338,19.583273780995338,19.107863785114287,19.373340606689453,20262000
2018-10-18,19.231202080220328,19.344744789243492,18.504202180204505,18.625913619995117,37442000
2018-10-19,18.787651629960983,18.87668815085237,18.53687797156082,18.647151947021484,32231000
2018-10-22,18.833402497257584,18.986154556462505,18.627556002264072,18.6749324798584,25619000
2018-10-23,18.20033669962028,18.750080096823318,17.87441159063704,18.710054397583008,35990000
2018-10-24,18.493585488615512,18.494403452434987,17.794358855200873,17.86542510986328,37810000
2018-10-25,17.961002220530283,18.247718088973986,17.901371863606247,18.153779983520508,35193000
2018-10-26,17.608930667267646,17.753513941791,17.088595094946417,17.411252975463867,53324000
2018-10-29,17.659580633259466,17.863794300138633,17.009364704306808,17.27647590637207,28636000
2018-10-30,17.462711723272665,18.098224279366587,17.23562632386742,18.05329704284668,29697000
2018-10-31,18.37922653427454,18.43395532544525,18.110481013227282,18.255882263183594,28146000
2018-11-01,18.392299434882784,19.133186246754256,18.274671545684285,18.777854919433594,36830000
2018-11-02,18.40618383980671,18.458461856496108,17.787007023613437,18.0336971282959,40241000
2018-11-05,17.890755195560434,18.060661153188963,17.457005159926887,17.978158950805664,27609000
2018-11-06,17.995305420788565,18.719038255085106,17.947927398020664,18.644704818725586,29464000
2018-11-07,18.9502051862887,19.21976708232317,18.723119757448334,19.14706802368164,29004000
2018-11-08,19.00902136008237,19.818523549466875,19.00902136008237,19.624929428100586,29796000
2018-11-09,19.19608751313552,19.524463486826324,18.99514099851836,19.52201271057129,33611000
2018-11-12,18.869342090846025,18.94040835575212,17.99367352423065,18.26732063293457,50306000
2018-11-13,18.419253575829668,18.772952066802485,18.16031113759292,18.365341186523438,26697000
2018-11-14,18.522994709334018,18.830947984699534,18.429873026636194,18.477251052856445,25411000
2018-11-15,18.47888430054938,19.548146970019395,18.449478108698994,19.3055419921875,36694000
2018-11-16,19.099700645834417,19.539168655454578,18.922443910893836,19.40928840637207,36005000
2018-11-19,19.321063141800018,19.692731949173655,18.668396444021933,18.716590881347656,35326000
2018-11-20,18.292638762735397,18.712503479890994,18.181546813545847,18.60059356689453,32123000
2018-11-21,18.805625153528958,19.058033224988954,18.584257642593002,18.787654876708984,19926000
2018-11-23,18.589973274306764,19.007385640434304,18.589973274306764,18.779483795166016,8066000
2018-11-26,19.132370390285693,19.45339398198268,18.914270036073255,19.221406936645508,28714000
2018-11-27,19.080090980646847,19.471364437457318,18.98533647578951,19.263883590698242,30406000
2018-11-28,19.31860979460198,19.441137665488498,18.919985621795018,19.214052200317383,31080000
2018-11-29,19.136453759149468,19.492603056568598,19.013107910345596,19.259798049926758,17920000
2018-11-30,19.228759836801956,19.464012512907438,19.06457187229113,19.392946243286133,40083000
2018-12-03,20.029274886511217,20.179576143278677,19.724587227538446,19.77359962463379,35241000
2018-12-04,19.644533792359514,19.696813365574897,18.916717376569498,18.95429229736328,36455000
2018-12-06,18.480516691852692,18.563018859403257,17.77557054655222,18.56220245361328,57859000
2018-12-07,19.118485574859694,19.464013842889667,18.338389367651114,18.670032501220703,78396000
2018-12-10,18.620202137643997,19.630650958669616,18.502574243330287,19.54324722290039,43344000
2018-12-11,19.887147856180935,20.449143744029765,19.883879115717107,20.163244247436523,57730000
2018-12-12,20.62067659838006,21.253738586417317,20.584736043845755,20.828157424926758,68703000
2018-12-13,21.112425982871464,21.360748938211493,20.795485977556655,21.099355697631836,54355000
2018-12-14,20.859195586410934,21.36809682874061,20.7995652463105,20.815902709960938,42727000
2018-12-17,20.747286392810512,21.346040544938987,20.67295296164279,20.75872230529785,56238000
2018-12-18,21.055891265979916,21.097990333299354,20.53832732560131,20.609315872192383,51849000
2018-12-19,20.554013164573597,21.126059254934805,20.019114519127736,20.1322021484375,59728000
2018-12-20,20.17429415882355,20.512733493767026,19.683143201825963,19.96710205078125,75365000
2018-12-21,19.967106682053345,20.780187542722874,19.967106682053345,20.21639633178711,102138000
2018-12-24,19.976185268311013,20.116513901063602,19.27536711328331,19.299304962158203,28494000
2018-12-26,19.62784607656716,20.51274224047943,19.274548562878394,20.48302459716797,36741000
2018-12-27,20.22382567844131,20.738088006700135,19.987744047876248,20.70672035217285,37507000
2018-12-28,20.884195280106702,21.30187962655326,20.73231020634835,20.932897567749023,28702000
2018-12-31,21.28289899175379,21.338204509510806,20.714979482098794,20.989858627319336,26590000
2019-01-02,20.54162922801738,21.024523910815898,20.34682007764626,20.926294326782227,30346000
2019-01-03,20.187506158146075,20.350947661149547,19.012874563850072,19.064878463745117,68580000
2019-01-04,19.339752304737537,19.51805179139239,19.123480377385956,19.25225257873535,54248000
2019-01-07,19.28692257442837,19.830902448287887,19.04836438294307,19.64434814453125,53433000
2019-01-08,19.820172885612866,19.96793132674628,19.263811531686134,19.48668670654297,36795000
2019-01-09,19.68067060222476,20.36250261156652,19.63361990794272,20.329484939575195,52971000
2019-01-10,20.27087728205529,20.683608436858897,20.17099767772168,20.596935272216797,29594000
2019-01-11,20.589511410171614,20.877597011206838,20.580430012902184,20.683612823486328,20158000
2019-01-14,20.480545295292856,20.766980807022236,20.29811757733268,20.708372116088867,25498000
2019-01-15,20.86438294092549,21.645271093962187,20.80247421720331,21.17228126525879,39247000
2019-01-16,21.230883770806496,21.243266772418426,20.748814226553772,20.776880264282227,24484000
2019-01-17,20.641511455880458,21.243273570130246,20.530898861267556,21.07653045654297,35154000
2019-01-18,21.39020142364927,21.622156408126834,21.21437852202658,21.529705047607422,34634000
2019-01-22,21.296922394317704,21.41743979012105,21.041029574019813,21.32086181640625,37156000
2019-01-23,21.424054014420886,21.53714165844072,20.937856024818245,21.25731086730957,31771000
2019-01-24,21.551992436247506,22.01920403911946,21.462017671652333,21.755056381225586,35999000
2019-01-25,21.888778290211047,22.147972704960598,21.537130950476936,22.117431640625,30333000
2019-01-28,21.590795007378578,22.19255718257493,21.350585142684256,22.09102439880371,31320000
2019-01-29,22.068738215310443,22.089374460839966,21.778174462165257,21.983715057373047,27870000
2019-01-30,22.2874826886389,22.59703105931444,22.070385694947348,22.35517120361328,28727000
2019-01-31,22.33370923160213,22.370030091568776,21.986189971290113,22.143028259277344,21063000
2019-02-01,22.21732145309341,22.254465749963263,21.865673976279652,22.02416229248047,22878000
2019-02-04,22.081111416790936,22.46412641478039,21.870619271741383,22.462474822998047,20761000
2019-02-05,22.449271207682884,22.66966979769293,22.280051505174118,22.2874813079834,22619000
2019-02-06,22.557408169991735,23.11294457930364,22.514484092272077,22.800094604492188,27064000
2019-02-07,22.5235625607259,22.664717790627567,21.982059206879224,22.212364196777344,28646000
2019-02-08,22.067086951757997,22.641609671462597,22.044799113498343,22.622623443603516,23903000
2019-02-11,22.65068636897409,22.782760213444945,22.558233418288953,22.759647369384766,18012000
2019-02-12,23.001504026430865,23.14513427297032,22.870255209075918,23.06258773803711,19809000
2019-02-13,23.11294186085142,23.291241370579304,22.945373762902364,23.22190284729004,19190000
2019-02-14,23.162471268906305,23.347375589016483,23.026270810635587,23.23676300048828,16015000
2019-02-15,23.450556361912334,23.450556361912334,23.01306082175021,23.27225685119629,17352000
2019-02-19,23.207870417447253,23.346549042004256,23.12532387952308,23.249969482421875,15152000
2019-02-20,23.381218872879543,23.660224571912135,23.30114893382452,23.39525032043457,16150000
2019-02-21,23.380388594046554,23.38946841285933,23.02461462187984,23.190532684326172,13254000
2019-02-22,23.108819256507548,23.112945875515457,22.672148651690815,22.824033737182617,27225000
2019-02-25,23.17733460995703,23.181462804015275,22.9874786188404,22.997385025024414,19245000
2019-02-26,22.94206846439153,22.948673257270475,22.6548079947015,22.70020866394043,27211000
2019-02-27,22.553283862664884,22.70847056545362,22.252815287832735,22.410478591918945,29146000
2019-02-28,22.28500516262334,22.758820024445303,22.174394148163895,22.729928970336914,31460000
2019-03-01,22.925569431053987,22.96106371215043,22.380764334895225,22.514488220214844,19035000
2019-03-04,22.700211411854983,22.83063522561836,22.35847041259849,22.691131591796875,17382000
2019-03-05,22.74148521827527,23.149264731401363,22.661415276230933,22.866130828857422,21699000
2019-03-06,22.837240660904392,22.85952849603792,22.327104926119496,22.3989200592041,19973000
2019-03-07,22.302337293115254,22.314720296661363,21.798806424825617,21.916847229003906,25411000
2019-03-08,21.59079105289468,21.854938725002977,21.395981908548166,21.80788803100586,22167000
2019-03-11,21.865670834931212,22.332882477847768,21.796332304957716,22.209888458251953,27161000
2019-03-12,22.26766843876543,22.289956271111294,21.814489861805928,22.25693702697754,23324000
2019-03-13,22.32957942192004,22.54172319123517,22.206585410289456,22.387361526489258,32089000
2019-03-14,22.46000557194225,22.474038596129997,22.113311309722345,22.138900756835938,43094000
2019-03-15,23.646197297858574,24.72672765890845,23.401860802803302,23.96234893798828,144066000
2019-03-18,23.957394393588576,24.51458085046889,23.955742801322906,24.255386352539062,56746000
2019-03-19,24.281800394872803,24.844765053445492,24.27767220150105,24.706912994384766,51556000
2019-03-20,24.81851507081224,24.9017989982664,24.176398515869643,24.23802947998047,41263000
2019-03-21,24.308816823619708,24.932611442142846,24.235527802415298,24.71857261657715,27379000
2019-03-22,24.645284815029083,24.68859232988188,24.2688431815043,24.372947692871094,23307000
2019-03-25,24.33546534909923,24.500366825429186,24.068958105152852,24.332134246826172,23878000
2019-03-26,24.51618713735824,24.94093357669318,24.504527487245415,24.737720489501953,28009000
2019-03-27,24.78269244588954,24.87513726146001,24.357113660675786,24.649438858032227,21862000
2019-03-28,24.74439005867258,25.25991509589231,24.624460839361152,24.907625198364258,33030000
2019-03-29,25.086687475801334,25.207449085226038,24.84183315417953,25.044212341308594,24493000
2019-04-01,25.24409491751516,25.547245926719,24.96426162820287,25.467294692993164,27040000
2019-04-02,25.498102932404553,25.597211559640904,25.202446573018037,25.239091873168945,22857000
2019-04-03,25.503098125215384,25.60137277685671,25.136649921627278,25.33486557006836,22266000
2019-04-04,25.380675222893206,25.48477971389071,25.12416128687685,25.15164566040039,15228000
2019-04-05,25.318218165489668,25.35486347643046,25.13499478780345,25.341537475585938,18875000
2019-04-08,25.329869971599667,25.426479873641114,25.151644098020398,25.358186721801758,13899000
2019-04-09,25.199950889601887,25.32737469434205,25.00923137174119,25.27240753173828,11621000
2019-04-10,25.284900583869895,25.632193031224954,25.234929281891667,25.610538482666016,14992000
2019-04-11,25.663837172940614,25.83373449185126,25.503931571365904,25.768774032592773,16669000
2019-04-12,25.93034860167317,26.437545094196395,25.865386543357285,26.403398513793945,30087000
2019-04-15,26.403399608123514,26.44420998370403,26.08192517123484,26.35093116760254,16216000
2019-04-16,26.650752492443516,26.651584870968417,26.325946954764625,26.525827407836914,21116000
2019-04-17,26.670741833221477,26.729043283111636,26.470862948234856,26.694896697998047,18138000
2019-04-18,26.737362956904,26.8547918492448,26.497506136399164,26.535816192626953,26548000
2019-04-22,26.427551275532874,26.475022264973152,26.167706224312756,26.234333038330078,13504000
2019-04-23,26.380912706453202,26.49167940766207,26.16687388737554,26.287633895874023,19777000
2019-04-24,26.199352226790747,26.40173137847217,26.08358808605563,26.178531646728516,23335000
2019-04-25,26.063601238411344,26.063601238411344,25.532251493214492,25.96949005126953,26732000
2019-04-26,25.74712534827591,25.897034491866354,25.410658579551175,25.852062225341797,16404000
2019-04-29,25.9211882080084,26.20684971157111,25.85456139132636,26.04444694519043,13404000
2019-04-30,26.094414063025038,26.519158958417695,26.028619635410024,26.517494201660156,18953000
2019-05-01,26.69239480014189,26.917260915162366,26.541651678234384,26.559141159057617,18158000
2019-05-02,26.64908606125003,26.833144967723182,26.170206307045465,26.302627563476562,20428000
2019-05-03,26.23017243795817,26.37175463185675,25.875383780386944,26.293466567993164,19214000
2019-05-06,25.55057114682313,25.978648712721466,25.430641948539773,25.948665618896484,14371000
2019-05-07,25.705485747857907,25.7862709503173,25.295729908342405,25.592220306396484,21734000
2019-05-08,25.426481930845313,25.623031264373942,25.244090973563253,25.267410278320312,15099000
2019-05-09,24.98508578332743,25.47229419361801,24.72274193781998,25.323217391967773,22282000
2019-05-10,25.254085290250874,25.434811497852476,24.706912396527304,25.314882278442383,21025000
2019-05-13,24.47038400855805,24.625292169789223,24.002330011277905,24.433738708496094,37864000
2019-05-14,24.626125757770687,25.368181603787747,24.608636279531513,25.15164566040039,34277000
2019-05-15,25.00756690836208,25.63219390787592,24.86931582747603,25.349029541015625,18166000
2019-05-16,24.964258228267976,25.243257512490796,24.543675178742035,24.759380340576172,34233000
2019-05-17,24.383768960126414,24.449563389047512,24.01981944932633,24.14307975769043,39094000
2019-05-20,23.152835313236892,23.31523963355452,22.37330188285034,22.702272415161133,65162000
2019-05-21,23.077051364042003,23.301085076532875,22.873839821406133,22.93047332763672,25060000
2019-05-22,22.526544833049474,22.907983813019293,22.4007858036886,22.421607971191406,31809000
2019-05-23,22.03517680022593,22.110964551868552,21.501328258897416,21.66123390197754,46607000
2019-05-24,21.878598898064933,22.13178012814071,21.298944250073603,21.315601348876953,27963000
2019-05-28,21.368066425027337,21.464676312109447,20.828389852014364,21.19400405883789,61965000
2019-05-29,21.049100191450513,21.351418838212258,20.952491849849654,21.164031982421875,28132000
2019-05-30,21.209003317723237,21.43220309524441,21.164031046186167,21.37224006652832,17310000
2019-05-31,21.074081403778944,21.29894590102064,20.904182477533787,20.957483291625977,22192000
2019-06-03,21.033272921577154,21.514652991099794,20.92084145710996,21.085742950439453,28911000
2019-06-04,21.400551333769666,22.153436043425963,21.300611911789787,22.128450393676758,36805000
2019-06-05,22.404117320063506,22.612326290875515,21.853613385807634,22.130115509033203,23651000
2019-06-06,22.238385137144522,22.902988501230453,22.0934718605406,22.718931198120117,32687000
2019-06-07,22.884667739526865,23.142014071711912,22.75974107091564,22.892162322998047,25963000
2019-06-10,23.047070331433485,23.716669581837703,23.04623795294477,23.336896896362305,23280000
2019-06-11,24.193048143380718,24.297985001752593,23.270266197669773,23.609230041503906,37105000
2019-06-12,23.458491161644787,23.58258386385791,23.103702534534943,23.296920776367188,27057000
2019-06-13,23.445994721490358,23.560092506227484,23.10369819026241,23.453489303588867,37735000
2019-06-14,21.496328551664185,22.327498123756595,21.44302615067427,22.147605895996094,100797000
2019-06-17,22.056824947379425,22.378300920507936,21.765333658545362,22.150936126708984,35785000
2019-06-18,22.332499697414594,23.57092652881953,22.191749880329475,23.157007217407227,54920000
2019-06-19,23.217798592333526,23.241950273400718,22.795550831797215,23.110363006591797,28920000
2019-06-20,23.528447990407628,23.773302280992844,23.082880883775324,23.24028778076172,57291000
2019-06-21,23.257943472139203,23.627064712890032,23.03512647416404,23.037649154663086,45399000
2019-06-24,23.166295454684192,23.496737744474526,23.12257273320804,23.475717544555664,20506000
2019-06-25,23.472351278564467,23.785136364979657,23.208332664360483,23.24953269958496,24436000
2019-06-26,23.42358453839457,23.881831916217912,23.383224859702967,23.664058685302734,24774000
2019-06-27,23.789346060326707,24.253479254199096,23.730488851568396,24.023094177246094,21813000
2019-06-28,24.203868865966797,24.324947917482092,23.948260207887614,24.203868865966797,49265000
2019-07-01,25.36587988119916,25.70809518527798,24.916040906279132,25.254051208496094,44832000
2019-07-02,25.130453597817695,25.280959642442966,24.711723897054974,24.83196258544922,19011000
2019-07-03,23.854086287344032,24.28122275699837,23.796909807021596,23.954143524169922,49411000
2019-07-05,23.84988971191736,24.000397403524133,23.70863238648981,23.76664924621582,24565000
2019-07-08,23.542980792702576,23.643038024854743,23.071279663290984,23.11920738220215,34291000
2019-07-09,22.99224435708348,23.204972239057717,22.904798916301488,23.16713523864746,26131000
2019-07-10,23.36304277549622,23.44207980378195,23.03848626312227,23.080528259277344,30134000
2019-07-11,23.14274871263847,23.32857064884097,22.950200698481456,23.21169662475586,20712000
2019-07-12,23.238612058690446,24.041596078916292,23.238612058690446,23.996191024780273,21971000
2019-07-15,24.476295741451068,24.76133299935443,24.154260235952545,24.24422836303711,30334000
2019-07-16,24.130719636080823,24.19798524707382,23.743942773805774,23.89024543762207,14617000
2019-07-17,24.010481068542415,24.155943364400734,23.811206928675915,23.970121383666992,15453000
2019-07-18,24.062608954826214,24.409027665671356,23.86249287915289,24.365304946899414,19357000
2019-07-19,24.537671170701977,24.64949983721303,24.34428118922244,24.383800506591797,22047000
2019-07-22,24.636052292565804,25.223787218494596,24.572151326822613,24.900911331176758,33905000
2019-07-23,25.18258323398033,25.423057389095113,25.158198391913718,25.290206909179688,19692000
2019-07-24,25.32552928268969,25.634951437046468,25.26667046541653,25.5416202545166,19006000
2019-07-25,25.403722248626075,25.403722248626075,25.17417913508748,25.25741958618164,15741000
2019-07-26,25.35831327674996,25.47855034864622,25.269185520482576,25.301977157592773,14996000
2019-07-29,25.32803973514877,25.439028035180215,24.96900927946083,25.370922088623047,12068000
2019-07-30,25.14810626496966,25.302817284231615,24.98078184485878,25.187623977661133,11164000
2019-07-31,25.22714703172668,25.294412632513634,24.10381005522001,24.382963180541992,20819000
2019-08-01,24.310650419280524,25.041323214354488,23.738051694168895,23.991979598999023,21911000
2019-08-02,23.717036596333887,23.865861939483743,23.199089953866153,23.41938591003418,20080000
2019-08-05,22.866120463901616,22.890505305326467,22.20439557342654,22.505409240722656,27765000
2019-08-06,22.71309612096252,22.885464346918962,22.244757927847264,22.40283203125,22199000
2019-08-07,22.20019391847767,22.930866837726086,22.113588827707897,22.70636749267578,22244000
2019-08-08,22.73411235942897,22.917411636037546,22.07154549439733,22.784561157226562,29163000
2019-08-09,22.666845857111845,23.589226319435003,22.666845857111845,23.183950424194336,30735000
2019-08-12,22.986356719689947,23.39247296822323,22.915728085812557,23.176382064819336,20040000
2019-08-13,23.14779819885461,24.00543423297156,22.87284846392575,23.854087829589844,22340000
2019-08-14,23.44124716033488,23.55559854078511,22.73411707076784,22.83333396911621,27108000
2019-08-15,22.870326680673408,22.935909959739362,22.269139673035646,22.587810516357422,20010000
2019-08-16,22.882942735693003,23.18563879688358,22.868648612471116,23.019996643066406,17458000
2019-08-19,23.50094633145753,23.548872458732564,23.17386703131401,23.440406799316406,17489000
2019-08-20,23.388270907271053,23.960029296802347,23.291576709591254,23.574092864990234,17920000
2019-08-21,23.93312696054775,24.23750371925973,23.883518514052444,24.173601150512695,19381000
2019-08-22,24.248429820954204,24.334192933110003,23.92555400366845,24.183685302734375,12294000
2019-08-23,23.878472265402927,24.00375471740613,22.79044952279122,22.881258010864258,25742000
2019-08-26,23.28653019252117,23.370612587466766,23.122570404433315,23.309232711791992,14249000
2019-08-27,23.471513174724613,23.56147969080372,23.115003734853882,23.17049789428711,14298000
2019-08-28,23.0662343637568,23.241125220479578,22.741677848247935,23.21169662475586,17202000
2019-08-29,23.668265636897946,24.004593647469576,23.631268994426605,23.826339721679688,16429000
2019-08-30,23.993663982618337,24.03906902850178,23.534576180992204,23.76496124267578,16720000
2019-09-03,23.54298382814779,23.614452830688755,22.780359662693517,23.042695999145508,22210000
2019-09-04,23.441241866381255,23.908738006496886,23.391633428410604,23.79690933227539,19865000
2019-09-05,24.24591654690462,24.693233006053035,24.24591654690462,24.469573974609375,20938000
2019-09-06,24.53935390060135,24.661273298028927,24.32494530834798,24.54439926147461,13748000
2019-09-09,24.80421842736982,24.989198462024603,24.41744155389016,24.603261947631836,21686000
2019-09-10,24.49731600996814,24.757970028174867,24.284588113746356,24.757129669189453,20850000
2019-09-11,24.915199433234587,25.12204157315858,24.76637412799864,25.05729866027832,19260000
2019-09-12,25.3448588080852,25.420532801602906,24.927811484889794,25.27338981628418,33109000
2019-09-13,25.02703086732745,25.055619108411772,23.870061895990588,24.410709381103516,62557000
2019-09-16,24.11474165940534,24.406506590035328,24.02225085491514,24.271133422851562,22176000
2019-09-17,24.21731732956989,24.324942595010352,23.85828685974585,24.285423278808594,21912000
2019-09-18,24.256839283875454,24.44770499650587,23.869220535119993,24.193777084350586,16510000
2019-09-19,24.257677914375016,24.547760483296198,24.150893003735213,24.437612533569336,19421000
2019-09-20,24.41046307523794,24.472407757505206,23.914055906907503,24.121105194091797,35524000
2019-09-23,24.066798152848424,24.36718771973948,23.936120809176703,24.222932815551758,14850000
2019-09-24,24.38076592809946,24.51483726083879,23.738407622444015,23.955638885498047,20292000
2019-09-25,23.059561788754205,23.52287564947447,22.911064793969413,23.40068244934082,55588000
2019-09-26,23.35739513575919,23.645904842173294,23.138467772343187,23.497407913208008,27477000
2019-09-27,23.473654794709013,23.868234305940245,23.162233586336182,23.26236343383789,28660000
2019-09-30,23.402378406901512,23.481294640122275,23.123202460215094,23.426137924194336,19826000
2019-10-01,23.61281681002631,23.729918196765432,23.197871788077844,23.32261085510254,19429000
2019-10-02,23.204661498393648,23.23351118091203,22.768502853581133,22.91699981689453,19543000
2019-10-03,22.911058396017356,23.292910016682473,22.675159453893922,23.286970138549805,17096000
2019-10-04,23.631481798717743,23.9038680679173,23.35230594212875,23.880956649780273,25884000
2019-10-07,23.76046578735017,23.846169980182065,23.394737593558755,23.426982879638672,18658000
2019-10-08,23.255575402013072,23.326853947132186,22.818568648822303,22.939064025878906,22757000
2019-10-09,23.22332548352866,23.327697386854375,23.082464604743116,23.17835235595703,16329000
2019-10-10,23.297997726145613,23.656089796491443,23.220779318569573,23.288663864135742,17340000
2019-10-11,23.716340490145164,24.10582981237155,23.68239902113258,23.836835861206055,23697000
2019-10-14,23.795258632811347,23.984486667307255,23.749437403171143,23.900480270385742,13312000
2019-10-15,23.983636237474204,24.660785608050972,23.946299165540335,24.63532829284668,21230000
2019-10-16,24.52331777403006,24.616659641109496,24.314572328986184,24.47919273376465,20046000
2019-10-17,24.620055608940365,24.753278832059706,24.46561876482039,24.5598087310791,13125000
2019-10-18,24.56574503421345,24.603080483821905,24.09903734765,24.3306941986084,16981000
2019-10-21,24.4757980334647,24.76939956559008,24.35869665724182,24.571685791015625,13031000
2019-10-22,24.57338330956587,24.68115082890923,24.373973341018342,24.392641067504883,13046000
2019-10-23,24.01079098051619,24.060007811730767,23.65439664165991,23.786771774291992,20957000
2019-10-24,24.004854104372914,24.05661683556392,23.64930943120942,23.955638885498047,16896000
2019-10-25,24.036249088488166,24.724428564005535,24.032855103205673,24.59290313720703,20869000
2019-10-28,24.706607228887226,24.818616827987135,24.46561810544158,24.739702224731445,12999000
2019-10-29,24.80164799739884,24.922143373687653,24.444403945407224,24.452041625976562,13272000
2019-10-30,24.60902641412212,24.6904885396584,24.312880545050223,24.628543853759766,17281000
2019-10-31,24.59120147111695,24.954385353699088,24.421490904191,24.850011825561523,27881000
2019-11-01,24.861890477086952,25.16737174987793,24.78552015888921,25.16737174987793,21234000
2019-11-04,25.416000147393788,25.920043308665136,25.380360879086304,25.881010055541992,34075000
2019-11-05,25.881011877503077,26.880612499128418,25.836038743162685,26.648107528686523,38711000
2019-11-06,26.48008915678847,26.668469056265884,26.195823124547292,26.57343101501465,18076000
2019-11-07,26.778784903401526,27.111419696680244,26.360445923161432,26.452938079833984,23981000
2019-11-08,26.29425883713685,26.610771813176317,25.89204328844837,26.594648361206055,17830000
2019-11-11,26.407123163677923,26.580227762125457,26.3765740556904,26.53864860534668,9154000
2019-11-12,26.644712624649202,26.8483662873598,26.581919857066346,26.7745418548584,16875000
2019-11-13,26.515736815598743,26.789820980962944,26.475007369666532,26.616716384887695,12625000
2019-11-14,26.36893810195549,26.461430281102782,25.975206630116872,26.217893600463867,17268000
2019-11-15,26.497910778580877,26.564947238493485,26.312076758186723,26.55221939086914,18120000
2019-11-18,26.459730422006583,26.59465145790815,26.13812724023526,26.396089553833008,15850000
2019-11-19,26.869582927949228,27.634982409401633,26.869582927949228,26.958681106567383,31743000
2019-11-20,26.805940733809354,26.88485695792806,26.220435405132424,26.44700050354004,19927000
2019-11-21,26.40202726532256,26.788969085455488,26.28831986148092,26.750783920288086,19317000
2019-11-22,26.86873128808262,27.10972201736657,26.620104497462982,26.722780227661133,13216000
2019-11-25,26.86619040033785,27.169127479314895,26.837340714312347,27.121606826782227,19636000
2019-11-26,27.06899083321606,27.169122288156476,26.818666242103518,26.83733558654785,30793000
2019-11-27,26.979049499425464,27.14876010264118,26.85431041762417,27.02147674560547,20182000
2019-11-29,26.886549958676746,26.966314265017555,26.729567239180888,26.832242965698242,9229000
2019-12-02,26.96037585797657,26.978195492753777,26.35280885534116,26.36638641357422,23158000
2019-12-03,25.950595718747714,26.220436158705013,25.722332811956583,26.009994506835938,18736000
2019-12-04,26.284080088646686,26.42154540050259,26.06175704842987,26.28153419494629,14439000
2019-12-05,26.35535796361739,26.51403851274938,26.225528717690423,26.40627098083496,15494000
2019-12-06,26.699022702021747,26.84327758999099,26.480093667353614,26.818668365478516,16937000
2019-12-09,26.81442691237469,26.912010865550716,26.63962291723721,26.676959991455078,24694000
2019-12-10,26.73805317971703,26.806785822186807,26.581070459226517,26.73465919494629,14563000
2019-12-11,26.744843181727614,27.268402193171834,26.744843181727614,27.130088806152344,20829000
2019-12-12,27.13093795352062,28.01598311013281,27.105482255567324,27.815723419189453,38935000
2019-12-13,26.989232245551563,27.134335244448053,26.357905610865,26.765213012695312,70952000
2019-12-16,26.981590243723804,27.798749142828697,26.944253173634102,27.419445037841797,37921000
2019-12-17,27.47120559245284,27.573879694741375,27.302341508021232,27.47629737854004,20248000
2019-12-18,27.527211145353732,28.1042306512691,27.455084516362014,27.785173416137695,35155000
2019-12-19,27.935372964243566,27.9396134226727,27.468663577745186,27.501758575439453,31787000
2019-12-20,27.640615454086735,27.640615454086735,27.164036938901198,27.343181610107422,50540000
2019-12-23,27.475190529652355,27.628621691162234,27.22404362468194,27.38861656188965,20254000
2019-12-24,27.428898980743813,27.487186071192042,27.344040026695925,27.471755981445312,7024000
2019-12-26,27.537754683266435,27.57804163460194,27.15632184331087,27.255752563476562,15848000
2019-12-27,27.368897677523556,27.373182723504982,27.019178415453077,27.131465911865234,14487000
2019-12-30,27.130609092873613,27.200037954672858,26.807461695208296,26.86832046508789,13104000
2019-12-31,26.839177842105315,27.116894933723994,26.81174929630775,27.087751388549805,12487000
2020-01-02,27.37060943435405,27.64318477363139,27.199179812040505,27.63375473022461,20329000
2020-01-03,27.215464830055925,27.42889640102461,26.92146262851091,26.930891036987305,22870000
2020-01-06,26.644608102383643,26.90775510600453,26.540035627793518,26.89061164855957,20789000
2020-01-07,27.021749430820996,27.13575192374902,26.76460417114199,26.798032760620117,18565000
2020-01-08,26.8271759126978,26.870891227463318,26.43545634884657,26.463743209838867,31979000
2020-01-09,26.770604731927094,26.828033503150998,25.976023804253632,26.251169204711914,42397000
2020-01-10,26.18174517332889,26.190316901716685,25.61173749721564,25.64773941040039,40705000
2020-01-13,25.71630767930251,26.040310134524873,25.686305817077336,25.815736770629883,22054000
2020-01-14,25.8860222731313,26.498886823051954,25.850878684848833,26.415742874145508,28911000
2020-01-15,26.34117612757039,26.390033180536307,25.77459682123242,25.983741760253906,22733000
2020-01-16,26.14317327279347,26.38831849266276,26.0754577627981,26.318889617919922,21508000
2020-01-17,26.4568875204797,26.480887703193684,26.063454552512766,26.46803092956543,26896000
2020-01-21,26.383171079169962,26.5297438431096,26.257168497108104,26.406312942504883,21967000
2020-01-22,26.640323288602854,27.25061631892954,26.614608102210372,26.826326370239258,29264000
2020-01-23,27.01575309025099,27.41175775999783,26.642035239805487,27.398900985717773,30266000
2020-01-24,28.32890653187382,28.421480522485904,27.49489701331414,27.771759033203125,55782000
2020-01-27,27.121181406892394,27.41861363205906,26.455173093545387,26.488601684570312,38843000
2020-01-28,26.874320466181214,27.36289744928387,26.809176650448897,27.284038543701172,23166000
2020-01-29,27.499184298908272,27.894330592480202,27.183751955844336,27.215465545654297,23668000
2020-01-30,26.942035047575054,27.04489413697372,26.450886369837164,27.017465591430664,21128000
2020-01-31,26.92831869785527,26.96431896655287,26.02487871228334,26.15688133239746,22123000
2020-02-03,26.19716712133869,26.280311067662755,26.026594183006367,26.16288185119629,21288000
2020-02-04,26.725177687313032,26.96346614849224,26.54174631918508,26.708890914916992,22559000
2020-02-05,27.21460599742077,27.412609099337566,27.074033293767826,27.204320907592773,24825000
2020-02-06,27.329471259387066,27.418615264019245,26.934323284336934,27.402328491210938,22683000
2020-02-07,27.28489508165049,27.302036899233563,26.989176248610306,27.020034790039062,15883000
2020-02-10,26.77488984918847,26.966034616299083,26.59746017198249,26.93174934387207,19218000
2020-02-11,27.141754631972407,27.496614013422132,27.08689590306372,27.44261360168457,15527000
2020-02-12,27.60375542084769,27.865187361051852,27.56861183211774,27.83176040649414,15310000
2020-02-13,27.55575633837254,27.896905515587562,27.510329291397937,27.769187927246094,13857000
2020-02-14,27.843766599674513,27.91748052207695,27.180328218932186,27.23775863647461,19137000
2020-02-18,27.000319569120286,27.001176251274273,26.404598494177588,26.636030197143555,26693000
2020-02-19,26.82888658765885,27.15717730424924,26.717457423898093,27.05946159362793,20525000
2020-02-20,26.911175750525608,27.059463508594156,26.23916745245047,26.50659942626953,25521000
2020-02-21,26.443172175640324,26.52460112761886,25.910879877930626,26.100311279296875,24522000
2020-02-24,25.217445046301833,25.61173469973339,24.86258403123546,24.994585037231445,36849000
2020-02-25,25.209727057945702,25.348586410625284,24.092000413973217,24.23000144958496,31892000
2020-02-26,24.37314911578282,24.7031532713794,24.343148886627663,24.50429344177246,23074000
2020-02-27,24.026000917185428,24.455434130412865,23.446564937169384,23.481708526611328,34837000
2020-02-28,22.571415682258472,23.497141085565023,22.520843629685437,23.36771011352539,44586000
2020-03-02,23.722568582727753,24.463149100732295,23.241705010118054,24.42629051208496,31976000
2020-03-03,24.398863420522215,24.727152564828447,23.277706668090765,23.507423400878906,29930000
2020-03-04,23.78942555155919,24.490577428057648,23.55199378999125,24.46743392944336,23477000
2020-03-05,23.765429420507505,24.265149891820077,23.35313959554988,23.489425659179688,24374000
2020-03-06,22.884270751323097,23.22284657864571,22.500266246618164,23.09598731994629,30169000
2020-03-09,21.521398424422113,22.309122606846437,20.93596241237585,21.233394622802734,43934000
2020-03-10,21.99369139275677,22.601412617357646,20.863106262078865,22.534555435180664,55071000
2020-03-11,21.761405392138965,21.985122097866277,20.785107970651342,21.083396911621094,36030000
2020-03-12,19.45651419401346,20.808244100923076,18.54193248536515,18.752792358398438,64281000
2020-03-13,19.32965994567917,20.097669039937013,17.242490983286462,20.07624053955078,84714000
2020-03-16,17.844216595077295,18.754511924485026,15.44847325548044,16.078479766845703,76935000
2020-03-17,16.441911135389905,17.143919778442584,15.55561606815247,17.101062774658203,70662000
2020-03-18,15.913905331212238,16.06990652401957,13.343303387195418,14.389030456542969,98993000
2020-03-19,14.369315698685506,17.783356606934266,14.14302731397833,16.667343139648438,74438000
2020-03-20,17.6088055864322,18.19111592259036,16.380547511179145,16.75625991821289,74044000
2020-03-23,16.813791266878216,17.08315365433427,15.494874103057693,16.865222930908203,46921000
2020-03-24,17.926109199191703,19.06545201332687,17.546910198971727,18.546775817871094,62970000
2020-03-25,18.49708595734293,21.270035968899762,18.238185177164993,18.96432876586914,64442000
2020-03-26,19.703555016614327,21.33977808747254,19.703555016614327,21.19768714904785,60213000
2020-03-27,20.311142652717677,21.10353910481555,20.049626451036808,20.10977554321289,39448000
2020-03-30,20.241409261834438,21.03990792009246,19.913641863532476,20.93094253540039,52343000
2020-03-31,20.747001861220095,22.02930667825527,20.577889088803293,20.668546676635742,50191000
2020-04-01,19.87441504372312,20.434061454530486,19.150013683029975,19.49434471130371,41858000
2020-04-02,19.3871129816611,20.742642069485576,19.30429992230237,20.665058135986328,45049000
2020-04-03,20.628447665145355,21.143635486907552,20.097569139135448,20.420978546142578,28960000
2020-04-06,21.32059992224889,22.090330776284194,21.23168480713558,22.005773544311523,38868000
2020-04-07,22.82518786730036,23.144237706593156,22.013614222344764,22.078121185302734,45892000
2020-04-08,22.383230342932396,22.85657526876395,22.110381297595715,22.76068687438965,27565000
2020-04-09,23.169525180875077,23.31858939607178,21.907270363003242,22.16791534423828,34828000
2020-04-13,22.09817353185188,22.797295264294704,22.037153201274965,22.657819747924805,25729000
2020-04-14,23.198285015988397,23.395294207933915,22.867031108012856,23.32991600036621,23094000
2020-04-15,22.751961551360054,22.867028914829405,22.330046776853095,22.441627502441406,25926000
2020-04-16,22.81821783952527,22.81821783952527,22.15134872867757,22.515729904174805,26896000
2020-04-17,22.945490880862174,23.312485813705944,22.57239225157047,23.1773681640625,34089000
2020-04-20,22.664795355840756,23.123320788959795,22.482605589330188,22.51485824584961,23801000
2020-04-21,22.190579244277437,22.210629497633278,21.514123035050776,21.588218688964844,29138000
2020-04-22,22.20887990262755,22.858314083718003,21.857575740377033,22.66217613220215,35438000
2020-04-23,22.686592994550274,23.118096653964475,22.535784607947985,22.57152557373047,21659000
2020-04-24,22.648233549303555,23.106758985332807,22.5671629601082,23.084095001220703,23373000
2020-04-27,23.043993372317384,23.64286721744078,23.043993372317384,23.401399612426758,16588000
2020-04-28,23.906130462516188,24.09529518435939,23.023947578030313,23.07712173461914,18988000
2020-04-29,23.63066577398334,24.145853696355335,23.469397492293812,24.061296463012695,28871000
2020-04-30,23.844233410236242,23.889563034035618,23.431907251105432,23.677734375,23379000
2020-05-01,23.187829626517967,23.349097898538638,22.507885161438086,22.638643264770508,26836000
2020-05-04,22.59592920775594,22.876624424592773,22.256829047921325,22.861804962158203,17046000
2020-05-05,23.23576967010688,23.44411001656833,22.988200072109873,23.089319229125977,26462000
2020-05-06,23.39093866693529,23.57835920687668,22.9803566320785,23.029172897338867,22727000
2020-05-07,23.536513848206106,23.57748558823982,23.187825086694442,23.340375900268555,18238000
2020-05-08,23.728294371307133,24.02032237825552,23.53913134557498,23.974992752075195,16757000
2020-05-11,23.830289189544047,24.124059718237937,23.689069505617194,24.00724983215332,20851000
2020-05-12,24.110111721898843,24.209486744735198,23.38135102412933,23.401399612426758,18764000
2020-05-13,23.542621979307405,23.56528762758361,22.60900743302891,22.939390182495117,21927000
2020-05-14,22.74848600306065,23.270647274900885,22.20714571950667,23.240137100219727,19912000
2020-05-15,22.614233447914515,23.018713457983875,22.383227427118705,22.70053482055664,21650000
2020-05-18,23.41622133080501,24.123189357714914,23.362174268771007,23.84423828125,26531000
2020-05-19,23.84423403258353,24.062164730074876,23.676862086383966,23.706501007080078,18702000
2020-05-20,24.14410863868485,24.522436375519014,24.066524691808656,24.29317283630371,18605000
2020-05-21,24.314100820959155,24.364661252793532,23.941875018229894,23.9549503326416,14847000
2020-05-22,23.86254495713105,24.16851957197094,23.58097847893482,24.1162166595459,17452000
2020-05-26,24.844103329034215,25.02629310087933,24.529411300327368,24.58432960510254,23573000
2020-05-27,24.67150340556974,25.088187541672955,24.40824303012621,25.069881439208984,22812000
2020-05-28,24.844100314657968,25.218941392451676,24.620067577019885,24.68195915222168,18543000
2020-05-29,24.661040736237922,25.454308413181792,24.574739360909852,25.39067268371582,27300000
2020-06-01,25.316576234827643,25.375854083544596,25.050700485006292,25.27909278869629,18444000
2020-06-02,25.369752128066654,26.00523820224345,25.287810295144997,25.982572555541992,31847000
2020-06-03,26.2432183700247,27.097506441125656,26.19614624967301,26.982439041137695,31926000
2020-06-04,26.65292881633729,27.284926600164816,26.334748488904197,26.92664909362793,34997000
2020-06-05,27.868977469693363,28.602097665340654,27.46711453363554,27.640586853027344,50958000
2020-06-08,27.677203297877305,27.79401485001168,27.31631038707341,27.67894744873047,23916000
2020-06-09,27.197752592276,27.79749765175776,27.16026748688381,27.487163543701172,22335000
2020-06-10,27.603101709628422,27.82626152346308,27.433114376525953,27.462753295898438,25914000
2020-06-11,26.815938064982454,26.897008650717474,25.576349039835748,25.60685920715332,45115000
2020-06-12,26.39751760427399,26.496023069208032,25.51795001236078,26.173484802246094,39439000
2020-06-15,25.71582795137249,26.740101789448524,25.49005102081596,26.508224487304688,29824000
2020-06-16,27.023405718497763,27.420039510116933,26.50037172689422,27.086170196533203,30387000
2020-06-17,27.32154190551274,27.608339189730078,27.179452623668205,27.323286056518555,20279000
2020-06-18,27.208211044654444,27.81841764963499,27.155908143926727,27.782676696777344,33625000
2020-06-19,27.97819627160989,28.015185667650822,26.665067672729492,26.665067672729492,58465000
2020-06-22,26.905497974974534,27.669948830836994,26.73200057846819,27.613584518432617,27195000
2020-06-23,27.747451330425342,27.957057897974607,27.415425322073965,27.416305541992188,22419000
2020-06-24,27.231356326445372,27.38724090938329,26.818306444623513,27.03495979309082,19096000
2020-06-25,26.95482096203943,27.256020824726004,26.685324137781485,27.200536727905273,15029000
2020-06-26,27.61622586167524,27.810860288263225,26.69853277977591,27.073711395263672,31425000
2020-06-29,27.1318385874085,27.337924277573006,26.81302427333575,27.282440185546875,14516000
2020-06-30,27.29741438960632,27.924475386653288,27.01558776907617,27.7958927154541,25125000
2020-07-01,27.751856263380247,27.905098531492847,27.472673665019624,27.54224967956543,15661000
2020-07-02,27.9843591230349,28.127913917082687,27.712221672213893,27.783559799194336,16638000
2020-07-06,28.18251793116541,28.26970673595276,27.94825009237748,28.075952529907227,17561000
2020-07-07,27.94824944528241,28.020467790855573,27.526392309136845,27.57659339904785,16150000
2020-07-08,27.84256399219874,28.168423384671385,27.66466216000875,28.14464569091797,18023000
2020-07-09,28.183403805346412,28.56386717494688,27.764188914838748,28.31463050842285,25225000
2020-07-10,28.35073496076955,28.445849107496603,27.7809185416742,28.13319969177246,13280000
2020-07-13,28.33047929363579,28.493410706675142,27.35289921444566,27.417190551757812,21549000
2020-07-14,27.212864358678566,27.849612771179245,26.878196004796568,27.74921226501465,18363000
2020-07-15,27.825833631428747,27.986122690645214,27.316787656990847,27.634721755981445,15253000
2020-07-16,27.35554089385431,27.64353073487426,27.240168241523307,27.419832229614258,12929000
2020-07-17,27.667311434359284,27.760665152754193,27.301818541129283,27.540489196777344,13354000
2020-07-20,27.464740962206935,27.975548976812913,27.324708742106818,27.929752349853516,14323000
2020-07-21,28.114704460315483,28.114704460315483,27.536962713205565,27.684040069580078,14312000
2020-07-22,27.743043815755843,27.802052139958,27.33439840410887,27.636478424072266,14404000
2020-07-23,27.59861389525269,27.838164755832693,27.159142231052442,27.27275276184082,19417000
2020-07-24,27.001494129138454,27.38195741523134,26.78924355052649,26.93103790283203,15631000
2020-07-27,27.15209947666777,27.562507119075384,27.080763016193618,27.5378475189209,20646000
2020-07-28,27.4057408992815,27.487646715592025,26.96362687905516,27.068431854248047,13974000
2020-07-29,27.17235456949288,27.410143315894693,27.076356835157096,27.200536727905273,16562000
2020-07-30,26.949534859767557,27.55986157238642,26.949534859767557,27.48676300048828,21259000
2020-07-31,27.715745628955116,28.041606746414406,27.425113466814256,27.896289825439453,24719000
2020-08-03,28.006376936897933,28.489883079175772,27.942967506953227,28.29084587097168,20796000
2020-08-04,28.22655591189936,28.93904697414273,28.21687013218724,28.921432495117188,25258000
2020-08-05,28.90910194887608,29.202376465818645,28.693330465719892,29.0227108001709,22299000
2020-08-06,28.866828594954114,29.14072820021213,28.658982446084508,28.989246368408203,14193000
2020-08-07,28.921429905526,29.039443208850173,28.31286197229095,28.704774856567383,14192000
2020-08-10,28.55417873291442,28.998931722863123,28.54008513414091,28.830718994140625,11989000
2020-08-11,28.849210437211006,29.35561572545631,28.42559285380101,28.53744125366211,19316000
2020-08-12,28.697732830189924,29.581080659502987,28.65457853165713,29.383800506591797,18471000
2020-08-13,29.257855996473726,29.363539491788757,28.8738684866339,29.01214027404785,15095000
2020-08-14,28.888838380265454,29.050009319068817,28.710936545432226,28.871227264404297,10140000
2020-08-17,29.020069642833953,29.220870663553733,28.97515490700095,29.091407775878906,10594000
2020-08-18,29.22703777446402,29.343290652138382,28.89941450119151,28.943449020385742,8857000
2020-08-19,29.016544326295634,29.335358644001,28.908220160411148,28.993648529052734,11273000
2020-08-20,28.859783355572656,29.062344823936833,28.716226864052892,28.960182189941406,8910000
2020-08-21,28.9135030099827,29.103734652718632,28.622869187158056,29.06498146057129,11508000
2020-08-24,29.240243266347893,29.608376762040727,29.163620459927994,29.415504455566406,11996000
2020-08-25,29.503580265029207,29.687647055204053,29.3274388154038,29.603979110717773,11140000
2020-08-26,29.48067660871808,30.076914770449946,29.37235243899711,29.91486358642578,14844000
2020-08-27,29.98707855851845,30.05841668339924,29.60397125916218,29.86818504333496,12552000
2020-08-28,29.855862251097594,30.36842918395996,29.741369808400176,30.36842918395996,14589000
2020-08-31,30.25393673426235,30.875711360554302,30.25393673426235,30.573631286621094,22229000
2020-09-01,30.824631503560962,31.88764158360189,30.597410444853825,31.66482162475586,29205000
2020-09-02,32.22142652280465,33.375149659640975,32.01974528082374,33.02727127075195,37053000
2020-09-03,32.234646895475144,32.48916826820686,30.838728577537267,31.008705139160156,41795000
2020-09-04,31.79075608458531,32.80884782736844,31.13286908277274,31.965133666992188,58514000
2020-09-08,31.058897899430384,31.947530361891964,30.824631719684724,30.872190475463867,26685000
2020-09-09,31.367137937666516,31.868258461551413,30.92150149431232,31.70796775817871,26273000
2020-09-10,31.89292991193559,32.39493084222967,31.211263298206227,31.44817352294922,22851000
2020-09-11,31.74936193057596,32.08138619743451,31.236791825483525,31.67890739440918,17362000
2020-09-14,32.09373168360335,32.224074809342405,31.648095064440618,31.89909553527832,16447000
2020-09-15,32.26018015275143,32.684678000706185,32.17651221922026,32.31390380859375,16618000
2020-09-16,32.425746259397506,32.76217501203461,32.26457532149859,32.32534408569336,18498000
2020-09-17,31.264983596863882,32.59660860077746,31.264983596863882,32.22671127319336,22862000
2020-09-18,32.33238318484305,32.39579259012363,31.269373589314014,31.681541442871094,35295000
2020-09-21,31.10653667265222,31.279839299817255,30.52619425475419,31.264732360839844,24198000
2020-09-22,31.671789640628127,32.154371173221335,31.367840301540344,32.13570785522461,19500000
2020-09-23,32.01038616887298,32.10192284601948,31.110099217406034,31.246963500976562,15542000
2020-09-24,31.123435651551702,31.778431556131093,31.024786216606305,31.329620361328125,13611000
2020-09-25,31.287855957952093,31.79176551807924,30.952801106014086,31.710002899169922,18183000
2020-09-28,32.143697353828934,32.74359150416943,31.908183630308024,32.643165588378906,22192000
2020-09-29,32.66004439365983,32.954216109742916,32.34898585819436,32.372982025146484,13722000
2020-09-30,32.256565248204026,32.97199564298895,32.146365249234776,32.37832260131836,22403000
2020-10-01,32.79246776211258,32.94621886282404,32.422754524592214,32.758697509765625,16016000
2020-10-02,31.994391326825802,32.43164852361007,31.652230577956235,31.712661743164062,17100000
2020-10-05,32.06904739607518,32.603177577452406,31.98550829522835,32.536521911621094,18923000
2020-10-06,32.53739997293613,33.0608642702853,32.1739078674143,32.34809875488281,16672000
2020-10-07,32.73648445985526,32.870684032151296,32.53296448904626,32.59339904785156,12747000
2020-10-08,32.87334001195802,33.26438465990724,32.732922762436935,33.1790657043457,17045000
2020-10-09,33.410136891071296,33.77185253536114,33.2386141145859,33.47856903076172,17253000
2020-10-12,33.930933869397556,34.22510220575373,33.753186612810325,33.98781204223633,18839000
2020-10-13,34.16378725274887,34.465064976113,33.648320480629316,33.904273986816406,16731000
2020-10-14,34.08646598160242,34.1042410486502,33.58077668142185,33.79851531982422,17298000
2020-10-15,33.331939382366976,33.815409100665434,33.329271257124695,33.76564025878906,14361000
2020-10-16,34.063359479944324,34.063359479944324,33.607438992332,33.651878356933594,10295000
2020-10-19,33.882053669402566,34.092682933382605,33.340814301044404,33.39591598510742,14803000
2020-10-20,33.50612142970984,33.87316654106089,33.377254744007494,33.50434494018555,13297000
2020-10-21,33.395922020460866,33.49279495499345,32.91067249317791,33.06531524658203,11896000
2020-10-22,32.979112466062595,33.26617154829903,32.62628257180581,33.18263244628906,13547000
2020-10-23,33.17285120203517,33.23328575677075,32.95066793157905,33.12485885620117,8868000
2020-10-26,32.84757568938627,32.87956945827843,31.781986889926948,32.26456832885742,15509000
2020-10-27,32.454750777547446,32.454750777547446,31.925065350396274,31.95883560180664,9620000
2020-10-28,31.461146949624222,31.537576679437237,30.70839005250027,30.857696533203125,22331000
2020-10-29,30.86214115113079,31.944616526614773,30.6941679700711,31.550907135009766,15697000
2020-10-30,31.051439637410265,31.371384040094615,30.60974128934378,31.072771072387695,18530000
2020-11-02,31.55357660758131,31.58468212572745,30.959012003234765,31.216745376586914,11757000
2020-11-03,31.63445920101027,31.92685114780268,30.808825302392965,31.4398250579834,15457000
2020-11-04,32.03705110925395,32.79247288867626,31.740214579112852,32.40587615966797,21277000
2020-11-05,33.09286864896172,34.00737449185172,33.06176312336166,33.84918212890625,21783000
2020-11-06,33.7762968148097,34.0980177097181,33.52033993439541,33.82695388793945,13545000
2020-11-09,34.58060173409352,35.006304932796596,33.32837655410064,33.37548065185547,24088000
2020-11-10,32.91156847906859,33.16752203493186,32.026388278243736,32.27256774902344,26784000
2020-11-11,32.95955654314115,33.517682891135415,32.75426007899619,33.40925598144531,15133000
2020-11-12,33.525672641387224,33.647429977496486,32.730256245535486,32.90089416503906,12160000
2020-11-13,33.327487024411404,33.5345633292872,33.02354118353011,33.194175720214844,10997000
2020-11-16,33.31060724288823,33.893618022961604,33.23862210682551,33.843849182128906,12100000
2020-11-17,33.65276563038605,33.98870524827309,33.5079003576813,33.82518005371094,11950000
2020-11-18,33.76207472795524,34.21088581831372,33.738081948773115,33.82695388793945,13517000
2020-11-19,33.56922905352443,34.20200867690368,33.26972776237821,34.156681060791016,14555000
2020-11-20,34.15489788394522,34.55838139331406,34.01181249400536,34.06780242919922,16140000
2020-11-23,34.24910520903089,34.585048235175485,34.03847590537756,34.39397048950195,12212000
2020-11-24,34.53794340675594,34.91032141613918,34.32109300330558,34.8587760925293,13455000
2020-11-25,34.91298763523641,35.149389583350455,34.571715165668024,34.734352111816406,11787000
2020-11-27,34.94054502350429,35.47556347510336,34.927214567758575,35.10051727294922,6846000
2020-11-30,35.017856645094646,35.74128454586619,34.90409689998421,35.68973922729492,15454000
2020-12-01,35.856829231663795,36.143000066054796,35.55999267703829,35.95547866821289,18181000
2020-12-02,35.97058524808418,36.030131563499474,35.6479760313745,35.88082504272461,10031000
2020-12-03,35.9492570315291,36.139446551741266,35.380468351070704,35.531551361083984,16120000
2020-12-04,35.76262200938406,36.65135512364039,35.7617303742177,36.587364196777344,20083000
2020-12-07,37.00774484775758,37.579201781993845,36.734904411153984,37.40589904785156,19707000
2020-12-08,37.26280330382322,37.922240400408775,37.1632656288669,37.62984848022461,18121000
2020-12-09,37.279684070854984,37.86891587416391,36.76422066381421,36.990848541259766,20908000
2020-12-10,36.5660266755826,36.904634365471864,36.26118923508997,36.44160461425781,26244000
2020-12-11,35.904817752059024,36.17143699774187,35.39646028817278,36.066566467285156,26664000
2020-12-14,36.129659825426494,36.82020569424079,36.08255573235527,36.5980224609375,26116000
2020-12-15,36.90730170354349,37.272570320846306,36.703781777375134,37.15436935424805,21207000
2020-12-16,37.149043856586566,37.962235477642984,37.05661553044545,37.762271881103516,23160000
2020-12-17,37.9044580567339,38.216401448123634,37.73115541924031,37.8689079284668,17152000
2020-12-18,38.075063742383016,39.04755455563383,37.824099253578865,38.949859619140625,45243000
2020-12-21,38.37533338586972,38.720413049679394,37.97647755979861,38.440765380859375,19096000
2020-12-22,38.44075467629212,38.85932853990819,38.36187866270165,38.81899642944336,17929000
2020-12-23,38.989294397588345,39.078923591768046,38.10015870449121,38.134220123291016,10533000
2020-12-24,38.40579733167184,38.72040215273202,38.32333806537786,38.672000885009766,4123000
2020-12-28,38.93013403589342,39.19275432789535,38.644215762278634,38.70964431762695,10625000
2020-12-29,39.063701128978025,39.063701128978025,38.253441177956226,38.455108642578125,9593000
2020-12-30,38.690837138606476,39.258198261185356,38.550115770123384,38.97407150268555,10553000
2020-12-31,39.10672428057098,39.30301344549871,38.814528357535224,39.244754791259766,10211000
2021-01-04,39.37739965528717,39.63822495905319,37.75598423526054,38.11271286010742,24171000
2021-01-05,38.0974798751637,38.486474905547766,37.85995937968404,38.370853424072266,15069000
2021-01-06,37.940618465320576,38.95164972573672,37.69323723936156,38.134220123291016,17226000
2021-01-07,38.72578856422602,39.84885822615633,38.59492800279483,39.741302490234375,21267000
2021-01-08,40.06486545869572,40.33286067142296,39.31645102007075,39.94296646118164,15271000
2021-01-11,39.49211946816079,40.22439888489206,39.475088760106296,39.95371627807617,11660000
2021-01-12,40.13387524042987,40.760394015499564,39.939377777990984,40.279075622558594,13846000
2021-01-13,40.36064006773093,40.646561772912,40.16435097401692,40.442203521728516,13118000
2021-01-14,40.648363669555124,41.09561731248959,40.45296693701823,40.51929473876953,19692000
2021-01-15,40.170636603302576,40.33376355806836,39.49661558366544,39.961795806884766,18165000
2021-01-19,40.179588061335714,41.18434864381113,40.179588061335714,41.16462707519531,18819000
2021-01-20,41.18703900095418,41.74902168707926,40.78190912764692,41.39856719970703,14710000
2021-01-21,41.419178553765875,42.07885955850343,41.26591242310024,41.841339111328125,15749000
2021-01-22,41.563494455864216,41.90677906103444,41.44338707037583,41.68001174926758,16248000
2021-01-25,42.086932202356,42.12636850489294,40.878712484350274,41.659393310546875,14692000
2021-01-26,41.46758784302545,41.86016954248389,41.39857259638884,41.57693862915039,10742000
2021-01-27,40.83031009536418,40.957583971344896,39.57279332394809,39.85871505737305,21857000
2021-01-28,40.82941305689914,41.09382158585921,40.067551193136794,40.48971176147461,16946000
2021-01-29,40.324794403612174,41.05976479416981,40.12133194568591,40.378570556640625,22069000
2021-02-01,40.85809005067218,42.06541380609948,40.65552684460907,41.83416748046875,17027000
2021-02-02,42.10485511124228,42.75108865736043,41.94710307637125,42.74302291870117,16141000
2021-02-03,42.74750648718377,42.890019442492495,41.64146426504421,41.69524383544922,17857000
2021-02-04,41.230061918819565,42.23034008526181,41.00419386867079,42.18283462524414,15243000
2021-02-05,42.51446515389091,42.746610726828855,41.71047955153807,41.768741607666016,12488000
2021-02-08,42.01432890098387,42.432902807102636,41.73019879586735,42.368370056152344,17610000
2021-02-09,42.30563010885922,42.591551848586086,42.00267765802574,42.541358947753906,12758000
2021-02-10,42.772602419123366,42.79769886784869,41.72213140669464,42.1308479309082,14587000
2021-02-11,42.45711116522703,42.96442197008632,42.05377285059492,42.87837600708008,17123000
2021-02-12,42.877468713766945,43.65187533521607,42.564655513345926,43.589134216308594,13551000
2021-02-16,43.9978520095692,44.347410659182124,43.651876613064715,43.84099578857422,15163000
2021-02-17,43.40180977870805,43.57121081188071,42.57989764306887,43.244956970214844,14084000
2021-02-18,43.0432832541581,43.50757095527334,42.58616889735095,43.31486511230469,16715000
2021-02-19,43.672495060057386,44.379681589659185,43.62947208439608,43.9153938293457,17992000
2021-02-22,43.381196246497495,43.61513003202396,42.603202889499045,42.69641876220703,16967000
2021-02-23,42.22855338337823,42.540470862674496,40.87692464963661,42.29667282104492,21303000
2021-02-24,41.91842034613805,43.14904546089121,41.46847251500147,43.10154342651367,15125000
2021-02-25,42.55211822756202,42.9671089514099,40.800737908332245,40.97551727294922,23148000
2021-02-26,41.9049827982166,42.64264412621083,41.29639382476955,42.11471939086914,22640000
2021-03-01,42.995787078527506,43.918980888801556,42.472344859028546,43.8813362121582,24677000
2021-03-02,43.952128023229584,43.996046797602055,42.98680738097149,43.0683708190918,18546000
2021-03-03,42.843413810473926,43.147262086322144,41.406635130737804,41.50433349609375,23991000
2021-03-04,41.37974734307207,41.857479155155,39.56562606652384,39.75922775268555,34575000
2021-03-05,40.71469072051949,40.87154355338501,38.81004087496668,40.346309661865234,42414000
2021-03-08,40.04962669364218,40.1509117276414,37.57851188733327,37.75687789916992,45243000
2021-03-09,39.051149766220654,40.05590717355307,38.59493110099988,39.760128021240234,37884000
2021-03-10,40.096231367329985,40.694962848733425,38.9982549612091,39.221435546875,19914000
2021-03-11,40.24591586396834,41.00150017131142,39.624775349920974,40.66448974609375,26170000
2021-03-12,39.9178630369473,40.646559197283764,39.8425736995665,40.43861770629883,18906000
2021-03-15,40.798038651124756,42.23660869199232,40.61967266510975,42.195377349853516,31241000
2021-03-16,42.24020148653763,43.38120109622647,41.89422945241943,42.85955047607422,31190000
2021-03-17,42.15325568889733,43.67428861229931,42.127263425542644,43.34444808959961,23754000
2021-03-18,42.535090210810935,43.32294105842963,41.56618246901108,41.60203552246094,28728000
2021-03-19,41.28587216977832,43.05907111928242,41.019393366615404,42.85853576660156,108602000
2021-03-22,42.71852127479739,43.47459147818029,42.60651010854927,42.9326057434082,31805000
2021-03-23,42.797097860885614,42.940724771591,41.79171293180839,41.9190788269043,24712000
2021-03-24,42.4059806267359,42.45476024553043,41.269614679631914,41.305747985839844,20882000
2021-03-25,41.09708144636708,41.91548396844388,40.58671140494732,41.70591354370117,17537000
2021-03-26,41.248830299273315,43.629958130550754,41.248830299273315,43.54323959350586,28925000
2021-03-29,43.395102101074556,43.46375399464289,42.29938369678035,42.692325592041016,28410000
2021-03-30,41.9028349102578,41.91367559086298,40.79537289531242,41.20547866821289,27935000
2021-03-31,41.462014502791746,42.19098643510336,40.86582883099362,41.882957458496094,28684000
2021-04-01,42.64264806576793,43.05004194991074,42.383395219401464,42.993133544921875,23528000
2021-04-05,43.38607104842529,44.229766130738696,43.07171888161178,44.12498092651367,22966000
2021-04-06,43.64080804214009,44.10149562959895,43.15482438398541,43.70855712890625,18063000
2021-04-07,43.35987393695015,43.71216502597253,43.17830805241165,43.58118438720703,12074000
2021-04-08,44.0798166339085,44.0798166339085,43.3698140785559,43.85398864746094,18121000
2021-04-09,43.35896381530445,43.83862075363182,43.046417344664285,43.818748474121094,16614000
2021-04-12,43.533310831345716,43.84856580026235,43.23250780519355,43.690486907958984,23247000
2021-04-13,43.81062917414429,44.101494351305874,43.38516864311549,43.80701446533203,15281000
2021-04-14,43.582103710032385,44.189126841229225,42.92449187204001,43.115089416503906,18220000
2021-04-15,43.50711511499442,43.567634778597494,43.06810548210948,43.358970642089844,18370000
2021-04-16,43.40233048937827,43.519762001259906,43.06810605110441,43.249671936035156,16263000
2021-04-19,43.045524628745625,43.06991443755064,41.55686759691694,41.73301315307617,26319000
2021-04-20,41.553237271399915,41.73570591512309,41.059125016581525,41.30482864379883,19128000
2021-04-21,41.120564394526625,41.58306103204252,40.88389573564431,41.53337860107422,25947000
2021-04-22,41.109723773827106,41.65532425369684,40.558706399686656,41.11063003540039,27057000
2021-04-23,41.41594507286288,42.261445728047754,41.32651807981428,42.106075286865234,22890000
2021-04-26,42.186471035845386,42.801626204413814,41.87482733516575,42.622772216796875,18271000
2021-04-27,42.78988079712616,42.840466039514205,42.00942080264707,42.125946044921875,13267000
2021-04-28,42.03742360159057,42.09162355460704,41.19553765073043,41.480079650878906,15940000
2021-04-29,42.4276438101649,42.4276438101649,41.46471194288773,42.12051773071289,14650000
2021-04-30,41.526151415873954,41.618290303572365,40.995905711092796,41.20908737182617,19367000
2021-05-03,41.52976354837245,41.537895781422385,40.4936653698885,40.66168212890625,15098000
2021-05-04,40.397919405398966,40.44127868466822,39.50273619273402,40.15583038330078,23497000
2021-05-05,40.68607012644998,40.77911182764219,39.95980661361436,40.09169006347656,16388000
2021-05-06,40.088987313977675,40.56683875299255,39.73127584655988,40.52077102661133,13495000
2021-05-07,41.06364975302578,41.40600637766376,40.576763381855834,40.882083892822266,11712000
2021-05-10,40.502704134415126,40.516253262926085,39.36362628164358,39.393436431884766,25239000
2021-05-11,38.39075742722607,39.904707052391586,38.214611874699486,39.75204849243164,17887000
2021-05-12,38.778273421130436,38.920091280062444,37.86141248631674,38.154083251953125,29940000
2021-05-13,38.83247625182782,39.27780907380389,38.44856935961293,38.89661407470703,21841000
2021-05-14,39.41962450416813,40.208216716362806,39.02758888297457,39.89205551147461,16964000
2021-05-17,39.93903659289768,39.93903659289768,39.098956174248265,39.74030685424805,15725000
2021-05-18,40.09981767404688,40.14679165402716,39.13869462019712,39.18024826049805,17824000
2021-05-19,38.48108409869773,39.971550055378394,38.4539858454036,39.901092529296875,21369000
2021-05-20,40.26512990428703,41.48911715396885,40.227190968689285,41.10069274902344,21886000
2021-05-21,41.37077834519219,41.37077834519219,40.58941209538353,40.761043548583984,13216000
2021-05-24,41.274122353157,41.772748765540754,41.22353711488416,41.47917175292969,14420000
2021-05-25,41.72396959765015,41.81972318184115,41.23618385857837,41.51078796386719,9600000
2021-05-26,41.62190746383045,41.74204743820429,41.14857353869312,41.596614837646484,9873000
2021-05-27,41.552345029763984,42.31474182875492,41.52072925290187,42.246089935302734,19098000
2021-05-28,42.45566824919834,42.873000061414,42.24610125013534,42.666141510009766,19946000
2021-06-01,42.94706048289398,43.17830880152315,42.20273372621734,42.303001403808594,16277000
2021-06-02,42.62095964681281,43.15120530235185,42.40777800587689,42.7925910949707,13286000
2021-06-03,42.34726518425266,42.4339837379313,41.84682959203935,41.985939025878906,20389000
2021-06-04,42.50082326535975,43.21444047757541,42.41229908705511,42.90731430053711,23865000
2021-06-07,42.72666100068143,42.860353560231594,41.775475551417344,41.89380645751953,24142000
2021-06-08,42.279512483597024,42.671548127259136,41.869410188974896,41.8712158203125,16615000
2021-06-09,42.201832334387895,42.201832334387895,41.70771990130167,41.907352447509766,12126000
2021-06-10,42.04917817460338,42.41411566181509,41.57132667325693,42.33552932739258,15413000
2021-06-11,42.31473617553228,42.648057734450184,42.19820750160225,42.518882751464844,14508000
2021-06-14,42.4999232413127,42.988615331301496,42.0997553354433,42.98229217529297,14675000
2021-06-15,43.04823533146311,43.049141593126265,42.32468360049736,42.52251052856445,11131000
2021-06-16,42.48005115077203,42.55683183895888,41.68603849143019,42.071754455566406,20437000
2021-06-17,41.99316707043708,42.92899766286532,41.90825758992105,42.56135177612305,20881000
2021-06-18,42.209054597164915,42.43397974778699,41.59841351585019,41.86850357055664,28537000
2021-06-21,41.98411721700149,42.36738614577713,41.73558383696281,42.29728698730469,18591000
2021-06-22,42.47664278368979,42.65872004357215,41.99778052786459,42.28273010253906,13722000
2021-06-23,42.22900741287799,42.59497812280151,42.15435537521925,42.48391342163086,17674000
2021-06-24,42.77797097904733,43.120277844860624,42.6605336118317,42.79344940185547,12502000
2021-06-25,42.9108898900066,43.011032549319545,41.87760698484092,42.0778923034668,19100000
2021-06-28,42.42383570908846,43.36062244139244,42.37922714782014,43.04289627075195,13987000
2021-06-29,43.00374791625265,43.45347650570433,42.85535717270498,43.43891143798828,14184000
2021-06-30,43.528138807532635,43.57001772812322,43.01832311621343,43.41069793701172,15381000
2021-07-01,43.501736006167256,43.501736006167256,42.69058591383261,42.75522232055664,11153000
2021-07-02,43.404317560135524,43.56910009181146,41.487052366454094,42.62139129638672,37054000
2021-07-06,42.824408828772604,43.40250039334879,42.633229269416844,43.08659744262695,13870000
2021-07-07,43.243179280621554,43.27595241960111,42.45751993640776,42.74610900878906,12581000
2021-07-08,42.279996744850635,42.886311987547415,42.019624445460366,42.8335075378418,16011000
2021-07-09,42.74883925897043,43.77848252037575,42.60864094046213,43.71475601196289,16782000
2021-07-12,43.818550990091616,44.97473772347567,43.08478257360117,44.22185134887695,33142000
2021-07-13,44.18361274141913,44.38389461151997,43.88045507866692,44.06344223022461,11806000
2021-07-14,44.535927527746715,44.79083708826302,43.76665637804131,43.8431282043457,14020000
2021-07-15,43.996984304564364,44.10349963250774,43.07203632719861,43.45621871948242,12624000
2021-07-16,43.61280319821837,43.7238714163635,42.53855453176179,42.6122932434082,13980000
2021-07-19,42.194427172018464,42.421113019105164,41.658210993329746,42.393802642822266,14938000
2021-07-20,42.59590711089864,42.992831335104654,42.17530856926202,42.65963363647461,20727000
2021-07-21,42.754308857548565,43.63282840425772,42.65143307224616,43.60915756225586,13660000
2021-07-22,43.38884998447783,43.60643005844162,43.19858028690508,43.3642692565918,12583000
2021-07-23,43.70110966340382,44.02429865502582,43.40978740779786,43.98514938354492,13489000
2021-07-26,43.89502306744574,44.02793889210704,43.66924710023961,43.902305603027344,11160000
2021-07-27,43.76756273497921,43.86315251015918,42.5877053460648,43.27595520019531,14715000
2021-07-28,43.39794474646519,43.61461837278815,43.18127459297688,43.484432220458984,8359000
2021-07-29,43.5590926840661,44.22913458412914,43.46532265771773,44.072547912597656,9162000
2021-07-30,43.87680248791859,44.27554984826615,43.6592224739793,44.18997573852539,11548000
2021-08-02,44.52226528944006,45.027527970955894,44.01791596337984,44.124427795410156,15619000
2021-08-03,44.198173770806484,44.40483174716331,43.69473081114554,44.316524505615234,11135000
2021-08-04,44.474933610785726,44.606939539755786,44.0634408713752,44.40847396850586,12123000
2021-08-05,44.64789967134219,44.64789967134219,44.143546859756356,44.39663314819336,8372000
2021-08-06,44.15993392332998,44.43760092668273,44.06525403849112,44.19270706176758,9964000
2021-08-09,44.28920684354105,44.32016021683372,43.78940693058679,44.124427795410156,5952000
2021-08-10,44.23549544165324,44.28556676787783,43.50081732660187,43.904117584228516,9319000
2021-08-11,44.1362722283573,44.241877672166865,43.67926101511242,44.02156448364258,9816000
2021-08-12,43.9059428805653,44.1535664222186,43.40068014161828,44.08619689941406,8702000
2021-08-13,43.93598884692402,44.514990320328224,43.89046692545318,44.25917434692383,8582000
2021-08-16,44.13809201332722,44.50952559396006,44.09894274584331,44.43942642211914,9188000
2021-08-17,44.207275877210236,44.2646332153818,43.19948355243303,43.5791130065918,16499000
2021-08-18,43.393404656734994,43.43255045726204,42.63778513236708,42.69422912597656,15616000
2021-08-19,42.45570274249136,43.31874738027055,42.11977194266593,43.10935974121094,14044000
2021-08-20,43.04472990665905,43.35517014516162,42.82805622675376,43.2586669921875,10007000
2021-08-23,43.364270939576556,44.26190859233092,43.306917063228305,43.921424865722656,15707000
2021-08-24,43.916863294461976,43.975127037552184,43.71293498439462,43.828556060791016,9429000
2021-08-25,43.841299447815665,44.2691769396978,43.841299447815665,44.00880813598633,10017000
2021-08-26,43.971496628650165,44.436703769667794,43.75300666127294,44.220943450927734,10836000
2021-08-27,44.42758834634898,45.19504313263557,44.302868435132496,45.1495246887207,16459000
2021-08-30,45.51913955098377,46.23378990302083,45.35982325712228,45.418087005615234,19614000
2021-08-31,45.63658139622331,45.63658139622331,44.85456150598465,45.26514434814453,17378000
2021-09-01,45.17956491860358,45.44994940814021,44.87185787478087,44.89643859863281,12586000
2021-09-02,45.13586183134107,45.15316001918338,44.62331662975839,44.78172302246094,16991000
2021-09-03,45.146786667153314,46.06536175404551,45.06758520844902,45.307926177978516,25191000
2021-09-07,45.300652688034475,45.300652688034475,44.699800098197606,45.20870590209961,12398000
2021-09-08,45.48454982934199,45.50912708254339,44.43669827445262,45.00750732421875,13987000
2021-09-09,44.86821559126926,45.40078868904908,44.86821559126926,44.92647933959961,13174000
2021-09-10,45.25058025772891,46.0644599522032,45.20141880696606,45.3507194519043,16110000
2021-09-13,45.701226197411636,45.74401500308225,44.9055509744252,45.424468994140625,14927000
2021-09-14,45.70122369773795,46.01257379797051,45.36984228368275,45.689388275146484,14134000
2021-09-15,45.71215160182013,46.4932582777399,45.466347781711896,46.405860900878906,23346000
2021-09-16,45.992534335101475,46.352135917672015,45.5382528685592,46.18826675415039,17569000
2021-09-17,45.88056174819123,46.21285300084604,45.61017724877183,46.06536865234375,34470000
2021-09-20,45.42811216723084,45.79226327613956,44.466747961001936,45.047569274902344,30105000
2021-09-21,45.25573387136607,45.27957819037949,44.660566935029024,45.02647018432617,16935000
2021-09-22,45.325433377534026,46.12785633792942,45.13927206232476,45.90684509277344,20610000
2021-09-23,46.082924334532436,46.521277155487745,45.906848565933245,46.24707794189453,18370000
2021-09-24,46.060917018687654,46.35712395682384,45.928860191074,46.30393600463867,10605000
2021-09-27,45.832569076053865,46.386470303855205,45.612474367068984,46.297515869140625,9831000
2021-09-28,45.577622756254655,45.9857118489307,44.98520545895474,45.02922439575195,20124000
2021-09-29,45.26857557523532,45.32726632736861,44.72017719138131,44.88800048828125,15783000
2021-09-30,45.350188764981866,45.350188764981866,44.42946786021136,44.470733642578125,15735000
2021-10-01,44.73851713927323,44.81279975160665,43.789365585364834,44.692665100097656,16052000
2021-10-04,44.47073854710634,44.62021682866042,43.35651682260122,43.64722442626953,20093000
2021-10-05,43.64631589934553,44.916435494537474,43.590374790502,44.515682220458984,16557000
2021-10-06,44.30566824601858,44.8760778421766,43.99111982133382,44.82380294799805,12042000
2021-10-07,45.176871774265386,45.8435717158689,45.176871774265386,45.295169830322266,13261000
2021-10-08,45.56110683907971,45.66931931207371,45.05305779669867,45.19703674316406,10279000
2021-10-11,45.049399598372815,45.8151395014762,45.01363311854583,45.15027618408203,11186000
2021-10-12,45.471240047634055,45.55010540873272,44.20387047635536,44.502830505371094,20991000
2021-10-13,44.12592890665067,44.51200681694752,43.97736716785855,44.47807693481445,16424000
2021-10-14,45.10625750055686,45.77479052411341,45.01088371876786,45.63264465332031,19233000
2021-10-15,46.256239058430346,46.3901289642891,45.95177971641918,46.150779724121094,25103000
2021-10-18,45.88849942197293,46.217719609724924,45.72984865812739,46.16086196899414,16042000
2021-10-19,46.24889542565542,46.84956854886641,46.01504553038571,46.80554962158203,16383000
2021-10-20,46.861497102222884,47.0843414381519,46.62673410485196,46.71385192871094,13458000
2021-10-21,46.71660126015437,47.20905848136017,46.6414021038861,47.150367736816406,11787000
2021-10-22,47.20446721318213,47.813392806129556,47.04673301162175,47.26591110229492,15367000
2021-10-25,47.45666343809541,48.09951896873003,47.24482472922812,47.87667465209961,12416000
2021-10-26,48.16646394875386,49.06151095035152,48.053668709016534,48.95880126953125,24043000
2021-10-27,48.770799004435894,49.160546525720655,47.857414068748696,47.9720458984375,23500000
2021-10-28,48.066512108802634,48.59931863004185,48.001398502684474,48.56447219848633,11872000
2021-10-29,48.00781835701028,48.80107231438855,48.00781835701028,48.75705337524414,15564000
2021-11-01,48.63508114914732,48.84050051409654,48.138954201989655,48.42507553100586,16896000
2021-11-02,48.37005001285376,49.5961538192596,48.299437107575386,49.25225830078125,16262000
2021-11-03,49.433841252110206,49.86852785973523,48.949636396572124,49.738304138183594,14038000
2021-11-04,49.86943583248369,50.35272405377889,49.60532223037479,50.31145477294922,15956000
2021-11-05,50.43800461542074,51.3247955744479,50.42057965391523,51.25601577758789,18674000
2021-11-08,51.53572645626603,51.711802206352054,51.18082880128556,51.2587776184082,17231000
2021-11-09,51.28078706120624,51.529308832289956,50.90938098031751,51.153316497802734,15838000
2021-11-10,50.83235467530464,51.43761078471452,50.25919534827684,50.32522201538086,18450000
2021-11-11,50.684698164890946,51.090954132866564,50.32888048630026,50.93321990966797,14157000
2021-11-12,51.209257664063244,51.89062942097127,50.858942752011714,51.650360107421875,13592000
2021-11-15,52.06028825837106,52.06028825837106,51.339483782269106,51.884212493896484,13972000
2021-11-16,51.73014058931124,52.229017186630195,51.60633624181451,52.15932083129883,13194000
2021-11-17,52.101545618582996,52.396839446574766,51.731056130870535,52.239105224609375,12532000
2021-11-18,52.37298909877713,52.88929058998384,52.23909921028456,52.71321487426758,12712000
2021-11-19,52.84803361545254,52.933321840605785,51.89888201740685,52.15474319458008,19612000
2021-11-22,52.4261886672952,52.45920199674586,50.665445112586355,50.738807678222656,25898000
2021-11-23,50.65994937362113,50.975414396942845,50.30321505901533,50.907554626464844,17109000
2021-11-24,50.73422226552292,51.2706984612837,50.198659122483896,51.23860168457031,12084000
2021-11-26,50.60032214938872,51.10745465253029,49.82541335764862,50.12528991699219,14219000
2021-11-29,51.00658519144809,52.04744431165435,50.77548839753268,51.75306701660156,18703000
2021-11-30,51.65493725624672,51.81267146854542,50.62141766732974,50.775482177734375,22574000
2021-12-01,51.674192796101174,52.132720101310845,50.74338292625126,50.8745231628418,21980000
2021-12-02,50.07760782464357,51.27344801464598,49.887780316042665,50.662689208984375,22619000
2021-12-03,51.80809361244337,52.18041973788448,50.47469724301383,51.18266296386719,20305000
2021-12-06,51.781492462125826,52.1226383131331,50.98365587288101,51.8117561340332,22482000
2021-12-07,52.45554031325902,54.38777353571079,52.45554031325902,54.142921447753906,29562000
2021-12-08,54.192432250915466,54.192432250915466,53.412017103319755,53.97417068481445,17998000
2021-12-09,53.41384938570472,54.1282343727965,53.41384938570472,53.502803802490234,29080000
2021-12-10,57.2223837788103,59.12710627258234,56.72809340122037,57.92851638793945,57087000
2021-12-13,58.14127107753383,58.1797872081411,56.97019179962032,57.00962448120117,26898000
2021-12-14,56.659294589193586,56.73082402732563,55.54048699954042,56.39059829711914,35956000
2021-12-15,56.45113105486695,58.77036159529985,55.97151257549122,58.67865753173828,29092000
2021-12-16,58.44940457207552,58.75203433413104,56.07790221140969,56.91975784301758,42748000
2021-12-17,56.630882565520864,58.6905896254134,56.40803822502088,58.22930908203125,50661000
2021-12-20,57.435141343208926,59.249992820745,57.324175700796886,59.15278244018555,32770000
2021-12-21,59.81452099639305,59.940962159000776,58.448601557198145,59.642860412597656,36534000
2021-12-22,59.373349864360314,60.65067490829876,58.99864208021164,60.46977615356445,28383000
2021-12-23,60.5556164127126,61.90308026774686,60.5556164127126,61.35579299926758,23596000
2021-12-27,61.355793185968814,62.41714673763741,61.32440998412855,62.23072052001953,19442000
2021-12-28,62.53252479209499,62.5519095739045,61.5616169063818,61.743431091308594,17247000
2021-12-29,61.81725232158817,62.48174953378848,61.75449296063681,62.07659149169922,14797000
2021-12-30,62.1218150334071,62.36177648343003,61.26719485346688,61.38163757324219,11473000
2021-12-31,61.55607199988649,61.95661804154687,61.21459567332656,61.4120979309082,12046000
2022-01-03,61.49608693138135,61.99261333874112,61.025395162807136,61.219207763671875,22591000
2022-01-04,61.17858313500892,62.03782227681242,60.65713056768502,61.92061233520508,21103000
2022-01-05,61.94739374983231,61.94739374983231,59.25245858766155,59.343833923339844,34961000
2022-01-06,59.081709253090374,59.86526827532795,58.55287732636383,58.7928352355957,28581000
2022-01-07,58.68394254798978,59.05865043518472,57.078984076118054,57.14266586303711,27832000
2022-01-10,56.19297445348686,57.409381650985246,55.70474630016611,57.32816696166992,29793000
2022-01-11,56.809486299218776,57.959444499510155,56.71996283966653,57.410308837890625,19037000
2022-01-12,57.91422906555061,58.23540525633021,57.19711888210363,57.40570068359375,18806000
2022-01-13,57.91053372161118,57.948370305297246,54.83535983747935,55.115928649902344,30048000
2022-01-14,54.98579474928632,55.410337627855554,54.636932080009416,55.04024887084961,25661000
2022-01-18,54.2972918728697,54.54832580692088,53.159328641312,53.32545471191406,35825000
2022-01-19,53.67524960279354,53.96596850024718,51.9909177845981,52.049983978271484,22692000
2022-01-20,52.421915739008014,52.61942149453619,50.462553305887845,50.55023193359375,25225000
2022-01-21,50.45056182203516,51.25904022205138,49.038490104127376,49.21292495727539,38010000
2022-01-24,48.99695957518196,50.161686976441786,47.38277004290936,49.98356246948242,54256000
2022-01-25,48.73023748768885,50.33612188628463,48.38137480337918,49.296913146972656,38158000
2022-01-26,50.94524527043879,52.99136046984115,50.76712076637793,51.417781829833984,49715000
2022-01-27,52.58066164509182,52.63050017371142,49.932801456617526,50.050933837890625,34183000
2022-01-28,50.14784031054,51.72972774812223,49.135395735575,51.69281005859375,30254000
2022-01-31,51.62820778406072,54.11732834683798,51.31441445271732,54.072105407714844,40288000
2022-02-01,54.071178093756636,54.812281483848494,53.14364143769966,54.70337677001953,25719000
2022-02-02,55.28297839952713,55.81827083681034,54.78736737513776,55.691829681396484,24443000
2022-02-03,54.9756431831205,55.28482091104847,53.540500570601566,53.607872009277344,30602000
2022-02-04,53.19532594601728,55.055011368921,53.17317392473654,54.46710968017578,20548000
2022-02-07,54.46710957366001,55.52108739403887,53.91335833202808,54.233612060546875,18671000
2022-02-08,54.30283202778132,55.54600684362651,54.17454605312267,55.39556884765625,14570000
2022-02-09,56.053608233410024,56.456924969187064,55.51923477050762,56.421852111816406,22004000
2022-02-10,54.9414977759909,56.72642914687229,54.320371500080455,54.5778694152832,24920000
2022-02-11,54.57785698893889,55.3531107593726,52.52158843703314,52.92213439941406,27281000
2022-02-14,53.067969097379546,53.78876892231366,52.6129689167793,53.39837646484375,19291000
2022-02-15,54.36281874525976,55.93270765567985,54.29083171982316,55.63091278076172,34284000
2022-02-16,54.82704495693309,55.45001946737766,54.19576872001732,55.117767333984375,22931000
2022-02-17,54.42465132678859,54.598160217571305,53.4269725642899,53.43712615966797,21424000
2022-02-18,53.616182052409954,54.243765185223346,52.9092220125892,53.52850341796875,19708000
2022-02-22,53.52849919743643,54.471723931602334,52.58896411961688,53.29499816894531,20204000
2022-02-23,53.55065772174134,53.99735266977841,52.12105292583596,52.1625862121582,22416000
2022-02-24,50.90648917344841,54.05457278527118,50.6702208639537,53.5294303894043,35316000
2022-02-25,53.51373392635961,54.395121716595966,52.97567077408768,54.268680572509766,22380000
2022-02-28,53.621717560157954,54.66461944842808,53.19532984654897,54.21607971191406,25005000
2022-03-01,53.97150483821406,54.232692391092364,52.172730344987094,52.61758041381836,24898000
2022-03-02,53.02366514139557,54.501263495189406,52.936912441122196,54.06287384033203,21771000
2022-03-03,54.79198353991783,54.79382836828922,53.00612982511222,53.40021896362305,26454000
2022-03-04,54.70984585298884,55.92071873543614,53.89952255057287,55.00518035888672,44757000
2022-03-07,55.10577462072024,55.262669521824066,52.606504048846304,52.67110824584961,26494000
2022-03-08,52.806777277214294,55.010713380253065,52.01675772155713,53.155643463134766,26993000
2022-03-09,54.340676487734896,55.526630037842935,54.17547281141936,55.10023880004883,22560000
2022-03-10,54.04257441220071,54.454196485248346,53.19441099899886,54.24284744262695,19323000
2022-03-11,54.636939529882284,54.861209425187084,53.263633646747905,53.33100509643555,19813000
2022-03-14,53.24885368637796,53.52757765429811,52.12196643137663,52.40345764160156,25234000
2022-03-15,53.277472308925866,55.07624338771867,53.07166127912447,54.70707702636719,28260000
2022-03-16,55.066091332363264,56.08684119615453,53.904131124432176,56.03239059448242,29454000
2022-03-17,55.81088554577978,56.021312150592344,55.156534815962274,55.62168502807617,18174000
2022-03-18,55.74167068981561,56.59444967480167,55.005179268146044,56.33603286743164,41538000
2022-03-21,56.270059407175715,56.270059407175715,54.71464221280665,55.869590759277344,25789000
2022-03-22,55.90954225606192,57.00409296099562,55.687470445967485,56.80339431762695,19262000
2022-03-23,56.49305303271723,56.806182322663986,55.67167481366409,55.692115783691406,13839000
2022-03-24,56.3657649092314,58.278911666926156,55.93556519218399,58.205509185791016,26016000
2022-03-25,58.265899641971956,58.5753108047092,57.614556783378205,58.432220458984375,14538000
2022-03-28,58.15440647804063,58.84384538747961,57.21595064625465,58.80481719970703,14427000
2022-03-29,59.46637272005439,59.95975613658107,58.537210646303535,59.602962493896484,23001000
2022-03-30,59.36138059123545,59.86498628391966,58.28912814182827,58.638492584228516,18626000
2022-03-31,58.58182293345423,59.373470290972165,58.35603647417225,58.50748825073242,21731000
2022-04-01,58.6942471706777,58.961847761913326,57.486336991793294,58.256614685058594,16267000
2022-04-04,58.20456446747843,59.161603738564395,58.02802496333235,58.987850189208984,16484000
2022-04-05,58.49540273777256,58.74720558624301,56.95763702492985,57.061702728271484,19778000
2022-04-06,55.9429834466161,56.82661666888963,55.17084866706821,55.935550689697266,23742000
2022-04-07,55.73392652362605,56.45960040997132,55.121608389423606,56.03311538696289,16583000
2022-04-08,55.506285311188364,55.61871596841433,54.4461124183691,54.54181671142578,20464000
2022-04-11,54.131121773661214,54.753662185726874,53.83843700606486,53.94807815551758,23512000
2022-04-12,54.737864822280365,55.61871217452839,54.09302613335955,54.362483978271484,17350000
2022-04-13,54.681179978226744,55.44402469859445,54.45353629027057,55.05656433105469,20266000
2022-04-14,55.284216105054384,55.4765533396207,53.22797922235524,53.31996536254883,27385000
2022-04-18,53.227045986332776,54.933918284047934,53.227045986332776,54.49535369873047,21375000
2022-04-19,53.831937118977095,55.62893489328943,53.831937118977095,55.528587341308594,16581000
2022-04-20,56.139972060643004,56.997588985967944,55.29722419578591,55.53787612915039,13920000
2022-04-21,56.26448887687,57.22431431232228,54.88189648185949,55.0742301940918,20352000
2022-04-22,54.830783563224365,55.63264945348682,54.47305418674632,54.537166595458984,21064000
2022-04-25,54.02984262255635,54.70534454119938,53.06630273584441,54.62357711791992,26959000
2022-04-26,54.24448396566975,54.398725213331225,52.00613211567293,52.039581298828125,35809000
2022-04-27,51.64189777803011,52.969671180877654,51.56849530662145,51.990333557128906,19313000
2022-04-28,52.58499777992643,54.35783627478567,51.84445481674902,53.79290771484375,22334000
2022-04-29,53.2056743239206,53.73157821879046,51.41982417399355,51.511810302734375,26108000
2022-05-02,51.767335619147836,53.672117131639055,51.69671910415725,53.55225372314453,26725000
2022-05-03,53.52066409279792,54.51858179505064,53.12669604325153,54.0001106262207,17064000
2022-05-04,54.057716616335526,56.12789014108107,53.3320391968563,56.08979415893555,23896000
2022-05-05,55.21360293430004,55.55181648352015,53.36085408310966,53.89047622680664,32806000
2022-05-06,53.421245418894735,54.818706723382704,52.909278319909156,53.900691986083984,20745000
2022-05-09,53.22984161703293,53.70557362016889,52.05817017093306,52.30439758300781,30074000
2022-05-10,53.93692886069876,54.927417386437554,53.12948750305229,54.02055358886719,29271000
2022-05-11,53.38778821499915,54.32717243364912,52.5775574524337,52.693702697753906,26660000
2022-05-12,52.348993275163814,53.29766770179662,51.87140400864924,53.10811996459961,25518000
2022-05-13,53.617300116059255,54.96830046248154,53.28744445490453,54.65703201293945,19449000
2022-05-16,54.29836479942822,54.74064749592906,53.67303850644477,54.13947677612305,14189000
2022-05-17,55.326952302178825,56.58596999306282,55.15598824385183,56.506988525390625,24676000
2022-05-18,55.74973039649933,55.816628768609284,52.6073039548391,53.01520538330078,35024000
2022-05-19,51.8472492149282,52.10277023359623,50.07812503848727,50.751766204833984,34884000
2022-05-20,51.46628890364867,51.567568651547575,47.61398286584566,50.47115707397461,40281000
2022-05-23,48.68809683189036,49.76313525689162,47.783090283861526,48.907379150390625,58586000
2022-05-24,48.93524090780773,49.14058631129189,47.96240757734066,48.7066650390625,25060000
2022-05-25,48.67879638927795,49.93781046815804,48.67879638927795,49.397037506103516,17842000
2022-05-26,49.38867726695981,51.528538698173506,49.0337374045401,51.16523742675781,39743000
2022-05-27,52.227265601386016,54.398718830277815,52.03399973864229,54.19615936279297,37301000
2022-05-31,54.30952077299322,54.54459723282018,53.5197309293814,53.90347671508789,30009000
2022-06-01,54.595701715344525,54.907902339077154,52.816355587149765,53.29859161376953,18345000
2022-06-02,53.682336511700676,53.68419381491164,52.78848098565343,53.5884895324707,29488000
2022-06-03,52.85724946772916,52.925076491547465,52.12413915259607,52.3415641784668,20562000
2022-06-06,53.1034649780649,53.21496342132341,51.80449765791198,52.14735794067383,14557000
2022-06-07,52.08325681022056,53.38408171502039,51.80357667327779,53.24006271362305,15895000
2022-06-08,53.13134749942052,53.54482435841317,52.23191995854168,52.53110885620117,24004000
2022-06-09,52.1408598291053,53.30045157013164,51.65490562734102,51.681854248046875,18787000
2022-06-10,51.11227218026904,51.20054370583227,50.14873233431315,50.29275131225586,24018000
2022-06-13,48.94640010685056,49.52433689261751,47.94662153576676,48.09528732299805,31619000
2022-06-14,48.778226749136074,48.778226749136074,47.81375456932841,48.33222579956055,24380000
2022-06-15,49.16661452022572,49.60146100374642,47.90016396797809,48.93989944458008,19141000
2022-06-16,47.568456690610255,47.79888992803308,45.74079559350523,46.196083068847656,37244000
2022-06-17,45.99351880164118,46.491548979310494,45.331025135911624,46.332664489746094,43504000
2022-06-21,47.225501645818206,47.86537931614021,47.1140151736343,47.19645690917969,21901000
2022-06-22,46.49755646836024,47.19645638083811,46.29987571289059,46.477882385253906,24721000
2022-06-23,47.00721542203216,47.00721542203216,46.00102444050504,46.522857666015625,16707000
2022-06-24,47.311691763411595,47.948760374055205,46.979105052155404,47.69486999511719,21201000
2022-06-27,48.13613389133512,48.15861702594933,47.10745632520112,47.37820816040039,13207000
2022-06-28,48.02464912128325,48.16892573493908,46.66619384904883,46.69804763793945,15667000
2022-06-29,46.41979961199962,46.46195683269867,45.59442084265202,45.94480895996094,14444000
2022-06-30,45.72183536222915,46.25678461067526,45.036047894735475,45.513851165771484,18890000
2022-07-01,44.91425919915438,45.36957219880693,43.97926664046881,44.76716995239258,21315000
2022-07-05,44.22004193080052,44.68191654243168,43.46211611805588,44.622894287109375,20711000
2022-07-06,45.01918596933287,45.630022496267266,44.54794073123598,45.214054107666016,22975000
2022-07-07,45.72932465921635,46.97348072345162,45.72932465921635,46.70647430419922,21319000
2022-07-08,46.186518570777075,46.808598453126,45.90639606837342,46.72053146362305,12713000
2022-07-11,45.85861991783713,46.05816982127012,45.06134593317941,45.23747634887695,21449000
2022-07-12,45.70216753447369,46.14998620449548,44.97609544867461,45.0978889465332,21159000
2022-07-13,44.499223767980034,45.497920258041255,44.24720608868841,45.13160705566406,17665000
2022-07-14,45.199064499648266,45.59535882817278,44.354011615568666,45.404239654541016,19957000
2022-07-15,45.98414914031314,46.35046230210936,45.5438214067126,46.3242301940918,18714000
2022-07-18,46.85825018748899,47.0690470082396,45.736823824027454,46.00570297241211,18042000
2022-07-19,46.54346284079636,47.906599831371395,46.45820848034193,47.686439514160156,27257000
2022-07-20,47.737029010940574,48.49308207294333,47.262038373639875,47.94594955444336,27412000
2022-07-21,48.01902153695256,48.511809918917784,47.40724874310826,48.4996337890625,13912000
2022-07-22,48.6055021681674,48.69731455417263,47.469083549470284,48.016212463378906,17867000
2022-07-25,47.82321873928308,48.09116150870272,47.455029285294046,48.07148742675781,15061000
2022-07-26,48.213898314452834,48.41813354131113,47.67894547471875,47.88224792480469,17958000
2022-07-27,48.54835073042615,49.671653250234016,48.42936988823659,49.44680404663086,25699000
2022-07-28,49.52176389386569,50.26469738930556,48.77133244540757,49.992069244384766,14867000
2022-07-29,49.83936160795347,50.38742694670852,49.67915629905789,50.16726303100586,18482000
2022-08-01,49.7878299356587,50.571047888650085,49.695077619759296,50.250640869140625,11485000
2022-08-02,49.955522008577454,50.51576696571155,49.39434070093258,49.7672119140625,13072000
2022-08-03,50.14945688119426,51.340212469830995,50.039843109088444,51.22216796875,19228000
2022-08-04,51.378622509671295,51.82269568615102,51.060088208338065,51.7899055480957,16293000
2022-08-05,51.04979299688593,51.71496651815288,50.89801841300458,51.66250228881836,14357000
2022-08-08,51.46668907418722,51.80770650718031,50.47267436316718,51.10880661010742,13722000
2022-08-09,50.50546169839676,50.52982110621798,49.443057719168166,49.91617202758789,20072000
2022-08-10,51.15846042674046,51.623147626835085,50.51951910046749,51.56599807739258,19519000
2022-08-11,51.897644101597415,52.25552655126244,50.98888378542866,51.09943389892578,14268000
2022-08-12,51.322412783498585,52.31549121924976,51.12005026440699,52.29862976074219,18399000
2022-08-15,51.923886575085405,52.44478346056897,51.57443478394303,52.36702346801758,14329000
2022-08-16,52.2321050113591,52.271453176263,51.153775878574464,51.682167053222656,14782000
2022-08-17,51.000129214679134,51.03198300195169,49.75128777891733,50.458621978759766,19022000
2022-08-18,50.91018630721464,52.51691010549925,50.74342300331885,52.31923294067383,23459000
2022-08-19,51.608162915107265,52.05036347139216,51.32804037767016,51.3805046081543,16923000
2022-08-22,50.83149464425205,50.88020989014635,49.37748161172626,49.536746978759766,18555000
2022-08-23,50.0145531999605,50.3677539678161,49.55174222103193,49.63325119018555,9003000
2022-08-24,49.61263056837984,49.77564489936321,49.03926957155167,49.732547760009766,11883000
2022-08-25,49.97707397631651,51.572554542515036,49.865587506374766,51.539764404296875,17345000
2022-08-26,51.418914927980296,51.620341113806035,48.7169964154178,48.79756546020508,25682000
2022-08-29,48.7169862273832,48.97368564051802,47.96749484634867,48.171730041503906,16580000
2022-08-30,48.42094374406726,48.52119044554829,46.97348859040456,47.44192123413086,18282000
2022-08-31,47.795107922969784,47.795107922969784,46.51909813911026,46.75987243652344,32445000
2022-09-01,46.04411215432353,46.214620872807586,45.04822473063772,46.094703674316406,31930000
2022-09-02,48.52961486345739,48.69918722970466,46.68399291744248,46.863868713378906,40426000
2022-09-06,46.70553901836065,47.218005085587855,45.9410552817726,46.67462158203125,24738000
2022-09-07,47.11589122476091,47.72672777573285,46.75707237271412,47.323875427246094,20440000
2022-09-08,47.08683626982398,48.03681738200387,46.721459468809655,47.960933685302734,22535000
2022-09-09,48.28978391679726,49.27630439480561,48.28978391679726,48.94184494018555,23019000
2022-09-12,49.34936575675978,49.77189209412708,49.144194226551626,49.56578063964844,18157000
2022-09-13,48.13988184862164,48.55491388825462,47.000654102322805,47.185218811035156,35136000
2022-09-14,47.511246638859895,48.061184630965606,47.10277263472855,47.85039138793945,20605000
2022-09-15,47.679878802733924,47.92627121698583,46.5884300620684,46.85637283325195,36574000
2022-09-16,46.629658111950576,47.18896679842842,45.89328265952037,47.07748031616211,59012000
2022-09-19,46.32049308654558,47.160860617892084,46.32049308654558,47.01564407348633,17948000
2022-09-20,46.46851810335346,46.73365187329533,45.88016823059341,46.19308090209961,17132000
2022-09-21,46.38485114076676,47.22470797396515,45.513817623720556,45.54877471923828,20669000
2022-09-22,45.57616926916586,45.649856661438136,44.685296733121916,45.12081527709961,23540000
2022-09-23,44.869526423207525,45.15672243710527,43.64611436159594,44.27718734741211,29649000
2022-09-26,44.305526967055734,44.713649317542966,43.580927531500144,43.670677185058594,19361000
2022-09-27,44.35937977902884,44.39149706653187,43.12746269073389,43.90591049194336,17850000
2022-09-28,43.58375133996738,44.28379056799823,43.112335109156845,44.02021408081055,27605000
2022-09-29,43.54219106833803,43.586593791460196,42.02874690075654,42.52472686767578,39997000
2022-09-30,42.42364143743455,43.251220155052906,41.91160280568362,41.94655990600586,27202000
2022-10-03,42.44064441034993,43.54691401489475,42.22619162700021,43.1529655456543,21479000
2022-10-04,44.2601845537787,45.36172976357794,44.010778227176054,45.33338928222656,27277000
2022-10-05,44.642786263330024,46.110879716579824,44.53981059168633,45.80006790161133,18493000
2022-10-06,45.704663600345114,46.26299339534709,45.22569003173327,45.29937744140625,17250000
2022-10-07,44.626722776381705,44.71741661275127,43.36457709774016,43.502506256103516,28425000
2022-10-10,43.45716448857652,43.46661011256517,40.796828457604974,41.35043716430664,33454000
2022-10-11,41.11426153235037,41.44491246639399,40.205438159054225,40.69480514526367,28046000
2022-10-12,40.83555796398464,41.163376219589566,40.43499651888293,40.67684555053711,15046000
2022-10-13,39.43455139312137,41.92389007569255,39.21254134286995,41.375953674316406,27980000
2022-10-14,41.877588015100265,41.94182978711678,40.28384356703185,40.349029541015625,22816000
2022-10-17,41.52521398453255,41.68487062533768,40.943264771994656,41.13031768798828,24120000
2022-10-18,42.34333405126543,42.37545493620772,40.638112562637495,41.07929992675781,20341000
2022-10-19,40.928152469008225,41.407126020265416,40.7061424420597,41.12370681762695,12702000
2022-10-20,41.10763845102995,41.774612576233686,40.447277342888306,40.651336669921875,23402000
2022-10-21,40.82044697231075,42.5747959008879,40.54458862931531,42.486934661865234,26980000
2022-10-24,42.77035192946189,43.342855497447545,42.61730831230435,43.12840270996094,25287000
2022-10-25,43.26728110398022,43.85962019094452,43.15769239054237,43.463783264160156,18246000
2022-10-26,43.26727165463187,44.56815127670836,43.01692119646223,43.56863784790039,29291000
2022-10-27,44.028721001917454,44.47462942143522,42.9763033255287,43.0225944519043,18512000
2022-10-28,43.169966891800925,44.811890891011025,43.046207959616375,44.67585372924805,23094000
2022-10-31,44.10430361440057,44.66735439189714,43.930473124487506,44.41322708129883,19259000
2022-11-01,44.949825456420704,45.047128717892406,43.756642410711734,44.203495025634766,16324000
2022-11-02,44.42833409742485,45.3891136323197,43.052819264575135,43.08210754394531,21070000
2022-11-03,42.60124989454641,42.78263398891938,41.6962070152819,41.956947326660156,23887000
2022-11-04,43.16052033643601,44.29701875675743,42.82230863564318,43.957862854003906,28891000
2022-11-07,44.096744320094786,45.133103465526254,43.60549252732516,44.89503479003906,17687000
2022-11-08,45.46469578122686,46.17796110852785,44.73253560244097,45.54594039916992,20743000
2022-11-09,45.20489330672239,45.25213223445078,44.31024394689847,44.351810455322266,23695000
2022-11-10,46.38580171310874,47.91341618555509,46.02586610987002,47.85673522949219,33970000
2022-11-11,47.68950897811959,49.03101448449762,47.42498828833693,48.94504165649414,26728000
2022-11-14,48.68997726093613,49.59974116698794,48.46418683610582,48.48497009277344,21608000
2022-11-15,50.066429088891276,50.31300275184956,48.73909732988089,49.54305648803711,23315000
2022-11-16,48.815620206933914,48.98755866475241,48.207218983136435,48.34420394897461,25405000
2022-11-17,47.70841260290022,48.439625045786705,47.53269371072873,48.38010787963867,20375000
2022-11-18,48.82979970055515,48.91104433119547,48.275246714470065,48.668251037597656,14536000
2022-11-21,48.4585189230628,49.20579359791741,48.28563624447078,48.883644104003906,18622000
2022-11-22,49.40607705856627,50.096667187307055,49.03196761326654,50.0749397277832,18920000
2022-11-23,50.103277353493034,51.15475083077853,49.95684675387188,50.41408920288086,13964000
2022-11-25,50.13540157809509,50.50289800848074,50.021091859192204,50.06171417236328,7455000
2022-11-28,49.620514793946334,49.95305764756654,48.770268216739495,49.334266662597656,23505000
2022-11-29,49.40890100287634,49.67814630788662,48.63706638388641,49.25680160522461,12694000
2022-11-30,49.513770898540685,52.11647822217015,48.92048767661148,52.05696105957031,47349000
2022-12-01,52.05695820484921,52.18827435694642,51.20009490545311,52.0305061340332,23006000
2022-12-02,50.736248537989745,51.27001466350832,50.64461047572775,51.090518951416016,19320000
2022-12-05,50.80425968421456,50.96580832409516,49.64414173499013,50.130672454833984,18548000
2022-12-06,50.131625618894915,50.40748401671224,49.29082438724382,49.67532730102539,19655000
2022-12-07,49.08769978853207,49.59784996740034,48.7523242831162,48.98377990722656,16524000
2022-12-08,49.202023626361154,50.2988442229176,49.16139770485334,50.1722526550293,27514000
2022-12-09,52.04846014805488,52.20906098729918,51.10940436572907,51.46084213256836,37028000
2022-12-12,51.46367034879577,52.60867379757274,51.22654591833166,52.58599853515625,23416000
2022-12-13,54.39892295752404,54.967642495457355,53.37956679389316,53.94734573364258,40414000
2022-12-14,53.712109566146516,55.32758153734887,53.63464175575499,54.268550872802734,35218000
2022-12-15,53.261482970892565,53.51750229457883,52.687094549177104,52.71543502807617,36876000
2022-12-16,52.66347270165972,52.885482719872215,52.041848975254425,52.51798629760742,49549000
2022-12-19,52.776144307481864,53.010483248995065,51.98548158639943,52.35795211791992,25092000
2022-12-20,51.93308328650843,52.297933507883045,51.528227526527864,51.82353591918945,29831000
2022-12-21,52.17123390705189,53.527744712361354,52.10264779278429,53.46296691894531,25619000
2022-12-22,52.71231439792483,52.863778734066834,52.126465273764126,52.68754577636719,27553000
2022-12-23,52.3931892707315,52.73803125133864,52.150274375713316,52.624671936035156,13761000
2022-12-27,52.54084599365938,53.1657558506763,52.10169716626355,52.73041534423828,16677000
2022-12-28,52.54941662020851,53.13336153007089,51.67397166159241,51.90640640258789,15410000
2022-12-29,52.569424022778776,53.593469850250436,52.44082051880359,53.13717269897461,18176000
2022-12-30,52.56656438167888,53.31245380636477,52.20362196225097,53.262916564941406,14376000
2023-01-03,53.822092837166295,54.066911885248274,52.46844202088223,52.724693298339844,20173000
2023-01-04,53.63062740464568,54.123125449088995,52.96761614355195,53.36865997314453,17074000
2023-01-05,52.93712498105143,53.330552120696254,52.4998803506908,52.871395111083984,16277000
2023-01-06,53.64300884537392,56.29886570261965,53.564894660241464,56.054046630859375,35261000
2023-01-09,56.42270085486219,57.3152905325012,53.39913776446509,54.95473861694336,37739000
2023-01-10,54.4889237464362,54.787088395725064,52.39224313094047,54.768035888671875,44635000
2023-01-11,54.584183844554,55.09287452895529,54.00023884445268,55.073822021484375,22502000
2023-01-12,54.83091235837849,55.73779435837913,54.65658716742782,55.43581771850586,19514000
2023-01-13,54.97951349672996,55.434858599677725,54.933788206993775,55.15574645996094,19647000
2023-01-17,54.76518737376235,55.76160855934292,54.73089067589177,55.17861557006836,15835000
2023-01-18,55.55679399881921,55.97117787493965,54.65277556206856,54.70707321166992,15703000
2023-01-19,54.21457071088132,54.304117128503506,53.3753265097845,53.65253448486328,22692000
2023-01-20,53.63443423243759,54.427953093287464,53.26101166821151,54.37269973754883,22950000
2023-01-23,54.48892195701298,55.70730121698381,54.27744385972991,55.40627670288086,23429000
2023-01-24,55.102397322858394,55.888292285881995,54.834713797504634,55.730159759521484,13825000
2023-01-25,55.02904969906337,55.91497132434577,54.87377702981519,55.79208755493164,13766000
2023-01-26,56.24266433902527,57.20955632293858,55.84733300914234,57.02094268798828,24525000
2023-01-27,56.519874668044714,57.084767150124804,56.22171001778737,56.297916412353516,19344000
2023-01-30,55.536789664579736,56.16645998134091,55.22814847917259,55.389137268066406,16984000
2023-01-31,55.448192020612915,55.93973431657608,55.32149630883941,55.72825622558594,23719000
2023-02-01,55.591085766124834,57.946877651901374,55.50821117316617,57.418182373046875,26553000
2023-02-02,57.88304899486128,58.40793229197478,57.13239549146033,57.70586395263672,24188000
2023-02-03,56.96569016925566,57.92210565082304,56.7989852788638,56.92949295043945,19093000
2023-02-06,56.52177839680546,57.46294971095664,56.41889921984296,57.280052185058594,18709000
2023-02-07,57.21908432391485,58.776589466297025,57.12953790770742,58.53272247314453,24025000
2023-02-08,57.792548935166344,58.12596234335772,57.21527216857116,57.31910705566406,15290000
2023-02-09,58.356494469926574,58.5784527349344,56.725639038478235,57.100013732910156,18837000
2023-02-10,56.80470677081888,57.009516693798226,56.16836825246826,56.51321029663086,21035000
2023-02-13,56.67990842746541,57.29719436362323,56.53416020779368,57.262901306152344,19847000
2023-02-14,56.60084040762937,57.687759866133575,56.51986998452054,57.376258850097656,17571000
2023-02-15,57.047611324841846,57.94496141378807,56.84184572509255,57.88875961303711,12683000
2023-02-16,57.22766144854646,58.00784402204167,57.113350035131965,57.20765686035156,17449000
2023-02-17,57.15621448079854,57.23718491251172,56.43699776442477,56.736114501953125,14215000
2023-02-21,56.203600564182146,56.49795321218334,55.23575661510259,55.39769744873047,22737000
2023-02-22,55.465338928240485,55.54535727568672,54.498446929371134,54.88615798950195,23475000
2023-02-23,55.79875637294565,55.816856800621146,54.64896313465025,55.612998962402344,18939000
2023-02-24,55.015714196890315,55.27386968553931,54.64229521329534,55.03667449951172,15353000
2023-02-27,55.81018874444512,56.18455980741652,55.65681659981804,55.77017593383789,18321000
2023-02-28,55.78065026852983,57.02094188508516,55.45866909387179,56.612274169921875,27822000
2023-03-01,56.58464698335907,56.98569077251045,56.23218108671939,56.54368209838867,15484000
2023-03-02,56.14549754388279,57.24575707001764,55.834948595832046,57.027610778808594,27525000
2023-03-03,58.842318041260214,60.559863471817344,58.65656065133368,60.276939392089844,46088000
2023-03-06,60.490320805360874,61.35242578942588,60.17881978808286,60.292179107666016,24983000
2023-03-07,60.47794033752049,60.56462688153293,59.395784840803366,59.55200958251953,19334000
2023-03-08,59.80254095107883,60.27407865461096,59.411021590745186,60.22930908203125,20912000
2023-03-09,60.02164044646496,61.199062058043765,59.240505871460535,59.30147171020508,21775000
2023-03-10,59.84160475730648,60.029266326023176,58.377454241069884,58.56892776489258,26098000
2023-03-13,57.8316054275782,59.479609043516845,57.811600841328,58.72514724731445,22364000
2023-03-14,59.3843429913725,60.33504221464649,58.91851781465714,60.24835205078125,25893000
2023-03-15,59.79206006415955,60.020686494690004,58.69942450021668,59.63678741455078,22963000
2023-03-16,59.23765252453591,60.68751450391483,58.85279769951809,60.633216857910156,31716000
2023-03-17,60.63321349067858,60.92566200576967,59.735859725468295,60.106422424316406,79303000
2023-03-20,60.275031872526796,61.41815679305814,60.166436585820186,61.32004165649414,25857000
2023-03-21,61.701901501284645,62.03771098380189,60.861415202142474,61.093605041503906,25000000
2023-03-22,61.10799345951453,62.22096668320951,60.510252608943,60.534236907958984,25799000
2023-03-23,61.29989132901594,62.19027144718914,60.592769863849405,61.3315544128418,27162000
2023-03-24,61.21641655579725,61.33826689946711,60.3068468556763,61.03795623779297,17228000
2023-03-27,61.30949455546429,61.31908754490038,60.06123471297003,60.14278793334961,14707000
2023-03-28,59.98830709726111,60.113996835456625,59.37713383694313,59.93745803833008,12439000
2023-03-29,60.71270095557376,60.83071557254817,59.93170141944035,60.01421356201172,26395000
2023-03-30,60.70790482275243,61.026446210770615,60.37881151335296,60.80577087402344,21523000
2023-03-31,60.49778767225659,61.61843617566172,60.05355652104101,61.553192138671875,22097000
2023-04-03,61.30949281437631,61.77962614443064,61.063870567224775,61.642425537109375,15682000
2023-04-04,61.707663294077406,61.81224553156675,60.637863938789444,60.86909484863281,13429000
2023-04-05,60.55534514673865,60.609074662051604,60.03340023797033,60.350982666015625,16908000
2023-04-06,59.88564543380305,60.292456199023505,59.3876848130099,59.73980712890625,14493000
2023-04-10,59.299419099440065,60.241607222969066,59.14590566265197,60.195552825927734,15400000
2023-04-11,60.52081008551147,60.53040673403785,59.56518958703927,59.637149810791016,16518000
2023-04-12,60.19076345966813,60.208031572547924,59.12768016280259,59.16989517211914,14112000
2023-04-13,59.39728288391592,60.11016158793,59.20922591148675,59.8933219909668,17265000
2023-04-14,59.53256992928946,60.25696319967826,59.0269341373533,59.442378997802734,17465000
2023-04-17,59.35315289040315,60.286707025431355,59.27639433646099,60.19268035888672,13201000
2023-04-18,60.60140575643996,60.97367667075271,60.170610656978354,60.6685676574707,16806000
2023-04-19,60.137984060614485,61.09744389948817,60.01901051354712,60.87772750854492,19060000
2023-04-20,60.240645234808696,61.66736521778306,60.17156547277483,60.73572540283203,20239000
2023-04-21,60.503541128795845,60.8105679964673,59.67744611658101,60.72421646118164,14807000
2023-04-24,60.795213559463534,61.295092062900444,60.617715826297065,60.88156509399414,12338000
2023-04-25,60.82880448745876,61.02069722456793,59.65346742024558,59.68033218383789,23670000
2023-04-26,59.48363816379053,59.78682565345029,58.863827144120194,59.1209602355957,17179000
2023-04-27,59.12096126402745,59.49515005324066,57.87750347156966,59.333961486816406,18250000
2023-04-28,59.39728213263937,60.13702558620839,58.96456553704628,60.11016082763672,16183000
2023-05-01,60.11016565775546,61.308527968934975,60.08137937122353,61.208744049072266,17030000
2023-05-02,60.03915430479971,60.11015558628334,58.04923349826376,58.75156021118164,28357000
2023-05-03,59.189078874386304,59.673607140194704,58.75732485500449,58.83407974243164,19816000
2023-05-04,58.52705011535496,58.90699612334462,57.69136214835543,58.54240036010742,17684000
2023-05-05,59.097930764165675,60.58701066859285,58.850390678639364,60.45748519897461,24876000
2023-05-08,60.42486497973499,60.516014839614336,59.54215998629295,60.35578155517578,13934000
2023-05-09,59.74843703250674,59.877007218182825,59.089287907906346,59.34354782104492,16990000
2023-05-10,59.68416247865965,60.25407968515036,59.32052563256156,60.08809280395508,19174000
2023-05-11,60.117841153876824,60.300137222814314,59.293663962006576,60.22241973876953,14430000
2023-05-12,60.29053796365399,60.705023848687475,59.89044339045449,60.55630874633789,11942000
2023-05-15,60.62539470769538,61.40735323105763,60.29917818591527,61.38624572753906,14614000
2023-05-16,61.44956008046177,62.06841575085257,61.28357687298961,61.54358673095703,14967000
2023-05-17,62.11064473082205,63.4107089534445,61.844873896424055,63.08161926269531,24133000
2023-05-18,62.940551946749984,65.1818482968945,62.940551946749984,65.0417709350586,26389000
2023-05-19,65.24326759734285,65.7182028422939,65.09071676574686,65.45914459228516,22968000
2023-05-22,65.37759359699133,65.69229923872619,64.67910987131354,65.08687591552734,17796000
2023-05-23,66.26414593179197,67.06529412463334,65.4370919099546,65.86692810058594,36088000
2023-05-24,65.3814324878462,65.65679993767169,64.86524845116445,65.19818115234375,23021000
2023-05-25,67.10557496529503,70.26986982507478,66.27660327900594,69.92542266845703,49263000
2023-05-26,71.71291523412938,78.19407222666548,71.67358434281695,77.97819519042969,82500000
2023-05-30,80.12642031611517,88.44110059170829,76.6426170808848,77.07725524902344,116912000
2023-05-31,76.2674611171267,78.83593699909034,75.80980128864901,77.52051544189453,89998000
2023-06-01,76.8162792403946,77.31232571571609,75.33295643924774,75.79254150390625,80792000
2023-06-02,75.85873408232838,79.03742054259924,75.52867820596674,77.90813446044922,62815000
2023-06-05,77.6394927461233,77.6394927461233,76.22716766720812,76.97747039794922,26222000
2023-06-06,76.94866623514615,76.94866623514615,74.49053384119621,75.79731750488281,37823000
2023-06-07,75.7800456312827,77.27967716813328,75.55840775427706,76.04965209960938,28957000
2023-06-08,76.26843558187267,77.23749227341126,75.6802875719692,77.15977478027344,21909000
2023-06-09,77.31327029659289,78.45982443299012,77.12905273176492,77.2000503540039,19241000
2023-06-12,77.82370561288201,82.32165671269972,77.82370561288201,82.068359375,51065000
2023-06-13,82.62197900339086,82.82634152635792,80.69058553108589,81.66156005859375,38990000
2023-06-14,82.12016169377122,85.25183845770152,81.28735420875454,85.02540588378906,43524000
2023-06-15,84.85560809587115,85.19717124736212,83.57088675544605,84.76158142089844,33814000
2023-06-16,85.32286042337856,85.387145531864,83.03646413439155,83.29167938232422,68299000
2023-06-20,82.7687641714252,84.15134766179568,82.61045241419825,83.28399658203125,27535000
2023-06-21,82.95316093886034,83.5319024503352,81.46771973197974,81.76287841796875,23229000
2023-06-22,81.51497459068668,81.88343719066454,80.57161937631129,81.25839233398438,23464000
2023-06-23,80.44623242122904,80.6401078284122,78.98394307659711,79.30224609375,37413000
2023-06-26,79.57714144757644,80.73462419772102,79.11607937427011,79.25208282470703,21372000
2023-06-27,79.93210117762992,81.9885711053486,79.19131250169987,81.83423614501953,24923000
2023-06-28,80.90151074293361,82.81135829249358,80.74042747056241,81.78987884521484,19445000
2023-06-29,82.41781378075706,83.22708628891358,81.642297449295,83.2010498046875,23386000
2023-06-30,83.77496210585662,84.35853110637026,83.3708078802143,83.6698226928711,23145000
2023-07-03,83.78459448026739,84.56685894492371,83.42770043853193,84.53888702392578,9038000
2023-07-05,83.66691883606869,84.58326605590445,83.12194101449177,83.1325454711914,14440000
2023-07-06,81.50628754755101,82.36475554956084,81.44165996518221,81.79566192626953,23939000
2023-07-07,82.0300456033868,82.75926576832852,81.47349190391648,81.67508697509766,19409000
2023-07-10,81.82267490396842,84.80223329685917,81.82267490396842,84.66333770751953,30622000
2023-07-11,84.98936091880383,85.17166782012299,83.39974452865117,85.08003234863281,25498000
2023-07-12,85.75040554809932,86.57897356321205,85.07520110054483,85.842041015625,28197000
2023-07-13,86.70916533141265,86.70916533141265,84.71540261943983,85.8815689086914,25912000
2023-07-14,85.47647695847961,87.13457729746543,85.47647695847961,85.70990753173828,18510000
2023-07-17,85.94428189056975,88.08563176490604,85.82563853819485,87.80976867675781,26819000
2023-07-18,87.3882436486204,87.76635400786301,86.64359142925407,87.14228057861328,24513000
2023-07-19,86.54810278766634,87.3872826258329,85.4253475293678,86.9435806274414,24118000
2023-07-20,86.09185529024144,87.48662473754409,85.46102622997536,85.68673706054688,28268000
2023-07-21,87.24451294224968,87.88691782430492,86.21628540163383,86.49794006347656,74287000
2023-07-24,86.88860188871517,87.33616005912626,86.25487329564166,86.96479797363281,19992000
2023-07-25,86.87122451352192,89.04730173434776,86.87122451352192,88.54669189453125,20042000
2023-07-26,87.67954924551204,87.83580493926277,85.62018706948832,86.14491271972656,19877000
2023-07-27,87.63131242381795,87.76153162664231,85.46102671919293,86.18734741210938,21922000
2023-07-28,86.74582855663179,87.15481027627204,86.22785127694489,86.7911605834961,18791000
2023-07-31,86.5702897200348,86.90788826383684,85.9433167906331,86.68121337890625,14952000
2023-08-01,86.71303603302943,88.80036244685786,86.5895651331489,88.74056243896484,19683000
2023-08-02,87.99785315106743,88.06537285554077,85.87482758774196,86.06871032714844,26877000
2023-08-03,85.52083914613075,86.36097566665123,84.98646572128142,85.3626480102539,18281000
2023-08-04,85.36263768272421,86.19602581103351,84.24276732593044,85.04143524169922,21156000
2023-08-07,85.62309095915593,86.5577625615885,85.39063179029671,86.52786254882812,11146000
2023-08-08,85.8555367458844,85.90472494106275,84.24566098627673,85.18708801269531,14081000
2023-08-09,85.14466761158982,85.2227917886732,81.8651226891779,82.05899810791016,24672000
2023-08-10,82.28949844991578,83.09781403780902,80.74136572633765,81.3037109375,20186000
2023-08-11,80.44621590799439,80.67674692939283,79.4305209248369,80.03627014160156,20331000
2023-08-14,80.16842337838699,82.39176079442989,79.80670909611817,82.38404846191406,17688000
2023-08-15,81.91238704323813,82.4342206607151,80.6825640730184,81.26708984375,14035000
2023-08-16,81.77539319176843,82.42261826649724,80.24847658009287,80.34783172607422,16003000
2023-08-17,80.68734933142942,80.96803991408741,79.7710022426037,79.7796859741211,19228000
2023-08-18,79.09485562776862,79.88291176501689,78.32319555605449,79.65816497802734,17759000
2023-08-21,80.45104667206724,83.6611433641877,80.23016339570826,83.44893646240234,30012000
2023-08-22,84.2466416989415,84.37588950974434,82.07345636517482,82.54706573486328,17079000
2023-08-23,82.06285337666712,84.70770532602194,81.9885780149526,84.55240631103516,19692000
2023-08-24,87.03809578481447,87.76248833405599,82.22585088193533,82.41876220703125,30934000
2023-08-25,82.66570480442995,83.86369941117216,80.79925406615207,82.16412353515625,24181000
2023-08-28,82.60493392606195,83.35151422622556,81.70981027095696,83.05731964111328,14306000
2023-08-29,82.79882421235246,86.12080910246628,82.60784091578915,85.84011840820312,27822000
2023-08-30,86.07739190719734,86.6870047265372,84.7964455278454,86.06678009033203,23234000
2023-08-31,86.61948762562669,89.09457255888145,86.2105058364148,89.01934051513672,55203000
2023-09-01,86.99181230715038,86.99181230715038,83.40264822573091,84.16079711914062,65017000
2023-09-05,83.87045478344035,85.17166818138489,83.6283478617135,84.12703704833984,24808000
2023-09-06,84.15886064894332,84.62860648324524,83.60327095643343,84.13667297363281,20142000
2023-09-07,82.90490748577923,83.11615032612075,81.07415582707448,82.66666412353516,27789000
2023-09-08,82.47085669949473,83.03320201594701,82.00014684571946,82.7168197631836,16810000
2023-09-11,83.79907332089138,83.82126099590785,81.5689875293015,82.87019348144531,15710000
2023-09-12,82.01172497043106,82.78627719889212,81.18412101785358,81.45999145507812,16680000
2023-09-13,81.71753284280413,82.86730334105883,81.43298602266105,82.27119445800781,17413000
2023-09-14,82.85957875227011,84.56108268192752,82.47085658692174,84.0759048461914,19648000
2023-09-15,83.74023576783536,83.74023576783536,81.30372737402509,82.15061950683594,50190000
2023-09-18,81.2728774151217,82.59916337200933,81.02401482077205,81.98858642578125,16541000
2023-09-19,81.60178085303495,82.08792275452184,80.87931629211045,81.91140747070312,13126000
2023-09-20,82.43415210230243,82.43415210230243,80.52941890447455,80.55075073242188,13681000
2023-09-21,77.11175158933398,79.76810053499011,77.10981300495443,78.39676666259766,53654000
2023-09-22,78.67607054818298,80.55170994648277,78.59266703290785,80.40623474121094,27764000
2023-09-25,80.30151775894362,81.32565278337803,79.81757452227966,80.87274169921875,15648000
2023-09-26,80.41497255817158,80.52165389109894,78.67316931377135,79.15614318847656,17641000
2023-09-27,79.45386491550154,79.8825213581891,78.01076669342487,79.21625518798828,15352000
2023-09-28,79.542128660809,81.35473462941971,79.00969868746779,80.6894302368164,16180000
2023-09-29,81.12098959307967,81.85708919767535,79.8078504659115,80.55170440673828,16481000
2023-10-02,80.40429371086248,81.3256317167698,79.86507135508944,80.97552490234375,14676000
2023-10-03,80.20451079202188,81.05310752155914,78.45009950275144,79.02423858642578,18761000
2023-10-04,79.55764295193676,80.55171495067765,79.16680363703682,79.8951416015625,16417000
2023-10-05,79.53630956742306,80.36259781773362,79.08727573608874,79.89999389648438,11474000
2023-10-06,79.46744499609092,82.27896165220017,78.72261435457688,81.97541046142578,21103000
2023-10-09,81.50990127483348,83.07617381647052,81.25483685246734,83.00537109375,15760000
2023-10-10,83.12853525110981,84.62206644008059,82.98985248473818,83.25074005126953,14718000
2023-10-11,83.37680338239413,84.89263548521468,83.0703369295265,84.8169937133789,14334000
2023-10-12,84.99836016186411,89.02313491236436,84.99836016186411,87.82733917236328,43871000
2023-10-13,88.15709643745353,89.79707239316834,85.54729545470222,85.65300750732422,28312000
2023-10-16,86.40849256304061,88.81560024774376,86.40849256304061,87.53349304199219,21150000
2023-10-17,85.8440504361535,86.6034205508036,83.98683486465302,85.77131652832031,33008000
2023-10-18,85.33973109053575,86.86041706004177,84.87905841737124,86.0263671875,20404000
2023-10-19,86.02542226826522,86.26496324716692,83.95484377951271,84.16432189941406,26620000
2023-10-20,84.84998711821565,84.84998711821565,82.61357090657116,82.78717041015625,26953000
2023-10-23,83.20709144022366,84.72390042283838,81.73877666031464,83.6202392578125,16456000
2023-10-24,83.79286356132617,85.63553214712009,83.70751406652367,85.45223236083984,14972000
2023-10-25,85.06042581827896,85.22141709284061,82.05493966161255,82.39922332763672,21432000
2023-10-26,82.2324139815585,82.863770865849,79.36464137217686,80.18026733398438,27917000
2023-10-27,80.4954792041754,81.48567419169065,80.35388113598127,81.3062515258789,18236000
2023-10-30,81.57196292480839,82.37982714499095,80.21905321172572,81.58650970458984,20889000
2023-10-31,81.84256225511456,81.99870709972176,80.74763195586934,81.5981674194336,14747000
2023-11-01,81.65924765226698,82.80655652203764,81.03565247729874,82.7202377319336,18684000
2023-11-02,83.59890179793516,85.39308374745711,83.40493978137008,84.50083923339844,18759000
2023-11-03,85.10213272214968,86.07195759647618,84.4775682259804,85.60449981689453,18041000
2023-11-06,85.49588229871681,85.91581517880478,84.4921173732516,85.42508697509766,12870000
2023-11-07,85.5695833224323,87.45589224876869,84.97216645530409,87.07280731201172,19365000
2023-11-08,87.28424098312871,88.5362852839472,87.18725997298282,88.36365509033203,15280000
2023-11-09,88.4965212202946,90.17432153578014,88.11441293649797,88.38790130615234,24486000
2023-11-10,89.39264203366653,93.00135366620209,89.05028952970771,92.8626708984375,36272000
2023-11-13,92.1382066128435,92.36611604304916,91.21008352709333,91.83562469482422,16893000
2023-11-14,93.33011124794893,94.72956905871557,92.6425058912258,94.36006164550781,23886000
2023-11-15,94.99530381050887,95.21255101394404,93.7733299115505,94.59671020507812,16099000
2023-11-16,93.49112686142442,93.94694577277562,92.18380324035944,93.05955505371094,26198000
2023-11-17,92.9295838076446,95.42009472990367,92.23033945708994,94.82268524169922,19789000
2023-11-20,94.36396815153009,96.96988429149313,94.36396815153009,96.56643676757812,18674000
2023-11-21,94.55793133933894,96.10964975840548,94.23110228901545,95.15922546386719,43344000
2023-11-22,95.40071456513758,95.81773959337335,94.17000201618558,94.26698303222656,33743000
2023-11-24,94.55405761719892,95.0292697817903,93.757832143759,94.93325805664062,23158000
2023-11-27,94.66944337843039,95.14077827846585,92.06837410033484,92.15663146972656,96962000
2023-11-28,91.15772416675401,92.21676833256427,90.59716253745347,91.77938079833984,39025000
2023-11-29,91.97237945152712,93.04791645158026,91.10244338860534,91.2440414428711,34843000
2023-11-30,91.26051738955093,91.39823086156636,89.06580326880469,89.77959442138672,49571000
2023-12-01,89.46246452707176,90.57194142368301,88.06009863391868,90.19371032714844,29612000
2023-12-04,89.28596535669365,90.28779172842295,88.87863326225973,89.60891723632812,25009000
2023-12-05,88.40924947041536,88.95913414176832,87.85159566272858,88.55665588378906,37066000
2023-12-06,89.25878900321533,89.31794540936913,87.58486618638202,87.63723754882812,24813000
2023-12-07,87.82151757100434,89.623453743816,87.63724848748471,89.44306182861328,43517000
2023-12-08,89.98421600323573,92.20414626957341,88.30545404259917,91.58055114746094,69668000
2023-12-11,92.81320804708079,100.81426336730534,92.72398877453544,99.8182601928711,101184000
2023-12-12,99.69703044980062,104.68192969697954,99.36631685381435,103.99237823486328,90242000
2023-12-13,103.57729828407686,106.65939565965374,103.04776881847035,105.68084716796875,71654000
2023-12-14,105.92233857553803,108.76198725485614,105.73806947610909,107.3101577758789,66964000
2023-12-15,106.21716335855426,111.51822205696652,106.15896883443844,109.56499481201172,118544000
2023-12-18,108.69796304455127,111.70635696475635,108.48847757738243,111.23889923095703,54741000
2023-12-19,111.26326999934332,112.08751521506593,110.33867658759902,111.02749633789062,36020000
2023-12-20,110.3571763043442,111.20091130126299,108.07345967770354,108.18257904052734,34523000
2023-12-21,110.35231281158805,110.62218998424619,108.6327015829798,109.83009338378906,24106000
2023-12-22,109.897320883602,110.28898360201018,108.48948031872774,109.31275177001953,19089000
2023-12-26,109.53294002297682,110.62998359327405,109.4140757345732,110.27826690673828,16793000
2023-12-27,110.67869327083996,111.02651496075372,109.40822573089424,109.7209701538086,20055000
2023-12-28,110.25878200058155,110.31236793601462,109.0272866679593,109.35464477539062,21247000
2023-12-29,109.26209950180774,109.54659036183699,108.600559576511,108.7544937133789,20558000
2024-01-02,106.4035433224118,107.3661352751028,104.93919551067518,105.74687957763672,28831000
2024-01-03,104.26790137241268,104.73556110189391,102.81719361172073,103.13578796386719,34735000
2024-01-04,103.07538854212149,104.19971206900784,102.04362322118124,102.20340728759766,25658000
2024-01-05,102.45574961776046,102.83181750372839,101.47269405562675,102.2297134399414,22475000
2024-01-08,102.93312899040635,105.02784154314261,102.49469663293206,104.72093963623047,33110000
2024-01-09,103.82168742917877,106.0557282058068,103.73303165476979,105.4653091430664,23225000
2024-01-10,105.25679884800073,105.51108114129427,103.52744287788698,105.27822875976562,17643000
2024-01-11,105.64359570676389,107.29792856503063,104.68782006162705,107.16932678222656,25757000
2024-01-12,108.35015247146762,108.69992165326497,107.1722431491279,107.91951751708984,26882000
2024-01-16,108.37355117567915,109.72780588572951,107.0378051336568,108.62881469726562,26145000
2024-01-17,107.78410262528232,108.44856378762118,106.21745913815245,107.52883911132812,18314000
2024-01-18,109.59724814525283,111.7065747261023,109.30301979193355,111.4493637084961,32228000
2024-01-19,112.75490691817377,118.57040460153956,112.62727144391988,118.00532531738281,53077000
2024-01-22,118.49733365013604,119.9665575964224,117.7149819521411,118.91140747070312,31222000
2024-01-23,118.96010430245768,119.54272586213533,117.25705437933878,119.47744750976562,16952000
2024-01-24,121.03535287822235,125.1517029338199,119.935380510947,122.16259765625,34805000
2024-01-25,124.805831231192,124.805831231192,119.72005829965786,119.83697509765625,36356000
2024-01-26,118.83345603206325,118.98057391129218,116.93652588727838,117.38956451416016,25818000
2024-01-29,118.36677553658217,119.22024807892089,117.40028862786053,118.64542388916016,21526000
2024-01-30,118.54798814320127,119.64211044066559,117.33208031289146,117.7091293334961,20683000
2024-01-31,115.88623631599417,116.64325557162066,114.41117006554703,114.96553802490234,27400000
2024-02-01,115.68164964562123,117.21517073139772,114.8788418018393,116.91509246826172,19411000
2024-02-02,117.76662260886611,120.29391797595295,117.41587964284143,119.28553009033203,26689000
2024-02-05,119.54078790609987,121.56632732335085,119.07215441349987,121.11328125,22045000
2024-02-06,123.10765463829503,123.93968987840461,118.0774223797239,119.12088012695312,25354000
2024-02-07,120.22669670785065,122.7120912225401,119.51546582369735,122.47339630126953,25768000
2024-02-08,123.44181516588203,126.26431981412406,123.24793503246629,124.19786071777344,29326000
2024-02-09,121.98331502835264,125.26859572461576,121.68713178086908,125.04353332519531,26293000
2024-02-12,125.68365542440796,125.68949791904458,122.66239440974617,123.24696350097656,24778000
2024-02-13,120.33579731592674,122.35743416171657,119.55344569534454,121.9462890625,31907000
2024-02-14,123.66007867380064,124.02640907887499,120.9398767638485,122.97612762451172,27306000
2024-02-15,124.70353360489064,124.70840235090546,121.2837933028784,123.25379943847656,21873000
2024-02-16,122.66628601345786,124.28749646508605,121.04410181275051,121.34515380859375,21268000
2024-02-20,120.40789767584704,120.58911907443505,118.13781348035978,119.50083923339844,26329000
2024-02-21,118.6678331093782,119.64698617469715,117.171329361616,119.58853149414062,20579000
2024-02-22,124.87499578003353,127.72672777538213,124.364468794608,127.13436126708984,40819000
2024-02-23,127.47243671041038,128.5685065159281,125.56770917552068,126.30328369140625,23115000
2024-02-26,127.63123884406505,128.48763257310475,126.79919627511576,127.54647064208984,16282000
2024-02-27,127.54648553078428,127.82026515018171,125.89897623445269,126.28966522216797,12126000
2024-02-28,125.9749780423394,126.51278494321329,124.99776494483986,125.62618255615234,10967000
2024-02-29,126.97944257175719,127.47535590339861,125.41766791073864,126.70469665527344,27536000
2024-03-01,129.18329069361698,137.15585844448555,128.60553779820953,136.31895446777344,44488000
2024-03-04,136.70669555623883,140.1186378953868,134.95687594662022,136.61997985839844,34854000
2024-03-05,135.9126471645072,135.9126471645072,129.8107046874111,130.82200622558594,36040000
2024-03-06,135.57946013148046,135.89609955774137,131.24193557718837,131.52838134765625,43196000
2024-03-07,134.6451206875726,137.79400230557633,133.75851840850194,137.08277893066406,62832000
2024-03-08,135.83960954631698,137.66639285149498,126.81091740384204,127.50654602050781,74025000
2024-03-11,124.50670589638382,126.56146506719976,122.03494426750336,125.98664093017578,31105000
2024-03-12,127.33895617909376,127.41593439184183,122.68967579877288,125.8658447265625,42789000
2024-03-13,124.98899208301786,124.98899208301786,122.01548161389276,122.55231475830078,37838000
2024-03-14,123.00730127344794,124.03907404932852,121.56244326728905,122.98099517822266,38029000
2024-03-15,122.12264560847673,123.47787399637734,119.8437975686053,120.37283325195312,88823000
2024-03-18,122.17330620907126,123.04041864851733,120.00259642990383,120.54235076904297,25737000
2024-03-19,118.56553267565599,120.83756447427538,117.3057837353209,120.61737823486328,24491000
2024-03-20,121.22988363197064,126.02126874238743,120.01368687170952,124.84812927246094,40946000
2024-03-21,129.96730821755474,137.333927551332,128.7618831334293,131.8928680419922,72468000
2024-03-22,132.08855344488185,134.6540008304524,131.71186183382864,132.42807006835938,38624000
2024-03-25,131.60224554462437,132.9143132691267,130.86253812136624,132.2431182861328,21237000
2024-03-26,133.52584217864126,135.01796229772262,130.18155702696015,130.27745056152344,23522000
2024-03-27,132.08853726192024,132.08853726192024,126.80695753560768,129.0289764404297,25583000
2024-03-28,128.947745659259,130.14046530414598,128.3244899632877,129.68255615234375,19856000
2024-04-01,129.7089855954184,133.35855386411527,129.682574933658,132.11398315429688,17252000
2024-04-02,128.74131072654404,131.34199191781605,127.530018398455,130.98878479003906,24694000
2024-04-03,129.93598168647654,134.71269810000894,129.66885928785766,133.38104248046875,28650000
2024-04-04,135.5443328722951,137.3700869606182,128.66399150464747,128.90859985351562,27014000
2024-04-05,129.74029766182892,133.1873142401752,128.58573828303858,131.0543212890625,19438000
2024-04-08,130.4888193981419,131.3547278719865,128.73741466587566,130.72853088378906,17139000
2024-04-09,132.80965067213126,133.01609874338106,128.0417423202271,130.5308837890625,17986000
2024-04-10,129.44676135435017,130.69425815585743,128.71098040137522,129.38511657714844,17467000
2024-04-11,130.39388727276585,136.18522672187913,129.5103618987482,135.2645263671875,31713000
2024-04-12,132.2851831414816,133.70390864009278,130.77937264772802,131.50830078125,27823000
2024-04-15,134.04538287430884,134.04538287430884,127.78341475571405,128.24229431152344,24370000
2024-04-16,128.70117985905543,130.75002879886983,128.27263745330438,130.03968811035156,18923000
2024-04-17,131.4143885082251,131.79499162138106,125.37842593716422,125.49681854248047,24718000
2024-04-18,126.02225185840108,126.47721990357525,122.83842357889733,123.1838150024414,24888000
2024-04-19,123.18381019630128,123.28262995653998,117.17328751387598,117.87287139892578,44797000
2024-04-22,119.80918654774412,120.66042643308569,117.46486355780483,119.8052749633789,25162000
2024-04-23,120.16828021842464,123.07716287996155,120.15360431167987,122.22494506835938,22025000
2024-04-24,123.66422010940437,125.78937498777448,121.81106964800318,122.97148895263672,20108000
2024-04-25,124.50077359556775,127.98203121551052,122.98908816234066,126.650390625,30410000
2024-04-26,128.174780328585,132.65893348751203,127.50260002063074,131.50830078125,24100000
2024-04-29,131.50932761749758,132.3801330544282,129.71096890017154,130.97509765625,13372000
2024-04-30,130.02208436700482,131.92710067243522,127.10341527387862,127.2227783203125,22113000
2024-05-01,125.07609947662685,126.44981956016723,121.45785402425706,121.60559844970703,30958000
2024-05-02,122.91864638796821,123.7180278990024,119.69275389311025,121.18584442138672,29480000
2024-05-03,123.18478336627757,125.61912498251701,122.02435665686117,125.0545654296875,24898000
2024-05-06,125.8480810252115,128.25013731200056,124.75713711294637,128.20513916015625,16287000
2024-05-07,128.80490844374174,129.05441378605803,126.87934887425607,127.50066375732422,12413000
2024-05-08,126.56037075084562,130.90558802079534,126.07016867267377,129.6786346435547,13918000
2024-05-09,128.94090764035087,129.31074642910377,127.39203975320491,127.75112915039062,12170000
2024-05-10,128.694381128419,131.50149597931113,128.694381128419,130.40565490722656,16300000
2024-05-13,131.89282779263297,132.90942154765176,130.14240897377874,130.866455078125,18507000
2024-05-14,130.36060238005965,135.21853604561534,129.7207149939449,135.02676391601562,19420000
2024-05-15,135.02381874194919,140.79168822287514,134.04342948080546,140.51968383789062,32757000
2024-05-16,139.52462197906328,141.4227704132394,137.4757730494092,138.1675262451172,28395000
2024-05-17,138.19589027960353,138.89155497209083,135.19796004427155,136.51983642578125,18174000
2024-05-20,136.5893447936618,138.63817914297874,136.31145804899705,138.35345458984375,27170000
2024-05-21,136.85153958852086,137.8994410808292,136.34079417183352,136.9024200439453,15333000
2024-05-22,136.5903039309471,137.4699177482611,135.4367299060918,136.221435546875,21002000
2024-05-23,139.76238048259123,139.8181429515984,134.8281409961304,136.32415771484375,31039000
2024-05-24,136.96014045159765,138.30939803648116,136.1998897739975,137.74777221679688,16730000
2024-05-28,137.95909538155996,138.6616127606908,136.25074868887214,138.1988067626953,22919000
2024-05-29,136.8926471027237,136.8926471027237,135.3173684262947,136.0678253173828,26861000
2024-05-30,134.9259989488973,135.29585273361502,132.64037929806747,133.4661865234375,21717000
2024-05-31,133.20005388337256,133.31649072036788,127.90672389790103,129.98980712890625,73091000
2024-06-03,132.35271916890792,132.382070982956,127.44391939875173,129.33914184570312,26278000
2024-06-04,129.19236372457044,130.32637983267387,127.88225166750802,130.21189880371094,23048000
2024-06-05,131.69717869738804,138.38476450895385,131.16294877473075,138.26148986816406,32947000
2024-06-06,139.12052057200086,139.20075283561036,135.8300571922577,137.10494995117188,20172000
2024-06-07,137.7419109599114,139.42677356410266,136.68911257387154,137.63037109375,17859000
2024-06-10,137.9395424891389,141.77989673538454,137.8739861347027,140.94039916992188,31042000
2024-06-11,140.71830362685802,143.3414834242145,138.5686792813026,142.95205688476562,34844000
2024-06-12,146.76505110614517,147.3325444286545,144.45594703821996,146.3257293701172,56697000
2024-06-13,167.3121510576385,169.84140856521483,161.68811346644594,164.2780303955078,89061000
2024-06-14,165.04807430126445,170.95585158238543,164.58234188304343,169.7621612548828,69705000
2024-06-17,176.11804818449212,180.32531565484183,174.0222450832244,178.94277954101562,87528000
2024-06-18,179.9916627659835,181.16872123041227,174.6513795666703,176.36460876464844,86797000
2024-06-20,176.4565707685911,176.58280147678033,168.50778351017973,169.7151641845703,68157000
2024-06-21,165.90906191210786,167.70350872977403,161.58047571912851,162.2859344482422,99289000
2024-06-24,161.17383558386638,163.03385874780497,156.12969227732336,156.28182983398438,58575000
2024-06-25,157.05922394772028,157.6393176769384,153.5129120249764,155.16091918945312,53329000
2024-06-26,156.81283739250247,158.83088404124967,154.4541961345082,156.26121520996094,46479000
2024-06-27,156.26121497841575,157.59807240668803,154.19998930548306,155.73707580566406,31649000
2024-06-28,156.64205060510912,160.89703438806663,155.67229729741456,157.5892333984375,69377000
2024-07-01,157.8513162560266,161.83145493361152,156.40845083494654,161.05113220214844,47623000
2024-07-02,161.05116097748055,162.85719183501746,159.20586011423433,162.68836975097656,32539000
2024-07-03,163.91725502743586,169.7299346923828,163.3734807798238,169.7299346923828,39954000
2024-07-05,172.31527546724,173.28797919405517,166.4692281187472,167.1867218017578,45240000
2024-07-08,167.3526473587592,172.44684470988977,167.3526473587592,171.36322021484375,36398000
2024-07-09,172.41345619357708,173.82883868577827,167.40759445481356,170.13136291503906,37802000
2024-07-10,171.37696084479157,173.38813318233147,169.4492110545592,171.2483673095703,41074000
2024-07-11,173.20850262223414,173.229111135426,163.7700132600035,167.4458770751953,51026000
2024-07-12,167.9444989544269,169.4050374963327,166.00890122333848,166.92762756347656,30453000
2024-07-15,166.86184511358684,170.307046053288,166.13549992544833,168.25563049316406,22999200
2024-07-16,169.2175367334014,169.61997183902838,163.3282951072675,166.2532958984375,22244900
2024-07-17,159.31384630705983,159.83406160702833,152.7375275335678,153.10069274902344,43343400
2024-07-18,155.95695385905861,158.52858491936303,151.05906186180724,157.55686950683594,37973500
2024-07-19,158.85246424081967,160.92351468624966,154.2195932441906,154.4453582763672,26309500
2024-07-22,157.27220327175053,159.98126417461359,154.98521249993337,158.08688354492188,28813300
2024-07-23,157.43905574412355,162.2780571379185,156.94828560155818,160.74685668945312,21570200
2024-07-24,157.38999841186433,158.43042876866735,148.3107503302029,148.5463104248047,37162600
2024-07-25,148.46778030596994,150.7155159789399,142.8337485723704,146.50469970703125,30872100
2024-07-26,150.6664387358079,150.74496375846167,147.15252260191423,148.83096313476562,20839900
2024-07-29,149.21376657294806,152.13875259044912,146.39673561473697,147.44699096679688,16625800
2024-07-30,150.450510631485,150.63700570297806,140.70382169270624,140.8706817626953,31102300
2024-07-31,148.6739193853021,158.35190792473887,148.21259421837354,157.71389770507812,45827500
2024-08-01,154.5925990619924,155.97657449572202,143.47174553539,144.30606079101562,40320000
2024-08-02,139.31002016158166,142.66690147037536,137.0230442360631,141.16514587402344,33745800
2024-08-05,127.21742245551687,142.73557019844398,126.12791226411194,139.4572296142578,41309300
2024-08-06,139.11372959248519,146.16119810579747,137.6610538594336,141.2633056640625,24751300
2024-08-07,145.5133665845855,147.32922234394192,133.32263642244305,133.7545166015625,29749800
2024-08-08,138.59349624137536,143.5699130701266,135.84518022992472,143.04969787597656,27583200
2024-08-09,141.53812636918352,146.78937363673435,141.4497913253922,145.52317810058594,18438700
2024-08-12,145.34651586918068,148.34021732435176,143.66807506083256,145.8765411376953,17778500
2024-08-13,148.75245697233348,153.49329910418666,147.0445712115848,153.27735900878906,22053600
2024-08-14,155.10302391070806,157.2918548896827,151.86393747605845,154.77911376953125,20184200
2024-08-15,158.22430683669947,163.59333393301847,157.38018150774116,163.0633087158203,27945000
2024-08-16,161.43393279106274,163.02402326913696,159.67696728372638,162.66085815429688,19296900
2024-08-19,161.81675480339456,164.7319310591086,157.45871292708998,164.61415100097656,20441700
2024-08-20,163.96632763349973,165.26195317986267,161.11985147302707,162.88662719726562,19417500
2024-08-21,162.071952056372,163.39703763628322,159.87331106431824,162.7197723388672,16097700
2024-08-22,167.68635495000967,169.23719054789794,158.5089613818946,159.34326171875,30044500
2024-08-23,161.98359682629626,165.17360284689565,160.4425863213689,163.28904724121094,18848000
2024-08-26,161.9149301717122,162.64126056847562,155.7312219231044,156.67349243164062,18521200
2024-08-27,154.6907657677371,159.03898234656108,152.953435147716,158.41079711914062,16683100
2024-08-28,157.12499131539744,159.28437723139257,153.36568973144605,155.2600555419922,18063600
2024-08-29,155.56435783684472,160.1874051630552,152.54121132679558,154.03314208984375,23519300
2024-08-30,158.14576166857734,160.22663720119044,155.7802610280248,159.81439208984375,25158500
2024-09-03,157.41946211145924,157.77281727242678,148.5855980643896,149.9695587158203,37179100
2024-09-04,147.52550266830764,154.87722956033156,146.3967223937893,151.2749786376953,20324100
2024-09-05,147.79055735610302,153.47367014896548,147.339042145085,149.9990234375,31548500
2024-09-06,140.60566650167868,140.85105160901145,134.07842863747427,134.47103881835938,76634600
2024-09-09,136.54207942207105,138.97629530957235,132.4097879364111,138.22052001953125,39516700
2024-09-10,138.61313320939013,147.09364146582834,138.4364481534656,145.47410583496094,36067500
2024-09-11,145.65080855923492,155.93734982004628,142.36264156912532,155.3484344482422,39700800
2024-09-12,155.18153554909492,163.24979843587147,153.93497510920878,161.52227783203125,43530700
2024-09-13,163.66203737761933,164.9772978041084,161.0118665476484,164.59449768066406,29850000
2024-09-16,162.14063355219497,162.44490862821146,157.44887243469742,160.9922332763672,26126900
2024-09-17,162.43509610675034,162.95531122424336,157.73351007424108,159.47084045410156,19844300
2024-09-18,160.7468793073828,164.37857587794207,158.38136329286934,158.68563842773438,26557600
2024-09-19,165.12601432007654,167.41068499860143,163.1367922937915,164.86997985839844,32453100
2024-09-20,164.63362055672863,169.3999123835458,163.9344432093499,168.49392700195312,91758500
2024-09-23,169.3802383596811,170.68014042487118,165.78583814922814,170.30592346191406,29431100
2024-09-24,170.1778769146741,173.30944919939392,169.06508347345525,172.1769561767578,34223400
2024-09-25,171.98985960483046,174.44193925069848,171.11341600091745,172.84661865234375,16613800
2024-09-26,175.78121544409854,177.50456069355047,172.33452494519466,175.37745666503906,24340000
2024-09-27,175.45625160353208,175.75168524259593,169.1438801219307,170.05972290039062,20580900
2024-09-30,169.25221047051573,170.28622072570673,167.04633795424647,169.87261962890625,16902000
2024-10-01,169.5377877061752,169.62641328530555,163.2746579992011,164.91921997070312,23770400
2024-10-02,164.99800701515593,170.207427089388,164.4760807799327,168.06063842773438,14317800
2024-10-03,167.03648219557795,172.27545952297538,166.61303881625972,169.27191162109375,13072300
2024-10-04,173.6147214394114,174.2055736320958,169.971080325536,173.9495391845703,17921400
2024-10-07,172.157280353437,175.59411367936042,171.21189574037092,172.41331481933594,15588300
2024-10-08,172.74814438098463,178.83402349454272,172.22621810916044,177.97726440429688,20774200
2024-10-09,176.5099619603093,183.58059460501644,173.7329067813826,183.1177520751953,25504100
2024-10-10,180.76414737169245,183.47226140461768,179.7498367723798,182.86170959472656,16318000
2024-10-11,178.38101778945196,179.80892952783424,174.69797711010617,178.71583557128906,23070000
2024-10-14,180.50809899361414,182.13296127755726,177.38638413402418,179.53317260742188,17195800
2024-10-15,178.036326092086,178.93246921255107,170.72934416461692,173.29959106445312,27657500
2024-10-16,175.79104693948779,176.5197811526262,172.6594898337926,174.12680053710938,15285100
2024-10-17,178.60747858156097,182.6844200394716,177.93784313719354,178.76504516601562,25232400
2024-10-18,179.54301994686622,179.92707910319567,175.95844778595625,177.1500244140625,17835200
2024-10-21,176.64782560944496,178.9521809097611,175.5350320982212,177.24853515625,13695100
2024-10-22,175.93879243041238,177.93787183567295,174.7078314652825,176.6478271484375,12062600
2024-10-23,174.88507626465145,176.2539042069865,169.94154802765917,170.86721801757812,19513700
2024-10-24,171.60577762415627,171.6451767844877,166.91828431197067,168.7401123046875,20485200
2024-10-25,171.5368674269129,174.10711441242884,170.0892561921753,170.364990234375,19977700
2024-10-28,170.36497138467075,171.3201981488799,168.74010917103237,169.39990234375,13195800
2024-10-29,169.81353318693678,177.48487547812135,168.60227177809276,176.5099639892578,23702300
2024-10-30,174.76689899284244,176.46070232601738,172.94507092271598,173.9495391845703,17911500
2024-10-31,171.79289921327515,171.79289921327515,164.83059221652942,167.18418884277344,26086600
2024-11-01,165.69718646200965,168.72043377359887,164.94876761248818,166.34713745117188,17847000
2024-11-04,166.7016497943099,169.82336487239834,165.85474808351398,165.98277282714844,13621300
2024-11-05,167.4599011776425,171.74363551406498,167.4599011776425,171.25125122070312,13441800
2024-11-06,176.89399936048798,177.46516698695774,173.279900178261,176.81521606445312,24300800
2024-11-07,179.21808921653533,182.05421329918622,179.0211234245569,181.01036071777344,18970600
2024-11-08,180.20281716710556,182.23143814241791,179.0604819489995,180.84291076660156,13503200
2024-11-11,180.60658441135388,180.8330920449433,174.1268191995828,176.1849822998047,17036700
2024-11-12,176.17510724409112,176.82505816595025,170.56192888798333,173.5359344482422,15862000
2024-11-13,172.04895069515126,172.91553695591313,169.9710880826699,170.9361572265625,17472500
2024-11-14,172.10804651859743,172.89586455991477,167.2826704070158,167.784912109375,20638900
2024-11-15,165.90396901498798,166.56376218086552,160.94072680323902,162.32925415039062,20836200
2024-11-18,163.1367794270212,163.8162722049967,159.7491728406013,163.14662170410156,17856900
2024-11-19,164.12154167929168,164.25940868492216,161.80732941366207,162.8314971923828,18003400
2024-11-20,163.0185869869749,163.0185869869749,158.40987716422802,160.7634735107422,17196700
2024-11-21,163.71779112510717,163.80641669893456,158.15385415907554,161.44297790527344,24835300
2024-11-22,161.79750242388442,162.39821193939696,159.9264328548296,161.7285614013672,17332500
2024-11-25,162.88073819838587,164.6828667361483,160.40897415223242,162.30958557128906,26850600
2024-11-26,162.09292217770678,163.83595183025784,160.21201049191544,162.2307891845703,16308800
2024-11-27,160.7142542771958,160.7142542771958,155.1404596401126,157.23802185058594,19722700
2024-11-29,157.1395638586093,160.21203769111145,156.6570217394774,159.611328125,11024000
2024-12-02,160.46807193406607,165.81537429777183,160.27112118059466,163.97384643554688,21472400
2024-12-03,161.97475258030275,165.70703439138606,161.53160966781047,165.58885192871094,17024400
2024-12-04,170.7982660227075,172.71856176083662,165.99259051282445,167.96212768554688,32748200
2024-12-05,168.14925392873312,169.7741162577569,166.62285945294784,167.87351989746094,18490000
2024-12-06,167.5091701403194,177.92801027685312,166.7508939965435,176.7955322265625,27830800
2024-12-09,176.2243655934773,178.0363364952308,173.33900035576553,176.2145233154297,20886300
2024-12-10,175.10171189735323,175.7812046725768,167.14477937287467,169.19309997558594,27762600
2024-12-11,177.26822263943993,182.05419951024584,173.74274860464735,180.40963745117188,41295200
2024-12-12,178.1741866560525,179.22789633618459,173.30944209194155,177.90830993652344,46967200
2024-12-13,210.6420192189874,225.2165990049884,207.89452115368664,221.37600708007812,121336600
2024-12-16,228.25952497408727,248.04353911019862,227.29445587825032,246.19216918945312,111623200
2024-12-17,236.98456965784453,238.77685581385265,230.23891341986442,236.5709686279297,70382100
2024-12-18,235.76348033602866,236.19678097240765,215.88099768798963,220.21397399902344,53960100
2024-12-19,224.43863322495875,224.57650023895613,214.26597096827922,214.9947052001953,40845200
2024-12-20,217.00361968267626,226.7823651360186,215.5757081496128,217.42706298828125,131910400
2024-12-23,223.8353587038701,230.46085311505627,222.29500575780116,229.42408752441406,40643800
2024-12-24,237.09622001612445,237.20483541444264,231.8432213701201,236.66175842285156,22827200
2024-12-26,236.9777448422762,244.16606856382742,234.60797342050913,242.27024841308594,28459000
2024-12-27,242.54671735204698,242.68495376498825,233.37371058860117,238.70570373535156,29282200
2024-12-30,231.7444801131707,235.76323487956245,228.7032639548135,232.6134033203125,27316800
2024-12-31,232.9096200594737,234.4697252763065,228.3971618285117,228.9204864501953,17927700
2025-01-02,233.18610124475066,236.48403786452985,227.3406520959289,229.05873107910156,31525800
2025-01-03,230.64844839086723,233.5119383624822,226.1162528771396,229.62155151367188,24973200
2025-01-06,233.521815917858,238.7057040090578,230.3621157136926,233.43295288085938,34028400
2025-01-07,236.4840310605519,236.4840310605519,224.7338910762655,225.7607879638672,25928600
2025-01-08,226.80746680646232,229.54258940300946,223.21330463096496,226.42237854003906,18756500
2025-01-10,224.43765872698944,224.96098333568497,218.46384217618865,221.4853057861328,23864000
2025-01-13,217.2197260477385,226.37298039445892,216.74575972042123,222.45297241210938,23772100
2025-01-14,223.7168689159853,227.3603890296336,220.2905645370501,221.8704071044922,18143100
2025-01-15,225.67192219689144,227.43937448395022,222.73932156047226,225.12884521484375,21745600
2025-01-16,232.25792102422363,235.59536215618405,226.32360922131278,226.52108764648438,23471900
2025-01-17,234.09451447399962,235.10167409555768,229.7301762027668,234.44998168945312,31196600
2025-01-21,238.45884574825152,239.69310478421554,234.41047008363404,237.28382873535156,30903200
2025-01-22,243.6427520309688,243.8797352076944,237.65906618506514,237.8762969970703,29610500
2025-01-23,235.40777984052917,237.37271074016743,233.1466086686184,237.2542266845703,17653900
2025-01-24,241.61854553222656,246.4469662715625,238.86368599709272,241.61854553222656,25387800
2025-01-27,210.71270982183037,215.67936728902913,193.7589284474536,199.5846405029297,90569400
2025-01-28,205.39058801824783,207.30616059994975,196.38543822107724,204.748779296875,50316000
2025-01-29,206.21011436805136,208.78724774192142,200.21656054706654,203.75148010253906,32533700
2025-01-30,215.81761847164222,219.1649285799728,211.00893472704968,212.9442596435547,42449500
2025-01-31,216.89390089214783,223.94398872866887,213.57621161221792,218.48362731933594,41104700
2025-02-03,212.74675574890747,218.15774282875134,210.8212997116411,214.9881591796875,24507300
2025-02-04,216.58778153962874,220.22143290754073,212.58877925195617,219.6289825439453,23768500
2025-02-05,230.99406376362234,234.93380920688526,224.6351584072771,229.0784912109375,29196000
2025-02-06,231.54697578069553,231.8432009378789,225.68177492168672,228.44651794433594,21169500
2025-02-07,232.04070955711714,232.68251825902365,221.28784493817844,222.03826904296875,22117500
2025-02-10,224.5660154357296,232.85037642470857,224.25992161006852,232.08018493652344,23901600
2025-02-11,229.55242487948408,234.89430152292462,227.0740381964697,232.08018493652344,18476200
2025-02-12,227.459128317726,233.5020556965066,227.1036611150543,233.3737030029297,16397300
2025-02-13,233.08734789676876,233.96613972727113,227.82446556204755,232.83062744140625,20962000
2025-02-14,231.57663476915081,232.7714042413032,226.01752680308408,230.1053924560547,16988800
2025-02-18,227.20242786951277,229.2759741788118,221.47546246292723,225.65219116210938,26080500
2025-02-19,224.98076222031483,226.18540034711305,221.57419493826416,225.84967041015625,16375500
2025-02-20,225.7706561996593,226.09650239223797,219.94495959287823,223.8847198486328,16104000
2025-02-21,222.80844610787895,224.88200741697443,212.91463603678977,215.90647888183594,24883600
2025-02-24,215.84723320231555,216.71614134636317,204.92649624367266,205.31158447265625,33050400
2025-02-25,204.3932991056499,206.01264637995664,198.38986126595105,199.9894561767578,33100800
2025-02-26,204.30441989386895,210.85091914506262,203.40587575874747,210.25848388671875,21368300
2025-02-27,214.54383069928443,216.48902404771235,194.91417115472873,195.30914306640625,27572900
2025-02-28,193.29484200035554,198.6564713180188,190.7177084196682,196.9186248779297,39747200
2025-03-03,201.4310860068993,201.49032803329786,182.20626497532143,185.010498046875,37435600
2025-03-04,186.8372041751467,191.50763632709985,178.20725924182253,185.11911010742188,37910500
2025-03-05,189.4439532900658,191.6359985638115,184.74390026105863,189.16748046875,25644500
2025-03-06,178.76020526420137,184.4773017862713,175.37340556515207,177.1902313232422,56864100
2025-03-07,185.36596315652335,193.01836952288812,179.2736620896206,192.5049285888672,74528900
2025-03-10,187.21241451218023,189.56243344511265,178.15787706676485,182.12725830078125,44217100
2025-03-11,185.68192400090976,193.1565885506026,183.01592761691498,187.69622802734375,42153200
2025-03-12,193.74906463398895,197.46171071591925,190.02653483625505,191.78411865234375,30409700
2025-03-13,190.7177087368526,193.84780305063532,187.0840572045127,188.95025634765625,27236100
2025-03-14,193.7292985993485,195.01293103212828,190.76707686215164,193.07760620117188,25900900
2025-03-17,185.68194613107278,194.24276563033922,185.13886910171314,192.05072021484375,26830600
2025-03-18,188.04185891204946,190.46100391609374,184.54642844146616,186.2941436767578,24951000
2025-03-19,186.95568089246262,195.77323527121797,184.54640484600964,193.10723876953125,37962700
2025-03-20,189.68046743106606,191.9781761277567,187.12524634517226,188.70986938476562,31430000
2025-03-21,186.4022773372371,190.2252032106022,185.570333928145,189.8191375732422,43086500
2025-03-24,192.43377888060837,194.80082266264003,188.8386396835771,189.41307067871094,33180300
2025-03-25,189.0565262612658,189.75971345480707,185.87735123617549,186.4517822265625,23417300
2025-03-26,184.86716098022535,186.25370813523995,175.8743712702192,177.5481414794922,30578500
2025-03-27,175.95359686803442,176.66668254810136,168.8227551795949,170.3380584716797,32151700
2025-03-28,170.27861313213265,171.6354646224822,164.87106463978074,167.49560546875,30391500
2025-03-31,162.91010457469025,166.3269648388469,159.077265046445,165.8218536376953,35656400
2025-04-01,164.77202396545763,167.0895599286941,161.85036151357497,166.90138244628906,20472400
2025-04-02,164.48483366708834,171.76422918864725,163.9104026479661,170.43710327148438,19523700
2025-04-03,158.99802536207517,161.8602666444248,152.22372639178627,152.53074645996094,44354900
2025-04-04,146.74683525709935,151.33236925300955,137.83327965451377,144.8848876953125,72302200
2025-04-07,143.102193451176,158.88907865220165,136.7735693661445,152.6595001220703,68503500
2025-04-08,166.01003317854824,168.1492903677748,151.61959260044802,154.53135681152344,58888200
2025-04-09,158.95841038273477,185.5307121997461,155.997123652336,183.37164306640625,72708300
2025-04-10,173.61626589799,175.25041178546903,164.80174034695347,170.64508056640625,51212200
2025-04-11,171.9523950141319,180.90557531573444,171.64537494646774,180.19248962402344,33964100
2025-04-14,183.30232194501684,184.21348359881225,174.13126900840334,176.64686584472656,25748300
2025-04-15,178.00370814547034,180.50940655432726,176.36956226568714,177.231201171875,17242400
2025-04-16,168.79303240159078,174.38877387550843,165.31675098410085,172.93289184570312,34638600
2025-04-17,174.55714453800246,174.55714453800246,168.2879414483614,169.34767150878906,22501800
2025-04-21,165.38609344269528,166.3863871153068,160.05776263844598,164.61358642578125,23469800
2025-04-22,165.82184386631172,168.88217620188036,163.63307916440144,167.95120239257812,18504900
2025-04-23,176.07243906904878,178.7167921635705,174.13127314251213,175.21080017089844,24380500
2025-04-24,177.96408570653676,186.75879842604172,176.5874372166349,186.3428192138672,27576900
2025-04-25,185.12464649091922,191.51269173277512,185.0949358475055,190.46287536621094,21242300
2025-04-28,188.69998416646294,191.24530692138265,185.87735198227506,190.62135314941406,16385800
2025-04-29,189.87855212126914,191.39385543396716,188.27411687540774,189.33383178710938,14630000
2025-04-30,184.11444984811442,191.34433736770387,182.25251726763258,190.62135314941406,22768900
2025-05-01,196.2369101004717,199.46559310711666,194.35516520996816,195.4346923828125,24939700
2025-05-02,201.94154879155016,203.70445080772564,199.14864255163207,201.68405151367188,17766800
2025-05-05,198.32662733175079,201.27800062566266,198.0790285460682,198.7921142578125,14025400
2025-05-06,194.55320080631608,199.97066279306026,194.0580032946373,198.1681365966797,16348800
2025-05-07,197.3758488456152,204.24919381530722,196.5241083860118,202.84283447265625,20253700
2025-05-08,206.0022007261089,209.131853171768,201.73359985017396,205.7744140625,18460900
2025-05-09,207.3194229857341,207.9433767794588,204.5364149728208,206.2002716064453,13289200
2025-05-12,217.3818295426096,219.66963984357437,213.80650256785768,219.45175170898438,25437700
2025-05-13,219.86772175221742,233.02016804265088,219.86772175221742,230.18763732910156,28790500
2025-05-14,228.01865681835304,231.2572529866786,226.15672432972298,229.8905029296875,19751400
2025-05-15,227.94934193896447,232.2080439305699,225.8794197878664,230.405517578125,18803700
2025-05-16,230.08860291331544,230.40552149525794,224.2155519581043,226.4142303466797,23094600
2025-05-19,219.7191430423896,229.0288502622106,219.47154428534935,228.41481018066406,15355500
2025-05-20,224.3145893505729,229.54387421623667,224.1660210197509,229.45472717285156,11787200
2025-05-21,226.19632700616165,234.22843154218188,225.64170819086834,227.52345275878906,17642900
2025-05-22,226.14682807179085,231.44544824293433,225.24556484581083,228.3157958984375,14340200
2025-05-23,224.76026081666186,228.4346180833418,224.00755088757305,226.52316284179688,15385600
2025-05-27,230.63329954122548,234.20862641703116,228.91002175817974,233.3865966796875,17941700
2025-05-28,234.87219514973296,238.67532387132286,232.17831923171224,237.1302947998047,20443000
2025-05-29,243.5480636690118,243.70653051259833,235.1197916615412,239.64590454101562,20743700
2025-05-30,238.9031074601209,240.83437488452728,232.64380316824696,239.7449493408203,27088600
2025-06-02,240.91360320609414,247.59876999598578,240.85418191925186,246.3211669921875,19197000
2025-06-03,247.67801633287195,255.40310138207488,247.00453978500002,254.38299560546875,30380200
2025-06-04,255.58137465100648,262.88058220367765,255.1158877130409,258.5723571777344,31536000
2025-06-05,260.42436167309313,262.3457302754634,256.5717108471228,257.433349609375,41970900
2025-06-06,248.7278126137887,252.86767178716102,243.76593884648406,244.55824279785156,41146700
2025-06-09,242.69632428504522,245.78635218669257,238.79416514080953,241.9337158203125,25334100
2025-06-10,241.87429936083302,243.91451090648613,239.08137784609838,242.28036499023438,25491300
2025-06-11,243.9937438627423,252.32297049991425,241.4583347579636,250.4808349609375,24599000
2025-06-12,247.78694576683625,255.41299991979733,247.10357074841298,253.6104736328125,20410900
2025-06-13,248.25244512831424,251.56036121180188,245.9646348124157,246.31126403808594,19028400
2025-06-16,247.94542789985974,252.73893672260704,247.17292090413724,249.67861938476562,20363000
2025-06-17,248.5396644360515,251.52076356414582,245.53876828539958,246.97483825683594,22014300
2025-06-18,248.4802230819787,253.1845997510796,247.01444258282,248.84666442871094,30435500
2025-06-20,251.36821046956638,251.67595317122704,242.39395704231367,248.171630859375,42134900
2025-06-23,247.29802554970544,252.3609352546579,244.66730716540255,251.92413330078125,19747000
2025-06-24,256.8877483845425,263.9361104778464,256.8877483845425,261.85137939453125,32764900
2025-06-25,264.0651926516576,267.9070385395564,261.5138788201313,262.7250061035156,18894200
2025-06-26,263.1518312827552,269.69392319110216,262.2087596291865,268.204833984375,23569600
2025-06-27,268.3338491931666,269.8725928053472,264.9387429412197,267.3907775878906,27477600
2025-06-30,272.73166739926404,275.6899719512188,270.15057333780976,273.64495849609375,24708400
2025-07-01,272.4040700215716,272.50334870317,260.7494738372011,262.8143310546875,28847600
2025-07-02,262.0697825574709,270.02152919641304,260.81896813352466,267.9367980957031,17582100
2025-07-03,268.76076204497446,273.7938606111024,268.15518333852646,273.1783752441406,10592700
2025-07-07,273.1287709767681,275.5410884312071,270.6767359905836,272.1856689453125,16760600
2025-07-08,274.3398898913374,274.3398898913374,269.17770156203375,269.8229675292969,14869400
2025-07-09,270.9745612660417,277.41737552791653,270.7363166496009,275.8786315917969,20133000
2025-07-10,277.75487211273963,279.13474577768363,270.71644698686737,273.39678955078125,17891600
2025-07-11,272.1459717180673,274.4590104060256,269.9123377950849,272.38421630859375,14274700
2025-07-14,272.13602824085694,276.33524052626194,267.6191060163645,273.5953369140625,11934200
2025-07-15,277.7747293836108,281.29889545026657,275.8289944178167,278.8965148925781,17918400
2025-07-16,278.0725051194062,279.4623459548126,273.664828920469,278.7674255371094,15031000
2025-07-17,279.09505100210833,286.1831001282647,277.8739869021022,284.3664245605469,17231100
2025-07-18,285.021619799704,285.4385781557984,278.95607693910864,281.279052734375,15012400
2025-07-21,281.89453048535637,288.4266860141065,281.5669441610343,286.1136169433594,17726800
2025-07-22,285.55766440317495,285.9051246067818,274.41927604521186,276.5635681152344,16564800
2025-07-23,274.76675375060375,281.93423805668573,271.0142499629409,281.6264953613281,20556200
2025-07-24,287.68211602861425,289.08186351873803,281.4378601375051,286.6099548339844,16413800
2025-07-25,285.97463720980545,290.4617486254771,285.1804380904839,288.06927490234375,12476200
2025-07-28,290.3326892276984,293.3009610977826,288.4762961240998,292.1593017578125,13683400
2025-07-29,295.33605760149004,299.99194610967925,292.72518273237233,295.25665283203125,19210800
2025-07-30,294.98854932450763,301.0541214416499,293.6483630541554,300.41876220703125,16738900
2025-07-31,300.59747415612446,304.7173120254918,288.11892914092226,291.5636901855469,25488500
2025-08-01,284.45579610141215,290.51143245464056,279.5616325275822,286.54052734375,21428100
2025-08-04,290.0746056810316,296.308924960564,289.2804065493592,295.554443359375,17164600
2025-08-05,295.64379471514013,299.0091511605925,289.3300704645004,290.7992858886719,18477500
2025-08-06,290.7694803701338,300.6074000537923,289.77675423005445,299.4757080078125,17392100
2025-08-07,303.9429802612503,308.08263136281226,297.69872426240624,301.5505065917969,16319400
2025-08-08,301.83838755465973,305.63060889154826,300.34929826174954,302.751708984375,12458700
2025-08-11,302.83111270408006,306.0674097840865,299.09848282375026,301.6894836425781,12396400
2025-08-12,304.3996504295538,311.1601136694585,302.4539154908001,310.5545349121094,17609600
2025-08-13,314.44602212561466,315.0416639014681,302.53330779094256,306.84173583984375,17371200
2025-08-14,304.7768807423116,311.8848039787792,304.76694378570727,308.9661865234375,15717600
2025-08-15,308.7676439008357,309.23422644951773,297.57962998514586,304.11175537109375,22806900
2025-08-18,300.49824040001744,303.94300161229654,296.8251412495918,303.5359802246094,14724700
2025-08-19,300.2202761697002,300.6967653651437,290.263233415247,292.764892578125,20149600
2025-08-20,293.31089794805854,293.3406785246083,279.81975145019646,289.0521240234375,23600500
2025-08-21,287.9501453031351,290.2632142034538,284.0884563245245,287.4934997558594,14946300
2025-08-22,289.62787721594987,297.90721032762787,286.9078170439723,291.86151123046875,16301300
2025-08-25,290.6801895716669,296.22952603132046,289.58818456717273,292.0898742675781,15124700
2025-08-26,292.2089646438564,298.06604319710254,291.85156745616973,295.84234619140625,25689100
2025-08-27,295.36585381804196,298.9892987415418,291.6431302057609,298.0660705566406,13830300
2025-08-28,300.7265725800576,308.73788113974086,300.13093073738776,306.40496826171875,18907100
2025-08-29,304.7768891479581,304.7768891479581,291.523987936555,295.22686767578125,21610700
2025-09-02,287.23542079872874,296.5372612785509,285.08122171732384,296.0706787109375,19693000
2025-09-03,300.09121204335025,302.23550427484207,294.24404017250083,300.19049072265625,18529400
2025-09-04,302.8410608781425,306.5340036604204,300.0515025993778,303.8735046386719,31220800
2025-09-05,353.1921367444998,353.74806100941083,329.00934033406895,332.4541015625,78401600
2025-09-08,340.2569033164437,351.5938497927474,338.7678140240304,343.13580322265625,43535600
2025-09-09,347.0074495775188,348.4270711438003,333.3872441761201,334.2211608886719,26972300
2025-09-10,348.9631095115502,370.2570990221587,348.00016386753055,366.8818359375,51086800
2025-09-11,368.48013667582694,371.5079700346033,356.1504931321263,357.01416015625,29430900
2025-09-12,360.2702457908928,361.7394913791574,354.56207050667996,357.2523498535156,31949800
2025-09-15,357.2523751047279,362.841428494914,353.74805280742174,361.4416809082031,21792200
2025-09-16,362.7719043348916,363.03002282464877,354.39329332970084,357.38140869140625,21306500
2025-09-17,356.2397993943744,357.3119303496726,339.0159939361556,343.65203857421875,45197100
2025-09-18,347.4541527190247,348.14907314270187,341.289331806406,342.8379821777344,24663900
2025-09-19,342.14307016475516,343.75128172100693,333.9828597941897,342.43096923828125,41240100
2025-09-22,340.52164568402986,344.73803699049046,336.0566779638623,336.9019470214844,28660000
2025-09-23,338.3438906430618,343.2961488752548,335.14183394144476,337.0511474609375,21944100
2025-09-24,337.86657173075366,338.1847653485593,331.94971816245834,337.4190673828125,19677300
2025-09-25,331.134275121943,336.1760278754911,325.47598241305116,334.2269592285156,21678200
2025-09-26,335.5495430902156,337.19034180427343,328.73771110108834,332.66571044921875,15464700
2025-09-29,334.1274972132583,339.1493418032052,325.7245762901725,326.0726318359375,21336000
2025-09-30,328.2802628399181,329.205072741046,322.8009599171497,328.0714416503906,20109500
2025-10-01,326.3212552000971,336.0666592395998,322.69160226111455,331.5320739746094,21122700
2025-10-02,345.6727893830656,345.6727893830656,333.381685003865,336.29534912109375,19917600
2025-10-03,339.5968450377662,342.4806774766384,333.8689353926916,336.4842834472656,14749100
2025-10-06,334.04795751834985,342.2121953344511,332.6955209110659,333.6203308105469,18465700
2025-10-07,335.1517266447086,336.22569443914506,324.7599524782247,334.5351867675781,18086700
2025-10-08,331.9596829756167,344.6087977081947,330.7663582405116,343.5745849609375,21478300
2025-10-09,343.8232022981501,345.37450629286593,338.50301074117135,343.0972595214844,17643700
2025-10-10,343.4651773234566,348.6461338163463,322.24407712615806,322.82086181640625,28941000
2025-10-13,350.8040366415935,357.37721554392255,341.60558597971203,354.712158203125,45984300
2025-10-14,348.17875107559985,348.7157501848421,337.75714457061156,342.2121887207031,22078000
2025-10-15,352.49455527791184,357.39707331833375,345.56339757170997,349.3720397949219,23918500
2025-10-16,354.81158690197896,361.2157000299587,347.5423270287998,352.1763610839844,20317200
2025-10-17,347.6616476056118,349.01408425686975,338.88086957101905,347.3832092285156,20937900
2025-10-20,351.8282552797169,354.60271506615925,345.90147894430004,347.2936706542969,15640200
2025-10-21,348.0494880650942,349.14336395422873,339.40791406219176,340.7503967285156,16092600
2025-10-22,345.3645237166866,346.0705888161216,333.6402499212292,338.4035339355469,19268800
2025-10-23,338.50297147066453,344.6385998982523,338.50297147066453,342.3713073730469,12859200
2025-10-24,350.5455270010784,356.3032383927899,348.92460587875416,352.156494140625,16143700
2025-10-27,359.5252114069626,360.728459798305,353.10118996944504,360.0323486328125,20065800
2025-10-28,360.59915286022726,371.9754013976442,360.5096580622546,370.8914794921875,21056000
2025-10-29,371.1102485015621,384.32619303766535,371.1102485015621,383.8289794921875,24975200
2025-10-30,384.2466327695093,384.2466327695093,367.9976972843224,374.3719787597656,24295300
2025-10-31,376.1619333582533,376.7088864792694,363.06534526598335,367.5700988769531,21598400
2025-11-03,369.9268894594445,372.76101282722396,359.962740620075,360.529541015625,17198900
2025-11-04,356.52198503236366,366.8938825186382,349.04390433189366,349.9786682128906,24047500
2025-11-05,348.93452000871264,362.83659066034375,348.13896016507175,356.97943115234375,17087600
2025-11-06,358.1031370779865,361.4742595953492,350.7443824294534,353.60833740234375,19896900
2025-11-07,352.21614888283403,352.52441886645397,335.39042842916786,347.482666015625,21903200
2025-11-10,355.90547129015016,357.9937743768501,352.63379746590385,356.39276123046875,16409000
2025-11-11,356.9695095961331,359.87325018105065,347.721349386598,349.9985656738281,16446800
2025-11-12,356.0446785991217,356.8700397188604,349.7201066184198,353.2403869628906,12190500
2025-11-13,349.62065691534923,351.5796794627396,332.29775430112113,338.0853271484375,22616600
2025-11-14,329.62273945414825,342.8187756417505,327.22616659303407,340.5514831542969,18500800
2025-11-17,337.9262023242612,350.23721387342283,335.63900193520993,340.74041748046875,14799600
2025-11-18,341.2873822174715,346.03078841146703,333.64023562911325,338.6024169921875,21726800
2025-11-19,338.8112377860541,357.6854744587365,335.91745137694255,352.4448547363281,21851900
2025-11-20,363.96027892935587,373.9840896518858,343.2563016806294,344.8871765136719,28867000
2025-11-21,343.2364575279554,346.6572891403912,329.95089584413364,338.3041076660156,30280300
2025-11-24,345.79212752621737,379.8711314572402,345.7225103496172,375.8536376953125,47262400
2025-11-25,382.78479805141666,385.9669767585517,369.6782567823203,382.8842468261719,33507600
2025-11-26,383.40133753669346,397.64154019645565,381.1241214391412,395.3543701171875,28693000
2025-11-28,397.1244577834378,400.75411053140465,394.9466600651565,400.7143249511719,13365500
2025-12-01,392.64955094985896,393.2163816866779,382.9538866150901,383.92840576171875,23252000
2025-12-02,386.1460022440912,391.307081554401,377.67349389386123,379.4435729980469,22207000
2025-12-03,377.8823360937948,380.16950651535853,368.58443570198494,378.4889221191406,21336400
2025-12-04,378.5584996226792,381.7506324510507,374.4316332437718,378.90655517578125,15845900
2025-12-05,384.0179208913015,391.33688967246087,383.0035858418701,388.0652160644531,24779900
2025-12-08,400.23702982872936,405.02022174829125,395.1853231699673,398.8647155761719,30410600
2025-12-09,396.5277986633077,404.6622049048363,393.30586463113883,404.0257873535156,24546000
2025-12-10,399.9585799580881,412.2993931991623,397.3332779247453,410.6685485839844,31531000
2025-12-11,402.57389000512023,407.0189801403217,391.9932019552537,404.1053161621094,45681600
2025-12-12,377.8425065927604,379.87114634278277,353.1707730499734,357.92413330078125,95588500
2025-12-15,359.8732264357258,359.9825988464731,335.62908964676296,337.916259765625,65894900
2025-12-16,334.14737546643596,345.5634092347465,333.1927339698805,339.39794921875,58061100
2025-12-17,344.67834370968916,344.67834370968916,319.6287543506516,324.2030944824219,73300900
2025-12-18,334.1274840631045,334.1573156602813,321.82642648459625,328.0415954589844,54501900
2025-12-19,331.48229854187196,341.5359714746588,330.72652429698275,338.4631652832031,159095200
2025-12-22,344.7600156991574,344.9692364534412,335.9823521806034,340.19683837890625,28739600
2025-12-23,339.5591570141213,348.8250120003124,337.29749931207215,348.0379333496094,28232600
2025-12-24,349.4029075800455,351.5649262658627,345.8659488754865,348.93463134765625,11424400
2025-12-26,349.7715357876288,351.95350047354117,346.4736865949722,350.8376159667969,15028100
2025-12-29,347.4401421635981,349.0442186073641,343.4249341345299,348.1076965332031,21946900
2025-12-30,348.68553371240546,351.38557889791855,348.01797938252247,348.56597900390625,16633600
2025-12-31,348.4464552302656,348.5958986291571,344.1522759371943,344.82977294921875,15346100
2026-01-02,351.48521194505133,359.3362953283135,344.2917098528593,346.3441467285156,25398600
2026-01-05,353.43803761093864,353.7269817780168,335.2649910643092,342.15960693359375,31136000
2026-01-06,342.3389417342706,347.7689211606285,336.7594885063058,342.50830078125,27135500
2026-01-07,340.4459068416692,348.41654528894907,334.6472600739357,342.2392883300781,20249300
2026-01-08,341.5219196453333,342.4186103632603,329.286991203525,331.2597351074219,24385200
2026-01-09,336.6797751012507,346.1150194031593,332.27598406295414,343.7038879394531,22482500
2026-01-12,339.698674448018,352.6011277594498,339.698674448018,350.9173278808594,20949600
2026-01-13,351.58487107154133,358.17059657442337,349.62210011368643,353.3085021972656,18308000
2026-01-14,347.68924007343315,349.4029286863791,333.19265245524537,338.642578125,30094700
2026-01-15,347.8386654077994,348.3966076801905,340.4160264171507,341.76104736328125,22218800
2026-01-16,344.99912218243014,353.2089007262952,342.78726872505104,350.4191589355469,31291200
2026-01-20,342.837095865828,344.1323124647733,330.58222088214137,331.3793029785156,32293900
2026-01-21,334.2786261557405,334.56753991024675,323.01013837395254,327.5932312011719,32006600
2026-01-22,334.11920736137336,335.75317243641445,323.69760607803045,324.2953796386719,24275400
2026-01-23,318.1281188002833,320.8082486122757,312.9571642861103,318.8753662109375,30259500
2026-01-26,318.6262615696849,327.4736751610913,316.4343542276309,323.6577453613281,25006400
2026-01-27,328.54972543001713,333.5313744429392,325.81976109514653,331.568603515625,25537600
2026-01-28,337.6063633193964,338.7421634956658,325.5009621688594,332.0169372558594,23001700
2026-01-29,331.3394445196304,334.7170172246241,319.1045154719265,329.51617431640625,20447500
2026-01-30,331.21987595904915,336.95874524698775,327.12494473425943,330.08404541015625,28313000
2026-02-02,324.9130958822625,334.82658953615237,324.55443174960084,329.8947448730469,17278200
2026-02-03,335.50407179473007,337.6561477130813,307.51717263997887,319.154296875,36914800
2026-02-04,318.33736523318174,318.33736523318174,294.21619728396405,306.9194030761719,43330300
2026-02-05,313.18632179759084,325.33158511694234,305.574377544834,309.3703918457031,42775800
2026-02-06,318.92519452201884,333.7705033667693,315.1391228076482,331.6981506347656,33003400
2026-02-09,329.55599651471385,351.04683756640543,329.4364418037815,342.67767333984375,30091000
2026-02-10,346.1947185530291,346.73274516127924,338.5927172761311,339.1905212402344,19542700
2026-02-11,345.52716468586686,345.9257209328718,332.51509984715887,341.50201416015625,17004700
2026-02-12,342.56806806976016,345.01906131494906,328.3504525077073,329.9545593261719,22007300
2026-02-13,328.6393784947527,333.09297375277924,323.4983132676261,323.9765625,18397200
2026-02-17,318.5067020490309,334.51772917618604,315.14907549970434,331.31951904296875,23469700
2026-02-18,328.31057326826937,336.6399059158725,326.0289999980731,332.28594970703125,13565300
2026-02-19,331.7877764705465,337.19783966179045,328.46998140899325,332.76416015625,15180900
2026-02-20,331.14016350541874,338.8617195900129,328.37036782936144,331.4291076660156,17658900
2026-02-23,331.03058762736407,337.2576490951474,324.1260291692235,329.1275939941406,16472400
2026-02-24,321.3562249469424,327.1050369959775,313.2959204448514,324.2953796386719,23614400
2026-02-25,329.5261174222931,334.67715600899425,328.07148438768274,331.0903625488281,20182300
2026-02-26,325.30165766317515,325.3813506633246,306.79980723320375,320.519287109375,33025300
2026-02-27,309.55970225528097,318.8255578686076,308.8622591852136,318.377197265625,28004200
2026-03-02,308.22457009461783,318.8653953895662,306.07252449915245,317.6498718261719,20567200
2026-03-03,311.85125792147716,314.72069289120583,306.2718044142909,312.68817138671875,20826200
2026-03-04,314.52137733361707,321.4558544873858,310.59583557195833,316.3645935058594,34895800
2026-03-05,328.9681545763323,334.88635581406487,321.84440283626805,331.54864501953125,57076600
2026-03-06,327.0751520776263,342.24926618150187,326.1983769711768,329.26708984375,39152200
2026-03-09,326.0489462013272,347.2109826665509,322.42229092163143,344.4810485839844,40605800
2026-03-10,347.4501151786214,351.8439334106809,339.54919645898224,341.3226623535156,29531700
2026-03-11,341.33262117838166,344.5408043378694,336.9786648345567,340.3163757324219,20104100
2026-03-12,336.5004313521793,338.58275707480584,330.9807859154956,334.7369384765625,21982700
2026-03-13,336.44065906121017,337.07832476483355,320.25029887308415,320.9776306152344,34725000
2026-03-16,324.8234470564934,327.99179909070955,318.8853296584693,323.7275085449219,31363100
2026-03-17,324.5644172389447,326.2382440667771,316.0856406013058,320.1307373046875,38026500
2026-03-18,319.2539615498681,324.24558375015846,314.39186709294574,314.7704772949219,25460600
2026-03-19,311.32319151685414,322.0835418062096,307.377733798167,318.6661376953125,23524800
2026-03-20,318.9451071216726,320.3300202096048,308.78256088212635,309.3703918457031,43325900
2026-03-23,317.4975134386726,325.9641247660054,314.4323571755344,322.0003967285156,27369200
2026-03-24,319.4943376753773,323.8873787245429,314.3424878240393,317.78704833984375,19799000
2026-03-25,322.08023899676266,323.7875283200097,316.21951965730335,318.30621337890625,19900000
2026-03-26,313.52376738951216,316.41920911815595,308.6814558467776,308.9310607910156,20343700
2026-03-27,306.5747878358005,307.01409499464205,298.3977270632729,300.2048645019531,23593900
2026-03-30,300.39455309431185,304.2883841263782,289.50178968312434,292.94635009765625,28054500
2026-03-31,298.9169311322916,309.8196587444799,295.8717323324701,309.02093505859375,29289500
2026-04-01,312.8748233993929,315.29101284198265,309.98940587806464,312.99462890625,19171000
2026-04-02,304.0088468607454,314.19274140072105,301.27318625357447,314.0529479980469,14021100
2026-04-06,314.56214534661507,315.9000242460939,309.78969983648585,313.9331359863281,12111300
2026-04-07,326.2137111638498,333.621968992959,321.29147840912157,333.4422607421875,33310900
2026-04-08,351.19418361323665,353.58042168937504,341.9887513414019,350.0759582519531,31573100
2026-04-09,351.74329055349165,358.13320177979557,350.9445668848811,354.34918212890625,20514900
2026-04-10,360.36964078021094,375.95495904827993,360.2498352807269,370.9628601074219,29958100
2026-04-13,369.07588036868225,380.25816425440775,368.89617211078104,379.1499328613281,24115800
2026-04-14,377.3028298417277,381.6759133656677,375.72533999135464,380.17828369140625,24423000
2026-04-15,389.2639212714563,396.4525256379757,384.9607343182478,396.0931091308594,29559300
2026-04-16,394.3758444183283,399.0484420471456,391.73003788508925,397.8403625488281,18872900
2026-04-17,400.2665109575457,406.0873157340535,399.1782369795804,405.8976135253906,20581700
2026-04-20,405.0589200627321,405.7777835286593,395.2743878615366,398.9985046386719,16922000
2026-04-21,398.778866907118,402.96224842135666,393.9465185989584,401.5345153808594,16275500
2026-04-22,406.3368957065317,422.5312658634436,404.2202201647497,421.98211669921875,23702500
2026-04-23,421.722569007754,428.63161720765004,417.1397951490632,419.27642822265625,19501600
2026-04-24,424.3084732370687,424.328430664838,408.2139198726521,422.09197998046875,22491100
2026-04-27,419.81558056108463,422.0819826033756,413.9748184690356,417.5391845703125,17451600
2026-04-28,399.6774336324243,405.16874261392576,394.0263738242293,399.19818115234375,25519200
2026-04-29,402.8623953449198,404.9990283742698,396.15301296947183,404.809326171875,15962500
2026-04-30,414.8634001949257,417.71889677620834,403.59126215971867,416.7703857421875,21821600
2026-05-01,414.43406738629307,422.5013163603417,412.626930002147,420.6142883300781,11882600
2026-05-04,417.5591412312245,423.160261834928,408.88287049778353,415.84185791015625,15140400
2026-05-05,420.9937175205983,432.70519332765383,418.6873701051219,426.6846923828125,21175200
2026-05-06,434.87173441749127,436.98837956106627,417.119831234386,424.7677307128906,20707000
2026-05-07,421.1534583953846,425.816061920845,405.65796319255526,411.9080810546875,22791700
2026-05-08,419.13663168773485,434.3126252640125,413.34580887195676,429.3205261230469,22561400
2026-05-11,426.9442731163034,432.96474333546047,424.37832689893474,427.75299072265625,16825500
2026-05-12,422.7608994088061,428.6615642339731,407.7646445984097,418.6374206542969,19004300
2026-05-13,415.1529462908859,417.96849751881496,404.1603342331478,416.13140869140625,16981200
2026-05-14,416.0715035872308,441.6609780428996,414.9332903643237,439.0950622558594,19733800
2026-05-15,432.12608162585786,432.12608162585786,419.13662996428303,424.51812744140625,18957100
2026-05-18,420.74410259925855,421.3431605888268,413.7152184916585,420.0451965332031,17863300
2026-05-19,409.17241590505034,417.28957387627776,405.218651499627,410.4204406738281,20652100
2026-05-20,412.15769361465635,423.4997588934565,410.76990587471755,417.0998840332031,16312600
2026-05-21,412.896509263339,421.58277398795553,409.85134096401595,413.9149169921875,16865300
2026-05-22,416.83027769894267,419.32632722976456,409.56178268396343,413.485595703125,14086400
2026-05-26,417.8387067463364,434.6221419680613,416.34107697305205,421.3431701660156,22562900
2026-05-27,424.3983088494184,432.11607435121795,415.8318499600915,421.193359375,17601000
2026-05-28,420.474538506201,429.00102184903426,413.3558002995021,425.9059143066406,17855600
2026-05-29,432.26588669428304,448.19066503671235,430.78821434578,446.06402587890625,41798400
2026-06-01,449.37877140364344,465.3135431382977,441.5212123254821,459.2431640625,30586000
2026-06-02,488.0176440050159,488.047595381557,469.71659120447544,480.8090515136719,38306700
2026-06-03,493.9981640267467,494.21781760890264,471.8931647559405,478.4727478027344,50126400
2026-06-04,408.3437089388015,425.80609216039676,402.3731779666581,418.248046875,80979400
2026-06-05,406.96588319695917,409.8513310665424,384.9806900000674,385.1204833984375,51146100
2026-06-08,401.98377332105593,402.2034268949122,390.73159319104514,395.9732971191406,37099000
2026-06-09,400.9753625803298,407.22548029921717,369.7447923517003,391.5403137207031,37026900
2026-06-10,380.8971642108943,385.2003512300928,370.5835007988036,371.51202392578125,38193500
2026-06-11,372.23087161615763,388.8845063199887,369.964439203457,384.9607238769531,35187600
2026-06-12,383.11366472907446,384.3716834858954,376.40428214162193,381.4662780761719,27600900
2026-06-15,394.88503130709665,395.5739434179131,387.9859467199298,393.3175048828125,32394200
2026-06-16,389.59338292095293,391.1709032730324,375.8651106253426,376.1147155761719,31573700
2026-06-17,388.09576277066986,400.016897953316,382.04534105115863,392.2791442871094,40005500
2026-06-18,408.93278956863384,412.0478851010793,404.7394444719192,410.70001220703125,45076100
2026-06-22,413.6600036621094,414.6400146484375,391.9100036621094,392.1300048828125,26403700
2026-06-23,377.8699951171875,391.0199890136719,376.6600036621094,380.1499938964844,33122200
2026-06-24,386.6199951171875,388.739990234375,376.9599914550781,382.07000732421875,29938700
2026-06-25,386.5799865722656,388.79998779296875,372.70001220703125,378.9100036621094,23353700
2026-06-26,370.45001220703125,373.69000244140625,363.8299865722656,365.0199890136719,34839300
2026-06-29,373.6199951171875,376.2099914550781,360.4599914550781,372.45001220703125,24285200
2026-06-30,374.7900085449219,379.6199951171875,370.6400146484375,377.75,28517400
2026-07-01,371.8699951171875,373.75,368.0299987792969,369.3399963378906,23712600
2026-07-02,365.7300109863281,374.0,356.42999267578125,360.45001220703125,26749500
2026-07-06,373.6099853515625,383.1600036621094,371.17999267578125,373.8999938964844,24544000
2026-07-07,366.55999755859375,372.9599914550781,362.010009765625,370.7799987792969,24116700
2026-07-08,377.5199890136719,395.0899963378906,376.8900146484375,388.69000244140625,31624100
2026-07-09,402.19000244140625,407.5199890136719,387.92999267578125,401.1099853515625,28074000
2026-07-10,398.5,402.44000244140625,395.70001220703125,399.9700012207031,14595900
2026-07-13,393.4800109863281,395.75,383.4200134277344,384.04998779296875,21294500
2026-07-14,395.7200012207031,397.3299865722656,384.6400146484375,389.1099853515625,20118700
2026-07-15,396.0899963378906,399.0,386.739990234375,394.2799987792969,16324100
2026-07-16,384.5400085449219,386.739990234375,371.8999938964844,374.45001220703125,23407200
2026-07-17,366.04998779296875,377.3500061035156,357.79998779296875,370.8299865722656,23272200
2026-07-20,378.760009765625,383.5899963378906,375.9599914550781,378.1600036621094,14420500
2026-07-21,390.2099914550781,390.5799865722656,379.2200012207031,386.5,17291100
2026-07-22,380.20001220703125,398.5899963378906,380.0,396.80999755859375,16966200
2026-07-23,392.19000244140625,397.6099853515625,386.82000732421875,392.4700012207031,16348700
2026-07-24,387.67999267578125,389.2699890136719,378.75,381.9200134277344,15149400
2026-07-27,389.82000732421875,389.8999938964844,373.5,383.2200012207031,18502100
2026-07-28,374.3599853515625,385.79998779296875,371.5199890136719,380.9100036621094,20328400
2026-07-29,380.6400146484375,386.1199951171875,369.510009765625,370.32000732421875,21374400
2026-07-30,380.3500061035156,388.67999267578125,377.5400085449219,387.8399963378906,23639800
2026-07-31,394.8299865722656,399.9200134277344,379.7099914550781,389.2799987792969,20391000
2026-08-03,384.4100036621094,392.6099853515625,374.6099853515625,392.2300109863281,17315100
2026-08-04,402.9700012207031,422.07000732421875,400.67999267578125,418.1600036621094,29564200
2026-08-05,421.70001220703125,427.0,416.8900146484375,418.2799987792969,16880400
2026-08-06,420.54998779296875,428.0299987792969,410.760009765625,420.57000732421875,13907500
2026-08-07,428.3999938964844,430.8399963378906,421.6099853515625,427.760009765625,14698300
2026-08-10,426.989990234375,432.7300109863281,420.1600036621094,422.3999938964844,13854100
2026-08-11,426.07000732421875,426.760009765625,413.2300109863281,416.0799865722656,12882700
2026-08-12,426.260009765625,426.5,414.6099853515625,416.04998779296875,15859200
2026-08-13,415.80999755859375,424.9200134277344,411.4100036621094,417.82000732421875,13180500
2026-08-14,411.9599914550781,412.5,388.5,392.989990234375,29513600
2026-08-17,397.260009765625,399.3599853515625,391.30999755859375,392.42999267578125,20042600
2026-08-18,384.32000732421875,385.7799987792969,377.010009765625,380.0,22878200
2026-08-19,372.3999938964844,373.9100036621094,357.6099853515625,362.4800109863281,35091400
2026-08-20,364.3900146484375,367.1199951171875,362.25,364.0299987792969,19729800
2026-08-21,370.69000244140625,375.1300048828125,365.04998779296875,368.45001220703125,19000300
