date,open,high,low,close,volume
2004-08-19,2.480507290737468,2.5812153964184272,2.3802940454407344,2.488940477371216,893181924
2004-08-20,2.5055603107366164,2.7057372587171695,2.492909466416938,2.6866366863250732,456686856
2004-08-23,2.7471619919110366,2.8148794078934913,2.7049929849345746,2.713674783706665,365122512
2004-08-24,2.759316282910154,2.768246221493962,2.5690613501000383,2.6013073921203613,304946748
2004-08-25,2.6035405297703837,2.678947898893154,2.5767511878488074,2.629337787628174,183772044
2004-08-26,2.6032919256024436,2.677707217635574,2.5960987246582845,2.6767148971557617,141897960
2004-08-27,2.6814279586139182,2.6943267061174647,2.6216481566498278,2.6330578327178955,124235640
2004-08-30,2.6114783927246803,2.6166871890330734,2.5303657054901123,2.5303657054901123,103935960
2004-08-31,2.5375589331743047,2.572533799404508,2.534086638588503,2.5392954349517822,98357544
2004-09-01,2.5474807632239083,2.554178394299349,2.4723212948092472,2.486708641052246,182765052
2004-09-02,2.460415194239856,2.539295579274233,2.4542140770337095,2.51796293258667,302373324
2004-09-03,2.50407214892123,2.5236682941217823,2.463639635054266,2.4807558059692383,103048848
2004-09-07,2.5055605993673633,2.530117873298317,2.47083363541321,2.5196993350982666,116950932
2004-09-08,2.498862552372201,2.5556658613862058,2.4929093392846133,2.5375585556030273,99712188
2004-09-09,2.543264155270112,2.5477285338670628,2.505312801542786,2.537806510925293,81234684
2004-09-10,2.5201959746547438,2.6432290716723448,2.5127539249630697,2.6127185821533203,173977848
2004-09-13,2.644964368659599,2.689118020805163,2.6407478929184083,2.6665451526641846,156882960
2004-09-14,2.6653056190818396,2.778168797372002,2.648933628492648,2.7655179500579834,216579204
2004-09-15,2.7424489203068756,2.8334836248022044,2.7335189818604446,2.778168201446533,214261524
2004-09-16,2.7866014874428915,2.8724273990045237,2.7694862638214994,2.8270339965820312,185326488
2004-09-17,2.838195860981963,2.9143476486206055,2.816616259893211,2.9143476486206055,189450360
2004-09-20,2.9009536092563835,3.01629674643716,2.8964882851927563,2.960733652114868,212575212
2004-09-21,2.971896082372653,2.9870278495168,2.914844853732908,2.923030376434326,144575280
2004-09-22,2.912115828199692,2.9684235804908536,2.8974805768770553,2.9364242553710938,151624224
2004-09-23,2.9478348873436437,3.041846323735094,2.9026891497167817,2.9969494342803955,170713116
2004-09-24,2.9999253625213806,3.07830944990602,2.9706551039267044,2.9723916053771973,182469348
2004-09-27,2.965694348232491,2.9984369048791764,2.9220374484882194,2.9334473609924316,141322536
2004-09-28,3.0088561286548754,3.16016646526663,2.9818179334081525,3.1467721462249756,338581080
2004-09-29,3.1428033565200293,3.3491814602202896,3.1311448303638874,3.2514491081237793,610329060
2004-09-30,3.222179226035506,3.2817113653435395,3.1998542602296576,3.2147371768951416,275160564
2004-10-01,3.244503058828954,3.3298324535668207,3.197373864835561,3.28865647315979,302497200
2004-10-04,3.3548867006243226,3.395070366120585,3.3246241138415082,3.3501734733581543,260455284
2004-10-05,3.3402511266546395,3.4362469654993837,3.2802224736539642,3.4322781562805176,299464236
2004-10-06,3.4119375676968713,3.4342625329366054,3.3734894628386325,3.4002788066864014,267628104
2004-10-07,3.3963102186010263,3.4697341386245153,3.3871326126230605,3.4441847801208496,282301416
2004-10-08,3.440959143647739,3.464771998245569,3.3987910786909166,3.416402816772461,221390388
2004-10-11,3.3982948816771397,3.444432944870516,3.3201598555417036,3.3551347255706787,209442348
2004-10-12,3.3347935053821454,3.4134264543281274,3.308996245280586,3.4082164764404297,233310456
2004-10-13,3.5550635903314904,3.5607679563963064,3.4746953161335217,3.49503493309021,395324280
2004-10-14,3.4977637114631754,3.5317462583477073,3.436990637342205,3.5223209857940674,208842948
2004-10-15,3.5949994299549877,3.6091379291486243,3.521079706397451,3.5746586322784424,263895840
2004-10-18,3.552086917787017,3.700917029993303,3.5027244681664986,3.699924945831299,280726992
2004-10-19,3.733163426267724,3.780293333505684,3.6550272249950555,3.6696624755859375,362197440
2004-10-20,3.671894060656031,3.6957069140085963,3.4627874126134355,3.4848644733428955,454453092
2004-10-21,3.5818532052088394,3.7239856945071206,3.5128946078052055,3.7053818702697754,582996420
2004-10-22,4.230257886053076,4.469130896375552,4.070016655550936,4.277139186859131,1474200324
2004-10-25,4.375613738921685,4.82284984620663,4.280114663160553,4.648470401763916,1309257432
2004-10-26,4.62217752481712,4.7784494574222665,4.464913980648042,4.509562969207764,891391716
2004-10-27,4.532383502984642,4.701057660938855,4.5088183138768345,4.612999439239502,533725740
2004-10-28,4.630611236344969,4.821858501654436,4.603822127872125,4.794820308685303,593278128
2004-10-29,4.933480981176024,4.959774756600075,4.727847313257655,4.72883939743042,845653500
2004-11-01,4.801022033780594,4.903218984938015,4.744466623002631,4.8625383377075195,488507004
2004-11-02,4.930751525853362,4.942410286368203,4.7958120192467115,4.833764553070068,453398148
2004-11-03,4.9158688251909775,5.000702657462613,4.731568037094861,4.754388809204102,554992452
2004-11-04,4.674268165825293,4.722885962199443,4.548009738954377,4.581496715545654,575807616
2004-11-05,4.514027200024818,4.521964819152569,4.18089533587813,4.20073938369751,792530676
2004-11-08,4.23993170269396,4.351801843616002,4.201979636034263,4.280115604400635,447224328
2004-11-09,4.318563044679679,4.345848430646056,4.099534594069191,4.1846160888671875,442125432
2004-11-10,4.233481322950309,4.279370529094037,4.12582720209182,4.1637797355651855,425334240
2004-11-11,4.195281542231153,4.557932030863564,4.156585532635108,4.539824485778809,598820580
2004-11-12,4.594643161910018,4.708003071496,4.400419178995262,4.514523506164551,669174156
2004-11-15,4.476075566609066,4.671291157906131,4.433906556253974,4.5857133865356445,475583940
2004-11-16,4.402900738103755,4.451766200711628,4.2374504972480525,4.279867649078369,835859304
2004-11-17,4.192553162998972,4.402900022974103,4.192056412025839,4.278874397277832,724590684
2004-11-18,4.2240560048754805,4.326500625440901,4.110944234861436,4.155842304229736,664518816
2004-11-19,4.1945373444174585,4.216366028543485,4.130540127025455,4.20197868347168,350421228
2004-11-22,4.079689792217051,4.204459355837694,4.00130570699724,4.0953168869018555,494233272
2004-11-23,4.166507449504174,4.237450206699433,4.130044695774348,4.155345439910889,496035468
2004-11-24,4.3364235468452925,4.39570802674272,4.279123708153703,4.334934711456299,610628760
2004-11-26,4.360730650603033,4.4656566529478665,4.348824224277143,4.44978141784668,258944796
2004-11-29,4.473843226831126,4.538087644399832,4.403148135648459,4.490958213806152,426237336
2004-11-30,4.482524308448989,4.539328331413645,4.471114159606059,4.514026641845703,307692000
2004-12-01,4.513283300803625,4.526926705594698,4.453751623153284,4.463922023773193,314249436
2004-12-02,4.462432556805078,4.502368790598737,4.428945579300128,4.4500298500061035,250185564
2004-12-03,4.463672916280074,4.491206916760156,4.405380996046463,4.4748358726501465,234533232
2004-12-06,4.443332666987482,4.482276341651808,4.366188789959905,4.372886657714844,249909840
2004-12-07,4.365693098950196,4.370653992988339,4.23050542788773,4.252334117889404,274561164
2004-12-08,4.225543659530097,4.308144229700203,4.185359291785036,4.216366291046143,301370328
2004-12-09,4.223064339022921,4.303680753518991,4.17891115550835,4.301943778991699,305853840
2004-12-10,4.301943757163319,4.3379111821720775,4.248861815878613,4.257791519165039,172515312
2004-12-13,4.27068929600967,4.295742372325291,4.203218600293501,4.228024482727051,192551256
2004-12-14,4.241667367393928,4.435643214894434,4.206940168294378,4.4324188232421875,443092464
2004-12-15,4.415055120720406,4.482029077826734,4.382064420607338,4.459456443786621,458381160
2004-12-16,4.389256756752494,4.477067301338668,4.364451819914606,4.377350330352783,342569088
2004-12-17,4.384544107585545,4.47731555722178,4.379335547536476,4.466897964477539,295152552
2004-12-20,4.514523992403323,4.674764266445175,4.5112986551743575,4.589434623718262,392986620
2004-12-21,4.621432848247955,4.660377468579435,4.549250809188239,4.557931900024414,220431348
2004-12-22,4.5616526854323425,4.6348282284351,4.5395768036913005,4.621184825897217,156123720
2004-12-23,4.649710450039824,4.678236530393205,4.613743502751306,4.660872459411621,144439416
2004-12-27,4.6918793314751746,4.794820716168221,4.690639580641605,4.760342597961426,243919836
2004-12-28,4.76530352440223,4.8010228116248,4.73801718972389,4.781426429748535,165666168
2004-12-29,4.7571161403923234,4.800277707665594,4.7571161403923234,4.784897804260254,107016876
2004-12-30,4.786634779821494,4.917109675209765,4.758853115946473,4.901482105255127,235935828
2004-12-31,4.941914256437456,4.958037158316041,4.77646450847197,4.782169818878174,306433260
2005-01-03,4.89652126892959,5.051304826603974,4.848398807841175,5.028236389160156,633134232
2005-01-04,4.995741952403538,5.0336935458510705,4.799286116894165,4.824586391448975,549685764
2005-01-05,4.798541872957709,4.884118711240742,4.768280230907827,4.800030708312988,329134536
2005-01-06,4.838973447082539,4.859312824667889,4.656408237478933,4.676995754241943,415068516
2005-01-07,4.7288392458687465,4.8183853559666,4.682701425237616,4.808463096618652,386129484
2005-01-10,4.824587016893159,4.913885479261881,4.758358414994642,4.838478088378906,301282416
2005-01-11,4.852367663487266,4.904211267695114,4.791843441209244,4.8007731437683105,278069652
2005-01-12,4.820369403951552,4.860057495060712,4.7253661244801375,4.846414566040039,326784888
2005-01-13,4.846415012849834,4.896273979492664,4.813424313614183,4.845174789428711,273702024
2005-01-14,4.861794582745108,4.961262961697595,4.815409091130012,4.960270404815674,385226388
2005-01-18,4.985075256102213,5.085536180588213,4.927774953781766,5.0577545166015625,526377096
2005-01-19,5.076357181393397,5.092481501767454,4.879406040383609,4.894040107727051,449857692
2005-01-20,4.774976732732746,4.867995858205961,4.762574497767084,4.810200214385986,359703936
2005-01-21,4.825577920826434,4.845918242589089,4.666329767668074,4.6702985763549805,369965664
2005-01-24,4.6804688591322146,4.69634409509485,4.472851040994822,4.4827728271484375,560347092
2005-01-25,4.513035144984777,4.520477431015143,4.372887058540473,4.393474578857422,425941632
2005-01-26,4.446805872217773,4.698329726773011,4.443829146685483,4.694112777709961,491823684
2005-01-27,4.682205359442203,4.684685333333841,4.593899477586557,4.665338039398193,264830904
2005-01-28,4.713460257573893,4.829547819709384,4.622177637169397,4.721397876739502,487839672
2005-01-31,4.8044944987837885,4.870724507575299,4.755629035422757,4.852367877960205,383484132
2005-02-01,4.821609511353993,4.87816492166352,4.728591347643172,4.760092735290527,752806440
2005-02-02,5.346733273137956,5.37773932930769,5.051801640145015,5.108852386474609,1310660028
2005-02-03,5.109596920175306,5.292658899507281,5.105131832458785,5.230397701263428,519004476
2005-02-04,5.121504176912025,5.1532546565335995,5.0255083203177,5.069165229797363,592179228
2005-02-07,5.091489511872655,5.119766508292531,4.849639826461788,4.8625383377075195,517897584
2005-02-08,4.8856067413026345,4.961510863726538,4.825330188425688,4.927279472351074,458740800
2005-02-09,4.979866761578816,5.000702893658039,4.699569172155672,4.752155780792236,686173140
2005-02-10,4.761829139849341,4.767782589574258,4.5951396372424895,4.6628570556640625,758548692
2005-02-11,4.630114247876129,4.770510915369595,4.615478763540693,4.648470401763916,524115360
2005-02-14,4.535607507144115,4.789363139997865,4.489718301500109,4.787130832672119,1540945512
2005-02-15,4.802262247426806,4.957045815237099,4.789363734937478,4.8426947593688965,1030280688
2005-02-16,4.829548027405125,4.944395371025406,4.819625766698339,4.92157506942749,660630708
2005-02-17,4.907188069480184,4.954813308088451,4.881886378649445,4.908923625946045,416159424
2005-02-18,4.924055425100914,4.932240710254954,4.8781652699920075,4.9101643562316895,339096564
2005-02-22,4.87419637352151,4.933728511940426,4.722638150558775,4.746946811676025,538808652
2005-02-23,4.794819756215164,4.824090253356228,4.6797242989929915,4.810943603515625,622816560
2005-02-24,4.548506830244554,4.709243384613732,4.520228411623214,4.685430526733398,1031539428
2005-02-25,4.691878808227192,4.710979382035382,4.601588752918067,4.610518455505371,398541060
2005-02-28,4.613744216185177,4.709740063915419,4.610023073173108,4.663105487823486,312423264
2005-03-01,4.695352598196199,4.706762275582868,4.514523863647276,4.615231990814209,372075552
2005-03-02,4.6125029693328194,4.655167789823805,4.573063958650969,4.593403339385986,291128580
2005-03-03,4.616968119597803,4.657152017002703,4.571822383604391,4.638796806335449,304039656
2005-03-04,4.631106844095986,4.6447497732762155,4.5906743349422445,4.611262798309326,270693036
2005-03-07,4.657897047247651,4.70304231653303,4.639292749647133,4.683446407318115,346349304
2005-03-08,4.690639524550204,4.709243349169577,4.588194892178692,4.593900203704834,321522156
2005-03-09,4.569342495075375,4.58025683864836,4.4688825133609,4.49839973449707,453961584
2005-03-10,4.489966338089564,4.494679564955331,4.400419281454862,4.464416980743408,437981580
2005-03-11,4.475827804448833,4.488477705122619,4.394218835313478,4.410341739654541,320810868
2005-03-14,4.423489268169434,4.425225297515557,4.280612587780391,4.340640068054199,445418136
2005-03-15,4.348329923260859,4.464914240432069,4.321292672925536,4.430434703826904,416467116
2005-03-16,4.383056441677105,4.430434011653787,4.341136043289833,4.355770111083984,283967748
2005-03-17,4.393722700627489,4.455982478366848,4.360731058842552,4.447301387786865,330093576
2005-03-18,4.435394943961192,4.474835368737213,4.422992238180837,4.465905666351318,283316400
2005-03-21,4.446805314503939,4.518740160850692,4.396699628440799,4.48674201965332,299048652
2005-03-22,4.4941825407457685,4.513034501770793,4.411582441445405,4.430185317993164,225042732
2005-03-23,4.414558833557174,4.47086657923063,4.414558833557174,4.439611911773682,193606200
2005-03-24,4.482276517492276,4.486245326873732,4.4450688704603705,4.446309566497803,148059792
2005-03-28,4.50658562668735,4.583977637393923,4.48847713829585,4.500135898590088,349170480
2005-03-29,4.49095836490543,4.546274027356834,4.417038879720893,4.454246997833252,258661080
2005-03-30,4.4807893533688645,4.500881067972783,4.454990909316413,4.476076126098633,249194556
2005-03-31,4.4140629065831005,4.499392073769804,4.406372954218585,4.477563858032227,270473256
2005-04-01,4.508570482683819,4.538087703014178,4.464664497745731,4.465905666351318,247032720
2005-04-04,4.463672269372411,4.596876219156872,4.460944628933962,4.596131801605225,322732944
2005-04-05,4.656656962076925,4.719413501274041,4.652688152270722,4.677493095397949,349118532
2005-04-06,4.694112191799938,4.7042821180120145,4.652935263250599,4.693615913391113,209893896
2005-04-07,4.6827021165784,4.827563437805863,4.679229585249292,4.806231498718262,387300312
2005-04-08,4.804494628438422,4.839469496220348,4.748931295554997,4.763814449310303,204459336
2005-04-11,4.789611145313143,4.83202829602498,4.770511516811345,4.793084621429443,216203580
2005-04-12,4.78737965548362,4.8226021899499845,4.698329344518551,4.811192512512207,292491216
2005-04-13,4.799037887547079,4.820122158249297,4.706266907398873,4.785642623901367,261969768
2005-04-14,4.794077148691416,4.821114398129775,4.715444429348162,4.748931407928467,245861892
2005-04-15,4.71544385327097,4.721397303245094,4.580504343846336,4.5889387130737305,462632904
2005-04-18,4.578520506602624,4.660377613787876,4.551483258512819,4.6378045082092285,261749988
2005-04-19,4.696344301877575,4.762573834365696,4.664097077520273,4.7476911544799805,336862800
2005-04-20,4.925790589852689,4.973417242944238,4.859562005695858,4.913884162902832,617441940
2005-04-21,4.971432148192053,5.085038763238448,4.944146293519627,5.0656914710998535,709365924
2005-04-22,5.529050634684815,5.556336967489,5.314735398715725,5.353183269500732,1326875796
2005-04-25,5.403041295400002,5.57469218476924,5.395599009682548,5.544678211212158,792806400
2005-04-26,5.462573493615939,5.506726676145229,5.414699640835298,5.426109790802002,690189120
2005-04-27,5.407257407447353,5.478200166506667,5.376251351783015,5.451658725738525,410181408
2005-04-28,5.444713089732273,5.5087107860571,5.400311772271458,5.4434733390808105,346964688
2005-04-29,5.504493231262166,5.512927600967431,5.403041163224851,5.457116603851318,366441192
2005-05-02,5.507966376177839,5.548894217699738,5.46232483535579,5.513919353485107,390305304
2005-05-03,5.503005467501208,5.6592764386457715,5.48985881697831,5.610658645629883,710496792
2005-05-04,5.636456875732801,5.702190609562642,5.63075250953308,5.667959213256836,482856660
2005-05-05,5.670935878897026,5.670935878897026,5.602970783380943,5.630255699157715,300083616
2005-05-06,5.6654785659700515,5.686562834888322,5.617604244673191,5.656052112579346,270285444
2005-05-09,5.655557478995925,5.667959240985046,5.591807440681557,5.606442928314209,221250528
2005-05-10,5.592799086817301,5.650595664978027,5.574195737893851,5.650595664978027,253578168
2005-05-11,5.679617948545724,5.75428091279853,5.653820922635931,5.737165451049805,458692848
2005-05-12,5.7252583223965745,5.760482271112092,5.660517626317299,5.6734161376953125,357570072
2005-05-13,5.684826220352881,5.732203789680742,5.638689346956599,5.686314582824707,296323380
2005-05-16,5.697228882821669,5.745350396698938,5.669695358916014,5.7312116622924805,227028744
2005-05-17,5.719057311767033,5.790743537316334,5.7101271374047435,5.782805919647217,312043644
2005-05-18,5.794712584615087,5.952472860442451,5.792480277255672,5.932380676269531,491987520
2005-05-19,5.961651758938047,5.9822392782046006,5.910304903468085,5.932877063751221,388271340
2005-05-20,5.983230836327067,5.994641930361477,5.944535302690106,5.993153095245361,326213460
2005-05-23,6.031600996591821,6.402189074355921,6.020438986972186,6.336455821990967,854676468
2005-05-24,6.373910988679275,6.584258825035165,6.288086020042878,6.350098133087158,1160562276
2005-05-25,6.268986730710465,6.473628321832307,6.216895456394184,6.469411373138428,721593684
2005-05-26,6.473132201241704,6.542586600090792,6.407150333276631,6.429474353790283,541322136
2005-05-27,6.4607298056900495,6.599390480999147,6.430716302164469,6.598150730133057,486876636
2005-05-31,6.683231049788867,6.905733000635829,6.68174315974501,6.877703666687012,888582528
2005-06-01,7.02479654090322,7.26515787312808,6.995526986605679,7.143860816955566,1406260332
2005-06-02,7.161967832393426,7.188013940165776,7.059523211540653,7.141380786895752,718245036
2005-06-03,7.1138476973627744,7.176108428714841,6.881175816469279,6.951870918273926,750540708
2005-06-06,7.0047039607933375,7.2864893982309775,6.990813365693386,7.216787338256836,900134964
2005-06-07,7.369587480913453,7.431351929306864,7.2009128456152265,7.270862579345703,971947080
2005-06-08,7.264166710567878,7.272600135787699,6.8958108803702,6.934506893157959,1027007964
2005-06-09,7.062500205208491,7.156263738995693,6.959311162847922,7.101940631866455,656986356
2005-06-10,7.118807738662194,7.126000939477187,6.945916635506959,7.0074334144592285,507356136
2005-06-13,6.940956363068201,7.04935444455105,6.859099252391471,7.013635158538818,511615872
2005-06-14,6.910445828650864,6.976178613912437,6.889609697487086,6.904492378234863,403272324
2005-06-15,6.821395272603839,6.878446019379479,6.633620069151123,6.816433906555176,834488676
2005-06-16,6.803039004733605,6.903251798132482,6.773521781950662,6.881919860839844,497997504
2005-06-17,6.920614561035854,6.952861309051514,6.843718360541737,6.952861309051514,416958624
2005-06-20,6.848432594672574,7.135675226456152,6.740282186907838,7.11161470413208,840147012
2005-06-21,7.145597412291994,7.200912602644811,7.068701201273981,7.139892101287842,604686708
2005-06-22,7.185285725594241,7.251018510530875,7.1604807851577865,7.176107883453369,418541040
2005-06-23,7.143860712263945,7.312783476381872,7.1066535401081765,7.186277389526367,561693744
2005-06-24,7.215796033096249,7.391911536940583,7.183053473654851,7.3733086585998535,710137152
2005-06-27,7.414235891786154,7.552399791985842,7.289218642120314,7.543221950531006,711403884
2005-06-28,7.597298989850799,7.670969398983757,7.491133213043213,7.491133213043213,760698540
2005-06-29,7.503534687555587,7.550168317540272,7.246802292393056,7.260941028594971,731216052
2005-06-30,7.301125217859994,7.41498046017031,7.219268115375109,7.296411991119385,603172224
2005-07-01,7.318488021082421,7.348254326710973,7.174123471162141,7.224477767944336,368734896
2005-07-05,7.245562163639682,7.341805671241548,7.199176202644554,7.335107803344727,299460240
2005-07-06,7.374548357684785,7.381989225381276,7.227702410676258,7.231174468994141,319691988
2005-07-07,7.17833988086661,7.337339915584702,7.156511666566584,7.330891132354736,426457116
2005-07-08,7.34850348058242,7.37950953919924,7.293932703981747,7.3480072021484375,298005696
2005-07-11,7.352223458223511,7.357184351830358,7.218772773381105,7.276568412780762,335276388
2005-07-12,7.277560405441323,7.302613012370028,7.216540375023125,7.237624645233154,234361404
2005-07-13,7.255731625583029,7.42266975599299,7.245562172062773,7.413244247436523,457058484
2005-07-14,7.573980974081331,7.608955841159111,7.4432584027023205,7.463598728179932,426281292
2005-07-15,7.472279991115008,7.525859148950537,7.4360639590932225,7.471039295196533,337198464
2005-07-18,7.4415220301698035,7.488651462517676,7.385710089124753,7.430111408233643,248063688
2005-07-19,7.493612261764915,7.69825478263668,7.486171394443047,7.687091827392578,504351144
2005-07-20,7.57968662466355,7.754314246599677,7.48617216906001,7.73918342590332,571843584
2005-07-21,7.79003251033551,7.883051620580055,7.719586031208361,7.787303924560547,790784424
2005-07-22,7.599530584730137,7.670969156514257,7.350488140356202,7.501054763793945,934536528
2005-07-25,7.5008059989380635,7.523130965730607,7.316504261816134,7.338581562042236,385965648
2005-07-26,7.3177448131601235,7.391911017983753,7.2453136920935615,7.344533920288086,392283324
2005-07-27,7.385462463232924,7.397616557537613,7.253002922770809,7.365370750427246,288427284
2005-07-28,7.377277091557219,7.377277091557219,7.274831051906858,7.2802886962890625,236786976
2005-07-29,7.246553706668516,7.2639168325370935,7.118807400684381,7.137907028198242,334197468
2005-08-01,7.146837166092611,7.2554838511875746,7.146341832985583,7.233407497406006,226269504
2005-08-02,7.233158627223679,7.429614442029163,7.221252199882556,7.42142915725708,291316392
2005-08-03,7.391911562859783,7.434577327582105,7.3323794215548075,7.374548435211182,236986776
2005-08-04,7.331139366633941,7.416716674024652,7.323698498688222,7.3852152824401855,209250540
2005-08-05,7.379508213065061,7.404561289202571,7.225964892290896,7.2517619132995605,237350412
2005-08-08,7.282768737915814,7.33362025838757,7.205625805889325,7.224477767944336,179092728
2005-08-09,7.242088851438406,7.259948730060125,7.156512019105332,7.232415676116943,230940828
2005-08-10,7.225718328658615,7.251267687040637,7.06646920055048,7.086313247680664,274884840
2005-08-11,7.091522819554099,7.108638754610634,6.9608007104148,7.045881271362305,300295404
2005-08-12,7.0287655295365195,7.198431772757816,6.986100711367086,7.186525344848633,263172564
2005-08-15,7.188510242117687,7.262182065022704,7.038935233989231,7.044641017913818,326661012
2005-08-16,7.066468324072023,7.138651302418403,7.028269069811284,7.085567951202393,284083632
2005-08-17,7.082096997394096,7.108389828952653,7.044641209540262,7.071927070617676,155176668
2005-08-18,6.843968380099191,6.957823632943158,6.821395746374437,6.9451727867126465,474437088
2005-08-19,6.9699770591497145,6.981386734782437,6.935993335551191,6.945419788360596,221494284
2005-08-22,6.976178162873845,6.981883946358702,6.780466764408337,6.79683780670166,272247480
2005-08-23,6.850169908635673,6.9389725588600495,6.799567465967205,6.93500280380249,232635132
2005-08-24,6.885143930002862,7.063244541665378,6.857362265071141,7.009169101715088,343380276
2005-08-25,7.0086729324446955,7.044640353263725,6.94467570894686,7.009665489196777,174888936
2005-08-26,7.031741687688837,7.0699423629297256,7.011402308333441,7.0342230796813965,150061788
2005-08-29,7.000984417449329,7.171643230961951,7.000984417449329,7.155023574829102,235883880
2005-08-30,7.128730604863466,7.181317213103659,7.091274344484004,7.125753879547119,191488320
2005-08-31,7.149565862399177,7.156263257218806,7.0535700275331745,7.094250202178955,201158640
2005-09-01,7.092018997947145,7.1314594280848205,7.069446363398874,7.100452423095703,109574316
2005-09-02,7.106902053631995,7.193223780953983,7.105165551722826,7.155023574829102,137242620
2005-09-06,7.168665981346137,7.178340101780986,7.114094734947503,7.121784687042236,168323508
2005-09-07,7.09152231938039,7.329899498105525,7.076391499224133,7.314271926879883,299680020
2005-09-08,7.313279299459687,7.423661538163865,7.2768155995031485,7.327169895172119,264267468
2005-09-09,7.374051532637554,7.419197270593139,7.356192126936058,7.418949604034424,175444380
2005-09-12,7.484930316921753,7.724795372286326,7.466327439421538,7.6831231117248535,415044540
2005-09-13,7.664767368693662,7.826744128155075,7.594569026493359,7.731245040893555,411584004
2005-09-14,7.6580705289624005,7.770933696368988,7.4489638497274235,7.515937805175781,450580968
2005-09-15,7.429615469295338,7.60895632178123,7.389679706091819,7.506511688232422,618029352
2005-09-16,7.541238768157756,7.553145196951283,7.438297385188735,7.446484088897705,302888808
2005-09-19,7.466327636223601,7.590352809677988,7.459133489881103,7.5355329513549805,230245524
2005-09-20,7.594072740939881,7.7218190606401835,7.5712524411468145,7.637729644775391,373665960
2005-09-21,7.6501330495806865,7.7828402668292895,7.589361155432735,7.7367024421691895,404383212
2005-09-22,7.726779956687605,7.918275366692214,7.693789730397209,7.723555564880371,519735744
2005-09-23,7.763987356617152,7.868416615800154,7.753817903716527,7.8225274085998535,339012648
2005-09-26,7.92522057573394,7.961188945872014,7.753074349256291,7.795738697052002,395380224
2005-09-27,7.8123574749110585,7.898182439290243,7.773412856497808,7.787303924560547,274649076
2005-09-28,7.794249710727258,7.816078398956802,7.580430752168046,7.590353012084961,319576104
2005-09-29,7.607219762971165,7.707432075584816,7.592336610536105,7.680146217346191,224327448
2005-09-30,7.794249652754228,7.875610481941759,7.746376273294915,7.849812984466553,365685948
2005-10-03,7.77961466244137,7.9403516607526035,7.758778533678487,7.904880046844482,366045588
2005-10-04,7.936383551062225,7.969374250690246,7.707928627891703,7.714378356933594,365406228
2005-10-05,7.7562983935399314,7.811117306638181,7.6399626994014485,7.707184791564941,332802864
2005-10-06,7.792264864029003,7.800699233237995,7.691804413426482,7.757786750793457,319432248
2005-10-07,7.808388569182708,7.8550221933216635,7.702966754661881,7.763739585876465,270541188
2005-10-10,7.771678456944571,7.809133300513363,7.668488460511824,7.7056965827941895,222665112
2005-10-11,7.704703640989631,7.755305604028328,7.562074175710385,7.592832565307617,341362296
2005-10-12,7.5705088703286245,7.619870139501136,7.416716443091207,7.465583324432373,371875752
2005-10-13,7.491131565186127,7.491131565186127,7.210337279417311,7.378019332885742,422285292
2005-10-14,7.439040952299018,7.447226709779788,7.256475731672109,7.345774173736572,340423236
2005-10-17,7.379508770720017,7.570508359516775,7.306581371409972,7.565547466278076,302365332
2005-10-18,7.5645551994208695,7.638970491437587,7.509487675364216,7.52288293838501,282828888
2005-10-19,7.540742385181135,7.68634857834356,7.5397503010191445,7.657325744628906,280147572
2005-10-20,7.689324834327911,7.717602305157165,7.471536128813293,7.520898342132568,555911532
2005-10-21,8.577594024091614,8.593220648296983,8.26008835808692,8.431243896484375,914780304
2005-10-24,8.517317547317168,8.664411621141918,8.488046576242708,8.648287773132324,376890732
2005-10-25,8.577098475256292,8.61728284713167,8.504667350198494,8.605127334594727,274856868
2005-10-26,8.589501015449413,8.830606310009738,8.587268235168176,8.816715240478516,355943700
2005-10-27,8.845489055635435,8.85764267681132,8.723448057868342,8.757678031921387,205170624
2005-10-28,8.812497945610177,8.903780077811854,8.806295884103676,8.884431838989258,235903860
2005-10-31,8.935779166712129,9.295701064909595,8.917672094497217,9.23095989227295,573142284
2005-11-01,9.224015582793346,9.522668390988288,9.153320008781833,9.41054916381836,653589756
2005-11-02,9.468095897927665,9.549953476570531,9.355729958604389,9.417990684509277,422193384
2005-11-03,9.48570866027929,9.589145370267738,9.460158357013269,9.573517799377441,297638064
2005-11-04,9.673480791576207,9.718378382894445,9.561113925313808,9.684643745422363,352643004
2005-11-07,9.80048452656873,9.859273195736552,9.727310400222283,9.798748970031738,383276340
2005-11-08,9.779399623940456,9.8126389341341,9.638755266864814,9.67149829864502,315584100
2005-11-09,9.59137786427283,9.63156223907303,9.377062143964041,9.404844284057617,418257324
2005-11-10,9.385247498321897,9.707466444099557,9.36217953065764,9.701264381408691,364782852
2005-11-11,9.800980949477783,9.845133659676542,9.645452961632191,9.683900833129883,282273444
2005-11-14,9.726564968956788,9.877875052156913,9.711929955443045,9.846869468688965,312003684
2005-11-15,9.782622910541512,9.847612688346558,9.697542839537958,9.74343204498291,344651004
2005-11-16,9.827769984595323,9.89350276780524,9.775927324866236,9.876139640808105,347460192
2005-11-17,9.966679138603501,10.016537636533977,9.910371856491285,10.007607460021973,368119512
2005-11-18,10.008599780478352,10.033653807437384,9.918309241728775,9.927239418029785,280742976
2005-11-21,9.901438928445904,10.169582362954781,9.760546929024725,10.154202461242676,412990596
2005-11-22,10.136591524638858,10.351404434305644,10.076564529207712,10.330567359924316,383456160
2005-11-23,10.34470683030429,10.535210621157184,10.31345357973897,10.489072799682617,402996600
2005-11-25,10.561502470481503,10.635172862304325,10.549595571626059,10.631948471069336,193410396
2005-11-28,10.661717209453146,10.696940690442766,10.478656632698142,10.504453659057617,439895664
2005-11-29,10.528760000517813,10.576882931525839,9.975111861480903,10.009839057922363,858972168
2005-11-30,10.027699384710049,10.13163142648088,9.811894846668721,10.043822288513184,623240136
2005-12-01,10.150235007727426,10.305018087334108,10.127662376816854,10.27153205871582,389406204
2005-12-02,10.34222820582575,10.406473104751312,10.265828738820717,10.361080169677734,301438260
2005-12-05,10.343715094980075,10.356118273727855,10.028194524473808,10.067138671875,411164424
2005-12-06,10.137833165705048,10.329080896822232,9.964198118340883,10.03464412689209,604406988
2005-12-07,10.07482773977389,10.088223475396461,9.897472019111486,10.02670669555664,466169364
2005-12-08,10.053497217897286,10.18620491027832,9.987514871572184,10.18620491027832,356043600
2005-12-09,10.294102947887936,10.313452131118426,10.134358987511876,10.15023422241211,305430264
2005-12-12,10.284927477595762,10.299314824782847,10.168839924464532,10.234821319580078,277725996
2005-12-13,10.232092736014735,10.368520147609635,10.21076032609073,10.355870246887207,326225448
2005-12-14,10.344706367765662,10.411432650273198,10.306259445312177,10.392332077026367,264950784
2005-12-15,10.39605462918944,10.496019283395954,10.331313454368678,10.481383323669434,241590168
2005-12-16,10.55058896447596,10.728193287670472,10.486343129453145,10.669901847839355,652566780
2005-12-19,10.720751903688361,11.068270597081598,10.420857973418595,10.532233238220215,876594528
2005-12-20,10.613098715457824,10.720753324679785,10.533970190816722,10.659732818603516,402984612
2005-12-21,10.754239848860385,10.836344150073716,10.435742540582227,10.575146675109863,448427124
2005-12-22,10.710087089664928,10.737124340051633,10.565225771032988,10.716785430908203,301562136
2005-12-23,10.719511620982924,10.728193183915407,10.6359184925332,10.689249038696289,183620196
2005-12-27,10.712319199067226,10.712319199067226,10.48659380999725,10.53322696685791,267843888
2005-12-28,10.525782594248762,10.611112217392895,10.449383145140194,10.584074974060059,284431284
2005-12-29,10.61607564480367,10.634679942163414,10.397543920840043,10.421852111816406,277554168
2005-12-30,10.350412525854752,10.373730048240867,10.262851055829877,10.290632247924805,303180516
2006-01-03,10.48064075295706,10.806827087245583,10.373978698875947,10.795912742614746,524323152
2006-01-04,11.01097207078391,11.136485128841658,10.908030699089785,11.044210433959961,610844544
2006-01-05,11.063063165767833,11.200730800092177,10.951440223041692,11.19304084777832,431899668
2006-01-06,11.332693384084862,11.670786597753443,11.242651464715705,11.55073070526123,709565724
2006-01-09,11.569334042026377,11.74272143050236,11.433650578797925,11.581488609313965,511164324
2006-01-10,11.519971475312587,11.6645851096605,11.460936087770863,11.65243148803711,363520116
2006-01-11,11.689887077628608,11.785138501624413,11.63804441709308,11.698817253112793,359935704
2006-01-12,11.750657898410498,11.782160703648945,11.447540526755937,11.500374794006348,404606988
2006-01-13,11.517241905226577,11.581240073897366,11.450268902181515,11.565364837646484,305957736
2006-01-17,11.486237590133431,11.655904314444452,11.47309141084929,11.586697578430176,330481188
2006-01-18,11.095310003806201,11.344848249313143,10.994849071003525,11.036026000976562,818608572
2006-01-19,11.191304207019598,11.248852647285124,10.740596476421524,10.826172828674316,580910508
2006-01-20,10.881984451744701,10.914975146516799,9.791553132068193,9.9086332321167,1643023332
2006-01-23,10.105092380827678,10.626246201811629,10.064163115088558,10.604169845581055,908746344
2006-01-24,10.815756276135588,11.037017038059483,10.777308406860552,10.989391326904297,617965416
2006-01-25,11.193537294308644,11.26720769406491,10.646833241178593,10.740596771240234,748842408
2006-01-26,10.902821103363648,10.913984058470996,10.506436468730051,10.772098541259766,516526956
2006-01-27,10.790205696578386,10.870077205897807,10.640878851409742,10.7527494430542,337749912
2006-01-30,10.647080575383999,10.747541497314215,10.542155983979736,10.587300300598145,343212444
2006-01-31,10.680319810847221,10.904309617233618,10.516606557212755,10.732161521911621,881757360
2006-02-01,9.64991816198366,9.971639889585887,9.612462845072729,9.96618366241455,1083815100
2006-02-02,10.01678528432302,10.083262960067911,9.822312205394551,9.823801040649414,471835692
2006-02-03,9.763773178572562,9.77071824061224,9.241626834003773,9.464375495910645,730540728
2006-02-06,9.557642527673622,9.67149824804237,9.41501305769049,9.552433967590332,357258384
2006-02-07,9.50009469413895,9.517706432704637,9.01292324560461,9.12628173828125,664542792
2006-02-08,9.140172366749914,9.19499269338096,8.797614567954556,9.155055046081543,831331836
2006-02-09,9.207641722963897,9.287016950527127,8.833333487383628,8.899313926696777,476019504
2006-02-10,8.978196346936139,9.04144962983943,8.759662748662745,8.994566917419434,608331060
2006-02-13,8.598429863024677,8.696658000841385,8.480605820009004,8.575112342834473,787923288
2006-02-14,8.565935528535533,8.723695328329555,8.493256744862673,8.516077041625977,585573840
2006-02-15,8.465228081949848,8.582556821904479,8.37989843299824,8.492761611938477,517362120
2006-02-16,8.574367573212303,9.103459798569052,8.545097551494125,9.090065956115723,851767380
2006-02-17,9.174404128347456,9.230959065410175,9.01962010574059,9.146869659423828,572235192
2006-02-21,9.089570620921675,9.265687066123679,9.056579923008263,9.093292236328125,347092560
2006-02-22,9.107182636435624,9.15183162445418,9.025574612710052,9.06600570678711,258788952
2006-02-23,9.0689818808918,9.456685904160139,9.063525654457285,9.378053665161133,501561936
2006-02-24,9.358953527934398,9.427663031236062,9.264446057285435,9.361433029174805,259112628
2006-02-27,9.457430912052137,9.716147956525583,9.432874109168104,9.683404922485352,408079512
2006-02-28,9.75335622992241,9.861009902974322,8.396766244933538,8.994817733764648,1575926496
2006-03-01,9.142155452054558,9.164231801898403,8.962071650420942,9.04888916015625,481965552
2006-03-02,9.035991530164686,9.453213262876236,8.984397481272614,9.337870597839355,732478788
2006-03-03,9.53259138603195,9.605518804360718,9.3207560849174,9.38078498840332,478001520
2006-03-06,9.448499228773295,9.510264616582516,9.106933987370333,9.130746841430664,357230412
2006-03-07,9.054347542787175,9.139428562467954,8.883936891590986,9.040207862854004,414736848
2006-03-08,8.779259174734534,8.930570200762563,8.695169765037724,8.778018951416016,469354176
2006-03-09,8.8154748775497,8.893362222441217,8.470931966837952,8.508139610290527,555859584
2006-03-10,8.520541342347807,8.545346751622679,8.224120435416763,8.371710777282715,772250976
2006-03-13,8.456794199242957,8.585036325164502,8.320862120980541,8.360797882080078,545150304
2006-03-14,8.362783883086294,8.740564293583247,8.250664649647977,8.710551261901855,737289972
2006-03-15,8.700875207294006,8.738826799709184,8.446872349449643,8.545348167419434,510241248
2006-03-16,8.647296455490348,8.650768513633718,8.381634379683549,8.403214454650879,400267332
2006-03-17,8.40395958446399,8.477878606766351,8.30796420569208,8.428516387939453,341725932
2006-03-20,8.491769976448278,8.684009352643121,8.471925454409293,8.636878967285156,415887696
2006-03-21,8.682024866924246,8.722952242469376,8.410904636245341,8.431741714477539,392850756
2006-03-22,8.427523047299838,8.535425317899568,8.371712049564648,8.43918228149414,303536160
2006-03-23,8.492016710034703,8.576353792526634,8.4386861580951,8.480607032775879,297090612
2006-03-24,9.143645859042579,9.180109559705695,8.992087163358505,9.073695182800293,606616776
2006-03-27,9.105693499125561,9.220293163256898,9.053851784229405,9.170187950134277,280667052
2006-03-28,9.220293228302799,9.372845430094813,9.206899383010038,9.356472969055176,357474168
2006-03-29,9.424439218909066,9.897224267741674,9.413772541930044,9.797507286071777,760338900
2006-03-30,9.653884920663359,9.760795572037258,9.515473353743792,9.635282516479492,587879532
2006-03-31,9.642723663515635,9.720364294872786,9.525892161928905,9.673978805541992,1459395144
2006-04-03,9.662320327949189,9.735247730864101,9.622632234785625,9.666536331176758,324583092
2006-04-04,9.671499573191873,10.043576091392532,9.627842191731599,10.029685020446777,627999372
2006-04-05,10.125430651885761,10.28344003001685,9.991979966001617,10.120222091674805,535883580
2006-04-06,10.083013247207948,10.266571016767358,10.056719946832034,10.199349403381348,343596060
2006-04-07,10.229858863067903,10.240773205067917,10.02174431080901,10.07482624053955,280754964
2006-04-10,10.097648556359387,10.34793166829027,10.052254682031549,10.328335762023926,372431196
2006-04-11,10.329328429667349,10.395806100819033,10.076316256583752,10.161645889282227,443843712
2006-04-12,10.145274609023753,10.203070718314864,10.050767132557922,10.144034385681152,240439320
2006-04-13,10.13609577335826,10.164125574386379,9.934430940222732,9.975606918334961,261853884
2006-04-17,10.007608635963887,10.232094791030347,9.942867448198317,10.091202735900879,330049620
2006-04-18,10.118732401253595,10.165862777487927,9.959237037209435,10.027201652526855,325178496
2006-04-19,10.233828130824996,10.260368150363057,10.088964960353803,10.182480812072754,270996732
2006-04-20,10.19513153777787,10.318908077105743,10.12542853884386,10.294102668762207,490369140
2006-04-21,11.134995877468175,11.180140189967688,10.819226739444705,10.84229564666748,901149948
2006-04-24,10.899349881919253,11.03081639904402,10.827911312092398,10.9266357421875,353102544
2006-04-25,10.905053064969984,10.940027926941177,10.566959896705502,10.595733642578125,382377240
2006-04-26,10.610121519632422,10.667173686264228,10.505693197530341,10.566217422485352,290820888
2006-04-27,10.490312349424217,10.589532102469743,10.402998550815614,10.41887378692627,333182484
2006-04-28,10.3841465567491,10.56026298851842,10.326351395815509,10.36703109741211,296555148
2006-05-01,10.38017886421154,10.40423938633266,9.886062347514207,9.894742965698242,414033552
2006-05-02,9.948818787926305,9.983793655021866,9.634290760045186,9.79304313659668,523647828
2006-05-03,9.831491674747177,9.959238474935143,9.69580820048508,9.777416229248047,322565112
2006-05-04,9.79874936758406,9.894000797861183,9.72879868490893,9.791803359985352,185893920
2006-05-05,9.86249722622343,9.93889668686477,9.718131256628823,9.7806396484375,242357400
2006-05-08,9.80073154799968,9.850589088073809,9.675217556456492,9.792545318603516,204539256
2006-05-09,9.8153679895096,10.145275949873227,9.766999272755534,10.140315055847168,365258376
2006-05-10,10.128160214225618,10.21249730097878,9.96816760503077,9.995949745178223,247240512
2006-05-11,10.006861564318474,10.038859699964815,9.54945554126734,9.59956169128418,355356288
2006-05-12,9.51373838455854,9.546729085843928,9.265935679751742,9.280323028564453,403100496
2006-05-15,9.32497050522462,9.429647431112269,9.134466724150775,9.33166790008545,343260396
2006-05-16,9.326459240286582,9.348040261956257,9.175149148495082,9.210124015808105,259384356
2006-05-17,9.193006698710583,9.421957376510539,9.18333257995548,9.289498329162598,425326248
2006-05-18,9.395666461517916,9.470825705527767,9.195489477402734,9.202434539794922,233166600
2006-05-19,9.259238375818835,9.289500963825894,8.94396637522728,9.178374290466309,455472072
2006-05-22,9.124544137626089,9.253034852010972,9.060051586558908,9.201440811157227,343831824
2006-05-23,9.282307590844063,9.522172661951362,9.26618279574127,9.316289901733398,358960680
2006-05-24,9.360195604388048,9.511258987412976,9.217814731238118,9.456934928894043,381769848
2006-05-25,9.40310743781741,9.500343979292037,9.2351772158114,9.50009536743164,327456216
2006-05-26,9.538790669957224,9.571782313780282,9.4266714501479,9.4594144821167,146533320
2006-05-30,9.38326241435771,9.450733590006905,9.213844311446705,9.225998878479004,172467360
2006-05-31,9.272136063814312,9.38251972759003,9.09800567350844,9.2230224609375,318932748
2006-06-01,9.265687156665834,9.500095047907145,9.217565165975595,9.490917205810547,250868880
2006-06-02,9.595594666603407,9.601548116702094,9.362674675444856,9.412035942077637,255200544
2006-06-05,9.331171691688281,9.461895198372154,9.280817869229253,9.288010597229004,222117660
2006-06-06,9.341094816045665,9.673978516774483,9.334148809006157,9.673730850219727,409981608
2006-06-07,9.754347627182142,9.794531054561679,9.587160407613883,9.587409019470215,356095548
2006-06-08,9.61816789401226,9.779897957615088,9.39095365000133,9.755836486816406,413965620
2006-06-09,9.728300871017527,9.808669607113588,9.558633224161802,9.588896751403809,246053700
2006-06-12,9.632802671093705,9.686134172071379,9.45073464766493,9.464128494262695,200563236
2006-06-13,9.448251903392311,9.599562929606481,9.379293785271903,9.58765697479248,306057636
2006-06-14,9.66976294383933,9.701264810676486,9.389217196092469,9.534822463989258,310569120
2006-06-15,9.590136716838654,9.729789458291043,9.500343411863106,9.698783874511719,271156572
2006-06-16,9.6516523586218,9.697046229448585,9.624367448112974,9.691340446472168,211971816
2006-06-19,9.695060695700583,9.793041160519078,9.599065344157589,9.627839088439941,305018676
2006-06-20,9.625110299791814,9.720362654461185,9.587407325882342,9.603778839111328,161434404
2006-06-21,9.700270814813553,10.021248527129556,9.667776399018532,9.974862098693848,349426224
2006-06-22,9.961220790917096,10.07085860629902,9.624367836296877,9.920787811279297,236239524
2006-06-23,9.990490288754708,10.163877666340552,9.940385078098746,10.042581558227539,212379408
2006-06-26,10.089463698749563,10.127911567987928,10.002645228155826,10.02670669555664,141905952
2006-06-27,10.063667444559874,10.120471007221006,9.947083593624459,9.979578018188477,164119716
2006-06-28,10.021498049072623,10.082766222316776,9.950059476286183,10.073589324951172,148271580
2006-06-29,10.120222874251528,10.373481808078505,10.066396039684069,10.363808631896973,266061672
2006-06-30,10.30898882922365,10.401512145996094,10.227877080730867,10.401512145996094,250069680
2006-07-03,10.419123471834375,10.511645839634317,10.40448845749721,10.49750804901123,86181732
2006-07-05,10.455834538347448,10.487585012919851,10.309979732326733,10.454345703125,199224576
2006-07-06,10.501971413272338,10.55158223875279,10.467244213552904,10.497258186340332,147336516
2006-07-07,10.568202453336125,10.61384400130798,10.31593418864353,10.42929458618164,241434324
2006-07-10,10.503460366993716,10.547860742343477,10.32833647649081,10.373480796813965,177278544
2006-07-11,10.381170616308804,10.543395992461463,10.245239488079172,10.531242370605469,238613148
2006-07-12,10.46997233857461,10.486095240978198,10.337017947148588,10.349916458129883,196071732
2006-07-13,10.269299124854289,10.376953718126243,10.091447138630013,10.141057014465332,276703020
2006-07-14,10.178265313345557,10.20703905941716,9.887549237239025,10.008846282958984,301781916
2006-07-17,10.03687560594777,10.194883062638493,10.014302031801039,10.117738723754883,232243524
2006-07-18,10.163879161165717,10.184219960740531,9.865970294821128,9.997685432434082,341130528
2006-07-19,9.798251387961392,9.950307309586726,9.789569824425016,9.897224426269531,340399260
2006-07-20,10.028194695736914,10.032163977685803,9.566323981397979,9.602540016174316,501046452
2006-07-21,9.578230511317619,9.717386970733068,9.368628043988187,9.67670726776123,469713816
2006-07-24,9.74392716628075,9.770469077548245,9.45594109557143,9.696301460266113,323120556
2006-07-25,9.550448390951972,9.706473589295005,9.520186752864332,9.658102989196777,230213556
2006-07-26,9.62932898966726,9.721356015433622,9.5003429317867,9.562355041503906,221054724
2006-07-27,9.608741513847308,9.611718239103908,9.375077561480598,9.48546028137207,225418356
2006-07-28,9.475538718883145,9.66306485216061,9.46884132321994,9.62734603881836,163180656
2006-07-31,9.624368770848275,9.653390186891029,9.508032604242434,9.589641571044922,183628188
2006-08-01,9.55268182650225,9.56905334263635,9.314553260803223,9.314553260803223,218309472
2006-08-02,9.316783477652692,9.355728565479113,9.058811382261872,9.109166145324707,283628088
2006-08-03,9.053356082678057,9.374085239338651,9.013171708646203,9.311576843261719,252826920
2006-08-04,9.415013391407623,9.442796475769526,9.221286144085518,9.273377418518066,203604192
2006-08-07,9.215085588555503,9.419231859439195,9.206404024051746,9.375078201293945,157718124
2006-08-08,9.495878460424478,9.537550723929593,9.403356090968662,9.45073413848877,229498272
2006-08-09,9.495381783503925,9.542014934132313,9.335635923659563,9.35002326965332,172267560
2006-08-10,9.274120143403058,9.36813229022233,9.238897610119668,9.282057762145996,170305524
2006-08-11,9.287019024184161,9.308847712916402,9.128267588318758,9.140669822692871,150509340
2006-08-14,9.215083673661312,9.305126527907817,9.144885336592003,9.163737297058105,198533268
2006-08-15,9.27982537803811,9.467351491580613,9.242369121463533,9.44998836517334,267660072
2006-08-16,9.512251738188393,9.635532994961517,9.478517087451808,9.617425918579102,233893872
2006-08-17,9.584431583787712,9.673978164748787,9.523163417772965,9.56979751586914,203004792
2006-08-18,9.58244669787812,9.601795883547052,9.44453140443241,9.509272575378418,197889912
2006-08-21,9.37879800379855,9.401122024742149,9.307359435253051,9.358954429626465,160771068
2006-08-22,9.369619514482535,9.407570154577977,9.297931400976717,9.383509635925293,166397436
2006-08-23,9.367387798096267,9.383015369685607,9.243858896562779,9.262958526611328,145546308
2006-08-24,9.288010840592618,9.3366291079308,9.233936346798608,9.270400047302246,139160700
2006-08-25,9.254275818715014,9.309839145409665,9.239889417636977,9.25874137878418,98569332
2006-08-28,9.31703338535943,9.449492454528809,9.301902093154654,9.449492454528809,166393440
2006-08-29,9.44527716322438,9.483477372918308,9.356474508029832,9.399884223937988,178221600
2006-08-30,9.406332183522151,9.541271697698281,9.388968111368222,9.444531440734863,161614224
2006-08-31,9.462886151761694,9.479256720146124,9.381277195198313,9.389463424682617,118277604
2006-09-01,9.450484065774942,9.457678684689622,9.356225199599887,9.391200065612793,106809084
2006-09-05,9.422704263274424,9.559876579569957,9.362427697413912,9.534079551696777,162809028
2006-09-06,9.478018713233759,9.50505596116781,9.417494488582564,9.429400444030762,148815036
2006-09-07,9.410796579040452,9.469336638013942,9.36143436260303,9.388472557067871,153526320
2006-09-08,9.344567887230127,9.445524159171715,9.344567887230127,9.372597694396973,123212664
2006-09-11,9.382767304126508,9.54226362395646,9.370612736805489,9.52738094329834,180986832
2006-09-12,9.54995288653205,9.741695945900961,9.546976161556932,9.721107482910156,217470312
2006-09-13,9.801725256352949,10.089711357653432,9.800484087708597,10.08499813079834,390337272
2006-09-14,10.02869147947918,10.077805083510649,9.969902809290538,10.020753860473633,214429356
2006-09-15,10.107572101696286,10.171321670083644,10.08921736082858,10.167104721069336,313214472
2006-09-18,10.170078946431182,10.38563581050151,10.156932768225378,10.286416053771973,283983732
2006-09-19,10.305517309439722,10.306261254494855,9.74194537229862,10.0165376663208,571144284
2006-09-20,10.098147019985985,10.105340694803044,9.788578898594437,9.847615242004395,365546088
2006-09-21,9.929471637007214,10.131631835562503,9.918557292798296,10.091943740844727,427256316
2006-09-22,10.045559153916692,10.106827324937026,9.955763953781483,10.015792846679688,185798016
2006-09-25,10.060441955501371,10.156437328567037,9.984042490734504,10.020753860473633,229262508
2006-09-26,10.058458300790546,10.112532801300707,9.965934981425928,10.09244155883789,211364424
2006-09-27,10.078302814424173,10.200342885645428,9.980817655869885,9.994461059570312,234832932
2006-09-28,10.023235021736367,10.095169876343585,9.935425873278865,10.010832786560059,204091704
2006-09-29,10.049277349213849,10.061432860233506,9.957002661587765,9.969158172607422,132303564
2006-10-02,9.96915903492357,10.07085923880258,9.941873176308437,9.957748413085938,145929924
2006-10-03,9.954027414290687,10.082270485078364,9.877132617598662,10.022241592407227,218369412
2006-10-04,10.045309772080797,10.313205571387268,9.997684062269016,10.311468124389648,266205528
2006-10-05,10.286664454896709,10.374473596114743,10.191413027894155,10.214978218078613,231360408
2006-10-06,10.175537987279315,10.465508277285581,10.163878752598082,10.430533409118652,293166540
2006-10-09,10.537194897110494,10.714550604718207,10.502963033558645,10.641375541687012,303028668
2006-10-10,10.70487744472429,10.860900759039186,10.477414617307334,10.583084106445312,391152456
2006-10-11,10.542651503156364,10.663948556526073,10.511397308657097,10.579362869262695,225190584
2006-10-12,10.630462353112634,10.658244491544346,10.517351521594316,10.602681159973145,193566240
2006-10-13,10.610618500236166,10.65377865141742,10.55604678163934,10.599207878112793,144755100
2006-10-16,10.60913059660289,10.646338246079825,10.451369822515462,10.461540222167969,172603224
2006-10-17,10.425570895817787,10.511148190428248,10.336272931467056,10.434005737304688,208231560
2006-10-18,10.492296462513753,10.535953834234851,10.356117678299709,10.40101432800293,240451308
2006-10-19,10.423833502723186,10.653776733817308,10.407462935382917,10.56844711303711,459679860
2006-10-20,11.385280451793951,11.412814924553462,11.251333484767377,11.402148246765137,465450084
2006-10-23,11.46688918947003,12.021529909279797,11.41951114659437,11.925783157348633,603575820
2006-10-24,11.814159405748898,11.853351218973268,11.693358629203585,11.74048900604248,346061592
2006-10-25,11.844173536691386,12.117277900198433,11.785138149512882,12.070148468017578,367132500
2006-10-26,12.096938104067998,12.203103877504414,12.010616850992644,12.032941818237305,280986732
2006-10-27,12.003174264702007,12.036412627609815,11.720148120433336,11.787370681762695,263895840
2006-10-30,11.77794419754226,11.917845546178933,11.658631312082838,11.8213529586792,262261476
2006-10-31,11.858311501425547,11.96001264450734,11.7536345787568,11.816887855529785,251164584
2006-11-01,11.87567617321096,11.884854014847416,11.540807368815774,11.596370697021484,216834948
2006-11-02,11.596370550452086,11.750906911742021,11.568589359346447,11.65615177154541,209258532
2006-11-03,11.713699170165437,11.751403092696071,11.535846234086392,11.703032493591309,196111692
2006-11-06,11.75189917585699,11.898001648665295,11.716180364552917,11.830780029296875,199460340
2006-11-07,11.830778878277082,11.882124310046695,11.70228815706368,11.722131729125977,195688116
2006-11-08,11.667067001192795,11.949596886854454,11.62365729161154,11.78240966796875,318281400
2006-11-09,11.819617695970374,11.893785326375207,11.704521746758022,11.72362232208252,194972832
2006-11-10,11.75214764203452,11.775465166471779,11.665578721191308,11.746443748474121,111756132
2006-11-13,11.779928036810185,11.935456005749232,11.761076075851623,11.931983947753906,173502324
2006-11-14,11.923798072796636,12.153245057293521,11.918837179548118,12.13712215423584,288647064
2006-11-15,12.239566854242865,12.3988155049411,12.202360153198242,12.202360153198242,334493172
2006-11-16,12.278510644168318,12.344988316288072,12.21798642215891,12.300835609436035,203500296
2006-11-17,12.235103332337363,12.394103385392715,12.22890126965026,12.372523307800293,220219560
2006-11-20,12.36284768594559,12.36284768594559,12.220219167300172,12.279751777648926,204775020
2006-11-21,12.316711082820975,12.650587339715415,12.299099343993289,12.641904830932617,336762900
2006-11-22,12.674647633097623,12.725002401960174,12.545909237095783,12.601224899291992,179847972
2006-11-24,12.514158558637297,12.588573848008156,12.501756325506207,12.526561737060547,69238692
2006-11-27,12.436520444117548,12.446690843741322,12.024260520935059,12.024260520935059,292695012
2006-11-28,11.93446392270672,12.151012397848902,11.832763719518127,12.142083168029785,311592096
2006-11-29,12.25965802520694,12.27206120315403,11.962245490979184,12.021777153015137,252359388
2006-11-30,12.010368340538133,12.164407484238607,11.944883224003096,12.025747299194336,222876900
2006-12-01,12.054770765099112,12.11455104874119,11.869227851538861,11.92628002166748,225030744
2006-12-04,11.980849910268404,12.090737293518224,11.890311713214707,12.026739120483398,195800004
2006-12-05,12.08999132805911,12.140593760720668,12.027730607638778,12.080069541931152,163955880
2006-12-06,12.07907831218761,12.214017832345272,12.01855408674901,12.122488021850586,177833988
2006-12-07,12.160191039422584,12.19913518872247,11.966463795057091,11.97192096710205,186385428
2006-12-08,11.954557874260763,12.11975903547693,11.906434937265347,12.008384704589844,158837004
2006-12-11,12.02847640400384,12.127200837990966,12.000695209510958,12.00391960144043,130405464
2006-12-12,12.001934608256237,12.064195333981713,11.913380579875986,11.95058822631836,167072760
2006-12-13,12.022770283414742,12.042862468449762,11.83251510989046,11.88138198852539,186297516
2006-12-14,11.912634186732697,11.999452647673438,11.838467515054404,11.959020614624023,189766044
2006-12-15,11.971920309129365,12.008384009613168,11.902465911624649,11.9138765335083,207424368
2006-12-18,11.968695771021482,11.974400609247397,11.428192834788526,11.479787826538086,320343336
2006-12-19,11.452998817734136,11.641268886792789,11.373126352126999,11.624401092529297,263216520
2006-12-20,11.658382850536414,11.695590492586858,11.468128637551926,11.482266426086426,174537288
2006-12-21,11.514016623444821,11.540558534185953,11.220325720804276,11.316072463989258,277853868
2006-12-22,11.348321132439658,11.376598604205665,11.230001739896503,11.300695419311523,159372468
2006-12-26,11.324010804343095,11.397185868151855,11.276137429694717,11.349064826965332,82889028
2006-12-27,11.410332707065534,11.610757320717264,11.388007743379287,11.609517097473145,169090740
2006-12-28,11.586943896154532,11.62315898027309,11.466143133196669,11.473833084106445,124523352
2006-12-29,11.462425595779326,11.521213325067414,11.40686225858967,11.422242164611816,102265632
2007-01-03,11.559164720068784,11.823585642349478,11.437867657663372,11.598604202270508,307951740
2007-01-04,11.633580074431103,12.004415380238092,11.617456224870311,11.987299919128418,315188496
2007-01-05,11.968448335462924,12.092473506001504,11.859553511636234,12.084783554077148,274609116
2007-01-08,12.097186170543461,12.15126161169408,11.96100642877964,11.995237350463867,189985824
2007-01-09,12.041622668782571,12.111076122700052,11.936200846599737,12.042862892150879,215040744
2007-01-10,12.01632128205167,12.24254292788378,11.957036339507537,12.141090393066406,238501260
2007-01-11,12.333081446437294,12.445944605801433,12.307780701344273,12.395590782165527,288039672
2007-01-12,12.45189783585177,12.526561737060547,12.402536569873169,12.526561737060547,178769052
2007-01-16,12.58981305695561,12.725001168360976,12.484391247958738,12.50870132446289,302453244
2007-01-17,12.486625484347954,12.595271697313603,12.263131941627412,12.335065841674805,267696036
2007-01-18,12.266603509386456,12.315221775537667,12.090736630281972,12.100658416748047,237042720
2007-01-19,12.104380820033477,12.173338947373448,12.07362289946722,12.148285865783691,198932868
2007-01-22,12.216499122159085,12.220219792334664,11.869227119516184,11.927271842956543,215955828
2007-01-23,11.926031772131273,12.024259923782937,11.839213297713792,11.8828706741333,186433380
2007-01-24,12.01681608265562,12.391125289697923,11.98804233614536,12.37946605682373,242129628
2007-01-25,12.427340949192516,12.51415847108708,12.046831553646454,12.107107162475586,254485260
2007-01-26,12.177555477618212,12.350446595830784,12.080815213170155,12.299347877502441,219640140
2007-01-29,12.35292681133367,12.371530162633533,12.166888571873839,12.215754508972168,190836972
2007-01-30,12.25370579098399,12.352926497942773,12.184748614348134,12.261643409729004,167052780
2007-01-31,12.315471154676642,12.526562468530246,12.291162020086484,12.439743995666504,487755756
2007-02-01,12.55136882594419,12.551616492523046,11.9443871963682,11.949845314025879,625721652
2007-02-02,11.97117615161518,12.030461099494953,11.852111868016152,11.943643569946289,251208540
2007-02-05,11.844420633830556,11.856823811918218,11.563875889067617,11.587937355041504,287987724
2007-02-06,11.61125521145947,11.740241282635688,11.59041907994804,11.695096015930176,212663124
2007-02-07,11.753139760246157,11.766286884654038,11.628122026257394,11.658632278442383,164627208
2007-02-08,11.610013298002553,11.751402528052747,11.538078459741651,11.683932304382324,162904932
2007-02-09,11.699313171607324,11.724862530669807,11.447542141881854,11.457216262817383,194149656
2007-02-12,11.427201049803097,11.469616308678024,11.286803423462981,11.367916107177734,229949820
2007-02-13,11.389250248517017,11.479293120898493,11.342368477087375,11.388010025024414,162341496
2007-02-14,11.410333329425494,11.636803588848316,11.390985089528233,11.557427406311035,227724048
2007-02-15,11.559165207701236,11.562389599615939,11.428194019142436,11.446797370910645,161534304
2007-02-16,11.47978852230543,11.662106088250743,11.461431892608111,11.656895637512207,246832920
2007-02-20,11.620430208485889,11.726596907676226,11.527163910359121,11.71047306060791,162541296
2007-02-21,11.65441554066964,11.873692130786582,11.602324270036387,11.803741455078125,225398376
2007-02-22,11.873940466206982,12.011609045259931,11.767279362847509,11.803494453430176,229526244
2007-02-23,11.801012822097299,11.830779126106398,11.603812594136741,11.673762321472168,155148696
2007-02-26,11.728583298173843,11.788610297304709,11.503352310080507,11.532622337341309,158637204
2007-02-27,11.286307461422536,11.405372683098314,11.092083949192935,11.1317720413208,372139488
2007-02-28,11.172453481209917,11.25331756108003,10.989639632636075,11.148639678955078,320970708
2007-03-01,10.980462387144785,11.222311619376985,10.914232378632303,11.118377685546875,347060592
2007-03-02,11.040987024666771,11.13003733588941,10.881489753723145,10.881489753723145,263080656
2007-03-05,10.840312396247613,11.050660710260958,10.839817063127548,10.937797546386719,253949796
2007-03-06,11.0995262299532,11.385528159707096,11.09729344982774,11.349560737609863,301046652
2007-03-07,11.477060343889798,11.488222355326535,11.268698070609222,11.302184104919434,261102636
2007-03-08,11.390985617638238,11.546761264928222,11.263983719690513,11.279362678527832,214297488
2007-03-09,11.36072310609019,11.37064489310807,11.164764031318215,11.235705375671387,198908892
2007-03-12,11.22603110063703,11.292508768669673,11.189815069102488,11.280105590820312,138477384
2007-03-13,11.165011491273615,11.210156755720229,10.984430433487155,10.989391326904297,254836908
2007-03-14,10.994351526643294,11.129043366530752,10.889425990672798,11.112671852111816,320355324
2007-03-15,11.109199362805871,11.157816680514166,11.01196283680509,11.067774772644043,157610232
2007-03-16,11.054382293982616,11.080428880023302,10.911505133000352,10.935317993164062,226137636
2007-03-19,10.99484913868588,11.125076379634589,10.929860296787972,11.093573570251465,207700092
2007-03-20,11.057853100560289,11.102750698176955,11.003529994567426,11.045202255249023,136723140
2007-03-21,11.045698807184742,11.325251938624868,11.043465081887536,11.32475471496582,231700068
2007-03-22,11.301440225434611,11.464160938097953,11.225040762688652,11.460936546325684,227000772
2007-03-23,11.446301115124136,11.4944221592693,11.337902569290355,11.455726623535156,164287548
2007-03-26,11.423978152132692,11.534360885620117,11.301689461444642,11.534360885620117,188223588
2007-03-27,11.498392244161266,11.540064507907026,11.418767441691058,11.500128746032715,149498352
2007-03-28,11.456718750346143,11.545273726543074,11.414054876085936,11.456968307495117,183480336
2007-03-29,11.523195071133552,11.559163436291232,11.28630675650058,11.433154106140137,159380460
2007-03-30,11.462423591065074,11.494670342286602,11.31458557006019,11.364690780639648,135072792
2007-04-02,11.354769322136203,11.373869895935059,11.21486891530114,11.373869895935059,137802060
2007-04-03,11.510793638295839,11.763805818195292,11.5095543602407,11.722877502441406,259811928
2007-04-04,11.711467441395698,11.73279985116671,11.647966490503796,11.683685302734375,151000848
2007-04-05,11.690631330078778,11.71022723805551,11.648958122015383,11.695840835571289,108523368
2007-04-09,11.732302528023256,11.7327988064002,11.548992420254372,11.613982200622559,122361516
2007-04-10,11.586201595479013,11.677980959920722,11.538328217588312,11.571566581726074,119052828
2007-04-11,11.560651899661341,11.643501086317963,11.475074599811677,11.522700309753418,152327520
2007-04-12,11.50955471949422,11.60877448096153,11.46589734383821,11.593643188476562,108207684
2007-04-13,11.619936776669366,11.627874395593283,11.493679764170365,11.566357612609863,111680208
2007-04-16,11.620183950495086,11.831772484361563,11.612493998463652,11.764302253723145,202912884
2007-04-17,11.752642973037268,11.81688786127309,11.69807125904798,11.727837562561035,128275596
2007-04-18,11.689637689789368,11.903954324845238,11.646725207586666,11.807461738586426,226593180
2007-04-19,11.770008749713686,11.954806783419379,11.648216340467958,11.69931411743164,439943616
2007-04-20,12.167384804356747,12.216499353128963,11.956542097293232,11.967951774597168,485973540
2007-04-23,11.908916231800134,12.030460960825726,11.863273741997977,11.883614540100098,226757016
2007-04-24,11.871955786975096,11.905939041142974,11.796052605426729,11.845166206359863,147640212
2007-04-25,11.906434465824422,11.940417720253672,11.809943764965853,11.856576919555664,158513328
2007-04-26,11.859304780733597,12.016816925341812,11.834747980600172,11.935705184936523,164831004
2007-04-27,11.90817119161381,11.965966352947827,11.86500915258026,11.881876945495605,116910972
2007-04-30,11.88535017306798,11.93992188924016,11.692614555358887,11.692614555358887,145502352
2007-05-01,11.71270777052889,11.728085783436205,11.513770089538164,11.63357925415039,146181672
2007-05-02,11.624897069195894,11.68517362564585,11.55246689106826,11.553706169128418,122385492
2007-05-03,11.56462075222835,11.759341494332123,11.541552786455457,11.738505363464355,143624232
2007-05-04,11.661360398083582,11.77844050374495,11.556187192458633,11.686165809631348,157842000
2007-05-07,11.71146755687639,11.72833440631572,11.570822250939548,11.590666770935059,120683196
2007-05-08,11.562388264516647,11.612990698892325,11.527661066600311,11.579256057739258,116087796
2007-05-09,11.562884312502836,11.701296834344154,11.506577981779671,11.63978099822998,155440404
2007-05-10,11.584962233603392,11.64573412800514,11.43563535984972,11.446797370910645,147304548
2007-05-11,11.455727021723801,11.583970090927274,11.435139502435979,11.577519416809082,117646236
2007-05-14,11.546268137003322,11.596621026353773,11.410336037660283,11.454488754272461,154753092
2007-05-15,11.458953555299349,11.473339959117599,11.346090378751622,11.360724449157715,164595240
2007-05-16,11.459942885785683,11.736270681766939,11.386023876951711,11.723124504089355,261905832
2007-05-17,11.71940426208636,11.787866101942447,11.678475947159692,11.682196617126465,186237576
2007-05-18,11.708738905903951,11.725357142721178,11.65218301907017,11.666321754455566,147688164
2007-05-21,11.64672545110693,11.886590501974053,11.577023388064852,11.673267364501953,246125628
2007-05-22,11.732799167877376,11.881877415735831,11.732799167877376,11.803741455078125,153406440
2007-05-23,11.92677510394183,11.991019996568198,11.751403552878218,11.75685977935791,202205592
2007-05-24,11.786130782902035,11.886590764612537,11.695591642677236,11.765789985656738,166777056
2007-05-25,11.89899257036147,12.029218842671117,11.838716021115122,11.993746757507324,213726060
2007-05-29,12.0304619210702,12.199136098031403,12.005656505808487,12.08280086517334,208511280
2007-05-30,12.018057807736733,12.37376179195907,11.98084921801349,12.36780834197998,289542168
2007-05-31,12.416429336836432,12.620326047633556,12.329610857164761,12.35069465637207,356615028
2007-06-01,12.427341099633157,12.527057134159373,12.351189308176414,12.412458419799805,191768040
2007-06-04,12.350693350595426,12.663238142843532,12.342755732086362,12.57790756225586,283755960
2007-06-05,12.644386743854584,12.873833745883555,12.56649844520022,12.869864463806152,417466116
2007-06-06,12.818020779541104,12.91798542498127,12.781060801554673,12.855228424072266,315152532
2007-06-07,12.892435358893575,13.059870222712835,12.712846874500574,12.77609920501709,424794780
2007-06-08,12.804377789660727,12.889706473102656,12.637191535427101,12.786766052246094,254073672
2007-06-11,12.75030412382301,12.855229672686344,12.650588080534424,12.683826446533203,185722092
2007-06-12,12.618588730127934,12.692012413323075,12.481168763123604,12.520856857299805,256523220
2007-06-13,12.57840473493539,12.614371211987677,12.370041540948336,12.532515525817871,281078640
2007-06-14,12.535988031959759,12.54839121116145,12.444704943567821,12.472983360290527,184663152
2007-06-15,12.605689562659451,12.62578174791326,12.433046125640903,12.548638343811035,246717036
2007-06-18,12.555832222701758,12.79941891474781,12.507711174653387,12.779574394226074,193242564
2007-06-19,12.7500574000291,12.830425207543025,12.688788278491382,12.757498741149902,174037788
2007-06-20,12.823232522913154,12.867633848497665,12.62727153429634,12.6498441696167,173354472
2007-06-21,12.674896141037818,12.781806802526983,12.558313249373434,12.75253677368164,176211612
2007-06-22,12.809834733507907,13.022414872358835,12.801897115164453,13.022167205810547,287859852
2007-06-25,13.121387683367043,13.270465938368751,12.982479827370847,13.08269214630127,316683000
2007-06-26,13.214406317901998,13.226063660727858,13.053421173729967,13.15313720703125,227352420
2007-06-27,13.022662656907091,13.096830281162259,12.887723143845648,13.05466079711914,244679076
2007-06-28,13.019687633412435,13.134287309665568,12.992898049597818,13.02291202545166,166569264
2007-06-29,13.047964367170996,13.082195287558601,12.885242716762237,12.965611457824707,155068776
2007-07-02,13.034817519143834,13.192578279532544,13.002819378206588,13.15611457824707,139364496
2007-07-03,13.172980781037557,13.25582901522983,13.084674430347373,13.254341125488281,74797128
2007-07-05,13.284604044208944,13.503881579727626,13.200019300286456,13.435171127319336,197518284
2007-07-06,13.425746265813585,13.490735106055173,13.363237872361728,13.37985610961914,109770120
2007-07-09,13.46915485288144,13.611535710733968,13.401188343034894,13.458240509033203,149042808
2007-07-10,13.488751618355815,13.568376422083972,13.4356687309678,13.47758960723877,154085760
2007-07-11,13.484286630635737,13.555972867906075,13.394988653580555,13.50561809539795,132239628
2007-07-12,13.540097969413038,13.576314006746097,13.40019754977478,13.526951789855957,137526336
2007-07-13,13.590947347305532,13.709020016873156,13.574576776703863,13.696369171142578,209274516
2007-07-16,13.65023080796487,13.855617275538984,13.625674007742843,13.716957092285156,263716020
2007-07-17,13.767808704499876,13.834534050846345,13.701827303179751,13.766817092895508,172970856
2007-07-18,13.73928214591339,13.754413438958402,13.489247619339324,13.630388259887695,242956800
2007-07-19,13.728615568590323,13.730104403792376,13.450302641486424,13.60781478881836,444642912
2007-07-20,12.69771468018473,12.977516396426465,12.638182078331752,12.901612281799316,710181108
2007-07-23,12.87408148834589,12.898638290064078,12.703919432864685,12.712848663330078,254013732
2007-07-24,12.63322446905167,12.866144487295294,12.57890135749158,12.749808311462402,222661116
2007-07-25,12.82372647469214,12.824719031521706,12.540453591410387,12.644634246826172,221578200
2007-07-26,12.61933263677178,12.714832674360379,12.374754343588657,12.600977897644043,275060664
2007-07-27,12.614124231733783,12.81479653942224,12.538964991312834,12.697468757629395,220143636
2007-07-30,12.723019332705118,12.88226704740641,12.66299043853974,12.802146911621094,158373468
2007-07-31,12.904343203321645,12.909551763192985,12.65058708190918,12.65058708190918,170649180
2007-08-01,12.662990330095298,12.812069534716576,12.60445027173526,12.723514556884766,176950872
2007-08-02,12.742862681627807,12.77436549080935,12.625782565982693,12.675641059875488,126069804
2007-08-03,12.651826863792252,12.729962821473437,12.476951599121094,12.476951599121094,126920952
2007-08-06,12.4769520344668,12.65430775190076,12.464548855869365,12.65058708190918,145913940
2007-08-07,12.644386370800884,12.895661108319276,12.626774631767244,12.79991340637207,170401428
2007-08-08,12.8822682154229,13.042013168334961,12.826457210245785,13.042013168334961,162589248
2007-08-09,12.91848185359895,13.067808711841817,12.765434325388911,12.767914772033691,193666140
2007-08-10,12.655049967605253,12.866885188090896,12.542186824072898,12.793214797973633,234772992
2007-08-13,12.88722822408167,12.89243678414735,12.725746792078077,12.787014961242676,127044828
2007-08-14,12.792471759273406,12.834144965041897,12.600977305264932,12.615859985351562,145202652
2007-08-15,12.625782222231317,12.692507563741101,12.32092737379999,12.341764450073242,216163620
2007-08-16,12.204591441357572,12.313981595288146,11.917845572557141,12.192188262939453,345478176
2007-08-17,12.339036607898974,12.427342979360139,12.195415511790026,12.40353012084961,218956824
2007-08-20,12.463557158187664,12.466038550311929,12.303315944494411,12.35094165802002,107784108
2007-08-21,12.376242626323924,12.604945671674693,12.347221211027861,12.566497802734375,144279576
2007-08-22,12.649593818062584,12.805618063607183,12.631982080578238,12.71880054473877,129977892
2007-08-23,12.799417754543917,12.802642146167978,12.576171881694924,12.704910278320312,122944932
2007-08-24,12.715329376581746,12.788256783566508,12.613380552038018,12.774613380432129,98809092
2007-08-27,12.760473394555037,12.835384017357594,12.685314159913434,12.731451034545898,92910996
2007-08-28,12.68853935466827,12.774116659662775,12.546157549378506,12.56128978729248,130825044
2007-08-29,12.597009087667839,12.732443945658167,12.58187779445941,12.722026824951172,101870028
2007-08-30,12.709127033396753,12.784533934695528,12.664973381659097,12.685314178466797,105961932
2007-08-31,12.727480774298547,12.811817844073676,12.687049686274246,12.78081226348877,118984896
2007-09-04,12.775106795429139,13.097077070732185,12.765185009397323,13.026383399963379,147600252
2007-09-05,12.982973872184278,13.133788614030463,12.95444779166246,13.092116355895996,132383484
2007-09-06,13.130812724894627,13.142471958733335,12.85498119108844,12.98595142364502,144890964
2007-09-07,12.845554973700391,12.929395775214855,12.819261671025718,12.882514953613281,146397456
2007-09-10,12.93038813895368,12.949984046065207,12.672416009549421,12.761713981628418,128902968
2007-09-11,12.823973626786785,12.939564891415907,12.792718488427617,12.93162727355957,108035856
2007-09-12,12.911784121840713,13.096583077339425,12.873833475445391,12.964370727539062,119320560
2007-09-13,12.999347739598072,13.077482759415805,12.97851066298215,13.017207145690918,75568356
2007-09-14,12.978014026583654,13.15338558146425,12.953705837571336,13.115682601928711,110485404
2007-09-17,13.060613941463993,13.128828113987476,12.999594387535842,13.030104637145996,87812100
2007-09-18,13.060367641194924,13.326526964210853,13.004556641204928,13.277412414550781,168459372
2007-09-19,13.37663100259591,13.629146900275366,13.366461549418673,13.564653396606445,220854924
2007-09-20,13.568375219027697,13.811464666887597,13.544313751735894,13.71298885345459,220779000
2007-09-21,13.800054732827117,13.910437452132124,13.712989537026205,13.893321990966797,320147532
2007-09-24,13.915644726699249,14.175106624176108,13.89084026080474,14.089776992797852,211668120
2007-09-25,13.990060977243266,14.127977220154726,13.961783506061664,14.114086151123047,109114776
2007-09-26,14.148813606495837,14.183293140492294,13.985348002770786,14.093250274658203,133710156
2007-09-27,14.181806007279162,14.182053673855972,14.034215633346463,14.07688045501709,82169748
2007-09-28,14.064477225816566,14.127730513078431,13.993038652749032,14.071174621582031,105474420
2007-10-01,14.138147734261874,14.494844299837201,14.129218503969765,14.4501953125,188263548
2007-10-02,14.470784131339315,14.803916460659035,14.387190993154258,14.495837211608887,282417300
2007-10-03,14.541975672165199,14.60994029670226,14.395874132837617,14.48666000366211,155024820
2007-10-04,14.513201085304969,14.513201085304969,14.314015724014448,14.362881660461426,119348532
2007-10-05,14.563304551286482,14.783822295814872,14.560825050069498,14.735451698303223,202545252
2007-10-08,14.75901786981526,15.137544052446701,14.732973179732621,15.121668815612793,200918880
2007-10-09,15.257847925113037,15.47290851709431,15.091157934878883,15.259584426879883,350361288
2007-10-10,15.412880382327725,15.520037759227979,15.299768609948552,15.51284408569336,215208576
2007-10-11,15.717487724901058,15.910221471770909,15.106290112909969,15.428756713867188,471488040
2007-10-12,15.477869822639228,15.835558946782307,15.335488017473448,15.810505867004395,272675052
2007-10-15,15.837294079508778,15.871772665058547,15.268761355411884,15.381872177124023,277474248
2007-10-16,15.341690742874718,15.525992484914084,15.18045791323497,15.279925346374512,240770988
2007-10-17,15.63835890239532,15.72641665524544,15.418585074826098,15.713518142700195,240978780
2007-10-18,15.761390684282818,15.909229655496738,15.589987469490648,15.865821838378906,491076432
2007-10-19,16.23640941937545,16.333893626638556,15.955368365474722,15.992079734802246,630928440
2007-10-22,15.84225473871396,16.24732186805951,15.782970742968455,16.14189910888672,266309424
2007-10-23,16.402354104639947,16.80791658057477,16.37134852184077,16.762523651123047,271476252
2007-10-24,16.686620027318195,16.804692686522973,16.360433742625403,16.763763427734375,295871832
2007-10-25,16.83470767303268,16.84190134700534,16.459405855953314,16.582439422607422,231588180
2007-10-26,16.719361738945455,16.781620564525088,16.57127417559096,16.73349952697754,134021844
2007-10-29,16.812130681126423,16.867447281398526,16.67123868201238,16.848346710205078,122529348
2007-10-30,16.80568576614031,17.361319108980343,16.80568576614031,17.233821868896484,275747976
2007-10-31,17.38066609370425,17.537187576293945,17.265323429960862,17.537187576293945,274796928
2007-11-01,17.432755352749737,17.70387457752246,17.40770133115573,17.443174362182617,260826912
2007-11-02,17.62425676915644,17.700407635542597,17.297573163376853,17.64261245727539,233426340
2007-11-05,17.536941134791775,18.113410670537355,17.51411988642834,17.99980354309082,354992652
2007-11-06,18.29522667454908,18.4001522064209,17.983675415559038,18.4001522064209,337114548
2007-11-07,18.383782463309696,18.535341151577025,17.9375402949508,18.18062973022461,330609060
2007-11-08,18.22180480187446,18.228998475048794,16.797497215625786,17.210750579833984,659827512
2007-11-09,16.762773717068093,16.91408476395516,16.401363895541337,16.469825744628906,455068476
2007-11-12,16.31529004217402,16.61766255637895,15.533185505569675,15.678543090820312,408682908
2007-11-13,15.999022222436258,16.394167571479503,15.678541718444926,16.38498878479004,337478184
2007-11-14,16.70075982042625,16.75557920839979,15.78272507561104,15.916919708251953,323464212
2007-11-15,15.83977480678136,16.061285118100397,15.478365037288073,15.618513107299805,278429292
2007-11-16,15.724927441444208,15.763376256881097,15.280421739233866,15.717239379882812,361350288
2007-11-19,15.617024815184127,15.795125415448775,15.341936296743217,15.524253845214844,220874904
2007-11-20,15.787931921382881,16.34902236230847,15.69838628715703,16.087081909179688,393230376
2007-11-21,15.968760654439093,16.618654714446826,15.926840726489223,16.384246826171875,280259460
2007-11-23,16.619399323192642,16.824784846830564,16.572516611981136,16.785593032836914,109438452
2007-11-26,16.872412693304867,17.199839260649703,16.49537529522294,16.52018165588379,271332396
2007-11-27,16.738462750128736,16.778894787698825,16.129747515839146,16.70795249938965,355823820
2007-11-28,16.919791145811782,17.222163693099503,16.672483767168405,17.17156219482422,316343340
2007-11-29,17.13410328040594,17.43275700146626,17.06018332244117,17.289134979248047,248071680
2007-11-30,17.63640839321072,17.637896283223768,16.919789895260884,17.189916610717773,315504180
2007-12-03,17.140554004055517,17.23952420510266,16.895727109650597,16.9054012298584,172830996
2007-12-04,16.825530248571425,17.165109461127365,16.79601066331817,16.970638275146484,169102728
2007-12-05,17.18321902450611,17.33701050227087,17.053487123684704,17.32659149169922,168215616
2007-12-06,17.308978023471372,17.77432266290508,17.28938400774405,17.742074966430664,196163640
2007-12-07,17.735378581219074,17.810041536826255,17.624002368877974,17.732402801513672,153929916
2007-12-10,17.760183754444025,17.97871640364442,17.710822486704835,17.820459365844727,154093752
2007-12-11,17.858164368411,17.88420905773037,17.333287120903115,17.343706130981445,245318436
2007-12-12,17.710820312835345,17.718756985114428,17.078291353552682,17.34742546081543,246117636
2007-12-13,17.27201917208665,17.304514535445765,16.89746227758947,17.215961456298828,201430368
2007-12-14,17.053734839787335,17.35610923620174,17.04753561355549,17.1145076751709,146793060
2007-12-17,17.065886375646375,17.24994040558045,16.462379803959163,16.600296020507812,219220560
2007-12-18,16.722584904684602,16.78583817645035,16.185307375616823,16.70249366760254,286381332
2007-12-19,16.72382813119198,16.855047924415,16.594593451615772,16.80221176147461,176667156
2007-12-20,17.012062328831885,17.140304447644354,16.882579986674372,17.107810974121094,176711112
2007-12-21,17.310964151378208,17.345195072793455,17.195869153371063,17.28144645690918,215064720
2007-12-24,17.2392748612907,17.381656646728516,17.191401488598046,17.381656646728516,65070864
2007-12-26,17.33849816494693,17.69147404704711,17.31914992455629,17.63243865966797,101098800
2007-12-27,17.538923326839637,17.760431760093095,17.381906509399414,17.381906509399414,117582300
2007-12-28,17.48583839676457,17.560750909198028,17.277724767243,17.426307678222656,102405492
2007-12-31,17.32808190761341,17.425318458119254,17.12989002656508,17.15221405029297,94952952
2008-01-02,17.186688125881556,17.29831199635371,16.811140596081437,16.996185302734375,172103724
2008-01-03,16.997923028299656,17.03736250528386,16.781125956983203,16.999658584594727,129969900
2008-01-04,16.859757228756195,16.89126003324194,16.247321383763538,16.29693031311035,214177608
2008-01-07,16.221029592069357,16.42790490860358,15.80951457515278,16.104694366455078,255879864
2008-01-08,16.197712754780323,16.370357145895355,15.652001224061506,15.668869018554688,213350436
2008-01-09,15.628185862310689,16.206144054109537,15.441403710595191,16.20267105102539,269318412
2008-01-10,15.99951811043148,16.301890572926474,15.877972457083871,16.04218292236328,253114632
2008-01-11,15.942220367909266,16.110149634082738,15.62992513387081,15.83183765411377,198880920
2008-01-14,16.15157519552876,16.306854570975023,16.005472717169127,16.218053817749023,177722100
2008-01-15,16.0215971443636,16.099733108719768,15.760647336329896,15.816954612731934,222505272
2008-01-16,15.601648462218638,15.875000524647668,14.930918207586812,15.278685569763184,421977600
2008-01-17,15.397997051096375,15.521524992848866,14.833680326993163,14.902639389038086,328343328
2008-01-18,15.090413597497193,15.130845634318112,14.844595094385447,14.889244079589844,341242416
2008-01-22,13.94119436966515,14.821029778532905,13.920605906315354,14.494843482971191,379679940
2008-01-23,13.908451626196134,14.089280337008637,12.873832236679728,13.60855770111084,677949372
2008-01-24,13.861075095891843,14.3792530979398,13.745482872269427,14.250267028808594,375659964
2008-01-25,14.679891205271954,14.759019732879484,14.044137706719102,14.04959487915039,278361360
2008-01-28,14.162953147272418,14.194455010440189,13.608063779378304,13.79112434387207,232435332
2008-01-29,13.902499361329363,13.923830825128444,13.411358619116756,13.655689239501953,251068680
2008-01-30,13.62269765659879,13.901506865941112,13.481804689351183,13.59987735748291,317266416
2008-01-31,13.370182791428656,14.21330687550098,13.253102679269523,13.997503280639648,594257148
2008-02-01,13.113699719189205,13.312139259165091,12.650588734508052,12.796937942504883,703315980
2008-02-04,12.627517821894497,12.719544855118796,12.217738372185007,12.289176940917969,525757716
2008-02-05,12.140348532152201,12.625783548509228,12.117775897002891,12.571212768554688,447683868
2008-02-06,12.678866502567828,12.679610447622162,12.351191318718232,12.444953918457031,305150544
2008-02-07,12.324648708405903,12.754520332928024,12.272557436848087,12.525321006774902,316838844
2008-02-08,12.63595108633652,12.842329148014237,12.618339349236651,12.81653118133545,272882844
2008-02-11,12.91153489026501,12.990663401072807,12.734923132013073,12.927410125732422,232806960
2008-02-12,12.98272764772391,13.161572211590586,12.725747118529968,12.8512601852417,266225508
2008-02-13,12.960650741644207,13.270465531100802,12.866143264167809,13.261287689208984,264723012
2008-02-14,13.35381041360643,13.42053669593111,13.171492861817478,13.202499389648438,258808932
2008-02-15,13.104768510143588,13.21267078136836,13.006044081098823,13.1377592086792,209394396
2008-02-19,13.269224864277096,13.27220158929012,12.563768449663252,12.624541282653809,253761984
2008-02-20,12.489601330167318,12.67563954720799,12.373265173398039,12.625781059265137,266221512
2008-02-21,12.721281965789798,12.730212141793418,12.390134742736997,12.473479270935059,226884888
2008-02-22,12.45363507973431,12.625782245138607,12.341764472465233,12.596016883850098,220415364
2008-02-25,12.550127328648388,12.563769786558607,12.04881710093764,12.066180229187012,334577088
2008-02-26,11.440099338563174,11.570820951887834,11.084145804363619,11.514266014099121,930560508
2008-02-27,11.413558939672544,11.79456465653379,11.401405317094826,11.729327201843262,404471124
2008-02-28,11.67078668652317,11.883862170482928,11.592899333863917,11.792084693908691,263212524
2008-02-29,11.704770901530013,11.899986034479843,11.525677727451825,11.687654495239258,376638984
2008-03-03,11.695839939244996,11.725853910614354,11.165011126846512,11.336414337158203,301877820
2008-03-04,11.185847719833315,11.245627053209398,10.809554308863014,11.028335571289062,544323132
2008-03-05,11.044459398212405,11.26572112586344,11.013452866199428,11.105232238769531,297166536
2008-03-06,11.104982128402888,11.244139531172076,10.695450374159632,10.733154296875,298505196
2008-03-07,10.638399081245444,10.914231547632415,10.572913967984954,10.74927806854248,322549128
2008-03-10,10.637159405633987,10.690987183732329,10.245487949098697,10.259875297546387,319184496
2008-03-11,10.548605604445285,10.917953013673873,10.53347431199636,10.910263061523438,352722924
2008-03-12,10.914480416841727,11.109696500133573,10.866359369667904,10.91869831085205,265809924
2008-03-13,10.732412099555269,11.087373141041315,10.635920442287357,10.988896369934082,308754936
2008-03-14,10.988151531227203,11.145912296376686,10.681560176601982,10.862637519836426,262713024
2008-03-17,10.616322753123224,10.758209226283189,10.222418535530513,10.41490650177002,315212472
2008-03-18,10.64087860182128,10.935066725454845,10.555301311491966,10.893394470214844,289198512
2008-03-19,10.941766666431008,11.10027138561471,10.707607370078987,10.715792655944824,246912840
2008-03-20,10.59970554617035,10.807571546617565,10.356119784750227,10.754240989685059,396139464
2008-03-24,10.875288003502042,11.553706252072917,10.85767626459698,11.424224853515625,270269460
2008-03-25,11.347330439747967,11.347578106332262,11.063064027930405,11.181632041931152,233030736
2008-03-26,11.226527751835892,11.481524111138903,11.144671116762883,11.365436553955078,208818972
2008-03-27,11.063062838021853,11.127803065251925,10.92638681929878,11.015437126159668,233054712
2008-03-28,11.099279077532314,11.250838737721079,10.773092734383601,10.866607666015625,174872952
2008-03-31,10.806082693740695,10.98095797656831,10.716039826919458,10.925890922546387,177678144
2008-04-01,11.106224535630822,11.571567335630407,11.084643513427759,11.551970481872559,243480276
2008-04-02,11.655903166490079,11.800764462670978,11.420006454684492,11.551721572875977,239720040
2008-04-03,11.453246587371499,11.491943069784897,11.11589731611107,11.289284706115723,270864864
2008-04-04,11.336166729722962,11.85260819814049,11.316073599467103,11.685420989990234,235652112
2008-04-07,11.832762299923122,12.041372186411015,11.74594384175141,11.827552795410156,237502260
2008-04-08,11.733793047912124,11.761077964348065,11.460193321480588,11.6040620803833,181698120
2008-04-09,11.636803288128222,11.70799418402656,11.349312536728485,11.514266014099121,241682076
2008-04-10,11.53336831091009,11.754132814158861,11.456223953621096,11.635564804077148,202693104
2008-04-11,11.511288802558258,11.590417313160238,11.286555060138003,11.347079277038574,166621212
2008-04-14,11.339887149149858,11.347080822965031,11.166003480650579,11.203459739685059,153550296
2008-04-15,11.36394698853324,11.40338741029008,11.006505582160965,11.083897590637207,182920896
2008-04-16,11.023374249369507,11.367667615435305,10.939036227940024,11.287052154541016,304922772
2008-04-17,11.301935608550764,11.394706587715255,11.075961611085614,11.150873184204102,533585880
2008-04-18,13.275923414300225,13.585738198297996,13.01695778699686,13.380104064941406,728694576
2008-04-21,13.379606223941991,13.458982398632614,13.15388087705383,13.33991813659668,297290412
2008-04-22,13.33446498046871,13.911430742152767,13.334215423306123,13.766817092895508,317222460
2008-04-23,13.83974287644336,13.87372613232992,13.418304184130438,13.55572509765625,196663140
2008-04-24,13.674788712591823,13.75416489777299,13.395235562705,13.470147132873535,165238596
2008-04-25,13.618480729007185,13.71720515644299,13.462457414489846,13.495448112487793,166409424
2008-04-28,13.540594257040736,13.811713532321141,13.369934972210977,13.695378303527832,160183656
2008-04-29,13.663378776930008,13.975177728087973,13.643037979974427,13.852889060974121,173666160
2008-04-30,13.945658792720124,14.507494128444785,13.852888766232944,14.245305061340332,315803880
2008-05-01,14.345020796147642,14.757280655529964,14.311782434196887,14.71139144897461,263847888
2008-05-02,14.845588753525208,14.943816906385672,14.36957928215868,14.418941497802734,279672048
2008-05-05,14.854766543628003,14.858239547317043,14.563802756339706,14.756538391113281,250988760
2008-05-06,14.65979847242695,14.684602939781742,14.461358007127599,14.544702529907227,184986828
2008-05-07,14.641689976493977,14.87039207355001,14.298387273777015,14.362135887145996,264255480
2008-05-08,14.54073454718495,14.617629343148714,14.359904871189027,14.4616060256958,204711084
2008-05-09,14.362136185618143,14.510967714436687,14.17113800809047,14.218267440795898,179216604
2008-05-12,14.256716879348929,14.554377133874615,14.11185556178171,14.509480476379395,194361444
2008-05-13,14.541477256513675,14.584142074901154,14.350974408993146,14.461358070373535,206333460
2008-05-14,14.547927693910248,14.664512477835713,14.2691194161712,14.295164108276367,174856968
2008-05-15,14.36213616251811,14.460116643122504,14.278048641204439,14.411747932434082,173534292
2008-05-16,14.422414150064192,14.5030315117546,14.345270737510331,14.388679504394531,170793036
2008-05-19,14.350971639778146,14.607209112508466,14.226202545695594,14.325422286987305,223955820
2008-05-20,14.253738996519383,14.44845974031318,14.211074177594245,14.352214813232422,132411456
2008-05-21,14.350229149819327,14.421916322924298,13.590450609507064,13.64254093170166,258465276
2008-05-22,13.691158963555607,13.747217621112501,13.400939163402372,13.629393577575684,202848948
2008-05-23,13.567382152798086,13.717204341541937,13.340415616977724,13.50933837890625,177082740
2008-05-27,13.517773931993691,13.955334597215401,13.490240404164012,13.913166999816895,154465380
2008-05-28,14.087793522391578,14.175851271263113,13.918126807983647,14.095233917236328,161853984
2008-05-29,14.257708098863706,14.532796638193734,14.218267672188013,14.461358070373535,193606200
2008-05-30,14.473016158183027,14.633009708010508,14.419189326668805,14.530813217163086,128878992
2008-06-02,14.448955762264815,14.483435297526118,14.170395147874927,14.262917518615723,146821032
2008-06-03,14.30012431482232,14.3993450206174,13.905971495532288,14.071918487548828,172039788
2008-06-04,14.02305229591033,14.337332665713443,14.003704999384158,14.193960189819336,134393472
2008-06-05,14.314509853446701,14.586374930137278,14.29293072427486,14.543212890625,156511332
2008-06-06,14.380741506759547,14.404802975873915,14.06447696685791,14.06447696685791,189190620
2008-06-09,14.09077053998593,14.138891585320545,13.528687502042429,13.838006019592285,211320468
2008-06-10,13.63187715935561,13.861570888376486,13.562918089396835,13.746228218078613,146149704
2008-06-11,13.797572859985808,13.824857772170576,13.505368881673903,13.523725509643555,152363484
2008-06-12,13.612031342814031,13.841230662159688,13.565398189760547,13.715965270996094,219444336
2008-06-13,13.927801091378816,14.280281672054556,13.924081366306517,14.176347732543945,247128624
2008-06-16,14.052075672430757,14.364619562915149,14.052075672430757,14.208596229553223,141570288
2008-06-17,14.296403806473021,14.339068625371386,14.098708228196173,14.125496864318848,138377484
2008-06-18,14.002712011888848,14.113838675057732,13.87000527255771,13.949877738952637,135112752
2008-06-19,13.7754970453464,13.984604181403451,13.6628815530297,13.895801544189453,227096676
2008-06-20,13.815929200191052,13.815929200191052,13.506609747761626,13.554235458374023,239084676
2008-06-23,13.527695088825334,13.720926998354626,13.44484589733359,13.523974418640137,145290564
2008-06-24,13.522238725057388,13.672309545999052,13.273195802572523,13.451791763305664,186717096
2008-06-25,13.518021325830059,13.83627003070223,13.485774571413069,13.667595863342285,164723112
2008-06-26,13.49643982761551,13.517028292025568,13.103528173781486,13.117419242858887,226153620
2008-06-27,13.089139890798563,13.146687386059119,12.77684372454425,13.098814010620117,217682100
2008-06-30,13.207956928486448,13.34512827627027,12.974541603008037,13.057886123657227,150461388
2008-07-01,12.88821998386773,13.313377416889175,12.824221814764407,13.264016151428223,198197604
2008-07-02,13.308169236225577,13.404164602030669,13.048956887367595,13.073265075683594,168751080
2008-07-03,13.168517578805961,13.375639619306108,13.084676772914467,13.320324897766113,95923980
2008-07-07,13.45179111434837,13.617985777664083,13.28559739632489,13.491726875305176,170037792
2008-07-08,13.543321263626478,13.771528977766122,13.394739291850973,13.755156517028809,197098704
2008-07-09,13.661641925646446,13.783682931532962,13.412847632190863,13.433187484741211,165993840
2008-07-10,13.518766671613042,13.630388674467177,13.164549584813251,13.408879280090332,173094732
2008-07-11,13.307921674614379,13.382336965911346,12.884498837287232,13.240947723388672,199056744
2008-07-14,13.369934616984802,13.396227920710482,12.78577520575173,12.938822746276855,176815008
2008-07-15,12.806363274277516,13.08467620770287,12.429822191096612,12.801650047302246,242597160
2008-07-16,12.750800594818957,13.307922768549613,12.665470952953017,13.285597801208496,189498312
2008-07-17,13.249876922277412,13.321564100163636,13.010260478908675,13.232017517089844,351144504
2008-07-18,12.361607799450166,12.377235370047885,11.861537829121678,11.939177513122559,451244304
2008-07-21,11.928263597072789,12.007887452249472,11.551722506939662,11.628619194030762,235823940
2008-07-22,11.577023803155653,11.912635618814612,11.549242610736874,11.834748268127441,187472340
2008-07-23,11.946369335807743,12.333824696114343,11.859303211509987,12.135135650634766,195568236
2008-07-24,12.320678854168374,12.324895802443061,11.7977876663208,11.7977876663208,141494364
2008-07-25,12.067421135750367,12.232127923332103,11.943644560093066,12.203601837158203,127212660
2008-07-28,12.206327774810633,12.206327774810633,11.785633067587591,11.834996223449707,126273600
2008-07-29,11.889073097481951,12.086521979323015,11.856826340045748,11.983580589294434,111999888
2008-07-30,12.042864067077783,12.055763525717332,11.728087405036309,11.973410606384277,139488372
2008-07-31,11.771496949683364,11.928511888006373,11.694104925412475,11.751404762268066,114489396
2008-08-01,11.720644490532289,11.738255282178836,11.472344617113157,11.605299949645996,120195684
2008-08-04,11.611750734842383,11.733046845774789,11.457462981654517,11.484748840332031,99380520
2008-08-05,11.598604753233339,11.908420513448814,11.567350554921218,11.902714729309082,143236620
2008-08-06,11.866002260599066,12.148780745148024,11.720645627035937,12.063699722290039,134896968
2008-08-07,11.956044926303752,12.005654804504733,11.817383799538083,11.88460636138916,110841048
2008-08-08,11.910155561222506,12.29711374044479,11.799524239240988,12.278759002685547,149422428
2008-08-11,12.215753970189871,12.622805298775406,12.198638509631987,12.423373222351074,169402428
2008-08-12,12.452147188034925,12.554592286606672,12.352926481210538,12.467278480529785,110117772
2008-08-13,12.442225352015436,12.490346397352758,12.250729001027551,12.403280258178711,144874980
2008-08-14,12.345484419269276,12.591302919102306,12.310509554629224,12.538716316223145,116627256
2008-08-15,12.57592374332953,12.66695821951329,12.5389647083064,12.654308319091797,141686172
2008-08-18,12.646617350971333,12.650586632663364,12.291161038494277,12.360366821289062,133222644
2008-08-19,12.16515173520087,12.359871533241284,12.07089286729141,12.166888236999512,121738140
2008-08-20,12.271563717169183,12.32043059242779,11.970182853051277,12.0304594039917,159124716
2008-08-21,11.97886429035392,12.152003990106149,11.888326104271428,12.06840991973877,140423436
2008-08-22,12.191692465504724,12.275533259768862,12.141586311233644,12.169119834899902,91796112
2008-08-25,12.057993904299858,12.328120597512232,11.943642854638577,11.981097221374512,80491428
2008-08-26,11.992260993550076,11.992260993550076,11.6730197579875,11.76157283782959,132195672
2008-08-27,11.750908110604623,11.778193971405498,11.530391279779494,11.623161315917969,175308516
2008-08-28,11.720147628959017,11.818375768996635,11.666568471612656,11.752145767211914,121066812
2008-08-29,11.652181695245273,11.683435887592493,11.468128599005807,11.491941452026367,153774072
2008-09-02,11.82631598424098,11.96051251890683,11.44555790654329,11.54056167602539,244215540
2008-09-03,11.62688221508725,11.76479751001088,11.399915669224391,11.519723892211914,172411416
2008-09-04,11.410335187138488,11.490703939526854,11.147401185190981,11.168733596801758,193746060
2008-09-05,11.050412183897363,11.223303295273892,10.916216609594697,11.0196533203125,181190628
2008-09-08,11.21238943696362,11.235209735539598,10.35735753328324,10.416890144348145,360355284
2008-09-09,10.496762108017933,10.725216530631661,10.294103762543456,10.384891510009766,288894816
2008-09-10,10.529009006354242,10.529258563504438,10.162142035014728,10.273268699645996,248822928
2008-09-11,10.129151524666854,10.792438459235312,10.080285591490505,10.759200096130371,258597144
2008-09-12,10.671388876901881,10.96359283327879,10.641374908576426,10.856185913085938,240878880
2008-09-15,10.5173512179885,10.963098081087146,10.51015659908752,10.76192855834961,262433304
2008-09-16,10.565968456752339,11.144421998960922,10.554309223947332,10.986909866333008,279348372
2008-09-17,10.876526788546203,10.892897356632966,10.255407508577488,10.281454086303711,364710924
2008-09-18,10.483617429725346,10.89389223661656,10.18248323275959,10.891412734985352,343232424
2008-09-19,11.435139621806426,11.46167964648886,10.995592913694086,11.141199111938477,399839760
2008-09-22,11.264729572399533,11.264729572399533,10.641377372839282,10.669654846191406,176115708
2008-09-23,10.74679762604481,10.933828419675203,10.56001638956242,10.648073196411133,207959832
2008-09-24,10.674614099815942,11.038256641681057,10.668909261764961,10.792935371398926,169510320
2008-09-25,10.885459216438365,11.162283330303364,10.814515977108842,10.904311180114746,200611188
2008-09-26,10.616572502078892,10.843787693313274,10.44368137054479,10.691980361938477,211488300
2008-09-29,10.405976533706312,10.505196298746325,9.443539519181597,9.45073413848877,430085484
2008-09-30,9.822312439012366,10.544141380595855,9.731526571534356,9.934927940368652,123328548
2008-10-01,10.198605976530812,10.343219621994203,9.998926221178223,10.21274471282959,249142608
2008-10-02,10.164869958526978,10.169583185087266,9.574758112271118,9.686132431030273,239156604
2008-10-03,9.85629473684929,10.232090870912243,9.502077730050894,9.597329139709473,319396284
2008-10-06,9.276600970102919,9.326458514445381,8.85937926046669,9.207891464233398,448375176
2008-10-07,9.260477989153058,9.301406303417318,8.566927536137143,8.582802772521973,441733824
2008-10-08,8.189642497014814,8.90477302142169,8.089181574100435,8.386842727661133,472582944
2008-10-09,8.5458439781703,8.646303959031387,7.979047733892991,8.160372734069824,322677000
2008-10-10,7.767956893991521,8.480607037500631,7.697014129763203,8.235283851623535,423488088
2008-10-13,8.82539744162201,9.474297061293314,8.576353591488218,9.451229095458984,355863780
2008-10-14,9.761540224116711,9.785600746907146,8.85541146400094,8.997048377990723,311080608
2008-10-15,8.797118899478763,8.905021167990213,8.40470258524928,8.41313648223877,268587144
2008-10-16,8.254135784021289,8.843008414924578,7.67568216408322,8.75668716430664,648938412
2008-10-17,9.400130575569714,9.574759135878255,9.017884646672403,9.24088191986084,569398032
2008-10-20,9.419727156508031,9.450237410738156,8.91965713232496,9.40906047821045,269865864
2008-10-21,9.237160353565061,9.51969021347492,8.979435904684658,8.998040199279785,231048720
2008-10-22,8.855163149644333,9.170187429551325,8.532945196494875,8.822420120239258,262137600
2008-10-23,8.772315282543055,8.880217573141316,8.383868170740184,8.739325523376465,258896844
2008-10-24,8.098113724854413,8.693436177227301,8.055201232082508,8.416114807128906,294065640
2008-10-27,8.304986966658777,8.508140668458797,8.076531572612295,8.173023223876953,247779972
2008-10-28,8.41015908017969,9.160760727153598,8.14871396630227,9.146869659423828,323891784
2008-10-29,9.07344657263364,9.202680289394237,8.740561965045158,8.88021469116211,389873736
2008-10-30,9.139678314634802,9.227487458407206,8.8893942269678,8.922137260437012,319236444
2008-10-31,8.83457473801814,9.226493809941276,8.787692973690444,8.91395092010498,296635068
2008-11-03,8.869796965819878,9.003992525857184,8.46919539916141,8.594709396362305,237941820
2008-11-04,8.767105644103568,9.236417735854255,8.57015305327114,9.101974487304688,293702004
2008-11-05,8.983156178120392,9.150093817275733,8.46621846805242,8.489287376403809,277582140
2008-11-06,8.432980453375274,8.543362216149177,8.081740144816797,8.215935707092285,342649008
2008-11-07,8.263065665898651,8.462250075301396,8.069833761460073,8.21395206451416,187064748
2008-11-10,8.136063597774815,8.171782407978396,7.676425202231894,7.907360553741455,322880796
2008-11-11,7.657078603027497,7.845844487669798,7.454421648580579,7.725788116455078,405458136
2008-11-12,7.4923719904496435,7.75133666954572,7.1379072798333025,7.218275547027588,401641956
2008-11-13,7.237375982179146,7.763987366192615,6.945420139470098,7.741167068481445,528858612
2008-11-14,7.5221389715610005,8.061401259151726,7.5050235100890115,7.69006872177124,380303316
2008-11-17,7.515938065837001,7.693542414572439,7.390671714559742,7.444499492645264,301450248
2008-11-18,7.480465754178165,7.53404491544114,7.078127656891089,7.3775248527526855,333510156
2008-11-19,7.3271699049310595,7.446234179679409,6.910196331472219,6.949885368347168,313070616
2008-11-20,6.81866630408932,7.018347937932412,6.425505571176527,6.438404083251953,390784824
2008-11-21,6.51157860862327,6.681742061355778,6.134294562375415,6.509594440460205,409370220
2008-11-24,6.679014111493217,6.69613051877828,6.176711317640804,6.385818004608154,401785812
2008-11-25,6.664628084463415,7.110623623632641,6.630893437020007,6.99627161026001,430417152
2008-11-26,6.952365243164121,7.328906774734046,6.851160847394813,7.24531364440918,254009736
2008-11-28,7.207858473163701,7.353464671637502,7.15080630575355,7.2668938636779785,102517380
2008-12-01,7.11111744929048,7.128481520451419,6.597652724086584,6.597900390625,228219552
2008-12-02,6.690672234748471,6.890352448043092,6.513316041768357,6.824123859405518,233354412
2008-12-03,6.693649743131469,6.9791559034711375,6.581778653391963,6.9312825202941895,235955808
2008-12-04,6.859346779442235,7.03199022797946,6.666859756170192,6.805023670196533,195268536
2008-12-05,6.722669967206717,7.0505932252948185,6.549034927465883,7.044392108917236,260587152
2008-12-08,7.1932232912472385,7.675682002360807,6.995030490487404,7.493860244750977,325446228
2008-12-09,7.38422266070165,7.888013797671798,7.36735533858732,7.589608669281006,275320404
2008-12-10,7.670720699714318,7.811116909289021,7.55339198207948,7.66030216217041,209270520
2008-12-11,7.544959530051749,7.761011739322466,7.386950626490552,7.44697904586792,246920832
2008-12-12,7.335108041335601,7.850062129447761,7.292691360920177,7.8324503898620605,228655116
2008-12-15,7.789040254187937,7.900166905651021,7.568274841064276,7.7061920166015625,269246484
2008-12-16,7.801692130431874,8.173271861321286,7.721075716887939,8.068593978881836,282101616
2008-12-17,7.903888541651852,7.990457454442388,7.749600314837962,7.81955099105835,231356412
2008-12-18,7.855766120046459,7.946304787820917,7.667495583597239,7.6965179443359375,190349460
2008-12-19,7.714130279732958,7.882804439201994,7.66476759355756,7.693789482116699,224279496
2008-12-22,7.6538536097554735,7.67716971423627,7.2090983614251085,7.369834899902344,156547296
2008-12-23,7.452187698608596,7.523626264117799,7.358920446204093,7.3924078941345215,150956892
2008-12-24,7.478234787702383,7.5987864966044105,7.401338567734307,7.514697074890137,76783140
2008-12-26,7.542477941153352,7.57199658062398,7.399601279222714,7.4504523277282715,78285636
2008-12-29,7.4469787783888055,7.475752527324651,7.232663078629091,7.3775248527526855,147927924
2008-12-30,7.461365952188469,7.610444198657523,7.409522821234507,7.518664836883545,153586260
2008-12-31,7.54570406542984,7.714378231126806,7.506263637403127,7.631280899047852,115356528
2009-01-02,7.654845897531146,7.982768711812182,7.577949684456199,7.970366477966309,144275580
2009-01-05,7.962430890374483,8.216434754201703,7.813600265090106,8.137306213378906,195364440
2009-01-06,8.259594046560231,8.453569906265358,8.096128439424975,8.286383628845215,256750992
2009-01-07,8.144000200609218,8.2082450848294,7.906616095469914,7.9874796867370605,179600220
2009-01-08,7.894960082962458,8.066363334655762,7.8716430282705945,8.066363334655762,143883972
2009-01-09,8.123661704507732,8.123661704507732,7.773910201386773,7.815334796905518,173446380
2009-01-12,7.846092786189931,7.911577901148413,7.6952780377839956,7.756298065185547,132039828
2009-01-13,7.733477711615829,7.952506172643157,7.699247262416564,7.796730995178223,177122700
2009-01-14,7.689573151967593,7.783832020447195,7.385710385611163,7.465583324432373,218497284
2009-01-15,7.38124561303992,7.530323382602151,7.113846571623919,7.416468143463135,237142620
2009-01-16,7.566043472397127,7.646164079501109,7.334860438743853,7.43333625793457,208767024
2009-01-20,7.420190235227183,7.429119938568709,7.013635158538818,7.013635158538818,201726072
2009-01-21,7.152543319207062,7.528339994535055,7.152543319207062,7.517922401428223,196783020
2009-01-22,7.392903503467402,7.673448743458697,7.321217268729928,7.602754592895508,330349320
2009-01-23,7.6714641956870215,8.234291622268401,7.546198804688137,8.054206848144531,428882688
2009-01-26,8.05792710534984,8.136063060968574,7.951513681411298,8.033617973327637,184243572
2009-01-27,8.097615344293969,8.281669394181348,8.043540853164998,8.222384452819824,196894908
2009-01-28,8.383617906643636,8.73957048220848,8.342193316303359,8.648783683776855,307348344
2009-01-29,8.54633867785826,8.558989522130796,8.436452251548381,8.516077041625977,291060648
2009-01-30,8.550060522096652,8.652009333314261,8.334503666496937,8.397260665893555,186693120
2009-02-02,8.292088870202113,8.557750980371829,8.235284365726478,8.447864532470703,208067724
2009-02-03,8.497473767497478,8.508140444916881,8.280677613704642,8.444887161254883,261997740
2009-02-04,8.435459879732495,8.79190969008929,8.413135860836226,8.508139610290527,272423304
2009-02-05,8.456298284467842,8.815226707251524,8.359309406286188,8.774051666259766,290285424
2009-02-06,8.84201531442674,9.272384153525179,8.816714569431463,9.209627151489258,281242476
2009-02-09,9.20962759864624,9.450733831854508,9.110904115240093,9.395418167114258,198892908
2009-02-10,9.326211742590111,9.363915669261276,8.877488128707652,8.892867088317871,283863852
2009-02-11,8.903782008564574,9.053852834663655,8.756191629489127,8.881209373474121,209054736
2009-02-12,8.760160418570226,9.019621401559906,8.718488154686122,9.005481719970703,221789988
2009-02-13,8.984149764917953,9.003993338907316,8.811506322866347,8.872278213500977,165702132
2009-02-17,8.595204392679408,8.609591738192615,8.426033976096695,8.49970531463623,226988784
2009-02-18,8.613312583712444,8.76561521146437,8.44662261015353,8.758918762207031,240739020
2009-02-19,8.867070887614515,8.924866061136557,8.468701064233311,8.499212265014648,199348452
2009-02-20,8.385356253259078,8.654987649592606,8.309699783509279,8.593718528747559,248435316
2009-02-23,8.607362851713319,8.67681632076428,8.174513458352015,8.187164306640625,208635156
2009-02-24,8.21097479519413,8.672349198932295,8.207750403724049,8.5689115524292,243592164
2009-02-25,8.48705518842954,8.73882619386621,8.406934115227411,8.474405288696289,257306436
2009-02-26,8.581561048751222,8.743537775805468,8.363276113980419,8.36377239227295,223999776
2009-02-27,8.258849522681565,8.528480914059687,8.213207975086206,8.383867263793945,216583200
2009-03-02,8.268275233580978,8.451088128804166,8.086453949879866,8.115227699279785,231308460
2009-03-03,8.187409760627117,8.277204952726626,7.995915312358396,8.073554992675781,260731008
2009-03-04,8.016007530102948,8.16086978890337,7.823024223141439,7.910834312438965,312423264
2009-03-05,7.850309272847419,7.9148023037651605,7.507007515610078,7.581422805786133,260934804
2009-03-06,7.620613920811238,7.694285736514138,7.2988927206876335,7.6541008949279785,289078632
2009-03-09,7.44102574676999,7.604491342628293,7.179827810156702,7.215548038482666,258593148
2009-03-10,7.398113175086728,7.701974507496689,7.298892945614745,7.644179344177246,268938792
2009-03-11,7.692052635975202,7.937622996611798,7.583158287629668,7.8857808113098145,236707056
2009-03-12,7.8766021885554025,8.061648331899365,7.780111016634784,8.025184631347656,200763036
2009-03-13,8.088935412203362,8.122671004618049,7.913563835192464,8.047263145446777,156099744
2009-03-16,8.08620593572027,8.1789769086405,7.902648158130875,7.929933071136475,197674128
2009-03-17,7.942087659296975,8.318132400512695,7.9150494706909305,8.318132400512695,188311500
2009-03-18,8.30498658758203,8.433724987345578,8.137304039660714,8.26257038116455,200287512
2009-03-19,8.227346134055823,8.334504460424318,8.120685031396484,8.184185981750488,164283552
2009-03-20,8.193115909710285,8.259841249818987,8.094887761939226,8.189642906188965,189326484
2009-03-23,8.273979935107883,8.668132747166148,8.26083281135114,8.647048950195312,170689140
2009-03-24,8.594957851697522,8.777026802604341,8.532945737597036,8.611577033996582,152647200
2009-03-25,8.691699108715314,8.715014743688519,8.340707345337009,8.534682273864746,173278548
2009-03-26,8.759415536837212,8.908991021488282,8.644568199179867,8.763384819030762,239891868
2009-03-27,8.681774650257765,8.731385471726714,8.56940777498598,8.624723434448242,132779088
2009-03-30,8.496977130804598,8.528232271474947,8.335745260548228,8.500450134277344,123640236
2009-03-31,8.655234662474255,8.768841773872255,8.587020484205441,8.63365364074707,146065788
2009-04-01,8.527487621407829,8.811754003479644,8.448856324998907,8.783227920532227,131915952
2009-04-02,9.01193160453855,9.171924212482669,8.937764918019704,8.991840362548828,179340480
2009-04-03,9.041449316947459,9.220541536875928,8.880215556821945,9.172419548034668,151440408
2009-04-06,9.103463154289463,9.173413843332787,8.964554333176494,9.134221076965332,131080788
2009-04-07,8.994317986566749,9.022844065561598,8.813489284070116,8.89633846282959,147056796
2009-04-08,9.016643564679871,9.05385120864441,8.835813904554458,8.979435920715332,110497392
2009-04-09,9.165474805245879,9.285779308887898,9.084857449732647,9.239890098571777,135168696
2009-04-13,9.210869488395101,9.403604188587096,9.185319183025564,9.379046440124512,121881996
2009-04-14,9.35002421798927,9.351264441370239,9.068734560023128,9.150839805603027,137006856
2009-04-15,9.105941707286432,9.452219204533353,9.033014315354817,9.41352367401123,197030772
2009-04-16,9.46313458738915,9.745912121528802,9.45122863256992,9.642723083496094,406996596
2009-04-17,9.575254023660245,9.917564175750204,9.545240051427184,9.729541778564453,428802768
2009-04-20,9.578477986331254,9.690100918663138,9.323978872776818,9.408563613891602,176978844
2009-04-21,9.330924388225709,9.532589243037592,9.329187886471248,9.462390899658203,147668184
2009-04-22,9.469335222255264,9.673977731494737,9.401369664335544,9.521674156188965,139931928
2009-04-23,9.612213720768295,9.667777999360416,9.45346133991153,9.542263984680176,104255640
2009-04-24,9.575998674300205,9.752859074373973,9.43833103648463,9.661328315734863,135280584
2009-04-27,9.53358203919099,9.661327883767807,9.494141612124942,9.573517799377441,91532376
2009-04-28,9.518945484151633,9.650412935949936,9.464127046770379,9.517953872680664,117626256
2009-04-29,9.57401418789372,9.797260071593339,9.570541184257667,9.710442543029785,144255600
2009-04-30,9.816855839631552,10.015048640659563,9.79304298352105,9.822064399719238,174053772
2009-05-01,9.798748915959738,9.86224986655106,9.712426720442016,9.765509605407715,97010892
2009-05-04,9.876637186523437,9.981562742802003,9.79279637531049,9.971144676208496,127991880
2009-05-05,9.921532839695109,10.046053335871509,9.853814002212399,9.996195793151855,95935968
2009-05-06,10.090456288942836,10.127416271859147,9.94683519673014,10.008103370666504,105210684
2009-05-07,10.023729822520808,10.045806175997106,9.735990446509984,9.837939262390137,119872008
2009-05-08,9.992723702524284,10.173304764858596,9.798003904536605,10.103850364685059,154449396
2009-05-11,9.991483402488004,10.21969017542622,9.951795309163629,10.119974136352539,102269628
2009-05-12,10.170329091604817,10.194637281157439,9.800733065922495,9.897472381591797,151480368
2009-05-13,9.775431256124794,9.83248342235197,9.633049452408887,9.662568092346191,113598288
2009-05-14,9.644211931112512,9.728797619445622,9.542263116268716,9.61196517944336,117362520
2009-05-15,9.701263720236186,9.775927626386435,9.651406172574191,9.673978805541992,120227652
2009-05-18,9.791306158364074,9.855303384289796,9.559875000223647,9.843645095825195,133933932
2009-05-19,9.825287993792479,9.96270889265184,9.748393205056427,9.894247055053711,113386500
2009-05-20,9.973870812314034,10.062673445276761,9.798002993317379,9.85207748413086,91268640
2009-05-21,9.830249914908785,9.992476241652046,9.769230355909839,9.835211753845215,108683208
2009-05-22,9.839179218358542,9.888541429151244,9.723587948936633,9.760795593261719,68675256
2009-05-26,9.722347491477214,10.046052350839078,9.673976898018095,10.030177116394043,124055820
2009-05-27,10.06192736709731,10.216215093918112,10.041338907009468,10.059943199157715,121250628
2009-05-28,10.13733644381515,10.210263841127954,10.036379244237617,10.180001258850098,106645248
2009-05-29,10.222418644428283,10.349420547485352,10.18744377683265,10.349420547485352,105822072
2009-06-01,10.386627114245615,10.656257493778652,10.381666221536832,10.580850601196289,132763104
2009-06-02,10.573161960169053,10.665188989076984,10.502468285019035,10.626493453979492,104839056
2009-06-03,10.566962313214479,10.727202592897674,10.517352427788769,10.707110404968262,141170688
2009-06-04,10.797647074934115,10.944989765451554,10.77780350170423,10.92117691040039,145378476
2009-06-05,11.039995212966623,11.096303440288526,10.900837785997247,11.021390914916992,147084768
2009-06-08,10.901829377987154,10.937052857107423,10.768378692534819,10.883722305297852,123824052
2009-06-09,10.879009547852267,10.92663620839449,10.709839097555603,10.805585861206055,130065804
2009-06-10,10.820717609653823,10.861893593866123,10.583580655741157,10.730674743652344,134221644
2009-06-11,10.710085044741986,10.75870330907244,10.625747972354473,10.641375541687012,114493392
2009-06-12,10.5882941417791,10.609130273605057,10.448145112447984,10.538187980651855,116619264
2009-06-15,10.455336640306454,10.455336640306454,10.269298436774086,10.338008880615234,149326524
2009-06-16,10.401013926753862,10.445167575139733,10.304522291038344,10.31890869140625,121866012
2009-06-17,10.32362312630429,10.411185543156888,10.208775795276658,10.298073768615723,139464396
2009-06-18,10.310971616458257,10.38563551637766,10.244493946497734,10.270788192749023,123284592
2009-06-19,10.37373027101918,10.429541268252871,10.28368740706874,10.420363426208496,170193636
2009-06-22,10.34247580458501,10.355870596042214,9.968911424399852,10.104347229003906,164811024
2009-06-23,10.086982045533393,10.145026765656684,9.985281842628298,10.062921524047852,115868016
2009-06-24,10.138827168053005,10.22539609223656,10.084751721630571,10.15246868133545,98213688
2009-06-25,10.095665618421714,10.31643106458452,10.083511050477785,10.313206672668457,121658220
2009-06-26,10.261362655945613,10.62227617369049,10.247223920099163,10.550094604492188,130137732
2009-06-29,10.566962258927772,10.611611250110762,10.47369593948843,10.520824432373047,86685228
2009-06-30,10.517351300200238,10.59697515304539,10.37397788647532,10.45757007598877,103652244
2009-07-01,10.52231253275051,10.576884253389617,10.372241718931313,10.393077850341797,92339568
2009-07-02,10.304275497074471,10.304275497074471,10.090951412315588,10.132623672485352,100603296
2009-07-06,10.083262706686373,10.185954525002334,9.96320587062784,10.160406112670898,90413496
2009-07-07,10.12642221345854,10.149987401251142,9.822311333361228,9.838436126708984,130241628
2009-07-08,9.922028812318874,10.070859395750409,9.873906822844846,9.983793258666992,137510352
2009-07-09,10.073837093060465,10.280463806171124,10.065899473781968,10.179754257202148,130892976
2009-07-10,10.159660982640139,10.352892865481639,10.13783229766802,10.279220581054688,116946936
2009-07-13,10.323127813189398,10.530249843107633,10.298570066975206,10.524792671203613,161666172
2009-07-14,10.510157615397668,10.585070138561257,10.439711598290357,10.534467697143555,115716168
2009-07-15,10.657746999833316,10.88148915574296,10.62872558402713,10.8688383102417,150928920
2009-07-16,10.831879011868713,11.056861385660874,10.767881786253476,10.978724479675293,261917820
2009-07-17,10.740596526549641,10.802112358218984,10.5843236649097,10.672382354736328,273889836
2009-07-20,10.663204077167617,10.736874472232405,10.573161222810068,10.67039680480957,126013860
2009-07-21,10.689497825994772,10.713310682567274,10.560016422754785,10.614090919494629,118609272
2009-07-22,10.616570957082981,10.671142675432435,10.504948018959675,10.608881950378418,103364532
2009-07-23,10.633437473555405,10.944244783085301,10.554556630625825,10.848248481750488,138988872
2009-07-24,10.810300066247748,11.17443991646544,10.790208822480578,11.080924034118652,144930924
2009-07-27,11.06405354665843,11.081665284288828,10.854947365683435,11.033295631408691,100075824
2009-07-28,10.93903806527544,10.983935669357761,10.817493323922466,10.910512924194336,101198700
2009-07-29,10.845522559004426,10.85966129427183,10.713062545761119,10.820964813232422,79400520
2009-07-30,10.978972277813131,11.198745130134293,10.978972277813131,11.054131507873535,127816056
2009-07-31,11.16178768618113,11.229256974550504,10.974509223381302,10.989887237548828,114301584
2009-08-03,11.131027530522044,11.259021975612285,11.103741673167427,11.21710205078125,103508388
2009-08-04,11.146653742524391,11.261501060412774,11.123338112981228,11.254804611206055,95496408
2009-08-05,11.311112503208033,11.333685134407203,11.109695324091156,11.190560340881348,93586320
2009-08-06,11.268944061767307,11.283330463088394,11.12581832173022,11.171212196350098,84351564
2009-08-07,11.302927789063126,11.395946431694094,11.286059995124925,11.338398933410645,101622276
2009-08-10,11.289779702530089,11.370892383041076,11.25629272935655,11.32624340057373,69610320
2009-08-11,11.253318100170974,11.341624470122168,11.221319956119592,11.260016441345215,68431500
2009-08-12,11.296480275641377,11.453742884148662,11.284324761931709,11.37511157989502,93562344
2009-08-13,11.463664997923352,11.527414562023605,11.383296250762161,11.466890335083008,79728192
2009-08-14,11.479291752920076,11.489213539678536,11.333190228908332,11.410333633422852,66936996
2009-08-17,11.19949005846869,11.211644625435673,10.991624087262332,11.035528182983398,104703192
2009-08-18,11.040738585551662,11.10523114487028,10.971779520659126,11.045202255249023,93949956
2009-08-19,10.913985176601617,11.038258023035324,10.878513084695598,11.01270866394043,90109800
2009-08-20,11.211892754655294,11.464408667540122,11.192793125187102,11.420504570007324,159796044
2009-08-21,11.547754107428492,11.561396564827911,11.476067871502428,11.540312767028809,142277580
2009-08-24,11.59264973509313,11.660616240092793,11.519970948766298,11.62688159942627,98037864
2009-08-25,11.636802324622623,11.766284649238806,11.626631927395769,11.692365646362305,93546360
2009-08-26,11.726846869656738,11.732800320363992,11.576528383698339,11.60877513885498,79432488
2009-08-27,11.623160168337307,11.623160168337307,11.428441327536328,11.560651779174805,79876044
2009-08-28,11.640027824795046,11.717171226223025,11.494173973171064,11.528156280517578,70793136
2009-08-31,11.405123326634879,11.456469703851848,11.360722010602286,11.451756477355957,78237684
2009-09-01,11.402396104719983,11.579504159038333,11.271921204767247,11.305159568786621,103692204
2009-09-02,11.306649129095806,11.368909857955618,11.22652804843414,11.236947059631348,72119808
2009-09-03,11.306648324210865,11.366924880343655,11.286307526988795,11.34881591796875,65782152
2009-09-04,11.350056907743111,11.474826966476686,11.305655589253405,11.44257926940918,59908032
2009-09-08,11.51674583100048,11.583718829735593,11.307142436435536,11.37610149383545,106161732
2009-09-09,11.38701764680068,11.565861265446195,11.380566972605743,11.508810043334961,87728184
2009-09-10,11.575286328394204,11.681699752807617,11.459942729333157,11.681699752807617,101282616
2009-09-11,11.668305688818286,11.740239581837324,11.599594296571972,11.711465835571289,76039884
2009-09-14,11.671035977685232,11.82706024923176,11.659625354605282,11.78538703918457,78948972
2009-09-15,11.784394604150341,11.879397416678453,11.725606881529439,11.845414161682129,95828076
2009-09-16,11.901473152502822,12.138857756145683,11.868731067881429,12.112068176269531,103308588
2009-09-17,12.168625085553948,12.337299238902625,12.083790785199065,12.197149276733398,179144676
2009-09-18,12.322416615539971,12.327626121103194,12.184996645980476,12.190701484680176,131208660
2009-09-21,12.09842464642877,12.375249650394675,12.06072167188522,12.328119277954102,84571344
2009-09-22,12.42535783214567,12.45189880216431,12.348214423616227,12.379220008850098,121526352
2009-09-23,12.421885424448282,12.576173194201678,12.345733623817443,12.364337921142578,108059832
2009-09-24,12.414194727318257,12.437512250543667,12.228900436662784,12.322416305541992,101002896
2009-09-25,12.260901010919216,12.400801429994692,12.204096508239543,12.216002464294434,81902016
2009-09-28,12.274540015202268,12.439742093234397,12.23634076265294,12.366071701049805,73498428
2009-09-29,12.390876164967013,12.396333336087213,12.22914803529219,12.366071701049805,83884032
2009-09-30,12.402538170650038,12.40601022919958,12.086025010780174,12.299596786499023,125542332
2009-10-01,12.228901221949169,12.314975755988803,12.080071569177228,12.08503246307373,112415472
2009-10-02,11.999207241051367,12.197647719318743,11.970928823009837,12.02004337310791,103927968
2009-10-05,12.096192989553098,12.214761931236053,11.989284226738677,12.11777400970459,85698216
2009-10-06,12.196654019331724,12.386909194064202,12.196654019331724,12.371281623840332,109182708
2009-10-07,12.377732226873077,12.873586255044016,12.348215474394028,12.837618827819824,194773032
2009-10-08,12.88797176051845,12.979254851670936,12.73343632922258,12.7542724609375,171979848
2009-10-09,12.815541026808068,12.93609414192142,12.762209531093609,12.805619239807129,109414476
2009-10-12,12.98347185554968,13.041514686138878,12.881770705512224,12.998849868774414,132755112
2009-10-13,13.007532782624985,13.083684577926077,12.932869822557686,13.05019760131836,121374504
2009-10-14,13.207708943527077,13.285100012180688,13.146687499105475,13.278650283813477,130205664
2009-10-15,13.239706369534751,13.317842324195494,13.078969845610168,13.144454956054688,243771984
2009-10-16,13.576561163091883,13.760615232312109,13.507106761676996,13.639069557189941,353322324
2009-10-19,13.709516156006643,13.732088788610053,13.611288006933481,13.694632530212402,128587284
2009-10-20,13.683471153831862,13.71596652023444,13.412103271609164,13.685455322265625,161586252
2009-10-21,13.64055772279424,13.874717940539961,13.617985090707178,13.670075416564941,146677176
2009-10-22,13.642791070752157,13.76681624647062,13.593180244230991,13.744242668151855,93366540
2009-10-23,13.773016166023538,13.838501279175778,13.672555243609182,13.734319686889648,95612292
2009-10-26,13.785419288918796,13.931520815976125,13.664866174238636,13.74721908569336,118697184
2009-10-27,13.666852857303445,13.7559031742443,13.497930066477004,13.600375175476074,128531340
2009-10-28,13.589955425272823,13.642791590878012,13.351331518800214,13.402181625366211,102609288
2009-10-29,13.469402614692436,13.688183881029786,13.419545067346304,13.668835639953613,100803096
2009-10-30,13.642789580648989,13.647005583509348,13.251860242776246,13.298494338989258,138601260
2009-11-02,13.322307907029174,13.381344239036727,13.103031317805337,13.245660781860352,127955916
2009-11-03,13.146936453972652,13.33272606936527,13.104520248620705,13.32751750946045,95112792
2009-11-04,13.41458377989005,13.531166665460471,13.305937567531736,13.402925491333008,93214692
2009-11-05,13.481309967186863,13.63708562196621,13.460721502033461,13.609304428100586,73834092
2009-11-06,13.586234616795364,13.686942265022976,13.53116662055466,13.670075416564941,72994932
2009-11-09,13.777979161790332,13.95483956742098,13.747717519823354,13.953103065490723,105890004
2009-11-10,13.958557577414485,14.108629326498644,13.940450505891924,14.05852222442627,89142768
2009-11-11,14.15079732657078,14.225709842638912,14.03619860817466,14.152782440185547,92695212
2009-11-12,14.127975083271009,14.210824261227318,14.02726744757714,14.08555793762207,75376548
2009-11-13,14.121279302512752,14.201151764875245,14.054801630276025,14.189742088317871,66605328
2009-11-16,14.262916769125425,14.312278983167856,14.2078497165808,14.29466724395752,87880032
2009-11-17,14.259691501138231,14.324928948587903,14.23116541979575,14.324681282043457,76591332
2009-11-18,14.303845405578613,14.356679675606024,14.190237356578677,14.303845405578613,61922016
2009-11-19,14.232407666635503,14.238111559927107,14.138891797303073,14.213059425354004,86633280
2009-11-20,14.126488768603592,14.178579093786224,14.124008321942142,14.137898445129395,80167752
2009-11-23,14.299877659617525,14.550657082501273,14.284250087766349,14.445235252380371,101798100
2009-11-24,14.449451885735153,14.493356929671313,14.301117570844353,14.463590621948242,64143792
2009-11-25,14.54594276007478,14.562065663862933,14.45366806182897,14.52932357788086,58389552
2009-11-27,14.18850017602432,14.447961122859084,14.162951765738201,14.380988121032715,55328616
2009-11-30,14.402569402842724,14.477976307340166,14.315255597729148,14.461358070373535,68934996
2009-12-01,14.588607131319337,14.665254256542191,14.461357570810364,14.631768226623535,92719188
2009-12-02,14.65979868872427,14.709656236018347,14.541229740908575,14.573227882385254,66461472
2009-12-03,14.611180210774345,14.670960489594863,14.51096789391285,14.52932357788086,57090852
2009-12-04,14.70990430384272,14.754802849401836,14.366602520767907,14.511216163635254,100443456
2009-12-07,14.491371632089308,14.602498289990518,14.411747781323433,14.541974067687988,65382552
2009-12-08,14.47375942446213,14.65136374904941,14.43655178023631,14.561817169189453,60899040
2009-12-09,14.572980468895441,14.618374347138735,14.475744874098584,14.610684394836426,71168760
2009-12-10,14.645908805202756,14.751826915879537,14.645164860169354,14.672202110290527,66665268
2009-12-11,14.751080752453207,14.752817254242803,14.578685921548377,14.64764404296875,68731200
2009-12-14,14.767700803679663,14.81631812707575,14.699734294139137,14.77712631225586,76459464
2009-12-15,14.716850370391722,14.793249834888877,14.659551480988037,14.712881088256836,91124784
2009-12-16,14.848315482459375,14.892219573802828,14.799697219439102,14.827478408813477,112263624
2009-12-17,14.794738203302977,14.824504509852439,14.728260528302474,14.732725143432617,105446448
2009-12-18,14.784566823272398,14.856501665454966,14.759017466988258,14.79423999786377,141118740
2009-12-21,14.823757923436995,14.879073581636755,14.775636883460288,14.850299835205078,102745152
2009-12-22,14.916282901314869,14.920252183316604,14.854517508127605,14.910825729370117,75156768
2009-12-23,14.969860667832029,15.202283423696953,14.953736820061268,15.172765731811523,82825092
2009-12-24,15.203773524441177,15.36723912400234,15.18740200877089,15.34144115447998,34313652
2009-12-28,15.42032342608094,15.527728481400205,15.341442565622296,15.450336456298828,67848084
2009-12-29,15.496722614335175,15.499203061260184,15.336730006502922,15.364263534545898,56935008
2009-12-30,15.341937629106072,15.446863174438477,15.329784007091812,15.446863174438477,58565376
2009-12-31,15.496969092116313,15.513092941184269,15.37864875793457,15.37864875793457,48743208
2010-01-04,15.551538346598196,15.615040234564592,15.48431767947733,15.546577453613281,78169752
2010-01-05,15.557245507956068,15.57361702343188,15.417345099394739,15.478116989135742,120067812
2010-01-06,15.524502562303638,15.524502562303638,15.040804107261364,15.087933540344238,158988852
2010-01-07,15.116212166928852,15.13109579371401,14.70072785566302,14.7366943359375,256315428
2010-01-08,14.684601788260021,14.963658641164065,14.612914614524877,14.933149337768555,188783028
2010-01-11,14.993675588690046,14.993675588690046,14.73520621799038,14.910578727722168,288227484
2010-01-12,14.824751215539425,14.837402060429113,14.585382445857247,14.646899223327637,193937868
2010-01-13,14.299876920492288,14.594809039601886,14.235632025087959,14.562810897827148,259604136
2010-01-14,14.483681954792592,14.739174584305452,14.456644707395174,14.631272315979004,169434396
2010-01-15,14.717842432174992,14.723300549762016,14.338324599637227,14.386943817138672,217162620
2010-01-19,14.416709586673084,14.645411700183779,14.294916244126876,14.575957298278809,172495332
2010-01-20,14.5352757981597,14.5352757981597,14.27011094262911,14.397111892700195,129897972
2010-01-21,14.47227182780079,14.556112625955647,14.194702852970707,14.460861206054688,252055692
2010-01-22,14.00246535542824,14.153775456626061,13.267242534116335,13.64303970336914,271743984
2010-01-25,13.558205731928117,13.639815653362575,13.283365772499133,13.39474105834961,176619204
2010-01-26,13.344385458179353,13.632867838053446,13.302713197287776,13.454767227172852,174045780
2010-01-27,13.426241331658726,13.584498371095696,13.278403302881873,13.446829795837402,158417424
2010-01-28,13.506115454134209,13.568376183069045,13.161572497976735,13.253103256225586,129034836
2010-01-29,13.35728460454455,13.419296720427727,13.037794735088347,13.145200729370117,165454380
2010-02-01,13.260790436582814,13.290805352057092,13.154129345230311,13.221598625183105,89941968
2010-02-02,13.269721368685467,13.269721368685467,13.087403811900531,13.174469947814941,163684152
2010-02-03,13.113698225417611,13.446829590847525,13.10278388180957,13.415079116821289,119844036
2010-02-04,13.320324813433443,13.345129282023573,13.036554697599714,13.066817283630371,134972892
2010-02-05,13.106999917061968,13.233506480369902,12.959659113869206,13.17868709564209,126113760
2010-02-08,13.208700861301175,13.444349911977124,13.184640339545709,13.23276138305664,107664228
2010-02-09,13.383328461319383,13.432690673439609,13.272449470284435,13.306432723999023,112671216
2010-02-10,13.24764504145364,13.339919737443333,13.089388006122899,13.257071495056152,106873020
2010-02-11,13.229040491360278,13.406893430123588,13.134285350519148,13.305439949035645,96303600
2010-02-12,13.22036036096704,13.324044735376397,13.159091247347655,13.224080085754395,91096812
2010-02-16,13.31710119892337,13.497185999744001,13.253351631282587,13.426987648010254,146029824
2010-02-17,13.444350126456225,13.479077325679567,13.335455301921527,13.350337982177734,81106812
2010-02-18,13.333719265899287,13.519013557080592,13.298992065462961,13.47461223602295,93382524
2010-02-19,13.40788654646311,13.49470312736656,13.387298082355827,13.413591384887695,102021876
2010-02-22,13.577056518660966,13.580778134182406,13.4195453097478,13.464194297790527,85698216
2010-02-23,13.469155365097864,13.484781991203576,13.203493268378296,13.27245044708252,114789096
2010-02-24,13.245412925950477,13.356043311010541,13.159339342331803,13.183152198791504,92970936
2010-02-25,13.07524954790528,13.109232802436646,12.898637770607404,13.058135032653809,132235632
2010-02-26,13.082691190237657,13.190097175120659,12.98495837994503,13.06731128692627,81890028
2010-03-01,13.12684433404048,13.228297817627935,13.090629245200798,13.213414192199707,89426484
2010-03-02,13.282620383975134,13.535136292650256,13.270963040412893,13.421032905578613,174097728
2010-03-03,13.453279201349115,13.596156333212924,13.376135797109892,13.526702880859375,123452424
2010-03-04,13.55597290136322,13.794845415956898,13.548531560805628,13.756646156311035,127224648
2010-03-05,13.92432842967074,14.08109663780073,13.88836100574579,13.995269775390625,156331512
2010-03-08,14.009408501648728,14.01933123347366,13.915893583934615,13.952356338500977,95360544
2010-03-09,13.887119700087903,14.006433538443945,13.804022842447402,13.895554542541504,126936936
2010-03-10,13.984107760599759,14.349735450182276,13.945659889884045,14.298885345458984,225969804
2010-03-11,14.244561929309755,14.54098289769476,14.243073093986878,14.415221214294434,169162668
2010-03-12,14.588854329014497,14.592327332344649,14.36610474335301,14.375531196594238,110025864
2010-03-15,14.056538365873902,14.12524881937218,13.791620229303499,13.969720840454102,185969844
2010-03-16,13.936234703922047,14.099700311214297,13.909693733472581,14.019827842712402,137122740
2010-03-17,14.096723616503684,14.17486052860759,13.996262682620591,14.02875804901123,132731136
2010-03-18,14.007921668231745,14.100197321107656,13.964265234073736,14.04959487915039,71016912
2010-03-19,13.890839576721191,14.089280020565367,13.823369353168122,13.890839576721191,191576232
2010-03-22,13.794348319337583,14.060754327112095,13.748954446213435,13.828826904296875,160031808
2010-03-23,13.81741778580028,13.848919647129545,13.444349726074964,13.617984771728516,219831948
2010-03-24,13.531413228821192,13.887118142610287,13.387296829434694,13.824609756469727,262345392
2010-03-25,13.866529727825277,14.188500003144974,13.857600498513026,13.962278366088867,157078764
2010-03-26,14.021564445915939,14.074151054056957,13.891338149001843,13.95756721496582,107740152
2010-03-29,13.965256828993043,14.007920703300185,13.90498026981916,13.951613426208496,124055820
2010-03-30,13.961038474199082,14.080102745289361,13.897785196157441,14.057282447814941,79036884
2010-03-31,14.016106050503671,14.13244221287104,13.960542721901087,14.067452430725098,121110768
2010-04-01,14.172378419755923,14.224469691857612,14.02850872772985,14.109125137329102,84023892
2010-04-05,14.161218046504098,14.259941539651702,14.114087662431851,14.163947105407715,75983940
2010-04-06,14.125495922681054,14.160968010739614,14.024787332527964,14.094738006591797,82321596
2010-04-07,14.07191830099959,14.10788477836823,13.936978785705854,13.97865104675293,103136760
2010-04-08,13.973194831279452,14.13517255026275,13.892082138502012,14.076631546020508,77822100
2010-04-09,14.076630684895562,14.108381159313094,13.99006082520884,14.04512882232666,82181736
2010-04-12,14.073158104551476,14.238110642060214,14.045128301273468,14.206609725952148,94001904
2010-04-13,14.201648022031225,14.607211449908021,14.166921768726757,14.554872512817383,156335508
2010-04-14,14.63648084127632,14.69303672795224,14.486410979014947,14.610188484191895,135971892
2010-04-15,14.688820729906237,14.82946603809362,14.592577689529303,14.766460418701172,270201528
2010-04-16,13.965256038124647,14.109372447778158,13.633612566105592,13.64651107788086,488930580
2010-04-19,13.61178337109705,13.741762940396995,13.518765672454968,13.645270347595215,155604240
2010-04-20,13.746227884158683,13.88240762831234,13.669083530442995,13.767807960510254,118976904
2010-04-21,13.803029853165098,13.897041997091556,13.696368754477298,13.749451637268066,95564340
2010-04-22,13.692400602022342,13.704802835689536,13.477836287826664,13.569863319396973,131096772
2010-04-23,13.574576139106805,13.625922519299381,13.451046303376742,13.518515586853027,83492424
2010-04-26,13.518020251099507,13.518515584197479,13.127091837615781,13.187368392944336,174577248
2010-04-27,13.12064397292546,13.353315368479647,13.077979153061147,13.123373031616211,153634212
2010-04-28,13.198779919659966,13.266497819606908,12.924187649629287,13.12659740447998,136107756
2010-04-29,13.230283756752929,13.307923450047047,13.064089079861557,13.19629955291748,122233644
2010-04-30,13.174718510581837,13.33719060280861,13.033576936237809,13.040026664733887,97318584
2010-05-03,13.059872244377551,13.219119957940546,13.024647819274872,13.161572456359863,74237688
2010-05-04,13.060368279975446,13.065825452426807,12.506967699019997,12.560545921325684,242808948
2010-05-05,12.426845536698153,12.792472278067404,12.414194690936158,12.644634246826172,183104712
2010-05-06,12.619580459584597,12.837121507249257,11.41033427196074,12.369545936584473,199803996
2010-05-07,12.401792296390202,12.53449997866103,11.939425300646974,12.23237419128418,203356440
2010-05-10,12.749062818722827,12.968588018682906,12.715080510608608,12.939565658569336,164954880
2010-05-11,12.791232272682059,12.895660588721519,12.60643332619953,12.627021789550781,132771096
2010-05-12,12.701189282018294,12.701189282018294,12.452146391990176,12.536234855651855,153917928
2010-05-13,12.811818914941675,12.948247262086909,12.659764888226093,12.672415733337402,132898968
2010-05-14,12.644882563300943,12.675145149943747,12.309518389782248,12.589319229125977,164475360
2010-05-17,12.570715382827798,12.609907198685127,12.36160823391357,12.60023307800293,111640248
2010-05-18,12.650587751113429,12.674648274056853,12.329857662301874,12.362104415893555,112906980
2010-05-19,12.309763844790595,12.388643743857308,12.098424890577105,12.264370918273926,137690172
2010-05-20,12.032197770248652,12.04484861642209,11.7526446027553,11.782658576965332,196335468
2010-05-21,11.635067557221916,12.03046059602535,11.519476282135793,11.709234237670898,387244368
2010-05-24,11.924542069250188,12.14927582801517,11.82705881496972,11.83598804473877,173650176
2010-05-25,11.612493796465525,11.843181955181542,11.50980198031272,11.833756446838379,120575304
2010-05-26,11.957781598589916,12.148532107630867,11.78240910273633,11.794068336486816,138884976
2010-05-27,12.029220397893651,12.211785625488133,11.932480139588192,12.16589641571045,112251636
2010-05-28,12.222450408419636,12.240063091295227,11.980848865908115,12.046086311340332,115676208
2010-06-01,11.917100363670476,12.18077826086426,11.909410412162716,11.965221405029297,106565328
2010-06-02,12.072133023653018,12.25048130483462,11.942650677953482,12.238079071044922,101530368
2010-06-03,12.281239858575056,12.600978347973804,12.271070404457891,12.5414457321167,145881972
2010-06-04,12.395591125876367,12.631983182782248,12.320679554720664,12.3707857131958,156655188
2010-06-07,12.379219221131883,12.42510842965021,11.984571082582109,12.04335880279541,145162692
2010-06-08,12.101154282054406,12.12571202804702,11.845413985715503,12.025003433227539,107296596
2010-06-09,12.085527994196367,12.126703978166539,11.707995295328741,11.758100509643555,109050840
2010-06-10,11.915612624978305,12.117278431464683,11.803246683996528,12.080318450927734,103012884
2010-06-11,11.968449402000813,12.122488558429723,11.94662071292134,12.117279052734375,71196732
2010-06-14,12.265611739063901,12.26610801743921,11.985562324523926,11.985562324523926,81534384
2010-06-15,11.982835542617316,12.412459526034997,11.960511520877706,12.352678298950195,170213616
2010-06-16,12.307532551153198,12.501756055188864,12.306043716034363,12.434038162231445,91480428
2010-06-17,12.488115081198789,12.548142084438112,12.320432524646709,12.404521942138672,79012908
2010-06-18,12.464797039450405,12.488609895559556,12.35615176966385,12.403280258178711,114801084
2010-06-21,12.400055480430273,12.426597394328835,12.02773135794809,12.118765830993652,119220660
2010-06-22,12.152006319444775,12.318200044754294,12.04856865763404,12.061467170715332,88699212
2010-06-23,12.077340803010806,12.077340803010806,11.86079327763835,11.957283973693848,81082836
2010-06-24,11.898001952566219,11.974649082480552,11.73924863010722,11.784890174865723,75668256
2010-06-25,11.83350831470314,11.848143328852617,11.672275492497274,11.724862098693848,89718192
2010-06-28,11.722629902702135,11.845662517217614,11.633827263709463,11.709979057312012,70421508
2010-06-29,11.495663410628003,11.523195991106864,11.190064623286501,11.267952919006348,139943916
2010-06-30,11.285314873943001,11.356505773028696,11.03131203030763,11.037016868591309,143983872
2010-07-01,11.045450516050751,11.122594870123214,10.756224177120226,10.901581764221191,140403456
2010-07-02,10.954418850762064,10.970789424492873,10.81501374510302,10.828657150268555,77362560
2010-07-06,11.013451631290582,11.104487048630288,10.756223451885841,10.81674861907959,102301596
2010-07-07,10.872311832033136,11.194282151580728,10.799633037836895,11.167243957519531,125062812
2010-07-08,11.25033971498833,11.3441041887949,11.153849018616627,11.325002670288086,106649244
2010-07-09,11.707002691595141,11.739248499799269,11.479292194043424,11.596123695373535,173086740
2010-07-12,11.717171676030159,11.892544172220886,11.685173535669144,11.802997589111328,133242624
2010-07-13,11.962246813210927,12.228652849956001,11.913380876798485,12.134641647338867,158892948
2010-07-14,12.151509032535587,12.249488568623748,12.066675675013546,12.187725067138672,124595280
2010-07-15,12.19739928056271,12.271069683107559,11.97291223349791,12.254201889038086,194133672
2010-07-16,11.63655725466725,11.672276068252687,11.398427734497853,11.400660514831543,312679008
2010-07-19,11.43538797115787,11.649703693313771,11.348817158165753,11.563630104064941,181829988
2010-07-20,11.435881541289168,11.980601411588731,11.42521675534444,11.945874214172363,162017820
2010-07-21,12.005656116426415,12.047825604591324,11.793076900163221,11.844422340393066,131052816
2010-07-22,11.986555484953374,12.129184951907867,11.967951189341306,12.025747299194336,85822092
2010-07-23,11.92553297050465,12.1691186570559,11.90668101152058,12.155972480773926,90485424
2010-07-26,12.131912547500441,12.173089476793999,12.027484224889836,12.128936767578125,79728192
2010-07-27,12.16887264663232,12.34052352353135,12.158702248281374,12.219722747802734,97949952
2010-07-28,12.27702386021015,12.284713812736413,11.972665275730897,12.014337539672852,99740160
2010-07-29,12.054024303332685,12.126703090629105,11.889814767303251,12.030211448669434,106912980
2010-07-30,11.897753053472456,12.088999846440766,11.885102207858958,12.026739120483398,85678236
2010-08-02,12.129433159903861,12.235846597184976,12.07858305480079,12.164656639099121,74273652
2010-08-03,12.166887736432667,12.215506003625514,12.074116762286106,12.1502685546875,72019908
2010-08-04,12.208561140500908,12.57617203960953,12.180531336444274,12.559305191040039,152347500
2010-08-05,12.548639009236979,12.61586063019838,12.490842897087115,12.6034574508667,96719184
2010-08-06,12.536485012938098,12.544917965293804,12.304557554080068,12.407994270324707,132647220
2010-08-09,12.458347291666021,12.538963695838534,12.436270939058849,12.535242080688477,74813112
2010-08-10,12.460826563822282,12.55136664320205,12.367063983600945,12.494562149047852,82877040
2010-08-11,12.346229070276763,12.352926465615724,12.191693644360328,12.197647094726562,88831080
2010-08-12,12.00416871332439,12.272311274802988,11.9686975647459,12.204345703125,88095816
2010-08-13,12.12968142052925,12.184004531957788,12.055513788276253,12.063948631286621,77310612
2010-08-16,11.997717399487868,12.151261208856033,11.918837493234552,12.045095443725586,52147800
2010-08-17,12.118021934969896,12.271069466385812,12.056009822259261,12.167384147644043,75552372
2010-08-18,12.165399562964357,12.17606529433684,11.944882754594094,11.959765434265137,107348544
2010-08-19,11.931487567414038,11.968696158884695,11.590169968437824,11.608030319213867,156843000
2010-08-20,11.60802907384929,11.69782331533075,11.435633318444056,11.46043872833252,156547296
2010-08-23,11.447541932320355,11.614975874592819,11.35402700714258,11.511290550231934,119328552
2010-08-24,11.353279742983828,11.369899867628178,11.185100945593001,11.196760177612305,110397492
2010-08-25,11.162280620021647,11.356008770136823,11.162280620021647,11.276880264282227,103580316
2010-08-26,11.312601428570051,11.34236678795983,11.173196358534202,11.186591148376465,71008920
2010-08-27,11.225783436994588,11.410085165764425,11.103990099943568,11.381311416625977,92403504
2010-08-30,11.389247967146371,11.404379257900581,11.222310326370295,11.229007720947266,49206744
2010-08-31,11.165012588418431,11.283084321108566,11.11267364525693,11.162779808044434,77794128
2010-09-01,11.285811342537691,11.53286910802446,11.224294567699607,11.41851806640625,129002868
2010-09-02,11.480781944590008,11.52022048443933,11.41802398910964,11.489214897155762,67300632
2010-09-03,11.67128301583437,11.705018604812153,11.594883552799919,11.665825843811035,101514384
2010-09-07,11.521957346006062,11.598605428864872,11.485245973282655,11.519477844238281,68327604
2010-09-08,11.539071208195661,11.720396211481503,11.5222043595851,11.672770500183105,95975928
2010-09-09,11.852609103367087,11.91635772124834,11.672771036439883,11.81167984008789,97126776
2010-09-10,11.88212563403476,11.901226208623573,11.78439470732914,11.810687065124512,78893028
2010-09-13,11.92876144696983,12.01433781181547,11.894777244199828,11.962743759155273,89570340
2010-09-14,11.956292720020619,12.024259227529797,11.90841934302069,11.91710090637207,88571340
2010-09-15,11.905195360040569,11.95331640524252,11.869226991480197,11.922309875488281,96015888
2010-09-16,11.905196192965398,11.967208311520224,11.8918004561315,11.932729721069336,78701220
2010-09-17,11.999454561660455,12.1842516313709,11.935705943880018,12.158206939697266,225438336
2010-09-20,12.216497873998915,12.660755867670714,12.20558353114878,12.607921600341797,175963860
2010-09-21,12.642648516376308,12.898141120369008,12.623547944166567,12.736411094665527,178473348
2010-09-22,12.721529202885597,12.843569256659727,12.692259176433367,12.799417495727539,101382516
2010-09-23,12.764939673223687,12.89094902564987,12.68283442106182,12.736909866333008,92603304
2010-09-24,12.941799187050185,13.09286161054523,12.855476991945398,13.079466819763184,134141724
2010-09-27,13.118161971344081,13.316603380453131,13.118161971344081,13.156859397888184,124171704
2010-09-28,13.233009981598244,13.235738094815408,12.860189583639153,13.076489448547363,146041812
2010-09-29,13.093356221536041,13.219614161053826,13.015468878844707,13.089386940002441,86801112
2010-09-30,13.125850441911565,13.193072052821512,12.871846676893762,13.042258262634277,129634236
2010-10-01,13.146686368608197,13.162066270632362,12.973051339511285,13.038041114807129,88911000
2010-10-04,13.02142272076221,13.103279353395424,12.870111689139545,12.956930160522461,77542380
2010-10-05,13.106506099369385,13.394740846340383,13.061112217827274,13.350835800170898,140143716
2010-10-06,13.376383368697532,13.393498828790161,13.145199878880137,13.254590034484863,110381508
2010-10-07,13.300728856161891,13.32528565809261,13.12535729364788,13.146937370300293,95736168
2010-10-08,13.215399423918381,13.335206701610428,13.08765263710667,13.304200172424316,114253632
2010-10-11,13.357035659301035,13.508842971346004,13.324541239547088,13.365964889526367,104946948
2010-10-12,13.397714526148732,13.543319756614748,13.339918422768118,13.429216384887695,149993856
2010-10-13,13.568375242349168,13.580528864000087,13.4525353565601,13.476595878601074,122101776
2010-10-14,13.498423983874543,13.524964951470576,13.323051494279829,13.417807579040527,265098636
2010-10-15,14.864933769263724,14.9237214811063,14.674678621945702,14.919008255004883,592399008
2010-10-18,14.89668629986805,15.371455510486049,14.89668629986805,15.322340965270996,283644072
2010-10-19,15.102568392180075,15.250655030350952,14.953986420903105,15.07726764678955,183332484
2010-10-20,15.084955312872761,15.314154617382636,15.069081022583752,15.080986976623535,140862996
2010-10-21,15.16855021444766,15.279924543083716,15.031874194415636,15.18045711517334,116703180
2010-10-22,15.178719233621054,15.250655023743956,15.132334691307218,15.193851470947266,90153756
2010-10-25,15.269755247850638,15.496721801335438,15.254376288663941,15.292327880859375,126209664
2010-10-26,15.207990168088447,15.409655021545333,15.15664378721475,15.344417572021484,100415484
2010-10-27,15.274220887238707,15.37914643402249,15.188891248352613,15.291584014892578,89586324
2010-10-28,15.380384415434404,15.403949603412995,15.212950488862138,15.343921661376953,87284628
2010-10-29,15.306466825515146,15.35434020554336,15.20526194808484,15.22287368774414,91040868
2010-11-01,15.273228295293126,15.395516969449702,15.161109074907841,15.255120277404785,123360516
2010-11-02,15.346155117048927,15.379146761820493,15.244702571750404,15.270003318786621,79824096
2010-11-03,15.317133042483992,15.424538088463914,15.217912336442058,15.383609771728516,135084780
2010-11-04,15.494242340932505,15.62521353215045,15.43123671963018,15.485063552856445,142689168
2010-11-05,15.458023282527357,15.515323108408317,15.406676906286727,15.50515365600586,70557372
2010-11-08,15.478862045214338,15.614546460338559,15.456786635066461,15.547076225280762,83967948
2010-11-09,15.627196599161039,15.648280396773641,15.391796150063088,15.498705863952637,89398512
2010-11-10,15.430739892627638,15.45356113673472,15.317380452924164,15.450584411621094,99780120
2010-11-11,15.371704201371584,15.375424871595971,15.23552445716539,15.309443473815918,90373536
2010-11-12,15.230065503118606,15.3022480094936,14.913056118520753,14.964651107788086,135584280
2010-11-15,14.959442001567325,14.982263244565557,14.735452191602944,14.770676612854004,139016844
2010-11-16,14.703455020568097,14.830704585941215,14.472520133998701,14.479217529296875,132163704
2010-11-17,14.510968751861993,14.622590752194704,14.420925883180127,14.475000381469727,97602300
2010-11-18,14.610187176353463,14.882546629498004,14.59927283365833,14.797713279724121,103496400
2010-11-19,14.808629971225892,14.830705381358106,14.643427860108007,14.655582427978516,91808100
2010-11-22,14.572235950403702,14.720322589667527,14.45515584040121,14.665254592895508,87376536
2010-11-23,14.560826733406719,14.610436614616066,14.342293131763114,14.4616060256958,86417496
2010-11-24,14.568267508883276,14.798707072105381,14.56181872516256,14.758275032043457,95760144
2010-11-26,14.64640418483041,14.708913528388031,14.560579206829237,14.634994506835938,52391556
2010-11-29,14.614404395418427,14.630031965871604,14.385701348728912,14.43928050994873,114273612
2010-11-30,14.24604880032168,14.24604880032168,13.724895030595468,13.784427642822266,284411304
2010-12-01,13.96525513033102,14.177834312192026,13.950371505948448,13.99874210357666,150013836
2010-12-02,14.10565167956804,14.221491555717439,14.023546442896242,14.184035301208496,101814084
2010-12-03,14.125248679101816,14.299627673164187,14.08928125687784,14.213306427001953,105142752
2010-12-06,14.401080397407982,14.436551539366643,14.30285225610241,14.346260070800781,83668248
2010-12-07,14.666495770754977,14.709408255228965,14.53577320372399,14.564050674438477,121566312
2010-12-08,14.683859053628725,14.697502456020704,14.4784735257059,14.648387908935547,70205724
2010-12-09,14.731238449770903,14.773406048309651,14.610189990676545,14.672202110290527,74681244
2010-12-10,14.712878715792794,14.733964401199746,14.642185046683181,14.689810752868652,68119812
2010-12-13,14.811602971201225,14.957456812979105,14.736443743060862,14.749589920043945,95844060
2010-12-14,14.810860841315476,14.840627147330336,14.696509789446198,14.756786346435547,65666268
2010-12-15,14.739176296840055,14.794987299884063,14.613909941605902,14.642436027526855,86621292
2010-12-16,14.705688551980337,14.728508852354718,14.587119598902213,14.677411079406738,63812124
2010-12-17,14.659798501818306,14.698494038144686,14.577196978543075,14.654837608337402,123360516
2010-12-20,14.750337176095552,14.830457309932692,14.60175425224514,14.760506629943848,78853068
2010-12-21,14.84757409163329,15.000125365847726,14.823761232860603,14.959197044372559,75104820
2010-12-22,14.9822641785521,15.056679471539502,14.964404772916941,15.0192232131958,48251700
2010-12-23,15.015503870556001,15.031874441384456,14.933398623388486,14.987969398498535,44387568
2010-12-27,14.951008773516895,14.97680579571435,14.870640982010645,14.942079544067383,48275676
2010-12-28,14.933892357030633,14.979038563778374,14.833680047942467,14.856253623962402,42549408
2010-12-29,14.932655680558899,14.94282513504509,14.856256212160645,14.90785026550293,40727232
2010-12-30,14.833432530684119,14.916033102964212,14.818302184728875,14.854764938354492,39540420
2010-12-31,14.802179477072212,14.843852686832319,14.685348914734206,14.73346996307373,61510428
2011-01-03,14.795730681843368,15.0217056348917,14.795730681843368,14.990946769714355,94513392
2011-01-04,15.022447356103667,15.036338423956716,14.886019014707044,14.935628890991211,72907020
2011-01-05,14.884780615935274,15.139281647340095,14.884284337506097,15.108026504516602,101190708
2011-01-06,15.147961994289403,15.340201348459281,15.132335368450237,15.217912673950195,82229688
2011-01-07,15.27769206331399,15.335735838671196,15.134319599290619,15.290838241577148,83963952
2011-01-10,15.250158246323283,15.264794205679722,15.095375153835846,15.23552417755127,63104832
2011-01-11,15.322341842469521,15.349379090629803,15.24271798794757,15.280173301696777,57514428
2011-01-12,15.363022825803652,15.363022825803652,15.249415713408384,15.301506042480469,65242692
2011-01-13,15.303985047114448,15.370958996247259,15.234282039532149,15.297039985656738,53306640
2011-01-14,15.314652168262416,15.485062836260598,15.30671454932236,15.482831001281738,94529376
2011-01-18,15.529463529429375,15.924609849175885,15.50986762208551,15.866069793701172,144535320
2011-01-19,15.92783385603596,15.948669987481779,15.618762997435907,15.670605659484863,136107756
2011-01-20,15.682015750104098,15.728402186594764,15.460754971973959,15.547076225280762,219212568
2011-01-21,15.864830862647466,15.918160471849825,15.164830586667989,15.176488876342773,355819824
2011-01-24,15.07081750122827,15.192858500388565,14.91355397085506,15.157882690429688,183784032
2011-01-25,15.086444622775254,15.396260357593965,15.044772361775125,15.376912117004395,145726128
2011-01-26,15.387331639921479,15.440910803158431,15.262065295611178,15.292327880859375,81442476
2011-01-27,15.32680635069536,15.371703001741182,15.211710413409621,15.299520492553711,80687232
2011-01-28,15.356075359249687,15.388074443940145,14.877090153283444,14.907600402832031,169074756
2011-01-31,14.97234319677646,14.993923273692344,14.772662496461933,14.891974449157715,112083804
2011-02-01,14.994417834076206,15.214191655261326,14.960187857952477,15.156891822814941,109702188
2011-02-02,15.155899657040072,15.238748849406855,15.069826072870503,15.180705070495605,70357572
2011-02-03,15.118196041377555,15.167062924305148,15.035099180740493,15.13481616973877,59744196
2011-02-04,15.134814674009831,15.166812813551854,15.04700459488612,15.155403137207031,61969968
2011-02-07,15.135061786278026,15.339208018495562,15.111496598938873,15.237507820129395,71912016
2011-02-08,15.253383341685353,15.36996622142228,15.242964331708377,15.338959693908691,67728204
2011-02-09,15.301505723058872,15.365502951892761,15.189138836432614,15.292327880859375,73626300
2011-02-10,15.227833572891042,15.317132488687811,15.169789797533836,15.290838241577148,93282624
2011-02-11,15.22510727787478,15.503172566387134,15.205510423476294,15.490769386291504,103492404
2011-02-14,15.461993563258774,15.618265482017641,15.380136933936717,15.581305503845215,85034880
2011-02-15,15.560719371699273,15.629428883776148,15.456041489722757,15.482086181640625,83596320
2011-02-16,15.518796732672014,15.540376806866764,15.431234322025041,15.483821868896484,67292640
2011-02-17,15.410151342448906,15.558981925544334,15.38609082041232,15.50961971282959,59092848
2011-02-18,15.52797603193348,15.6564658230062,15.482830765817718,15.629180908203125,128587284
2011-02-22,15.379887712777403,15.50143337392304,15.075777783961394,15.136302947998047,145450404
2011-02-23,15.139279672040907,15.247677265044851,14.982262869289322,15.163835525512695,115468416
2011-02-24,15.165574333979848,15.207743821988606,14.916531414615678,15.101825714111328,108359532
2011-02-25,15.177232965406356,15.248174311310352,15.118692908253603,15.132086753845215,77218704
2011-02-28,15.131094136902666,15.292079283375985,15.081730979988263,15.215431213378906,91168740
2011-03-01,15.324077168438833,15.359796922925899,14.865678536530949,14.901894569396973,132795072
2011-03-02,14.87808164437921,15.031873114183355,14.763730598779317,14.902639389038086,80986932
2011-03-03,15.04129832605013,15.16805253943517,15.00706646439518,15.12017822265625,77734188
2011-03-04,15.08966903977532,15.105793834016623,14.888004184325538,14.898423194885254,120319560
2011-03-07,14.89668716540023,14.974574518175071,14.560578117035949,14.676169395446777,138369492
2011-03-08,14.707672126220812,14.832937524586114,14.639954227547491,14.692293167114258,91304604
2011-03-09,14.659798229061455,14.746864365791128,14.529570996441873,14.678897857666016,85953960
2011-03-10,14.521882563270673,14.551151646360822,14.373299641128893,14.394384384155273,124998876
2011-03-11,14.342790361136966,14.386944018556687,14.221494236076083,14.30533504486084,121158720
2011-03-14,14.208347244828403,14.344526998226593,14.089779232189763,14.13864517211914,112531356
2011-03-15,13.828829238013816,14.16369808443724,13.779218408348823,14.127978324890137,160063776
2011-03-16,14.089530736429499,14.133684394629125,13.674542688774295,13.818906784057617,151788060
2011-03-17,14.00196686494762,14.114085130034091,13.904235000970282,13.924574851989746,115856028
2011-03-18,14.005935019256079,14.08903281450265,13.884391247802002,13.917133331298828,131812056
2011-03-21,14.144348522108695,14.381981746117162,14.11458316143794,14.300124168395996,120715164
2011-03-22,14.31922200366174,14.3678402658018,14.201150296697122,14.320462226867676,75400524
2011-03-23,14.267629194869032,14.447713968275057,14.188500678792083,14.440521240234375,72575352
2011-03-24,14.521632897353193,14.595055629542019,14.35717474956141,14.557848930358887,83864052
2011-03-25,14.557603133168875,14.558346132897363,14.368090937790916,14.380494117736816,114221664
2011-03-28,14.438287185438163,14.510718304913356,14.255721969571344,14.271845817565918,88647264
2011-03-29,14.28772215517405,14.433824628672332,14.213555473616307,14.429855346679688,64127808
2011-03-30,14.495588489974734,14.523370628734373,14.401329620145592,14.432584762573242,56835108
2011-03-31,14.461357306996804,14.589350810110595,14.430102167175427,14.554624557495117,81094824
2011-04-01,14.604234821122704,14.763731134818448,14.604234821122704,14.679641723632812,104423472
2011-04-04,14.709409741283437,14.752569896672815,14.463838874238906,14.577446937561035,82097820
2011-04-05,14.413732204867,14.423901658301672,14.031733011789798,14.116318702697754,241658100
2011-04-06,14.192965769272341,14.266883832520683,14.089280456910355,14.242575645446777,106625268
2011-04-07,14.28102570848077,14.402819055579346,14.242825502417524,14.386943817138672,101158740
2011-04-08,14.508238610876884,14.508238610876884,14.338820509275076,14.341300010681152,75995928
2011-04-11,14.292684407638852,14.339813845867775,14.213308213160992,14.321706771850586,74253672
2011-04-12,14.26291609334395,14.310294136787642,14.090520324849212,14.154022216796875,83340576
2011-04-13,14.275567614804773,14.327410275612698,14.182300358662442,14.29466724395752,82693224
2011-04-14,14.267630301313046,14.373299793543353,14.190983171210528,14.349983215332031,218033748
2011-04-15,13.525958068126112,13.537367744806128,13.148176772617797,13.16405200958252,561186252
2011-04-18,13.05788694982367,13.088645813912542,12.873833824883635,13.068305015563965,201390408
2011-04-19,13.145448738210218,13.168517650504494,12.9209635683648,12.936590194702148,107256636
2011-04-20,13.044987479058701,13.067808722559997,12.933116877527725,13.040770530700684,122277600
2011-04-21,13.084426675041863,13.104022581243505,12.957921062921882,13.02514362335205,98705196
2011-04-25,13.028864740456957,13.07227350576626,12.948495993552559,13.023903846740723,65166768
2011-04-26,13.060366642688269,13.33123728159103,13.027871278636573,13.216638565063477,139860000
2011-04-27,13.345127720511801,13.347856778912737,13.254589530167191,13.339174270629883,91844064
2011-04-28,13.346617935736443,13.376136576366251,13.247893505272554,13.344386100769043,79920000
2011-04-29,13.394739724895144,13.496439933776855,13.357779744348734,13.496439933776855,168970860
2011-05-02,13.536126363967865,13.53687125414641,13.323298573043385,13.359018325805664,85262652
2011-05-03,13.323549974509016,13.444598426447453,13.137510790788115,13.243181228637695,83176740
2011-05-04,13.27493190007222,13.369934716444407,13.221600401937017,13.290310859680176,84595320
2011-05-05,13.242435985358775,13.380351273135926,13.183895933531367,13.252605438232422,79832088
2011-05-06,13.348849947879952,13.430954245539445,13.275178601765779,13.278155326843262,82161756
2011-05-09,13.270713904783658,13.357284713629209,13.17397458728728,13.337191581726074,77870052
2011-05-10,13.394738670428683,13.504625101293179,13.333718171786451,13.46072006225586,81634284
2011-05-11,13.398212732398074,13.482797480352017,13.2382201333737,13.281876564025879,93458448
2011-05-12,13.276666818075356,13.31883630329963,13.169260827262702,13.271954536437988,57874068
2011-05-13,13.261040669895689,13.293535090580571,13.123123477648308,13.135526657104492,84263652
2011-05-16,13.055157909001098,13.078970764043303,12.809339406780055,12.859444618225098,118209672
2011-05-17,12.78527970024514,13.176951137437916,12.77535791300142,13.158099174499512,132011856
2011-05-18,13.135278007826116,13.154873914455985,13.040026587871843,13.141975402832031,78049872
2011-05-19,13.214407597620934,13.308914135021508,13.139743689717193,13.177696228027344,98649252
2011-05-20,13.191335619151207,13.196048845522593,12.976275996437872,12.998600959777832,92607300
2011-05-23,12.814299436755523,12.898636507853155,12.73492325862927,12.8587007522583,91908000
2011-05-24,12.907816274190933,12.996866585010633,12.852749219644517,12.855477333068848,75924000
2011-05-25,12.832408612632678,12.967348137588695,12.830424444176977,12.890453338623047,52011936
2011-05-26,12.84158532959335,12.951224097575336,12.774612324068832,12.852252006530762,84655260
2011-05-27,12.860933445077416,12.943038686991738,12.806858006555377,12.9209623336792,69762168
2011-05-31,13.022662324293828,13.12312230261114,12.985455625133456,13.122379302978516,107384508
2011-06-01,13.098071337616684,13.22606485189823,13.030353437582068,13.03754711151123,118117764
2011-06-02,13.086412449439802,13.154131296558583,12.960155433658052,13.098567962646484,88091820
2011-06-03,12.948248944862542,13.087157756714712,12.935847655272424,12.975038528442383,69870060
2011-06-06,12.986449275369072,13.067810583790843,12.880034885070893,12.924933433532715,77606316
2011-06-07,12.970324280503904,13.013485377907784,12.873584965448421,12.874577522277832,76227696
2011-06-08,12.812564730655925,12.929396234263619,12.793960434114027,12.878049850463867,66069864
2011-06-09,12.898637596544003,12.898637596544003,12.790487662880254,12.817524909973145,67496436
2011-06-10,12.751790977752139,12.81653119783218,12.63297437777666,12.638431549072266,97498404
2011-06-13,12.650587605392491,12.65554849891988,12.456364086392638,12.519865036010742,96994908
2011-06-14,12.604696988559715,12.75179201366818,12.575923239978174,12.61015510559082,93566340
2011-06-15,12.527304915631454,12.609657824440928,12.417667093543857,12.47571086883545,82849068
2011-06-16,12.472237817291276,12.56550411680819,12.319934245111291,12.411713600158691,110169720
2011-06-17,12.555831674573337,12.568482520405208,12.025499104684316,12.030957221984863,209606184
2011-06-20,12.03046143913618,12.060971692210172,11.887335682918556,12.02004337310791,121022856
2011-06-21,12.084783545218203,12.252217478057938,12.023762098849538,12.228899955749512,110505384
2011-06-22,12.19045350226867,12.212777523352601,12.07337338898229,12.080318450927734,96187716
2011-06-23,11.95926903423539,11.977377050551357,11.750906794499457,11.91189193725586,191875932
2011-06-24,11.923303923549913,11.925040425555412,11.733296384566083,11.779435157775879,152071776
2011-06-27,11.757605161796286,12.114798007440283,11.747683374629231,11.975889205932617,137650212
2011-06-28,12.006152173131634,12.308526587122687,12.006152173131634,12.245025634765625,108495396
2011-06-29,12.31671005181888,12.408737074875642,12.213521019494257,12.342259407043457,93626280
2011-06-30,12.451898091471726,12.567985642779888,12.439743524636878,12.560791969299316,97038864
2011-07-01,12.569722922372213,12.927909275755477,12.560792746606577,12.924187660217285,145322532
2011-07-05,13.030104395358634,13.280635170675659,13.030104395358634,13.2072114944458,153814032
2011-07-06,13.233506183855132,13.357779018931746,13.222095562075877,13.279643058776855,107716176
2011-07-07,13.419543818577264,13.659656526715935,13.292540985305392,13.558452606201172,157262580
2011-07-08,13.219863500259168,13.336448280454931,13.078971475893571,13.196050643920898,190617192
2011-07-11,13.101543830348849,13.295023402146176,13.035066156322713,13.079218864440918,113458428
2011-07-12,13.101047729046522,13.380352274120883,13.047468566376953,13.2461576461792,113534352
2011-07-13,13.320323564121477,13.493959554428328,13.30742410731375,13.351577758789062,111496392
2011-07-14,13.372911590208684,13.444351107469442,13.065576280037828,13.120396614074707,265714020
2011-07-15,14.821029355685347,14.889243526936978,14.589350541495772,14.824006080627441,548734716
2011-07-18,14.69675641923981,14.93389240323824,14.684601853018604,14.757528305053711,178553268
2011-07-19,14.787295707758584,14.999130963609819,14.772165360784511,14.946296691894531,118581300
2011-07-20,14.937118293192455,14.953242141669149,14.7677001953125,14.7677001953125,89022888
2011-07-21,14.734957743170796,15.082972739512456,14.734461464764145,15.056431770324707,138641220
2011-07-22,15.016744934370653,15.36674412834849,14.988962794194263,15.335241317749023,140986872
2011-07-25,15.214437672692666,15.513339036287654,15.20550749817691,15.353842735290527,125138736
2011-07-26,15.330775212553743,15.565183098183105,15.310186748646206,15.441654205322266,93622284
2011-07-27,15.30919538510092,15.402710307138117,15.000868481062646,15.06213665008545,157218624
2011-07-28,15.011782791754733,15.279430007274541,14.957459681266606,15.154412269592285,124211664
2011-07-29,14.98796792494942,15.254126269471463,14.974573135375977,14.974573135375977,165330504
2011-08-01,15.161357555111078,15.267522378840587,14.862703822289545,15.050973892211914,158485356
2011-08-02,15.031875013691467,15.12290949472368,14.673938206823458,14.694526672363281,127895976
2011-08-03,14.740911845780106,14.95745939325959,14.476985305690096,14.912066459655762,152874972
2011-08-04,14.746612272395183,14.854514520915835,14.32418300914548,14.325422286987305,196387416
2011-08-05,14.449949051086788,14.634994747233934,13.94045256595754,14.363130569458008,236926836
2011-08-08,13.964760210742945,14.114086130414718,13.502640880280941,13.544065475463867,299564136
2011-08-09,13.915645788827517,14.25324367022393,13.419792756127123,14.223477363586426,258529212
2011-08-10,13.925071733764232,13.993037296427136,13.586482253209399,13.618232727050781,214569216
2011-08-11,13.737545567989377,14.101684429454748,13.603350935636666,13.943675994873047,193030776
2011-08-12,14.126489115818533,14.151294528334903,13.900762792325375,13.984355926513672,126045828
2011-08-15,13.727872295081989,14.01461913314608,13.544810781436864,13.822132110595703,285510204
2011-08-16,13.703067343765067,13.703315010322697,13.154130488744402,13.36993408203125,277298424
2011-08-17,13.395483222419662,13.486270029578078,13.16578856391122,13.224823951721191,163000836
2011-08-18,12.984711134984755,13.019933667000235,12.414690495961239,12.523585319519043,251376372
2011-08-19,12.386163711976344,12.771386295122822,12.175816378185761,12.1773042678833,216183600
2011-08-22,12.501756075957362,12.576171363842809,12.266851924332075,12.357142448425293,196039764
2011-08-23,12.489352597420954,12.933611534013613,12.379218503362743,12.869366645812988,173698128
2011-08-24,12.882019335272865,13.146688877361205,12.829929005661926,12.980246543884277,143636220
2011-08-25,13.156113819890056,13.327020749039132,12.856468498867821,12.899629592895508,131588280
2011-08-26,12.89839026362369,13.157851233565335,12.728474934156955,13.068800926208496,143708148
2011-08-29,13.259799456881085,13.381097465885027,13.234994988636073,13.371918678283691,93338568
2011-08-30,13.349841973150848,13.46890625347956,13.166781410195375,13.412102699279785,119440440
2011-08-31,13.512313066832268,13.551009543161676,13.295516946771308,13.418550491333008,107624268
2011-09-01,13.413342714667854,13.489742175199243,13.176950659466037,13.208701133728027,96523380
2011-09-02,13.009517988481242,13.095095299252272,12.916747003403714,13.018695831298828,95951952
2011-09-06,12.670432671809476,12.96710132390934,12.662991330641962,12.952714920043945,108523368
2011-09-07,13.157850909828706,13.294030647552113,13.082195394949904,13.246652603149414,110121768
2011-09-08,13.240949186573786,13.372415711570245,13.193819748955605,13.269722938537598,95124780
2011-09-09,13.181414916247995,13.262032268364546,12.928156019285435,13.018941879272461,130621248
2011-09-12,12.84803630335208,13.196051324193396,12.836625680364607,13.149665832519531,106709184
2011-09-13,13.19629958733555,13.24293369298454,12.982976416482325,13.134783744812012,94073832
2011-09-14,13.210933752022706,13.319083685490945,13.043003540844397,13.19803524017334,107668224
2011-09-15,13.283116619635965,13.518268454906297,13.25979909670989,13.458240509033203,118313568
2011-09-16,13.513805005220622,13.56440744683899,13.472628073033738,13.560439109802246,141230628
2011-09-19,13.403420100145578,13.640308419122572,13.280138880791457,13.560188293457031,98637264
2011-09-20,13.627905008451382,13.85412757669334,13.46096643146486,13.559194564819336,111052836
2011-09-21,13.585490107560117,13.766815101674752,13.366461190918224,13.374894142150879,100471428
2011-09-22,13.053669686994407,13.116426691784053,12.749807395415653,12.915009498596191,175835988
2011-09-23,12.813307955408474,13.05788623835166,12.762209241047426,13.035313606262207,110980908
2011-09-26,13.078474200909525,13.219368115307173,12.731204089640443,13.193571090698242,105262632
2011-09-27,13.350089960539496,13.569616121069147,13.296760353930383,13.378368377685547,120315564
2011-09-28,13.431946881194994,13.494455272312583,13.089636729365267,13.117914199829102,90441468
2011-09-29,13.296511040627301,13.327765236073613,12.884002547228272,13.084675788879395,116147736
2011-09-30,12.903848304190921,12.997860463573941,12.759234645689997,12.775607109069824,108835056
2011-10-03,12.646866773034496,12.700197323062095,12.278510980428464,12.291409492492676,178797024
2011-10-04,12.155230179737698,12.487867172968006,11.921318562013177,12.449666023254395,166185648
2011-10-05,12.311998183971724,12.59601690235456,11.925535312144449,12.519120216369629,181182636
2011-10-06,12.588575253385232,12.780319281692536,12.467030519254928,12.767420768737793,136835028
2011-10-07,12.820005037393775,12.911039501765172,12.658027346782188,12.777587890625,114121764
2011-10-10,13.02712946570837,13.331983386328595,12.978014915329094,13.324542045593262,92795112
2011-10-11,13.232514175579196,13.56341465855643,13.232514175579196,13.47361946105957,114021864
2011-10-12,13.596403442168464,13.772519875740924,13.509585921317823,13.605581283569336,126984888
2011-10-13,13.643536069650867,13.866037080034074,13.593677572715505,13.865789413452148,227276496
2011-10-14,14.869896244934187,14.87312063641904,14.574715540558335,14.676664352416992,340854804
2011-10-17,14.479217403703917,14.680386927462884,14.33733188029523,14.446722984313965,160167672
2011-10-18,14.391655131357584,14.69849414681618,14.322448398086005,14.64764404296875,151879968
2011-10-19,14.569012240783659,14.686091410975065,14.36759504237129,14.404306411743164,117142740
2011-10-20,14.43407175026949,14.607459131590556,14.3747868062228,14.477975845336914,135024840
2011-10-21,14.622839942536169,14.703207742948,14.553136929104262,14.647148132324219,135504360
2011-10-24,14.55363195053985,14.882298688282928,14.548174778946379,14.79423999786377,136938924
2011-10-25,14.711888763991356,14.759018197144988,14.457637302459379,14.465326309204102,101518380
2011-10-26,14.623831498695534,14.639458124550643,14.20983509478771,14.543462753295898,114809076
2011-10-27,14.843852678320317,14.950019398490067,14.71685077122087,14.850054740905762,151060788
2011-10-28,14.747114335845833,14.940097656209028,14.740416939666646,14.886519432067871,100219680
2011-10-31,14.761249475699447,14.8753528495279,14.676416126535882,14.70047664642334,102209688
2011-11-01,14.389422965986732,14.52361759031521,14.306325165598997,14.353455543518066,124878996
2011-11-02,14.508487265087416,14.584390446743464,14.398849441061145,14.506502151489258,84751164
2011-11-03,14.5605770961103,14.821029663085938,14.47921674541009,14.821029663085938,106685208
2011-11-04,14.721812124770357,14.876596176527354,14.695271152868333,14.787297248840332,113278608
2011-11-07,14.71734418102731,15.100830274495618,14.690306936782138,15.089667320251465,134161704
2011-11-08,15.106290171610251,15.239494139368064,14.972343204138731,15.189139366149902,121054824
2011-11-09,14.988713826176458,15.115963390415295,14.849804082648053,14.906608581542969,148291560
2011-11-10,15.03013861058014,15.030634889022723,14.673690636687468,14.761004447937012,114621264
2011-11-11,14.915292704473563,15.182938985835314,14.848318744841158,15.090167999267578,158920920
2011-11-14,15.081484011976013,15.331519473246802,15.076027785340491,15.205509185791016,127420452
2011-11-15,15.200547408650964,15.331518582010805,15.143496191223544,15.293814659118652,106932960
2011-11-16,15.182688054269656,15.336975804434553,15.146225299856141,15.167556762695312,104235660
2011-11-17,15.132335439813142,15.187898772009142,14.80317144999879,14.904624938964844,139592268
2011-11-18,14.93265231993607,14.99466537097369,14.728010763979253,14.7560396194458,131376492
2011-11-21,14.57942968388385,14.597785367785852,14.190734984962038,14.410259246826172,119931948
2011-11-22,14.386943817138672,14.510225054275692,14.268871140428477,14.386943817138672,96115788
2011-11-23,14.271599277477394,14.393144958200867,14.141621589660645,14.141621589660645,92938968
2011-11-25,14.019578841754862,14.244808877807225,13.92383019905978,13.965255737304688,62433504
2011-11-28,14.371315201551806,14.6057230907496,14.30012430031468,14.590095520019531,113042844
2011-11-29,14.582406378081584,14.64392315832448,14.419933336591846,14.45962142944336,73198728
2011-11-30,14.832192537919893,14.870889017468196,14.686834963654148,14.867912292480469,135744120
2011-12-01,14.883043168271044,15.279924092554815,14.858238701310926,15.224609375,144679176
2011-12-02,15.305971525874165,15.478366362016827,15.286374672475214,15.388075828552246,163264572
2011-12-05,15.56865599765736,15.67432453916614,15.438677377049773,15.519293785095215,127772100
2011-12-06,15.453312784652363,15.592965537575513,15.385099549442783,15.472661972045898,92966940
2011-12-07,15.420817742790568,15.519541221156468,15.332015105749583,15.463233947753906,90201708
2011-12-08,15.404942625990774,15.563942660818947,15.26256082764183,15.28116512298584,96427476
2011-12-09,15.329534155603682,15.605615249459708,15.304978300193993,15.563199043273926,110537352
2011-12-12,15.425778894204187,15.532439992706848,15.386338468332317,15.51284408569336,87268644
2011-12-13,15.596436600802702,15.789916161865253,15.449838803841137,15.518796920776367,160966872
2011-12-14,15.425033742478314,15.486301905421254,15.192857710989687,15.331270217895508,155991852
2011-12-15,15.441653912689597,15.478365279501373,15.346650158767536,15.3677339553833,96247656
2011-12-16,15.486303564387699,15.610328738636039,15.415608940931403,15.526984214782715,178193628
2011-12-19,15.577834764380501,15.58998838671323,15.379146624281775,15.424538612365723,85654260
2011-12-20,15.577585800373479,15.672837219735348,15.577336243242842,15.636373519897461,95432472
2011-12-21,15.627443919316093,15.672340572177175,15.353346994090296,15.523510932922363,99816084
2011-12-22,15.576346977049692,15.67011052066705,15.553030397083306,15.619755744934082,72819108
2011-12-23,15.676807327805431,15.743285006575645,15.641088514154365,15.705084800720215,58089852
2011-12-27,15.678045491843967,15.986620042337941,15.676805268550833,15.881446838378906,64191744
2011-12-28,15.943460997661523,15.999272940301735,15.828116442244049,15.867805480957031,85002912
2011-12-29,15.912206541910958,15.949662802039313,15.756183220111916,15.93478012084961,62952984
2011-12-30,15.925356719636932,16.04293219227781,15.925356719636932,16.0216007232666,71220708
2012-01-03,16.19622424455305,16.573509263623574,16.182086454552,16.505542755126953,146912940
2012-01-04,16.496116243953235,16.625600477171965,16.38672703205007,16.57673454284668,114445440
2012-01-05,16.424183275605106,16.469823872948556,16.277833139307674,16.346790313720703,131184684
2012-01-06,16.350260016089962,16.371345699342445,16.118084958481727,16.123790740966797,107608284
2012-01-09,16.036478481012786,16.048880713905337,15.409654316890656,15.440164566040039,232671096
2012-01-10,15.62099503300046,15.721455015203055,15.302496790123534,15.457033157348633,175648176
2012-01-11,15.465962766544083,15.612065240431685,15.406927377245383,15.526984214782715,95904000
2012-01-12,15.657457920179482,15.698882514878703,15.540377809708335,15.618266105651855,74932992
2012-01-13,15.534423919710923,15.551539379762787,15.405437857657631,15.502922058105469,92199708
2012-01-17,15.67630942794689,15.67630942794689,15.520037507479243,15.591972351074219,76295628
2012-01-18,15.543602373671582,15.726416215031014,15.431732712555723,15.699378967285156,110357532
2012-01-19,15.899804588548688,15.899804588548688,15.663412515446606,15.864581108093262,251959788
2012-01-20,14.648138916301743,14.659798150052746,14.429110936972858,14.535524368286133,422628948
2012-01-23,14.535772599758712,14.601753046920278,14.465325647162421,14.523865699768066,136379484
2012-01-24,14.543710581442204,14.577445223438485,14.33733155702003,14.410011291503906,122109768
2012-01-25,14.325177484630226,14.354943791085974,14.049097331851376,14.126241683959961,199308492
2012-01-26,14.188007486837867,14.250019607143376,14.003705737295569,14.091763496398926,128918952
2012-01-27,14.158239234659025,14.394879895906874,14.12227086750256,14.386445999145508,144555300
2012-01-30,14.338573425163535,14.386943083036693,14.223228867840099,14.329643249511719,93126780
2012-01-31,14.461357549095377,14.486162960956712,14.266636814774401,14.389670372009277,85610304
2012-02-01,14.509479607095772,14.523370676521296,14.36561085505645,14.407530784606934,92735172
2012-02-02,14.50774321997532,14.54594342487452,14.438538374743315,14.513696670532227,96491412
2012-02-03,14.651364050168658,14.810365028556935,14.586622880226049,14.792008399963379,126613260
2012-02-06,14.759265302989018,15.151681602676021,14.734460836635861,15.1085205078125,147036816
2012-02-07,15.06040034621142,15.11596367750274,14.97631093165264,15.050973892211914,83600316
2012-02-08,15.097358778061874,15.164581340885764,15.000619466905388,15.127373695373535,73382544
2012-02-09,15.181199875371515,15.242716651971465,15.106288309146638,15.167308807373047,90497412
2012-02-10,15.078506137911152,15.084707254335582,14.982263109478165,15.029641151428223,92914992
2012-02-13,15.143496591759943,15.226344834287108,15.131590636753499,15.185665130615234,72579348
2012-02-14,15.169294796919747,15.180704473709435,15.001115971981319,15.125141143798828,72075852
2012-02-15,15.203773696575647,15.203773696575647,14.946544560449217,15.020959854125977,96938964
2012-02-16,14.952992782640155,15.101574743171023,14.826734840787733,15.044771194458008,101134764
2012-02-17,15.006324666595784,15.07230700766799,14.942576050999625,14.998139381408691,97866036
2012-02-21,14.97903952107672,15.326558233645859,14.954481775310358,15.230314254760742,99132768
2012-02-22,15.179713108248412,15.29927367441391,15.04948680941336,15.079997062683105,78601320
2012-02-23,15.056678517987157,15.079995094046984,14.891725038605019,15.034602165222168,82117800
2012-02-24,15.065361142581182,15.172023189329336,15.019719598706134,15.12861442565918,77346576
2012-02-27,15.046508158868132,15.18963295239907,15.008556569713795,15.113978385925293,72483444
2012-02-28,15.131094967160937,15.373440478377146,15.073546522222424,15.33920955657959,113790096
2012-02-29,15.344417838291665,15.5180538362012,15.267522098922914,15.335736274719238,125350524
2012-03-01,15.435205737663722,15.52053538008022,15.333256911889617,15.438678741455078,89418492
2012-03-02,15.428755777329469,15.478365657045277,15.387083516179878,15.410151481628418,62869068
2012-03-05,15.389809285420572,15.440908940992275,15.165324151095675,15.236515045166016,63668268
2012-03-06,15.082724898041091,15.101576861411344,14.73024526862042,15.006077766418457,126849024
2012-03-07,15.107528752233133,15.160611633131595,15.02840118191228,15.051717758178711,50529420
2012-03-08,15.132086910998757,15.16830294724938,15.040557099398235,15.060153007507324,53766180
2012-03-09,15.080244144300723,15.17822367802578,14.883042962935368,14.889244079589844,106717176
2012-03-12,14.883043085909403,15.05667908013028,14.86468740234362,15.01078987121582,66693240
2012-03-13,15.100086849154762,15.325813154148673,15.020710669958236,15.324076652526855,89742168
2012-03-14,15.255119636952255,15.448102927448154,15.216920379688357,15.27967643737793,117358524
2012-03-15,15.294808178556039,15.465962786903143,15.250903136364006,15.407175064086914,97306596
2012-03-16,15.40122425284984,15.525744774076665,15.38038717427519,15.504164695739746,121897980
2012-03-19,15.45653697064496,15.807528689344029,15.409903816050052,15.725919723510742,86825088
2012-03-20,15.65001652930826,15.777513759388029,15.559477388172622,15.713765144348145,61558380
2012-03-21,15.74154618752967,16.05855462951152,15.689455864751093,15.874750137329102,98685216
2012-03-22,15.838037797988125,16.093530408904797,15.651999580844153,16.02531623840332,96311592
2012-03-23,16.03895869076965,16.086089065649723,15.897571347297948,15.939491271972656,77530392
2012-03-26,15.999270112462703,16.1106444209146,15.86383434036003,16.106674194335938,72695232
2012-03-27,16.049625107939587,16.210113021542554,15.994308504130931,16.04937744140625,80207712
2012-03-28,16.173651005449056,16.336373606525616,16.150086761231346,16.26617431640625,101454444
2012-03-29,16.208625692820302,16.286761650916755,15.981908715420202,16.0838565826416,76895028
2012-03-30,16.166707046920806,16.209867199079437,15.900051455302176,15.906004905700684,92335572
2012-04-02,15.894346638660744,16.06128523492878,15.747251615511956,16.046897888183594,91276632
2012-04-03,16.009442826735377,16.072448444794237,15.841512606448834,15.94023609161377,81714204
2012-04-04,15.836799530576226,15.850441988244526,15.654481960729532,15.754942893981934,65038896
2012-04-05,15.682759712889187,15.78669270014528,15.591725237757998,15.684743881225586,92655252
2012-04-09,15.589492134015174,15.759406513590726,15.510363615836889,15.648032188415527,87220692
2012-04-10,15.714509921853782,15.73881811047132,15.492007991905997,15.549307823181152,99180720
2012-04-11,15.725671738641141,15.776026507590986,15.659441732879198,15.775033950805664,87872040
2012-04-12,15.933539680100017,16.201185943048166,15.881697963212718,16.148351669311523,230033736
2012-04-13,16.0625247269307,16.098245429824576,15.466955644440304,15.493249893188477,326045628
2012-04-16,15.453563087186115,15.473654329977556,14.924222079687294,15.033612251281738,227456316
2012-04-17,15.095374062286835,15.321845264065892,15.056926194828389,15.120428085327148,120835044
2012-04-18,15.082724210374147,15.200548267097084,14.952745586436498,15.067841529846191,106673220
2012-04-19,15.024183487098856,15.286373503523338,14.85823839259019,14.865678787231445,131652216
2012-04-20,14.988466360157428,15.10256975449088,14.779607813723512,14.78531265258789,122213664
2012-04-23,14.706927296927498,14.844595875065561,14.639954288244867,14.823512077331543,87824088
2012-04-24,14.839387725144213,15.047502321344123,14.816567424966333,14.914546966552734,77086836
2012-04-25,14.982264738358216,15.164582307518788,14.954482599405718,15.124149322509766,72771156
2012-04-26,15.153668111180478,15.329535007807044,15.123654136954942,15.266778945922852,83616300
2012-04-27,15.255615016149136,15.298279831188166,15.145976253631147,15.254622459411621,65390544
2012-04-30,15.205260858822493,15.281907983748491,14.898174190145525,15.003347396850586,96195708
2012-05-01,14.977056128130418,15.170782428696802,14.887757206331607,14.992931365966797,80011908
2012-05-02,14.912809057450056,15.084212267701814,14.898174044235418,15.063128471374512,64395540
2012-05-03,15.12166870530589,15.250902433866223,15.105048578357117,15.156394958496094,74645280
2012-05-04,15.029890839591582,15.078756777939454,14.80391683305436,14.80788516998291,88207704
2012-05-07,14.759017471478908,15.145232650260844,14.759017471478908,15.070321083068848,79700220
2012-05-08,15.020214496114487,15.302248073405819,14.900406281588692,15.200299263000488,106984908
2012-05-09,15.052214981182393,15.289350985774607,14.92794119508768,15.110010147094727,93058848
2012-05-10,15.204517793601005,15.284637926590973,15.136799894583785,15.221881866455078,61374564
2012-05-11,15.139776366156658,15.24395796565906,15.00136384522916,15.012774467468262,83892024
2012-05-14,14.902393945917927,15.093888421532906,14.897432106703688,14.98226547241211,72903024
2012-05-15,15.015750381761892,15.255119152252933,14.976062290564972,15.1586275100708,83999916
2012-05-16,15.328543722879738,15.629676973706705,15.278437560815537,15.600655555725098,193210596
2012-05-17,15.722200137981789,15.821915231413442,15.409655340695064,15.454800605773926,134017848
2012-05-18,15.505651791877812,15.687225421684577,14.801187852334209,14.892967224121094,238701060
2012-05-21,14.895695336090215,15.272236441838944,14.883044489642055,15.233044624328613,122892984
2012-05-22,15.216422794687025,15.225601581601778,14.783823069813735,14.902887344360352,121953924
2012-05-23,14.923971443045383,15.121171681297476,14.811604561206638,15.11769962310791,126996876
2012-05-24,15.110257637958544,15.178719480408077,14.855014563991197,14.973831176757812,75576348
2012-05-25,14.907850164134292,14.925957237880196,14.592329559488952,14.672945976257324,143132724
2012-05-29,14.779109917473054,14.861462825943837,14.593320303994192,14.742646217346191,104123772
2012-05-30,14.589350839615877,14.6821218119203,14.474503514272964,14.591087341308594,76191732
2012-05-31,14.60324306400957,14.634993539498211,14.362136827313948,14.40827465057373,118613268
2012-06-01,14.18329351892295,14.204625929189127,14.097963877858236,14.163201332092285,122193684
2012-06-04,14.144347611405683,14.399096279514376,14.13913905174054,14.35196590423584,97210692
2012-06-05,14.27407988909004,14.34055756469611,14.051330284291032,14.149062156677246,93502404
2012-06-06,14.29962760229992,14.435808283914483,14.228437648443993,14.401081085205078,83748168
2012-06-07,14.575461315597922,14.582654043917376,14.318728462790885,14.343036651611328,70269660
2012-06-08,14.284002228524184,14.411749024524783,14.25249941867132,14.39810562133789,56359584
2012-06-11,14.491372794460652,14.51890632194764,14.056786969408805,14.1016845703125,106337556
2012-06-12,14.133187228568534,14.146334353098581,13.855618231075617,14.01734733581543,128839032
2012-06-13,13.933505721410526,14.064475954213533,13.858097872899796,13.917878150939941,78089832
2012-06-14,13.923088135061215,14.016603058670926,13.804519186409284,13.867276191711426,93702204
2012-06-15,13.899274590435574,14.002958962631348,13.818657237889902,14.002711296081543,119927952
2012-06-18,13.955830704141034,14.243321472679119,13.872236625170071,14.1599760055542,99776124
2012-06-19,14.227941757140506,14.493108508824076,14.216283468403395,14.424894332885742,82964952
2012-06-20,14.382231272618089,14.386944500117362,14.225959327718364,14.325179100036621,93774132
2012-06-21,14.38297539013295,14.38297539013295,13.983364427531964,14.020075798034668,80371548
2012-06-22,14.08928071637778,14.175601959228516,14.03520622448653,14.175601959228516,89026884
2012-06-25,14.072663226227696,14.091515191017127,13.825109127495267,13.908206939697266,63200736
2012-06-26,13.95930083201515,14.054552241104966,13.877940489740613,14.006926536560059,53953992
2012-06-27,14.081841482498513,14.23786481032267,14.040169217324296,14.121529579162598,67624308
2012-06-28,14.03719166371986,14.045376949148904,13.821634785678983,13.997751235961914,76759164
2012-06-29,14.261925262293914,14.390168339738766,14.193463414058439,14.388679504394531,100679220
2012-07-02,14.432087555739592,14.461358529802146,14.30012475970754,14.398600578308105,66153780
2012-07-03,14.387190408409902,14.595552661047618,14.33733191646438,14.581165313720703,47532420
2012-07-05,14.604234095181045,14.884531173241415,14.598775978403637,14.781838417053223,93742164
2012-07-06,14.69576432649213,14.722306239786121,14.456891833307008,14.53527545928955,86385528
2012-07-09,14.509727936208929,14.600267085529092,14.417950454001502,14.536022186279297,68535396
2012-07-10,14.639706516437876,14.69526984759366,14.355687798430727,14.42911148071289,76847076
2012-07-11,14.295163580821185,14.333611451135768,14.013378588180247,14.16840934753418,139832028
2012-07-12,14.067451422301225,14.186764301166606,13.94268137211567,14.150795936584473,92299608
2012-07-13,14.1922215351171,14.365857527692222,14.102923564816852,14.300620079040527,78960960
2012-07-16,14.29689939048667,14.366849120523902,14.183044620295528,14.260931968688965,58445496
2012-07-17,14.347999498038847,14.403562831930556,14.0992042463283,14.305830955505371,67136796
2012-07-18,14.312031561194821,14.478473890348084,14.290947763327807,14.405795097351074,61866072
2012-07-19,14.539246547315555,14.845341639966232,14.535774488777196,14.710897445678711,186801012
2012-07-20,15.10033713243431,15.204022461719724,14.837899417245566,15.151435852050781,258289452
2012-07-23,14.894949427316051,15.338215820080213,14.839633766850769,15.267769813537598,142325532
2012-07-24,15.255119674899541,15.327798464853526,14.990697817321625,15.070817947387695,80295624
2012-07-25,15.089421170616056,15.214935175834974,15.016246102878958,15.081235885620117,72847080
2012-07-26,15.255120998649325,15.30150649039035,15.131839761826468,15.21444034576416,67340592
2012-07-27,15.35161052158543,15.751220484908462,15.317131936076606,15.750227928161621,141846012
2012-07-30,15.77726469756918,15.939738669784163,15.614791670646307,15.684246063232422,87380532
2012-07-31,15.584034253898544,15.788427211320545,15.583041697149957,15.700865745544434,74549376
2012-08-01,15.80827184630633,15.863091228582826,15.661425437495767,15.693673133850098,73710216
2012-08-02,15.515821697953935,15.826381393418039,15.46373136907206,15.596189498901367,79028892
2012-08-03,15.875245807591904,15.967521446034057,15.77949811108552,15.908236503601074,75808116
2012-08-06,15.865571368111086,16.107917802118866,15.855897248450454,15.945197105407715,71224704
2012-08-07,15.919647896936178,15.980917959491196,15.78768604395824,15.888642311096191,79192728
2012-08-08,15.851680210639573,16.02085063459878,15.83803775469342,15.930560111999512,52835112
2012-08-09,15.987117596728915,16.033253526071103,15.912949973563974,15.933538436889648,42769188
2012-08-10,15.840270501464852,15.930807745118795,15.77925000434812,15.924856185913086,57326616
2012-08-13,16.059299227652026,16.37506649532566,16.04094354542139,16.37159538269043,130585284
2012-08-14,16.35274342938336,16.69009173562484,16.346542312767472,16.586158752441406,146321532
2012-08-15,16.6263447498324,16.724821516266392,16.473050485265368,16.558380126953125,96331572
2012-08-16,16.55763266180228,16.73449303489737,16.546965985603936,16.690587997436523,68639292
2012-08-17,16.72159625098904,16.799236885771275,16.661568301663046,16.796506881713867,87020892
2012-08-20,16.755824307306682,16.83941837846135,16.685377358705153,16.756816864013672,70253676
2012-08-21,16.696544379314684,16.81784050333372,16.425177434316456,16.60724639892578,88799112
2012-08-22,16.554407365967787,16.88233109121495,16.5375395734693,16.797496795654297,76291632
2012-08-23,16.72531843203473,16.879357584066014,16.64420479531823,16.788074493408203,71296632
2012-08-24,16.758305398259854,16.878610838110276,16.720603366618008,16.833465576171875,57006936
2012-08-27,16.4455136164518,16.669007142239938,16.35249498107611,16.60004997253418,104443452
2012-08-28,16.49537587353061,16.808415102972152,16.48892708920162,16.799238204956055,82261656
2012-08-29,16.802211728555353,17.090448338923082,16.771951034299548,17.066137313842773,119492388
2012-08-30,16.97262341690192,17.050759380841466,16.87191576544334,16.909122467041016,65010924
2012-08-31,16.96667231252599,17.080279437264313,16.868445094258625,16.993709564208984,84998916
2012-09-04,16.98031280050785,16.99147481123479,16.70621775423728,16.893247604370117,75508416
2012-09-05,16.867450758241514,17.02868358495512,16.846117402824937,16.88530921936035,68259672
2012-09-06,17.015287178716083,17.360821711325777,16.984776929067596,17.34866714477539,121618260
2012-09-07,17.363548691521085,17.667410944869438,17.305753532833773,17.51609992980957,129190680
2012-09-10,17.60565050782156,17.68130413790728,17.32361499996078,17.382652282714844,102297600
2012-09-11,17.31294746375752,17.379673743152914,17.140303094124484,17.16982078552246,74877048
2012-09-12,17.10086539994478,17.23729375252102,16.889278754523055,17.1373291015625,105586308
2012-09-13,17.192148903993715,17.586797066745245,17.128895619678104,17.51337432861328,106253640
2012-09-14,17.601681191694954,17.68601828084011,17.537437235851037,17.603666305541992,104635260
2012-09-17,17.564719478713325,17.68303980832023,17.48757607577839,17.61110496520996,60271668
2012-09-18,17.556533527776946,17.826412554359827,17.53172906099422,17.816987991333008,82589328
2012-09-19,17.79764019078935,18.071982893821527,17.770602943211212,18.045690536499023,123808068
2012-09-20,17.9705312967197,18.14193356043988,17.88991489134923,18.06106948852539,116179704
2012-09-21,18.162521870307682,18.229743485306663,18.110678267919845,18.206674575805664,254109636
2012-09-24,18.13251023229734,18.604799069637235,18.113906879524944,18.588428497314453,142409448
2012-09-25,18.67945940298202,18.973152231109488,18.54576105788228,18.58296775817871,242097660
2012-09-26,18.600082964449395,18.882613778630002,18.38055965452931,18.68962860107422,226689084
2012-09-27,18.85061864831492,18.92230394613573,18.64473587152909,18.765039443969727,157086756
2012-09-28,18.706749631623214,18.834494549943965,18.632334326823337,18.715429306030273,111228660
2012-10-01,18.82829250212942,18.97588288086917,18.75784553811691,18.896011352539062,126593280
2012-10-02,18.98083919948402,19.000435104319394,18.610500230397477,18.777189254760742,111496392
2012-10-03,18.745692902767843,18.949093339874334,18.65837814260085,18.913869857788086,88243668
2012-10-04,18.92006720548376,19.097177137551846,18.836970356164926,19.05153465270996,98069832
2012-10-05,19.117517715377936,19.208553135905714,18.97612846966457,19.041614532470703,109326564
2012-10-08,18.876660528764816,18.94065680931334,18.70674615009368,18.798276901245117,78265656
2012-10-09,18.843666647801594,18.88459401108766,18.418508327841483,18.457202911376953,120007872
2012-10-10,18.401892393419914,18.542536753305722,18.313337416849162,18.4688663482666,81514404
2012-10-11,18.675737849410794,18.8146466384478,18.610996681490395,18.640514373779297,95260644
2012-10-12,18.649694893917168,18.72460552161685,18.45745459519201,18.47357749938965,96071832
2012-10-15,18.40387783223411,18.450760551563395,18.12506952572034,18.38006591796875,120643236
2012-10-16,18.35898016694251,18.529142224565256,18.267944742258877,18.47233772277832,82245672
2012-10-17,18.453733025154545,18.761068309097926,18.36220227400984,18.7399845123291,91624284
2012-10-18,18.74122343915242,18.837467410445353,16.76822864469211,17.23952293395996,497198304
2012-10-19,17.501961770711453,17.529742014210715,16.66900631534543,16.911848068237305,458828712
2012-10-22,16.892504050647634,16.982299257868707,16.61195830795895,16.834461212158203,162061776
2012-10-23,16.669255755701588,17.049270772615422,16.669008089151593,16.876131057739258,116547336
2012-10-24,17.03612418693657,17.041085080430562,16.750122249020972,16.80047607421875,99760140
2012-10-25,16.867448196194704,16.91705712575011,16.70646306050216,16.8118839263916,95947956
2012-10-26,16.780630730422107,16.942608441569202,16.649165161300818,16.74714469909668,77953968
2012-10-31,16.863976937379945,16.89225440826832,16.743423823039002,16.87489128112793,61418520
2012-11-01,16.855047082949223,17.137823671943483,16.835698842904243,17.05571937561035,81921996
2012-11-02,17.2343173527116,17.253170261890862,17.050263274559896,17.063907623291016,92883024
2012-11-05,16.979069537466994,17.03760958460036,16.757313471438433,16.94087028503418,65370564
2012-11-06,17.003382513280783,17.02868420647118,16.806678533134225,16.91011619567871,63248688
2012-11-07,16.743425953662438,16.82354704019536,16.532334616071957,16.547962188720703,89202708
2012-11-08,16.62436232661386,16.656360471140346,16.153809051244234,16.180103302001953,103776120
2012-11-09,16.238640539680926,16.578221616539828,16.130737332408536,16.44650650024414,124439436
2012-11-12,16.46436298766144,16.61443565935672,16.392925378562335,16.5176944732666,56179764
2012-11-13,16.44576547508596,16.559867921915856,16.327443243633518,16.3477840423584,63704232
2012-11-14,16.38772159327825,16.42542552206872,16.135700993591335,16.186552047729492,66669264
2012-11-15,16.12329488615431,16.37134708917785,15.971983874166975,16.055330276489258,73882044
2012-11-16,16.023830844689737,16.19821080118965,15.77602814662872,16.053348541259766,137390472
2012-11-19,16.264685884711614,16.592609632117355,16.260469881594222,16.574996948242188,94633272
2012-11-20,16.60724648058863,16.81784058603212,16.484708241912973,16.618656158447266,83464452
2012-11-21,16.594347393542403,16.614440526764596,16.381272836378205,16.51695442199707,84403512
2012-11-23,16.618653026068316,16.619397916247102,16.522656722215245,16.569042205810547,36863100
2012-11-26,16.53109547445117,16.544987491307968,16.34704326636147,16.399877548217773,88095816
2012-11-27,16.37556543576535,16.743424009128066,16.321738606681247,16.63701057434082,100247652
2012-11-28,16.570037589243906,16.98924446000425,16.467842042332062,16.958484649658203,121558320
2012-11-29,17.060434263220877,17.212240637453508,16.917059895926048,17.162384033203125,110948940
2012-11-30,17.14799527121885,17.344202006614072,17.008589252315222,17.323118209838867,126417456
2012-12-03,17.419114925261955,17.509653121745536,17.21744817755983,17.2457275390625,87612300
2012-12-04,17.239525212442093,17.252177003767763,17.008839875625657,17.141050338745117,79588332
2012-12-05,17.168832155474526,17.22712454558575,16.925245474752238,17.061426162719727,74421504
2012-12-06,17.055721707466482,17.25465847091023,16.97932318419956,17.143531799316406,58433508
2012-12-07,17.23952623839259,17.28616128848266,16.927479580002164,16.971879959106445,76695228
2012-12-10,17.0011471996374,17.156428448897344,16.96146005443,17.00189208984375,54613332
2012-12-11,17.1155002430846,17.41117629917869,17.05894530145002,17.28615951538086,107396496
2012-12-12,17.344448884004592,17.45061464387208,17.20182131584213,17.303024291992188,96942960
2012-12-13,17.75844858557722,17.772091042805773,17.3523888622473,17.430524826049805,137658204
2012-12-14,17.34296367156358,17.557528004449466,17.32460798602033,17.41217041015625,85118796
2012-12-17,17.49998101069718,17.907280998945353,17.463269638541163,17.879003524780273,121294584
2012-12-18,17.775315224069427,18.085378612349977,17.73686641106815,17.886192321777344,120075804
2012-12-19,17.87726557050247,17.934070074391485,17.777300911541822,17.862382888793945,76667256
2012-12-20,17.94051592870737,17.974994513818764,17.78449168165532,17.91819190979004,66213720
2012-12-21,17.710078106283664,17.830381665993702,17.624500801578957,17.75125503540039,140898960
2012-12-24,17.72347308338587,17.74009132079365,17.548845468523037,17.599199295043945,33602364
2012-12-26,17.563725002056536,17.68303787539379,17.423328334593926,17.583568572998047,47248704
2012-12-27,17.54065891653586,17.5828284021549,17.329072269930155,17.519575119018555,65830104
2012-12-28,17.40546848601142,17.534948910407742,17.36379623413086,17.36379623413086,56023920
2012-12-31,17.363554058061066,17.625744135729036,17.2643342785216,17.546615600585938,79816104
2013-01-02,17.845267594846515,18.033290012938675,17.774077632319262,17.940269470214844,101550348
2013-01-03,17.98194255092831,18.155577609949844,17.87751233648206,17.950687408447266,92635272
2013-01-04,18.09133374879972,18.39221837833024,18.05015681880849,18.305400848388672,110429460
2013-01-07,18.24289373671819,18.340376060571703,18.122092942238844,18.225528717041016,66161772
2013-01-08,18.245124233889374,18.263977143251807,17.969541283014486,18.18956184387207,66976956
2013-01-09,18.16401026760902,18.314824071183562,18.072974850355614,18.309120178222656,80907012
2013-01-10,18.42595353374974,18.47978225934134,18.194523287995345,18.392467498779297,73354572
2013-01-11,18.405363478066114,18.41602826394894,18.26397424264103,18.355504989624023,51356592
2013-01-14,18.28134038217153,18.41032740602983,17.917945447441724,17.940269470214844,114441444
2013-01-15,17.843030537335974,18.23172518180161,17.663689726645,17.9819393157959,156950892
2013-01-16,17.91918480784404,17.967307745538626,17.70263725997189,17.740341186523438,80855064
2013-01-17,17.80284903833767,17.850722417418176,17.636902989495113,17.644344329833984,88371540
2013-01-18,17.62053374153559,17.680314025879408,17.396542952534862,17.47542381286621,128942928
2013-01-22,17.479140418242782,17.496008209921264,17.252421568423905,17.434738159179688,151544304
2013-01-23,18.256283584109585,18.578998761350473,18.251322690913025,18.392959594726562,236127636
2013-01-24,18.386512143204047,18.773223626919194,18.368404125491534,18.708234786987305,135172692
2013-01-25,18.622904632391247,18.814152367297883,18.610005175153383,18.694839477539062,88946964
2013-01-28,18.647459449835075,18.742710862035494,18.551463147467395,18.621910095214844,65018916
2013-01-29,18.523187935864105,18.77620106643628,18.51797937581145,18.695087432861328,69814116
2013-01-30,18.696575889786693,18.87542139933408,18.675989315509632,18.698808670043945,69250680
2013-01-31,18.616457634797964,18.792820815782875,18.610006960268077,18.74494743347168,65302632
2013-02-01,18.80720435855504,19.263617847954905,18.80472391210996,19.238811492919922,149694156
2013-02-04,19.042606739193932,19.111565811140494,18.808943721261333,18.827547073364258,121498380
2013-02-05,18.879882101483503,19.127437083454282,18.838707068817328,18.994234085083008,74753172
2013-02-06,18.828788792117475,19.173330806285247,18.81464911046537,19.104124069213867,83040876
2013-02-07,19.092464641190656,19.31843862229606,18.988282101803456,19.197885513305664,113494392
2013-02-08,19.351181539151675,19.513405016132157,19.33704185912537,19.481159210205078,120683196
2013-02-11,19.308266803133296,19.42237112620727,19.19292414736201,19.407983779907227,86625288
2013-02-12,19.39136871609844,19.54392000072807,19.332333316249084,19.365324020385742,74285640
2013-02-13,19.35118068309923,19.48066112475217,19.347210456231778,19.41889762878418,47880072
2013-02-14,19.34125698088641,19.564750503880248,19.292640607666772,19.54193115234375,69342588
2013-02-15,19.531511516854533,19.676869079958507,19.523325287443853,19.667692184448242,109082808
2013-02-19,19.74458765043022,20.017690090962972,19.7269749686353,20.01396942138672,117154728
2013-02-20,19.97552550225333,20.066559032573814,19.640409961206256,19.657028198242188,110457432
2013-02-21,19.794451065640693,19.979248148459106,19.626272221501857,19.73318099975586,140115744
2013-02-22,19.82570055469765,19.87506181878035,19.6902647710563,19.836862564086914,82073844
2013-02-25,19.90111043222997,20.052669133814803,19.608162482759862,19.615108489990234,92063844
2013-02-26,19.720036332074674,19.743600579271327,19.457101379962886,19.59923553466797,88011900
2013-02-27,19.715071273712727,19.961881377132,19.623540527338314,19.838600158691406,80962956
2013-02-28,19.87134462651315,20.01744520755476,19.869607179452185,19.873825073242188,90541368
2013-03-01,19.78948881428877,20.021168598255798,19.74855955097843,19.997602462768555,86928984
2013-03-04,19.97552519826572,20.410607274388166,19.96808385810895,20.37736701965332,110912976
2013-03-05,20.561668650032264,20.839981576669587,20.560923759786387,20.80153465270996,161602236
2013-03-06,20.86180717432162,20.935477564961825,20.558689825504814,20.622438430786133,114805080
2013-03-07,20.68891647230255,20.75241741512859,20.57778982235698,20.65270233154297,82025892
2013-03-08,20.699831684987323,20.710250695068968,20.46542380928553,20.625913619995117,116359524
2013-03-11,20.630128771644426,20.828817829952154,20.625415545177063,20.7077693939209,63724212
2013-03-12,20.60582448306142,20.63509262160817,20.43119497454863,20.528926849365234,80251668
2013-03-13,20.53612007793148,20.60532681240624,20.397458942418652,20.471874237060547,65586348
2013-03-14,20.513543152827218,20.513543152827218,20.27541651752434,20.37835693359375,65981952
2013-03-15,20.302951173005187,20.347601103310765,20.17495672275249,20.19877052307129,123864012
2013-03-18,19.968081940259257,20.160567990212176,19.8805195326731,20.037288665771484,73458468
2013-03-19,20.122864206026293,20.32155515469882,20.00404855009334,20.124849319458008,83844072
2013-03-20,20.26152711071557,20.278394904619503,20.127828764010992,20.208940505981445,58493448
2013-03-21,20.12410838513244,20.26376018409354,20.088389573785395,20.123363494873047,59044896
2013-03-22,20.209686552496176,20.222088786786767,20.083179981563198,20.09980010986328,59468472
2013-03-25,20.151890875045034,20.321060371427368,20.013229739895618,20.083179473876953,68411520
2013-03-26,20.178929246812206,20.191331481479843,20.037292323855606,20.15213966369629,47628324
2013-03-27,20.00975498855027,20.017691661368602,19.877047315417844,19.9100399017334,86441472
2013-03-28,19.943029169898722,19.977260089714115,19.6778633746028,19.699939727783203,91420488
2013-04-01,19.720279082254066,19.899867564876796,19.676621712179806,19.87357521057129,72219708
2013-04-02,19.956676835405002,20.211920886597824,19.94328015263989,20.167518615722656,81578340
2013-04-03,20.17793422979668,20.196289912983737,19.860677165223905,19.997848510742188,69470460
2013-04-04,19.949478882110014,19.98668747397248,19.628253465405177,19.721769332885742,97806096
2013-04-05,19.498273638728865,19.521342547213457,19.258655324676827,19.42361068725586,137218644
2013-04-08,19.316950345513188,19.336795810636318,19.06021842816582,19.220211029052734,113170716
2013-04-09,19.236335627662147,19.440978179870015,19.177052565389463,19.2896671295166,86205708
2013-04-10,19.420389564224646,19.654302145894043,19.248737715143946,19.600475311279297,79064856
2013-04-11,19.66744776774411,19.67290399453004,19.448665551485966,19.605682373046875,81066852
2013-04-12,19.645369101530086,19.648097214602082,19.420633461210713,19.597246170043945,65402532
2013-04-15,19.495547136029614,19.769642166306667,19.27403681920848,19.395830154418945,98025876
2013-04-16,19.51142471714797,19.744840071743177,19.445195648391394,19.679601669311523,69610320
2013-04-17,19.51539196051759,19.616844505076486,19.30082763688944,19.41145896911621,81398520
2013-04-18,19.480663743065985,19.491827644400907,18.883110488683858,18.998455047607422,132767100
2013-04-19,19.079069916579563,19.929388659203315,19.007136957102173,19.840835571289062,231895872
2013-04-22,19.8589391747158,19.942285582291692,19.223929729857215,19.846786499023438,115220664
2013-04-23,19.8688653732604,20.22853773291317,19.85299013512409,20.040019989013672,91600308
2013-04-24,20.04522668105704,20.29054890430003,20.042498567862378,20.17768669128418,73090836
2013-04-25,20.24714177747093,20.25259800404606,20.03332046312774,20.06978416442871,79608312
2013-04-26,20.03257814831927,20.036051151978725,19.75922610307935,19.879281997680664,99408492
2013-04-29,19.924671584334845,20.40712975254793,19.918470468336025,20.31684112548828,91939968
2013-04-30,20.31535781191119,20.529674498920393,20.282614774664257,20.453523635864258,92175732
2013-05-01,20.421027470313902,20.457243510332784,20.24987094917435,20.350828170776367,58141800
2013-05-02,20.342639320112035,20.701073298449412,20.316592740829726,20.578535079956055,80651268
2013-05-03,20.76085317298604,21.004935180183733,20.737041262583148,20.978145599365234,100403496
2013-05-06,21.041152138283397,21.378252802891378,21.041152138283397,21.370811462402344,85566348
2013-05-07,21.40702524321775,21.428356705588676,21.10093019622979,21.26365089416504,78281640
2013-05-08,21.257947430889512,21.67665895706347,21.156494886470593,21.67045783996582,98633268
2013-05-09,21.601249320919,21.82002962957983,21.53650626071307,21.617124557495117,87935976
2013-05-10,21.71213028472818,21.84186030231453,21.63399431805967,21.834171295166016,75832092
2013-05-13,21.800928443085233,21.889731076912533,21.664252434329256,21.767194747924805,57882060
2013-05-14,21.76645287644528,22.04402093537826,21.757523645691546,22.004581451416016,63108828
2013-05-15,22.212944636760692,22.730874050375867,22.17623326632507,22.718719482421875,159276564
2013-05-16,22.795862675934515,22.820173702194843,22.374424919670837,22.420562744140625,128255616
2013-05-17,22.573110832972617,22.65918346201445,22.33746274059532,22.552274703979492,111568320
2013-05-20,22.44859137616694,22.835550522419744,22.44859137616694,22.53615379333496,90817092
2013-05-21,22.523502195392847,22.613792726644846,22.26528239264859,22.49745750427246,79240680
2013-05-22,22.388066673202562,22.555500599489093,21.999122438054876,22.06212615966797,102321576
2013-05-23,21.7540506180668,22.075523721278923,21.67963532030845,21.897672653198242,90912996
2013-05-24,21.71088654652697,21.799193851182046,21.60546567228707,21.662765502929688,91780128
2013-05-28,21.91528099411524,22.129597632647908,21.838385258061614,21.859966278076172,90209700
2013-05-29,21.722050932507695,21.77860587417797,21.438777109875346,21.53849220275879,80455464
2013-05-30,21.578431826130444,21.801180509985045,21.49136662167558,21.599267959594727,84743172
2013-05-31,21.533783859807524,21.754052097423976,21.518899286776023,21.61067771911621,78697224
2013-06-03,21.654828511418152,21.678888087570872,21.20883210620588,21.521623611450195,98928972
2013-06-04,21.52708237196226,21.59504888057046,21.185268496486714,21.31003761291504,74669256
2013-06-05,21.394622720549993,21.566769884558823,21.261172038370088,21.324920654296875,84187728
2013-06-06,21.43902437037389,21.48937819426628,21.015353867814568,21.447458267211914,103060836
2013-06-07,21.59083101682005,21.82846424014036,21.464326343751285,21.821765899658203,106877016
2013-06-10,21.880556828610636,22.10132038073469,21.830698334163298,22.081974029541016,93418488
2013-06-11,21.926939547475307,22.002099731272132,21.81655777584966,21.82375144958496,70233696
2013-06-12,21.963898653089824,21.97729344262769,21.571730977236854,21.629526138305664,88103808
2013-06-13,21.5551106659197,21.820028784181165,21.468788479573934,21.754047393798828,82713204
2013-06-14,21.830944993107945,21.94504932478489,21.682859297187346,21.70543098449707,89710200
2013-06-17,21.809365331393497,22.062376587434755,21.785801085798077,21.983497619628906,85766148
2013-06-18,22.043028552840074,22.349373201386886,22.03558910264023,22.339946746826172,86589324
2013-06-19,22.358546122939998,22.593451211366943,22.262551709540578,22.3414306640625,116519364
2013-06-20,22.175488114991815,22.349372734659195,21.910569960612406,21.946041107177734,134745120
2013-06-21,22.035336477255363,22.073537623330857,21.656563587381726,21.851531982421875,159132708
2013-06-24,21.627044650608127,21.737178741246755,21.412977585430962,21.57520294189453,120555324
2013-06-25,21.760497250569227,21.820525194105542,21.444232739009625,21.486154556274414,102025872
2013-06-26,21.673430382381618,21.778851247878464,21.594549537864395,21.670949935913086,73182744
2013-06-27,21.798699381149206,21.944799964748157,21.74536788495698,21.755786895751953,76982940
2013-06-28,21.701961095384675,21.874108283837526,21.684350299047974,21.837644577026367,93878028
2013-07-01,21.98845844907891,22.128110256227668,21.95249007848033,22.023929595947266,68923008
2013-07-02,22.081474565385534,22.10131813828947,21.76074639033898,21.88576316833496,75584340
2013-07-03,21.82598311256573,22.055925431427827,21.791254969049362,21.987960815429688,41838120
2013-07-05,22.076763729828397,22.21070974055121,22.010532778824974,22.163084030151367,68007924
2013-07-08,22.304969927345805,22.480092875630866,22.252135653924153,22.450824737548828,78701220
2013-07-09,22.59742119852672,22.645791799142245,22.274458345630574,22.454544067382812,79096824
2013-07-10,22.410142729268824,22.60089324522548,22.333991879056047,22.473148345947266,68267664
2013-07-11,22.647031607154197,22.840757891444813,22.535904951635768,22.82662010192871,103264632
2013-07-12,22.820665281607045,22.89508056640625,22.70259262640101,22.89508056640625,102625272
2013-07-15,22.927328061928378,23.019106478814965,22.730376438091525,22.937002182006836,78341580
2013-07-16,22.997525810966135,23.018361941319565,22.66935628525353,22.810993194580078,79240680
2013-07-17,22.84547323214269,22.990830820739777,22.72888844891543,22.784700393676758,60183756
2013-07-18,22.79561367859218,22.820667703103737,22.40369364121893,22.5894832611084,145234620
2013-07-19,21.99242596724668,22.39774080625174,21.71957114692386,22.2402286529541,294077628
2013-07-22,22.37417464642158,22.638845103982767,22.250148535610194,22.58997917175293,116011872
2013-07-23,22.58998167190298,22.647033840437217,22.313901507576293,22.418827056884766,81746172
2013-07-24,22.504650512963856,22.580056470762766,22.341927915803215,22.396499633789062,83056860
2013-07-25,22.172511064468704,22.246429133381575,21.979278214004562,22.01946258544922,119923956
2013-07-26,22.00185180847048,22.076267101137372,21.878073357054248,21.961172103881836,71036892
2013-07-29,21.95000974197807,22.196074969775527,21.850540426402496,21.8847713470459,75600324
2013-07-30,21.963898929892572,22.215669930602164,21.85004416267799,22.099334716796875,70153776
2013-07-31,22.1506819275812,22.237994785204226,21.981760105357452,22.020702362060547,86853060
2013-08-01,22.200540979503508,22.43743122631176,22.200540979503508,22.429244995117188,85450464
2013-08-02,22.409892945926902,22.4982002456764,22.344904112321192,22.487533569335938,68487444
2013-08-05,22.458265352687956,22.461490689678808,22.304721540430034,22.448591232299805,52335612
2013-08-06,22.440901975241612,22.56542342494624,22.218648656518543,22.239484786987305,60183756
2013-08-07,22.20153191470612,22.286118552840772,22.053941550328485,22.092639923095703,55112832
2013-08-08,22.21269539828585,22.22137696184084,21.959682269488603,22.14249610900879,59460480
2013-08-09,22.09040396002701,22.213437516001893,22.076513837007397,22.086685180664062,52895052
2013-08-12,21.99961797513598,22.00209842175332,21.869390746556988,21.965139389038086,55024920
2013-08-13,21.997881915566932,22.039306507479576,21.734204018188258,21.859468460083008,56735208
2013-08-14,21.788032293245372,21.834170114811222,21.509967031071803,21.575700759887695,83204712
2013-08-15,21.44249491028751,21.454401809230177,21.282750002989882,21.32392692565918,74693232
2013-08-16,21.364112957470585,21.39288575981068,21.246535629766196,21.255714416503906,66936996
2013-08-19,21.27555776758696,21.630021522218847,21.269108984634098,21.472509384155273,72363564
2013-08-20,21.53948234164921,21.632750531266947,21.42016946429357,21.46680450439453,49270680
2013-08-21,21.596536212475176,21.751815575681956,21.493593895421018,21.563793182373047,70221708
2013-08-22,21.64738745651695,21.698238508286348,21.586616507783802,21.672441482543945,34761204
2013-08-23,21.774633897501463,21.778849900003365,21.574209297846043,21.58561897277832,43040916
2013-08-26,21.58041323412461,21.701957010030057,21.482431810707293,21.49086570739746,42057900
2013-08-27,21.322938804982893,21.424886685605202,21.03222362058833,21.08803367614746,69294636
2013-08-28,21.09051505199122,21.21850761937177,21.02899732451713,21.0483455657959,53142804
2013-08-29,21.061241975878037,21.341787677838845,21.049336966239668,21.219003677368164,59080860
2013-08-30,21.22718864609693,21.28374358795437,20.974177407079896,21.007415771484375,74389536
2013-09-03,21.1924614265028,21.485904690215442,21.182290082873248,21.341787338256836,81822096
2013-09-04,21.341043088421632,21.667231282305902,21.212555193162387,21.620845794677734,81566352
2013-09-05,21.667234074128285,21.82548924075508,21.620351356768786,21.81755256652832,51600348
2013-09-06,21.888986965977786,21.922227219826677,21.673182435430093,21.81804656982422,62401536
2013-09-09,21.9209865092294,22.070314322807487,21.888493034114294,22.02814483642578,49334616
2013-09-10,22.077009799299923,22.126123396031495,21.927682005095477,22.043521881103516,51452496
2013-09-11,22.04029882172836,22.249405001888853,21.97927643395721,22.230056762695312,64359576
2013-09-12,22.260073711167117,22.272477836604267,22.076766411344636,22.152420043945312,43776180
2013-09-13,22.188140529960766,22.21740866957312,21.94852217075344,22.053447723388672,52962984
2013-09-16,22.230304144635195,22.250147716647657,21.94926312802231,22.02094841003418,53406540
2013-09-17,22.012266326829135,22.036575458203338,21.853266306787,21.98002052307129,50325624
2013-09-18,21.985977071408023,22.42304238352144,21.904615769795424,22.406919479370117,77310612
2013-09-19,22.473147533947643,22.473147533947643,22.210462180546063,22.28462791442871,63852084
2013-09-20,22.284626594208586,22.427008384555815,22.21591709086127,22.40170669555664,173638188
2013-09-23,22.229065276430077,22.364003843041527,21.957448805615307,21.989696502685547,71024904
2013-09-24,21.989696901450642,22.078994873153754,21.863190338697024,21.998130798339844,59412528
2013-09-25,21.99094057967427,21.99094057967427,21.71932595184646,21.75975799560547,65894040
2013-09-26,21.786298779616377,21.896682460008904,21.70444213230443,21.7830753326416,50345604
2013-09-27,21.69997226660861,21.766948108178212,21.61290896620434,21.73891830444336,50301648
2013-09-30,21.557593578935307,21.84930130941783,21.538493004055596,21.727012634277344,68827104
2013-10-01,21.834664158231103,22.018718209927346,21.82970326507269,22.002098083496094,67324608
2013-10-02,21.89618219821372,22.060640360405642,21.77438885583815,22.026657104492188,59752188
2013-10-03,22.02690422434804,22.178215258354804,21.632503735340215,21.731475830078125,84595320
2013-10-04,21.70443804499611,21.766698769795315,21.580413819089618,21.63870620727539,54265680
2013-10-07,21.517160039570403,21.679385409703364,21.434310852791157,21.474742889404297,51692256
2013-10-08,21.46432597421588,21.480696544138667,21.124742993687903,21.17534637451172,77670252
2013-10-09,21.2400847652378,21.398092222542235,20.910177838612643,21.229665756225586,105945948
2013-10-10,21.42761496947572,21.551391529236003,21.33757210691725,21.53675651550293,90121788
2013-10-11,21.481936073659426,21.666733125973984,21.463828057299995,21.62977409362793,56299644
2013-10-14,21.497565750347455,21.735446651758117,21.466062941183814,21.73197364807129,49694256
2013-10-15,21.723290901361437,21.968115906231095,21.679633526963187,21.87832260131836,63612324
2013-10-16,21.974070102226356,22.283140955832906,21.927932279561585,22.275699615478516,80223696
2013-10-17,22.150679894062264,22.24766686296549,21.970594187709285,22.046499252319336,170093736
2013-10-18,24.224135532760606,25.188558485080303,24.160139255546813,25.088096618652344,462193344
2013-10-21,25.089338319115754,25.27637004983831,24.793909933442347,24.886930465698242,144986868
2013-10-22,24.929099330768988,25.127538857709627,24.700644884812803,24.978708267211914,88255656
2013-10-23,24.829881262258066,25.667052918309345,24.820702474038875,25.584203720092773,106421472
2013-10-24,25.595610010722257,25.81141454217349,25.420237516114884,25.438840866088867,83600316
2013-10-25,25.519959242500875,25.519959242500875,25.071484193242632,25.182113647460938,81138780
2013-10-28,25.182111620167884,25.38625693947876,25.12729223066299,25.17715072631836,46301652
2013-10-29,25.278845954405412,25.72136932011671,25.139939063434422,25.70400619506836,64135800
2013-10-30,25.733531244934866,25.735516358884613,25.45000970829314,25.559646606445312,52911036
2013-10-31,25.522682723543934,25.834978900282593,25.399649165450757,25.56361198425293,65534400
2013-11-01,25.593624547905954,25.698052855754966,25.427676630791122,25.475799560546875,51280668
2013-11-04,25.586428508492542,25.608009526522796,25.351525318896293,25.452730178833008,45506448
2013-11-05,25.309854365519577,25.590150494892274,25.237174635442653,25.338876724243164,47208744
2013-11-06,25.440085097275862,25.47481135345075,25.186328954524914,25.369388580322266,36479484
2013-11-07,25.36591612624096,25.39865915753993,24.994582662213407,25.002273559570312,67116816
2013-11-08,25.022116697089537,25.263965921629556,25.01591558035141,25.20269775390625,51580368
2013-11-11,25.040970868869955,25.200218579681138,25.003514609412846,25.067758560180664,44459496
2013-11-12,24.99607181640856,25.240649152333674,24.929097865562532,25.09727668762207,48675276
2013-11-13,24.97250931552932,25.61992106790913,24.96630819840572,25.61049461364746,63112824
2013-11-14,25.646461604261756,25.79107429462502,25.557906631564116,25.678955078125,46621332
2013-11-15,25.670026645975277,25.7476672774188,25.556914869156067,25.637531280517578,51000948
2013-11-18,25.691855752196677,26.01407373632531,25.53037526028267,25.587675094604492,70317612
2013-11-19,25.5918925045273,25.667052694531957,25.376832836721995,25.430164337158203,45218736
2013-11-20,25.547983082652852,25.632567822303503,25.310102209121265,25.358470916748047,38509452
2013-11-21,25.47480832827329,25.75535402013481,25.450003862522514,25.65018081665039,43628328
2013-11-22,25.634059076262464,25.702273255785464,25.52987841711735,25.596107482910156,50117832
2013-11-25,25.726826380115046,26.124452165768027,25.673744446558025,25.944366455078125,64455480
2013-11-26,26.010597760034607,26.33058292732685,25.870201082250652,26.253934860229492,91360548
2013-11-27,26.343730059078432,26.49181574310014,26.293376237862084,26.370519638061523,44899056
2013-11-29,26.346957445950007,26.45758688319453,26.279733936138953,26.283206939697266,47664288
2013-12-02,26.38044679074799,26.450891865239925,26.06418222883852,26.156455993652344,54873072
2013-12-03,26.068892260471326,26.378708000171986,26.02101888193612,26.126192092895508,66976956
2013-12-04,26.07931007327464,26.392101601151104,26.04532681752761,26.248233795166016,47616336
2013-12-05,26.22392111732596,26.284943508237742,26.07236431387297,26.22739601135254,45302652
2013-12-06,26.5362228772096,26.541431437805883,26.29536428867749,26.538206100463867,57094848
2013-12-09,26.565985720632014,26.846779101206003,26.492313426600102,26.74334144592285,59244696
2013-12-10,26.693979946524866,27.09482921605162,26.68157582219288,26.905071258544922,74081844
2013-12-11,26.973036075992578,27.070272614223818,26.669671008308594,26.722257614135742,68403528
2013-12-12,26.778812014204778,26.86240609351994,26.516623880644392,26.540435791015625,63796140
2013-12-13,26.67537726707295,26.69745173123151,26.241040064915133,26.312973022460938,86409504
2013-12-16,26.39259636042814,26.65776215030254,26.343233204672803,26.615345001220703,64015920
2013-12-17,26.61137897557086,26.808330610858015,26.50124486890402,26.53795623779297,61366572
2013-12-18,26.587315786895896,26.912263749726364,26.269563388024146,26.907302856445312,88323588
2013-12-19,26.80857752897249,27.086892348965875,26.766657601088614,26.943767547607422,66561372
2013-12-20,26.995364570982108,27.3146049066484,26.987921339382076,27.300962448120117,130333536
2013-12-23,27.480051441039382,27.677498395549573,27.41258215845174,27.66013526916504,68795136
2013-12-24,27.65691005250457,27.66360839277545,27.486500343598046,27.57927131652832,29338632
2013-12-26,27.63310021476987,27.756876779944886,27.501137418844774,27.718677520751953,53458488
2013-12-27,27.781680078473258,27.78862419446238,27.606555258415373,27.74199104309082,62725212
2013-12-30,27.790115984358906,27.79408432100882,27.509322608504338,27.520235061645508,49394556
2013-12-31,27.58919475976519,27.80648719186295,27.440859504554457,27.799293518066406,54261684
2014-01-02,27.66906578108218,27.725870280159363,27.490469834539372,27.61102294921875,72783144
2014-01-03,27.657655365503913,27.705528742566262,27.407869469806318,27.409605026245117,66601332
2014-01-06,27.608295469420682,27.75340349770111,27.445325199257937,27.7152042388916,70701228
2014-01-07,27.905706996818097,28.27009446129408,27.810455571384455,28.2495059967041,102001896
2014-01-08,28.426610804845314,28.459353833076978,28.111338869694084,28.308290481567383,89610300
2014-01-09,28.363111101024973,28.38245934085194,27.919597037193785,28.03568458557129,83296620
2014-01-10,28.25496227532636,28.25496227532636,27.837491008011668,28.034196853637695,85654260
2014-01-13,27.942168320772243,28.449183323099184,27.711481117192054,27.855600357055664,96659244
2014-01-14,28.226929490828223,28.55063721625881,27.982352169074154,28.510948181152344,99204696
2014-01-15,28.600000489997623,28.64985898127444,28.371793721206824,28.491601943969727,77929992
2014-01-16,28.503511545050312,28.722539547427324,28.476226628688877,28.680124282836914,67288644
2014-01-17,28.695749661369373,28.78951320160385,28.381967454770802,28.538982391357422,107943948
2014-01-21,28.79695212969703,28.873104868566248,28.55808057431848,28.865663528442383,79116804
2014-01-22,28.937844553820927,28.96959502628575,28.745606162659328,28.898405075073242,62793144
2014-01-23,28.77388483346722,28.83564833401931,28.634231147747375,28.776365280151367,77886036
2014-01-24,28.550887404211057,28.613893020405396,27.856097631918576,27.876686096191406,155544300
2014-01-27,27.932992987818956,27.942914774689342,26.845785967081195,27.316089630126953,173969856
2014-01-28,27.541569487726118,27.924312642098553,27.5321430335544,27.856346130371094,88319592
2014-01-29,27.75985358695114,27.825090092603638,27.271194234490665,27.457231521606445,95100804
2014-01-30,28.401811209281867,28.587600843731188,27.961520535447622,28.163433074951172,203452344
2014-01-31,29.055420629575625,29.432210304488525,28.553861842098236,29.29404640197754,222429348
2014-02-03,29.250140858839682,29.312649247319584,28.079589374989016,28.11481285095215,182581236
2014-02-04,28.22792169399914,28.64985660930482,28.20361445263428,28.232139587402344,112363524
2014-02-05,28.361624221187554,28.544933391813966,27.980618532824444,28.357158660888672,95684220
2014-02-06,28.553862130213336,28.77785289161131,28.46505949296202,28.772891998291016,77786136
2014-02-07,28.96314673363426,29.217893517289244,28.78777424190084,29.206483840942383,105342552
2014-02-10,29.066584240939925,29.32951916108687,28.997627064450523,29.094615936279297,77730192
2014-02-11,29.274201097347895,29.56441900824348,29.07675226323536,29.522499084472656,81949968
2014-02-12,29.493228169346256,29.518032633481482,29.304213237117036,29.435928344726562,68911020
2014-02-13,29.288588260823712,29.763607025146484,29.261551014406407,29.763607025146484,73382544
2014-02-14,29.657192494535103,29.87498214270095,29.587490429823536,29.835540771484375,87380532
2014-02-18,29.801063643742694,30.08533003359937,29.766087831105285,30.035966873168945,84271644
2014-02-19,29.89755565856343,29.994792200050814,29.70407513244589,29.824132919311523,84059856
2014-02-20,29.84397099107746,29.9369896214157,29.771540822038446,29.868032455444336,67963968
2014-02-21,29.959814868415695,30.01091358342017,29.836533641243435,29.860097885131836,74417508
2014-02-24,29.899041241584793,30.26615680010264,29.892592458387135,30.076398849487305,66905028
2014-02-25,30.161478422022114,30.373809946156868,30.024554743774985,30.262187957763672,57490452
2014-02-26,30.36140886147077,30.482457307824593,30.107405068312755,30.26640510559082,79208712
2014-02-27,30.222254873553837,30.367117132674853,30.18802394989325,30.242595672607422,50349600
2014-02-28,30.270622556037633,30.366121643627604,29.92037478877315,30.154287338256836,92451456
2014-03-03,29.93352280401523,29.96056005170009,29.571118568544797,29.832813262939453,84107808
2014-03-04,30.13816188774217,30.16296635395653,30.001735432978894,30.135929107666016,58649292
2014-03-05,30.13940081261786,30.338587095724677,30.049110290786228,30.219024658203125,49362588
2014-03-06,30.318744856177126,30.414741171431242,30.227461767918612,30.25251579284668,50673276
2014-03-07,30.43086439658184,30.43557762362717,30.049858692614208,30.13295555114746,60543396
2014-03-10,30.155280874254107,30.203651479613438,29.867541470178736,30.053085327148438,48535416
2014-03-11,30.107652495789495,30.121294952596045,29.68274176827715,29.765838623046875,68451480
2014-03-12,29.67678828405623,29.960806992313362,29.37391855907763,29.94716453552246,78493428
2014-03-13,29.963290515669446,30.02654380332473,29.388061257158597,29.494722366333008,93730176
2014-03-14,29.319347810540716,29.539617911814865,29.08469225234397,29.091388702392578,91664244
2014-03-17,29.25138252202759,29.69340871382992,29.223103160780653,29.570127487182617,86397516
2014-03-18,29.633878917386113,30.052093238577164,29.59394220902054,30.045394897460938,72527400
2014-03-19,30.058785915307357,30.063499142037884,29.627426413787134,29.747482299804688,64451484
2014-03-20,29.764845403249794,30.00446373258984,29.65099063391724,29.695640563964844,67320612
2014-03-21,29.92260651669878,30.004958477779194,29.33075721418533,29.34539222717285,128211660
2014-03-24,29.373919963264054,29.391530757482755,28.42537403881962,28.722537994384766,121362516
2014-03-25,28.922715177326477,29.017966604140177,28.451420827494125,28.742136001586914,96311592
2014-03-26,28.823739646195534,29.06087751871427,28.066938772653497,28.078596115112305,103096800
2014-03-27,28.05081399026221,28.077851235569803,27.337668597266454,27.639795303344727,152735112
2014-03-28,27.756875270474644,28.108860486572905,27.72636501997569,27.785402297973633,90265644
2014-03-31,28.0396549165767,28.15375735954529,27.604325161256618,27.6455020904541,77614308
2014-04-01,27.788379581425744,28.215770778089617,27.7320723042055,28.151031494140625,87152760
2014-04-02,28.32491271202694,28.396847556634103,27.880901410931756,28.156238555908203,83360556
2014-04-03,28.417517734476263,29.15646592874342,28.05176147180395,28.323848724365234,80366000
2014-04-04,28.673249317570015,28.731235434974284,26.985218253769972,27.022884368896484,107274000
2014-04-07,27.000084902261314,27.250861475715258,26.29335229749798,26.793912887573242,79232000
2014-04-08,27.012967844494348,27.747949472726354,26.99562173433605,27.630491256713867,69650000
2014-04-09,28.04333397648029,28.14047220516956,27.524930050414063,28.102806091308594,60632000
2014-04-10,28.15038504105742,28.160792708602454,27.035272942586605,27.094249725341797,65890000
2014-04-11,26.6605902318923,27.13884941051561,26.43558614196232,26.651670455932617,63494000
2014-04-14,26.94408001999422,27.40796512819876,26.788458463638623,27.020402908325195,50824000
2014-04-15,27.307855740511403,27.40152663975115,26.298803532528257,27.193866729736328,79956000
2014-04-16,27.639912613643514,27.952144536295094,27.411934589744998,27.947187423706055,91644000
2014-04-17,27.571518608747883,27.605220167980676,26.732953636539527,26.92822265625,112294000
2014-04-21,26.96093411760256,26.96093411760256,26.46532872493034,26.731468200683594,48502000
2014-04-22,26.564445243771168,27.159172024873218,26.564445243771168,27.03527069091797,46622000
2014-04-23,26.944577603315423,27.000580496229723,26.17440643012375,26.639284133911133,39114000
2014-04-24,26.8464442232807,26.886588889854863,26.316642009688746,26.487131118774414,41348000
2014-04-25,26.379092191469766,26.458388974763047,25.895380489971636,25.92511749267578,47400000
2014-04-28,26.058929920544102,26.063885142131845,25.32543234699088,25.91916847229004,75056000
2014-04-29,25.964268222034914,26.651673345369623,25.920158998745965,26.580801010131836,50704000
2014-04-30,26.52083339229714,26.581296169751923,26.221983055515626,26.50893783569336,40770000
2014-05-01,26.477712922059872,26.758226461154162,26.408823815225,26.68983268737793,40086000
2014-05-02,26.83405651965063,26.881634965905068,26.429146283967345,26.45888328552246,35616000
2014-05-05,26.278976020613342,26.550567906427474,26.147145578249212,26.531240463256836,24568000
2014-05-06,26.436085520299148,26.49258563588747,25.883486598254304,25.898849487304688,36700000
2014-05-07,25.932553059050107,25.991034511658782,25.329897086344296,25.672359466552734,61486000
2014-05-08,25.559357284761234,26.13574727956379,25.496911285665448,25.7799015045166,49040000
2014-05-09,25.704571415094637,26.135747525226193,25.487991748559477,26.099567413330078,45224000
2014-05-12,26.358275166215954,26.700739415991322,26.14367870562977,26.684879302978516,38968000
2014-05-13,26.741873919602728,26.9604349289878,26.658612582694126,26.839012145996094,40240000
2014-05-14,26.852889445377784,26.852889445377784,26.42121797483916,26.485647201538086,25618000
2014-05-15,26.42270425812783,26.465327484499966,26.034644784988874,26.22347068786621,36658000
2014-05-16,26.247260055053534,26.308715393443666,25.948409698031973,26.182832717895508,38154000
2014-05-19,26.2115755909922,26.730474823103464,26.05199136647355,26.704702377319336,39530000
2014-05-20,26.762685514612453,27.077394040195784,26.592693642174915,26.782014846801758,48506000
2014-05-21,26.906417363917463,27.245905849715527,26.867263357964966,27.24342918395996,31294000
2014-05-22,27.3673244936391,27.652793244203295,27.307850498107804,27.52839469909668,42994000
2014-05-23,27.661223213214527,28.001704248786456,27.464963526154584,27.942232131958008,53450000
2014-05-27,28.139479797193523,28.490863800048828,27.959575573887246,28.490863800048828,43716000
2014-05-28,28.475995473599347,28.62913658103685,28.247024921478868,28.271804809570312,31632000
2014-05-29,28.417518531830694,28.421978420841732,28.17268972002891,28.27726173400879,28222000
2014-05-30,28.330786328857407,28.377372220665947,28.040855748187017,28.331281661987305,37434000
2014-06-02,28.237114917262364,28.269825809085276,27.59034976463057,27.968992233276367,33210000
2014-06-03,27.79850523142567,27.872846793032426,27.383682645088594,27.481813430786133,40626000
2014-06-04,27.3336279004299,27.68352593101389,27.186927998319582,27.444643020629883,34582000
2014-06-05,27.61066966007904,28.001703017583342,27.508576210619626,27.998233795166016,35868000
2014-06-06,28.158318021336893,28.19003635933345,27.733087730928226,28.052753448486328,34804000
2014-06-09,28.088434252927307,28.348627831063137,28.012606691043132,28.285686492919922,30594000
2014-06-10,28.189040017912284,28.34862613397464,28.057704903879515,28.165252685546875,29676000
2014-06-11,28.047300414558414,28.198460213272032,27.936285288605195,28.125606536865234,22580000
2014-06-12,28.10082427430748,28.10082427430748,27.61265269248862,27.7291202545166,30930000
2014-06-13,27.757864400107493,27.78611351206495,27.44266049883035,27.7712459564209,27066000
2014-06-16,27.617609984988178,27.654285434718496,27.25829682848291,27.372285842895508,39436000
2014-06-17,27.37525767237405,27.443651453991805,27.132907438019323,27.28902244567871,29552000
2014-06-18,27.39706607485203,27.823287023956663,27.336603289533656,27.78661346435547,41212000
2014-06-19,27.810893559727155,28.001700777415298,27.588861452196685,28.001205444335938,52548000
2014-06-20,28.073564774318903,28.0894229957593,27.722676102061563,28.07703399658203,63212000
2014-06-23,27.969488595587976,28.469553833905582,27.927360704012337,28.462120056152344,34456000
2014-06-24,28.458650433721772,28.856620329152676,28.20787387313806,28.375389099121094,56886000
2014-06-25,28.42544633354473,29.10690373081734,28.411074110272395,29.039005279541016,42294000
2014-06-26,29.20602467895969,29.22089223511014,28.72528686386098,28.981515884399414,40248000
2014-06-27,29.015215496101916,29.13564761620687,28.874960598029574,29.027111053466797,40426000
2014-06-30,29.080140026087932,29.127223141202823,28.908164902280078,28.976558685302734,29578000
2014-07-01,29.12425183198343,29.422111547707313,29.056850599825353,29.314563751220703,32864000
2014-07-02,29.352722151194932,29.44639115024502,29.196605262193817,29.27937126159668,23916000
2014-07-03,29.32496826356699,29.45134815981616,29.191156479990706,29.393362045288086,17978000
2014-07-07,29.41467548943644,29.52073349702614,29.138621798071153,29.278383255004883,26734000
2014-07-08,29.060809413965863,29.140106188862752,28.44774588037591,28.66581153869629,42504000
2014-07-09,28.693073427555284,28.948309893320737,28.596430530626318,28.91163444519043,27456000
2014-07-10,28.398185858471034,29.00530353976441,28.353581301847786,28.747093200683594,28724000
2014-07-11,28.794667839467447,29.152992158490267,28.77385250713426,29.07468605041504,30232000
2014-07-14,29.270454927832933,29.48158217299026,29.076671905066636,29.451845169067383,39032000
2014-07-15,29.495953472812804,29.503387250914592,29.0082772110231,29.392372131347656,33476000
2014-07-16,29.58218834128668,29.587640786806585,29.253107542212156,29.27144432067871,28816000
2014-07-17,29.189667102909084,29.21593488140364,28.588994435014047,28.785749435424805,58706000
2014-07-18,29.885495877886974,30.068373984624223,29.28630922495823,29.989574432373047,97432000
2014-07-21,29.80322939334533,29.942495521744483,29.461262353736426,29.65900993347168,44758000
2014-07-22,29.72145587439448,30.17691659304478,29.69964798186353,29.913253784179688,37632000
2014-07-23,29.837920143137914,30.085722810986578,29.80322603030153,29.993539810180664,22120000
2014-07-24,30.010393858525404,30.1779072097728,29.78588316502025,29.885499954223633,27100000
2014-07-25,29.699150894297205,29.785881454397636,29.525689774096346,29.641164779663086,27200000
2014-07-28,29.624810435306784,29.790837773159836,29.369076759871582,29.68775177001953,27162000
2014-07-29,29.62233157206936,29.661483683298833,29.34826112171001,29.436479568481445,27332000
2014-07-30,29.528663146667185,29.659502929496128,29.374529473651908,29.510324478149414,24302000
2014-07-31,29.189176393929532,29.33934552998505,28.63013430412286,28.72281265258789,46190000
2014-08-01,28.67324732160832,28.915102218373733,28.264372529395953,28.42792320251465,44266000
2014-08-04,28.57214382926027,28.934430832277677,28.361511938695934,28.85761260986328,30388000
2014-08-05,28.714382675416477,28.755022677169872,28.264867881180518,28.40512466430664,32876000
2014-08-06,28.22472709462937,28.677709252573514,28.123127083077073,28.472034454345703,26456000
2014-08-07,28.549347081033396,28.661354756638495,28.221256946560736,28.339210510253906,23260000
2014-08-08,28.349617010063444,28.723304244855928,28.200935783464917,28.643014907836914,29866000
2014-08-11,28.695554329123347,28.729751223808663,28.512178964068756,28.608821868896484,24068000
2014-08-12,28.497307652070976,28.54191220923672,28.24504508829431,28.35457420349121,27890000
2014-08-13,28.569173009531728,29.04891828722069,28.507222335616685,28.97110939025879,37988000
2014-08-14,29.076667730552348,29.131679951031675,28.790703628791356,28.97556495666504,25458000
2014-08-15,29.116815108047145,29.214448668929702,28.782777198893086,28.928979873657227,34468000
2014-08-18,29.096989212401343,29.490996442900578,29.069730767309633,29.374528884887695,29320000
2014-08-19,29.517755930622883,29.627780370724565,29.46076237829445,29.593088150024414,20864000
2014-08-20,29.585159633287347,29.587142856188958,29.389395303646634,29.50883674621582,19346000
2014-08-21,29.483561681596633,29.500907792386794,29.29523112831471,29.36065101623535,22640000
2014-08-22,29.402776349279282,29.488020902053506,29.230801244518602,29.36659812927246,17544000
2014-08-25,29.47711807668748,29.51726085208138,29.20403830635609,29.268962860107422,25912000
2014-08-26,29.339836157774315,29.342314713808502,29.11433482327114,29.147541046142578,29434000
2014-08-27,29.132174947173755,29.209490389145113,28.789712629674455,28.893789291381836,27292000
2014-08-28,28.74610352926141,28.978543336367277,28.640043627037414,28.76097297668457,28116000
2014-08-29,28.86158047251337,28.888838920477763,28.657887003091012,28.862075805664062,24122000
2014-09-02,28.891312997918533,29.206023454191513,28.86405644298054,29.17281723022461,31660000
2014-09-03,29.3264576048532,29.463245175064944,29.067256578432364,29.216928482055664,31580000
2014-09-04,29.346278585356437,29.637197911475614,29.270451031502162,29.396333694458008,32616000
2014-09-05,29.494959980946664,29.661977977425654,29.416653870646204,29.62629508972168,35982000
2014-09-08,29.693698324017866,29.91077332138611,29.63818887873678,29.817102432250977,31984000
2014-09-09,29.74970172516155,29.7660571701196,29.26450405569113,29.338348388671875,31424000
2014-09-10,29.326952131085143,29.42508291719321,29.098974114061217,29.410213470458984,23202000
2014-09-11,29.240714554085503,29.33735744246667,29.044454888215157,29.295726776123047,30028000
2014-09-12,29.26004229969398,29.314061962040338,28.907665763578546,28.98795509338379,37030000
2014-09-15,28.85612442274827,28.939385755694733,28.59692342346823,28.82638931274414,30908000
2014-09-16,28.792194493307704,29.248150524931308,28.792194493307704,29.180252075195312,31592000
2014-09-17,29.216430537428163,29.54154676360665,29.097981647516587,29.40376853942871,34390000
2014-09-18,29.490996366708714,29.61539303514474,29.39038703044482,29.60102081298828,29890000
2014-09-19,29.711045647720223,30.003948211669922,29.625305756173347,30.003948211669922,83832000
2014-09-22,29.86022181665477,29.924651040394572,29.395344142585603,29.60102081298828,35644000
2014-09-23,29.48851746634877,29.570292800457874,29.252608464511532,29.299196243286133,28074000
2014-09-24,29.318525849444054,29.741772855321788,29.255582625146634,29.65801429748535,35160000
2014-09-25,29.587142975424946,29.640667306972876,28.980025317377105,29.00530242919922,33420000
2014-09-26,29.039003193693677,29.219404643096734,28.99291263778882,29.136638641357422,25782000
2014-09-29,28.835803675862035,29.20651699981042,28.822919344133243,29.13217544555664,22874000
2014-09-30,29.11631960113076,29.290276054217447,28.96813370418919,29.161914825439453,31430000
2014-10-01,29.082120860419895,29.177277749084865,28.64697830765435,28.72677230834961,28954000
2014-10-02,28.645989556751275,28.905687795019354,28.45022521181414,28.788724899291992,30726000
2014-10-03,28.948309653003125,29.15596766827684,28.918572650123973,29.05486488342285,24290000
2014-10-06,29.238237421610844,29.35966209494261,29.01273796793715,29.130691528320312,25722000
2014-10-07,28.98795622587956,29.035037446051312,28.452701568603516,28.452701568603516,30914000
2014-10-08,28.486902458878742,28.977552630309862,28.132544526896414,28.930469512939453,44158000
2014-10-09,28.82490276479866,28.870497988689447,28.201431514268656,28.289649963378906,48234000
2014-10-10,28.12412002064337,28.50870839856986,27.5065946127058,27.51551628112793,59574000
2014-10-13,27.512541568279833,27.79751503851234,26.98224396550276,26.99810218811035,55116000
2014-10-14,27.26523382469037,27.686002300290014,26.985712804071515,27.193370819091797,52198000
2014-10-15,26.865775979742928,26.956966430066004,26.188778484910646,26.798870086669922,76720000
2014-10-16,26.11840178753422,26.811752795859924,26.016801785387127,26.610042572021484,76100000
2014-10-17,26.78499130950722,26.9336744329489,25.692677785077105,25.91867446899414,119930000
2014-10-20,25.793778907068397,26.423695136836134,25.728856241259436,26.38503646850586,54964000
2014-10-21,26.627388210257852,26.70172787556218,26.276994878225526,26.665054321289062,49190000
2014-10-22,26.81472753355207,27.29596066650507,26.774087531407208,26.896007537841797,59474000
2014-10-23,27.17305046721393,27.625043829795015,27.03527223647785,27.439191818237305,43026000
2014-10-24,27.50511006945883,27.50610073580778,27.018424429105462,27.203781127929688,43508000
2014-10-27,27.147278704515283,27.456536710248695,27.11952492635339,27.25234603881836,31934000
2014-10-28,27.343042079208104,27.714248849059093,27.2796035237962,27.701364517211914,34774000
2014-10-29,27.796026289988596,28.00021696972256,27.554666720550827,27.677082061767578,41066000
2014-10-30,27.66716846636712,27.877800357618927,27.36385824047102,27.76728057861328,32250000
2014-10-31,28.165254438042158,28.186565106227384,27.99228675514666,28.14394187927246,46810000
2014-11-03,27.928848826288515,28.10825772240772,27.834682599072348,27.94074249267578,30834000
2014-11-04,27.811392060381575,27.991296299061172,27.669649269585996,27.961559295654297,27726000
2014-11-05,28.090416725281454,28.095867280160018,27.463971578208284,27.553180694580078,32906000
2014-11-06,27.53087644530625,27.595305669306143,27.287038329006304,27.342050552368164,33014000
2014-11-07,27.535833469088985,27.535833469088985,27.22608013048569,27.348493576049805,31782000
2014-11-10,27.377239746373736,27.78512197221511,27.33858107797969,27.66617774963379,26090000
2014-11-11,27.68055005577141,27.877800391344746,27.56755172056699,27.817832946777344,21966000
2014-11-12,27.81089749616842,27.81585271824766,27.530879238785673,27.667171478271484,21882000
2014-11-13,27.794044735080185,27.794540068194348,27.460997495674764,27.577465057373047,30220000
2014-11-14,27.65478051916798,27.65478051916798,27.382693264599684,27.51551628112793,28502000
2014-11-17,27.515514434685095,27.515514434685095,26.98273829546411,27.091772079467773,33612000
2014-11-18,27.155702609467607,27.3965668312125,26.951018499585413,26.9862060546875,36440000
2014-11-19,26.998103133788295,27.17007826633542,26.72254665519227,27.11952781677246,30346000
2014-11-20,26.86626964365613,27.029323089347457,26.837029866381364,26.94903564453125,35016000
2014-11-21,27.30984005562128,27.30984005562128,27.010494348114023,27.054603576660156,50120000
2014-11-24,27.088303885300878,27.317272571698517,26.968367096461147,27.133403778076172,33076000
2014-11-25,27.120020713344385,27.38219561097631,27.105153157818638,27.22013282775879,38072000
2014-11-26,27.220133568266196,27.25234723630979,27.0218906664694,27.14579200744629,29604000
2014-11-28,27.109611983194405,27.238468537394354,26.984719984273553,27.212697982788086,24202000
2014-12-01,27.014952850997783,27.19832820113651,26.694296490697372,26.745344161987305,39888000
2014-12-02,26.735429483813252,26.854375595351772,26.49803448440839,26.692808151245117,41480000
2014-12-03,26.63878990684088,26.832571041006897,26.52529622632887,26.61252212524414,32476000
2014-12-04,26.645727535624623,26.896008781095087,26.509435300322767,26.89055633544922,32598000
2014-12-05,26.5991380655245,26.673479623806887,26.131288387551994,26.171926498413086,61402000
2014-12-08,26.228425821441938,26.456403820445367,26.11840137722782,26.30326271057129,64566000
2014-12-09,26.06289304822468,26.59665980862511,25.94047771811007,26.569896697998047,43322000
2014-12-10,26.559492147794874,26.7309719404551,26.142688223633865,26.169946670532227,46222000
2014-12-11,26.26757974467325,26.615989878535405,26.225453742281783,26.37165641784668,41426000
2014-12-12,26.140206689636436,26.378097015899247,25.843834920603776,25.8463134765625,47314000
2014-12-15,25.957826985507324,26.037619103435144,25.543501615809003,25.5653076171875,52352000
2014-12-16,25.454289446059672,25.552418331087274,24.64100169360507,24.689075469970703,86998000
2014-12-17,24.773327613655034,25.22978082530127,24.73615683645133,25.099931716918945,72788000
2014-12-18,25.572739313037275,25.585625535795494,25.105383086764157,25.50484275817871,77534000
2014-12-19,25.622298715093876,25.81161992205721,25.219371747662137,25.77345848083496,97442000
2014-12-22,25.80171096937326,26.414279222541968,25.800718412560464,26.381072998046875,66390000
2014-12-23,26.49060348493542,26.876679746312202,26.45145137046085,26.701730728149414,57544000
2014-12-24,26.70420748556199,26.77706115448108,26.519841478408704,26.610538482666016,14754000
2014-12-26,26.61053954851775,26.923762127513992,26.539171876059445,26.838022232055664,22270000
2014-12-29,26.787469877133653,26.95746366856184,26.621937865008046,26.629371643066406,44300000
2014-12-30,26.512904611459582,26.655639959152886,26.44599871700518,26.528764724731445,20972000
2014-12-31,26.650681948192222,26.683392839905057,26.276996593181696,26.299795150756836,24648000
2015-01-02,26.395939382391216,26.55453482936228,26.162013603133126,26.244781494140625,26480000
2015-01-05,26.125837680596216,26.167468351017355,25.659969304037432,25.74471664428711,41182000
2015-01-06,25.796262035234687,25.831449596976153,25.055332453014135,25.10935401916504,54456000
2015-01-07,25.322957320689344,25.349718543930422,24.96116562266541,25.035505294799805,46918000
2015-01-08,24.855106702207085,25.151973850462305,24.533457771680816,25.12273406982422,73054000
2015-01-09,25.185675009581548,25.206490345136892,24.713363513265204,24.81595230102539,42000000
2015-01-12,24.742600854209794,24.79414385487283,24.32976151581034,24.634559631347656,57138000
2015-01-13,24.90763776348392,25.206488103596488,24.64447220299611,24.869476318359375,60958000
2015-01-14,24.801085509936147,25.18964034288116,24.68907971722886,25.07416343688965,52800000
2015-01-15,25.22086263679171,25.263483974305565,24.87988626492731,24.979007720947266,51068000
2015-01-16,24.936380935540083,25.31799725789734,24.933407046507735,25.298669815063477,49658000
2015-01-20,25.413156414301586,25.553908534036548,25.244650515231655,25.272899627685547,46796000
2015-01-21,25.317501831447743,25.863164147556414,25.255551166824418,25.79080581665039,46356000
2015-01-22,25.920159917266922,26.705198625022977,25.866140248941647,26.628875732421875,56068000
2015-01-23,26.665058472649633,27.03081474965578,26.552060121963816,26.85933494567871,45966000
2015-01-26,26.837031674172664,26.837031674172664,26.369675414714727,26.60013198852539,30932000
2015-01-27,26.33646881268687,26.40486259510123,25.814100334107508,25.830455780029297,39148000
2015-01-28,26.019279042838015,26.053475930577424,25.392338621727873,25.396303176879883,35822000
2015-01-29,25.419599601712203,25.533093275569083,24.952738682816666,25.435955047607422,79018000
2015-01-30,25.721920021898733,26.916328914102955,25.681280017677523,26.641267776489258,121108000
2015-02-02,26.481185043761325,26.589228161069897,25.856723125756513,26.376117706298828,75378000
2015-02-03,26.26411277765697,26.63631216743334,26.108988420819763,26.43063735961914,47062000
2015-02-04,26.42270460713762,26.601618178119182,26.020768238843896,26.07379913330078,33896000
2015-02-05,26.1644931353982,26.30128069732533,26.050999463764416,26.25865936279297,33176000
2015-02-06,26.317142975083556,26.773594364727582,26.200180071467173,26.459381103515625,42938000
2015-02-09,26.319618003565182,26.45937945754581,26.145661549000884,26.231401443481445,30314000
2015-02-10,26.373639197387053,26.81224910728996,26.22594863435518,26.770618438720703,47430000
2015-02-11,26.749310305467212,26.859334765847734,26.56444894496121,26.663570404052734,38306000
2015-02-12,26.745840209154945,27.17602570165822,26.614009750502426,27.060550689697266,48590000
2015-02-13,27.134889568269575,27.384180145322926,27.089789675842,27.315786361694336,47382000
2015-02-17,27.31578830143067,27.40697875902138,26.924259574302674,27.010990142822266,39174000
2015-02-18,26.95201191978484,27.13687327210888,26.740389343875744,26.894025802612305,31164000
2015-02-19,26.88510515311722,27.102675500805194,26.799860591400662,27.082355499267578,30834000
2015-02-20,27.138355721258126,27.138355721258126,26.66852284767661,26.851896286010742,38234000
2015-02-23,26.71312975703122,26.72799731289808,26.366205625657223,26.5148868560791,32906000
2015-02-24,26.343902371786925,26.73295250473786,26.316643925671908,26.695783615112305,28406000
2015-02-25,26.685373923290435,27.23698213426257,26.664061366781834,27.125967025756836,40836000
2015-02-26,27.047168696404526,27.760344430858236,27.014953136685282,27.718713760375977,54032000
2015-02-27,27.662212792492337,28.22076138546092,27.60670523355572,27.884244918823242,68328000
2015-03-02,28.10082595273629,28.54637433563121,27.910016819119566,28.498300552368164,50406000
2015-03-03,28.564215078954092,28.787237876778892,28.274286387074092,28.685144424438477,50526000
2015-03-04,28.59494086554753,28.825892759461063,28.374396638494353,28.662343978881836,37964000
2015-03-05,28.72627837068374,28.903704043502977,28.657389256847527,28.815982818603516,35918000
2015-03-06,28.844231222896845,28.882888000877376,28.35159977108657,28.393230438232422,37592000
2015-03-09,28.295098682366618,28.519607455470886,28.202420350678093,28.452701568603516,23478000
2015-03-10,28.174176457147933,28.23761502420325,27.744981607581646,27.746469497680664,40080000
2015-03-11,27.74398810435342,27.96106311808979,27.526417757496237,27.540294647216797,40524000
2015-03-12,27.67856749489871,27.84509016723533,27.532364823496174,27.811885833740234,35602000
2015-03-13,27.715737462308397,27.96998324250421,27.274649014316687,27.40697479248047,35428000
2015-03-16,27.601751715657258,27.93975420252426,27.3237166801049,27.835182189941406,36856000
2015-03-17,27.66915193887057,27.785619505199847,27.476858700786728,27.635452270507812,28892000
2015-03-18,27.641398082816263,28.076540677379196,27.431756842115977,28.059194564819336,35324000
2015-03-19,27.977913202163844,28.098840651094154,27.858968976251962,27.935787200927734,24660000
2015-03-20,28.08645149089933,28.105778934942602,27.975931709633382,27.999223709106445,44320000
2015-03-23,28.051263514638936,28.23166497553528,27.90555616938704,28.02004051208496,30234000
2015-03-24,28.1771481453736,28.83828553670261,28.154844920307802,28.623193740844727,79156000
2015-03-25,28.624678829587207,28.748580169878046,28.1008243560791,28.1008243560791,53070000
2015-03-26,27.98435838276919,28.110242953260673,27.670145125562403,27.934301376342773,49842000
2015-03-27,27.844596623489593,27.95561363609928,27.6017510440595,27.632478713989258,34552000
2015-03-30,27.766294576579114,27.860954259506435,27.59481476749816,27.810401916503906,24788000
2015-03-31,27.651802989420585,27.87532109785129,27.489740213804282,27.491228103637695,34932000
2015-04-01,27.49767425304637,27.679559825001952,27.061540987577295,27.233020782470703,38902000
2015-04-02,27.129935329601178,27.15917511000627,26.784497176444784,26.82761573791504,47760000
2015-04-06,26.705197113937185,27.03725366903417,26.549577448264817,26.958452224731445,33718000
2015-04-07,27.00999459430607,27.266221697644625,26.94061015203197,27.003551483154297,27318000
2015-04-08,27.06005543416627,27.332639930236926,27.06005543416627,27.200807571411133,28386000
2015-04-09,27.21914446189304,27.227073573432293,26.859334084969753,27.160165786743164,32366000
2015-04-10,27.236983642901645,27.250860532233496,27.009500968246964,27.185935974121094,26104000
2015-04-13,27.112091708806137,27.42035716412749,27.074920929261612,27.19089126586914,29326000
2015-04-14,27.088305589325163,27.088305589325163,26.55156484046162,26.751789093017578,47206000
2015-04-15,26.66158609041061,26.92078709831587,26.384541747207937,26.814231872558594,46962000
2015-04-16,26.68091241988719,27.021888749949863,26.66852342101884,26.93714141845703,31722000
2015-04-17,26.629369809158458,26.75277581006501,26.217523030295755,26.402877807617188,49234000
2015-04-20,26.4529357435101,27.05014110196821,26.433111075629512,26.987197875976562,38508000
2015-04-21,27.0754164165487,27.147774753032532,26.872218296543842,26.907405853271484,29128000
2015-04-22,26.914343053182524,27.307853051767484,26.828107831240505,27.217653274536133,31806000
2015-04-23,27.27861284026133,27.81188427515844,27.262257395692153,27.628013610839844,78184000
2015-04-24,28.74758854399547,28.978045104866734,28.167729307687242,28.430896759033203,92168000
2015-04-27,28.38678701678215,28.523077349711357,27.86788779183222,28.057209014892578,48062000
2015-04-28,27.968001409035093,28.14195975329,27.801478733304794,27.97047996520996,37178000
2015-04-29,27.77917434835811,28.043332464264424,27.704339348380156,27.82278823852539,33622000
2015-04-30,27.68253197332567,27.808911867134874,27.09573617574743,27.19733428955078,47240000
2015-05-01,27.28357080240002,27.31876025105877,26.953497441714816,27.315786361694336,36572000
2015-05-04,27.307360176230937,27.589855089800704,27.128941938063825,27.3990478515625,35260000
2015-05-05,27.266224904607288,27.3876495834528,26.880148647841473,26.913354873657227,28528000
2015-05-06,26.893530156141686,26.957464051403573,26.378100110151546,26.51885223388672,39034000
2015-05-07,26.559491512646844,27.02040465207109,26.43806872792071,26.863792419433594,31844000
2015-05-08,27.202292310885273,27.397064101020007,27.16066164152565,27.206256866455078,28226000
2015-05-11,27.183457565068586,27.425314354054915,27.04022878242837,27.049148559570312,21858000
2015-05-12,26.901952643020685,26.90938831122803,26.51488574885268,26.69974708557129,35282000
2015-05-13,26.785980607620715,26.95299859873402,26.712134388009595,26.737411499023438,24238000
2015-05-14,26.959445975096063,27.242933451899123,26.886592300673726,27.218647003173828,31736000
2015-05-15,27.27762491853992,27.288032586024844,26.886591552283566,27.08433723449707,33440000
2015-05-18,26.95200855581982,27.17602199457633,26.87419777930131,27.0932559967041,26706000
2015-05-19,27.159171917047694,27.426799251068747,27.115559918141255,27.222610473632812,47126000
2015-05-20,27.303885180110086,27.559121592733568,27.015442548772207,27.382686614990234,30840000
2015-05-21,27.26820373813723,27.635447823774303,27.223599185668828,27.59579849243164,34170000
2015-05-22,27.479335452033766,27.66667535936244,27.43770478164617,27.482309341430664,24266000
2015-05-26,27.386162043718617,27.4233328256654,26.909885995296193,27.11903190612793,37474000
2015-05-27,27.19287369609457,27.520468476591876,27.088797028871703,27.46892547607422,34844000
2015-05-28,27.44612856550457,27.543762120469044,27.29794267666079,27.465456008911133,23544000
2015-05-29,27.416889990553614,27.45356543973055,27.012476945654978,27.02635383605957,43446000
2015-06-01,27.195351784287432,27.286542227165988,26.94011534214336,27.219141006469727,33210000
2015-06-02,27.13092468898855,27.693933173798577,27.087310796471247,27.454059600830078,31842000
2015-06-03,27.511052664585776,27.65428333941674,27.36484999106376,27.520469665527344,26710000
2015-06-04,27.36633510831988,27.553675001960343,27.21467999425036,27.342050552368164,26866000
2015-06-05,27.35741786558133,27.423333094984812,27.1284472833847,27.235002517700195,24396000
2015-06-08,27.23896718115839,27.251853405319892,26.908893809106115,26.935161590576172,27336000
2015-06-09,26.93218362271599,27.002560621215338,26.705691630231847,26.86973762512207,30016000
2015-06-10,27.045184695899923,27.495194837500968,27.015944917009286,27.38715171813965,30316000
2015-06-11,27.480821018446964,27.497671796548282,27.217158237701096,27.260276794433594,25872000
2015-06-12,27.117047754564776,27.20129975954737,27.041715526969934,27.13290786743164,25468000
2015-06-15,26.897987767934385,26.963407657057292,26.723535990662835,26.91136932373047,27150000
2015-06-16,26.98471995051438,27.094247170684376,26.840498617881025,27.004047393798828,32526000
2015-06-17,27.031306990289004,27.17701432839109,26.852393428151306,27.08978843688965,24440000
2015-06-18,27.159173431076237,27.617608012329857,27.159173431076237,27.564579010009766,41192000
2015-06-19,27.581427391751365,27.65031650076064,27.370300176470817,27.6309871673584,59290000
2015-06-22,27.724663164196947,28.031937988874294,27.699881381242086,27.7380428314209,34752000
2015-06-23,27.743491109080665,27.996746221892437,27.612651330815776,27.92190933227539,31396000
2015-06-24,27.876810275179828,27.884739386043286,27.595801376204903,27.683027267456055,28924000
2015-06-25,27.768769357308333,27.909521484489392,27.628017230127274,27.652301788330078,26684000
2015-06-26,27.739530208824885,27.753902432698936,27.349984711833493,27.40995216369629,43676000
2015-06-29,27.097224772328406,27.302901466351,26.774585174064594,26.824642181396484,37756000
2015-06-30,27.01495065875698,27.055095326147413,26.73988954645435,26.764671325683594,34510000
2015-07-01,26.9440823666462,27.050637597854173,26.750796572963004,26.926240921020508,30760000
2015-07-02,26.99760638907242,27.15917384525205,26.939620273525954,27.12646484375,28124000
2015-07-06,26.874199813104312,27.18791960830497,26.866766035219026,27.04121971130371,25614000
2015-07-07,27.13092432164705,27.307854664356682,26.75525574497219,27.259780883789062,33578000
2015-07-08,27.040228669517685,27.173049784548095,26.82216110479443,26.846940994262695,27662000
2015-07-09,27.191389803120202,27.202788136912982,26.99166089696587,26.993146896362305,29766000
2015-07-10,27.442163425290254,27.7187124396398,27.35741608895417,27.56110954284668,43436000
2015-07-13,27.72961532803799,28.390752690220616,27.689470659040033,28.33524513244629,41792000
2015-07-14,28.472527186718814,29.226342864162607,28.45617174161919,28.952272415161133,74832000
2015-07-15,28.930468916910236,29.17579305227933,28.755519898987675,28.94137191772461,41466000
2015-07-16,29.215937370955448,29.959345436930985,29.13763125247441,29.824541091918945,112642000
2015-07-17,33.70116528148837,34.8410591490651,33.60204571959862,34.67354202270508,257162000
2015-07-20,34.14621992213215,34.58334195070391,33.78888811930254,34.337520599365234,102436000
2015-07-21,33.94302053316761,34.969914178196255,33.906842308639256,34.46192169189453,75604000
2015-07-22,34.396005326326325,35.353019208905984,34.277061092014556,34.44953155517578,83100000
2015-07-23,34.288462736774534,34.49761057129449,33.2843655850662,33.43998718261719,76232000
2015-07-24,33.54109030898875,33.5916407631135,32.37195650205334,32.45075607299805,82622000
2015-07-27,32.29215572360317,33.060345506759454,32.291165057419605,32.62421417236328,58382000
2015-07-28,32.797176631859095,32.91314884346869,32.38334667197477,32.69309997558594,34364000
2015-07-29,32.821958087710556,32.874988978105385,32.35509719380326,32.78082275390625,36756000
2015-07-30,32.58307365866263,33.10890935426684,32.298098367108175,32.935943603515625,39606000
2015-07-31,32.942892256329195,32.957759813664076,32.57118819828035,32.586055755615234,34922000
2015-08-03,32.593983943233816,33.04052488963097,32.593983943233816,32.94388198852539,31348000
2015-08-04,32.925043016435225,33.10643701444266,32.73522835610602,32.77338790893555,26188000
2015-08-05,32.99492129415121,33.69669857957778,32.98649685104336,33.36861038208008,36448000
2015-08-06,33.40330357862987,33.440967797773176,32.74612893596894,33.212989807128906,40660000
2015-08-07,33.095533233684215,33.14608367748893,32.653949451820615,32.92752456665039,27544000
2015-08-10,33.061332490532585,33.28584313467059,32.72134875017169,32.865570068359375,34458000
2015-08-11,34.67156576709286,34.89062403898459,33.915271375013994,34.21164321899414,109880000
2015-08-12,34.41929279691754,34.49412968459339,33.726439036613,34.269622802734375,58498000
2015-08-13,34.15712398961019,34.39650224990166,33.809211048339925,34.023807525634766,36354000
2015-08-14,33.901393955918415,34.3087809291102,33.84489572262346,34.165550231933594,27598000
2015-08-17,34.099625768366685,34.431680395173096,33.852813796901145,34.40045928955078,24680000
2015-08-18,34.24979943405285,34.482235435141625,33.96482409415733,34.133827209472656,27710000
2015-08-19,34.202227541942584,34.702290976839336,34.03818150733419,34.39699935913086,50194000
2015-08-20,34.1521634230982,34.50205762291191,33.467235015314685,33.67538833618164,57798000
2015-08-21,33.25709662270343,33.34878617554679,31.872376032389074,31.918468475341797,91880000
2015-08-24,29.766058732191347,31.108158143680015,29.393857486865784,30.63386344909668,129788000
2015-08-25,32.039400443131456,32.06566444109095,30.314692171714228,30.354341506958008,71430000
2015-08-26,31.872379222676752,32.83286415671421,31.241474194582864,32.69706726074219,87740000
2015-08-27,33.30418293765727,33.402810944032204,32.26886489604114,33.104454040527344,58974000
2015-08-28,32.99542131978527,33.056876657893376,32.40020105528255,32.6945915222168,38836000
2015-08-31,32.42944291705175,32.92851943202268,32.033456197551445,32.10630798339844,38936000
2015-09-01,31.41196591518021,31.938794315914887,30.97831119293217,31.20133399963379,51458000
2015-09-02,31.619619580042198,31.96951568661367,31.254854028018475,31.962081909179688,37630000
2015-09-03,32.11175764299155,32.276298985070795,31.411963496624615,31.572540283203125,34572000
2015-09-04,31.208270066684438,31.446160412175985,31.049676503023406,31.171594619750977,40478000
2015-09-08,31.76830210636511,31.968526334565944,31.366862983754004,31.91103744506836,39092000
2015-09-09,32.30752461987787,32.579114638474074,31.7633463540958,31.887746810913086,40978000
2015-09-10,31.912029861901487,32.45719501933185,31.802996074181628,32.26787567138672,27850000
2015-09-11,32.224755787917964,32.4775117820571,32.08598312028041,32.47701644897461,34892000
2015-09-14,32.493369861951955,32.50774208194649,32.18956056647168,32.33675765991211,29942000
2015-09-15,32.546894515811395,33.14856158918839,32.3798765277385,32.96122360229492,35546000
2015-09-16,32.98501795138993,33.109909969228006,32.81899059410103,32.9835319519043,26252000
2015-09-17,33.081163578851275,33.79978986297361,32.95775756774443,33.288326263427734,47752000
2015-09-18,32.96072410671361,33.197625645860576,32.711435460129735,32.75554656982422,72544000
2015-09-21,32.98303353526446,33.15599932181878,32.61083418235534,33.055885314941406,39094000
2015-09-22,32.58456834738646,32.65147613367,31.968033609625667,32.37294387817383,54362000
2015-09-23,32.3580777369617,32.723834016029734,32.250529941058296,32.37740707397461,29160000
2015-09-24,32.1633044955659,32.54987609391071,31.82629267987598,32.45769119262695,38692000
2015-09-25,32.63957709271896,32.63957709271896,31.70189075261584,31.72617530822754,48480000
2015-09-28,31.67165945228754,31.859991906219815,30.620481301051576,30.93816375732422,47646000
2015-09-29,31.00011469356715,31.45508004817376,30.62989856584358,30.85688591003418,42130000
2015-09-30,31.313834856690693,31.68454823486196,31.181013730693444,31.637962341308594,52954000
2015-10-01,31.616646664670895,31.909055783697774,31.278644213467246,31.817861557006836,42506000
2015-10-02,31.620113655912682,32.561267275203335,31.396595555774525,32.56077194213867,48788000
2015-10-05,32.78925412338459,33.35572995984973,32.505269424270914,33.288822174072266,37960000
2015-10-06,33.17333916842883,33.64168602035817,32.86259519334945,33.286834716796875,42774000
2015-10-07,33.572309537567875,33.63872199372255,32.61628627468729,33.205562591552734,44354000
2015-10-08,33.17830181482657,33.29923116028979,32.43687508179516,33.05687713623047,39308000
2015-10-09,33.081161544872245,33.40825910734561,32.826915760129864,33.26701354980469,32124000
2015-10-12,33.16541317419042,33.60104917988779,33.068770283956596,33.52423095703125,26684000
2015-10-13,33.41668497989849,34.12044361488445,33.35968764662366,33.85826873779297,42446000
2015-10-14,33.8860264836559,34.1987518384409,33.64664824313249,33.72148513793945,31292000
2015-10-15,33.96135760485421,34.40294140008548,33.91873627043757,34.34644317626953,47156000
2015-10-16,34.46439277615422,34.50503277346387,34.152162800545355,34.460426330566406,36316000
2015-10-19,34.39500986038618,34.704267851376585,34.30629608488316,34.68989562988281,30172000
2015-10-20,34.587802954463235,34.593255399868426,33.38793978480424,33.70116424560547,52434000
2015-10-21,33.86025832547004,33.94401500831403,33.240256201745936,33.29477310180664,31952000
2015-10-22,33.47516503152422,34.10012412527046,33.289808369972846,33.757659912109375,88632000
2015-10-23,37.17337346222999,37.29430280178974,35.58149006711172,35.6503791809082,126726000
2015-10-26,35.68457323415328,36.42451387283504,35.68457323415328,36.23469543457031,48776000
2015-10-27,36.009197304687824,36.474572217524646,35.888767078294165,36.31895065307617,38778000
2015-10-28,36.32787169266698,36.54444946438141,36.043887029364974,36.52214813232422,39604000
2015-10-29,36.50777427128733,37.01130868216569,36.43491871910324,36.9151611328125,36520000
2015-10-30,36.950350894272155,36.9875197815867,36.50281934139583,36.545440673828125,39984000
2015-11-02,36.40370863797004,37.080209019740465,36.25105904340479,37.05840301513672,39914000
2015-11-03,36.94390696134643,37.25465095212452,36.732282521981745,37.11191940307617,36306000
2015-11-04,37.16544815697458,37.661053560571084,37.13075592996959,37.433570861816406,41840000
2015-11-05,37.60703384145855,37.98072302629213,37.5406251643169,37.69921875,45486000
2015-11-06,37.635778799576606,37.81568304002495,37.41969255284713,37.74530792236328,33544000
2015-11-09,37.59265896817112,37.82956055422192,37.12629713680896,37.40680694580078,35538000
2015-11-10,37.34287514304313,37.69574518654897,37.091605113135245,37.57977294921875,29798000
2015-11-11,37.78396085814477,38.116015541307995,37.65361640668833,37.92620086669922,41866000
2015-11-12,37.674928718742756,37.953460969461254,37.46082758747694,37.49403381347656,35452000
2015-11-13,37.37062692516379,37.43455892881181,36.64852953927133,36.67826843261719,48188000
2015-11-16,36.685200640491274,37.25514369321806,36.39378222226086,37.19121170043945,50704000
2015-11-17,37.29281357803465,37.415724239402024,36.87551248529831,36.97116470336914,38864000
2015-11-18,37.14908500438972,37.72051782663088,37.041041904838885,37.66649627685547,36266000
2015-11-19,37.655107267930674,37.82609174390817,37.52872924624567,37.66304016113281,28078000
2015-11-20,38.126919028981426,38.62351503610486,37.86920591541211,38.5085334777832,55478000
2015-11-23,38.53183093966916,38.80094428854692,38.33556937088508,38.49366760253906,34648000
2015-11-24,38.308309068385604,38.45847818169952,37.57233483815401,38.143272399902344,47880000
2015-11-25,38.24536919123623,38.310295640761666,37.98963740154698,38.12493896484375,23612000
2015-11-27,38.11998639606735,38.35985999238515,38.012933932142175,38.25925064086914,14434000
2015-11-30,38.25429109375939,38.41090333313386,37.72151681740455,37.80725860595703,33586000
2015-12-01,38.009960735959005,38.90502396894783,37.960896285261704,38.845054626464844,40398000
2015-12-02,38.917413736414346,39.30398533294963,38.48028791000234,38.55066680908203,46876000
2015-12-03,38.684975074929156,38.87925154521696,37.78743517557752,38.07240676879883,41950000
2015-12-04,38.14724129104208,38.77715378075039,37.9390879429915,38.618064880371094,49800000
2015-12-07,38.6601887536702,38.706776533144634,37.99905140758588,38.30979919433594,36626000
2015-12-08,37.88903329244944,38.590315423743164,37.790904386113894,38.416358947753906,31082000
2015-12-09,38.21612548740037,38.46343280759247,37.27001287006978,37.792381286621094,46550000
2015-12-10,37.843937050972045,37.9668477467996,37.41821139558779,37.66799545288086,32458000
2015-12-11,37.120836596962086,37.53912833466808,37.10348859702902,37.19121170043945,43184000
2015-12-14,37.23285093204639,37.87168701732499,36.489442833566024,37.791893005371094,53864000
2015-12-15,38.052081822339964,38.397022713270175,37.56688604281139,37.670467376708984,49386000
2015-12-16,37.99161658983304,38.73155725240424,37.51980237315658,38.48821258544922,53120000
2015-12-17,38.71470547127347,38.73601613793585,38.12691901929806,38.1531867980957,36510000
2015-12-18,38.02433475331162,38.36679903920128,37.49700909968675,37.50989532470703,67794000
2015-12-21,37.81717223846375,37.98072293676781,37.376083711160774,37.70566177368164,34848000
2015-12-22,37.87763394494002,38.178463753419976,37.72548348411266,38.01937484741211,36338000
2015-12-23,38.19581167849152,38.255781019274465,37.54954183057608,38.0877685546875,30594000
2015-12-24,38.08826163783811,38.12196319539318,37.88357940810952,37.955440521240234,10412000
2015-12-28,38.16161000474399,38.7969748815815,38.04910889675069,38.76823043823242,31156000
2015-12-29,39.00364294351675,39.583504058033576,38.964492723571475,39.349082946777344,38430000
2015-12-30,39.34908811809244,39.47298946788614,39.01405762802681,39.167694091796875,28566000
2015-12-31,39.044784079952116,39.070061195968314,38.524400670568546,38.558597564697266,32752000
2016-01-04,37.775039816843936,37.775039816843936,37.04848069065021,37.63825225830078,67382000
2016-01-05,37.8692051787552,38.12196117527121,37.450418068829,37.7418327331543,45216000
2016-01-06,37.188740590244564,37.949988183144754,37.07128236216746,37.6328010559082,48206000
2016-01-07,36.99644289815317,37.43356488866591,36.440868240395986,36.7243537902832,63132000
2016-01-08,37.06137180497917,37.1763533788604,36.12566855268725,36.22429656982422,47506000
2016-01-11,36.27583323290967,36.43095946102782,35.66177899428217,36.33134078979492,50896000
2016-01-12,36.71196662477227,37.08813243520598,36.497865496106485,36.939449310302734,46816000
2016-01-13,37.137693159145805,37.31908718111925,35.52400365134748,35.66227722167969,51728000
2016-01-14,35.90363184715325,36.66934115745359,34.94017498611325,36.248077392578125,55558000
2016-01-15,35.18748704759589,35.88975978830564,34.76721389231508,35.2122688293457,76676000
2016-01-19,35.69101993729111,35.94873684367419,35.180547018054305,35.63798904418945,48724000
2016-01-20,34.98478490845302,36.02803598501335,34.08674963865114,35.61222457885742,82440000
2016-01-21,35.69201208578,36.559321507615586,35.242994485192334,36.014156341552734,51938000
2016-01-22,36.77392043100256,37.09904048851085,36.69958264338378,36.94540023803711,47146000
2016-01-25,36.86511087344488,37.29232245691808,36.303093057461005,36.35860061645508,45340000
2016-01-26,36.437402361090456,36.64803236370286,36.02902101646879,36.36702346801758,30940000
2016-01-27,36.47110233263639,36.47110233263639,35.358966020838345,35.56365203857422,42428000
2016-01-28,36.585089539222174,37.227888192584565,36.208923767274506,37.08614730834961,62104000
2016-01-29,37.11885973545307,37.919261308278145,36.88294883872578,37.732913970947266,75808000
2016-02-01,38.224054544631905,38.537774306433036,37.73439701671805,38.199771881103516,111522000
2016-02-02,39.67321473396329,40.1613863671648,38.68695724186778,38.70232391357422,135846000
2016-02-03,38.96846830192557,39.22370483104552,36.489450144023934,37.139686584472656,131114000
2016-02-04,36.90228140141073,36.93449696160292,35.81244639348671,36.18067932128906,104922000
2016-02-05,35.956163135385246,36.01662401268616,34.69930665296199,34.87871551513672,109556000
2016-02-08,34.08178171996733,34.91638382907002,33.80077286942733,34.89854049682617,89410000
2016-02-09,34.342978167841295,35.73117024997232,34.12243389757832,34.7429313659668,84300000
2016-02-10,35.27669100973406,35.843166763463365,34.9595039117977,35.0318603515625,60314000
2016-02-11,34.510980033559434,35.30295707382791,34.25574361215605,35.00757598876953,65004000
2016-02-12,35.29751639042191,35.48534976860871,34.77068603808344,35.03385543823242,46538000
2016-02-16,35.61667498149331,35.82631808715158,35.19689721827331,35.566619873046875,43444000
2016-02-17,36.0305120585616,36.36554255840018,35.515581088982934,36.27682876586914,49154000
2016-02-18,36.3754458116233,36.47654668406308,35.463034826388444,35.56017303466797,47276000
2016-02-19,35.48038639498227,35.88331531266133,35.34260816350773,35.78815841674805,34918000
2016-02-22,36.154895812759364,36.41955109617861,35.8545614292252,36.13209915161133,37516000
2016-02-23,35.985904907349045,36.22379335882899,35.46898888826075,35.54927444458008,41332000
2016-02-24,35.21821751348267,35.74405719657467,34.792495636995426,35.72819519042969,37092000
2016-02-25,35.82879681374895,36.15490370877244,35.34805902450568,36.13557815551758,36146000
2016-02-26,36.357609274710306,36.484482612577,35.77973324722722,35.9244499206543,42474000
2016-02-29,35.73314872466907,36.208929456804874,35.52697669595997,35.54581069946289,45068000
2016-03-01,35.74800993036917,36.79027011370275,35.616179491609444,36.78234100341797,60112000
2016-03-02,36.81703742240117,36.82942453172639,36.3402622731228,36.649024963378906,36292000
2016-03-03,36.6490213002305,36.72435352074923,36.16084975667321,36.25798797607422,40534000
2016-03-04,36.41707748749257,36.42698792933757,35.96210842415827,36.19009017944336,48516000
2016-03-07,35.93882078932554,36.04091612420905,34.94711478004545,35.32674789428711,61690000
2016-03-08,35.10818536697889,35.795095159191,34.8906169202476,35.3629264831543,52530000
2016-03-09,35.444205053170265,35.99284126519183,35.31980838928819,35.95170593261719,39544000
2016-03-10,36.06966623739753,36.50332097638642,35.84664531267094,36.2867431640625,44616000
2016-03-11,36.672320531192405,36.917642768168925,36.51124651804563,36.91615676879883,35380000
2016-03-14,36.921116310014405,37.381534150223594,36.856189854893664,37.18230056762695,32824000
2016-03-15,36.97315280995888,37.31958352606561,36.81554989926204,37.19865417480469,29832000
2016-03-16,37.12331900339101,37.616447699373644,36.99694099741152,37.5351676940918,29306000
2016-03-17,37.54953620761174,37.93065530154095,37.535163986288794,37.59067153930664,44564000
2016-03-18,37.74678582412518,37.772059152383314,37.260595654453205,37.43851852416992,56222000
2016-03-21,37.36417938050467,37.83153558143933,37.23333960881236,37.77305603027344,28774000
2016-03-22,37.58869731685704,37.913813586195,37.56094353509855,37.668487548828125,22096000
2016-03-23,37.83203111887832,37.93313578246761,37.469246910490774,37.545074462890625,24678000
2016-03-24,37.22987494618609,37.545076951500974,37.19518272321895,37.410274505615234,31116000
2016-03-28,37.47618127142398,37.58174770230019,37.271499082370255,37.33295440673828,21676000
2016-03-29,37.352778046348895,38.02184822039779,37.08564984718286,37.95791244506836,40062000
2016-03-30,38.07289877678006,38.52390146744234,38.04167766593799,38.079341888427734,40396000
2016-03-31,38.07933919014942,38.11601274381299,37.57927208847775,37.809730529785156,32554000
2016-04-01,37.5252615655031,38.16359856166525,37.42811954578742,38.145263671875,31674000
2016-04-04,38.13732629724727,38.28254208599755,37.75472116728307,37.91975784301758,26924000
2016-04-05,37.57333254825152,37.80824901513122,37.44794142227508,37.59513854980469,24478000
2016-04-06,37.55895435390131,38.0833079327249,37.48263146233071,38.06595993041992,25312000
2016-04-07,37.929668231923635,38.129892464461776,37.542105990186734,37.67195510864258,25498000
2016-04-08,37.95692712159632,38.019373125392455,37.45636842498476,37.639739990234375,23434000
2016-04-11,37.936110468197455,38.02383358280275,37.534176013049674,37.54408645629883,31774000
2016-04-12,37.58819408465897,37.90983917309986,37.248206548395515,37.880104064941406,27388000
2016-04-13,38.17697269579462,38.44658135582549,37.893487147241345,38.25627136230469,35426000
2016-04-14,38.42725927040718,38.637889282636884,38.32119748343934,38.42874526977539,26992000
2016-04-15,38.43419423596172,38.70330756283231,38.40594134467896,38.6572151184082,31712000
2016-04-18,38.666629332331645,39.08095842713556,38.53876534016277,39.037837982177734,33540000
2016-04-19,39.17759827825267,39.19989960802038,38.174987511911795,38.47135925292969,43952000
2016-04-20,38.615587370705235,38.64036915114674,38.22455401609145,38.40544891357422,34262000
2016-04-21,38.52389867825192,38.74047644951721,38.23842801630515,38.6572151184082,77628000
2016-04-22,36.86857471363327,37.364675365743686,36.19752695686942,36.564273834228516,140798000
2016-04-25,36.44434464096511,36.91665425455656,36.4319537498207,36.78432846069336,49442000
2016-04-26,36.89385759485888,36.951841823038585,35.6994467742317,35.949729919433594,55864000
2016-04-27,35.947243957369174,36.037939065535866,35.14238064462546,35.755943298339844,66262000
2016-04-28,35.846637029721535,36.1425134551976,34.85096464809777,34.943145751953125,62590000
2016-04-29,34.89656890051381,35.292555620985475,34.879716229609336,35.082916259765625,58278000
2016-05-02,35.28313392246203,35.456099691797064,35.00757749088499,35.40653991699219,33476000
2016-05-03,35.31187925151295,35.35499591637051,35.05565214659249,35.11066436767578,38620000
2016-05-04,35.02790044024823,35.4382593426093,34.893094211503524,35.25587844848633,34172000
2016-05-05,35.43578182905848,35.562159829605726,35.1607207139638,35.421409606933594,29668000
2016-05-06,35.29701359772488,35.98045228573488,35.28462270775316,35.9403076171875,39952000
2016-05-09,36.015640059791885,36.39180585332225,35.8570464982338,36.13607406616211,38074000
2016-05-10,36.42501144414202,36.67479544849029,36.25898410767626,36.64406967163086,32634000
2016-05-11,36.70057079973156,36.71444768996058,36.075116291978944,36.206451416015625,29834000
2016-05-12,36.2783098372931,36.44533162193915,35.89520938504354,36.08353805541992,27094000
2016-05-13,36.011675966793646,36.24312129779035,35.85754040932346,35.9229621887207,25244000
2016-05-16,35.897693249215045,36.312018675830096,35.68359208991716,36.19406509399414,22538000
2016-05-17,36.23172659914149,36.4691197197954,35.58446612427509,35.69300079345703,33404000
2016-05-18,35.60924100016118,35.95963431961502,35.4367705628986,35.77180099487305,32536000
2016-05-19,35.599332955471304,35.70836673671555,35.20334249880722,35.45114517211914,30598000
2016-05-20,35.50814743164519,36.06520440954637,35.43628252896817,35.76833724975586,34798000
2016-05-23,35.6825923550125,35.857044126838446,35.53192791432116,35.54729080200195,24816000
2016-05-24,35.676156440194205,36.38734900750142,35.666242214345246,36.32936477661133,37884000
2016-05-25,36.42699100225502,36.66934121713391,36.30804678424015,36.58062744140625,32216000
2016-05-26,36.47655159772016,36.72931137520438,36.327872267152486,36.52264404296875,27202000
2016-05-27,36.55138933003234,37.06681933979715,36.526607550448304,37.051456451416016,34802000
2016-05-31,37.108945355955505,37.342871138134186,36.9508471306871,37.113407135009766,42484000
2016-06-01,37.09457339706675,37.23829940116446,36.88988739091535,37.094078063964844,20788000
2016-06-02,36.97711249519373,37.03658649363624,36.526109847967,36.886417388916016,33916000
2016-06-03,36.74864351332822,36.74864351332822,36.372973040626626,36.4696159362793,24608000
2016-06-06,36.60045118033426,36.60045118033426,36.09444009764339,36.182159423828125,29992000
2016-06-07,36.34125080527608,36.5117361210108,36.21883548197695,36.23320770263672,24314000
2016-06-08,36.65001354237281,36.86361932385866,36.46515598641689,36.82000732421875,32314000
2016-06-09,36.529586221116226,36.86957003064332,36.50133710760928,36.79969024658203,19180000
2016-06-10,36.47407163107123,36.65694783391627,36.204462990701956,36.337284088134766,29050000
2016-06-13,36.1702664302924,36.62523172397667,36.1702664302924,36.272361755371094,23354000
2016-06-14,36.14499623635023,36.47655560389819,36.00573200030431,36.34026336669922,26584000
2016-06-15,36.423025129934736,36.53354490623551,36.244111576435685,36.28772735595703,23234000
2016-06-16,36.078089168946725,36.198523185688515,35.46254887132927,35.894222259521484,45002000
2016-06-17,35.752477423089736,35.752477423089736,34.74788507951657,34.903011322021484,82262000
2016-06-20,35.20334416976685,35.47890063457186,34.960498597121514,34.99618148803711,45654000
2016-06-21,35.19045721583172,35.45461723208789,34.92332898205012,35.13247299194336,30318000
2016-06-22,35.388700762412896,35.39662987357787,34.98379051052334,35.211273193359375,29058000
2016-06-23,35.21523923885496,35.42983569566795,34.704766319667236,35.42934036254883,42500000
2016-06-24,34.205194243838825,34.94017783883471,33.944505340796354,33.95887756347656,95436000
2016-06-27,33.82456768890201,33.8661983542022,33.33738681334,33.757659912109375,58146000
2016-06-28,34.26466493880656,34.33256338072769,33.94153006393114,34.259212493896484,38246000
2016-06-29,34.40789845547613,34.667592907590276,34.32959045030317,34.45398712158203,43124000
2016-06-30,34.57591012691627,34.879220387075804,34.43961788687126,34.86732482910156,42250000
2016-07-01,34.94513433546539,35.313367235564,34.87723588818272,35.20037078857422,30984000
2016-07-05,34.94067067851813,35.09480245207923,34.64925601845009,34.934722900390625,28440000
2016-07-06,34.684443712146134,35.33666125894129,34.64281304625508,35.136932373046875,28902000
2016-07-07,35.193430576709765,35.196402575199734,34.72557902815926,35.052181243896484,21174000
2016-07-08,35.21573548005896,35.57951040082197,35.094310801704346,35.57356262207031,29946000
2016-07-11,35.65483964245859,36.12615853088788,35.627581197812525,36.04042053222656,28822000
2016-07-12,36.27434527631634,36.456726158764525,36.055287059213185,36.303585052490234,26468000
2016-07-13,36.45276707350309,36.45276707350309,36.13062282737658,36.153419494628906,20436000
2016-07-14,36.37445558363999,36.48348935938375,36.208428254636914,36.46664047241211,21408000
2016-07-15,36.72435517948532,36.72435517948532,36.40914939468756,36.45821762084961,32342000
2016-07-18,36.57121450478288,37.425142309719995,36.50183005838749,37.32899475097656,38698000
2016-07-19,37.16395502993372,37.49700034530785,37.095561255359605,37.33940124511719,30436000
2016-07-20,37.37111690963713,37.697722888389535,37.37111690963713,37.52128601074219,22502000
2016-07-21,37.5173172915662,37.57431461985222,37.2457273287959,37.38895797729492,19062000
2016-07-22,37.53318328327575,37.63874594615947,37.30222950976269,37.63032150268555,20920000
2016-07-25,37.55102374559888,37.65708552529599,37.37211019016474,37.543094635009766,21466000
2016-07-26,37.54309454738367,37.629331659822384,37.3066921048537,37.549537658691406,23792000
2016-07-27,37.614962016401726,37.886552032613274,37.46429756172638,37.763641357421875,32172000
2016-07-28,38.10412364097325,38.11056675261623,37.62090539242534,37.955440521240234,73464000
2016-07-29,39.53493942906403,39.843698350495174,39.15282582798798,39.21923828125,101810000
2016-08-01,38.98778516590981,40.019635846117126,38.90700049731334,39.69501495361328,60594000
2016-08-02,39.51610341953292,39.76341076894341,39.377334522302355,39.65437698364258,39928000
2016-08-03,39.47348494996381,39.625635414842904,39.30250048161637,39.594905853271484,29206000
2016-08-04,39.56120281558096,39.6583410470677,39.347101683565626,39.51213836669922,21520000
2016-08-05,39.65387609117707,40.00625073035051,39.53988520947948,39.991878509521484,36146000
2016-08-08,39.945794293769914,40.025092972353924,39.73218848838331,39.90763473510742,24426000
2016-08-09,39.87095816410966,40.30907467505151,39.849647494592034,40.01914596557617,32154000
2016-08-10,39.997832825638824,40.18764750692168,39.970079045546875,40.06919860839844,18370000
2016-08-11,40.16732211908451,40.33632522380629,39.945787241186174,40.0548210144043,25646000
2016-08-12,39.900691215163,40.00476788169106,39.82882632418998,39.99782943725586,17946000
2016-08-15,40.00576399924266,40.21144069487289,39.84816108811914,39.94381332397461,18596000
2016-08-16,39.82188753192863,39.85955553348709,39.499743311011585,39.70740509033203,21158000
2016-08-17,39.648427587107115,39.92745515071366,39.46505224829601,39.91704559326172,21322000
2016-08-18,39.91407898817436,40.044918786642604,39.7292176250812,39.784725189208984,17292000
2016-08-19,39.638015256837164,39.70938481120003,39.493797711250195,39.63107681274414,22416000
2016-08-22,39.574582235026604,39.61373623785701,39.36741955930739,39.49726867675781,17056000
2016-08-23,39.672213967214724,39.697986412506935,39.44968841294659,39.47942352294922,18350000
2016-08-24,39.49280717004967,39.572105842480816,39.19048759845139,39.331241607666016,25672000
2016-08-25,39.25194304797067,39.386749279023256,39.01554059168102,39.21725082397461,24054000
2016-08-26,39.276226412063025,39.61869062709114,39.123580638463466,39.31240463256836,24978000
2016-08-29,39.30398221327318,39.57507688623887,39.168680652757516,39.44126510620117,15474000
2016-08-30,39.295556655177066,39.549307100002686,39.12655354260012,39.24797821044922,23348000
2016-08-31,39.1329986666843,39.230632226606836,39.014054439331254,39.145389556884766,21428000
2016-09-01,39.250958194804,39.296059983262865,38.97094369578311,39.22221374511719,26070000
2016-09-02,39.41401030960914,39.50470543106252,39.31439162913674,39.49330520629883,26998000
2016-09-06,39.568635584981635,40.18814229736059,39.421937575215,40.04590606689453,39790000
2016-09-07,40.04143874075255,40.1737645092041,39.83279008865159,40.04441452026367,22906000
2016-09-08,39.90713810334589,40.06573167418405,39.69848563628367,39.789180755615234,23554000
2016-09-09,39.58746548560531,39.7351579274899,39.05617727985102,39.07748794555664,37752000
2016-09-12,38.8812347218729,39.65685456491013,38.83068049302244,39.58995056152344,37274000
2016-09-13,39.35155704348209,39.4397754829179,38.87180996197092,39.08938217163086,36180000
2016-09-14,39.0304090217951,39.466544168850795,39.0304090217951,39.175621032714844,25842000
2016-09-15,39.15331870324995,39.82932362660056,39.086410921042074,39.709388732910156,31144000
2016-09-16,39.59986127352179,39.59986127352179,39.332233914655745,39.547821044921875,42612000
2016-09-19,39.70344178287008,39.84617712750247,39.32926109015037,39.41995620727539,22990000
2016-09-20,39.648432357685046,39.78472460014842,39.562195232595236,39.63752746582031,20984000
2016-09-21,39.710877647300265,39.94133612241402,39.451674724733486,39.89772033691406,26970000
2016-09-22,40.144037066542495,40.59305467798148,40.03054527609575,40.43892288208008,35186000
2016-09-23,40.398778023708374,40.4909591446998,40.27933845482215,40.38985824584961,28234000
2016-09-26,40.13511271816795,40.147998940983115,39.6707284884015,39.779762268066406,29454000
2016-09-27,39.739117897715474,40.31699384146405,39.739117897715474,40.180206298828125,27346000
2016-09-28,39.850631402328354,40.15642206466654,39.7862040715392,40.147003173828125,29406000
2016-09-29,40.006756696452456,40.33782075889875,39.69105552502128,39.779273986816406,27000000
2016-09-30,39.82684704043529,40.04937260689852,39.72277036855375,39.84964370727539,33204000
2016-10-03,39.774807035297634,39.8238714822314,39.461586351677724,39.66726303100586,29784000
2016-10-04,39.89622649130245,39.97056804224041,39.6320702891725,39.78669738769531,25174000
2016-10-05,39.94579118848624,40.06969252826515,39.68361628625693,39.709388732910156,24276000
2016-10-06,39.85063476194915,39.992874772158146,39.67370630861034,39.80107498168945,21998000
2016-10-07,39.942324210902484,39.94281954402184,39.490826182027234,39.683616638183594,23262000
2016-10-10,39.843199475461454,40.50978927104781,39.75944280719498,40.35070037841797,29922000
2016-10-11,40.350708305411985,40.632707923779925,40.013696452562485,40.12273025512695,34432000
2016-10-12,40.24117322824246,40.3670559033372,40.072173884155006,40.23175811767578,18158000
2016-10-13,39.94926353902926,39.97354620592103,39.580036173829214,39.85063552856445,27380000
2016-10-14,40.01764931230708,40.14848907472709,39.76340356410255,39.876399993896484,22238000
2016-10-17,39.94530075086518,40.31700481575607,39.838252067382044,39.9874267578125,21128000
2016-10-18,40.35267902685948,41.07626233040071,40.30906702976991,40.71348190307617,45786000
2016-10-19,40.78237229168514,41.125331844676545,40.78237229168514,40.97863006591797,30002000
2016-10-20,41.01431215997838,41.05941393798658,40.666894615949964,40.720420837402344,27878000
2016-10-21,40.639643540636854,40.8522586846026,40.55588686174685,40.840858459472656,32316000
2016-10-24,41.13970903735036,41.528757301232055,41.08766880782782,41.41972351074219,28952000
2016-10-25,41.556509937947624,41.556509937947624,40.902310994187594,41.063385009765625,37814000
2016-10-26,40.99251054595216,41.0217541063501,40.4587456170646,40.743717193603516,35898000
2016-10-27,40.7888143276661,40.965742763428466,40.37250389627032,40.50830078125,59470000
2016-10-28,41.13227152883113,41.58128909299578,40.49095506814586,40.61783218383789,87098000
2016-10-31,40.76007279336702,40.76998701876254,40.04491759336466,40.13908004760742,44854000
2016-11-01,40.187149246945864,40.340294140599404,39.56219012609149,39.92001724243164,47118000
2016-11-02,39.98346018067606,39.98346018067606,38.90502165235675,39.074520111083984,47014000
2016-11-03,38.88023331679721,39.152817737564014,38.589314011076894,38.765750885009766,43504000
2016-11-04,38.226039857728104,39.077491011276464,38.211172301992065,38.711734771728516,39412000
2016-11-07,39.39814622472811,39.89622820947668,39.29654622677632,39.7490348815918,39852000
2016-11-08,39.74904344741871,40.44338335230911,39.629600089513005,40.24216842651367,35382000
2016-11-09,39.73911731794829,40.228774818096916,39.25392159627035,39.92546463012695,61970000
2016-11-10,40.14403666145616,40.147008660336425,38.07389197576204,38.671592712402344,118192000
2016-11-11,38.49911909517045,38.5229064277716,37.94057240987771,38.24834442138672,71852000
2016-11-14,38.24883694549051,38.249827611630046,36.85271611075875,37.32998275756836,73766000
2016-11-15,37.93710445273136,38.66911609645367,37.92471734287861,38.4173469543457,58878000
2016-11-16,38.1824315240625,38.83068272836427,37.97973060736642,38.65623092651367,35968000
2016-11-17,38.78111892679174,39.09830605066433,38.64978381055553,38.96250915527344,30674000
2016-11-18,39.012564505928886,39.216751382413634,38.426759424297934,38.45748519897461,36126000
2016-11-21,38.56305261254396,38.9818397549944,38.473843494736954,38.895111083984375,32616000
2016-11-22,39.10276923921096,39.339667033850496,38.84257566290804,38.90502166748047,27884000
2016-11-23,39.12904006030394,39.12904006030394,38.29295170680394,38.607662200927734,26260000
2016-11-25,38.78656315408963,38.800935373558815,38.56750496868377,38.668609619140625,12270000
2016-11-28,38.57544368984835,39.63554355069087,38.56305279931008,38.944175720214844,51508000
2016-11-29,39.072536915833474,39.47199474377138,38.921872452049314,39.12507247924805,31240000
2016-11-30,39.108219162246705,39.227658718117254,38.31772804060884,38.453025817871094,45582000
2016-12-01,38.585356940936016,38.5878336065136,37.33692465022491,37.8806037902832,57342000
2016-12-02,37.76016967372564,38.18639054163225,37.61644368048565,37.88704299926758,34376000
2016-12-05,38.161617101875095,38.65722251878257,38.01144796481699,38.56900405883789,33770000
2016-12-06,38.6666299096024,38.91889434740982,38.32615081063354,38.467891693115234,34682000
2016-12-07,38.654743684930345,39.25194530512058,38.336562090933924,39.22568130493164,40588000
2016-12-08,39.299025538983344,39.598868441112515,39.04924153017298,39.40904998779297,32250000
2016-12-09,39.613732610449105,40.14155347598476,39.55178194665078,40.11677169799805,38090000
2016-12-12,39.88731316287533,40.21094341430355,39.87294093965207,40.03995895385742,32572000
2016-12-13,40.26248491109173,40.85275185979928,40.24018357634392,40.408687591552734,42564000
2016-12-14,40.43743494937671,40.85076964828635,40.2818133802911,40.53506851196289,35994000
2016-12-15,40.50880053063809,40.78832344138497,40.243154509745004,40.42405319213867,35394000
2016-12-16,40.555890088482364,40.59999743067849,40.05086574679857,40.136112213134766,51978000
2016-12-19,40.10835247157643,40.45230272271957,39.87145089419559,40.26793670654297,25272000
2016-12-20,40.31104973261455,40.465680622298684,40.19359151138583,40.4017448425293,25438000
2016-12-21,40.42751879857945,40.42751879857945,39.901187672850476,40.25306701660156,29192000
2016-12-22,40.099429384242015,40.197062939293644,39.94727515879461,40.128173828125,22632000
2016-12-23,40.04540177366684,40.19209975061002,39.901675794813144,40.03499221801758,15310000
2016-12-27,40.07861329342723,40.44139754446835,39.9358817294239,40.14056396484375,19520000
2016-12-28,40.309073760674835,40.309073760674835,39.76936102718721,39.87492370605469,24296000
2016-12-29,39.76390213988699,39.93339679840021,39.556244147853626,39.791160583496094,21148000
2016-12-30,39.80751963918284,39.81148608547194,39.133991347345344,39.27425003051758,34718000
2017-01-03,39.67915101867974,40.21539633309131,39.49429347266178,40.045406341552734,39180000
2017-01-04,40.138583272344896,40.314029512552445,39.85212569234741,40.03351593017578,30306000
2017-01-05,40.02013366876819,40.329391692211246,39.94182944194694,40.29370880126953,26810000
2017-01-06,40.39134357450403,41.08370587083206,40.218377778999574,40.89785385131836,40342000
2017-01-09,40.95533873092082,41.156553620428234,40.71992695217719,40.9954833984375,28178000
2017-01-10,40.99003174348583,41.10600396926916,40.79525996159658,40.937496185302734,23948000
2017-01-11,40.96773624237404,41.13029248991742,40.71249975516337,41.12831115722656,26508000
2017-01-12,41.054960204732815,41.154083556693756,40.6896992549168,41.11195755004883,26990000
2017-01-13,41.18480717343701,41.36570208215047,41.11146005612709,41.18183517456055,25804000
2017-01-17,41.135247763073316,41.14416754095251,40.79823594340619,41.00936508178711,28818000
2017-01-18,41.12533622299769,41.125831556135054,40.84184685932916,41.08667755126953,20554000
2017-01-19,41.085680381991025,41.28392325945875,40.83589639821261,40.8562126159668,21410000
2017-01-20,41.090141366416965,41.0975789251788,40.8676158093793,41.04454803466797,26124000
2017-01-23,41.21503792479932,41.90541505595806,41.07081658690556,41.85040283203125,49148000
2017-01-24,41.97678288288327,42.20178890178117,41.74384775276099,42.10316467285156,33768000
2017-01-25,42.302396744321264,42.56209119767852,42.11356895634194,42.54524230957031,33108000
2017-01-26,42.574976074738686,42.67161896467169,42.15222629321086,42.47238540649414,69866000
2017-01-27,42.57249677170934,42.96897874995101,41.72501214760947,41.88013458251953,75050000
2017-01-30,41.48514122620114,41.49356566999955,40.690683657960925,40.8294563293457,70338000
2017-01-31,40.61485858940405,40.79179082585236,40.312539010984466,40.64905548095703,40404000
2017-02-01,40.83788232187487,40.83788232187487,40.25554451280992,40.40373229980469,45020000
2017-02-02,40.39184018568783,40.86563958432937,40.24563749985827,40.55340576171875,33784000
2017-02-03,40.794766956644644,40.94344630033324,40.60742516059685,40.64608383178711,30562000
2017-02-06,40.68524032904905,40.75809211538138,40.35665294730483,40.719932556152344,27018000
2017-02-07,40.91221507893949,41.23039280384974,40.80268598546756,41.09707260131836,33332000
2017-02-08,41.16150708843734,41.34587307413512,40.89288911042393,41.12929153442383,26044000
2017-02-09,41.22098393250447,41.23337482305369,40.96178480307231,41.13821792602539,23884000
2017-02-10,41.28145174302687,41.489605107870084,41.16052617061904,41.37561798095703,28302000
2017-02-13,41.51685777422816,41.71708578052589,41.44499666345865,41.579307556152344,25914000
2017-02-14,41.61944943967063,41.72996922167475,41.424182322004725,41.6323356628418,27266000
2017-02-15,41.57187024511174,41.71857202844514,41.4435109111559,41.49802780151367,27144000
2017-02-16,41.556510154089004,41.76416817205984,41.49505481502457,41.738399505615234,20102000
2017-02-17,41.69577280236272,41.97480037379348,41.619945242974794,41.95547103881836,29224000
2017-02-21,42.02683433636279,42.23548298156837,41.955464785643244,42.09027099609375,25206000
2017-02-22,42.02733642384717,42.314289328460646,41.963400639631736,42.1938591003418,24488000
2017-02-23,42.179984207550014,42.256307104556726,41.75475393767762,42.17601776123047,27734000
2017-02-24,42.009988521942944,42.04517607941746,41.777548728193615,42.01791763305664,26924000
2017-02-27,41.87617401457385,42.15965956959588,41.78002645887913,42.11009979248047,20206000
2017-02-28,41.995121784261,42.06847268053751,41.70221731345511,41.87518310546875,27662000
2017-03-01,42.19484955587026,42.52294157601747,42.07788666017805,42.46099090576172,36374000
2017-03-02,42.43917765645255,42.44810121418315,42.06301566759092,42.1190185546875,25018000
2017-03-03,42.073917878808004,42.16709343616341,41.86427854651128,42.08085632324219,20100000
2017-03-06,41.970833715939264,42.07391972078429,41.688834147243874,41.991153717041016,20958000
2017-03-07,41.99065833838675,42.29149190852137,41.90442500295243,42.183448791503906,20774000
2017-03-08,42.28108180190598,42.46990958767922,42.188405356055995,42.306854248046875,20576000
2017-03-09,42.30933033303285,42.65724319539337,42.25877611217296,42.5150032043457,26954000
2017-03-10,42.75587612984138,42.83170369542838,42.5036154318192,42.69194412231445,26732000
2017-03-13,42.66319660316225,42.97542662099216,42.66270127004284,42.84904861450195,23332000
2017-03-14,42.80791032344945,42.99772876780972,42.628501436216006,42.91496276855469,21234000
2017-03-15,43.01557098073358,43.11171854157127,42.686488295708166,43.037872314453125,26658000
2017-03-16,43.14393974980774,43.25198288191205,42.99476127668843,43.117671966552734,22090000
2017-03-17,43.30004534655462,43.33672268255569,43.03687978899395,43.23512268066406,37366000
2017-03-20,43.09188893072754,43.13451026081453,42.85350516960849,43.01408004760742,30844000
2017-03-21,43.12063266372127,43.289635763281304,42.01196386079034,42.13338851928711,50760000
2017-03-22,42.1006846270906,42.391607766535,41.97777394901964,42.116546630859375,27334000
2017-03-23,41.69973579773967,41.71460335228443,41.283924478885886,41.61349868774414,65754000
2017-03-24,41.72996791020843,41.82909124642192,41.09064035218255,41.389984130859375,42114000
2017-03-27,41.04057857189845,41.699239198884705,40.85274525115923,41.55699920654297,38692000
2017-03-28,41.61548726175343,41.89847749821515,41.24774590746946,41.66207504272461,30384000
2017-03-29,41.76714037558182,42.20525304165275,41.69924193042801,42.12001037597656,29146000
2017-03-30,42.224582639491935,42.22557330568013,41.96637419422664,42.10068130493164,18988000
2017-03-31,41.96934794210027,42.10464950580158,41.89054838399907,42.01742172241211,28820000
2017-04-03,42.06450510365735,42.57250135598831,42.00404043275527,42.46099090576172,39388000
2017-04-04,42.02733034484258,42.27513299125989,42.00304390078224,42.253822326660156,26970000
2017-04-05,42.35988548407028,42.65130016133401,42.003544357821276,42.07243347167969,37104000
2017-04-06,42.10167739213512,42.30438208878113,41.829096689706155,41.88361358642578,30672000
2017-04-07,41.87865414344258,41.92226614592394,41.497039668808384,41.734928131103516,22232000
2017-04-10,41.70717403821957,41.96489094846952,41.67000514788011,41.71510314941406,20924000
2017-04-11,41.715104419551565,41.860316434613516,41.36322504933803,41.62490463256836,19486000
2017-04-12,41.55452580837863,41.81521470207392,41.51140914188397,41.703208923339844,22716000
2017-04-13,41.682395661892095,41.81571590721515,41.524301195877676,41.639774322509766,21474000
2017-04-17,41.69924557699476,42.40598008693828,41.68189757378667,42.38070297241211,20982000
2017-04-18,42.2523385960061,42.4927074999402,42.188406593053166,42.32420349121094,18724000
2017-04-19,42.492704863825914,42.63196908518163,42.30140041878583,42.449092864990234,21606000
2017-04-20,42.60917729780355,42.8168353208891,42.49816217448026,42.62602996826172,23776000
2017-04-21,42.65279623520351,42.74299981873608,42.50956930945609,42.570030212402344,23458000
2017-04-24,43.04035366215166,43.611291260570106,42.924876763872255,43.56024169921875,33930000
2017-04-25,43.72527331676111,44.22038329669791,43.57758465769824,44.05138397216797,40760000
2017-04-26,44.17776410670597,44.25706277559072,43.868506104159046,44.066253662109375,26466000
2017-04-27,44.10887104573477,44.27638436417749,43.969111502683006,44.18023681640625,46846000
2017-04-28,46.041732351120515,46.38369743116904,45.75527104057444,45.8197021484375,76918000
2017-05-01,45.801375544954944,46.379746981896616,45.63534818226333,46.23106384277344,46556000
2017-05-02,46.25335722665174,46.735085635306596,46.14085234390958,46.44267654418945,35026000
2017-05-03,46.39114569822702,47.092424020377074,46.34951502561386,47.00569534301758,36496000
2017-05-04,47.096883191610345,47.53549501041145,46.95216651180298,47.316436767578125,38752000
2017-05-05,47.41555441527387,47.50080086615173,46.988342838162104,47.09638595581055,32310000
2017-05-08,46.95613430406658,47.627182160736,46.95365385715427,47.5131950378418,37534000
2017-05-09,47.6440344231459,47.687151093723344,47.300579495621484,47.415061950683594,33758000
2017-05-10,47.39078148410721,47.41506415281793,47.07458498951585,47.3223876953125,22920000
2017-05-11,47.14644214957609,47.478500621135034,47.013621029653855,47.374420166015625,20622000
2017-05-12,47.47156065201552,47.47799998244411,47.18460397229969,47.337249755859375,24298000
2017-05-15,47.34468362851508,47.711925865625524,47.22226828908867,47.53945541381836,26754000
2017-05-16,47.754051631024964,47.87051540098594,47.59545808200146,47.806583404541016,22030000
2017-05-17,47.56324573457463,47.627177735331465,46.58987459506502,46.69445037841797,48982000
2017-05-18,46.74549480420257,47.28966924747286,46.64984258180071,47.1072883605957,36010000
2017-05-19,47.222274082151586,47.55631391713652,47.181634075060835,47.31296920776367,27206000
2017-05-22,47.429426174906546,47.81699215510055,47.407620176723356,47.77981948852539,27748000
2017-05-23,48.07173907251324,48.297236639899886,47.80113594177908,48.10097885131836,30908000
2017-05-24,48.33441057699143,48.47615147664205,48.15450633902321,48.45087814331055,22660000
2017-05-25,48.51976962755554,49.3513961881127,48.46128628439158,49.1571159362793,39082000
2017-05-26,49.164048445636034,49.38162067313246,48.93408910951656,49.226993560791016,32728000
2017-05-30,49.18883433704789,49.44258480776615,49.13233610978371,49.37071990966797,30324000
2017-05-31,49.37270104668252,49.54070971552412,48.6525850301285,48.92070770263672,34482000
2017-06-01,49.11250843007246,49.22055154658194,48.6332566316464,48.98018264770508,26128000
2017-06-02,48.995054126903604,49.386087508009595,48.91972189541356,49.36824417114258,34710000
2017-06-05,49.45596338239809,49.92728228920803,49.33503404259115,49.752830505371094,27578000
2017-06-06,49.72458345521274,49.98725369866325,49.30282431006738,49.39599609375,31042000
2017-06-07,49.51543671793079,49.75431963273613,49.35585247968967,49.63488006591797,27482000
2017-06-08,49.770175040327594,49.83807348847354,49.39302235834742,49.77265548706055,33758000
2017-06-09,49.83263141713776,49.833126750316126,47.249533171843446,48.079673767089844,72958000
2017-06-12,47.51467885518779,47.974601334339155,46.4283112185291,47.66781997680664,84042000
2017-06-13,48.17481836623031,48.46573767671837,47.67772328996699,48.09849548339844,40108000
2017-06-14,48.346301668329595,48.55445500037206,47.553825444966826,47.971126556396484,30110000
2017-06-15,46.98437454674431,47.61181028084743,46.605236795317445,47.58702850341797,48552000
2017-06-16,47.474532292252285,47.5756369634385,47.01808094434901,47.50971984863281,51184000
2017-06-19,48.05636860937398,48.53462971505962,47.98450750083498,48.33242416381836,29376000
2017-06-20,48.33688323433996,48.60847701590778,47.98450856580027,48.02366256713867,25946000
2017-06-21,48.11287528216437,48.547025317543245,48.04646283107705,48.499446868896484,23232000
2017-06-22,48.414192985199314,48.594100975280234,48.23775988883182,48.40180587768555,20190000
2017-06-23,48.346302042631024,48.897414934306575,48.2947571517251,48.87114715576172,31280000
2017-06-26,49.06493273333544,49.262680308890175,48.09007552690407,48.177303314208984,30358000
2017-06-27,47.65741195055095,47.93594040091605,46.93828659607867,46.98784637451172,48872000
2017-06-28,47.11521665475445,47.73868597420335,46.39658666647233,47.62816619873047,54912000
2017-06-29,47.14941518243859,47.164778070780955,46.071472053120615,46.478858947753906,64134000
2017-06-30,46.784646716484765,46.834701824348315,46.07196452579601,46.075435638427734,45754000
2017-07-03,46.25088430623894,46.30143853515024,45.36325489435197,45.568931579589844,33896000
2017-07-05,45.80384270965106,46.4030293592858,45.52779093999773,46.20330047607422,41882000
2017-07-06,45.84349781379339,46.395601422602844,45.58826134467498,45.97681427001953,40298000
2017-07-07,46.140362909862745,46.81785761468949,46.08088890546361,46.62704849243164,33266000
2017-07-10,46.683542613114795,47.2376312623935,46.683542613114795,47.13206481933594,29030000
2017-07-11,47.10827925362049,47.3248570304761,46.84065191907557,47.25745391845703,29224000
2017-07-12,47.6207290361843,48.05537432981423,47.431409721640954,47.957740783691406,32042000
2017-07-13,48.113374166022226,48.504902894116135,47.81601167591156,48.01673126220703,30492000
2017-07-14,48.271958329144276,48.447400765051206,48.08114922456936,48.41617965698242,21592000
2017-07-17,48.3869343659185,48.73534253267106,48.113359295854785,48.36909103393555,33210000
2017-07-18,48.240244300221576,49.107058377746775,48.1748262960982,48.91377258300781,28266000
2017-07-19,49.06542572469646,49.34246818180392,48.91674260498172,49.202213287353516,28242000
2017-07-20,49.41185333411142,49.4951146723652,48.798294407025764,49.17346954345703,28368000
2017-07-21,49.01536783984661,49.31818272639614,48.77598961873557,49.25524139404297,29266000
2017-07-24,49.26813125834335,49.86731796445462,49.07831279991383,49.47677993774414,79690000
2017-07-25,48.10841603548102,48.407264518768876,47.76644709944486,48.02565002441406,118672000
2017-07-26,48.211496080939156,48.26948030235561,47.58951274204777,47.841278076171875,44432000
2017-07-27,48.03307940046941,48.0499320697332,46.44119599951269,47.206905364990234,74358000
2017-07-28,46.98288807434725,47.66682201919209,46.850063193545665,47.49534225463867,36276000
2017-07-31,47.57811571794012,47.63709439068046,46.672642978970046,46.85948944091797,45670000
2017-08-01,46.97397230902038,47.30503633750342,46.83272674293715,46.91202163696289,28052000
2017-08-02,47.001723877096566,47.037905881065036,46.216189846116826,46.965545654296875,40788000
2017-08-03,47.03790745363788,47.08251012195023,46.559150972539435,46.60177230834961,22478000
2017-08-04,46.78266517801303,46.96058807274835,46.5769922859456,46.87385940551758,25092000
2017-08-07,46.95959888030009,47.0309684423769,46.760365312332446,46.87187576293945,28916000
2017-08-08,46.79951659083578,47.2059128141903,46.70981214621997,46.794559478759766,30102000
2017-08-09,46.51008523231916,46.77325079908729,46.28557455411366,46.59086990356445,28018000
2017-08-10,46.33909807950467,46.403525410800945,45.68390853287492,45.77361297607422,54148000
2017-08-11,45.77956388319256,46.25782124152637,45.65615787607751,46.095760345458984,32334000
2017-08-14,46.540809141476615,46.638442696940295,46.31382180682496,46.533870697021484,23012000
2017-08-15,46.63795148939698,46.73905616661617,46.420383026582655,46.49174880981445,22130000
2017-08-16,46.64885298211903,47.07755054575072,46.58888364654658,46.798526763916016,26906000
2017-08-17,46.73310680551456,46.775728140756264,45.97433587184806,45.97532653808594,33914000
2017-08-18,45.94162305923549,46.141847284811,45.76667594634429,45.901973724365234,26748000
2017-08-21,45.881658549835635,46.00456544086242,45.52630808954319,45.63880920410156,26024000
2017-08-22,45.94062937182572,46.68403733649491,45.90147537262859,46.60672378540039,35502000
2017-08-23,46.43822795052108,46.85602448353233,46.351003934524705,46.714778900146484,22690000
2017-08-24,46.77077222107302,46.899626885904645,46.12796977151488,46.432769775390625,25892000
2017-08-25,46.54775467371376,46.62308690800715,46.096260382289955,46.116085052490234,23746000
2017-08-28,46.184471077660405,46.331664408163554,45.89850507908296,45.998619079589844,20988000
2017-08-29,45.59322044523368,46.497203460776696,45.561500217199004,46.37627410888672,23172000
2017-08-30,46.37230687366373,46.87732733846916,46.292017535755654,46.766807556152344,22406000
2017-08-31,46.89913148843205,47.43934326977364,46.89665482297783,47.34220504760742,33866000
2017-09-01,47.452723226944414,47.49534455833292,47.09638212586357,47.181129455566406,20858000
2017-09-05,46.92688833685799,47.15139902026593,46.368836965392624,46.660255432128906,29148000
2017-09-06,46.77870513271865,46.809926244696065,46.224121083581174,46.68701934814453,27830000
2017-09-07,46.79754155195073,47.10729492790706,46.46449239292229,47.07706069946289,22332000
2017-09-08,47.0676420846265,47.11720186485649,46.58739960906142,46.65678405761719,19998000
2017-09-11,46.943739154607016,47.215329161023206,46.63646247771097,46.74995803833008,26748000
2017-09-12,46.92986639007755,46.98785061765832,46.46300544587167,46.91648483276367,25696000
2017-09-13,46.8594898034371,47.2237600572142,46.821821798411804,47.10431671142578,21908000
2017-09-14,46.88426882051995,46.98487816597808,46.50562633537142,46.59334945678711,28548000
2017-09-15,46.59137356983421,46.67364425512947,46.153257025860036,46.35348129272461,39886000
2017-09-18,46.3395959130257,46.43128169350393,45.86331989401225,46.07890701293945,29474000
2017-09-19,46.26029757064068,46.48480444995735,45.92576246932426,46.431278228759766,24854000
2017-09-20,46.474403881973544,47.08251037312325,46.463003657687416,46.96059036254883,40080000
2017-09-21,46.9898306837938,47.221276017276935,46.55617601288195,46.961082458496094,27414000
2017-09-22,46.7241838270284,47.0825062682508,46.62853160526294,46.74846649169922,21496000
2017-09-25,46.55964815986738,46.57451571656359,45.819212074576235,46.30342102050781,37468000
2017-09-26,46.42286013317062,46.789111725893534,46.34505123726663,46.45953369140625,33454000
2017-09-27,46.72270903201437,47.84723640202674,46.68355502189851,47.57316589355469,46692000
2017-09-28,47.39226204234586,47.88439628409451,47.357569818764226,47.81650161743164,28018000
2017-09-29,47.875478237584396,48.36166849958184,47.875478237584396,48.258087158203125,40622000
2017-10-02,48.35373932776026,48.457320669009164,47.67475860691902,47.948333740234375,30782000
2017-10-03,47.952792049759275,48.19465073978872,47.712426921460825,48.17680740356445,21666000
2017-10-04,48.160946989356134,48.29178677220643,47.85614697503477,47.91413497924805,21156000
2017-10-05,48.21199609436879,48.8919675018557,48.087104081371635,48.82654571533203,35618000
2017-10-06,48.569329640003204,49.276064187029185,48.495483406256206,49.24533462524414,31060000
2017-10-09,49.31273310628624,49.58333245194883,49.139271987271755,49.17941665649414,25910000
2017-10-10,49.32759847210188,49.4351462517006,48.62433513576794,48.955894470214844,23268000
2017-10-11,49.01735125378274,49.935710176474416,48.962834362733496,49.840553283691406,36300000
2017-10-12,49.75084883624707,50.13246329242307,49.61505194173031,49.840553283691406,30614000
2017-10-13,50.012035936155605,50.29205040405746,49.91043592599392,49.95058059692383,26552000
2017-10-16,50.03780267082565,50.155260899103,49.635868206247544,50.02392578125,21420000
2017-10-17,49.9292683269917,50.282138347243546,49.86037921177929,50.1057014465332,20260000
2017-10-18,50.10818363359183,50.36886876642242,49.82419893752055,50.19194030761719,25596000
2017-10-19,49.79594710832545,49.92331955956214,49.4267235401262,49.65172576904297,34284000
2017-10-20,49.90993843259693,49.9892333235861,49.67303686351847,49.81180953979492,32120000
2017-10-23,49.817258529534215,49.84749275548873,48.722961802318444,48.84389114379883,32786000
2017-10-24,48.891469005822216,49.02825656773262,48.42460809612858,48.99009323120117,28902000
2017-10-25,48.88007317732494,49.28448812092548,48.45633267833435,49.13729476928711,30574000
2017-10-26,49.484710009370325,49.88317715493495,49.0882241963319,49.13530731201172,47396000
2017-10-27,51.0964116834215,52.713572061812,50.89123035784542,51.22923278808594,103682000
2017-10-30,51.00571960753654,51.53453117344185,50.66722182411258,51.202476501464844,46804000
2017-10-31,51.196031973325574,51.59251396763204,50.86397352936857,51.19801330566406,30326000
2017-11-01,51.360578418826066,51.932506692411785,51.24559685188061,51.671817779541016,43262000
2017-11-02,51.54246634408866,51.81653682643452,50.980943821831424,51.690155029296875,26694000
2017-11-03,51.67924528312644,52.071269271103205,51.42648551225623,52.038063049316406,27770000
2017-11-06,51.99395900370159,52.16692478659665,51.64207587831288,51.675777435302734,18294000
2017-11-07,52.021212234328715,52.20756334943177,51.691638013595565,52.15700912475586,26104000
2017-11-08,52.041035785550626,52.66748088604285,51.89235645676563,52.44941711425781,24276000
2017-11-09,51.939440701158716,52.082172254920344,51.33727825199053,51.92556381225586,35892000
2017-11-10,51.73475744873855,51.87154501267032,51.603422330273105,51.748634338378906,19442000
2017-11-13,51.58261139575817,51.97612145160258,51.506288496225935,51.60243606567383,18814000
2017-11-14,51.429960607855584,51.65694795179312,51.014145475460474,51.624237060546875,21012000
2017-11-15,51.295148608705276,51.524612592395314,51.08501017655331,51.365028381347656,18106000
2017-11-16,51.48100576143099,52.12578956238235,51.443836872626704,51.96273422241211,23768000
2017-11-17,52.0286503367472,52.088120557690495,51.23221143491921,51.33926010131836,26712000
2017-11-20,51.34471372069416,51.47852928321402,51.18017238080679,51.27830505371094,17526000
2017-11-21,51.54494086065001,52.05789424399179,51.500338191404104,52.05343246459961,22206000
2017-11-22,52.09605620556494,52.30768068060407,51.90227506774904,52.133724212646484,14538000
2017-11-24,52.25613167152531,52.537635891126406,52.13371633875273,52.3616943359375,16492000
2017-11-27,52.463299987766014,53.180440279049044,52.274967522851114,53.129390716552734,35430000
2017-11-28,53.22752124889509,53.52537904268246,52.263568972012045,52.69722366333008,36424000
2017-11-29,52.34484943423029,52.473212564224816,51.03000836419625,51.41311264038086,55866000
2017-11-30,51.53998442368206,51.74813776329169,51.05082218501505,51.3531379699707,45092000
2017-12-01,51.06767204538539,51.406169840541914,50.39811023297362,50.80302047729492,37762000
2017-12-04,50.93831560122074,51.11376182533822,50.01748004407032,50.1488151550293,38778000
2017-12-05,50.10520514712618,51.37841542120458,49.675516908877654,50.53192138671875,38998000
2017-12-06,50.37928111680594,51.52214706599966,50.319311773495684,51.18216323852539,28710000
2017-12-07,51.34818354419263,51.9850344394333,51.312995988568474,51.769447326660156,30866000
2017-12-08,52.12826561142024,52.35673894921775,51.83337982649781,52.007835388183594,31170000
2017-12-11,52.09357480168191,52.3359250351989,51.747147896751756,52.13619613647461,23254000
2017-12-12,52.038556279088446,52.65806290145854,51.784310519272985,51.977596282958984,33882000
2017-12-13,52.14164928372909,52.31015329271311,51.869064820762155,52.107452392578125,27680000
2017-12-14,52.310650254125115,52.885055154028365,52.216979361863125,52.40877914428711,30962000
2017-12-15,52.72150409703904,53.289964995580945,52.53862787409119,53.12889099121094,63760000
2017-12-18,53.34943907124969,53.847029561276564,53.0481139366286,53.777645111083984,30292000
2017-12-19,53.67504780978362,53.771690694991904,53.14226982729202,53.514469146728516,26350000
2017-12-20,53.570976669893696,53.58633955901612,52.960389739453646,53.20621109008789,28728000
2017-12-21,53.29690925764038,53.40247193622086,52.98021744072983,53.071903228759766,25640000
2017-12-22,53.0297762731444,53.11501894752111,52.91281337186269,52.9732780456543,17788000
2017-12-26,52.962374066642845,52.973278958283096,52.46676867237419,52.824100494384766,18376000
2017-12-27,52.86126973732832,52.94403574205219,52.45387904424233,52.5440788269043,22324000
2017-12-28,52.64568418069929,52.77404731349402,52.20608166562187,52.33345413208008,19884000
2017-12-29,52.31065452202332,52.43752786701146,52.172377171298635,52.207069396972656,23606000
2018-01-02,52.18823602727993,53.32614474191771,52.18823602727993,53.18886184692383,31766000
2018-01-03,53.22454611875664,54.32330464034864,53.19976811908015,54.096317291259766,31318000
2018-01-04,54.372367004712004,54.71879390313872,54.23211211278629,54.30644989013672,26052000
2018-01-05,54.68757622449183,55.189624716090684,54.60580088310627,55.02656936645508,30250000
2018-01-08,55.06175156620179,55.466166454382616,55.01219178929201,55.22084045410156,24644000
2018-01-09,55.43048898324234,55.43048898324234,54.92298804577905,55.15047073364258,26808000
2018-01-10,54.86350534525283,55.14996666139278,54.71383535743911,55.019126892089844,20734000
2018-01-11,55.12668627336609,55.252568957438264,54.83774823109242,55.113800048828125,22424000
2018-01-12,55.017148724300554,56.06782960361412,54.91356739186002,56.03561782836914,38586000
2018-01-16,56.51436955500882,56.93910443488251,55.83786934969371,56.03809356689453,36462000
2018-01-17,56.31860984509447,56.465307847683086,55.68076449476652,56.45440673828125,27830000
2018-01-18,56.4667877628891,56.5282430913726,55.72883226920716,56.29927444458008,27498000
2018-01-19,56.40137921915933,56.686350797479946,56.12730875089229,56.6724739074707,30552000
2018-01-22,56.68833248096029,57.83119828621252,56.58920914320012,57.69639205932617,29550000
2018-01-23,58.016557200720996,58.40759058474684,57.84953918024248,58.29161834716797,39138000
2018-01-24,58.72824813925114,58.83083881813154,57.8569722590722,58.04976272583008,37128000
2018-01-25,58.5166158249372,58.72923093256369,58.07701338802162,58.587486267089844,29984000
2018-01-26,58.85461980516385,58.85610580444336,57.888190909871525,58.85610580444336,42170000
2018-01-29,58.877910188524204,59.373515480410205,58.682639313822754,58.80257797241211,31494000
2018-01-30,58.368433664699566,58.87444478078804,58.20934099291107,58.3510856628418,37338000
2018-01-31,58.670253105979164,58.79465355309135,58.089900442604886,58.591453552246094,36022000
2018-02-01,58.282696268570014,58.85066187604403,57.954108905262224,58.56023406982422,73514000
2018-02-02,55.875534160799006,56.067829269626365,55.07017550460589,55.46814727783203,117842000
2018-02-05,54.54682539901895,55.259507731117665,52.37260773820917,52.65262222290039,83550000
2018-02-06,51.24460950950969,53.89114058527097,51.04785258867497,53.744937896728516,76630000
2018-02-07,53.7716965065341,53.849010066822935,52.26753239751377,52.30668640136719,51942000
2018-02-08,52.52772532550437,52.72894022549498,49.79347138693803,49.942649841308594,66792000
2018-02-09,50.843166209275466,52.1238103991256,49.41185755224659,51.85370635986328,98360000
2018-02-12,52.36913270687961,52.810221185082895,51.815047776924764,52.26456069946289,56240000
2018-02-13,52.038566352151555,52.59463642076135,51.885920556337666,52.24374771118164,31586000
2018-02-14,52.2526642754772,53.30086856023521,52.02865270819885,53.1635856628418,41304000
2018-02-15,53.6963625203302,54.22418343070422,52.892489821861744,54.08838653564453,37396000
2018-02-16,54.1884965402289,54.928437234203486,54.09780142657689,54.2935676574707,39948000
2018-02-20,54.1577707285977,55.323928544569256,54.02098316796261,54.69451141357422,33754000
2018-02-21,54.967589158941095,56.310679154233284,54.888785823988364,55.19804382324219,41486000
2018-02-22,55.466663605995095,55.7783982807117,54.77182469679677,55.00723648071289,28010000
2018-02-23,55.44138099287463,55.95383895874561,54.93487458599309,55.90873718261719,25292000
2018-02-26,56.095592471301536,56.707170122167426,55.97070045243147,56.68239212036133,30912000
2018-02-27,56.68239160491353,56.70965005347081,55.34871652059115,55.3843994140625,42964000
2018-02-28,55.606918829221456,55.88693706230646,54.66527168794247,54.71086502075195,49292000
2018-03-01,54.989396258903604,55.075134258798855,52.89546066543097,53.09965133666992,55338000
2018-03-02,52.43405422890185,53.86685253316526,52.04401532071384,53.730560302734375,50162000
2018-03-05,53.43269668645087,54.57506328848854,53.142268921536555,54.25688552856445,28648000
2018-03-06,54.62066174363081,54.79561262940941,54.24400064252996,54.561187744140625,23382000
2018-03-07,54.160739256716965,55.31946700184924,54.01651792756434,55.2619743347168,30748000
2018-03-08,55.36903066846734,56.07477069501771,55.36903066846734,55.972679138183594,33862000
2018-03-09,56.47422954756245,57.53978183323075,56.216021089643974,57.53185272216797,42662000
2018-03-12,57.740502868635886,58.39024381438581,57.45057417792342,57.78411865234375,44306000
2018-03-13,58.07652175924303,58.38231244180919,56.22989723150085,56.49454879760742,43140000
2018-03-14,56.78645698136872,57.47832005395603,56.61547254547331,56.939598083496094,41870000
2018-03-15,56.97330401261731,57.61412136076028,56.28391755240599,57.024845123291016,33382000
2018-03-16,57.25975705738677,57.33211349132,56.07079897843445,56.22245407104492,58656000
2018-03-19,55.396785995831834,55.47657622148134,53.967458786173076,54.52006149291992,63656000
2018-03-20,54.43729202115942,54.79165182688679,53.64531485171296,54.30843734741211,54598000
2018-03-21,54.14835258058929,54.947763451317684,53.882706585087355,54.21922302246094,44898000
2018-03-22,53.525873763821735,53.71965488321748,52.02071902766322,52.194679260253906,69312000
2018-03-23,52.106463143806025,52.8701912128409,50.793108135802136,50.87636947631836,49880000
2018-03-26,52.068294752408676,52.49798675141057,50.0848827665195,52.24126052856445,65984000
2018-03-27,52.72745539437462,52.75917562050298,49.44258379491347,49.90448760986328,60816000
2018-03-28,49.65519983899021,50.79905639684896,48.76757041702182,49.8172607421875,77698000
2018-03-29,50.116108767613646,51.94191790581363,49.76075831645837,51.40121078491211,69338000
2018-04-02,50.92939798969693,51.51966490505734,49.27556391877928,50.186485290527344,65068000
2018-04-03,50.36093697251171,50.79954876939422,49.42424315623296,50.486324310302734,51322000
2018-04-04,49.47281483694664,51.183150998303724,49.3875721636293,51.032981872558594,50724000
2018-04-05,51.85965337781014,51.875511601121715,50.74999367460357,51.17819595336914,35836000
2018-04-06,50.70537978004866,51.344711105425375,49.87028601428037,50.05366134643555,40134000
2018-04-09,50.553729117408686,51.77044120931999,50.512098447787814,50.556209564208984,33220000
2018-04-10,51.06023738055069,51.60292584492983,50.324263131758265,51.3694953918457,36620000
2018-04-11,51.14647098841187,51.33827077452912,50.512096740674785,50.802520751953125,34060000
2018-04-12,51.12020294036423,51.77340735685457,50.85158495069181,51.40864181518555,32896000
2018-04-13,51.88443393426778,52.18625440905699,51.054788730240396,51.34669876098633,25410000
2018-04-16,51.81801743345529,52.109432108293085,51.24162741414493,51.84527587890625,29776000
2018-04-17,52.593647211157716,53.7731867199222,52.38995184593481,53.4936637878418,54584000
2018-04-18,53.476306760767876,53.62449074568985,53.05553835448777,53.296897888183594,31126000
2018-04-19,52.981207196880035,54.39318645789656,52.981207196880035,53.99372863769531,39884000
2018-04-20,53.7370007944744,54.25639346296965,53.13384767816928,53.392555236816406,42434000
2018-04-23,53.673071282759295,53.921868427448494,52.86523585104433,53.21860122680664,69590000
2018-04-24,52.49452294582918,52.7566978691135,50.19788997744447,50.68259048461914,128220000
2018-04-25,51.03495876488472,51.34818321298187,50.40355653776733,50.69993209838867,57860000
2018-04-26,51.20693361948677,52.13867406727597,50.574045396276794,51.707000732421875,50926000
2018-04-27,51.81753087608949,52.12282249190901,50.92792003115116,51.11922073364258,40746000
2018-04-30,51.26640768706322,51.46217013051558,50.467492129684615,50.48136901855469,34492000
2018-05-01,50.36836527937819,51.628689194326036,50.08636574267185,51.58012008666992,35326000
2018-05-02,51.24559455331797,51.740209242965754,50.70835852904967,50.85158920288086,34698000
2018-05-03,50.817890670453565,51.081551585996564,49.9515719123334,50.86397933959961,39282000
2018-05-04,50.532414403823864,52.13173528663893,50.45510084945613,52.08811950683594,36892000
2018-05-07,52.23135253889775,52.78197011656023,52.05194364303157,52.50740432739258,34400000
2018-05-08,52.76313525434269,52.79336947934582,52.11984124058492,52.46428680419922,26030000
2018-05-09,52.73737242404815,54.21923151118274,52.63874440851168,53.96894836425781,47160000
2018-05-10,54.26878424521396,54.98295247150408,54.2132766896246,54.787681579589844,36414000
2018-05-11,54.53690776972839,54.963128667508,54.37880954420044,54.68410110473633,30504000
2018-05-14,54.79264321755783,55.41611638442286,54.75448366052248,54.843692779541016,39338000
2018-05-15,54.362953596565845,54.47297804789163,53.46491465013553,53.76673889160156,35738000
2018-05-16,53.77764049312645,54.23805827169057,53.60616071489885,53.72807693481445,25628000
2018-05-17,53.59773999996606,54.07054491983229,53.347952202175854,53.587825775146484,25738000
2018-05-18,52.83152899932591,53.21463323157747,52.76611099952149,53.01192855834961,35482000
2018-05-21,53.475819265171054,54.18453508340372,53.42625948525196,53.724117279052734,25180000
2018-05-22,54.01107679456689,54.110196359601304,53.14178225268179,53.29294204711914,22226000
2018-05-23,53.02977610836668,53.921867312376904,52.87911164808189,53.820762634277344,23740000
2018-05-24,53.86734752980763,53.878248639472716,53.14376416142113,53.79548263549805,20604000
2018-05-25,53.85000018041669,53.9996739682127,53.65423772549646,53.72758483886719,22224000
2018-05-29,53.327131014419166,53.59178633922201,52.68680903966829,52.93411636352539,36076000
2018-05-30,53.20224252007157,53.47532230619452,52.85878762173306,53.39999008178711,28686000
2018-05-31,53.624495197182775,55.01219163374467,53.426256090104154,54.51658630371094,79368000
2018-06-01,55.15443959061594,56.4078253183441,55.11181447089963,56.25121307373047,63202000
2018-06-04,56.424671348332794,57.384165656018176,56.35032978563712,57.14528274536133,44754000
2018-06-05,57.22556935872468,57.5447378144486,56.868732899731924,57.045166015625,32964000
2018-06-06,57.13189894906885,57.228046509321615,56.31662980054046,56.84345626831055,34934000
2018-06-07,56.72598845390726,56.78992044517728,55.81110078678511,56.22245407104492,36108000
2018-06-08,56.06336901900951,56.438540330678784,55.66787392708985,56.13771057128906,27284000
2018-06-11,56.14910896082906,56.88260650430894,56.07278607365033,56.543609619140625,24796000
2018-06-12,56.549556791224404,56.93266100342097,56.549556791224404,56.9049072265625,26092000
2018-06-13,57.10761497725214,57.274141439602225,56.666526492908304,56.70865249633789,34302000
2018-06-14,57.104145445651795,57.78708881414241,57.02435144007503,57.49567413330078,35422000
2018-06-15,57.48625230286175,57.68399985962195,57.17749341643458,57.45404052734375,44438000
2018-06-18,57.127935793270495,58.6861215150779,57.0441791183522,58.65886306762695,33038000
2018-06-19,57.991277490301755,58.62069461126461,57.57001370560989,58.416507720947266,47282000
2018-06-20,58.64498024715416,59.5464864732717,58.58203891404472,58.68313980102539,51686000
2018-06-21,58.75451158577601,58.993390704556724,57.662691538508525,57.958072662353516,44966000
2018-06-22,58.05967542016018,58.23363187925344,57.47287580952933,57.95064163208008,34220000
2018-06-25,57.24242026145047,57.291484709113526,55.50284435321936,56.46332931518555,57682000
2018-06-26,56.704188739949835,56.839486514085834,55.953842303393166,56.13325119018555,34688000
2018-06-27,56.30077074881717,56.806785690036946,55.344252208444104,55.35614776611328,34538000
2018-06-28,55.130641104863024,56.20164577712251,54.81742043867429,55.84381866455078,29726000
2018-06-29,56.117891548666634,56.56641379159462,55.85571664765586,55.963260650634766,31562000
2018-07-02,55.27734313265763,56.64719625524921,54.843688462348,56.603580474853516,23216000
2018-07-03,56.96587445439247,56.99015712164091,55.23175095141119,55.32343673706055,16448000
2018-07-05,55.73578156105257,56.70419567032475,55.66243066280072,56.56294631958008,28594000
2018-07-06,56.58673608975874,57.301895041910846,56.3622254020404,57.24638748168945,21820000
2018-07-09,57.49022168434929,57.88323637131992,57.35293878806448,57.85102081298828,21584000
2018-07-10,57.985331219841854,58.1592876710228,57.61709453525378,57.84408187866211,21334000
2018-07-11,57.273146874534554,58.50324054059404,57.26075976503344,58.058189392089844,33252000
2018-07-12,58.22668977309405,59.57126580776698,58.1394619918808,59.53508758544922,44148000
2018-07-13,59.61141826398349,59.9900607679534,59.23921887235507,59.691707611083984,32612000
2018-07-16,59.6614686063109,59.90431796084138,59.14554323296885,59.299678802490234,26784000
2018-07-17,58.61723411073506,60.4024034608938,58.58055677018775,60.12089920043945,40162000
2018-07-18,59.89539182160768,60.542652288045545,59.69863870575832,60.11246871948242,38948000
2018-07-19,59.802216391462835,60.28939726800395,59.36013729300515,59.428035736083984,38338000
2018-07-20,59.43498353442949,60.00641649782446,59.30364462528399,59.36758041381836,37938000
2018-07-23,59.25755386181982,60.22101084249666,59.07665517549802,60.0178108215332,65446000
2018-07-24,62.99143845565767,63.18968134945834,61.660243984113876,62.35458755493164,107600000
2018-07-25,62.080522592059964,63.350261840961494,61.90359034941436,63.23627471923828,51104000
2018-07-26,62.80212968729182,63.80424543427825,62.59496698166866,63.710079193115234,54686000
2018-07-27,63.88948140697358,64.00445919209274,61.67759210645797,62.093902587890625,48362000
2018-07-30,61.705344418372555,62.09390111054303,60.67052168990716,60.96144104003906,43896000
2018-07-31,61.044203717468605,61.5150310558074,60.275027048471166,60.821678161621094,39382000
2018-08-01,61.410953346210704,61.74746600627616,60.70868068711773,61.107643127441406,36994000
2018-08-02,60.389515030194794,61.67363026870209,60.36770902862689,61.511070251464844,34704000
2018-08-03,61.71178542440933,61.77819787182049,60.93071318293383,61.36387252807617,21264000
2018-08-06,61.53485524132146,61.57698124085062,60.98572368583981,61.33958435058594,22114000
2018-08-07,62.050290018214994,62.747609449029476,62.039884240753885,62.240108489990234,42506000
2018-08-08,62.28371844964311,63.027126526640515,62.05574042643752,62.5121955871582,34344000
2018-08-09,62.58157462215687,63.03901662839848,62.45123017527633,62.66731262207031,27326000
2018-08-10,62.405630456506685,62.505744455577286,61.80991491752661,62.0750617980957,26602000
2018-08-13,62.01014739046385,62.742155246432816,61.8034800348069,61.883270263671875,27500000
2018-08-14,62.07457254828527,62.47551635459979,61.432269168947464,62.354095458984375,28080000
2018-08-15,61.667181567651326,62.04879601342514,60.77310911621707,61.069480895996094,37052000
2018-08-16,61.55368963871521,61.63844075778271,60.44551600960189,60.665069580078125,32176000
2018-08-17,60.56495623560335,60.8082971269196,59.670883777475254,60.258174896240234,33092000
2018-08-20,60.49656909164622,60.75676268028878,59.90382546264028,60.56050109863281,22218000
2018-08-21,60.613524255803895,61.096243364971755,60.21753381099704,60.335487365722656,23082000
2018-08-22,60.17738531551738,60.787476831600465,60.12782554172561,60.55057907104492,22296000
2018-08-23,60.45790275071416,61.215682970911885,60.4316349723723,60.521339416503906,24666000
2018-08-24,60.761220650116336,61.32621049773079,60.53423328853542,61.29399871826172,24454000
2018-08-27,61.6602531030079,62.34071988532846,61.48877329590963,62.26142120361328,28580000
2018-08-28,62.24307389397882,62.27578478470484,61.60225654145498,61.745487213134766,27330000
2018-08-29,62.19847752958792,62.801630721454984,62.08944373689959,62.676734924316406,36926000
2018-08-30,62.61477577314226,62.91659999479421,61.812392889065606,62.17071533203125,30104000
2018-08-31,62.06019862087965,62.07704750902124,60.74882500359902,61.048667907714844,42308000
2018-09-04,60.588743467717634,60.85389413951963,59.797757012510694,60.03316879272461,41458000
2018-09-05,59.92958505299374,60.209603268767296,58.25047398684112,59.428035736083984,53988000
2018-09-06,59.401772852100315,59.422588186507085,57.669135421665715,58.67918014526367,46854000
2018-09-07,58.08495324074495,58.90518338037906,57.949655442628604,58.36199951171875,32658000
2018-09-10,58.68958681588538,58.81150682548309,58.01605854552151,58.236602783203125,27670000
2018-09-11,58.0403411629823,59.023622723692185,57.78510471760497,58.976539611816406,29254000
2018-09-12,58.58054689876138,59.0112295522715,57.795508258909024,58.065120697021484,35716000
2018-09-13,58.466560715658176,58.87097559803753,57.94716427880943,58.587486267089844,40068000
2018-09-14,58.87791308757621,58.87791308757621,58.16027377640068,58.38131332397461,24176000
2018-09-17,58.37091550269428,58.57163507815702,57.41390162752247,57.4818000793457,34096000
2018-09-18,57.6220499215381,58.54734726984671,57.561089920191904,57.842594146728516,32314000
2018-09-19,57.93428317441041,58.29656828515363,57.42182517002772,58.19744873046875,25962000
2018-09-20,58.51464346063572,59.1752855499603,58.2955852082251,59.05485153198242,29244000
2018-09-21,59.22087237514745,59.30314304404361,58.08792079313823,58.09089279174805,91222000
2018-09-24,57.46098451686773,58.7386528621229,57.068960478314175,58.45962905883789,31150000
2018-09-25,58.69206071378023,59.3170160188867,58.18852250926169,59.169822692871094,33152000
2018-09-26,59.15992209958486,59.831465293153904,58.74906404691643,59.17825698852539,37650000
2018-09-27,59.47264439063263,60.308233562102814,59.37600149474461,59.83740997314453,36274000
2018-09-28,59.675351927094255,59.89143819135329,59.36510320327684,59.82353973388672,35612000
2018-10-01,60.116932054313466,60.67200764101724,59.630741801659894,59.89539337158203,33164000
2018-10-02,59.80320643636311,60.6878637383328,59.455788895364165,59.851280212402344,40180000
2018-10-03,60.06736319555159,60.17540630465015,59.57919165347561,60.044071197509766,26246000
2018-10-04,59.721935083474726,59.7650517538794,57.68103397695857,58.33622360229492,46576000
2018-10-05,58.28319473476469,58.58055722083187,57.2087225822426,57.8782844543457,31852000
2018-10-08,57.49021518559159,58.27624447067923,56.271026593154595,57.28800964355469,46190000
2018-10-09,57.059538480767145,57.56703939265589,56.705677800090115,56.7552375793457,33690000
2018-10-10,56.32059260740062,56.35132216631771,54.0958209407641,54.12803649902344,58980000
2018-10-11,53.477797997161574,55.31253068053545,53.32168110589757,54.057655334472656,67696000
2018-10-12,55.48995471044666,55.79673604918026,54.27027069545149,55.53456115722656,49370000
2018-10-15,55.408677799683794,55.5970064651996,54.42836824178441,54.637516021728516,30074000
2018-10-16,55.184669329646496,56.31911080517514,55.09893132049518,56.15605545043945,38378000
2018-10-17,56.49900944196669,56.84593167168672,55.21043629864681,55.88396453857422,35652000
2018-10-18,56.00341102889499,56.11987860211233,53.83959915144038,54.41301345825195,46152000
2018-10-19,54.700463645484554,55.55488685474241,54.369399607612905,54.7733154296875,41286000
2018-10-22,55.136591608320536,55.59155696560373,54.516589575483515,55.08009338378906,27116000
2018-10-23,54.084911789099046,55.408676198104125,53.476310030097686,55.255531311035156,37686000
2018-10-24,55.25999456332015,55.34028389764265,52.28933456741099,52.39142990112305,49286000
2018-10-25,53.54024537331576,55.399756102645775,53.304833588221236,54.69451141357422,72956000
2018-10-26,51.95580081617236,55.35912148343913,51.65348122068418,53.71123504638672,106438000
2018-10-29,54.34511727258294,54.954218279591906,49.91737931628279,51.28178024291992,81290000
2018-10-30,50.55224034697912,52.08316370963362,50.25289656485234,52.01427459716797,59768000
2018-10-31,52.94056785451772,54.91307897959648,52.94056785451772,54.04973220825195,70916000
2018-11-01,54.09036865507806,54.51163245458862,53.41733572962472,53.82175064086914,40132000
2018-11-02,53.97142331655281,54.41746888733465,52.91380016975293,53.10361862182617,43438000
2018-11-05,53.15515738482531,53.19579738468106,51.24559163053158,52.322540283203125,45358000
2018-11-06,52.28735808027902,53.51646108225636,52.21747829667191,53.00846481323242,28660000
2018-11-07,53.69834244575057,55.00872157192472,53.55461644355465,54.924964904785156,43388000
2018-11-08,54.8783850813804,54.92397841663363,53.7414632001446,54.250450134277344,33694000
2018-11-09,53.724615435100866,53.939211902432895,52.74530021774066,53.37769317626953,34860000
2018-11-12,53.18490076676925,53.23297454810507,51.560306426195,52.00684356689453,34002000
2018-11-13,52.276947022249765,52.86473345935463,51.56277880648928,51.937950134277344,25750000
2018-11-14,52.53416671302797,52.82112338828887,51.597968244023455,52.26554870605469,34666000
2018-11-15,52.11092309230952,53.469376054780525,51.606889506378266,53.08181381225586,41584000
2018-11-16,52.7933777338449,53.15070957629257,52.28141497283488,52.94404220581055,35366000
2018-11-19,52.70217963465381,52.93065677293835,50.69398942241821,50.91948699951172,45684000
2018-11-20,49.92183335408963,51.41162530025383,49.670067994578666,51.06965637207031,54458000
2018-11-21,51.806119620338215,52.271989838240096,51.51619095744244,51.712947845458984,29698000
2018-11-23,51.22081112953466,51.691638471206154,50.97399912574194,51.05230712890625,14178000
2018-11-26,51.74120147294629,52.3854861863496,51.53155834412097,52.33295440673828,31558000
2018-11-27,52.10497392364605,52.86919727857594,51.81554058226542,52.15155792236328,33048000
2018-11-28,52.408282980563826,54.16272632477953,51.68915764114635,54.10969543457031,46042000
2018-11-29,53.70032878086884,54.52402620233028,53.62450121735956,54.24797439575195,31004000
2018-11-30,54.30001497294839,54.994850158691406,53.68298490261027,54.994850158691406,59668000
2018-12-03,56.1104575760452,56.25120780292768,55.09793241741592,55.32740020751953,57532000
2018-12-04,55.16038504432092,55.222335716900645,52.57282901926797,52.656585693359375,45630000
2018-12-06,51.79076340299534,53.49663782573573,51.665871388846796,53.43022537231445,47436000
2018-12-07,53.140293289083,53.774667544723464,51.511732533849006,51.86906433105469,42682000
2018-12-10,51.68866228487641,52.51434095626558,51.19603272852635,52.196163177490234,33652000
2018-12-11,52.87811881343425,53.04959860207512,52.04352031841192,52.615943908691406,33852000
2018-12-12,53.38066128063316,54.10672130549076,53.12740615957853,53.21463394165039,28960000
2018-12-13,53.31078190544962,53.94267948952978,52.78147499288261,53.20521545410156,24986000
2018-12-14,52.53515493329178,53.115012254042895,52.00733405403013,52.12330627441406,36358000
2018-12-17,51.89037426011331,52.65212095785888,50.38472798120905,50.831764221191406,49932000
2018-12-18,51.24559804419074,52.51880841115297,51.07114246659336,51.71196365356445,43640000
2018-12-19,51.90425167522263,53.312763523901886,50.523497386753405,51.31795120239258,58264000
2018-12-20,50.849102817129655,51.91168296571003,49.95007710553341,50.72916793823242,53674000
2018-12-21,51.14845208991037,51.42747585544502,48.6282995178154,49.12687683105469,104656000
2018-12-24,48.783429431664416,50.161211813035855,48.453356059911194,48.800777435302734,36360000
2018-12-26,49.46091860571116,51.96174194605953,49.19626326965174,51.9320068359375,46318000
2018-12-27,50.85902371181773,52.20409512427059,49.907458541178066,52.182289123535156,45996000
2018-12-28,52.50938838379632,52.74380951627864,51.64207897069144,51.8740234375,34398000
2018-12-31,52.42662181757519,52.68235739680241,51.19801794154297,51.788780212402344,33110000
2019-01-02,50.908587439587016,52.57332655771862,50.81343053702723,52.270511627197266,31868000
2019-01-03,52.07176536650582,52.844413130736584,50.669201388757,50.822837829589844,41960000
2019-01-04,51.66982980650256,53.525377872894474,51.38733490786459,53.429725646972656,46022000
2019-01-07,53.573449036903185,53.65918703417119,52.66500438271906,53.32316970825195,47446000
2019-01-08,53.822744092306515,54.187014353029106,52.94800088966492,53.79152297973633,35414000
2019-01-09,53.92136997908412,54.10226487887618,53.246351931681716,53.607154846191406,26998000
2019-01-10,53.274605323618616,53.51596489702843,52.76611372955683,53.4673957824707,26598000
2019-01-11,53.024820153608665,53.196795286176545,52.35723962602877,52.755706787109375,30864000
2019-01-14,52.2040946206828,52.457349745213584,51.96670149930838,52.113399505615234,28490000
2019-01-15,52.43554783604918,53.93525025101272,52.25861559013519,53.8480224609375,37518000
2019-01-16,54.02098673533876,54.63355501884388,53.92236250436648,53.996700286865234,38280000
2019-01-17,53.921368442386935,54.55128090841665,53.68694354161793,54.47297668457031,24896000
2019-01-18,54.94231563947383,55.40868122487252,54.48090716644396,54.87838363647461,44892000
2019-01-22,54.31834766794679,54.46554479169045,53.07388180032208,53.457481384277344,39632000
2019-01-23,53.865359331761276,54.16718355200719,52.90934000933146,53.74393844604492,25194000
2019-01-24,53.64977514185636,53.92186426712231,53.03076377971732,53.7236213684082,29114000
2019-01-25,54.23062014724432,54.68310881048512,54.11018992785401,54.59142303466797,23260000
2019-01-28,54.024451311803865,54.1879981946818,53.258242881114185,53.518436431884766,29334000
2019-01-29,53.57691983324791,53.759799844010175,52.83252112922512,53.032745361328125,19704000
2019-01-30,53.39454127483169,54.4928044913876,53.35885838319014,54.41697692871094,29452000
2019-01-31,55.123212843141104,55.88793158900815,54.77678591933822,55.799713134765625,40232000
2019-02-01,55.621289087983165,56.22147020160237,55.22282575781473,55.43940353393555,33116000
2019-02-04,55.458738999859754,56.61498646067175,55.38439743543495,56.56938934326172,78408000
2019-02-05,55.985062161658846,57.131894347575916,55.68621372843198,57.08728790283203,82296000
2019-02-06,56.95843478322537,57.19285589279355,55.42651701277045,55.65102767944336,48256000
2019-02-07,55.102394698878804,55.11081914301035,54.198907096289624,54.80949401855469,38298000
2019-02-08,54.2628403443188,54.76935060643316,54.23112389952637,54.634544372558594,21766000
2019-02-11,54.70244681949454,55.18219400313777,54.516594791795235,54.62166213989258,18498000
2019-02-12,55.06224794643094,56.14514818740517,55.06224794643094,55.88346862792969,35036000
2019-02-13,56.15406780576214,56.64025803524329,55.805160467057085,55.93550491333008,28042000
2019-02-14,55.75560701725937,56.30721530844446,55.36358296775746,55.96376037597656,21106000
2019-02-15,56.46431712713548,56.46431712713548,55.34523865451279,55.48945999145508,27826000
2019-02-19,55.3412744861392,55.98555914866208,55.3412744861392,55.83043670654297,21980000
2019-02-20,55.94789489522291,56.04949489564427,55.09892423297482,55.53703689575195,24090000
2019-02-21,55.44733617946482,55.465674848432876,54.41647611332852,54.72523880004883,33272000
2019-02-22,54.9973232075196,55.37150386454631,54.54136721859264,55.33730697631836,29436000
2019-02-25,55.603451028090085,55.775426143808744,55.21588879663741,55.37547302246094,26208000
2019-02-26,55.22877557612181,55.826971639267626,54.84864709251726,55.607418060302734,35026000
2019-02-27,55.210929903988735,55.7917778993341,54.940825906361525,55.65102767944336,22092000
2019-02-28,55.458243458549056,56.201156204526654,55.42900367850027,55.83242416381836,27422000
2019-03-01,56.05296837179371,56.99461936094752,56.05296837179371,56.921268463134766,34086000
2019-03-04,57.220617949824806,57.763801803361666,56.41228339115817,57.164119720458984,35490000
2019-03-05,57.291978933950915,58.30747610261752,57.144290260692664,57.945682525634766,40094000
2019-03-06,58.07305648761124,58.22074516470668,57.64138311830009,57.73505401611328,23602000
2019-03-07,57.51500046237742,57.66764623960241,56.58375534858364,57.036739349365234,30086000
2019-03-08,56.19669456823695,57.16560400797149,56.01331921369949,56.993133544921875,23694000
2019-03-11,57.09373639455161,58.47697114634712,57.07242572690145,58.444759368896484,30032000
2019-03-12,58.5954219125641,59.755631944132176,58.5954219125641,59.33634948730469,42220000
2019-03-13,59.76653882003293,59.82551371065459,59.36906235006115,59.426055908203125,25888000
2019-03-14,59.42407736112218,59.70558161435647,59.0380010971497,59.1024284362793,27302000
2019-03-15,59.373523455870405,59.55788568478085,58.82884986974462,58.991905212402344,51886000
2019-03-18,58.96166865920172,59.22235753473291,58.554777125552505,58.90517044067383,24442000
2019-03-19,59.06227983897908,59.64164564416971,58.950274057369434,59.59456253051758,29788000
2019-03-20,59.54203224319541,60.95896865152829,59.45232778710967,60.78253173828125,41508000
2019-03-21,60.4638490210251,61.27862277537939,60.294350579918934,61.26325988769531,28150000
2019-03-22,60.902464643554005,61.13936242847157,59.77000460105238,59.85177993774414,34422000
2019-03-25,59.45083180443985,59.94048934144617,58.97703248803913,59.34278869628906,27576000
2019-03-26,59.729856977123,59.85177697646782,58.56865632835753,58.9691047668457,30752000
2019-03-27,59.07219131168147,59.07219131168147,57.69985775966232,58.38280487060547,29428000
2019-03-28,58.258414804745335,58.345143478843994,57.66021873912632,58.098331451416016,22402000
2019-03-29,58.49035258830934,58.678189713004706,57.80641854885906,58.327301025390625,30890000
2019-04-01,58.855117519223015,59.48255332690599,58.79663796251399,59.42209243774414,27706000
2019-04-02,59.47512231772895,59.760593013316004,59.038495611031834,59.74721145629883,18288000
2019-04-03,60.102063267327715,60.49359197451504,59.72441523156577,60.00839614868164,22180000
2019-04-04,60.0321810022952,60.49111280924098,59.920670551711964,60.43659591674805,21022000
2019-04-05,60.42916357641518,60.48318513707382,59.96973642542001,60.04011154174805,20012000
2019-04-08,60.02326577106867,60.16401601103652,59.705583283657894,59.88301086425781,21750000
2019-04-09,59.56631529004036,59.82700041744997,59.39235505250016,59.605960845947266,19668000
2019-04-10,59.72490566065685,59.915710995430445,59.50535210028214,59.79230499267578,15510000
2019-04-11,59.91372867849581,60.10404245821148,59.697646234535476,59.94792556762695,16998000
2019-04-12,60.246780752733265,60.61501746375043,60.13130763088175,60.599159240722656,24312000
2019-04-15,60.66655387590557,60.924766109664986,60.194244304362236,60.78748321533203,23796000
2019-04-16,60.95946136008473,61.255833163732206,60.71364000416009,61.05412292480469,22622000
2019-04-17,61.30638023853066,61.70782314293728,61.10318401138425,61.46200180053711,30366000
2019-04-18,61.70286688717368,61.749454667918044,61.425824430606916,61.52791976928711,24750000
2019-04-22,61.29002693191078,62.165760741296786,61.12647625838535,62.13701629638672,19084000
2019-04-23,62.279751130770016,63.1614327114639,62.04830201170659,62.97111892700195,31868000
2019-04-24,62.97112568760722,63.140128823257456,62.436865394701826,62.44875717163086,23396000
2019-04-25,62.95674897281491,63.080650314186634,62.34715649072058,62.81005096435547,31344000
2019-04-26,63.109391863143735,63.383462313413084,62.694075856401675,63.30961608886719,27228000
2019-04-29,63.46275161007662,64.2785235587219,63.02662030811694,64.2403564453125,72368000
2019-04-30,59.008261271049264,59.52121083974043,58.6301141487377,59.42110061645508,133178000
2019-05-01,59.34874111934893,59.43547356873407,58.06908773280634,58.150367736816406,74340000
2019-05-02,58.11468280615424,58.4507039199752,57.407453023118116,57.81285858154297,45098000
2019-05-03,58.35306389837873,59.04641676059213,58.16176324201202,58.95473098754883,41588000
2019-05-06,58.08494666120773,59.246151168796715,58.04331599247697,59.14851760864258,31774000
2019-05-07,58.769383799124,59.213444295720755,57.73802834006211,58.4249382019043,36604000
2019-05-08,58.34711850220026,58.693053838408616,57.86836583691786,58.02448272705078,25520000
2019-05-09,57.619074403785326,58.187531486196946,57.22456997555092,57.88521194458008,29556000
2019-05-10,57.9283361543902,58.297064381319565,56.81471013362452,57.86886215209961,31650000
2019-05-13,56.75870698729838,57.09224765690935,55.78038253011659,56.33000564575195,45626000
2019-05-14,56.61399678207065,56.740374796979275,55.68275154969262,55.7486686706543,40392000
2019-05-15,55.63417283877792,58.39717471698407,55.577179286726064,58.02547073364258,59302000
2019-05-16,58.07701671287002,59.18320897931862,57.90900804102215,58.70445251464844,35308000
2019-05-17,58.27476431465895,58.793166334191085,57.8083987397392,57.92536163330078,25362000
2019-05-20,57.14329605896951,57.14329605896951,56.406826508372355,56.72996139526367,30602000
2019-05-21,57.21664960649212,57.39110518272423,56.66305999382111,57.21466827392578,20562000
2019-05-22,57.056560284296516,57.67755290978976,57.04416939553639,57.28453826904297,18826000
2019-05-23,56.79984625111873,56.99709470964155,56.16001953140704,56.76366424560547,25214000
2019-05-24,57.09373641510665,57.21069931124929,56.33595614636287,56.43012237548828,18554000
2019-05-28,56.57236026093217,57.316263612047834,56.43309225495322,56.477203369140625,20948000
2019-05-29,56.137218561285856,56.2512094600293,55.108838931642744,55.50482940673828,36230000
2019-05-30,55.51524029972253,55.84481835468119,55.30460648572431,55.57768630981445,18088000
2019-05-31,54.79611614998246,55.180702637743735,54.68262057903494,54.83873748779297,31582000
2019-06-03,52.87762232282599,52.88108965458806,50.900158023010114,51.48051071166992,96890000
2019-06-04,51.76548017733963,52.45685173420947,51.346197732951325,52.261085510253906,60512000
2019-06-05,52.28635971080107,52.376064150065815,51.196029551574,51.772911071777344,46988000
2019-06-06,51.8507330384131,52.038566393848484,51.32043541783683,51.92755126953125,29020000
2019-06-07,52.250679832046735,53.19976450009471,52.09555360809189,52.9489860534668,43828000
2019-06-10,53.37669970523659,54.260861820040674,53.29145702898412,53.66217041015625,28510000
2019-06-11,54.36740683242931,54.71532349175553,53.50406396703009,53.5769157409668,33508000
2019-06-12,53.522903743541775,53.65027241899154,53.00995036632593,53.480777740478516,23670000
2019-06-13,53.75880728879891,54.347584407336804,53.65274928851718,54.07103729248047,20814000
2019-06-14,54.00809362992854,54.25688695595238,53.598725420530506,53.83760452270508,24582000
2019-06-17,53.97637871042667,54.580023375204505,53.92186182122396,54.21377182006836,19770000
2019-06-18,55.08653959398195,55.44733874322779,54.55574664729539,54.77629089355469,34526000
2019-06-19,54.8754062364344,54.983944685210766,54.319831550644146,54.74010467529297,26714000
2019-06-20,55.59205160560382,55.642605832117525,54.863511130827796,55.1707878112793,24018000
2019-06-21,55.005252132998756,55.83340744385582,54.99831368876088,55.7739372253418,50774000
2019-06-24,55.507804227833795,55.68473647303607,55.17624485388787,55.34425354003906,24236000
2019-06-25,55.263965338513984,55.29469111706797,53.75335811004404,53.90105056762695,31644000
2019-06-26,54.070543792942544,54.2747344708787,53.21265330808006,53.541236877441406,34698000
2019-06-27,53.8599172741758,53.9446646161465,53.31970543283321,53.35836410522461,24078000
2019-06-28,53.38809843309283,53.66415023803711,53.21810463733783,53.66415023803711,33672000
2019-07-01,54.568127412824175,54.94231185694754,54.28513719286579,54.51658630371094,29196000
2019-07-02,54.755970465829634,55.15542828417847,54.50023866252432,55.141056060791016,20630000
2019-07-03,55.433461243031786,55.90379329168681,55.252566337255466,55.65599060058594,20154000
2019-07-05,55.47657848549502,56.2338634568147,55.38390203252941,56.13573455810547,29794000
2019-07-08,55.79871348705948,55.86512592891415,55.09941664001515,55.34870529174805,29888000
2019-07-09,55.02805097489195,55.8973454336571,54.87094341658776,55.72041320800781,29472000
2019-07-10,56.11838757766129,56.61498360685667,56.03611690591419,56.54411315917969,30710000
2019-07-11,56.804303658897304,57.15519235099968,56.47572008209479,56.70121765136719,26004000
2019-07-12,56.6442246813717,56.87071670041699,56.42764688726692,56.76366424560547,21878000
2019-07-15,56.76366653789222,57.028321905658885,56.49901495129465,57.0198974609375,21164000
2019-07-16,56.832547479613865,57.419842358557766,56.832547479613865,57.16609191894531,25352000
2019-07-17,57.04020861918004,57.412903273424014,56.827098181424184,56.833045959472656,19538000
2019-07-18,56.59813180495845,56.90392249654442,56.1451515514553,56.85783004760742,25450000
2019-07-19,56.96091788165153,57.07292367051012,56.065359341587055,56.08022689819336,23184000
2019-07-22,56.27450126082239,56.50000261071285,55.76601345050147,56.45985794067383,28914000
2019-07-23,56.6699941006798,56.938116775342806,56.14465364197187,56.897972106933594,20648000
2019-07-24,56.13325913788211,56.76961477535129,55.92956377645878,56.485633850097656,27192000
2019-07-25,56.446972834493835,56.6769359682193,55.69167299150224,56.29779815673828,54762000
2019-07-26,60.86033933505423,62.86208631623326,60.86033933505423,61.71377182006836,121216000
2019-07-29,61.57896791155889,61.900616828766026,60.96937163592329,61.54625701904297,41382000
2019-07-30,60.81077655714907,61.301923922317876,60.72751521911687,60.8603401184082,28616000
2019-07-31,60.7052100842924,61.20279674885371,59.878045420071864,60.37464141845703,39960000
2019-08-01,60.34639382180189,61.27168739703548,59.819563585983744,60.05646514892578,35426000
2019-08-02,59.62132432132842,59.9434647695918,58.97703586246428,59.290260314941406,34910000
2019-08-05,58.13302623439225,58.32681115583236,56.63530889590432,57.23003387451172,47840000
2019-08-06,57.763795962239634,58.55081599085133,57.56604839828649,58.03935241699219,36014000
2019-08-07,57.38118492688738,58.474986261280904,57.036244038146585,58.27872848510742,30686000
2019-08-08,58.80010759750834,59.783884572900526,58.18407198963662,59.77942657470703,30116000
2019-08-09,59.472142740743756,59.69367762183372,58.72377765292105,58.922515869140625,20418000
2019-08-12,58.48143150180657,58.75946462189785,57.92238948180988,58.20884704589844,22064000
2019-08-13,58.201413132278304,59.741755408780435,58.134013799288674,59.310577392578125,28434000
2019-08-14,58.28666424783276,58.61970961809742,57.54325616248997,57.70085906982422,35430000
2019-08-15,57.908022026797056,58.30400873895716,57.63890866165507,57.95212936401367,28506000
2019-08-16,58.52058400398845,58.67174378363145,58.13450777764711,58.44227600097656,24916000
2019-08-19,59.06772579261984,59.938010846949695,58.99685535395983,59.494441986083984,24450000
2019-08-20,59.24218477136379,59.373519880954184,58.632588553448954,58.656375885009766,20206000
2019-08-21,59.26548209084223,59.50039855370916,58.87395339234102,59.05534362792969,14152000
2019-08-22,59.165368431532706,59.41218045329354,58.42741281307858,59.052371978759766,17352000
2019-08-23,58.737662373468076,59.25804953847052,56.99461908714988,57.17204666137695,36254000
2019-08-26,57.46296433534002,58.07800926706083,57.23498631942803,58.044307708740234,21166000
2019-08-27,58.630114839752,58.72923439799841,57.716217690538485,58.026466369628906,23460000
2019-08-28,57.731575067100515,58.40708458527979,57.50260641384166,58.17167282104492,16810000
2019-08-29,58.79960973109826,59.43249798171872,58.74311150706316,59.18717575073242,19636000
2019-08-30,59.48999678564757,59.48999678564757,58.76492356522396,59.00331115722656,18064000
2019-09-03,58.573120174698886,58.931442649936706,57.6740943212462,57.96352767944336,25908000
2019-09-04,58.4541735445941,58.72328688982896,58.06165419350819,58.59393310546875,21312000
2019-09-05,59.15842711580211,60.166490488974276,59.11035333615946,60.076786041259766,26394000
2019-09-06,59.92562534134293,60.11444934410257,59.63420688812718,59.785865783691406,18972000
2019-09-09,59.82353395054993,60.49111445401143,59.13414744573212,59.733829498291016,31854000
2019-09-10,59.27886236990376,59.968248854309444,59.27489592378872,59.7551383972168,27922000
2019-09-11,59.6654316897964,60.586267265331834,59.58563768674742,60.46385192871094,23522000
2019-09-12,60.6358292920011,61.5749997893835,60.59072751009033,61.20577621459961,31644000
2019-09-13,61.06403882470178,61.507112460947866,60.81475011457396,61.45655822753906,23676000
2019-09-16,60.981262572769054,61.40649279974879,60.721069014089025,61.04024124145508,28218000
2019-09-17,61.04024655328494,61.20726456849424,60.629883845747514,60.953514099121094,20806000
2019-09-18,60.97135024313267,61.26871268049365,60.28890225832113,61.090789794921875,17440000
2019-09-19,61.07443906464093,61.67015463306158,61.0739437315395,61.39311218261719,16554000
2019-09-20,61.13986295949467,61.59383768130494,60.64128556724351,60.951534271240234,37692000
2019-09-23,60.78946856129921,61.43920952001521,60.65119499162064,61.19190216064453,20798000
2019-09-24,61.45506110472891,61.80743576943375,59.9999653336931,60.38108444213867,35804000
2019-09-25,60.266105764581944,61.852540502912774,59.92859863871399,61.749454498291016,26798000
2019-09-26,61.5611239611923,61.68651508439093,61.04966036820678,61.56855773925781,23166000
2019-09-27,61.595319289066644,61.702371740362565,60.22596144286288,60.75873947143555,34122000
2019-09-30,60.49358448429573,60.831091588087766,60.137742494258035,60.520347595214844,24470000
2019-10-01,60.587258520609794,61.101202537473505,59.747702939259085,59.77000427246094,24504000
2019-10-02,59.299184954697544,59.41119074300899,58.116174388793425,58.37834930419922,33030000
2019-10-03,58.64696345554862,59.02659657988289,57.64584230969986,58.948787689208984,28368000
2019-10-04,59.18965313222018,60.09016873940147,59.025111789237364,60.01582717895508,24282000
2019-10-07,59.8195610228065,60.40982790071452,59.68872124767629,59.88151168823242,17040000
2019-10-08,59.41168845801766,59.813127625197026,58.95127061430992,58.98348617553711,20086000
2019-10-09,59.5385599553945,59.89192530446098,59.37946727812041,59.59158706665039,15948000
2019-10-10,59.40326022781254,60.24677851453171,59.36658667048485,59.94198226928711,12842000
2019-10-11,60.663579965023196,60.89750574443439,60.14864529422932,60.25123596191406,22330000
2019-10-14,60.16103740300825,60.755266973504796,60.06142251302873,60.35333251953125,13296000
2019-10-15,60.53819768684944,61.80843224412297,60.509453240407424,61.56608200073242,27584000
2019-10-16,61.54476583864599,62.158324727681624,61.38220583718285,61.60374450683594,22986000
2019-10-17,62.020054943628764,62.632127870614525,61.94422738344138,62.089439392089844,20958000
2019-10-18,62.1831120286566,62.35260670842632,61.46200529642791,61.67362976074219,31624000
2019-10-21,61.886244979862205,62.12462877724251,61.45457160617475,61.66718673706055,18094000
2019-10-22,61.67709403795767,61.88772782557242,61.44763002985822,61.5145378112793,22862000
2019-10-23,61.46547254945289,62.34913546091626,61.46547254945289,62.32881546020508,21282000
2019-10-24,62.40216827392578,62.5900016171364,62.06713780900959,62.40216827392578,20224000
2019-10-25,62.049789425950415,62.84276102517835,61.908543864862274,62.659385681152344,27104000
2019-10-28,63.18968779546607,64.39103327521435,63.05637133582272,63.88254165649414,65428000
2019-10-29,63.23924946600724,63.47714172616899,62.22870931053098,62.4789924621582,52654000
2019-10-30,62.205903547467116,62.843748886416854,61.982882658369164,62.48096466064453,29204000
2019-10-31,62.446272860682996,62.769407754215464,61.92489507485113,62.38679885864258,31904000
2019-11-01,62.733726712824655,63.090563173237854,62.43190247703901,63.05339050292969,28812000
2019-11-04,63.24469844402674,64.0569956350215,63.24469844402674,63.91376495361328,30632000
2019-11-05,63.9925676375723,64.29191523891771,63.90237162804202,64.00446319580078,25148000
2019-11-06,63.937549521749176,64.08127174040926,63.549987302116946,63.9831428527832,24626000
2019-11-07,64.14521203530747,65.55124732510535,64.11894803478323,64.77265167236328,45140000
2019-11-08,64.5040424069762,65.2766942122237,64.5040424069762,64.874755859375,30392000
2019-11-11,64.62693423524343,64.67154446385774,64.22401289593664,64.34345245361328,17234000
2019-11-12,64.35782364879786,64.8920876877892,64.14322718981167,64.29042053222656,28852000
2019-11-13,64.09069674798155,64.55359504237842,64.03965096393655,64.2393798828125,20538000
2019-11-14,64.18089338195229,65.20779076149725,64.12835782292629,64.88217163085938,28948000
2019-11-15,65.1745913589685,66.0909652709961,65.01797533171812,66.0909652709961,39286000
2019-11-18,66.03148642309691,66.10979443546886,65.22959876419937,65.41197967529297,27984000
2019-11-19,65.74850694859255,65.74850694859255,65.01204095692412,65.05268096923828,21864000
2019-11-20,64.99168986191422,65.08337562179587,63.8939260648226,64.52086639404297,28892000
2019-11-21,64.39152731265196,64.97980911504798,63.970259735627984,64.43563842773438,25546000
2019-11-22,64.57738175349998,64.7706675468929,63.90137680975466,64.11498260498047,27776000
2019-11-25,64.24334937614718,64.9446276928493,64.21113381502923,64.70822143554688,23590000
2019-11-26,64.91985311715116,65.12305316957719,64.62893749315501,65.072998046875,21910000
2019-11-27,65.19292056605109,65.30294501074944,64.89803478719568,65.02986145019531,18808000
2019-11-29,64.75579387869145,64.92181742842484,64.5887721004546,64.63139343261719,12802000
2019-12-02,64.55556377033386,64.69830287933014,63.45631004081915,63.8765869140625,26538000
2019-12-03,63.37108017816764,64.29142432717063,63.291289945415805,64.16801452636719,25270000
2019-12-04,64.73101503038244,65.63153061632272,64.5798514663001,65.36737060546875,35506000
2019-12-05,65.76682813417223,65.81540102767516,65.13840545361785,65.76484680175781,24408000
2019-12-06,66.05179199526741,66.53352039761293,65.97646356061546,66.38087463378906,32968000
2019-12-09,66.3546134438284,67.28090140339582,66.21633611365712,66.55929565429688,30842000
2019-12-10,66.40814912656901,66.80760694308702,66.11375487153835,66.55435180664062,17606000
2019-12-11,66.82247708963801,66.90127665439235,66.4656405961161,66.62175750732422,20480000
2019-12-12,66.57020672354811,67.1337067474379,66.32191249314344,66.8318862915039,29114000
2019-12-13,66.80264032041094,66.97362476736325,66.49338609778081,66.75159454345703,33170000
2019-12-16,67.15451308911797,67.57726280519276,66.93694467776467,67.43701171875,28128000
2019-12-17,67.52177308054043,67.61692998157208,66.94488767655888,67.14907836914062,32948000
2019-12-18,67.25364537789,67.3740756040836,66.9295235885865,67.00138092041016,23330000
2019-12-19,67.00138043639537,67.27991645266661,66.84477198828064,67.22589111328125,28922000
2019-12-20,67.55595921284369,67.60056187619001,66.94289568077183,66.96717834472656,50090000
2019-12-23,67.3393969509009,67.49402409017587,66.80761329394315,66.93795776367188,19936000
2019-12-24,66.91712233062835,67.00633521845035,66.61778235108628,66.63066101074219,13468000
2019-12-26,66.73574073401721,67.56092791296443,66.68419583939209,67.52474212646484,23662000
2019-12-27,67.60056959640701,67.75173316701557,67.05540822557307,67.13668823242188,23212000
2019-12-30,67.24423228707724,67.25364739766525,66.30406732440926,66.39674377441406,19994000
2019-12-31,66.20245642690789,66.44381596112649,66.02106622175161,66.38087463378906,19514000
2020-01-02,66.82792341596551,67.83251190185547,66.73276652225083,67.83251190185547,27278000
2020-01-03,66.80760773096915,68.08379009099887,66.77390239021686,67.4776611328125,23408000
2020-01-06,66.98749602026135,69.30148029943362,66.95627869440405,69.27620697021484,46768000
2020-01-07,69.40754568235849,69.55821012407621,68.96645724727993,69.14239501953125,34330000
2020-01-08,69.12802647532469,69.97204388362319,69.01949180178964,69.63453674316406,35314000
2020-01-09,70.47161667281351,70.8061518370151,69.89076858429041,70.36556243896484,33200000
2020-01-10,70.84529584599768,71.11639050055818,70.35613364348731,70.82001495361328,26258000
2020-01-13,71.1317546271615,71.44051730380278,70.64210083819175,71.36865997314453,30730000
2020-01-14,71.36717972292722,71.49752418899935,70.76105073127331,70.90081787109375,26076000
2020-01-15,71.02123244514802,71.4058226461428,70.95382933712798,71.3275146484375,21550000
2020-01-16,71.63727043008046,71.89746776178359,71.36716643681049,71.8707046508789,26080000
2020-01-17,72.48426114877846,73.37684381090587,72.18739403885324,73.32579803466797,52424000
2020-01-21,73.30003517222072,73.83926013588128,72.8643991173482,73.46111297607422,48930000
2020-01-22,73.831821043348,74.36954862534002,73.48142768998797,73.54138946533203,28458000
2020-01-23,73.72377971062164,74.01866551266389,73.36545345637307,73.58203125,26650000
2020-01-24,73.98495419699645,74.05334797496889,72.51597775102503,72.66416931152344,29786000
2020-01-27,70.94788316976366,71.19766714707632,70.35116943940237,70.9572982788086,34132000
2020-01-28,71.45340418513541,72.10066465532061,70.88940505128319,71.88755798339844,29724000
2020-01-29,72.28204821190393,72.56355620090642,71.63429624956653,72.19482421875,21566000
2020-01-30,71.27300466595811,72.12296603211958,71.11936821637062,72.07341003417969,27110000
2020-01-31,72.74791964883377,72.83762408999898,70.72584905282633,71.00933837890625,43822000
2020-02-03,72.44015314026151,73.66182608356632,72.19036913116597,73.47844696044922,71636000
2020-02-04,72.08530406404785,72.7221511823301,70.47656803193662,71.63529205322266,95880000
2020-02-05,72.53729650429216,72.58537028746804,70.85571232176258,71.6670150756836,36376000
2020-02-06,71.96089840725588,73.42690277747084,71.88656063613087,73.14985656738281,37822000
2020-02-07,72.72464050558949,73.60978951764092,72.62651160369214,73.30548858642578,28360000
2020-02-10,73.21232137301007,74.78090916442083,73.11171202305549,74.77000427246094,38302000
2020-02-11,74.99848253884697,75.82168850051549,74.61092023332822,74.83939361572266,34852000
2020-02-12,75.12682771259597,75.34687659684808,74.7704903895511,75.26411437988281,31042000
2020-02-13,74.83639736148454,75.62688838893217,74.53903116822619,75.00440979003906,22914000
2020-02-14,75.06091253402924,75.33448763337121,74.61585388336378,75.2690658569336,23198000
2020-02-18,75.0515118488402,75.85538085243427,74.8864713768279,75.30426788330078,25642000
2020-02-19,75.68885642045224,75.8643026659883,75.38059282964247,75.57337951660156,22746000
2020-02-20,75.2829486635649,75.68240645418584,74.55192774826135,75.1828384399414,25962000
2020-02-21,74.56779071017739,74.8834956332235,73.27475947782071,73.52107238769531,42520000
2020-02-24,70.52711678476247,71.1877625983734,69.72126652670165,70.3690185546875,49560000
2020-02-25,70.92112224638342,71.21104711521028,68.41435127649457,68.70675659179688,51580000
2020-02-26,69.13596510821695,70.0622532674359,68.22256317384887,68.91244506835938,49776000
2020-02-27,67.35969967242637,67.86819119574264,65.13442914630396,65.16961669921875,62290000
2020-02-28,63.15548440926263,66.53253692106605,62.85316484722115,66.37394714355469,80198000
2020-03-02,66.97560913503754,68.76374636203735,65.67761720638778,68.70675659179688,55430000
2020-03-03,69.26978521815887,69.79066400531799,65.87785685894856,66.29813385009766,56602000
2020-03-04,67.35078505307477,68.53131891334556,66.26243609006487,68.47283935546875,47598000
2020-03-05,66.68617596648993,67.08663199651346,64.50997717418309,65.16020965576172,54380000
2020-03-06,62.93940759811256,64.5649888842822,62.30800530544465,64.21757507324219,64640000
2020-03-09,59.718466349939796,62.085973437860574,59.37550676498299,60.25520706176758,69252000
2020-03-10,62.16824305070715,63.23181023125932,60.19176558217221,63.1981086730957,54872000
2020-03-11,61.864928567207265,62.29412145420184,59.03353279180073,60.012847900390625,54732000
2020-03-12,55.63764453569827,58.91508197832732,54.936362559355885,55.08900833129883,94326000
2020-03-13,58.23313582495067,60.18631753199108,55.125688027826726,60.179874420166016,79400000
2020-03-16,54.00165359735801,56.77010434529723,52.885055565048226,53.1784553527832,96520000
2020-03-17,54.05270334557388,55.80516162378033,51.99395905552296,55.411651611328125,83194000
2020-03-18,52.531189501050456,54.763890003553016,51.394267803424505,54.0799560546875,93044000
2020-03-19,53.932764120819286,57.12396841730102,52.313622306797946,55.0949592590332,74064000
2020-03-20,56.048003647697364,56.423674082292194,52.638240418033874,52.94105529785156,82878000
2020-03-23,52.35426310073486,52.8766315654061,50.00013767795823,52.243247985839844,83672000
2020-03-24,54.713843223428654,56.168443781993375,53.8440533745928,56.003902435302734,72468000
2020-03-25,55.73478286590232,56.804793052032366,53.67455271127898,54.59687423706055,90324000
2020-03-26,55.246119650005106,58.05917685755691,54.121592502034,57.63493728637695,76562000
2020-03-27,55.878011051161046,57.04664918456973,54.714825362484184,55.02507400512695,62794000
2020-03-30,56.13423859021797,57.04416919375739,54.441746039351614,56.811729431152344,58736000
2020-03-31,56.93167111203131,58.15432709083506,56.336447119529815,57.58686065673828,65228000
2020-04-01,55.70603956639152,55.97465756314441,54.19394647198858,54.620662689208984,51970000
2020-04-02,54.51659352115847,55.645087218791915,54.17611436881151,55.36061096191406,56410000
2020-04-03,55.24562211424247,55.4478276673134,53.28153946046502,54.15479278564453,51374000
2020-04-06,56.152088293952644,59.0142061972001,55.755602497061574,58.639530181884766,63320000
2020-04-07,60.31566330394941,60.502509752587144,58.34513751348153,58.60830307006836,61620000
2020-04-08,59.62628283580481,60.21109734308198,58.67719806698127,59.8195686340332,40334000
2020-04-09,60.373655297137006,60.56247930945825,59.09697386880248,59.798255920410156,54028000
2020-04-13,59.54699113340545,60.19227034916736,58.5969156473492,59.98857498168945,38702000
2020-04-14,61.45357529825555,63.226848850689024,60.88709574064294,62.705474853515625,63358000
2020-04-15,61.77770250465346,63.195134097542535,61.15770048868612,62.312461853027344,42236000
2020-04-16,62.80013034091247,63.10839766356857,61.36584995080172,62.31889724731445,57896000
2020-04-17,63.52173597337611,63.93308931599049,62.74363573527321,63.38792419433594,51050000
2020-04-20,62.93642855436658,63.27988346361511,62.26983873721597,62.50326919555664,35292000
2020-04-21,61.58937667810342,61.95067114702243,59.72044698572963,60.07530212402344,49648000
2020-04-22,61.51007469601736,63.43153606448749,61.31629358182884,62.36747360229492,46296000
2020-04-23,62.73075313152235,63.84140722065894,62.472544668602076,62.9998664855957,34202000
2020-04-24,62.19846879323134,63.32399034066813,61.65330368753236,63.268978118896484,37402000
2020-04-27,64.03220981010499,64.1362902612002,62.697048874068805,62.984500885009766,44186000
2020-04-28,63.5960789970159,63.673388769392936,60.97828903607546,61.08781814575195,80700000
2020-04-29,66.65890931799292,67.40975100521514,65.75344053982592,66.51914978027344,108358000
2020-04-30,65.98292986262913,66.90673766133646,65.49425906355033,66.7431869506836,55842000
2020-05-01,65.62259696617241,66.97758613985344,64.9074419444247,65.28707122802734,48872000
2020-05-04,64.83162512222222,65.64144560406487,64.23094864842768,65.56362915039062,30806000
2020-05-05,66.28722802515163,67.94800083676537,66.16481644512335,66.85816192626953,39666000
2020-05-06,67.30321467823855,67.83301697062188,66.66536925942738,66.68023681640625,31732000
2020-05-07,67.46726282562771,68.19531187869542,67.03261739726184,67.86225891113281,30652000
2020-05-08,68.48375055855294,69.2182351185842,67.9975602569903,68.608642578125,33326000
2020-05-11,68.23444914371004,70.1544207533012,68.17051714278251,69.56266784667969,32718000
2020-05-12,69.79214367959435,70.09495481486462,68.12145686010034,68.1546630859375,33918000
2020-05-13,68.20321596744674,68.65768970686308,65.81687529627737,66.82394409179688,40368000
2020-05-14,66.08997649082319,67.27199269584207,65.58346617829078,67.24671936035156,36660000
2020-05-15,66.82049185975197,68.1249195115489,66.3615562640386,68.04959106445312,41544000
2020-05-18,67.48063955767863,69.02593525404038,67.11487952102308,68.6502685546875,47094000
2020-05-19,68.66512886344131,69.01254263159231,68.0842808724935,68.11599731445312,31586000
2020-05-20,68.84750402851577,69.98095458703384,68.76127070528746,69.83871459960938,38262000
2020-05-21,69.92941872936086,70.20051340358503,69.10671203417986,69.71928405761719,30894000
2020-05-22,69.57803347006285,70.22727525632826,69.18402813173392,70.04093170166016,28544000
2020-05-26,71.46430955805518,71.62042645531723,70.34622550732381,70.44385528564453,44590000
2020-05-27,70.3759699104432,70.64112062612338,69.11713546623467,70.38984680175781,31684000
2020-05-28,69.38475528420979,71.58821644638739,69.33916194732967,70.28874206542969,35170000
2020-05-29,70.39727026219002,71.20510940143461,70.17672981418404,71.0460205078125,37044000
2020-06-01,70.65847160812754,71.44549178080105,70.48896934380507,71.1129379272461,25162000
2020-06-02,71.11937002152804,71.51585582679853,70.45575219799714,71.48165893554688,23442000
2020-06-03,71.50099393024125,71.81371930747741,70.95186229426255,71.33000946044922,27732000
2020-06-04,71.20758919005584,71.43259900133093,69.68261343947218,70.09346771240234,26982000
2020-06-05,70.15986891378326,71.67939953713636,69.7623924809076,71.36815643310547,42642000
2020-06-08,70.6872055170517,71.81321492577551,70.59799261823765,71.76564025878906,33878000
2020-06-09,71.62687671013373,72.74496087236912,71.48413757383796,71.96586608886719,33624000
2020-06-10,72.43321799548916,72.99126556620439,72.07886198518231,72.59131622314453,31762000
2020-06-11,71.41822106728198,71.94207934602183,69.30595418790874,69.47891998291016,47144000
2020-06-12,70.6663867539515,71.09508812261465,68.68099326977082,70.02507781982422,36676000
2020-06-15,68.86386165002531,70.62375348540785,68.7503661032029,70.41262817382812,30468000
2020-06-16,71.81322690409293,72.21813722349192,70.82152444896292,71.6878433227539,30648000
2020-06-17,72.00847590682797,72.46740385011898,71.12580000891201,71.9886474609375,30610000
2020-06-18,71.85533075477441,72.009957845373,70.68520289467715,71.07574462890625,34862000
2020-06-19,71.36717413263463,71.59019503933153,70.32639981826522,70.60592651367188,52784000
2020-06-22,70.62425602292842,71.90985329738507,70.3358133685618,71.89547729492188,29442000
2020-06-23,71.96188413697665,73.11169200041536,71.61496195829645,72.55561828613281,37752000
2020-06-24,72.52094696988216,73.14094525944436,70.87157077976596,71.00538635253906,31592000
2020-06-25,70.93203051023997,71.48215278669201,70.35316378712089,71.42169189453125,23958000
2020-06-26,71.00190487444962,71.21947330997806,67.15452055099803,67.52820587158203,97640000
2020-06-29,67.41917770561653,69.28563069385827,66.98849501522294,69.24449157714844,45074000
2020-06-30,69.23012852105167,70.57420557968574,68.73699600814484,70.2793197631836,40286000
2020-07-01,70.33482396172218,71.7874430351496,70.08751285337333,71.4662857055664,42182000
2020-07-02,71.95397188987388,73.77185199898827,71.91580477152797,72.85051727294922,57218000
2020-07-06,73.75350510202594,74.83640148976822,73.19991179517179,74.32344818115234,44712000
2020-07-07,74.14899664082868,75.39742496007142,73.83031978119341,73.84122467041016,42364000
2020-07-08,74.380457171251,74.89440122654209,73.95918956859587,74.51922607421875,31766000
2020-07-09,74.83293808896195,75.7849985849552,74.12224472312172,75.2656021118164,41836000
2020-07-10,74.9974808669184,76.38963919030913,74.37649193816277,76.27416229248047,35918000
2020-07-13,76.81586355325133,78.12525214839029,74.6659286390458,74.94693756103516,42954000
2020-07-14,73.98348124835574,75.47078898613607,73.64349364825239,75.37464141845703,38108000
2020-07-15,75.49209008651471,76.14133186204778,74.23325586952488,75.17738342285156,31026000
2020-07-16,74.41514596762937,75.12931805048628,73.7594610074224,75.08025360107422,26484000
2020-07-17,75.1788676895288,75.50200636800437,74.24663566725596,75.17589569091797,34264000
2020-07-20,75.08421510478026,77.76098024738981,74.47462260455251,77.50475311279297,30166000
2020-07-21,78.55494094995885,78.65505117777408,76.94867771392333,77.11222839355469,27486000
2020-07-22,77.10181793412379,77.6603646078769,76.48330192524752,77.55480194091797,24482000
2020-07-23,77.60833100238632,77.827389236186,74.7665255226966,75.17094421386719,33910000
2020-07-24,74.30066345548695,75.10552305492557,73.72575942026643,74.74769592285156,29902000
2020-07-27,74.99797375278568,76.20229106815995,74.95188130787318,75.79936218261719,27124000
2020-07-28,75.57981265274391,75.62986776248196,74.3665717756482,74.52169799804688,30910000
2020-07-29,74.58860175422343,75.99264795596048,74.4899737531513,75.50596618652344,22676000
2020-07-30,74.24018209031756,76.36732362571118,74.10141321799958,76.242431640625,36042000
2020-07-31,74.19459395635562,74.58958993707091,72.06100916107408,73.74359130859375,91468000
2020-08-03,73.89476289216728,74.22829979718547,72.93923127224508,73.48638153076172,45482000
2020-08-04,73.68214847232768,73.99933560623647,72.55811283263415,73.01753997802734,37212000
2020-08-05,73.19199942222478,73.84520394570967,72.91445404831978,73.30449676513672,29134000
2020-08-06,73.15878241875599,74.65154238351218,72.94814864418152,74.58612060546875,33306000
2020-08-07,74.78882893893368,75.33647070213861,73.66033162813625,74.26001739501953,27718000
2020-08-10,73.8848401459376,74.69515210121888,73.2251850652829,74.18319702148438,20546000
2020-08-11,74.0434317145087,74.85821303070131,73.25988285024638,73.37635040283203,31098000
2020-08-12,73.7024683730162,74.9191804606546,73.59739725191154,74.69962310791016,22512000
2020-08-13,74.74770466605213,76.1730693636547,74.74770466605213,75.1659927368164,22388000
2020-08-14,75.01532552370992,75.32161534911621,74.29124675715514,74.57027435302734,21942000
2020-08-17,75.13229025369915,75.51936096663643,74.58861108119994,75.14566802978516,19990000
2020-08-18,75.6353335447207,77.18410047054229,75.41479306689972,77.10530090332031,28378000
2020-08-19,76.94223100784141,77.75354125629191,76.32322343836007,76.55169677734375,30472000
2020-08-20,76.32173749907452,78.31407321175054,76.048661480078,78.11979675292969,26382000
2020-08-21,77.89923986608471,78.89442072406565,77.42891544303244,78.08609008789062,34838000
2020-08-24,78.92366302638288,79.73200128949749,78.0598247678244,78.56088256835938,25638000
2020-08-25,78.31059460232726,79.73694969068394,78.20057015978882,79.58678436279297,25150000
2020-08-26,79.60908564477356,81.9131558254161,79.3454247617791,81.48395538330078,52188000
2020-08-27,81.60687253223567,81.67526631440305,80.22909022649999,80.7103271484375,31350000
2020-08-28,80.7574210628895,81.34619450567288,80.56611658048492,81.25103759765625,22418000
2020-08-31,81.45620943407884,81.50230188313334,80.55223025727368,80.76038360595703,26422000
2020-09-01,80.89072586563118,82.23183081944713,80.76038141438515,82.02664947509766,22652000
2020-09-02,82.66746793542667,85.54644234376782,82.27990568952355,85.1147689819336,49522000
2020-09-03,84.22911293255147,84.25290404476684,79.67896062981355,80.75938415527344,63726000
2020-09-04,79.74289901970272,81.03097686022531,76.22261573733604,78.36561584472656,55850000
2020-09-08,75.57982146335551,77.09389228963359,75.15855385977208,75.51043701171875,54032000
2020-09-09,76.76432656790699,77.25100844974789,75.58825431018042,76.68156433105469,39242000
2020-09-10,76.82775166747923,77.99142901908637,75.33201208144567,75.63185119628906,33024000
2020-09-11,75.735933828383,76.25879385001623,73.99487196751262,75.12187957763672,30706000
2020-09-14,75.90938200375422,77.16574324687778,74.59404965914706,74.77841186523438,42660000
2020-09-15,75.72304121338455,76.86788828127027,75.43608833739093,76.08135986328125,23042000
2020-09-16,76.44614030970467,77.03541281613771,74.91521303018398,74.93999481201172,22128000
2020-09-17,73.63753395614539,74.27438863369424,72.48029972090434,73.69849395751953,40008000
2020-09-18,73.76094545210748,74.10291435499147,70.9518546797174,71.91679382324219,63056000
2020-09-21,70.95185663516155,71.3701446598767,69.51757609828891,70.87850952148438,56908000
2020-09-22,71.87864080173308,72.55514489120695,70.84679000199299,72.3494644165039,33950000
2020-09-23,71.96634179802275,72.01540623325984,69.5175591273345,69.85010528564453,37726000
2020-09-24,69.5175810262179,71.26755903816468,69.49130946306941,70.51770782470703,34552000
2020-09-25,70.62624357149211,71.6615578347478,69.76537731139764,71.32058715820312,30326000
2020-09-28,72.95261510869759,73.00217110673873,71.6784141659313,72.2919692993164,30784000
2020-09-29,72.5521738963951,72.95311394929331,72.06102270971172,72.65674591064453,31816000
2020-09-30,72.40496388039755,73.65686345741786,72.14824521381277,72.63591766357422,40924000
2020-10-01,73.5309847051695,74.09647363654604,73.19099712373635,73.74111938476562,32884000
2020-10-02,72.34004108666224,73.3015166577609,71.73143930114331,72.14031219482422,31222000
2020-10-05,72.48971861393626,73.58252935432779,72.36284527360293,73.48985290527344,21602000
2020-10-06,73.12657876677537,73.57361127111236,71.61547988862486,71.91333770751953,26096000
2020-10-07,72.32418219519838,72.80293864392578,71.0316426314214,72.31575775146484,36108000
2020-10-08,72.62849926460667,73.74757418507724,72.62849926460667,73.51959991455078,26076000
2020-10-09,73.98694007707145,74.92809569109109,73.69651605996611,74.85871124267578,32966000
2020-10-12,76.22410298533136,78.72294124362386,75.79292119611887,77.54191589355469,55344000
2020-10-13,78.15745877492236,78.5613783321132,77.2465374414875,77.66482543945312,39072000
2020-10-14,78.03803383349177,78.49646280342338,76.61564111614656,77.48493194580078,33174000
2020-10-15,76.54625609304018,77.8794358912877,76.37924184483666,77.08993530273438,31210000
2020-10-16,77.40513702977627,78.19215712949148,77.19847345120955,77.69606018066406,34194000
2020-10-19,78.10393113108431,78.50041690354607,75.47672984424212,75.82513427734375,29734000
2020-10-20,75.48614593995441,78.00035081850514,75.35679216195857,76.87235260009766,41670000
2020-10-21,77.80260988770006,80.04721007346663,77.66830276739462,78.6025161743164,60322000
2020-10-22,78.55344132865221,79.96194925473011,78.18074668147393,79.62692260742188,30512000
2020-10-23,80.04273837552317,80.98785655651626,79.88711304408893,80.93135833740234,30548000
2020-10-26,80.04025290665729,80.76284171616221,77.70000470854104,78.51824951171875,35826000
2020-10-27,78.74822336439603,79.39597538099545,78.15647045681439,79.24134826660156,25902000
2020-10-28,76.81933175028874,77.00765664920016,74.7610827015147,74.87606048583984,45174000
2020-10-29,75.18431861733673,78.73879863480163,75.16102661851583,77.15980529785156,55406000
2020-10-30,82.63920788974691,83.32710825578644,79.37465314925464,80.09526062011719,99878000
2020-11-02,80.46351570683841,82.18326693567796,80.00259878301561,80.5021743774414,44228000
2020-11-03,80.821329273043,82.22091357337322,79.89702269613626,81.55977630615234,31432000
2020-11-04,84.52945424402306,87.7236342649192,84.40159024527001,86.52526092529297,71342000
2020-11-05,87.74446164355514,88.80357473317719,86.28638981635821,87.35045623779297,39758000
2020-11-06,86.79735014914868,87.64781063793222,86.0707909999368,87.21316528320312,28622000
2020-11-09,89.00975292027887,90.04605806813235,87.10513998918361,87.29693603515625,53440000
2020-11-10,85.72832438783556,87.1958110224123,85.05182039988732,86.12232971191406,43022000
2020-11-11,86.65163888970832,87.37026514561057,86.38698732276887,86.59365844726562,31838000
2020-11-12,86.33445155052767,87.473354716202,86.1347226524478,86.37509155273438,26474000
2020-11-13,86.63180866553387,88.07550413337701,86.03609314698612,87.83414459228516,29744000
2020-11-16,87.43172210004694,88.92845236010726,87.29245409409869,87.921875,25468000
2020-11-17,87.6160955653566,88.07602186164671,87.20127861757139,87.30882263183594,21314000
2020-11-18,87.06000792267966,87.47433321691827,86.1644457805151,86.26703643798828,20108000
2020-11-19,85.89980786283361,87.39951018398297,85.7407189638763,87.15567016601562,20106000
2020-11-20,87.32566263564391,87.64086843006233,85.9875296804616,86.05592346191406,27694000
2020-11-23,86.24622920446821,86.5321914126249,84.75743193573689,85.61878967285156,22530000
2020-11-24,85.61581961817127,87.54768668835644,85.2802938462471,87.4198226928711,27984000
2020-11-25,87.61360945809936,87.74097434206601,86.6496534535001,87.43122100830078,19600000
2020-11-27,87.45154481486274,89.06078000238365,87.45154481486274,88.56566619873047,14790000
2020-11-30,88.00215106799679,88.23458703592863,86.62386990677268,86.94898986816406,32418000
2020-12-01,87.55661890732226,90.28542045446022,87.3767108902,88.97900390625,37350000
2020-12-02,88.97900820349736,90.83158444204322,88.47398769607074,90.44649505615234,29424000
2020-12-03,90.22694308661454,91.38120542558583,90.05149684455593,90.29137420654297,24728000
2020-12-04,90.21108177907736,90.67100047469899,89.88249064101637,90.38652801513672,20544000
2020-12-07,89.97962384343904,90.66058963378225,89.3596256167209,90.052978515625,22288000
2020-12-08,89.6312168567799,90.0004404045314,88.7767937591403,89.77047729492188,19936000
2020-12-09,89.72241179325566,90.61500208868797,87.32566494275066,88.1116943359375,31728000
2020-12-10,87.35539163522937,87.96944584482684,85.91466810867063,87.60567474365234,28688000
2020-12-11,87.22654341563204,88.08443768580932,86.86673495252047,87.96003723144531,18628000
2020-12-14,87.7578251565572,88.70343487026673,86.68780744073449,86.84293365478516,33050000
2020-12-15,87.21958374529275,87.42476504941068,86.31808521652248,87.2800521850586,21352000
2020-12-16,87.67804256144234,87.67804256144234,86.6843589008534,87.0872802734375,24676000
2020-12-17,87.42131779941667,87.55909602721862,85.79672351081625,86.26060485839844,34880000
2020-12-18,86.54110579942041,86.64964044734313,84.99630202718919,85.5523681640625,85256000
2020-12-21,84.70539704892414,86.08665047301542,83.95554588894409,85.9657211303711,33974000
2020-12-22,85.70651435079037,85.86907434812254,84.53936593674798,85.25502014160156,20370000
2020-12-23,85.43888615125147,86.43901273462653,85.30358082403468,85.65199279785156,22974000
2020-12-24,85.69015678249487,86.35476521041882,85.45970212371107,85.94589233398438,9312000
2020-12-28,86.47867070685578,88.56467341724073,86.32553337453282,87.91840362548828,27650000
2020-12-29,88.5760763070987,88.63752786002674,86.98418918004275,87.11552429199219,19726000
2020-12-30,87.4743342114662,87.61112175631901,85.64059613989713,86.04946899414062,21026000
2020-12-31,86.10003914197051,87.10264635469892,86.04155201970197,86.86178588867188,21070000
2021-01-04,87.22654765590151,87.34994988769441,84.60677983237008,85.54793548583984,37324000
2021-01-05,85.49638156177933,86.57382555725187,85.09048067381308,86.23780822753906,20360000
2021-01-06,84.26579245837004,86.43208444826773,84.05962045926168,85.38684844970703,46588000
2021-01-07,85.57915243705426,88.10971491007409,85.57915243705426,87.93724822998047,41936000
2021-01-08,88.07700817599742,89.1772527342026,87.2870085349712,89.10142517089844,35484000
2021-01-11,88.07005241001238,88.43482172822067,86.83699069876916,87.04266357421875,34796000
2021-01-12,86.500970600687,87.61806393795727,85.06470881881626,86.10795593261719,29528000
2021-01-13,85.6069030910112,87.04763429733303,85.6069030910112,86.59465026855469,23432000
2021-01-14,86.67493484651867,87.60073138346526,85.54495518482686,85.78532409667969,29212000
2021-01-15,85.69115721631205,86.61298351886033,84.8332704806772,85.62177276611328,31444000
2021-01-19,86.38401590342727,89.39927873716123,85.87998609845495,88.43929290771484,41660000
2021-01-20,90.51587815953016,94.1511470150999,90.17589812607974,93.17728424072266,64152000
2021-01-21,93.85030958575864,95.75491452808738,93.14456200327876,93.37947845458984,58634000
2021-01-22,93.74176301889445,94.38258034216909,93.00033636251251,93.79627990722656,32744000
2021-01-25,94.79641468314033,95.24642668111035,92.14096048462264,93.88152313232422,50586000
2021-01-26,93.47067962234644,94.94560022121779,92.98201646312953,94.55902862548828,31462000
2021-01-27,92.92154742901175,93.19710390065373,89.07416260309691,90.14764404296875,82512000
2021-01-28,90.7453441830221,93.56979410024235,90.7453441830221,91.84558868408203,55278000
2021-01-29,90.89500711521993,91.56506801621617,89.28627865285289,90.56493377685547,44530000
2021-02-01,91.41887289099441,94.93519367796942,91.41887289099441,93.82157135009766,40252000
2021-02-02,94.81575036485842,96.61182068763402,94.48071611878922,95.11261749267578,66332000
2021-02-03,102.37275195822058,104.4052287273552,99.79262576313377,102.0392074584961,97882000
2021-02-04,102.12542242838796,102.55560597377604,100.86063667469075,101.77899932861328,48596000
2021-02-05,102.07289876311265,103.87591138224194,101.59910316453163,103.5235366821289,29866000
2021-02-08,104.07712806646019,104.82053612407776,102.26073770644324,103.30992889404297,28828000
2021-02-09,102.82818594813602,104.00326720823028,102.59029752061498,102.85742950439453,21892000
2021-02-10,103.24152671661228,104.02161204925905,101.7101080573944,103.40705871582031,25102000
2021-02-11,103.6310759901082,103.77975153703218,102.5338035673193,103.51956176757812,20480000
2021-02-12,103.07451629921232,104.05234166129615,102.76723583999629,103.830810546875,18990000
2021-02-16,103.66825520694219,106.3142945266649,103.66825520694219,104.60742950439453,31004000
2021-02-17,103.77877270157512,105.18926972453114,103.49975268099251,104.99994659423828,20294000
2021-02-18,104.32493326756826,105.16696935540978,103.74655809437651,104.36507415771484,22546000
2021-02-19,104.46320894592502,104.99796454492676,103.25591195162085,103.52254486083984,37938000
2021-02-22,101.77751170242684,103.10226681729074,101.49997392533437,101.81021881103516,29466000
2021-02-23,99.81442376891242,102.71420966814658,98.6368619382917,102.10064697265625,34658000
2021-02-24,100.60986513415875,103.49825450138255,100.48547224750138,103.27473449707031,22608000
2021-02-25,101.89299077097074,103.23459480191558,99.44271782605095,99.91156005859375,41548000
2021-02-26,100.60541448673561,101.9222368684854,99.17113386865907,100.20694732666016,40042000
2021-03-01,101.49998201929594,102.89907502090055,100.82694907500807,102.5734634399414,26060000
2021-03-02,102.33458149918383,103.81644435737358,101.92967878703757,102.31674194335938,25564000
2021-03-03,101.69573836758674,102.88716945584571,98.82369885225702,99.68655395507812,33892000
2021-03-04,99.85803897102821,102.81779430199187,99.3901873806204,100.80266571044922,49216000
2021-03-05,102.15170316057323,104.38440020130358,100.49786526440951,103.93191528320312,53100000
2021-03-08,103.28713246318019,104.75808274317625,99.37828873496463,99.4927749633789,36868000
2021-03-09,101.58670894507843,102.28897784929946,100.88542314472488,101.12133026123047,33920000
2021-03-10,102.16408434665642,102.16408434665642,100.07907232110979,100.91466522216797,27100000
2021-03-11,102.00649770427991,104.63568072084324,101.91877458051778,104.10389709472656,27702000
2021-03-12,102.9079951600995,102.96746538300351,100.72782616573727,101.5990982055664,33818000
2021-03-15,101.35030296707097,101.84639986684593,100.49836027807162,101.81914520263672,26168000
2021-03-16,102.39157157977236,104.75511215690847,102.05951689510228,103.2787094116211,31900000
2021-03-17,102.51448074840832,104.02756080916568,101.30768292105009,103.19593811035156,26382000
2021-03-18,101.50889575281752,102.52835937144968,100.07164322644284,100.17869567871094,31700000
2021-03-19,100.5945239398953,100.9568053362936,99.26629746264385,100.45723724365234,46072000
2021-03-22,100.49042709934655,101.51682534830367,99.8149137452383,100.64208221435547,33536000
2021-03-23,101.10100929699755,102.29839198447732,100.50876484586558,101.16940307617188,28510000
2021-03-24,101.6863199422794,102.47135862894248,100.55832169065704,100.7332763671875,25218000
2021-03-25,100.56080187614467,101.38300944915922,98.92728405832933,100.72980499267578,35616000
2021-03-26,100.69660445230305,101.07326181314708,99.31187989492297,100.34671020507812,27978000
2021-03-29,100.21933077562952,101.55994412310439,99.39117165395234,101.39044189453125,26492000
2021-03-30,101.74678812299072,102.22702679811378,100.91268499326586,101.42414855957031,27312000
2021-03-31,101.81715946283474,103.3961603316529,101.4504087988673,102.21958923339844,42570000
2021-04-01,103.69303718393783,105.84891601894121,103.65239718036233,105.55303955078125,39880000
2021-04-05,106.41389756983538,110.46993447035067,106.31775001395617,109.97283935546875,48510000
2021-04-06,109.5743742451769,110.42087204378797,109.12188934950352,109.49210357666016,35240000
2021-04-07,109.68242342069358,111.23862398278051,109.68242342069358,110.967529296875,24134000
2021-04-08,112.2050656407343,112.5911457167692,111.16479033351709,111.53253173828125,28664000
2021-04-09,111.2852193593174,112.69917995793787,110.87980997763093,112.53562927246094,26146000
2021-04-12,111.71538376681427,111.85266286624429,110.41193940071733,111.24456024169922,25024000
2021-04-13,111.56026570494154,112.17878171242072,111.16675191989482,111.73075103759766,25682000
2021-04-14,112.37504587455774,112.37504587455774,110.81835377243557,111.11026000976562,21002000
2021-04-15,112.1034629731022,113.79099869324847,111.56919891951989,113.25821685791016,29174000
2021-04-16,113.45595676086148,113.70375943501823,112.54800739975896,113.13430786132812,26282000
2021-04-19,112.51134359641581,114.19193706583053,112.51134359641581,113.48173522949219,30290000
2021-04-20,113.86481869435755,113.9396555787349,111.8640663877745,112.94894409179688,22288000
2021-04-21,112.60401072672376,112.99801605945058,111.2544738339239,112.91624450683594,23204000
2021-04-22,112.77004307784593,113.43812268908319,111.03146160989212,111.63610076904297,24146000
2021-04-23,112.35374295580408,114.29255255605142,112.06877136254057,113.98577117919922,29066000
2021-04-26,114.21325394420712,115.2049638616611,113.85641745009418,114.48137664794922,32038000
2021-04-27,114.86299083121631,114.90363083568847,113.3033191151112,113.54220581054688,44386000
2021-04-28,118.57358292629367,120.50049681684617,116.6268481486784,116.91529083251953,81106000
2021-04-29,118.41150919786686,119.15144604811134,117.64926345388002,118.58645629882812,41234000
2021-04-30,117.3603411059262,118.04576113897953,116.29677394223161,116.6407241821289,44856000
2021-05-03,117.20620391311888,118.03089194443908,115.748631417019,116.12429809570312,28242000
2021-05-04,114.66078126628535,115.22775243296606,111.8422752076323,114.3277359008789,44818000
2021-05-05,115.40813927978554,115.72383658632715,114.39958068772334,114.72122955322266,26636000
2021-05-06,114.30294649647725,115.84031677246094,113.64428958784119,115.84031677246094,25190000
2021-05-07,117.15564782036735,117.52040957899021,116.27693452051786,116.56289672851562,28898000
2021-05-10,115.38386451451022,115.52561297200754,113.2230248324833,113.58036041259766,30914000
2021-05-11,111.16774499673892,113.01188892902981,110.71426189771958,112.50537872314453,34186000
2021-05-12,110.33116766435154,111.41109213197748,108.71697918414294,109.04556274414062,46376000
2021-05-13,110.32769928437514,110.98784598165807,109.36622368361735,110.47241973876953,33204000
2021-05-14,111.93444685237745,113.23193971595805,111.51119796945952,112.917724609375,31996000
2021-05-17,112.18374021644,113.48272295866457,111.78428241583579,113.44010162353516,21598000
2021-05-18,114.10571195742276,114.36987200059582,112.11535742297339,112.12923431396484,22204000
2021-05-19,110.44218365077748,112.74971749134802,110.29399964826719,112.57675170898438,23684000
2021-05-20,113.54319564211424,114.58396240325392,113.17248227319268,114.33368682861328,32352000
2021-05-21,114.85207388727218,114.92542855828297,113.45892500037012,113.69830322265625,40632000
2021-05-24,114.727182946644,117.23791673774083,114.58197094605173,117.014404296875,31832000
2021-05-25,117.55760275816178,118.15232774284735,116.715075066329,117.10511779785156,22440000
2021-05-26,117.28599041375585,118.3996202017259,117.28301841520451,117.96943664550781,21572000
2021-05-27,118.40258048227314,118.40258048227314,116.7774948601589,117.09567260742188,35224000
2021-05-28,117.67752023857234,117.75929178976516,116.60850070207313,116.8067398071289,21482000
2021-06-01,117.67852195944192,118.23706866867205,116.67937832399878,118.01255798339844,23354000
2021-06-02,118.40754638485407,118.6300757232831,116.58421391694786,117.48770904541016,21158000
2021-06-03,116.25564239868717,116.81517979607065,115.45226497101265,116.34732818603516,18696000
2021-06-04,117.42228485227457,118.89720528416072,117.08229729733962,118.62660217285156,24458000
2021-06-07,118.42194169272196,119.16882093672262,118.00365362184354,119.05928802490234,24120000
2021-06-08,119.54051472569788,119.91271031100788,118.68658309033567,118.86797332763672,24240000
2021-06-09,119.51176430716637,119.58362163847241,118.79164827724793,119.33879852294922,17942000
2021-06-10,119.2882532089619,120.72947604269565,119.13263541543495,120.68635559082031,25904000
2021-06-11,120.92770773649222,121.01295040637044,119.88495212398634,120.4420166015625,21958000
2021-06-14,120.54411364612498,121.36979239425413,119.83738291214934,121.36930084228516,22098000
2021-06-15,121.37374754662788,121.6963871144153,119.99200260970889,120.35231018066406,21562000
2021-06-16,120.50345568028659,120.8146987783104,118.4199335658022,119.71098327636719,26472000
2021-06-17,119.6366578615454,121.44561439859767,119.44089162710867,120.6734619140625,25842000
2021-06-18,120.30026282219889,120.5341886020674,118.96014859064296,119.05530548095703,46116000
2021-06-21,119.44139444148058,120.92771145158575,118.84468060932583,120.74185943603516,27414000
2021-06-22,120.67990683669676,121.32419532611587,119.99993923776582,121.25530242919922,22390000
2021-06-23,121.02037501573139,122.01356699210014,120.76365635931501,121.05358123779297,19148000
2021-06-24,121.62155608076279,121.97393077663716,121.22507783037003,121.4233169555664,21362000
2021-06-25,120.92770239628572,121.55514196023191,120.49652817244363,121.43173217773438,34594000
2021-06-28,121.60023377546963,121.7058040021767,120.33842757153094,121.45899200439453,28526000
2021-06-29,121.59232707368952,121.93974845822787,120.6214362690933,121.19782257080078,23108000
2021-06-30,120.92225985457858,121.18245721557813,120.28788557536772,121.01642608642578,24474000
2021-07-01,120.65512003494412,121.5095431679097,120.46332403287062,121.36830139160156,18110000
2021-07-02,122.06759575847595,124.3017824350133,121.97789131366527,124.15657043457031,25982000
2021-07-06,124.5441347516448,125.31678632682912,123.48750228216251,125.08087921142578,26404000
2021-07-07,126.0443374513042,126.16525922771358,125.04420319403772,125.36238098144531,24060000
2021-07-08,122.93589606105768,124.49159740298323,122.93193339631354,123.9449462890625,23790000
2021-07-09,123.92612095804607,124.62938054281378,123.45677959980704,124.415283203125,18632000
2021-07-12,125.06898305678112,125.95264974087195,124.5069652680736,125.8594741821289,17668000
2021-07-13,125.92192128117352,126.93196222420258,125.56112215124197,126.22225952148438,19240000
2021-07-14,126.83333904936362,128.18981821391048,126.79021860093354,127.1098861694336,23742000
2021-07-15,127.51826516357463,127.56881182649684,125.41788646020213,125.88871002197266,24218000
2021-07-16,126.54093661242045,126.68812995291671,125.04470541650979,125.8540267944336,20424000
2021-07-19,124.98126767561185,125.09575390814824,122.41948035880777,123.4830551147461,27968000
2021-07-20,124.42419202434681,125.92637467785345,123.25754270830208,125.10020446777344,26312000
2021-07-21,125.02488471533343,126.4745320010087,124.91585092398546,126.42794799804688,20746000
2021-07-22,126.72034672526937,127.35373032326339,126.37837781235324,127.29276275634766,14302000
2021-07-23,129.2840991163657,132.22651378843682,128.6596466811027,131.84588623046875,41506000
2021-07-26,132.1566611755268,133.0571693287337,131.1386796548472,132.85694885253906,30572000
2021-07-27,133.07054257003838,133.2177359147412,128.9604875498707,130.74069213867188,54710000
2021-07-28,135.11389810308486,137.08145178263484,134.0884905988958,134.89781188964844,95130000
2021-07-29,134.95333000907334,135.45984024693942,134.35167044138507,134.5841064453125,31716000
2021-07-30,133.8481185095128,134.1152504752501,133.07497550053534,133.54232788085938,25576000
2021-08-02,133.92942502207725,134.14699347911008,132.61805515773415,133.6692352294922,21634000
2021-08-03,133.94725240636728,134.53900531485272,132.14771857757245,134.4379119873047,20762000
2021-08-04,134.15986590683238,134.45723212121203,133.30494371224364,133.93783569335938,19676000
2021-08-05,134.48797455260816,135.15159999068044,133.6608059857469,135.053955078125,17870000
2021-08-06,134.8463008593739,135.27301333831355,134.0216127855547,134.5454559326172,20488000
2021-08-09,134.74766566385927,135.9782545970757,134.14995363195558,135.70962524414062,17760000
2021-08-10,136.13485470912244,136.56158228756237,135.16595290851137,135.6045684814453,19414000
2021-08-11,135.97578664479468,136.47237514518056,135.07378119338873,135.0812225341797,15352000
2021-08-12,134.7803782734539,136.09324556598622,134.23522443439262,135.98817443847656,16506000
2021-08-13,136.04367130953105,136.6448469030297,135.82858330220628,136.5169677734375,15948000
2021-08-16,136.31625185991177,137.14639993489493,134.10981879520125,137.09385681152344,22384000
2021-08-17,136.5392916207769,137.05026370678758,134.88595268488515,135.46035766601562,21716000
2021-08-18,135.30025647796398,135.89945070892185,134.13211736511343,134.2584991455078,19258000
2021-08-19,133.2539190566179,135.15406239448427,133.0700483663603,134.4874725341797,21782000
2021-08-20,134.80463305716486,136.34497507893207,134.0612251542761,136.22157287597656,31194000
2021-08-23,136.75684366705852,139.63630956779562,136.39802587425726,138.81063842773438,28454000
2021-08-24,139.37561670216243,140.83121539533298,139.10502114709683,140.01991271972656,19268000
2021-08-25,140.38022622324365,140.9397636176069,140.13342175774235,140.83023071289062,15848000
2021-08-26,140.50413099166133,141.16575996618351,140.11457982312106,140.19735717773438,20610000
2021-08-27,140.40747821898057,143.2423415908645,140.25334264721428,142.73831176757812,28780000
2021-08-30,143.13082479723923,144.68753203308154,142.89590833586342,143.3196563720703,24434000
2021-08-31,143.87127806313893,143.89555316910022,143.01289216673564,143.42572021484375,22448000
2021-09-01,143.72557265051026,144.96854887327217,143.61009573998498,143.93917846679688,21936000
2021-09-02,143.93968027138507,144.24051010678463,141.92652519793006,142.0276336669922,32342000
2021-09-03,141.82293077721366,142.88798016222196,141.14889962263817,142.47613525390625,19850000
2021-09-07,142.5702805498148,143.2943591486346,142.35667479196854,143.01235961914062,20124000
2021-09-08,142.83344112899707,143.13079218348378,141.7431035136387,142.4280242919922,18344000
2021-09-09,142.57624028484273,143.04211051634226,141.9190731671668,142.2793731689453,15314000
2021-09-10,142.9449634747417,143.4465279342337,139.5010145668301,139.63780212402344,36840000
2021-09-13,140.7018679540071,141.6935778474216,140.00852254788668,141.08151245117188,22094000
2021-09-14,141.73868129488542,142.1029591253105,140.5041295860025,141.29164123535156,19674000
2021-09-15,141.51663270038054,143.18087624925593,140.10515271027106,143.16006469726562,27408000
2021-09-16,142.68527016924585,143.03170083482422,141.14988885441545,142.34776306152344,26190000
2021-09-17,141.7733642211635,142.18917178562248,139.23536813670114,139.56246948242188,53384000
2021-09-20,136.94716512358414,137.77829631791283,135.12384006043985,137.50025939941406,46518000
2021-09-21,138.5211988911411,138.78090469038185,137.06263570579478,137.81100463867188,25332000
2021-09-22,138.07962340432297,139.64870264345097,137.33373489370697,139.05050659179688,25056000
2021-09-23,139.74834620899532,140.45111435610144,139.16749808844298,139.97483825683594,20952000
2021-09-24,139.30326368063228,141.07952064576384,139.00837789075337,140.96502685546875,22984000
2021-09-27,139.56691112881026,140.69094656158367,138.83638943281525,139.83206176757812,21882000
2021-09-28,137.43629028704004,137.87390754362576,134.17025351354255,134.63612365722656,45772000
2021-09-29,135.7760328990303,135.94553512593572,132.68842135183831,133.17262268066406,30848000
2021-09-30,133.08143210735338,134.35116361737062,132.3821276786133,132.50106811523438,37996000
2021-10-01,133.2658085579831,135.7071733415619,132.89460362239197,135.3428955078125,35360000
2021-10-04,134.7654966784679,134.7654966784679,129.89816454860028,132.48472595214844,51202000
2021-10-05,132.86287924921712,136.01840082000018,132.86287924921712,134.82745361328125,32404000
2021-10-06,133.56565053252967,136.53928282638935,133.3674114045409,136.3559112548828,24364000
2021-10-07,137.67124657959297,138.81114805651399,137.43236744248404,138.00132751464844,25110000
2021-10-08,138.3502060903865,139.097576749606,137.99386876227683,138.556884765625,26526000
2021-10-11,138.0677224984153,139.47523981927662,137.6385144893524,137.6930389404297,17954000
2021-10-12,138.25406031342655,138.28083098740217,134.5667554031385,135.2497100830078,36332000
2021-10-13,136.19483027400855,136.7870823219551,135.31909643090742,136.3727569580078,19654000
2021-10-14,138.24812282051505,140.09523891303556,137.6048250070832,139.91038513183594,31894000
2021-10-15,140.3698121513104,140.47240282360914,139.51786944318084,140.12547302246094,30274000
2021-10-18,139.83653402400074,141.5409184042978,139.8295917986677,141.5230712890625,20396000
2021-10-19,142.1272172677941,142.39980927751645,141.346647938062,141.97804260253906,20164000
2021-10-20,142.0781590742051,142.28433864697428,140.1338971977449,140.52294921875,23288000
2021-10-21,140.52294001353957,140.9065471263321,139.26509648022758,140.638916015625,26292000
2021-10-22,137.926969706927,139.34737337961698,134.86016945665278,136.35739135742188,50588000
2021-10-25,136.34104419991752,136.787086020702,134.23372308873442,136.23895263671875,34412000
2021-10-26,138.03948851571823,138.85177438830706,137.08891772648917,138.08409118652344,49236000
2021-10-27,138.17971995180935,147.34345760422508,138.17971995180935,144.93234252929688,85782000
2021-10-28,145.8413168219632,145.8646088246245,143.35584839252425,144.56710815429688,36206000
2021-10-29,143.80286589775253,146.93905794038585,143.37813478343114,146.74478149414062,43320000
2021-11-01,146.74479239872048,146.74479239872048,141.96665019325252,142.2357635498047,46924000
2021-11-02,143.3087514833836,145.3204089612238,143.0668927959046,144.1542510986328,33482000
2021-11-03,144.61813015361963,145.3798843880956,143.3201457071093,145.30950927734375,27494000
2021-11-04,145.83138101023934,148.41745854274853,145.02205961897133,146.96434020996094,38412000
2021-11-05,147.85841557801552,149.00624241473633,146.89447456017774,147.54371643066406,38354000
2021-11-08,148.50814284863625,149.29120778593392,147.1258987759427,147.72113037109375,23052000
2021-11-09,147.92135382889896,148.5175685400609,145.9508203469495,147.609619140625,19530000
2021-11-10,146.20357706440018,146.76857441866247,143.2671214393326,144.61119079589844,29970000
2021-11-11,145.20195824365715,146.2387698135398,144.32076445094071,144.4853057861328,16518000
2021-11-12,145.32685883285086,147.5417315550425,144.1329471350042,147.37123107910156,22360000
2021-11-15,147.59174578945033,148.23504350133263,146.2778957051442,147.14718627929688,23508000
2021-11-16,146.84737335766715,147.45497691847146,146.01772444610071,146.57627868652344,18904000
2021-11-17,146.72642872326313,147.2537504824228,145.9458594225756,146.74575805664062,19594000
2021-11-18,146.9385664922546,149.25701287000476,146.58470958501508,148.5215301513672,35608000
2021-11-19,148.65732984777023,149.63963221382073,147.59029904384553,147.6175537109375,33682000
2021-11-22,148.0199796793374,148.51260548030166,144.86297594328792,145.01611328125,30594000
2021-11-23,144.8684433179545,145.37099098397414,142.8483611146585,144.50070190429688,27218000
2021-11-24,144.19487604589696,144.96405646776765,143.10405430635475,144.835693359375,18040000
2021-11-26,143.07976736967893,143.28693003446975,140.59579672453097,140.9333038330078,30470000
2021-11-29,142.73432320274722,145.01163011022243,142.62875298434784,144.25137329101562,32596000
2021-11-30,143.7339942267299,144.71678060777072,140.3569412412241,140.6503448486328,42068000
2021-12-01,142.73436975163543,144.66772709812903,139.6735130301296,139.81178283691406,34020000
2021-12-02,140.0085210717419,142.60004356233455,138.98211518195825,141.70944213867188,29194000
2021-12-03,142.41816088869103,143.1308356569036,139.0678634936082,140.75341796875,41230000
2021-12-06,141.7832787246902,142.5881383480877,138.91818113605103,141.8967742919922,30618000
2021-12-07,144.31679812363797,146.23430432331102,143.9510381265825,145.97509765625,32240000
2021-12-08,146.29922253666786,147.0887305485921,145.11919542765767,146.884033203125,24270000
2021-12-09,146.29378297525568,147.78952259539568,145.82196873525865,146.3408660888672,23270000
2021-12-10,147.39304592455917,147.66810329721565,145.41458694967773,146.70068359375,24458000
2021-12-13,146.48260348264037,146.66945372410888,144.23851000057718,144.5447998046875,27070000
2021-12-14,142.7026193273764,143.21011265403155,139.9738104375734,142.64215087890625,38446000
2021-12-15,142.1485511948514,145.43143797020528,140.43276245717442,145.15390014648438,36370000
2021-12-16,145.8769849184342,146.37903341060957,142.34479835563232,143.17544555664062,33650000
2021-12-17,141.24755251079608,142.5703265958565,140.05810246195654,140.4793701171875,50416000
2021-12-20,138.7694803949331,140.5283891248186,138.096447568036,140.3623504638672,27192000
2021-12-21,140.80496758946774,142.6045168135887,139.26760464551032,142.2115020751953,28756000
2021-12-22,141.8100612694889,145.21238762776494,141.8100612694889,145.1281280517578,26322000
2021-12-23,145.21235527070144,146.94053073802044,145.16477304721343,145.6251983642578,26384000
2021-12-27,145.9617111068582,147.0401457449663,145.87596932932522,146.6064910888672,15976000
2021-12-28,146.93310171719043,146.9955515001699,144.77078743444807,145.39772033691406,18200000
2021-12-29,145.35559153853998,146.12130842393856,144.36736044495242,145.36599731445312,17788000
2021-12-30,145.40465905246458,146.0053355046696,144.71131371891346,144.91549682617188,15688000
2021-12-31,144.76632590571236,145.40912459334086,143.578857421875,143.578857421875,18136000
2022-01-03,143.78006634339744,144.56907529374837,142.44986625187568,143.71713256835938,28646000
2022-01-04,144.1180572750369,145.1974901309125,142.45332978624396,143.1303253173828,28400000
2022-01-05,143.15065613098375,143.22945569243274,136.47783061916755,136.56405639648438,54618000
2022-01-06,135.79439434447366,138.71003866950787,135.3582591822802,136.53680419921875,37348000
2022-01-07,136.93128920152486,137.23163499485634,134.57320114440378,135.81271362304688,29760000
2022-01-10,133.89077354018556,137.59938954533916,131.9940937569273,137.45069885253906,44408000
2022-01-11,136.79400536234317,138.98358922014876,135.49106011440765,138.50779724121094,28730000
2022-01-12,139.9093868006954,141.35457977142337,139.45790011942026,140.1874237060547,26108000
2022-01-13,140.29596006685344,141.59445882785775,137.1924825382084,137.36892700195312,31436000
2022-01-14,135.87416542111617,139.50497974939202,135.79438276109653,138.2545623779297,29662000
2022-01-18,134.9781195690153,135.92620981691346,134.24809688423744,134.80267333984375,34872000
2022-01-19,135.32357116715727,136.74695452608606,133.82882958181867,133.92893981933594,28648000
2022-01-20,135.05247646638676,136.41638959519287,131.79584612438092,132.13583374023438,29908000
2022-01-21,131.42810942176132,133.6801282847316,128.943140301046,129.205810546875,55652000
2022-01-24,124.87074048240562,130.04982252537027,123.40573418952586,129.65432739257812,76622000
2022-01-25,127.60847923176541,128.26168373746512,125.38866078931534,125.8193359375,46960000
2022-01-26,129.96657793490613,131.83104226573408,126.02452744701331,128.09715270996094,49130000
2022-01-27,130.14995219911842,131.48659557299035,127.79928994708102,127.87116241455078,31950000
2022-01-28,128.51937364185733,132.18438456774498,127.35569637367115,132.17892456054688,34362000
2022-01-31,132.98284153048613,134.28232364001818,131.04750282086047,134.1143035888672,39986000
2022-02-01,136.38513965543686,136.58189655421876,133.1874959638718,136.4342041015625,68644000
2022-02-02,149.92062310914736,150.21451067811546,144.24347030048295,146.69918823242188,123200000
2022-02-03,144.4248414458833,148.3594496248234,141.41155275115443,141.8323211669922,71518000
2022-02-04,142.18372697506842,143.6016501301799,139.27997087416557,142.03355407714844,57998000
2022-02-07,142.98215841687698,142.98215841687698,137.6791745678362,137.9775390625,54974000
2022-02-08,137.80457400105325,138.7695132466174,135.80976527306845,138.17379760742188,54284000
2022-02-09,139.72454860201665,141.2718333033263,138.95486891672266,140.34751892089844,40144000
2022-02-10,138.475614665895,140.24095165966446,136.744459438641,137.40162658691406,39330000
2022-02-11,137.38180608982287,137.9334029746626,132.22749846188867,133.1022491455078,39958000
2022-02-14,132.08524017025505,135.10199206278148,132.08524017025505,134.3347930908203,34302000
2022-02-15,136.36134149082847,136.8946223837062,134.6277210675767,135.40780639648438,26680000
2022-02-16,135.44546098409901,136.87230757588372,133.73809706927898,136.52737426757812,25022000
2022-02-17,135.0454925571955,135.90833999303229,131.31408462900592,131.37405395507812,38950000
2022-02-18,132.293931857016,132.89164396954067,129.05218420049687,129.25686645507812,45620000
2022-02-22,128.6968214918031,131.01873151195204,127.09650976671601,128.67254638671875,44990000
2022-02-23,130.49140310139634,130.89036178652327,126.40662154377361,126.46659088134766,32786000
2022-02-24,123.85524617381691,131.8310242930199,123.85524617381691,131.5247344970703,54456000
2022-02-25,132.3781698059547,134.0825542601225,130.59348845442182,133.27769470214844,36406000
2022-02-28,131.88058572904305,134.5583337933557,131.427102602085,133.8699493408203,38864000
2022-03-01,133.69301448970344,135.0579106140199,132.04761612674722,132.88319396972656,26496000
2022-03-02,133.4447243246417,134.07363858013736,131.90190155372292,133.3887176513672,23520000
2022-03-03,134.8145494526599,135.2402787650286,131.8562842947509,132.7226104736328,24604000
2022-03-04,131.75913799419806,132.67501249501674,129.19189132762278,130.74710083007812,30430000
2022-03-07,130.33232674161766,130.57714987008313,125.18496092413871,125.26773071289062,45112000
2022-03-08,125.1403534553541,130.09640705754634,124.56991120175218,125.98734283447266,40428000
2022-03-09,130.09638929835302,132.5600473216055,128.75874807277455,132.247314453125,37026000
2022-03-10,130.1122619277312,132.10062719921083,129.76186860445603,131.26553344726562,27102000
2022-03-11,132.3152468515917,132.6195553638783,128.4921518581666,128.7290496826172,31526000
2022-03-14,129.10519737260148,129.26279649048794,124.17392551133625,124.84397888183594,38812000
2022-03-15,125.85995365691173,128.713162774351,124.61548797628525,128.0624237060547,30920000
2022-03-16,129.58394480607387,132.16108344524727,127.6030057057171,132.1090545654297,35576000
2022-03-17,131.97872086094247,132.90203693206857,131.02318923079633,132.66265869140625,28264000
2022-03-18,132.25179767226226,135.0465201210338,131.09604557963877,134.92906188964844,44566000
2022-03-21,134.96670973028958,135.84542305630865,132.9139133143383,134.90525817871094,26832000
2022-03-22,134.905281506743,139.81028984562343,134.905281506743,138.638671875,35496000
2022-03-23,137.48342965556287,138.36164408850559,136.62356145713596,137.0601806640625,25154000
2022-03-24,137.97653660408002,140.37428175630868,136.53978312219112,140.32769775390625,26396000
2022-03-25,140.6686405705943,140.7865978961549,138.50929099112452,140.4277801513672,24126000
2022-03-28,139.66208940065627,140.75440862104264,138.5826564041628,140.21221923828125,35050000
2022-03-29,141.39374081978931,142.52966445696305,140.79008476675781,141.2529754638672,34318000
2022-03-30,141.20789506521558,141.4661035387116,140.35545318525374,140.69097900390625,19884000
2022-03-31,140.80444813456486,140.85897258818176,137.80257825062185,137.84519958496094,37524000
2022-04-01,138.27390583221185,139.23636461681514,137.09188211987873,138.91868591308594,25942000
2022-04-04,139.12484935301754,142.4488747295106,139.07726712649293,141.71487426757812,25942000
2022-04-05,141.6132941655978,141.73371683584432,139.14865258935774,139.35531616210938,21418000
2022-04-06,137.5304656429179,138.13560380565775,134.32588019815415,135.3478240966797,32468000
2022-04-07,134.81457550647184,135.95893878121728,133.0477410449295,134.69415283203125,26234000
2022-04-08,134.39180707525873,134.4775488545769,131.7968213100517,132.11599731445312,25142000
2022-04-11,130.66487062485646,130.9315035311139,127.53760194851499,127.69123840332031,36884000
2022-04-12,130.44334266181815,130.44334266181815,125.67462307577014,126.59198760986328,32710000
2022-04-13,126.87496906105243,129.18845446203287,126.61824282890016,128.7523193359375,27928000
2022-04-14,129.33268319605867,129.33268319605867,125.48826307957773,125.61613464355469,31598000
2022-04-18,125.88376118192888,127.0855981275949,125.07295002814799,126.55431365966797,20808000
2022-04-19,126.56918205499946,129.18745998099084,125.88326290264443,128.86631774902344,26490000
2022-04-20,129.74154970357304,130.24409728114765,126.37936469139383,126.91461181640625,31696000
2022-04-21,128.11398446155997,128.95502227336507,123.43199758034922,123.71746826171875,36446000
2022-04-22,123.90133604882998,124.2998031690539,117.8797341417918,118.583984375,56884000
2022-04-25,118.05418408752932,122.19397402288331,117.46937340165847,121.99226379394531,46128000
2022-04-26,121.21962308439458,121.43322887611035,117.46937661496328,117.6071548461914,73054000
2022-04-27,113.46338958402451,116.2115203098223,111.74562732959535,113.28993225097656,91820000
2022-04-28,115.39179910794181,118.59786733984906,113.11201138291597,117.48077392578125,48884000
2022-04-29,115.70848796251151,116.88356939125211,112.81415439821426,113.10655975341797,42676000
2022-05-02,112.40824262327081,115.71938168066022,111.61031774703048,115.55831146240234,35534000
2022-05-03,115.4071644067974,117.4009899974836,115.01464880494734,116.30272674560547,24968000
2022-05-04,116.0028802952593,121.7746984397327,114.10421172565688,121.18641662597656,49916000
2022-05-05,119.14748518479028,119.97514515514386,113.99467514066237,115.48149108886719,45840000
2022-05-06,114.17210723502704,116.53812813658617,113.01338323041298,114.72916412353516,39710000
2022-05-09,112.25462080802374,114.06556635107472,111.01610644763626,111.5221176147461,40802000
2022-05-10,114.49227422836657,115.22824850518352,111.90818559117898,113.3895492553711,39900000
2022-05-11,112.24123869560488,115.34174426145016,112.24123869560488,112.60401916503906,37534000
2022-05-12,110.3985706744424,113.29042361789074,108.85921908657511,111.85218048095703,53836000
2022-05-13,113.52634571820091,116.83897511375179,112.60650825042165,115.03050994873047,35038000
2022-05-16,113.94511327209501,115.1489390261491,112.8884884094621,113.43910217285156,25990000
2022-05-17,115.81355000837539,115.87252867662438,113.8603722292567,115.44927978515625,23054000
2022-05-18,113.9892360282762,114.38572183997256,110.57500685562273,110.91598510742188,35126000
2022-05-19,110.4521046016662,112.01672963021842,109.03318313781098,109.41381072998047,34144000
2022-05-20,110.96703650906717,111.19749876704485,104.86663436993842,107.9507827758789,48962000
2022-05-23,108.62430893865206,111.16180602376643,107.7852448693059,110.50810241699219,37184000
2022-05-24,104.8423393279953,105.52280600519344,100.98900326705386,105.0385971069336,76780000
2022-05-25,104.0627373069411,105.56392921352518,102.94366271417042,104.87503814697266,40258000
2022-05-26,104.74816998923528,107.6945397193801,104.30013932618309,106.84507751464844,37948000
2022-05-27,108.52073095633479,111.3308125955402,108.17925358101334,111.3293228149414,37914000
2022-05-31,111.75553808376368,114.71777381462744,111.0934100457265,112.76211547851562,50012000
2022-06-01,113.84550156256307,116.07225439334378,112.25460515544829,112.89096069335938,36606000
2022-06-02,112.99801076939922,116.86323458869028,111.95377304234565,116.58866882324219,37992000
2022-06-03,115.04239030742981,115.2991165371884,112.52075159132542,113.53426361083984,26136000
2022-06-06,115.6787539707655,118.2980302082557,115.14300770312117,115.79373931884766,33542000
2022-06-07,114.46550552636866,116.65657936123159,114.0407744070312,116.11983489990234,31590000
2022-06-08,115.73525430628604,117.52836028330441,115.57517473426661,116.16395568847656,26108000
2022-06-09,115.3050549411603,117.25923088930595,113.76719320854649,113.826171875,25798000
2022-06-10,111.45669077399432,112.28336016383942,109.39596129686058,110.1844711303711,41452000
2022-06-13,105.8479317354448,107.83530667844167,105.18630275754612,105.4573974609375,47252000
2022-06-14,105.5986399557648,106.97592316690826,104.87009945591228,105.77754974365234,33706000
2022-06-15,107.59096455911155,110.44416645951732,106.7231636370719,108.79975128173828,39698000
2022-06-16,106.27861773864792,107.6935690899347,104.2139253852508,105.10155487060547,51684000
2022-06-17,105.10154532268795,107.7441135350495,104.12272168588028,106.20178985595703,51376000
2022-06-21,107.97209882382842,111.5008145838909,107.64549654348806,110.5636215209961,47416000
2022-06-22,109.58478958192295,112.35026079420923,109.41231534981758,110.50760650634766,30774000
2022-06-23,111.2450568706106,111.75156708607098,109.52927601369151,111.25546264648438,28362000
2022-06-24,112.00185482451673,117.0411696178319,111.95972504269348,116.93807983398438,41164000
2022-06-27,117.23345639112544,117.53725815108606,114.16714052686946,114.81539916992188,36420000
2022-06-28,114.78467596630205,116.27843425509606,110.86493491306922,111.02303314208984,35792000
2022-06-29,110.57153493394433,112.16589494206592,109.8980029257133,110.71971893310547,24716000
2022-06-30,109.03317519019397,109.9133707611735,105.81174046866552,108.00528717041016,43170000
2022-07-01,106.98434306481707,108.28976888662308,105.79241280402681,107.78177642822266,35476000
2022-07-05,106.15915998193664,112.38049064467288,104.80218931259407,112.26749420166016,39342000
2022-07-06,112.30615296257244,114.57354585155757,110.49619829116553,113.56498718261719,37432000
2022-07-07,114.06853442164258,118.14191207685637,113.82420284830546,117.73898315429688,40936000
2022-07-08,116.21946167906191,118.63305746114801,115.87402164356276,118.30447387695312,38238000
2022-07-11,116.96089626552066,116.96089626552066,114.31683805679349,114.65979766845703,31196000
2022-07-12,115.19354915850505,115.94588075015933,112.69074816289236,113.01834106445312,29960000
2022-07-13,110.71922817942544,113.19230171782554,110.22412191978457,110.37478637695312,43722000
2022-07-14,109.24183551851672,110.11657870733588,107.4204842436842,109.39745330810547,37004000
2022-07-15,111.0161063466345,112.14608602954786,109.92527688804181,110.79505920410156,46770000
2022-07-18,111.64996438782659,112.68082434708725,107.41749833919559,108.07169342041016,43164600
2022-07-19,109.87569462538704,113.01783044467969,108.59703203078138,112.80967712402344,36530900
2022-07-20,112.1753157376498,114.38571897797333,111.49138548098223,112.8989028930664,35600400
2022-07-21,113.27555937905743,113.54319050720274,110.13342322528176,113.33502960205078,32676200
2022-07-22,110.02438111222146,111.35259974077154,105.56393322929357,106.95162963867188,48901200
2022-07-25,107.45716230393901,108.90432910851514,105.36570699180157,106.56507110595703,34690900
2022-07-26,105.66306921649698,106.25779418092783,103.15530711554915,104.09695434570312,47991000
2022-07-27,108.29969526679004,112.90882704783183,107.06068175373248,112.06629180908203,59858500
2022-07-28,111.3823490591432,113.33502778538879,110.48034369240179,113.2160873413086,32816600
2022-07-29,112.08611712100763,115.68420953971332,112.06628867044458,115.29763793945312,37223400
2022-08-01,114.28659900379381,115.69411641077537,113.33503005804593,113.8504638671875,26034300
2022-08-02,112.9980223744773,115.32736606008014,112.72048458212805,114.11808776855469,20236000
2022-08-03,114.69299545382555,117.57742237828928,114.46502121528304,117.04216766357422,28499000
2022-08-04,116.4474330419797,117.73600237782314,115.86261481324507,117.15119171142578,21602900
2022-08-05,115.20841618086989,117.07188946431748,114.98043440591263,116.43751525878906,19159500
2022-08-08,117.34943613172396,119.09396911037126,115.85270583222336,116.2690200805664,19138300
2022-08-09,116.11043142494283,116.28884966977363,114.6929996916588,115.60491180419922,19086500
2022-08-10,117.73602180645014,119.85721238899586,117.36927863728738,118.64793395996094,30930400
2022-08-11,120.21403540752571,120.42218875210386,117.51794102802992,117.79547882080078,24293700
2022-08-12,119.20300201694565,120.61051940917969,118.41003042457679,120.61051940917969,19096300
2022-08-15,120.06535665403284,121.2250789907804,119.54993038618566,121.00701141357422,19494800
2022-08-16,120.45192234559127,121.35392772306473,119.57965964182924,120.63034057617188,19041200
2022-08-17,119.06422683250173,120.22394148614529,118.33072550149306,118.49923706054688,22847000
2022-08-18,118.38029859169842,119.75808091078403,117.6765398760915,119.1137924194336,17987700
2022-08-19,118.01353242157256,118.1027453085966,115.7337525634136,116.17979431152344,21809500
2022-08-22,114.18748526200035,114.61370622389826,112.84935214610553,113.23592376708984,21456600
2022-08-23,112.48261078724268,113.99916218048946,112.4330472197183,112.85926818847656,15870400
2022-08-24,112.50241004709838,113.77115848347056,111.87795005297879,112.69074249267578,17734600
2022-08-25,113.23591148601406,115.69411741968042,113.10705681377382,115.6247329711914,16956800
2022-08-26,113.71169359144874,114.10817938697578,109.2215102957735,109.37018585205078,37245700
2022-08-29,109.02326464751619,109.97482602837435,107.8437290366526,108.4582748413086,21191200
2022-08-30,109.20167540311007,109.52877673229412,106.85251100449418,107.98249053955078,27513300
2022-08-31,109.67746398729584,109.87570309968547,107.1796088220971,107.2688217163086,28627000
2022-09-01,107.32830011371269,109.47922565257869,106.41638802751207,108.77546691894531,28360900
2022-09-02,109.61799202942274,109.76667515278551,106.3172660149257,106.9020767211914,24160700
2022-09-06,106.35690685927537,107.08048640627771,104.85026242093507,105.87120819091797,25068300
2022-09-07,106.11902111929638,109.01336227424459,105.96043133074927,108.4880142211914,23167000
2022-09-08,107.09040592922442,108.63669221562516,106.21814322757177,107.42741394042969,24238300
2022-09-09,108.1113601188559,110.01448301287972,108.06179655462415,109.67747497558594,23197700
2022-09-12,110.01447478728238,110.6389423756241,108.96379385270278,109.8856201171875,22966800
2022-09-13,106.85252347865307,107.34812886109147,103.17512488610275,103.40310668945312,38172900
2022-09-14,103.65090463743046,104.35466334080722,102.74890681508529,104.0771255493164,26395100
2022-09-15,103.11564426895569,104.3447433760891,101.45041004927867,102.0054931640625,34188300
2022-09-16,101.17287435902635,102.22355526563086,100.05280900693545,101.8964614868164,42797200
2022-09-19,100.85569511319773,102.4218099333564,100.65745598557626,102.16409301757812,23036800
2022-09-20,101.18280106502655,101.47025310674029,99.63650706262375,100.25106048583984,26517100
2022-09-21,100.7763873127521,101.97575131964689,98.39748018499488,98.40739440917969,31487300
2022-09-22,97.95143652872501,100.35016449651606,97.92170141907806,99.25983428955078,34298600
2022-09-23,98.75432356236846,98.7840662370101,96.6133122907774,97.87214660644531,31625400
2022-09-26,97.23775972454996,99.0021134075617,96.940401077741,97.30714416503906,27072700
2022-09-27,98.55608825728369,99.12107809995993,96.01859107787291,96.64305114746094,30072800
2022-09-28,96.7917391605889,99.81492765776615,96.25648440436291,99.17064666748047,32466300
2022-09-29,97.77302184291314,97.77302184291314,95.11657689159186,96.5637435913086,31047200
2022-09-30,96.19699201045017,98.03073011285355,94.72008276764481,94.80929565429688,32941500
2022-10-03,95.90955206825485,98.41731399775504,95.67165604887613,97.77302551269531,27982000
2022-10-04,99.5572084701991,100.94489744691543,99.49773068381286,100.74665832519531,28850800
2022-10-05,98.95256237530134,101.03410325667056,97.93161660163159,100.53849792480469,22176900
2022-10-06,99.79508596731075,102.02530987221579,99.70587307869936,100.52857971191406,22324000
2022-10-07,98.9723979390633,99.64642159285418,97.43602571983261,97.81268310546875,27502800
2022-10-10,98.12987293853934,98.22899250984793,96.15736548884571,96.99989318847656,18225100
2022-10-11,96.57365410336944,98.37765718707726,95.46349545095802,96.32585144042969,26507100
2022-10-12,96.44481291724789,97.88206553818982,95.88972973231223,96.70252227783203,21876400
2022-10-13,94.31370108960836,98.90300397980121,93.55046460378601,98.1893310546875,34574500
2022-10-14,99.11114884737647,99.80500082627663,95.52297120409693,95.71129608154297,25410700
2022-10-17,97.99109458245891,100.04290051639435,97.96135947016587,99.09133911132812,28419200
2022-10-18,102.22356592791553,102.56058152852803,99.09134376768007,99.88430786132812,24060700
2022-10-19,99.1309831390766,100.13210049023245,98.0505595554906,98.75431823730469,23811100
2022-10-20,99.12107422362116,101.42068284311566,98.51643506587006,99.09133911132812,25323200
2022-10-21,96.98996478104308,100.41955287075776,96.86111011341654,100.24113464355469,32458700
2022-10-24,100.90525400873032,101.84690116488177,99.10125080640549,101.6189193725586,27176400
2022-10-25,101.99559168167764,103.89871458124401,101.81717343719716,103.56170654296875,40611400
2022-10-26,95.58245054848182,97.44592398970775,93.85774600381856,94.09563446044922,88114100
2022-10-27,93.68923447770169,94.59123986812598,90.993147655817,91.40945434570312,60710900
2022-10-28,91.45900853564996,95.70139671064247,91.32023964176592,95.44367980957031,43697300
2022-10-31,94.58132675716521,95.18596591202643,93.15398843755676,93.67932891845703,31675000
2022-11-01,94.61106036439496,95.18596439796062,89.57571564537245,89.67483520507812,47161400
2022-11-02,90.14071264226654,90.3786011169974,86.11639164873716,86.20560455322266,57038300
2022-11-03,85.56131487965403,85.75955401223071,82.60750340529754,82.69671630859375,61288000
2022-11-04,84.64940174408115,85.87850098830332,82.97425311346052,85.81903076171875,51124900
2022-11-07,86.51287043332725,88.11863452220038,86.08664952122535,87.71223449707031,34078900
2022-11-08,88.1186294555664,89.5261467821038,86.82013834461175,88.1186294555664,30429000
2022-11-09,87.67257842772042,88.65388241006076,86.51286378932228,86.5525131225586,31769100
2022-11-10,91.43918562996998,93.56037588946144,90.80481139698212,93.11433410644531,51620100
2022-11-11,93.85775353472138,96.07806362021408,93.09451698004875,95.56263732910156,33090500
2022-11-14,94.25420193802223,95.93926430974393,93.67930560074711,94.85884094238281,30179500
2022-11-15,97.39637271288223,99.25984624445441,95.85999298915897,97.57479095458984,41640800
2022-11-16,97.03953867950554,98.7642433513322,96.78182175445707,97.98118591308594,29105200
2022-11-17,96.11770867544051,98.4074031127186,95.93929043602027,97.49549102783203,26052600
2022-11-18,97.90186508489751,98.03072729943703,95.52296575672096,96.57364654541016,28342300
2022-11-21,96.43488349899745,97.53512790783459,94.5218466726924,94.75973510742188,21647400
2022-11-22,95.10665326586057,96.3654949524555,93.22335919115972,96.19699096679688,23438500
2022-11-23,96.23665815892174,97.89198603203164,96.23665815892174,97.59461975097656,18868100
2022-11-25,97.37655206874295,97.7730379223597,96.54393858225258,96.60340881347656,9701400
2022-11-28,96.18709181030358,96.72234652124172,94.7696601393946,95.20579528808594,26237500
2022-11-29,94.88861012981242,95.27518172427101,93.28284596351969,94.35335540771484,20061700
2022-11-30,93.98660272217356,100.15193477810236,93.59011691093076,100.10237121582031,43647500
2022-12-01,100.1321063282544,101.35129887441687,99.36887738054075,100.10237121582031,28687100
2022-12-02,98.17942293118247,99.88429898405619,98.03073981360708,99.55720520019531,21480700
2022-12-05,98.52634555474117,100.48893851504042,98.1298597604134,98.60564422607422,24405100
2022-12-06,98.42722540069438,98.9030023011365,95.57253374869178,96.12761688232422,24910700
2022-12-07,95.56263371133674,96.02849641963317,93.88748509454602,94.10555267333984,31045400
2022-12-08,94.54167257081721,94.73991924555087,92.62863564307744,92.8863525390625,32213300
2022-12-09,92.94583211796659,93.43153084821046,91.93480044321662,92.01409912109375,28225400
2022-12-12,91.89514325545609,92.73767083950996,90.80481299595476,92.4898681640625,29420000
2022-12-13,96.90077367161189,98.65521352800921,94.1947647555695,94.78948974609375,40593700
2022-12-14,94.36326019238705,96.01858788905928,92.77732450792483,94.23440551757812,28733600
2022-12-15,92.31146188282725,92.81698152362237,89.218888932877,90.06141662597656,40107000
2022-12-16,89.96228779812273,90.52727761063562,88.73318105041864,89.46668243408203,58011800
2022-12-19,89.46667706453866,89.7640357277138,87.43469216899084,87.66267395019531,29493000
2022-12-20,87.33557392675367,88.39616905558795,86.67146458378042,88.2375717163086,23453800
2022-12-21,88.29705059692365,89.42703018514993,87.54372835066033,88.79265594482422,24745600
2022-12-22,87.3851332274773,87.76179054640475,85.56130172632905,86.9886474609375,27658300
2022-12-23,86.34436275710375,88.76291923113465,86.30471342250716,88.44573211669922,23003000
2022-12-27,88.01951318270693,88.15828207571641,86.24524512227134,86.62190246582031,20097300
2022-12-28,86.21551552084601,87.26619651001516,85.18465541951453,85.26394653320312,19523200
2022-12-29,85.85866720486126,88.06906266743349,85.84875298114018,87.67257690429688,23333500
2022-12-30,86.21551535680346,87.52391325940049,85.80911531469404,87.45452880859375,23986300
2023-01-03,88.80255544716131,90.24972960120895,87.74196039065848,88.3366928100586,28131200
2023-01-04,89.55587665525148,89.85324286170601,86.50294617668717,87.30583190917969,34854800
2023-01-05,86.70121724080192,86.80033681674256,85.1450164552836,85.44237518310547,27194400
2023-01-06,86.02718055238785,86.91927172588105,84.11414353236154,86.57234191894531,41381500
2023-01-09,87.58336868376195,89.25851700743456,87.08776338680192,87.24635314941406,29003900
2023-01-10,85.22430369329793,87.89065547093827,85.07562056818927,87.64285278320312,30467800
2023-01-11,88.3961696743914,90.7948977302534,88.22766567198052,90.7155990600586,26862000
2023-01-12,90.6759627102154,91.06253429761234,88.96116478580137,90.32903289794922,30258100
2023-01-13,90.05149141638756,91.37971769910212,89.33781849580512,91.31033325195312,26329200
2023-01-17,91.2508540286788,91.43918648040213,89.25852597951722,90.48762512207031,32602400
2023-01-18,91.3301539078307,91.98435660415667,89.84333784782173,90.31912231445312,29116700
2023-01-19,89.92264707243187,92.78724574591155,89.83343416594599,92.23217010498047,37000400
2023-01-20,94.26414410700895,97.436023155267,94.18484542927642,97.15847778320312,63191100
2023-01-23,97.08908644403112,99.1607207694037,96.64304464751609,98.91291809082031,40005100
2023-01-24,97.23777151171052,98.73450183779414,96.3456803384707,96.8412857055664,33078500
2023-01-25,94.73000174467127,95.31481996198589,92.93591288382635,94.3830795288086,42330000
2023-01-26,95.65184064234623,96.7124358785813,94.54168184198296,96.66287231445312,30114000
2023-01-27,96.45471331121503,99.43825971343786,96.45471331121503,98.49661254882812,33879800
2023-01-30,96.62322160019781,97.42609984090785,95.5527122376928,96.08796691894531,27226200
2023-01-31,96.01858138177985,98.0109094055175,95.96901782279963,97.97126007080078,29870700
2023-02-01,97.8424184378622,100.30062458138316,96.7223529416814,99.54730224609375,35531100
2023-02-02,104.87010131411388,106.9020788324088,104.68176884997912,106.79304504394531,69883800
2023-02-03,102.0253238017862,106.86242958684039,101.67840154834732,103.85906219482422,65309300
2023-02-06,101.499962045736,103.44273382033772,100.98452832374463,101.99556732177734,31999600
2023-02-07,102.31276695764967,107.229170992123,102.21364740273903,106.69391632080078,49010200
2023-02-08,101.15305759656383,102.23347365780366,97.17830046850436,98.49661254882812,94743500
2023-02-09,99.12107385512309,99.15080896730558,92.80705872811015,94.17493438720703,119455000
2023-02-10,94.61105508342865,95.89963197469012,93.42160530867747,93.7387924194336,54980700
2023-02-13,93.90729704786835,94.36325304999363,93.01520592965052,93.7784423828125,50076100
2023-02-14,93.6000290448755,94.01633573432831,91.44910358703162,93.84783172607422,54726100
2023-02-15,93.6594961857254,96.26638514602948,93.32248818030943,96.08796691894531,50169000
2023-02-16,94.53176333918978,96.82145754317696,93.90729578367531,94.6705322265625,42462600
2023-02-17,94.01633442041258,94.72009311770113,92.39074945945416,93.5207290649414,34284100
2023-02-21,92.1825868941815,92.28170644289067,90.91383852109568,90.98322296142578,33629300
2023-02-22,90.89400789629578,91.30040786730466,89.81359198527798,90.84445190429688,30884000
2023-02-23,91.11208656749149,91.13191501658295,88.97107536820448,90.09114074707031,41206400
2023-02-24,88.6538914964404,89.09993330697509,87.80144965033324,88.34661102294922,36585100
2023-02-27,89.08011627197266,89.3675683080764,88.55476820178005,89.08011627197266,27502300
2023-02-28,88.54486061355257,90.42816260421704,88.53494638831793,89.26844024658203,30142000
2023-03-01,89.18915376446422,90.22992059802009,88.88187326493379,89.56581115722656,31111200
2023-03-02,88.87196141548718,91.46892879729705,88.80256940162761,91.19139099121094,32204400
2023-03-03,91.66717426570082,92.90618771372029,91.63743159058448,92.82688903808594,35160100
2023-03-06,93.19363210202732,95.12649761674808,93.17381121430402,94.29387664794922,32639300
2023-03-07,94.14520057401873,94.8291308506661,92.70794044588578,93.03504180908203,27835500
2023-03-08,93.29274568445635,95.11656958375383,93.17379768837036,93.42160034179688,34103300
2023-03-09,93.22337335130082,94.69036101520102,91.09226874258992,91.50857543945312,28813500
2023-03-10,91.35989288962611,91.97444627624094,89.60545319191515,89.83342742919922,35941000
2023-03-13,89.29816499049838,91.75637076191212,88.6340556613181,90.3092041015625,37335600
2023-03-14,91.74646272743232,93.53064506595086,91.62752227975622,93.14407348632812,36050200
2023-03-15,92.40066793697098,96.07805893634688,91.82576388320213,95.26526641845703,50622100
2023-03-16,95.35446457801073,100.30061132579071,94.66062012558537,99.4382553100586,65492000
2023-03-17,99.37878995970463,101.93610789707766,99.22019261289883,100.72683715820312,61028500
2023-03-20,99.24002247655834,100.85569326789229,98.99221979039645,100.33035278320312,32960400
2023-03-21,100.36008414076306,104.17624385241345,100.33034902951017,103.9978256225586,42110300
2023-03-22,103.35353990958235,105.65314851003183,102.4218069619865,102.46145629882812,43427400
2023-03-23,104.136589817013,105.36569648380548,103.54186493178221,104.67184448242188,40797800
2023-03-24,104.06721052991638,104.56281588589015,102.9273166987092,104.51325988769531,30393300
2023-03-27,103.70046700155793,103.83923589570183,101.03410777688019,101.5594482421875,31120900
2023-03-28,101.53963197104099,101.54953863368904,98.86335840017524,100.14202117919922,32057900
2023-03-29,101.38103253800085,101.58918588440255,99.7653617660232,100.49885559082031,28779600
2023-03-30,100.0230785716146,100.27088125455408,98.90300560483199,100.00325012207031,33086200
2023-03-31,100.40964837247186,102.9768804923042,100.1519314693277,102.81829071044922,36863400
2023-04-03,101.49006273887221,103.61125302709605,101.03410672538214,103.4427490234375,25035400
2023-04-04,103.41301947651381,104.6520329153803,103.12556745121624,103.79959106445312,24420100
2023-04-05,104.85027199347772,105.16745913119128,102.74891004200208,103.55178833007812,28290500
2023-04-06,104.33483456983963,108.21046425787682,103.41300836785234,107.46705627441406,48711500
2023-04-10,106.03972551827178,106.6443570965018,104.19607298512094,105.50447082519531,27067400
2023-04-11,105.6134990800635,105.79191730174914,103.75993241934815,104.42404174804688,26311800
2023-04-12,105.643234620716,105.8117386190125,103.42291728349981,103.72028350830078,24370300
2023-04-13,104.90974215422128,106.54524140425345,104.90974215422128,106.48577117919922,24843600
2023-04-14,105.95050836328302,107.98249327038609,105.90094480463668,107.9131088256836,26578000
2023-04-17,103.7401135343835,105.22692955632782,103.60133708165166,105.0385971069336,37571200
2023-04-18,105.55402729287576,105.60359085373453,103.15529916912894,103.5815200805664,26596400
2023-04-19,102.66961069827711,104.05730725261225,102.16409110128505,103.26433563232422,20905700
2023-04-20,102.99671016764434,105.31613963654112,102.95706083112417,104.36457824707031,27820800
2023-04-21,104.54299072815176,105.06833117404804,103.85905294490108,104.4835205078125,25800100
2023-04-24,104.56281265248298,105.69279222417367,103.77975530677848,105.0385971069336,23542800
2023-04-25,104.89983354732145,105.75227538154243,102.92731874642017,102.9372329711914,46664100
2023-04-26,103.99782596670221,105.41525758570141,101.72795253139088,102.7984619140625,53347600
2023-04-27,103.53196218207461,107.41751415837903,102.62996431134651,106.64436340332031,50089200
2023-04-28,106.09920197465762,106.40647489412298,104.16633643126642,106.39656066894531,36139800
2023-05-01,105.90094553226093,107.040839327923,105.88112464606859,106.25778198242188,26681700
2023-05-02,106.19831315828286,106.25778337997941,102.79846017510972,104.3943099975586,30997200
2023-05-03,104.60246094849104,106.545232957059,104.03747116825616,104.4835205078125,21795400
2023-05-04,104.5628157154331,104.67184949855658,103.05617876315749,103.76985168457031,23419500
2023-05-05,103.89870471094449,104.94938562732777,103.19494602522195,104.6421127319336,26639300
2023-05-08,104.25553719362945,107.01110160979505,104.2357163079201,106.82276916503906,26511400
2023-05-09,107.43733132783537,109.18186434483572,106.24788146671654,106.4064712524414,36360100
2023-05-10,107.02102401786978,111.94734256928349,106.98137468108189,110.7677993774414,63153400
2023-05-11,114.38571831983981,116.88356600068316,113.40442182690181,115.5454330444336,78900000
2023-05-12,115.65446614587465,116.99259909422787,115.08947634268829,116.4771728515625,41102300
2023-05-15,115.08948372088383,117.4386559807011,114.99036415582506,115.48596954345703,36266800
2023-05-16,115.46612669425035,119.68868618777017,115.40665647509871,118.45958709716797,45035600
2023-05-17,118.55871573573606,120.60060741468727,117.8450428018749,119.77790069580078,33323600
2023-05-18,119.88693103307176,122.22618888797108,119.7679905890739,121.75041198730469,35234200
2023-05-19,122.46409532929638,124.86282361046274,121.07639871989548,121.68103790283203,41353400
2023-05-22,121.85944960031794,125.31877293153339,121.66120291685972,123.9509048461914,35253000
2023-05-23,123.0687158906877,123.5345785360901,121.1358506178756,121.48277282714844,34046300
2023-05-24,120.05544702738894,120.83850441605266,118.80651938298395,119.8373794555664,34182600
2023-05-25,123.4255515574692,124.21852313290142,120.88805461582595,122.39469909667969,42317000
2023-05-26,122.08741708575724,124.15905132995717,121.37374418942687,123.51476287841797,35635900
2023-05-30,124.53571707323403,124.5555455229917,120.92771057579567,122.5830307006836,35076700
2023-05-31,121.67112156567815,122.96960524960811,121.42331887409836,121.79006958007812,37325800
2023-06-01,121.74050008884288,123.32643572526102,121.54226097016722,122.6325912475586,30772700
2023-06-02,122.90021044199662,125.04122914675051,122.67223621986325,123.57423400878906,26980100
2023-06-05,122.92002934980898,126.30996780687988,122.75151779943731,124.90245056152344,32305500
2023-06-06,124.90246303081489,127.16241466547471,124.25817456021957,126.19103240966797,26638300
2023-06-07,125.85403022098032,127.90582861001033,121.04665959275812,121.4233169555664,52539000
2023-06-08,121.15569544544086,122.14690621299393,120.17439134067995,121.06648254394531,29389200
2023-06-09,121.17552157237304,122.6722520135438,120.83851352675674,121.15570068359375,23778300
2023-06-12,121.7107637315462,122.95969134096524,120.59069835405128,122.55329132080078,28306400
2023-06-13,123.88153214396523,124.05995039482633,122.09734963535435,122.74163818359375,22278300
2023-06-14,122.01804087999511,122.95969562270113,120.38254164252703,122.5830307006836,30592300
2023-06-15,122.05768176188316,124.35729022251407,121.32418798075481,123.99053955078125,35246300
2023-06-16,124.82316689591107,125.00158512889624,122.19645696231628,122.44425964355469,45535600
2023-06-20,121.84953188431368,123.47511683040602,121.06647452234982,122.01803588867188,26097500
2023-06-21,121.3241862052,121.58190309406054,119.0443986639801,119.49044799804688,30306300
2023-06-22,118.94528128923695,122.1568017665919,117.78556661162784,122.06759643554688,26952200
2023-06-23,120.31314056949107,121.71075115312523,119.99595347823417,121.26470184326172,34913600
2023-06-26,119.69860126412782,120.92770036348257,117.23048127903954,117.29986572265625,33969900
2023-06-27,116.0509569547925,118.03337846384325,115.07956708792895,117.28997039794922,39535900
2023-06-28,116.06086542083392,119.33186398652833,115.82297695350607,119.12371063232422,27091400
2023-06-29,118.19197630756531,119.00476887917876,117.26024327719865,118.05320739746094,24090900
2023-06-30,119.11380426252408,120.01580975256567,118.63802729649173,118.64793395996094,29532200
2023-07-03,118.19197339110744,119.1336281862522,117.77566667106697,118.84617614746094,14467900
2023-07-05,118.19195270951163,121.53233523543224,118.18204604815243,120.67989349365234,27584800
2023-07-06,118.74704077325545,119.24264610609485,117.35934432883768,119.05431365966797,24745200
2023-07-07,119.04440112824291,119.98605581142945,118.35055667733691,118.42985534667969,21709500
2023-07-10,117.26022900177597,117.27013566390707,115.11921025680768,115.42648315429688,35315200
2023-07-11,115.26789264862505,116.67541002080333,114.33615217521867,116.11042022705078,23078800
2023-07-12,117.75582704091902,119.27237810993883,117.36925549635855,117.88468170166016,30404400
2023-07-13,119.86710253362271,123.73282552712381,119.39131810083644,123.44537353515625,44297900
2023-07-14,123.70311161089374,125.66570477181922,122.40462031267353,124.31765747070312,33283100
2023-07-17,124.83307552717416,125.9828759841853,123.1083634981514,123.55441284179688,25716200
2023-07-18,123.50485458843724,123.58415326124799,121.87926960750545,122.6722412109375,26193600
2023-07-19,123.50486228130026,124.0797663514812,120.72947662109038,120.95745086669922,37224000
2023-07-20,120.35280221161847,122.9993329839657,117.18093097461103,118.15231323242188,37906800
2023-07-21,119.55983561059963,119.92657872434836,117.68644801994229,118.96510314941406,72937900
2023-07-24,120.59070763979601,121.91892646074687,119.91668400402355,120.46184539794922,29686100
2023-07-25,120.29333663689901,122.06760477820553,119.95632105113091,121.1358642578125,52509600
2023-07-26,128.92680656870849,129.8287969757837,127.19218752672717,128.1338348388672,61682100
2023-07-27,130.5127174287312,132.0689255635858,127.6580256334022,128.26266479492188,44952100
2023-07-28,129.63055136465587,132.56454208145672,129.4224055598101,131.41473388671875,36591200
2023-07-31,131.56340397747383,132.35637563474472,130.62175675151056,131.55349731445312,28055500
2023-08-01,129.63053185009693,131.4642776626303,129.53140473197496,130.39376831054688,23166800
2023-08-02,128.31223564543208,128.94660995546266,126.43884782950762,127.25164794921875,26273300
2023-08-03,126.84522989105743,128.25274721907638,126.30006100088384,127.32100677490234,20089500
2023-08-04,128.14371584341106,130.35411143081842,126.78576204807231,126.98400115966797,26147200
2023-08-07,128.0247675508261,130.4532305494762,127.88599866875109,130.37393188476562,22746300
2023-08-08,129.47194349388803,130.35412045755103,128.4014340675314,130.24508666992188,23535200
2023-08-09,130.50282267876545,130.87947251276492,127.86619821738373,128.52040100097656,24912900
2023-08-10,130.16580349118593,130.889383106786,128.31222909619765,128.5501251220703,20857800
2023-08-11,127.52918100734196,128.78800779260496,127.04348228626603,128.4212646484375,19591100
2023-08-14,128.25275374989084,130.21534672977936,127.82654040248093,130.1757049560547,24695600
2023-08-15,129.94774884721215,130.26492845526437,128.14373783533682,128.63934326171875,19770700
2023-08-16,127.56881713867188,129.1349318973664,126.74611798522649,127.56881713867188,25216100
2023-08-17,128.65916623208574,130.82992032710072,128.15363903892097,128.77810668945312,33446300
2023-08-18,127.38048074077112,128.1139820986366,125.26920468665479,126.33971405029297,30504800
2023-08-21,126.0621788706278,127.59855093945741,125.4476255056934,127.24171447753906,25248700
2023-08-22,127.38049057746434,129.13493787485558,127.19217323593709,127.94548797607422,22054900
2023-08-23,129.035789323442,132.23741046796198,128.7285164557817,131.20654296875,27819700
2023-08-24,132.77269070278274,133.07005698354735,128.43119745245764,128.63934326171875,28500700
2023-08-25,128.40142596774677,129.61070421801392,126.13156014533209,128.7384490966797,26762900
2023-08-28,130.1558408893686,131.3750254997159,128.99612648567177,129.8584747314453,20543300
2023-08-29,131.0776996976363,135.36964355822954,131.0776996976363,133.38722229003906,43075600
2023-08-30,133.59536176682397,135.08217764800216,132.89161071955,134.68569946289062,28315800
2023-08-31,134.81457768828804,136.78709265772878,134.59651009871462,134.97317504882812,30053800
2023-09-01,136.25183370752197,136.25183370752197,133.66477309520587,134.4676513671875,21543700
2023-09-05,134.24958930429057,135.22097162539615,133.39714743586188,134.57669067382812,19403100
2023-09-06,134.824484524279,135.32999653967815,132.4951333142853,133.2781982421875,18684500
2023-09-07,132.41583170533318,134.38834641226532,131.78145747227418,134.07115173339844,18844300
2023-09-08,133.7242392505445,135.45885797662925,133.66476902845534,135.1813201904297,23558300
2023-09-11,135.3398878687072,136.27162824714438,134.5964799231039,135.716552734375,20763400
2023-09-12,135.06236368343136,135.66700281159663,134.00177610596597,134.15045166015625,18405500
2023-09-13,133.90265121619703,135.69674018178068,132.9709107286248,135.5084228515625,20749500
2023-09-14,136.3905946148167,137.48091727999335,135.04254749494362,136.88619995117188,24751000
2023-09-15,136.76725635034862,137.30251863025583,135.28044021121335,136.19235229492188,38919600
2023-09-18,135.40931114975817,137.9369017736187,135.40931114975817,136.99525451660156,21861300
2023-09-19,136.21217538464424,137.1934794427395,135.41920378337616,136.82672119140625,20353700
2023-09-20,136.8663646339005,136.8663646339005,132.44555860062232,132.56451416015625,29927500
2023-09-21,130.28472870460357,131.06777845392287,128.92677497016894,129.29351806640625,31503900
2023-09-22,129.61070610554586,130.86954793351885,128.4609131845869,129.10519409179688,26397300
2023-09-25,128.6888930557924,130.0171118264149,127.82654454608127,129.9576416015625,20094600
2023-09-26,128.62942178523338,129.21423249109523,126.10183137682498,127.43997192382812,25718700
2023-09-27,127.43998300872549,129.74949092087255,127.43998300872549,129.3926544189453,22746500
2023-09-28,128.69880291155567,132.12839883500152,128.64923934805705,131.1470947265625,22513100
2023-09-29,132.10858259926832,132.87181919862218,129.2142486945193,129.70985412597656,30859800
2023-10-02,130.0567776325655,133.23855587746678,130.01712073016435,132.99075317382812,22288000
2023-10-03,132.76275951955418,133.0799390690274,130.68121106331455,131.26602172851562,22989400
2023-10-04,131.62285243185696,134.37843188809666,131.3651431138617,134.05133056640625,26752300
2023-10-05,133.88282775878906,134.2991344106199,132.27705624495698,133.88282775878906,19832600
2023-10-06,132.83212890565903,136.94566202758472,132.83212890565903,136.37075805664062,27597600
2023-10-09,135.73638169070284,137.71880288642004,134.41806978059012,137.203369140625,19278100
2023-10-10,137.28270808695942,138.49198658116535,136.12299316212477,136.84657287597656,27786600
2023-10-11,137.36201055117434,139.86977295862408,137.36201055117434,139.314697265625,25884300
2023-10-12,139.8102859466206,139.97878996715525,137.04479935307614,137.74856567382812,24765500
2023-10-13,138.15494443848604,138.76949019803877,135.41919338050468,136.15269470214844,23420500
2023-10-16,136.9555770964501,138.4027513362433,136.7771664348634,137.87741088867188,28501900
2023-10-17,137.41157287703706,138.67039983915632,135.9743049621474,138.4919891357422,23515800
2023-10-18,138.2243153813824,139.48315708044316,136.17251730070473,136.74742126464844,23375000
2023-10-19,137.28268416001447,138.4324922204464,136.17253299803895,136.53927612304688,26066000
2023-10-20,136.1229628278564,136.65820993362706,133.89273882524216,134.40817260742188,26335700
2023-10-23,133.85310324956066,136.45008589771163,132.77268707945487,135.30027770996094,26317900
2023-10-24,136.61856834068817,138.135119454478,136.21216833642438,137.58995056152344,44814300
2023-10-25,127.03355628440553,127.18223182706237,123.97071154594828,124.50596618652344,84366200
2023-10-26,122.18654246977827,123.23723097831568,120.20412102421639,121.20524597167969,57061100
2023-10-27,121.79998068610722,122.22620163366648,119.15344965845101,121.09622192382812,44566500
2023-10-30,122.12706787862865,124.29782170383251,121.67111186993667,123.36608123779297,28940100
2023-10-31,123.96081560140948,124.26809608033074,121.61165093298484,122.98943328857422,26292300
2023-11-01,122.9795062521491,125.37823423377263,122.63258403370556,125.33858489990234,30082400
2023-11-02,127.29127970850502,127.8463552955118,125.81437784316901,126.36945343017578,27124600
2023-11-03,126.8947997576898,128.39152248996186,126.73620241363211,127.9653091430664,26393100
2023-11-06,127.91574427289191,129.19439942516289,127.53907936577991,129.10519409179688,19052700
2023-11-07,129.56115358521535,130.75060336661838,128.73844691253734,129.81886291503906,29757300
2023-11-08,129.81886492088287,131.04797161797262,129.63053247035484,130.68121337890625,26425800
2023-11-09,130.80015934584054,131.38496997848083,128.92677188940007,129.09527587890625,23747800
2023-11-10,128.95653161924707,131.63279776446794,128.27259374470339,131.4246368408203,26913300
2023-11-13,130.62174322003068,131.42462145714984,130.09640276550397,130.92901611328125,18324800
2023-11-14,133.01058459495962,134.50730751347305,132.1482360069387,132.44558715820312,32395200
2023-11-15,133.68460080506208,133.84319816897428,132.39603881613726,133.43679809570312,23861500
2023-11-16,134.0017891113594,136.0139458049548,133.13944056401175,135.7264862060547,28013200
2023-11-17,134.80465005712884,134.86412027691202,132.47529895112487,134.12071228027344,37240600
2023-11-20,132.5149776822315,135.45887504396703,132.44558566460094,135.05247497558594,27815500
2023-11-21,135.09209741037324,135.97427431377318,134.76501119450535,135.76612854003906,22635300
2023-11-22,136.26174217835015,138.19460010408307,136.26174217835015,137.2727813720703,17813900
2023-11-24,136.8168204777558,136.91594760397751,134.79475717504624,135.4886016845703,12514300
2023-11-27,134.83440986857084,137.20340318020305,134.8046747532318,135.21107482910156,23436500
2023-11-28,134.88394378751974,136.0436584048626,134.22974114450358,135.9940948486328,18730000
2023-11-29,136.36086861217828,137.07452642949448,133.65485240517793,133.8035430908203,23967200
2023-11-30,133.86302892814916,134.35863435541023,130.12615977169108,131.36517333984375,38988300
2023-12-01,130.7010498046875,130.94885249162763,129.52150659490437,130.7010498046875,31442300
2023-12-04,128.73847408134492,128.88714966364367,126.7758732092741,128.1338348388672,36669900
2023-12-05,127.8166359971415,130.97860102647664,127.12279142754068,129.83871459960938,27384800
2023-12-06,130.28474525326413,130.68122350903377,128.73845888121613,128.87722778320312,23576200
2023-12-07,133.8530984180632,137.34216463354636,133.5160903794074,135.7264862060547,56767100
2023-12-08,133.0204781372603,135.20113873793494,132.85197412660608,133.8035430908203,32260100
2023-12-11,131.21647898449544,132.16803279885028,130.20543982265264,132.11846923828125,31138000
2023-12-12,130.65145847318897,131.83100143226736,130.10628965285787,131.355224609375,29032800
2023-12-13,132.20769395702044,132.32663440647838,130.41360492921032,131.40481567382812,30104800
2023-12-14,132.20768021650815,132.5446882047304,128.55011052905618,130.78033447265625,38722400
2023-12-15,130.46314245666346,132.33653000234125,130.0270073455555,131.43453979492188,50847100
2023-12-18,131.46430852619793,135.94457097324687,131.26605424341028,134.6064453125,32258000
2023-12-19,135.63727655584978,136.26174417356714,134.883961824314,135.44894409179688,25476800
2023-12-20,137.74855205293554,140.45455302635412,136.85646847368653,137.12408447265625,49107200
2023-12-21,138.26395725722983,139.45340682513236,137.95666929935595,139.18577575683594,27488300
2023-12-22,139.53274123600997,140.74201955858857,139.4732710110759,140.2464141845703,26532200
2023-12-26,140.34553045409487,141.42594657240042,139.94905219268907,140.27615356445312,16780300
2023-12-27,140.3455086401583,140.8312072908629,138.66045360407793,139.13623046875,19628600
2023-12-28,139.54262061197767,139.89945701648085,138.52167495111323,138.99745178222656,16045700
2023-12-29,138.40274901874815,139.12632856419143,137.56021390956434,138.46221923828125,18733000
2024-01-02,137.3322465738531,138.2243301608941,135.28043314911363,136.95558166503906,23711200
2024-01-03,136.04368487458785,138.40277146312937,135.87518085036012,137.69900512695312,24212100
2024-01-04,137.20339508752366,137.93689651353586,135.15159662676552,135.1912384033203,27137700
2024-01-05,135.54807229763554,135.9544723417591,133.96212902161366,134.5370330810547,22513900
2024-01-08,135.09209963177744,137.78819394542484,135.06236452075504,137.61968994140625,21404000
2024-01-09,137.28270282254584,140.24642871103555,136.93577297492843,139.71116638183594,24759600
2024-01-10,139.76070104634456,141.74312233778207,139.67149571815168,141.02944946289062,21320200
2024-01-11,142.2288487056122,143.94363922184246,139.4038917651352,140.83123779296875,24008700
2024-01-12,141.4160381670257,141.9413786630196,140.57351809075055,141.39620971679688,18785500
2024-01-16,140.75191120368166,143.08126226290798,140.20674232549314,141.23760986328125,22670500
2024-01-17,140.10766780737916,140.59335147219906,137.679188984567,140.2266082763672,20968600
2024-01-18,140.80146348400635,142.94248192977855,140.74199327018036,142.21888732910156,25746400
2024-01-19,143.4678445948608,145.16280645077472,143.11100813182492,145.0934295654297,34271900
2024-01-22,145.80709257030463,147.0857476531187,144.55815747232313,144.70684814453125,32200400
2024-01-23,144.60771819556675,145.8863732533205,144.2211466548808,145.7476043701172,21636100
2024-01-24,147.23446902307225,148.53296808257628,146.79834890635183,147.39306640625,25233500
2024-01-25,148.7510042615379,151.70480805664835,148.225648650222,150.53517150878906,29149100
2024-01-26,149.77192479518956,151.19925532668688,149.682704348174,150.8523406982422,26115500
2024-01-29,150.7234988316385,152.42838247060587,150.0990312415879,152.16075134277344,27784300
2024-01-30,151.45698753735525,152.26977239045794,149.86113781545077,150.12876892089844,36331800
2024-01-31,142.35767251765228,142.7343374146145,138.64063248081334,138.86862182617188,71910000
2024-02-01,140.87088072545782,141.80262134151818,139.55256848408283,139.91932678222656,40466500
2024-02-02,138.03599811357188,141.3664667061821,135.30026199719302,141.1285858154297,62499600
2024-02-05,141.5647029336449,144.19140493261733,141.52504604044913,142.41712951660156,38505400
2024-02-06,143.3786346695141,144.08240098500607,141.93147538647906,142.83348083496094,29128200
2024-02-07,143.48769041600383,144.34013243049887,142.66498351977313,144.26083374023438,25208900
2024-02-08,144.54826480197747,145.0438701746272,143.82468519281807,144.6275634765625,22563800
2024-02-09,145.3907830102507,148.12653431225093,144.89517764390865,147.69039916992188,26829500
2024-02-12,147.1154837637095,148.0273957523625,146.07470954986746,146.23330688476562,21564100
2024-02-13,143.6462512860247,145.3808699923918,142.42706637302987,143.86431884765625,27837700
2024-02-14,144.79605648646725,145.23219160120888,142.82354180831294,144.65728759765625,22704200
2024-02-15,141.88191038487835,142.25857532101722,139.22547275543386,141.51516723632812,37590700
2024-02-16,141.73323445625792,141.93147358673406,138.9082776917751,139.28494262695312,31468900
2024-02-20,138.43250982988707,140.831238252674,138.2640058017007,139.87966918945312,25144700
2024-02-21,140.20673565971813,141.43584224259257,139.44349926654036,141.2970733642578,23223300
2024-02-22,143.65614538078825,143.72553738281633,141.5448770819428,142.8235321044922,27191900
2024-02-23,142.40721211323083,143.40832928314302,142.16931614602157,142.69467163085938,19493800
2024-02-26,140.8907113971141,141.188077680813,136.18245980002686,136.3608856201172,53641800
2024-02-27,136.80689055869198,138.0260753556502,135.88505684049912,137.65933227539062,33099200
2024-02-28,136.68794956560583,136.796983347661,134.21984460085443,135.1813201904297,37328600
2024-02-29,136.07342061463353,137.6395355304316,135.20115025022022,137.24305725097656,42133000
2024-03-01,137.21328646339086,137.6494215802847,135.71656378920932,135.93463134765625,31151100
2024-03-04,134.46764221027212,134.46764221027212,130.75060222297805,132.17794799804688,55999400
2024-03-05,130.7208868800359,132.06893419092674,129.52151514124904,131.50393676757812,40194800
2024-03-06,131.94997037211849,132.4059339725702,129.6999328564518,130.24508666992188,35318600
2024-03-07,131.62286181229678,133.75397388585452,130.45324044956945,133.1988983154297,37738200
2024-03-08,133.03039878127268,136.87628613042892,132.82223787303235,134.2198486328125,39370400
2024-03-11,134.93350327450352,137.877399954622,134.93350327450352,136.4599609375,32437800
2024-03-12,135.82560336197784,138.15495459716567,135.82560336197784,137.28268432617188,27563400
2024-03-13,137.7782905156126,139.84991729704038,137.7683838532644,138.56134033203125,23347200
2024-03-14,139.9490536613269,142.3279535040784,139.22547402056372,141.84226989746094,42753400
2024-03-15,141.24750739594128,141.92152332928583,138.7992160577711,139.93910217285156,49475400
2024-03-18,147.3038069838802,150.8126858318924,145.87646130852835,146.38197326660156,69273700
2024-03-19,146.8577896722865,147.4822421656298,144.79606947876087,145.7377166748047,24070400
2024-03-20,146.6991920761811,147.55163393242162,145.45027196690233,147.4326934814453,21311500
2024-03-21,148.15626300736415,149.04834657827197,145.60884427485487,146.30270385742188,24755600
2024-03-22,147.80936295317946,150.24774839539668,147.67059403368273,149.4448699951172,29211800
2024-03-25,148.62211434931658,149.05824941731626,146.5207527940521,148.7509765625,19229300
2024-03-26,148.8996613684721,150.92172438957977,148.66176537347607,149.345703125,22149100
2024-03-27,149.85120290265056,150.3071664081134,147.59124407048597,149.54393005371094,22879200
2024-03-28,149.5241557764802,150.09904473286645,148.8501245651844,149.6034393310547,24485400
2024-04-01,149.36553782442945,154.3711547175217,149.28623915611158,154.12335205078125,31730800
2024-04-02,152.15084190883346,153.34029171966787,150.81270141872292,153.20152282714844,24586000
2024-04-03,152.2499594372824,153.716946940742,151.3875959008957,153.558349609375,24705000
2024-04-04,152.15086769221787,153.40970972497198,149.1276715307269,149.20697021484375,34724700
2024-04-05,148.71134571985755,152.07154951460475,148.28513236262637,151.15963745117188,23459200
2024-04-08,151.43715468784103,153.90527453372857,151.26865070032358,153.4889678955078,20702000
2024-04-09,154.71809036518897,157.16638225469364,153.82600669377314,155.22361755371094,31079500
2024-04-10,154.8370159038482,155.23349409762253,153.32044975721098,154.7676239013672,22838600
2024-04-11,155.53085418989542,158.27649657940643,155.08481245826903,158.00888061523438,27166400
2024-04-12,156.57164779653132,158.81177851890706,155.758847768036,156.34365844726562,25353700
2024-04-15,157.46376012387117,157.840425096068,153.23128545495894,153.49891662597656,27136500
2024-04-16,152.83479243864417,154.28195170620987,152.0814625667883,153.04293823242188,20779500
2024-04-17,154.25222171449875,155.69939615479163,153.22136912493693,154.10354614257812,21763100
2024-04-18,153.97466932035476,155.5606125191913,153.26099639334586,154.63877868652344,19883000
2024-04-19,154.82711196963538,154.98570931530094,150.96139619825826,152.73565673828125,32615600
2024-04-22,152.9537163543577,156.2544497066036,152.7059136863934,154.90640258789062,26446200
2024-04-23,155.58044145804854,157.57276956282405,154.90641030278562,156.86900329589844,21151600
2024-04-24,156.10578401898567,158.16750416167633,155.7885893241061,157.7313690185547,22779100
2024-04-25,149.99990858082532,155.11455913410575,149.5439450297003,154.6288604736328,57109700
2024-04-26,172.83741845240817,173.17444161155032,168.15890237210272,170.43869018554688,64665300
2024-04-29,167.57407825152322,168.05977693862212,163.75792613748897,164.6896514892578,45610000
2024-04-30,164.15440172797688,166.62252177219705,161.17086301864083,161.34927368164062,33562900
2024-05-01,162.85591967019158,165.65112595593658,161.6565480783854,162.41978454589844,33493200
2024-05-02,163.34158513946463,165.26453608833387,162.4495016656074,165.15550231933594,24294500
2024-05-03,166.08726012108556,166.4837534702782,161.61690537224646,165.77008056640625,34662400
2024-05-06,165.98815382038057,166.6621698501134,164.5707146259979,166.62252807617188,21871300
2024-05-07,167.01898291372035,170.25032396319247,166.90994914481348,169.74481201171875,28039700
2024-05-08,167.51463142881647,168.65451784133106,167.25692205611742,167.89129638671875,19569100
2024-05-09,167.90118913341487,169.18976613945827,166.70181746537216,168.4661865234375,15346700
2024-05-10,166.5531482403928,168.35715914244224,164.72932401226194,167.16769409179688,29799900
2024-05-13,162.81626817189104,167.7921502441081,162.5585588283877,167.65338134765625,31327600
2024-05-14,168.2778370057792,169.74482453915033,167.31636146118933,168.8428192138672,25127100
2024-05-15,169.13030834306738,171.13254332493105,169.01135275898227,170.9937744140625,26948400
2024-05-16,171.76691660178736,173.58083422008207,171.17219918369724,172.6490936279297,27867900
2024-05-17,172.64907697879545,174.72071889069628,172.1633934028928,174.51255798339844,24479300
2024-05-20,174.64141067889267,177.1987360270171,174.53237690001112,175.364990234375,22554400
2024-05-21,175.34515724447746,176.58417055209722,174.26474127015484,176.2868194580078,16989400
2024-05-22,175.08746704167487,175.5929790815051,173.67004292281268,174.8297576904297,17880000
2024-05-23,175.5136937401354,176.68331515847908,171.42989518914035,172.02462768554688,21024900
2024-05-24,173.44202828735197,174.22509313899903,172.12371636120923,173.4519500732422,16579400
2024-05-28,172.91672082470853,175.71194253715282,172.83742214584382,174.84957885742188,20572200
2024-05-29,173.8881031034498,175.285713959116,173.18435190640471,174.35397338867188,23388700
2024-05-30,173.66014328957175,173.67997174209734,170.28011055615326,170.59730529785156,22931500
2024-05-31,170.34946671720675,171.53891649882755,167.9507387056137,170.9838409423828,37638900
2024-06-03,171.02348165926512,172.99599632951654,169.6556212249439,171.64794921875,27459100
2024-06-04,171.75698494771635,172.3219822936052,170.37920271129525,172.2624969482422,26879600
2024-06-05,173.66014045517485,175.09739318392747,172.40129842220728,173.86830139160156,22068500
2024-06-06,174.35395954744376,175.59297294708358,174.2052839893571,175.17666625976562,23251000
2024-06-07,175.493867979147,176.30665293703487,172.76803839075907,172.9266357421875,19661400
2024-06-10,173.63118065101344,175.70518493273318,171.43808427850212,173.67086791992188,23726700
2024-06-11,174.8716214180017,175.48687252833415,172.440371072749,175.2685546875,21540600
2024-06-12,176.88609812176736,179.0295742492246,174.76247320161096,176.4296112060547,27864700
2024-06-13,174.76246052696914,175.38764480431132,173.5418763520932,173.81973266601562,20913300
2024-06-14,172.886928506799,175.7051941501706,172.81745685502335,175.437255859375,18063600
2024-06-17,174.11742569746272,176.99522948449695,173.47239026793287,175.88380432128906,19618500
2024-06-18,175.78459187073935,176.03267896636487,172.76785945042823,173.75027465820312,21869900
2024-06-20,174.02812743639052,175.93343447480135,173.65104535533175,174.95101928710938,20160100
2024-06-21,175.645657934706,179.466205138687,175.2586426839211,178.2555389404297,57759000
2024-06-24,178.7814884925371,179.50589857307529,177.3028839492694,177.8486785888672,18298000
2024-06-25,178.24559704633074,182.87986179667686,178.04713041446374,182.62185668945312,23130200
2024-06-26,181.23257184786374,183.0981763241254,181.0837105201297,182.47300720214844,19839000
2024-06-27,182.7706880177386,184.62638948700294,182.6119238103733,183.9912872314453,18848900
2024-06-28,182.90965002904287,183.71344974735644,180.56770738280355,180.75624084472656,29156600
2024-07-01,181.62953102450626,182.47303324260807,179.9127724889494,181.58984375,16006100
2024-07-02,180.65699287814883,184.15006278268618,180.1707368089104,183.8225860595703,17372500
2024-07-03,183.43559898745033,184.666101253454,182.59209683114494,184.39817810058594,10242100
2024-07-05,184.43785005315465,189.3995914027585,184.37831157968466,189.14158630371094,20967500
2024-07-08,188.4469411036859,188.71487939155085,186.34316749742393,187.58360290527344,21035900
2024-07-09,188.85380640623399,189.89577517091524,187.27597621110633,187.5339813232422,15121400
2024-07-10,187.70265172057285,190.28276303893026,187.58357478472087,189.7171173095703,15952500
2024-07-11,188.39731944685417,189.39958571826102,183.6638141016308,184.1500701904297,25625800
2024-07-12,183.66383343758727,185.67829936578423,183.07835154835516,183.65391540527344,22898400
2024-07-15,183.5050408426138,186.79964437744582,183.5050408426138,185.10272216796875,16474000
2024-07-16,185.9263913901426,187.2362833659617,181.96691593885006,182.51271057128906,18290700
2024-07-17,181.56997921247492,182.14554307379208,178.52346250305996,179.63490295410156,20734100
2024-07-18,180.53791505223174,181.10356083919302,175.119701930773,176.3303680419922,25315700
2024-07-19,177.511279614787,178.9104792954856,175.77466998349036,176.3006134033203,18881900
2024-07-22,179.20816928485795,181.30202472668176,178.85092330428975,180.2799072265625,24100300
2024-07-23,180.6570376208445,182.20509877386286,180.15093022248695,180.39901733398438,36352700
2024-07-24,172.27166103830413,174.84183935353695,170.50528237716065,171.30908203125,49585200
2024-07-25,171.19994131459546,172.09304877138803,165.9107228003057,166.00003051757812,44852000
2024-07-26,165.8710141586151,166.80382399385917,162.8046615111257,165.72216796875,41336900
2024-07-29,167.5381777702437,169.12592608314606,166.70460877031735,168.23281860351562,20293800
2024-07-30,168.93739420618675,169.91980941464726,167.15116408802947,168.98699951171875,18959700
2024-07-31,171.91445199889176,172.91671848849563,168.70915558318072,170.22744750976562,25729100
2024-08-01,168.94730744825696,172.718234225876,167.58779504728142,169.45339965820312,24531400
2024-08-02,165.16644779514462,167.22060083165107,163.40998712477472,165.384765625,29130100
2024-08-05,154.3101724717456,163.17183620146415,153.7445266292353,158.03147888183594,53630700
2024-08-06,158.11086239581772,159.34137978517677,155.2132070680051,157.0788116455078,49004600
2024-08-07,160.01616866155442,161.7329270375027,157.2574415077753,157.72384643554688,25138600
2024-08-08,159.28181801513983,162.4374934400702,158.9841256428161,160.79019165039062,25578800
2024-08-09,158.785664734338,162.53674053879345,157.8429367667061,162.41766357421875,28602300
2024-08-12,163.09245277727376,163.638232240746,160.60164879815585,161.04820251464844,15895300
2024-08-13,162.15963892338314,163.46953080218395,161.72300324977175,162.90390014648438,18551700
2024-08-14,161.1573644799167,161.97109738750262,156.50326348113867,159.1428985595703,40591100
2024-08-15,159.27189898700752,160.40317542086007,158.38870962322818,160.06578063964844,31524300
2024-08-16,160.23446942114322,163.79699592189854,159.89707465805918,161.71307373046875,24208600
2024-08-19,164.0153203524916,165.41453504299912,163.00312088041883,165.39468383789062,22416200
2024-08-20,165.62291579788476,167.34960719285812,165.5435412633864,165.90077209472656,18341500
2024-08-21,163.88632244130392,165.5733267344455,163.40999947744584,164.5809783935547,22902000
2024-08-22,165.9801625781286,166.30763931714822,162.06039002531082,162.54664611816406,22493300
2024-08-23,163.4596147462646,164.9084347985432,162.57642535652303,164.35272216796875,13955700
2024-08-26,165.1069286953162,166.26797448558267,163.20162161831215,164.88861083984375,14190400
2024-08-27,164.57104961527048,165.1664646925233,163.201619164844,163.419921875,11821900
2024-08-28,163.77715768210635,164.33288545251102,160.2940205808296,161.6039276123047,16407400
2024-08-29,163.0527698600771,164.70007190564058,159.02383761377362,160.54212951660156,19699800
2024-08-30,161.37568835446018,162.40773914692483,160.45281163127092,162.1298828125,22123800
2024-09-03,160.48256877218185,160.61157889702227,155.28265821334085,156.1559295654297,38945300
2024-09-04,155.46131426900152,157.78340604462628,154.76667337142607,155.25291442871094,19353800
2024-09-05,155.1040401638185,158.2299312085826,154.78648144405375,156.03684997558594,18688700
2024-09-06,156.09640040925774,156.62234382988387,149.39804896411633,149.7652130126953,37912100
2024-09-09,151.54387525137955,152.4282366790671,146.28739297802653,147.76795959472656,39260500
2024-09-10,149.4969156283568,150.31172831197244,147.40028159964342,147.71826171875,31118800
2024-09-11,148.97025775559644,150.54025030429756,146.5854677760219,150.20240783691406,29607700
2024-09-12,152.8256911821986,153.839233801539,151.68296725155358,153.71005249023438,29621500
2024-09-13,154.44535510677574,157.37667920350046,154.2267627397466,156.46250915527344,29591200
2024-09-16,156.31346693580858,157.2475146303272,155.60797314926953,157.0587158203125,18379800
2024-09-17,158.01264265003823,159.53294917671778,157.37669753536267,158.3107452392578,20715600
2024-09-18,158.84730896980255,159.48325404924594,157.59529635899653,158.79762268066406,23677300
2024-09-19,162.67291544318158,162.7523953061902,160.31791891468873,161.11285400390625,26587700
2024-09-20,162.46425419413836,162.69279293629415,161.03337393309369,162.55368041992188,40896400
2024-09-23,163.3088543567614,164.44163188871738,160.64582418208624,160.82469177246094,24150900
2024-09-24,161.9972041569506,162.18600293337994,159.67203168983335,161.2618865966797,23332100
2024-09-25,160.44710243338025,161.77861000791742,160.27818118844277,160.46697998046875,18869200
2024-09-26,162.6033354432936,163.0405504569987,161.25195047462518,161.6990966796875,20319300
2024-09-27,161.7786145898017,164.65030615932238,161.59976214731748,162.91139221191406,21101300
2024-09-30,162.28537567750828,165.09743429522993,162.22574304110324,164.79934692382812,20413900
2024-10-01,166.62772204069785,168.08841111718823,163.537422620915,165.93215942382812,28338100
2024-10-02,165.36574568962988,166.4587833748385,163.68644922877587,164.80929565429688,17760200
2024-10-03,163.3684842780683,165.5843532266716,162.88158291608877,164.80929565429688,15073100
2024-10-04,166.99535885279488,167.16428010496523,164.4317010051406,166.00169372558594,19047400
2024-10-07,166.65751850550026,167.4126985535878,161.71900154638254,161.94754028320312,22463100
2024-10-08,162.90148420302225,163.68647308252073,161.8382551031835,163.3386993408203,23072700
2024-10-09,162.41456443992033,163.7957583809211,158.72807525360884,160.8346405029297,31181800
2024-10-10,159.8509116423071,162.03698715416354,159.38388779769477,161.05325317382812,14144100
2024-10-11,161.10291803821593,162.86169424502742,160.21855675772235,162.2058868408203,15344300
2024-10-14,162.6033481425783,165.1769369826469,162.36486307226147,163.9149932861328,19016100
2024-10-15,164.7397308583214,166.61775729768382,163.58709086133464,164.41183471679688,20247200
2024-10-16,163.48770991975573,164.74966878217245,162.70272119940034,164.1137237548828,16406000
2024-10-17,164.6801076327293,165.31605267037628,161.72892116495908,161.89784240722656,21453400
2024-10-18,162.1562268737477,163.66660222742627,162.04692309495266,162.384765625,19757700
2024-10-21,161.9177244301946,163.45790836208016,161.58981312891888,163.0306396484375,20946500
2024-10-22,161.9475365199372,164.71987068710104,161.9475365199372,164.09385681152344,16568100
2024-10-23,163.71626254064074,164.76956032222017,160.90418838301372,161.74880981445312,18280500
2024-10-24,161.79848222899673,162.29531475497333,159.9900045566217,161.68917846679688,22412500
2024-10-25,162.63318258273335,164.5410179603954,162.38476628102538,164.22305297851562,19828900
2024-10-28,167.68097239909127,167.68097239909127,162.9113772628699,165.66383361816406,32138600
2024-10-29,166.66744336321563,169.30066498158368,166.03149830422933,168.60508728027344,42169000
2024-10-30,179.5353953312524,180.86691803166593,172.95733750175077,173.3548126220703,68890800
2024-10-31,172.03323918990733,175.69986574053596,169.91672772946706,170.02603149414062,44769000
2024-11-01,168.9926374988831,171.22838406204764,167.8101735573136,170.20489501953125,31796500
2024-11-04,168.85349334018605,169.6484284063568,166.94565827865142,168.16787719726562,21492700
2024-11-05,168.3566697123956,169.44970738138483,167.77041094544956,168.6647186279297,18242100
2024-11-06,172.69900637438644,175.81911434381482,172.4009037964916,175.39183044433594,33695500
2024-11-07,176.28615739837258,179.9329070827626,176.06754982822355,179.60499572753906,25352900
2024-11-08,179.50560202546419,179.7540183112244,176.95189049215537,177.22018432617188,22006200
2024-11-11,177.4487430434311,179.40626480859777,177.33943925890452,179.20753479003906,17450400
2024-11-12,178.6808819487348,181.33396618962504,178.25359803223796,180.46946716308594,25134900
2024-11-13,179.31681892204128,179.8136514950511,177.4089684990119,177.746826171875,23184000
2024-11-14,177.15062051532624,177.68720818344102,173.21571503907634,174.4677276611328,31007500
2024-11-15,172.62944344024277,173.03684979342893,170.135349355116,171.39730834960938,32504600
2024-11-18,172.3213885251699,174.32859614097288,171.80467846165004,174.18948364257812,20135300
2024-11-19,172.61951742744716,177.7368870735365,172.4605273586821,176.99163818359375,23434900
2024-11-20,176.21655843045156,176.5544009125721,172.67911323618793,174.86517333984375,18997100
2024-11-21,172.79835394534456,173.0269078339117,162.6629730093742,166.56808471679688,59734400
2024-11-22,164.7993847016753,165.40552109934802,162.86172537063538,163.71627807617188,38604600
2024-11-25,165.03785161237923,167.5617697445597,164.56089655546532,166.5879669189453,33135300
2024-11-26,166.568063403695,168.74419210911034,166.5183771228803,168.04861450195312,20486700
2024-11-27,167.9294049937709,168.40636000516253,166.95561742322607,168.15794372558594,19266500
2024-11-29,167.43256870496816,168.35666996658753,166.10106111500806,167.8797149658203,14257200
2024-12-02,167.70085532970873,170.98988423095403,167.50212535142776,170.40362548828125,23789100
2024-12-03,170.40365177380562,171.58610063371935,169.76770664793386,170.2545928955078,22248700
2024-12-04,170.06574802930507,173.8019378989656,169.97632182381818,173.26535034179688,31615100
2024-12-05,174.24911120663256,174.9446737388749,171.2383071896845,171.5463409423828,21356200
2024-12-06,170.94022556750923,173.97090750291954,170.77130430056872,173.60325622558594,21462400
2024-12-09,173.05607839120185,175.3441150228254,172.74767645767284,174.458740234375,25389600
2024-12-10,181.89990276575224,185.39165905883286,180.10925267461994,184.2078399658203,54813000
2024-12-11,184.34712093414166,194.59360484337623,183.88951960925283,194.3846893310547,67894100
2024-12-12,193.9867519757691,194.16580938373951,190.71385396756912,190.96255493164062,34817500
2024-12-13,190.01748306194702,191.7285469445743,188.65460660803555,188.83367919921875,25143500
2024-12-16,191.86780758654942,197.9659598504381,191.61910663196343,195.63812255859375,44934900
2024-12-17,196.2250798486302,200.37341051362353,193.9668706236853,194.4045867919922,43504000
2024-12-18,194.2056368053088,195.976386699195,186.764507184961,187.4210662841797,34166100
2024-12-19,190.63428570513082,192.02700516266594,187.40117286917095,187.53048706054688,32265200
2024-12-20,184.81468445746083,191.88774144921763,184.2575966505468,190.41543579101562,63462900
2024-12-23,191.61914756204428,194.0862724877592,189.16198039152084,193.61871337890625,25675000
2024-12-24,193.82758299009262,195.0909881591797,192.7730933133359,195.0909881591797,10403300
2024-12-26,194.1359900072514,195.7276824419866,193.37000187433253,194.5836639404297,12046600
2024-12-27,193.93703071352402,194.30511850410315,189.6593706110804,191.75840759277344,18891400
2024-12-30,188.81377215376864,191.54948271791056,188.13729764820343,190.2462921142578,14264700
2024-12-31,190.0871254076539,190.96255767118524,187.53047217416017,188.31637573242188,17466900
2025-01-02,189.65937128935172,191.00236272405684,186.52574484771176,188.44570922851562,20370800
2025-01-03,190.37561071207793,192.20606135937345,188.99283394745663,190.79342651367188,18596200
2025-01-06,192.97204809761033,197.19002191956164,192.84273391814992,195.84703063964844,29563600
2025-01-07,196.08579004713673,199.95557646710608,193.58883781557628,194.47421264648438,26487200
2025-01-08,191.5693958945213,195.27005246800397,191.3803807232366,192.9422149658203,24864800
2025-01-10,193.29039598946073,195.49886180679007,189.32112306274666,191.04212951660156,26665200
2025-01-13,189.08238366148746,190.1866014129224,186.38645842630518,190.01748657226562,21823700
2025-01-14,190.24630678281764,190.98245196740993,187.33152340912505,188.6745147705078,17174900
2025-01-15,192.08668076451275,195.33969375687735,190.8630762218721,194.53390502929688,21776000
2025-01-16,193.1312278332848,194.46426141133438,191.8081368295779,191.90762329101562,17815400
2025-01-17,195.50881224351804,196.2051719482703,192.74325857357104,194.9815673828125,27735100
2025-01-21,198.03560871319095,201.23886312899566,196.84183195557196,197.02090454101562,29971300
2025-01-22,198.02565047854944,199.43827011349632,196.50360181373688,197.3392333984375,26200600
2025-01-23,197.11045095911172,199.25923110054313,194.18572496319172,196.95127868652344,26951400
2025-01-24,197.07068637933736,199.85612554750062,196.97119990354366,199.1697235107422,23877500
2025-01-27,191.41022766272687,195.85700244066396,189.73894916830926,190.81333923339844,41728900
2025-01-28,191.7484641400102,194.46427471258818,189.68921264751984,194.28521728515625,24157900
2025-01-29,194.54385257803781,195.7674571519655,192.4249153665142,194.39463806152344,18218300
2025-01-30,196.97118096512546,200.3535083038363,196.6428938419765,199.82626342773438,24354700
2025-01-31,200.95040684244714,204.41232049224394,200.75144907949408,202.9599151611328,32001100
2025-02-03,199.64723020855905,202.69132821835683,199.06029945336385,200.18441772460938,27838300
2025-02-04,202.33316333940303,205.9741492335506,201.75617525949693,205.30763244628906,43856400
2025-02-05,190.0772023789456,191.74846576717462,187.05298980095407,190.33584594726562,70373900
2025-02-06,188.5153218226639,191.10181779809997,187.73937606593336,190.6044158935547,29297400
2025-02-07,190.05729013281342,190.18660431911357,182.28787402069702,184.376953125,49315000
2025-02-10,186.37653098919859,187.22210526115876,184.8942676002274,185.5010986328125,23105600
2025-02-11,184.0685845185901,185.9686638183211,183.32248151205218,184.35708618164062,21239500
2025-02-12,182.26797191010567,184.14815067534644,180.88519509524076,182.65594482421875,22072600
2025-02-13,183.36227049888035,185.3120777313061,182.18839394998832,185.1728057861328,21402500
2025-02-14,184.0984174978102,185.43145115453234,183.36227228593566,184.2675323486328,20448400
2025-02-18,184.63561754552705,184.99374757151398,180.79567372558517,182.81512451171875,29916700
2025-02-19,183.11356559747395,184.4963424448096,182.63604878465782,184.3073272705078,19549400
2025-02-20,183.83977159439488,184.34711614040583,181.77057757262898,183.60101318359375,20441500
2025-02-21,184.18793460152546,184.37694976979722,178.14948286814752,178.72647094726562,35199200
2025-02-24,181.04437173412518,182.16848984705686,177.96047349552646,178.318603515625,29854200
2025-02-25,177.11488051844918,177.81125539535978,173.7822965453186,174.5084991455078,41913400
2025-02-26,174.16032642215686,175.16507289862997,170.68845533929954,171.8324737548828,35431300
2025-02-27,173.08594510447406,173.65297546387492,167.06737815788244,167.6244659423828,39991000
2025-02-28,167.80351036476668,169.7234897370402,165.90344649975822,169.39520263671875,48130600
2025-03-03,171.0366301036563,172.46915017235435,165.06780660374991,166.14219665527344,40770500
2025-03-04,165.37621562667857,172.38957139478455,164.93849945595062,170.03189086914062,45388000
2025-03-05,169.6339770163835,172.87703249017144,168.18155654289944,172.12098693847656,30954900
2025-03-06,169.6439021909127,173.9016615264532,169.6140592892689,171.45445251464844,28302000
2025-03-07,170.3701228624436,174.06085227932917,169.38527664457013,172.9566192626953,27385800
2025-03-10,167.57848498247546,167.77768707285077,163.02700292073365,165.1981658935547,43604000
2025-03-11,164.24205105519363,166.0745946593306,160.71638098509786,163.3755645751953,39587400
2025-03-12,165.9052839213103,166.96098805134596,162.86763464348198,166.43313598632812,28372400
2025-03-13,165.36746730396223,165.45711431897539,161.4533926135524,162.1007537841797,31756200
2025-03-14,162.60870791000892,165.81566708355933,161.79202188086273,164.81971740722656,31995900
2025-03-17,164.36156568984055,165.6264259709924,163.00707358955603,163.6245574951172,31184300
2025-03-18,163.01701346080097,163.58471199332098,156.08521317066442,160.0192108154297,42074800
2025-03-19,161.10480349722013,165.19815700358515,160.3478872642785,163.22618103027344,34275600
2025-03-20,160.91558075554488,164.22212545502225,160.3080509045436,162.14059448242188,28138500
2025-03-21,160.55705156299513,163.57477782056455,160.2383403768693,163.32579040527344,36625800
2025-03-24,166.39330929919817,167.6382463166508,164.47111864181912,167.00082397460938,30879100
2025-03-25,168.2955839776117,169.93891017820465,167.63826869436164,169.8691864013672,24174400
2025-03-26,168.31549307909538,168.92302298152063,164.17233883294872,164.39144897460938,28901600
2025-03-27,163.96318944763343,164.74998295425303,161.3438371056606,161.58287048339844,24508300
2025-03-28,159.8399478606563,161.16456257842086,153.00773337780885,153.70489501953125,48669300
2025-03-31,152.489854834344,154.91000524190235,150.04978117819655,154.01365661621094,54603500
2025-04-01,152.99778409802235,157.45964958057314,152.99778409802235,156.43382263183594,30672900
2025-04-02,154.52157130636616,157.7683766642482,154.07339703462338,156.40391540527344,25041700
2025-04-03,150.49796262916686,152.16119683607278,149.78087761580798,150.1095428466797,46883400
2025-04-04,147.41051168463707,150.4581305746649,144.7911742710094,145.01028442382812,62259500
2025-04-07,140.97668877946376,152.23092388429916,139.96081578919706,146.15562438964844,76794100
2025-04-08,150.60750263275938,151.62337549950988,142.45067281990836,144.11390686035156,52200200
2025-04-09,143.83505464618503,158.90377855359424,143.3271257672898,158.0671844482422,70406200
2025-04-10,155.90595330498695,157.0811818078422,149.322725435418,152.20103454589844,48022000
2025-04-11,152.28070771093053,157.03139218045564,152.2010451058409,156.5035400390625,33636200
2025-04-14,159.35194610703772,161.06498074344722,156.92182649738766,158.42572021484375,30333000
2025-04-15,158.4854650554691,159.0033479067655,154.5813444386225,155.6768798828125,27551500
2025-04-16,152.47990494067977,155.2585979132132,150.8963333701315,152.70896911621094,28187400
2025-04-17,153.66504108133077,154.05346077696768,147.89850018503148,150.5477294921875,33046600
2025-04-21,148.2769899279801,148.346698501599,145.50825109483685,147.07188415527344,26049100
2025-04-22,148.2869392297591,151.5735760354548,147.93835078181212,150.8564910888672,26971800
2025-04-23,154.97972084901838,156.89194229421238,153.1870084950911,154.7207794189453,31128800
2025-04-24,155.51754490565963,158.94361442258594,155.1590023934932,158.63487243652344,45894000
2025-04-25,164.4014202116321,165.42724716152773,160.38772903857225,161.30401611328125,56034000
2025-04-28,161.7720931027873,162.48917806099573,157.9576193461597,159.95947265625,29745800
2025-04-29,159.6706470871033,160.088944095257,156.88198516909392,159.51129150390625,26809000
2025-04-30,157.34012853089786,158.62491214751483,154.7705764946502,158.1568145751953,34981100
2025-05-01,159.80011945187778,161.29404393761732,158.26636366652554,160.6466827392578,30203200
2025-05-02,162.7481319399907,164.3018109241553,161.21436100650547,163.36561584472656,25715000
2025-05-05,162.33980079480253,164.72011996544808,162.06093609508568,163.54490661621094,21341800
2025-05-06,161.51314352018753,164.13249581033162,160.53711717512775,162.56884765625,21277200
2025-05-07,163.41541831659652,164.33169015930102,147.24119073545722,150.76686096191406,127490100
2025-05-08,154.37219053033292,155.29841637896206,152.28069025725696,153.6551055908203,57498700
2025-05-09,153.54553309206753,154.42197351796025,151.5835113549108,152.13128662109375,32435300
2025-05-12,156.85211913184455,158.45559870977985,155.61713606908535,157.8181915283203,44138800
2025-05-13,158.14684186881533,159.9196462677562,155.52750456311006,158.88385009765625,42382100
2025-05-14,159.31213380087087,166.3236135788371,158.96354529840758,164.70021057128906,48755900
2025-05-15,165.1682887318073,165.53680044166376,161.71234217984835,163.29591369628906,33146700
2025-05-16,167.0506320085185,168.66408078965867,164.94917762065725,165.51687622070312,42846900
2025-05-19,163.84367142462605,165.96504904182535,163.55485271284547,165.86544799804688,30426100
2025-05-20,165.75590012466307,167.817523283891,162.24019892385144,163.31582641601562,46607700
2025-05-21,163.02698872286769,172.4387091879809,162.89751041479707,167.87725830078125,73416000
2025-05-22,171.15394376538748,176.05401394301808,170.0185618363875,170.1779022216797,74864400
2025-05-23,168.3752347830085,169.2715985296926,167.2099755896054,167.78762817382812,35211400
2025-05-27,169.47079940418584,172.46860243837372,169.3114438097941,172.19969177246094,37995700
2025-05-28,172.45864324425892,174.56009759174123,171.21370619473115,171.66188049316406,34784000
2025-05-29,173.29525703459385,173.71355410724578,169.93891122977584,171.16392517089844,29317300
2025-05-30,170.65598330984582,171.51250064033223,166.76181642373982,171.04440307617188,52639900
2025-06-02,167.1601697701311,169.1819461523069,166.71199550949316,168.34535217285156,38612300
2025-06-03,166.8116037120677,167.79758408844376,164.61054841286258,165.50689697265625,45084900
2025-06-04,166.0646474005772,167.5386486033552,165.68618167672102,167.3693389892578,26900800
2025-06-05,169.6500488073603,170.23765541573877,166.9111874462575,167.5286865234375,36379100
2025-06-06,170.13806952300837,173.79320267833577,170.13806952300837,172.9765167236328,35731800
2025-06-09,174.04348698482235,175.96800471005412,173.87397240224888,175.58908081054688,28935900
2025-06-10,175.6987675223273,180.5948038838724,174.41244383100403,178.09194946289062,61766100
2025-06-11,179.2586188457646,179.8569029175766,176.24720547354727,176.8455047607422,31646800
2025-06-12,175.6788256293735,176.2172980493167,174.25290075490625,175.2001953125,20941900
2025-06-13,171.9494740114175,176.6261351195968,171.8996131999643,174.17312622070312,27663100
2025-06-16,174.23294549738824,176.43666545813562,174.15317124562452,176.26715087890625,27389200
2025-06-17,175.20018931566514,176.85547082344988,174.08338020939252,175.44947814941406,24973000
2025-06-18,175.50930033034524,176.057738792968,172.70729634857923,172.82696533203125,28707500
2025-06-20,173.45517315134433,173.8440631360939,164.98933381824614,166.1659698486328,75659900
2025-06-23,165.7970377232315,166.86398612208345,161.53917977382372,164.72010803222656,57671000
2025-06-24,166.44516047022438,167.7414654003419,165.65741447979076,166.29559326171875,40524300
2025-06-25,167.15316152434053,171.86970222006798,167.07338726794845,170.19447326660156,35479000
2025-06-26,171.93948268163984,173.19590810922037,169.45657569929264,173.04632568359375,31796700
2025-06-27,173.046329910377,178.17170771682706,171.241481190895,178.0221405029297,108140200
2025-06-30,180.26574336762212,180.7144602330707,174.08338322657394,175.7286834716797,63378900
2025-07-01,175.24009156508697,175.58908681807281,173.0363714854685,175.3397979736328,35904500
2025-07-02,175.04063318866915,178.35119606008848,174.5719841997796,178.13182067871094,29128900
2025-07-03,177.9922335542414,179.15890351135596,176.54636131074304,179.01930236816406,21689700
2025-07-07,178.5506411042797,178.78996387462078,175.18025102838192,176.28709411621094,34175600
2025-07-08,177.3440914457585,177.44379785510552,172.3184197808512,173.864013671875,40442500
2025-07-09,174.75145590035325,178.9295387925745,172.27851516418144,176.1175537109375,43025600
2025-07-10,175.1303863111691,177.92240891673904,173.8839422139032,177.11471557617188,29252400
2025-07-11,176.2870917998284,180.91389212460822,175.97797606848104,179.67742919921875,34282900
2025-07-14,180.49507959550706,183.14751640721383,179.16886118965368,181.04351806640625,32536600
2025-07-15,182.28996266650833,183.69595532751242,181.08341324296114,181.48226928710938,33448300
2025-07-16,182.71876014286474,183.80565587223137,181.5121954195811,182.44952392578125,33104200
2025-07-17,181.62187886390834,183.53641535247564,179.96659729454643,183.0577850341797,31992600
2025-07-18,184.87259850820493,185.88970124039062,183.1874187229756,184.5335693359375,34014500
2025-07-21,185.720180506412,189.74868135121883,185.62045888710102,189.55923461914062,45803100
2025-07-22,190.9552485801447,191.10481579575136,186.9267476808465,190.7957000732422,44660200
2025-07-23,190.95523422678895,191.9823029377756,188.64182669674165,189.6888427734375,58681900
2025-07-24,196.46952792005337,197.3869090653604,190.45668205461735,191.62335205078125,74881700
2025-07-25,191.43387927305906,193.77720042486192,190.71592620592727,192.63046264648438,39785900
2025-07-28,193.0991291078416,193.49800038051387,190.29712498462092,192.0321807861328,38139500
2025-07-29,191.88258292419434,195.36266032343974,191.53358770597436,195.19314575195312,41389200
2025-07-30,195.04360005779435,197.0379108346005,194.13618500265545,195.970947265625,32445400
2025-07-31,195.1532699224849,195.43247218848848,190.54640210266098,191.35409545898438,51329200
2025-08-01,188.4922583678995,190.28714088647305,187.28570901887355,188.59197998046875,34832200
2025-08-04,189.7486955367273,194.7145404143055,189.57918094353215,194.4851837158203,31547400
2025-08-05,194.1561209300893,197.2971541323202,193.33844625639603,194.11622619628906,31602300
2025-08-06,193.94670749735778,196.07065317332066,193.11906676548202,195.5321807861328,21562900
2025-08-07,196.49944049707085,196.97807082829456,193.77721051804474,195.9609832763672,26321800
2025-08-08,196.65898117376335,202.03364795164893,196.60912036272285,200.84703063964844,39161800
2025-08-11,200.36839577051538,200.90685295750995,198.50372015999918,200.42822265625,25832400
2025-08-12,200.79715378526663,203.91825467935456,200.01937388440479,202.7615509033203,30397900
2025-08-13,203.5493232968563,203.94817934449617,196.94814463612107,201.385498046875,28342900
2025-08-14,200.9268104830451,203.85844975532365,200.65757426824428,202.3627166748047,25230400
2025-08-15,203.2701312097242,205.85276000380134,200.7074345682602,203.31997680664062,34931400
2025-08-18,203.61911775674488,204.68608127587706,201.91399064284568,202.92111206054688,18526600
2025-08-19,202.45245084896237,202.86128819689205,199.39119181596234,200.99661254882812,24240200
2025-08-20,200.15898342104597,200.70742189093835,196.04074228977996,198.7530059814453,28955500
2025-08-21,199.18179321289062,201.90402322277677,198.8626961782015,199.18179321289062,19774600
2025-08-22,202.15331089436756,207.9467813600623,200.72738596931413,205.50375366210938,42827000
2025-08-25,205.84277405344866,209.92115104730735,204.69605147341804,207.8969268798828,29928900
2025-08-26,206.91969332896332,207.258737698756,205.11484464858782,206.55075073242188,28464100
2025-08-27,205.11485047791405,208.31572581537765,205.0649896678173,206.88978576660156,23022900
2025-08-28,206.66043741838072,211.61630051242363,206.31142697470574,211.03794860839844,32339300
2025-08-29,209.91116980825524,214.03939239893296,209.60205408045064,212.30435180664062,39728400
2025-09-02,207.84706876322787,211.0778424398192,205.61343524607918,210.74879455566406,47523000
2025-09-03,225.5665221360729,230.65200537566233,224.15054812619755,230.0038604736328,103336100
2025-09-04,228.996719869086,231.70898363627637,225.46679662750995,231.63919067382812,51684200
2025-09-05,231.5394894431058,235.08936036459093,231.2403397689098,234.33152770996094,46588900
2025-09-08,235.01017746372742,237.66498669397225,233.21368944217105,233.5829620361328,32474700
2025-09-09,233.71270408816554,240.00040430810463,232.7745373112583,239.16204833984375,38061000
2025-09-10,238.43344965061024,241.18806943420256,237.38551236319012,238.7029266357422,35141100
2025-09-11,239.41155563146188,241.77692250779666,235.78863959738683,239.9005889892578,30599300
2025-09-12,239.90060472674395,241.60727216892423,237.53523769524105,240.32977294921875,26771600
2025-09-15,244.18222746714693,251.91709313601174,244.18222746714693,251.11865234375,58383800
2025-09-16,251.58772669443232,252.54584342751238,248.98282303107263,250.66952514648438,34109700
2025-09-17,250.7294115061419,251.10867430438276,245.7990560449756,249.04270935058594,34108000
2025-09-18,251.18850393768201,253.4940056881638,249.312185617516,251.53782653808594,31239500
2025-09-19,252.75544937708653,255.50007913340238,251.3182589953225,254.2225799560547,55571400
2025-09-22,253.93314887572123,255.28051872493555,249.81122418035432,252.036865234375,32290500
2025-09-23,252.54585863312587,253.8632882566711,249.9908602190898,251.16856384277344,26628000
2025-09-24,251.1685566625181,251.8572116525034,245.95874917105462,246.65737915039062,28201000
2025-09-25,243.9227126560544,246.00864273328935,240.26987173165682,245.30999755859375,31020400
2025-09-26,246.58752699597628,248.93292875938775,245.4896689933639,246.0585479736328,18503200
2025-09-29,247.36600774683615,250.6595513653868,242.2959260790964,243.57342529296875,32505800
2025-09-30,242.33583244883135,242.81489082935371,238.7827869377237,242.62527465820312,34724300
2025-10-01,240.2798481454496,245.8190127995852,238.14402788220525,244.42173767089844,31658200
2025-10-02,244.6712510924991,246.32801300536266,241.82682587144092,245.210205078125,25483300
2025-10-03,244.0125741538274,245.8190372139174,241.18809864914257,244.8708953857422,30249600
2025-10-06,244.30200291397747,250.82924041118625,244.1023965111835,249.9409637451172,28894700
2025-10-07,247.78518329877946,249.95094390133718,245.04055349112926,245.2800750732422,23181300
2025-10-08,244.48163581199606,245.52957313307672,243.34386267365892,244.1422882080078,21307100
2025-10-09,243.99259549865826,244.28202248032238,238.68297718710045,241.05833435058594,27892100
2025-10-10,240.958526974338,243.61333616794536,235.37944680935243,236.1080322265625,33180300
2025-10-13,239.74092459803205,244.02254038501275,239.2419009980627,243.6732177734375,24995000
2025-10-14,240.75892736637323,246.63742490132327,240.04033214741565,244.97068786621094,22111600
2025-10-15,246.76716258187247,251.61767243328853,245.5096286311317,250.53977966308594,27007700
2025-10-16,251.27834055068328,256.4581925767255,249.61160360230107,250.9689483642578,27997200
2025-10-17,250.27031046967195,253.72356048353365,247.32607427452788,252.80535888671875,29671600
2025-10-20,254.19265795496185,256.82748687148535,253.73354951664797,256.04901123046875,22350200
2025-10-21,254.24254216862593,254.38226816359625,243.6732110393333,249.9709014892578,47312100
2025-10-22,253.873276187685,255.8593804848901,248.8031942886971,251.19851684570312,35029400
2025-10-23,252.48597410141812,254.54194887812838,251.35819113136333,252.58578491210938,19901400
2025-10-24,256.07894057309267,261.16898745224296,254.82142179583195,259.4124450683594,28655100
2025-10-27,264.30287916974333,269.61249783187736,263.76392512831256,268.7441711425781,35235200
2025-10-28,269.1633281612099,270.2013056862688,265.9795554362353,266.9476623535156,29738600
2025-10-29,267.22712459889897,274.80229881772505,267.14729422835535,274.0338134765625,43580300
2025-10-30,291.02060225143094,291.02060225143094,279.51311834988803,280.93035888671875,74876000
2025-10-31,282.6569440736325,285.44150434001006,276.48901957648127,280.6408996582031,39267900
2025-11-03,281.62895336390585,284.97241759660864,279.25359613963377,283.16595458984375,29786000
2025-11-04,276.20955057551157,280.7207127582489,275.72051721535576,276.9980163574219,30078400
2025-11-05,278.32541216487215,285.86068664735006,276.79840119805726,283.7547912597656,31010300
2025-11-06,284.77279318145315,287.78691520805194,280.59100344938025,284.1939392089844,37173600
2025-11-07,282.6569436244069,283.225837847663,274.65261591386644,278.2854919433594,34479600
2025-11-10,283.8645774088431,290.2320924976737,282.30759586857965,289.5334777832031,29557300
2025-11-11,287.18807388729897,291.34994399814246,286.75892091303916,290.7411193847656,19842100
2025-11-12,291.1104119733703,291.43978461940384,283.13602426355726,286.1501159667969,24829900
2025-11-13,281.7886586854728,282.2876823136169,276.69861158680555,278.0260314941406,29494000
2025-11-14,270.8799731285475,278.01600396166356,270.1713681999226,275.8702087402344,31647200
2025-11-17,285.2219350622342,293.3759943011471,283.01625922074476,284.4634094238281,52670200
2025-11-18,287.3577599014325,288.236015842567,277.65674001133203,283.724853515625,49158700
2025-11-19,286.5992292728396,303.21670857801746,286.07026549054086,292.2381896972656,68198900
2025-11-20,303.94529376978943,305.8216273232207,288.1062900504894,288.884765625,62025200
2025-11-21,295.8411659039572,303.3265199413647,293.27617727722287,299.0748291015625,74137700
2025-11-24,310.52242205466104,318.85612204740676,308.9954110970811,317.9578552246094,85165100
2025-11-25,325.5729598317621,328.187838552192,317.0296784660599,322.8083801269531,88632100
2025-11-26,320.053780820363,323.86632857763385,316.1713929045335,319.3252258300781,51373400
2025-11-28,322.73852157316225,326.2117368304371,316.1713843298485,319.55474853515625,26018600
2025-12-01,317.0796263275952,319.2254218425781,313.27706870792247,314.2751159667969,41183000
2025-12-02,316.1214749687581,317.75828707212025,313.2970146639371,315.19329833984375,35854700
2025-12-03,315.2731421058358,320.9520026070636,313.4866291038915,319.0058288574219,41838300
2025-12-04,321.6007384606332,321.7304590031499,314.0854447714545,316.9997253417969,31240900
2025-12-05,318.86608586892413,322.52893244489843,318.5467339173106,320.6426086425781,28851700
2025-12-08,319.63392187795114,320.02342950621124,310.8154143139121,313.3121643066406,33909400
2025-12-09,311.96391713296777,317.57660631064704,311.4945269093235,316.66778564453125,30194000
2025-12-10,315.4194206321133,320.8923078304596,314.27092168020465,319.7937316894531,33428900
2025-12-11,319.66391441105065,320.70257104825845,308.19885677560706,312.02386474609375,42353700
2025-12-12,313.29221022339095,314.46067218572114,305.1627773855729,308.887939453125,35940200
2025-12-15,310.91531224146183,311.0151883437652,304.4836813703359,307.8193359375,29151900
2025-12-16,304.55358908476643,310.3660001485481,302.1966411442108,306.1714782714844,30585000
2025-12-17,307.60959033164653,307.6894729197007,295.7350329501308,296.3342590332031,43930400
2025-12-18,301.32777470817274,303.56485302569047,298.8410213827925,302.0668029785156,33518000
2025-12-19,301.33777770154796,306.85059101726483,300.5787559089981,306.7607116699219,59943200
2025-12-22,309.4771954426739,309.7268704705607,304.90313186415943,309.3773193359375,26429900
2025-12-23,309.2274800840275,314.5305745464577,308.91788552805923,313.94134521484375,25478700
2025-12-24,314.360779810128,314.67037436380235,311.5145092668577,313.6816711425781,10097400
2025-12-26,314.0712183432231,314.6804107746781,311.8740659325972,313.10247802734375,10899000
2025-12-29,310.9652491009125,313.6117983030154,310.2162240166622,313.15240478515625,19621800
2025-12-30,312.09376543928346,316.5379928503015,312.0538089034933,313.4420166015625,17380900
2025-12-31,312.4433102220648,314.17104176667254,311.03513952358344,312.5931091308594,16377700
2026-01-02,316.4880203907529,322.0807464242433,309.9265541489014,314.74029541015625,32009400
2026-01-05,317.2470486555906,318.60526603903236,314.2209888461081,316.1285095214844,30195600
2026-01-06,315.9886856047422,320.5227923064431,311.3746963103618,313.9313659667969,31212100
2026-01-07,313.9513421990662,325.72602466406613,313.78158025326775,321.56146240234375,35104400
2026-01-08,328.54234711069296,329.8905982345552,321.08205673508803,325.0169372558594,31896100
2026-01-09,326.6647962522232,330.3999246926398,325.37646465172014,328.14288330078125,26214200
2026-01-12,325.37646891287716,333.6057781716088,324.5775210522192,331.4285888671875,33923900
2026-01-13,334.5145706345901,340.04734658205444,333.18628259299794,335.5332336425781,33517600
2026-01-14,334.62442706687915,336.08252056576845,330.05039437456895,335.4034118652344,28525600
2026-01-15,337.2110766328429,337.25103316994193,330.3100554080323,332.347412109375,28442400
2026-01-16,333.97528525413946,334.2149635116852,327.27401649506595,329.5710144042969,40341600
2026-01-20,320.4528849486331,327.30398324237245,320.01345448184367,321.5814208984375,35361000
2026-01-21,320.50283121296127,332.0478012719212,318.9348648307384,327.953125,35386600
2026-01-22,334.0152109953496,334.7142826747097,328.3226090802118,330.11029052734375,26253600
2026-01-23,332.05776231305794,333.2562145369407,327.0243361197249,327.5036926269531,27280000
2026-01-26,327.3838548641184,335.4034148973675,326.5749102768944,332.8267822265625,26042100
2026-01-27,334.93402312381306,337.4707297257924,333.04649592160257,334.1150817871094,21636200
2026-01-28,335.6231039588608,337.10119086219134,331.5084650266126,335.57318115234375,27434400
2026-01-29,339.857625711299,341.8450595994438,326.11553330804276,337.810302734375,39785600
2026-01-30,339.5580079569619,339.5580079569619,331.8580393103398,337.56060791015625,31024000
2026-02-02,335.7829045969607,344.38169669555197,335.193675272949,343.2431945800781,32006100
2026-02-03,346.8884575284791,348.5463032010534,337.0312933144156,339.26837158203125,36506700
2026-02-04,342.51417399710857,342.8637251238478,328.0929422734009,332.6070861816406,70618400
2026-02-05,311.81413592946416,332.2575275064077,306.06161379445837,330.81939697265625,88205800
2026-02-06,326.75466854448496,329.95052083207565,319.50412705068965,322.4402770996094,56380500
2026-02-09,320.5127991892576,327.2740180221729,316.84758707958963,323.8984069824219,39640100
2026-02-10,320.5527401483992,321.25184233940706,314.2009923012897,318.16583251953125,39170000
2026-02-11,318.5553213774315,320.6426005966259,309.25742736560915,310.55572509765625,45406400
2026-02-12,311.684307255737,315.82890653132813,306.80067966689137,308.59832763671875,47761300
2026-02-13,307.32996759040856,308.2287915112591,303.31517401115394,305.32257080078125,38499700
2026-02-17,299.6499434457439,304.0442171582303,295.86486207725466,301.6273498535156,39247600
2026-02-18,301.6972906518214,304.983022308801,300.8583862777236,302.9356689453125,28482100
2026-02-19,301.42763905495286,305.0728879320441,299.64995428739604,302.456298828125,25834400
2026-02-20,303.9244103176242,316.0885697634931,303.5049428811186,314.570556640625,53210800
2026-02-23,318.6352220336332,319.1046122516075,309.4671633706354,311.0850524902344,31423000
2026-02-24,310.11633870149166,311.8640638461802,305.53230897934316,310.495849609375,25615600
2026-02-25,311.65435118745364,313.23231441520727,309.03776179839537,312.4932556152344,29963600
2026-02-26,312.2335794136705,312.73292940852764,301.95694798569707,306.98040771484375,36431200
2026-02-27,303.7446468483449,311.9639287272481,303.4050620118916,311.354736328125,44640600
2026-03-02,302.83581985466094,308.0889612664211,300.908305641281,306.12152099609375,34790200
2026-03-03,298.2018299939976,303.5448811012492,296.3242691134317,303.1853332519531,35497000
2026-03-04,302.49628364637806,305.07291645770977,300.3590508331652,302.7359619140625,29536200
2026-03-05,302.6460874794852,302.90572878105803,297.60263367704704,300.4888916015625,35752300
2026-03-06,295.7050936872067,300.1393243405422,294.7962729857715,298.1319274902344,25576900
2026-03-09,294.1842573074437,306.6168332730834,293.9044256827884,306.1770935058594,29312100
2026-03-10,305.98724420005084,309.3252467158022,305.3875962722132,306.8567199707031,23239700
2026-03-11,306.56689883882945,311.23412470378855,305.7374076911934,308.5157470703125,24125700
2026-03-12,306.636841807898,308.7555713296518,300.8502897843219,303.3687744140625,24928300
2026-03-13,306.8267356773544,307.50632242162294,300.26065041451466,302.09954833984375,23693100
2026-03-16,304.16832484157635,306.3070315122431,302.8391017033621,305.3775939941406,23519700
2026-03-17,305.67739809365116,311.2341070358109,305.3176276402165,310.7344055175781,21955200
2026-03-18,309.0853604878573,312.28346234614037,306.74676108497374,307.5063171386719,20009800
2026-03-19,303.8285227221892,307.8760927647981,302.16951004441273,306.9466552734375,25075800
2026-03-20,305.2776414809433,305.8173276578073,298.0919312440676,300.8203125,44364100
2026-03-23,301.92965766257777,305.7973733016039,300.75036931754545,301.87969970703125,29326900
2026-03-24,299.02141279307426,299.7409842283802,290.15668188195673,290.2666320800781,36864300
2026-03-25,293.2648285118823,295.82329783701033,289.0673235725591,290.7563171386719,29460700
2026-03-26,287.7381369232671,287.7781215852462,278.33375052565475,280.7523193359375,39080600
2026-03-27,277.1144865271076,279.203235317384,273.7864876697142,274.1762390136719,35890600
2026-03-30,276.2550012483934,276.9245842043685,271.9475460941929,273.33673095703125,35141200
2026-03-31,277.87403020607053,287.9080147834651,276.9245851168754,287.3883361816406,43875400
2026-04-01,290.6663854824321,300.34059988895723,290.23664948178913,297.2124938964844,37684500
2026-04-02,290.5164904801884,297.90206355243157,289.2772403921399,295.59344482421875,21666500
2026-04-06,295.69337737406744,300.4405418912755,295.0037868253031,299.8109130859375,16945500
2026-04-07,302.54929810267237,305.4475608650088,297.5422790326475,305.27764892578125,23205400
2026-04-08,320.25872115869026,321.88772251879675,314.8319393907938,317.1305847167969,33547100
2026-04-09,315.72141928886384,319.3492572184689,310.8743084256086,318.29986572265625,23739200
2026-04-10,319.8289680511782,321.6378852163977,316.1311948927162,317.0506286621094,19152600
2026-04-13,316.9507009019676,321.43801087893695,315.28168437302884,321.1181945800781,18866400
2026-04-14,324.59612530340485,333.09105123243734,323.5567375910905,332.7112731933594,27721400
2026-04-15,332.69130668872015,337.278563176308,330.70247381548376,336.91876220703125,24918800
2026-04-16,338.5477782390461,339.67710854893676,334.3202924195682,335.81939697265625,20541500
2026-04-17,337.4484504303517,342.1156763245155,336.0392884001999,341.4760437011719,25581900
2026-04-20,340.55660000710446,341.1962021124509,336.40905286572576,337.2185974121094,18784200
2026-04-21,337.48841459650436,339.13742351057505,331.1522029907326,332.0916442871094,23123800
2026-04-22,336.818816762841,339.6171637007564,334.96994545488326,339.1174621582031,20293000
2026-04-23,340.9763246437424,341.7558578013153,335.97930940305434,338.6877136230469,18650300
2026-04-24,338.5277988797623,345.06387272769797,335.1897964239415,344.19439697265625,26426100
2026-04-27,345.77347673538645,352.9691603649003,342.5254168368208,350.130859375,28576900
2026-04-28,348.34192077884484,352.20963620070955,345.91337868788094,349.5711975097656,27824100
2026-04-29,347.36252924438134,355.5776236260777,344.0045190996302,349.7311096191406,35376300
2026-04-30,373.8467067603946,385.6096696957082,365.60163158627074,384.5702819824219,72040000
2026-05-01,381.4022037517389,386.52914645154755,378.82372671588394,385.45977783203125,30105200
2026-05-04,385.39979379858875,387.14874909409923,379.56328378663693,383.0212097167969,26298600
2026-05-05,385.99945170269467,392.58551415458055,383.79074899852696,388.1981201171875,23878600
2026-05-06,394.0146525811788,399.61131576273664,392.52555179602564,397.8023986816406,31308500
2026-05-07,399.6812819584635,399.8611671879692,392.4455831227277,397.7524108886719,24433500
2026-05-08,396.7630105926761,401.76002583943523,396.1233780013978,400.56072998046875,21461800
2026-05-11,393.41500861238904,397.2027547509894,388.23810807955056,388.40802001953125,30753700
2026-05-12,387.10877062384725,388.28805889354703,382.541491402114,387.1187744140625,26017500
2026-05-13,385.3698394939953,403.4590416115898,384.77019153718186,402.3796691894531,28144600
2026-05-14,397.04285074569174,402.6894719958145,395.6037078837972,400.8305969238281,21136700
2026-05-15,396.0834349796574,399.30151410906007,392.9452946767326,396.54315185546875,20309700
2026-05-18,395.4538101055549,408.36608091552193,394.29449886421145,396.70306396484375,26837200
2026-05-19,396.72302500471704,396.91291402359946,385.8794958446922,387.4285888671875,39545700
2026-05-20,387.4685872554011,393.62488340369265,382.6714341601505,388.6778564453125,31744400
2026-05-21,385.46976743485186,392.2656959548347,382.7913440893277,387.4285888671875,24852800
2026-05-22,387.1187843592316,388.5079387636157,381.54209816202837,382.74139404296875,20442100
2026-05-26,384.2804712769477,389.0276356997364,382.3716078175452,388.6478576660156,27747400
2026-05-27,386.4391861502527,393.64487351491664,385.66962629134815,388.5978698730469,23087300
2026-05-28,387.76839182151133,391.6360768291116,384.9300907577927,389.8971252441406,24357500
2026-05-29,385.0100143138995,385.0100143138995,378.2340629764561,380.1129455566406,44415800
2026-06-01,376.2952290661171,378.3340198477676,373.2970198869562,376.14532470703125,28672100
2026-06-02,366.371163421305,373.31702687507857,358.2260345973877,361.6340026855469,50412300
2026-06-03,361.81388965190393,366.2312646097652,357.8662353535933,358.77569580078125,55441600
2026-06-04,358.68575901079333,373.0271992966173,357.99616844622375,371.96783447265625,44055500
2026-06-05,366.1213024821565,371.8578661166277,363.90262653478294,368.30999755859375,37471200
2026-06-08,365.17999267578125,366.20001220703125,360.5299987792969,363.30999755859375,27942500
2026-06-09,367.0899963378906,372.0799865722656,357.29998779296875,364.260009765625,29535100
2026-06-10,363.19000244140625,368.55999755859375,355.20001220703125,356.3800048828125,32357100
2026-06-11,355.92999267578125,358.79998779296875,346.3599853515625,357.7699890136719,35538200
2026-06-12,362.6199951171875,366.57000732421875,354.94000244140625,359.67999267578125,24704600
2026-06-15,367.92999267578125,372.989990234375,366.54998779296875,369.3500061035156,27727500
2026-06-16,369.6000061035156,376.0,367.05999755859375,373.25,24876100
2026-06-17,369.1300048828125,372.3299865722656,362.0199890136719,363.7900085449219,24543600
2026-06-18,365.75,369.4800109863281,358.6700134277344,368.0299987792969,44470100
2026-06-22,357.95001220703125,358.9200134277344,341.7200012207031,349.67999267578125,52814800
2026-06-23,340.69000244140625,349.2900085449219,340.20001220703125,346.1300048828125,34007700
2026-06-24,349.0400085449219,353.4800109863281,341.92999267578125,345.2900085449219,44997300
2026-06-25,336.7300109863281,345.57000732421875,335.8399963378906,343.7099914550781,44491400
2026-06-26,342.54998779296875,346.3599853515625,330.20001220703125,337.3900146484375,114706300
2026-06-29,341.8299865722656,354.3500061035156,340.6700134277344,353.6499938964844,34213900
2026-06-30,353.8699951171875,358.6199951171875,350.3999938964844,357.3699951171875,35237200
2026-07-01,358.3699951171875,362.9700012207031,356.42999267578125,361.2099914550781,26736400
2026-07-02,359.4800109863281,364.2099914550781,353.4200134277344,359.9100036621094,25974800
2026-07-06,361.54998779296875,367.92999267578125,357.3800048828125,366.4599914550781,26915800
2026-07-07,369.07000732421875,373.1600036621094,365.5,367.0299987792969,24045600
2026-07-08,364.760009765625,367.8399963378906,358.0199890136719,361.9200134277344,22094800
2026-07-09,354.30999755859375,359.6499938964844,351.0799865722656,358.8900146484375,24729100
2026-07-10,357.5299987792969,357.82000732421875,352.75,357.17999267578125,18146100
2026-07-13,356.19000244140625,358.1300048828125,351.75,352.510009765625,15901700
2026-07-14,351.20001220703125,360.1600036621094,351.0899963378906,359.510009765625,18259400
2026-07-15,357.9700012207031,373.6499938964844,357.760009765625,370.9200134277344,28284600
2026-07-16,373.05999755859375,375.2699890136719,352.29998779296875,354.4599914550781,41158500
2026-07-17,346.0,348.5199890136719,341.3599853515625,346.7699890136719,29959300
2026-07-20,350.8800048828125,359.67999267578125,350.5199890136719,351.989990234375,24736600
2026-07-21,351.32000732421875,351.32000732421875,347.0,347.1499938964844,23369800
2026-07-22,348.1600036621094,349.94000244140625,341.7300109863281,342.0899963378906,39334100
2026-07-23,321.1300048828125,324.489990234375,314.8999938964844,317.69000244140625,69419700
2026-07-24,318.4200134277344,324.17999267578125,317.32000732421875,319.739990234375,31806600
2026-07-27,325.0400085449219,330.4200134277344,324.45001220703125,326.55999755859375,28471600
2026-07-28,327.8999938964844,335.8800048828125,324.44000244140625,333.7099914550781,29511900
2026-07-29,334.6700134277344,342.5,331.6199951171875,336.7099914550781,27501600
2026-07-30,334.20001220703125,336.510009765625,330.3399963378906,333.6600036621094,30168000
2026-07-31,340.8299865722656,358.5799865722656,340.0,356.1300048828125,46498000
2026-08-03,365.45001220703125,376.69000244140625,363.3500061035156,373.510009765625,38669700
2026-08-04,368.2200012207031,380.5199890136719,367.5,377.6499938964844,35705700
2026-08-05,383.3399963378906,384.4800109863281,356.7699890136719,362.42999267578125,46926300
2026-08-06,360.7699890136719,364.1300048828125,356.8800048828125,357.75,25235900
2026-08-07,356.7200012207031,358.8999938964844,353.7799987792969,354.29998779296875,19859900
2026-08-10,355.17999267578125,357.6099853515625,352.7099914550781,357.5199890136719,18991400
2026-08-11,355.8900146484375,356.80999755859375,343.3900146484375,343.79998779296875,29081800
2026-08-12,346.30999755859375,346.4800109863281,340.8800048828125,343.5400085449219,25012000
2026-08-13,345.7699890136719,347.92999267578125,343.760009765625,346.3599853515625,17866100
2026-08-14,346.79998779296875,350.45001220703125,344.5,345.8999938964844,17808600
2026-08-17,346.2699890136719,347.25,341.92999267578125,344.0,18291300
2026-08-18,342.4100036621094,344.8699951171875,340.19000244140625,344.20001220703125,19248800
2026-08-19,342.4599914550781,346.7300109863281,340.6600036621094,344.7200012207031,19733800
2026-08-20,343.05999755859375,343.8999938964844,338.57000732421875,340.6700134277344,18570400
2026-08-21,342.5799865722656,346.20001220703125,340.3999938964844,344.82000732421875,20803700
