date,open,high,low,close,volume
2012-05-18,41.683951746080545,44.60827259469764,37.66920796885579,37.8972053527832,573576400
2012-05-21,36.212001928669224,36.340871326058476,32.712732099058826,33.7337646484375,168192700
2012-05-22,32.32612601702567,33.29759452686994,30.670663523793337,30.730140686035156,101786600
2012-05-23,31.096924356069167,32.21708685159683,31.08701117937926,31.721439361572266,73600000
2012-05-24,32.66316435542276,32.92089933908701,31.493436191083646,32.74246597290039,50237200
2012-05-25,32.61360290482297,32.663166892282185,30.839184170758223,31.632219314575195,37149800
2012-05-29,31.205961267242266,31.414134167882406,28.40059693148421,28.588943481445312,78063400
2012-05-30,28.450163577831507,29.292762706291445,27.617475734234347,27.944602966308594,57267900
2012-05-31,28.30146642006899,29.411717452961017,26.596440006399085,29.342327117919922,111639200
2012-06-01,28.6385120531306,28.896248980993505,27.151569547514345,27.478696823120117,41855500
2012-06-04,26.963220196335822,27.409301736448366,26.209835896857147,26.665830612182617,35230300
2012-06-05,26.467574886871084,27.51834696339535,25.52584396487854,25.644800186157227,42473400
2012-06-06,25.843058273005084,26.933483063623466,25.297846823068397,26.576616287231445,61489200
2012-06-07,26.764960924725553,27.111914500046897,25.922359924872257,26.08096694946289,26159500
2012-06-08,26.31887668107013,27.51834439492468,26.209835536715946,26.864089965820312,38034000
2012-06-11,26.943393931183895,27.825645729733164,26.606353535857124,26.774873733520508,28219600
2012-06-12,27.240783466520206,27.528259895798563,26.725309663448996,27.161479949951172,15816800
2012-06-13,27.41921817993417,27.855388487568575,26.864093537055425,27.03261375427246,17102800
2012-06-14,27.40930171161467,28.07346932432011,27.141651653342738,28.043731689453125,16855000
2012-06-15,28.261816059001518,29.837975002721937,28.103209036177,29.74875831604004,43563800
2012-06-18,29.699191739270383,31.800739468994816,29.153980347512388,31.13656997680664,42978900
2012-06-19,31.265441269589193,31.89986938464277,30.432753423208908,31.632219314575195,30849000
2012-06-20,31.642134734320937,31.65204791066482,30.87883717254738,31.324920654296875,15553600
2012-06-21,31.394309761594194,32.21708445828364,31.235702727828397,31.562829971313477,21875300
2012-06-22,32.127866656129584,33.15881423075548,31.780914963462138,32.76229476928711,74834000
2012-06-25,32.5739513866408,32.73255842117111,31.27535369164953,31.780916213989258,24352900
2012-06-26,32.40542837988886,33.148899542504914,32.217083713362484,32.811859130859375,24858700
2012-06-27,32.17742781246184,32.61359993800048,31.62230326228902,31.949430465698242,28568000
2012-06-28,31.681782928052353,31.909780292865264,30.63101090221229,31.087007522583008,17713300
2012-06-29,31.64213282010145,31.711523159565747,30.492230904206057,30.82927131652832,19526900
2012-07-02,30.977966884783374,31.453788002354834,30.284059670266206,30.502145767211914,14122000
2012-07-03,30.640923625955736,31.166310576501733,30.531880587546503,30.92840003967285,8763600
2012-07-05,31.047356783153845,31.354657680838425,30.749969061619737,31.1960506439209,10032100
2012-07-06,31.16631042108823,31.622305141716847,30.98787704667012,31.453784942626953,10945600
2012-07-09,31.82056327607436,32.59377583300649,31.711522127925623,31.88995361328125,17785200
2012-07-10,32.147694756171084,32.19725874617843,30.888749746236318,31.1960506439209,14269500
2012-07-11,31.205963853242377,31.285267371785437,30.28405926846365,30.700403213500977,13030300
2012-07-12,30.432756476440407,31.126661824211567,30.33362660083164,30.541797637939453,11300700
2012-07-13,30.76979739059794,30.79953503021471,30.29397435853307,30.45258140563965,8108300
2012-07-16,30.23449531487659,30.23449531487659,27.96442902138234,28.00408172607422,24672100
2012-07-17,28.232078653997604,28.341121699410138,26.913656496012845,27.845474243164062,30438600
2012-07-18,28.063557060331817,29.035027463668328,27.90495003340849,28.85659408569336,16841800
2012-07-19,29.1539836403548,29.243200335009345,28.38077291693041,28.7475528717041,13685100
2012-07-20,28.747550273989038,29.21345816672692,28.46998703895134,28.509639739990234,11869100
2012-07-23,27.87521231874416,28.74755096435547,27.76616927901341,28.499727249145508,12390700
2012-07-24,28.56912107149045,29.193637968809668,27.855389365299327,28.202342987060547,11539800
2012-07-25,28.142860052548357,29.233284760508724,27.835559179919166,29.084590911865234,17230200
2012-07-26,27.508433180250552,27.984254273373395,26.497311939305796,26.616268157958984,64597400
2012-07-27,22.9881291653172,24.32637765293047,22.086050961308285,23.50360107421875,123102300
2012-07-30,23.79107586576121,23.830728566428334,22.829520563521502,22.948474884033203,29285900
2012-07-31,23.1665646777684,23.1665646777684,21.4218852737853,21.521013259887695,56179400
2012-08-01,21.312842092993662,21.392145615849415,20.65858755674742,20.698238372802734,44604400
2012-08-02,20.589195828706035,20.658586170204405,19.647464903598173,19.865550994873047,56374500
2012-08-03,20.182763531101056,21.967093485358756,19.726766921882845,20.906408309936523,80647000
2012-08-06,21.20379810685736,21.957182486203088,21.114581411227928,21.729185104370117,27778900
2012-08-07,22.00674478043727,22.254568474402802,20.321542905173747,20.539627075195312,36782900
2012-08-08,20.52971390054732,20.965884131335187,20.043979687264244,20.539627075195312,29537400
2012-08-09,20.56936580250127,20.98570966786843,20.43058514429377,20.827102661132812,15610700
2012-08-10,21.223622515178885,21.63005325103932,20.946059277453152,21.620140075683594,25794700
2012-08-13,21.957179619309674,22.254569196160055,21.21370851330092,21.411968231201172,24973100
2012-08-14,21.223621449099575,21.411967989907843,20.07371963602396,20.202587127685547,39308800
2012-08-15,20.460324957768922,21.223622440780325,20.222414422300083,21.015451431274414,47861100
2012-08-16,20.262066864629816,20.301717674662108,19.518595741762105,19.69702911376953,157565300
2012-08-17,19.835810786011894,19.905201125128816,18.834602729801478,18.884166717529297,129293400
2012-08-20,18.88416750673652,19.954765946806315,18.586779786451306,19.835811614990234,101186600
2012-08-21,19.409553766055087,19.80607134177096,18.923819499460027,18.993209838867188,70640600
2012-08-22,19.19147131894704,19.35999154030848,18.79495181639416,19.270774841308594,49892200
2012-08-23,19.33025201039348,19.558249400839806,19.19147131894704,19.270774841308594,32813700
2012-08-24,19.350072760078646,19.50867975887072,19.08242274058781,19.241029739379883,29622200
2012-08-27,19.320337772227145,19.359990476601816,18.93373335829913,18.98329734802246,20704000
2012-08-28,18.933733653098145,19.21129502506246,18.78503979086797,19.17164421081543,25417000
2012-08-29,19.15181525467478,19.21129241333206,18.90399155440053,18.933731079101562,16124700
2012-08-30,19.10225388675654,19.280687277907607,18.894080966831943,18.92382049560547,30647500
2012-08-31,18.517387982546335,18.537214333198794,17.873046712300358,17.90278434753418,58764200
2012-09-04,17.922610459690798,18.1109570068931,17.397223518861157,17.57565689086914,46622400
2012-09-05,18.11095778573269,18.586778871052864,18.021741095892043,18.418258666992188,60781800
2012-09-06,18.576866286867457,19.09234009108134,18.557039934995004,18.794950485229492,46066500
2012-09-07,18.933733598153538,19.250947674189383,18.616519522117695,18.814777374267578,36371700
2012-09-10,18.89408113695503,19.03286371506938,18.38852048772326,18.646257400512695,24797800
2012-09-11,18.75529981109439,19.409554301769603,18.685909469772017,19.260860443115234,50508200
2012-09-12,20.579282524324967,20.975800109517696,20.10346142209369,20.747802734375,121584000
2012-09-13,20.77754021694375,21.293014019231162,20.430588514197385,20.52971649169922,65041600
2012-09-14,20.946061409539734,21.887792365998394,20.718064025384923,21.808488845825195,72819800
2012-09-17,22.47265513766383,22.551958652901376,21.312840045599103,21.332666397094727,50667600
2012-09-18,21.41197066048979,21.788661898343904,21.183973282558483,21.67962074279785,36760500
2012-09-19,21.798574778998894,23.166562809536224,21.5804905801175,23.08725929260254,78782800
2012-09-20,22.819607685188366,23.037691869459838,22.343786615462502,22.39335060119629,57248900
2012-09-21,22.77004235482287,23.03769242199227,22.40326431380842,22.661001205444336,51218100
2012-09-24,21.590403877087116,21.788661725160036,20.18276502556591,20.60902214050293,79106500
2012-09-25,21.01545165284113,21.025362937521738,20.0439812593367,20.10346031188965,46291700
2012-09-26,19.974592342347012,20.599109203343502,19.627638740765075,20.440502166748047,38271900
2012-09-27,20.807275904632096,20.817189078701787,19.984501364294143,20.143108367919922,30215900
2012-09-28,20.390937229787273,21.758925347164713,20.32154688440851,21.47144889831543,65486000
2012-10-01,21.88779305432413,22.3933537203565,21.540839433626015,21.79857635498047,51262700
2012-10-02,21.88778909409032,22.294219810565576,21.630052219369095,22.076135635375977,29341400
2012-10-03,22.10587682197556,22.29422339353091,21.61022934264207,21.639968872070312,32000100
2012-10-04,22.125702549779373,22.205006068602252,21.223624314139705,21.75892448425293,46892100
2012-10-05,21.302928761909314,21.441709453214845,20.698238222800743,20.727977752685547,40529300
2012-10-08,20.222412109375,20.569365642947133,19.984501601117017,20.222412109375,32236700
2012-10-09,20.212502987622063,20.37111002492674,19.796159042011023,20.053895950317383,27161800
2012-10-10,19.756510667269573,19.76642384466816,19.28068949660889,19.46903419494629,39321800
2012-10-11,19.70694100156834,19.78624451480573,19.439292826107703,19.578073501586914,21817300
2012-10-12,19.578074045969053,19.627638034091248,19.310423972321324,19.35007667541504,18809400
2012-10-15,19.5086837063,19.70694154953373,19.32033714809475,19.35007667541504,20189700
2012-10-16,19.50868647414341,19.518599651323296,19.131993304288628,19.310426712036133,21834700
2012-10-17,19.330252248786202,20.301720882382263,19.20138473238882,19.70694351196289,44074500
2012-10-18,19.528510936093262,19.617727631321475,18.72556067903937,18.814777374267578,52157400
2012-10-19,18.83460235595703,18.89407951819885,18.636342627491103,18.83460235595703,34835000
2012-10-22,19.03286299162375,19.260860366705625,18.88416724281428,19.151817321777344,32447300
2012-10-23,19.082426071166992,19.627637488330947,18.933732220189995,19.330249786376953,78381200
2012-10-24,23.919947563739825,24.038903795894807,22.651091171394242,23.027782440185547,228949900
2012-10-25,23.087259865734346,23.10708432740116,22.27439643355382,22.36361312866211,76142000
2012-10-26,22.20500871566129,22.68082988532122,21.689534836490402,21.749013900756836,73175800
2012-10-31,20.63875689950619,21.312837648585255,20.54954021855486,20.926233291625977,99378200
2012-11-01,20.89649641704278,21.253363186092656,20.82710607655974,21.02536392211914,37713900
2012-11-02,21.074928052025676,21.501185126172718,20.88658150724667,20.995624542236328,38344400
2012-11-05,20.916321941869683,21.29301315706107,20.737888564399327,21.06501579284668,31806700
2012-11-06,21.055102388376593,21.183971777701473,20.807278675861692,20.9857120513916,29062700
2012-11-07,20.668498375991916,20.767628240941107,20.19267729312971,20.291805267333984,33396800
2012-11-08,20.341373658936558,20.54954469938489,19.806073456506315,19.81598663330078,34254600
2012-11-09,19.786245378523667,19.82589808224575,18.96347068374027,19.042774200439453,42295500
2012-11-12,18.983297077959175,19.994418336188645,18.705735714265195,19.895288467407227,67349200
2012-11-13,19.439291023348858,19.934938407803486,19.38972515045656,19.687114715576172,71775100
2012-11-14,19.925027154388673,22.30413445101458,19.756506951795654,22.165353775024414,229751000
2012-11-15,22.145527112454037,22.304134137281782,21.46153313616883,21.977006912231445,78857700
2012-11-16,22.05631036108879,23.721686007726138,21.986920024269715,23.35490608215332,107182200
2012-11-19,23.75142571348691,23.910034642428403,22.621350093650918,22.72047996520996,85021300
2012-11-20,22.532132487097613,23.691947588720613,22.50239485035405,22.89891242980957,46655300
2012-11-21,23.017868680693077,24.316466461641248,22.849348459006794,24.108293533325195,89862400
2012-11-23,24.366025650370677,24.465155506656323,23.67211854711589,23.791074752807617,29520900
2012-11-26,24.722896490454588,25.862885300565512,24.594027088616663,25.714191436767578,123865000
2012-11-27,25.813318320790117,26.269313035739774,25.238365503383406,25.922359466552734,85760600
2012-11-28,25.714189299900994,26.259400718767676,25.525842746344637,26.13053321838379,49205600
2012-11-29,26.269316547827398,27.280437864956557,25.932276108784343,27.082178115844727,88759700
2012-11-30,27.022701847263825,27.75625991821289,26.52705434872431,27.75625991821289,127049600
2012-12-03,27.756255242739734,28.62859386129811,26.745134062261165,26.80461311340332,123526100
2012-12-04,26.82443546494251,27.518342547775706,26.447744291036717,27.2209529876709,72869200
2012-12-05,27.508433220769245,27.65712707624603,27.022698951147756,27.468780517578125,58976300
2012-12-06,27.439044158596914,27.508434501667498,26.586529907741056,26.7352237701416,46001500
2012-12-07,26.834350376400508,27.53817067920484,26.606353022416,27.250694274902344,51751900
2012-12-10,26.933479137751394,27.924773913685204,26.864088805955184,27.597646713256836,50608500
2012-12-11,27.825647814965844,27.994168025258006,27.419217053216222,27.736431121826172,77099100
2012-12-12,27.75625439881415,27.895035065769893,27.131739506768536,27.33991050720215,46704200
2012-12-13,27.349826030725293,28.49972794616306,27.191219000371458,27.99416732788086,81051600
2012-12-14,27.934691160143842,28.083385020058845,26.527052297508117,26.576616287231445,91631600
2012-12-17,26.536963878461393,26.76496124267578,26.090880434785504,26.51713752746582,57742500
2012-12-18,26.725309349449226,27.66704025204381,26.6658321854075,27.468780517578125,60512900
2012-12-19,27.587736364972333,27.974340762155833,26.71539770470715,27.1713924407959,61390300
2012-12-20,27.250697496004076,27.3597405437314,26.89383071489285,27.121829986572266,35574800
2012-12-21,26.42791820724686,26.774871752142886,25.892620018881466,26.031400680541992,54555200
2012-12-24,26.269316667747947,26.725311445743657,25.97192893346771,26.695573806762695,28230100
2012-12-26,26.794700071086435,26.94339391818951,26.150356915731702,26.279226303100586,33175400
2012-12-27,26.318878181022527,26.566701899829688,25.297845669613775,25.823230743408203,43481700
2012-12-28,25.25819304928085,25.88270988152531,24.93106581502016,25.684450149536133,56574800
2012-12-31,25.971927394025794,26.75504938960958,25.88271070088087,26.38827133178711,60374500
2013-01-02,27.201135249257277,27.934693320206343,27.18130889553686,27.75625991821289,69846400
2013-01-03,27.637302343364585,28.22216651447435,27.34982779137143,27.528261184692383,63140600
2013-01-04,27.766168612214656,28.678159937915826,27.58773523902934,28.509639739990234,72715400
2013-01-07,28.440253584391815,29.53067844356146,28.400600877524315,29.163898468017578,83781800
2013-01-08,29.25311125565064,29.342327943426277,28.60876998118373,28.80702781677246,45871300
2013-01-09,29.411720004024726,30.333624571235777,29.23328661801678,30.323711395263672,104787700
2013-01-10,30.333623486293703,31.176224506335597,30.01640942951203,31.027528762817383,95316400
2013-01-11,31.007705953206507,31.681784914383694,30.829272564080625,31.44387435913086,89598000
2013-01-14,31.80074056234388,31.92960617000604,30.35344910001209,30.68057632446289,98892800
2013-01-15,30.373272769534697,31.43395792755055,29.61988847721857,29.837974548339844,173242600
2013-01-16,29.947015683563876,30.085798244436095,29.27293679241308,29.590150833129883,75332700
2013-01-17,29.81814925698802,30.15518966001257,29.768585270379365,29.877626419067383,40256700
2013-01-18,30.046149118233483,30.175018519320375,29.01520336326361,29.40180778503418,49631500
2013-01-22,29.49102158910136,30.6210971054605,29.481108413778664,30.46249008178711,55243300
2013-01-23,30.829271471432325,31.225789049467043,30.53188186984757,30.551708221435547,48899800
2013-01-24,30.997789062844756,31.215873239675656,30.541792468523138,30.8094425201416,43845100
2013-01-25,31.136570599882585,31.652044367593025,30.85900736555892,31.265439987182617,54363600
2013-01-28,31.602477619204222,32.226992515765005,31.533087285224667,32.18734359741211,59682500
2013-01-29,31.721436665248493,31.79082700543453,30.44266534212308,30.521970748901367,72976500
2013-01-30,30.710313122520105,31.215873708477023,30.611183262201035,30.968050003051758,87682100
2013-01-31,28.89624430907232,31.196048043409178,28.489813574508215,30.71031379699707,190744900
2013-02-01,30.74005330032545,30.749966475642257,29.372065358524072,29.471195220947266,85856700
2013-02-04,28.807030182771335,28.945812758901397,27.766171260893543,27.86530113220215,92362200
2013-02-05,28.013992913699006,28.707898179845373,27.795908725609273,28.390684127807617,47948200
2013-02-06,28.48981444447607,29.035027759481515,28.410510930206453,28.797115325927734,38375900
2013-02-07,28.856593225523035,28.896244035699485,28.023905413624245,28.400596618652344,34540100
2013-02-08,28.638510233979883,28.91607349806538,28.26181898841283,28.301469802856445,37708800
2013-02-11,28.36094974247613,28.43034008796882,27.795911911184113,28.013996124267578,37361800
2013-02-12,27.429132121922137,27.91486643434184,26.86409428687769,27.131744384765625,93498700
2013-02-13,27.121830314819363,28.07347255497335,27.072264433095683,27.667041778564453,50164000
2013-02-14,27.776082454511197,28.38077103391697,27.76616927901341,28.251903533935547,35615800
2013-02-15,28.27173080424872,28.499728175876943,27.845473697707714,28.073471069335938,33109300
2013-02-19,27.984252576947416,28.826853559988955,27.875211431432515,28.678159713745117,49396400
2013-02-20,28.668250233994698,28.797117746485515,28.083386058065823,28.21225357055664,42098200
2013-02-21,28.03381919323411,28.301467367243696,26.913654947740895,27.042524337768555,49642300
2013-02-22,27.379565502261922,27.389476787237054,26.586528461360675,26.893829345703125,36350200
2013-02-25,26.923570704677594,27.399391827145088,26.913657528283053,27.03261375427246,34652000
2013-02-26,27.12182791609873,27.220955889288856,26.467573461170463,27.151565551757812,31611700
2013-02-27,27.102002973737974,27.102002973737974,26.39818260489002,26.63609504699707,44319700
2013-02-28,26.606354216200998,27.062348944629775,26.110706785781076,27.012784957885742,83027800
2013-03-01,26.81452322943447,27.87521023964652,26.576612707467064,27.538169860839844,54064800
2013-03-04,27.518349530827564,27.815737275652747,27.201135432148657,27.478696823120117,32400700
2013-03-05,27.637300433367923,27.934690031932124,26.973132787876285,27.28043556213379,40622200
2013-03-06,27.85538558404465,27.885123219383477,27.111914448655973,27.211044311523438,33532600
2013-03-07,27.330001070931985,28.43033905444449,27.23087119922675,28.331209182739258,74540200
2013-03-08,28.18251792025436,28.222168738147023,27.48861064505319,27.71660804748535,44198900
2013-03-11,27.766167299246074,28.39068218511862,27.587733934498274,27.895034790039062,35642100
2013-03-12,27.855388124033695,28.073472329632192,27.359740655245712,27.587738037109375,27569600
2013-03-13,27.37956706647578,27.409304704589985,26.6856598523869,26.844266891479492,39619500
2013-03-14,26.864090273800638,27.19121749210313,26.596440215895456,26.80461311340332,27646400
2013-03-15,26.794701926528298,26.824439563561235,26.328792111732522,26.41800880432129,31597400
2013-03-18,26.140445095117638,26.556788992914278,25.5555810031951,26.2593994140625,26653700
2013-03-19,26.299051807383176,26.66582982571968,25.98183588215986,26.318876266479492,25254200
2013-03-20,26.447747273921053,26.457660449450394,25.555582274474016,25.634885787963867,44006500
2013-03-21,25.436624758995364,25.88270818129542,25.337494899512595,25.515928268432617,24336100
2013-03-22,25.575408026401394,25.783580941540997,25.40688781538171,25.506017684936523,18456300
2013-03-25,25.525845238956332,25.575409230695108,24.8616775396333,24.91124153137207,39199000
2013-03-26,24.861673963697452,25.258191512810487,24.81210997908763,24.990541458129883,26957200
2013-03-27,24.78237108362989,26.05122916377989,24.504807846825084,25.862882614135742,52297400
2013-03-28,25.8628852487152,25.94218876863145,25.297847432968805,25.357324600219727,28585700
2013-04-01,25.40689013385169,25.66462706191562,25.059938394866755,25.307762145996094,22249300
2013-04-02,25.5456687862616,25.892622362562264,25.079758995809755,25.198715209960938,35153300
2013-04-03,25.60514430303232,26.160268855003995,25.47627681249675,26.021488189697266,48195200
2013-04-04,26.388269049538238,26.992957606534326,25.882708462356547,26.8343505859375,82016800
2013-04-05,26.626180487168536,27.557996292220984,26.378356772703437,27.151565551757812,64566600
2013-04-08,26.953308571607234,26.963221747390413,26.398182072218965,26.616268157958984,27256000
2013-04-09,26.348616869229538,26.655917741359968,26.190009845501258,26.358530044555664,21311100
2013-04-10,26.77487531250216,27.597649998851576,26.66583226912918,27.329999923706055,45949400
2013-04-11,27.240784720363745,27.855388420121574,27.012787336076595,27.776084899902344,33368500
2013-04-12,27.756257269591412,27.756257269591412,27.002872916813104,27.161479949951172,28697400
2013-04-15,26.923570773555618,27.240784856012137,26.130535567414316,26.289142608642578,30275400
2013-04-16,26.576616361977315,26.874005973388734,26.170185594718895,26.685659408569336,27365900
2013-04-17,26.418012084293988,26.963225483444443,26.1602751504539,26.39818572998047,26440600
2013-04-18,26.58652619741301,26.58652619741301,24.931063808029055,25.46636390686035,39059000
2013-04-19,25.39697653009673,25.73401506139109,25.109500097462277,25.506017684936523,20380900
2013-04-22,25.585319974575082,26.1305332855889,25.476278824968244,25.743927001953125,25687600
2013-04-23,25.991750027539663,26.100793064992313,25.54566848392809,25.75383949279785,25191500
2013-04-24,25.70427612514088,26.17018403053643,25.575406734008236,25.882709503173828,19729900
2013-04-25,25.843056638186937,26.170183865604056,25.773666300665866,25.912446975708008,17150000
2013-04-26,26.368444435614386,27.37956567655914,26.368444435614386,26.616268157958984,33018000
2013-04-29,26.92357156766591,27.17139531323776,26.626183829277746,26.74513816833496,29201100
2013-04-30,26.893831131690646,27.607564704974468,26.774876796640054,27.528261184692383,36245700
2013-05-01,27.607565198797058,27.67695554394195,27.072265009259162,27.191221237182617,64567600
2013-05-02,27.76616942076562,28.767377462214633,27.736429894120437,28.717811584472656,104257000
2013-05-03,28.787203348532646,28.8169409839528,27.904949646418835,28.063556671142578,58506400
2013-05-06,28.083384269998103,28.21225177428393,27.24078323199088,27.329999923706055,43939400
2013-05-07,27.310170622066167,27.60756019257506,26.616265405701593,26.655916213989258,41259100
2013-05-08,26.646006320207377,27.06235025758929,26.418008944931447,26.88391876220703,34654900
2013-05-09,26.84426392341992,27.310171812897764,26.616266566276174,26.80461311340332,33457200
2013-05-10,26.903746810246794,27.06235386556218,26.338708939342574,26.447751998901367,30847100
2013-05-13,26.3684483652775,27.092093288589012,26.29905801519903,26.586532592773438,29068800
2013-05-14,26.655917215079864,27.04252348218635,26.586526879911855,26.8343505859375,24930300
2013-05-15,26.68565657462259,26.755046909359343,26.170182815514107,26.36844253540039,30299800
2013-05-16,26.249488072383755,26.31887841173886,25.674537115340808,25.90253448486328,35499100
2013-05-17,26.170182029775155,26.368441743708846,25.971924206586223,26.021488189697266,29462700
2013-05-20,25.95209906349041,25.96201223872241,25.46636482159156,25.535755157470703,42402900
2013-05-21,25.644801264983688,25.852972297547495,25.367237997486868,25.436628341674805,26261300
2013-05-22,25.42671132322271,25.624971040155103,24.703066570685618,24.940977096557617,45314500
2013-05-23,24.584111485919806,25.30775816227377,24.55437385054223,24.841848373413086,37663100
2013-05-24,24.75263167626638,24.75263167626638,23.8703798665001,24.098377227783203,58727900
2013-05-28,24.32637368847407,24.32637368847407,23.71177012125024,23.89020347595215,50079700
2013-05-29,23.582902686626266,23.602727144388417,23.057515795663672,23.116992950439453,64237800
2013-05-30,23.91994265383555,24.564285785401374,23.72168482859934,24.336286544799805,60733200
2013-05-31,24.415592365628964,24.732808319393428,24.0587274901045,24.138031005859375,35925000
2013-06-03,24.058725565178708,24.108289549530557,23.503599108564984,23.64238166809082,35733800
2013-06-04,23.6820361042857,23.72168881043577,23.116998276862898,23.315258026123047,34760800
2013-06-05,23.146738487100283,23.503603399218953,22.59161381989168,22.700654983520508,53819700
2013-06-06,22.789870679566224,22.88900055274114,22.472656598002537,22.770044326782227,31260700
2013-06-07,22.82952238988181,23.19630044667074,22.661002180054602,23.08725929260254,38699200
2013-06-10,23.850555934265092,24.385856114074752,23.781165590381264,24.118206024169922,58393000
2013-06-11,23.820816040039062,24.138030091036264,23.791076513728743,23.820816040039062,29885900
2013-06-12,23.949684233501323,24.04881409999783,23.374733276715503,23.563079833984375,26445800
2013-06-13,23.513514787182,23.62255783326018,23.067433208284463,23.523427963256836,31189300
2013-06-14,23.3549088949361,23.682036158441854,23.057521161110905,23.424299240112305,30677100
2013-06-17,23.70185860838575,24.03889899294853,23.543251591032064,23.810901641845703,33664500
2013-06-18,23.880294176034806,24.475071491289032,23.870381000193657,23.999248504638672,36709100
2013-06-19,23.98933608019926,24.970717752924017,23.890206217240774,24.098377227783203,31790600
2013-06-20,24.068637185741352,24.534545037090748,23.44412043507111,23.691944122314453,42765600
2013-06-21,24.3759406323422,24.4849836714155,23.840640503158603,24.316463470458984,45833900
2013-06-24,23.741509167075723,23.90011617012615,23.176469591620872,23.731595993041992,40626000
2013-06-25,23.92985733563546,24.217333752836566,23.830729362147395,24.03890037536621,24713200
2013-06-26,24.296639664101562,24.435420353278136,23.781165831809876,23.94968605041504,29890300
2013-06-27,24.028989523393328,24.62376687555924,23.999249994024254,24.44533348083496,34694100
2013-06-28,24.46515995826117,24.76254769048512,24.207423041319377,24.66341781616211,96778900
2013-07-01,24.752633602328984,24.8418502968593,24.405681891094442,24.594026565551758,20582200
2013-07-02,24.48498621090884,24.554376555426984,24.088466715242152,24.197509765625,18394100
2013-07-03,24.00916138033244,24.494895646006643,23.93977104105683,24.306550979614258,10404400
2013-07-05,24.435421190104737,24.445334366920424,23.98933957786971,24.157859802246094,20229500
2013-07-08,24.25698538727264,24.822025065352364,24.207421398846595,24.494895935058594,27064600
2013-07-09,24.85176320600825,25.268107145761768,24.81211239261244,25.258193969726562,30387900
2013-07-10,25.35732094520097,25.605144645560927,25.24827791200426,25.57540512084961,26721800
2013-07-11,25.73401336821936,25.773666069730332,25.2284546591686,25.58531951904297,26777400
2013-07-12,25.51592994456881,25.704276500884035,25.327583388253583,25.684450149536133,16537900
2013-07-15,25.704277781384686,26.19992524530419,25.426714520921553,26.051231384277344,24234000
2013-07-16,26.160269775402345,26.517136516740752,25.783578574568892,26.090879440307617,30817600
2013-07-17,26.140447441373997,26.546878200613943,26.071055209892197,26.41800880432129,21518500
2013-07-18,26.517140492471874,26.536966845684322,25.89262549224057,25.952102661132812,24806900
2013-07-19,25.595233606013416,25.882710029972014,25.377149412170475,25.65471076965332,46539700
2013-07-22,25.763753580303064,25.9025342577967,25.49610351021255,25.823230743408203,27526300
2013-07-23,25.87279684842249,26.07105469075923,25.743927454695914,25.90253448486328,28221600
2013-07-24,26.090879755039442,26.299052653579622,25.823229695806997,26.279226303100586,82635600
2013-07-25,33.248032481615354,34.5763678239673,32.4649085882645,34.06089401245117,365457900
2013-07-26,33.47602720803205,34.4276693470864,33.26785619914324,33.71393585205078,136028900
2013-07-29,33.773420230866535,35.319841786863506,33.71394116973539,35.12158203125,124718800
2013-07-30,35.33966930954723,37.62955840723226,35.012540134740554,37.302433013916016,173582800
2013-07-31,37.62955436403796,37.97650985593141,36.01374636245628,36.479652404785156,154828700
2013-08-01,36.97529825073098,37.956681845336085,36.59860513768671,37.16364669799805,106066500
2013-08-02,37.332164678955294,38.15494123674377,37.173557650904364,37.71876907348633,73058500
2013-08-05,38.095463962489205,38.97771583357293,37.91703057491159,38.848846435546875,79994800
2013-08-06,38.76954686286982,38.90832755356384,37.60972978215938,38.214420318603516,63950800
2013-08-07,38.2738964611504,38.601021809785145,37.371818258898934,38.53163146972656,68854800
2013-08-08,38.7893700560388,38.848845329210924,38.09546287760805,38.204505920410156,41301000
2013-08-09,38.25406883106916,38.40276457279106,37.67911599666695,38.164852142333984,43532300
2013-08-12,37.8674684162099,38.16485614938762,37.768336650823876,37.88729476928711,31161000
2013-08-13,37.90711966835062,37.98642129612745,36.44991491573699,36.69773864746094,65379200
2013-08-14,36.50939270322452,37.22312245435927,36.30121790188239,36.33095932006836,48423900
2013-08-15,36.04348524738709,36.74730375941327,35.706444810692986,36.24174499511719,56521100
2013-08-16,36.64817436111124,37.163648172708214,36.57878401930876,36.75721740722656,45840800
2013-08-19,37.10416854165965,37.946767697064445,36.81669211207826,37.48086166381836,57609600
2013-08-20,38.01615495196535,38.2441560889813,37.36190052000171,38.07563400268555,57995200
2013-08-21,38.04589873215046,38.51180475652855,37.81790136245696,37.986419677734375,46116900
2013-08-22,38.03598692157114,38.41268006880507,38.00624928256248,38.214420318603516,21931200
2013-08-23,38.66049626437179,40.27630780808438,38.59110593257028,40.19700241088867,86442300
2013-08-26,40.54396841755993,41.574912379352426,40.26640323652809,40.98013687133789,94162400
2013-08-27,40.32587711512595,40.84135092049165,39.0768434148002,39.29492950439453,72695100
2013-08-28,39.61213834178347,40.49439008739364,39.53283672607723,40.19700241088867,57918200
2013-08-29,40.53404231437325,41.416294049718324,40.44482563431087,40.92064666748047,58303400
2013-08-30,41.65420966030882,41.89211830444438,40.702567520787134,40.930564880371094,67735100
2013-09-03,41.475774603610894,41.79298863724738,41.14864550433539,41.50551223754883,48774900
2013-09-04,41.64429527591355,41.80290230176329,41.079257509980735,41.416297912597656,42581900
2013-09-05,41.42621358918155,42.3976821095112,41.406387237971984,42.288639068603516,50035400
2013-09-06,42.714895337354754,44.221663966646744,42.03090325059625,43.56740951538086,117535700
2013-09-09,43.97384171579782,44.40009881898488,43.31958724277651,43.6566276550293,75794700
2013-09-10,43.854883197377745,43.87470576547778,42.85367334129746,43.22045135498047,54540300
2013-09-11,43.01228444346604,44.697486503807745,42.73472308581795,44.64792251586914,72328300
2013-09-12,45.13365186336737,45.222868548266526,44.26131514600848,44.360443115234375,68072300
2013-09-13,44.64792308050412,44.687575783952425,43.54758513949836,43.924278259277344,52765300
2013-09-16,44.45957225621299,44.5487889434635,42.06064054801663,42.13994216918945,70424200
2013-09-17,42.130037842271115,45.044443804611696,42.0606474942266,44.67766571044922,91934600
2013-09-18,44.44966117791499,45.07417799156693,44.01349280571587,44.836265563964844,79317000
2013-09-19,45.11382880827504,45.64912895676759,44.83626744897812,45.57973861694336,63972400
2013-09-20,45.91677833556244,47.1856345662617,45.34182927408554,47.076595306396484,115508400
2013-09-23,46.8684181932251,47.1360682501953,45.88703843249068,46.77920150756836,75177000
2013-09-24,48.08771547961407,49.227706163823996,47.740763766066735,48.02824020385742,136716100
2013-09-25,48.801448271243835,49.10875105660537,48.03815073198327,49.02944564819336,87879700
2013-09-26,49.57465803168322,50.15952219454786,49.06909927872773,49.951351165771484,98220100
2013-09-27,49.8522295073785,50.83360949978202,49.42597232878205,50.79396057128906,81410500
2013-09-30,49.70352318039293,51.15081275402266,49.36648278008973,49.79273986816406,100095000
2013-10-01,49.535003273281724,50.585773360372656,49.01952951406238,49.981082916259766,98114000
2013-10-02,49.69360846667406,50.655161833534116,49.51517510344446,49.84230041503906,62834000
2013-10-03,50.030651899848124,50.27847561041763,48.63292632349571,48.75188064575195,82045000
2013-10-04,49.33674672708719,50.7146460079218,49.13848699440461,50.5956916809082,74447000
2013-10-07,50.28839029218253,50.84351680269571,49.961264938506716,50.08021926879883,57204000
2013-10-08,50.15952040564812,50.15952040564812,46.67016568687272,46.72964096069336,136081000
2013-10-09,46.96754824601822,47.42354294221997,44.86600056689016,46.362857818603516,147297000
2013-10-10,47.45327684954364,49.24752164129825,47.41362793495792,48.62300491333008,99774000
2013-10-11,48.75188164034616,49.43587373413591,48.36527724900892,48.682491302490234,58428000
2013-10-14,47.889459126487736,49.19796812328544,47.49293964440175,49.079010009765625,68781000
2013-10-15,49.554835609698344,50.55604183312619,48.75188534865932,49.06909942626953,81167000
2013-10-16,49.60439753045394,50.79395216260076,49.465616849976634,50.694820404052734,64678000
2013-10-17,50.674996776281745,51.76542348998429,50.50647844992661,51.75550842285156,71522000
2013-10-18,53.70835602591578,54.35269920001425,53.13340318976764,53.748008728027344,88260000
2013-10-21,54.204002117705905,54.33287150563741,53.04418518930184,53.3812255859375,58235000
2013-10-22,53.85705066308085,54.28330396682013,51.74559158758478,52.221412658691406,83204000
2013-10-23,51.29951210464413,51.79515956459238,50.6849103131255,51.44820785522461,57207000
2013-10-24,51.924029304886346,52.3800240634836,51.14090540545408,51.9934196472168,46775000
2013-10-25,52.717060618279184,52.77653967083298,51.428378064865065,51.49776840209961,45085000
2013-10-28,51.0913374831684,51.249944507929335,49.17813811990167,49.79273986816406,73472000
2013-10-29,50.288387066787,50.34786611886319,48.82127114898215,48.969966888427734,102143000
2013-10-30,49.56474232657001,49.772913336784065,48.32562376840576,48.58335876464844,127073000
2013-10-31,46.749473432664104,51.547341525954906,46.09521886455583,49.77292251586914,248809000
2013-11-01,50.407348009673456,51.6365554435904,49.287187409629325,49.316925048828125,95033000
2013-11-04,48.94022638795272,49.31691949517523,47.6019798338454,47.80023956298828,80371000
2013-11-05,47.37398602300645,49.74318032120978,47.09642086878662,49.673789978027344,76835000
2013-11-06,49.822481311154775,50.01082976722667,48.2859749323301,48.692405700683594,67889000
2013-11-07,48.81136425747753,49.435877343780746,46.888249663651536,47.14598846435547,97128000
2013-11-08,47.39380657532851,48.2264943731004,46.83868011631737,47.116241455078125,70731000
2013-11-11,46.63051272184821,47.116245102279386,45.331915049357065,45.79782485961914,80910000
2013-11-12,45.599567443944984,46.957640459001766,45.43104911850653,46.20425796508789,68196000
2013-11-13,45.82756175178822,48.31571401296511,45.65904343765943,48.285972595214844,79245000
2013-11-14,48.27606117630399,49.138486658870924,47.611891643576,48.56353759765625,75117000
2013-11-15,48.68249051819542,49.04926855259492,48.28597106698697,48.58335876464844,42453000
2013-11-18,48.04805530502862,48.414833285104415,45.40129649042808,45.43103790283203,85910000
2013-11-19,45.85730438972975,46.59086434324507,45.32200797120805,45.95643615722656,75602000
2013-11-20,46.204255067116776,47.13607089510361,45.90686735873714,46.025821685791016,53933000
2013-11-21,46.58094487837088,47.0468508685843,46.28355340958791,46.2934684753418,34886000
2013-11-22,46.630510613994176,46.858507975531744,45.55991036174152,45.82756042480469,40545000
2013-11-25,45.95642735204117,46.24390375046645,43.656623727618,44.429832458496094,82565000
2013-11-26,44.271235679330246,45.76808950370086,43.17089759619159,45.49052810668945,82016000
2013-11-27,45.56983042832652,46.263733873719,45.13365822666248,46.085304260253906,44993000
2013-11-29,46.34303784048365,46.79903259937786,46.095214108716355,46.600772857666016,22953900
2013-12-02,46.491730193760425,47.12615829567186,45.857298310359226,46.65033721923828,50774000
2013-12-03,46.343026573329986,46.78910993835505,45.887031925299524,46.32320022583008,32086000
2013-12-04,46.05555773494059,48.34545019537657,45.85729800902362,48.196754455566406,60890000
2013-12-05,47.73085240709676,48.276063862470096,47.45328725519629,47.91919708251953,43855000
2013-12-06,48.553626027191505,48.96005680400862,47.29468099132138,47.52267837524414,42938000
2013-12-09,47.67137707185697,48.54371773745584,47.3244253317559,48.41484832763672,36056000
2013-12-10,48.21658327244917,50.32804246570403,48.11745529516544,49.81256866455078,68479000
2013-12-11,50.10995509348763,50.328041175709835,48.58336008091187,48.95014190673828,65776000
2013-12-12,50.60559837342417,51.61671951500539,50.21899400959684,51.37881088256836,92723000
2013-12-13,51.21029324417728,53.0342759708841,50.89307918574912,52.85584259033203,82641000
2013-12-16,52.786452937050974,54.02557155059677,52.44941252290692,53.34157943725586,85119000
2013-12-17,54.28331070880811,54.69965656116765,53.767840653871836,54.382442474365234,78751000
2013-12-18,54.38243945489859,55.40347200376011,53.282101497994624,55.08625793457031,76003000
2013-12-19,53.85705197446968,54.709562384196126,53.480358865946016,54.57078170776367,89753200
2013-12-20,54.451830192486085,54.66991628470002,53.75792299302447,54.640174865722656,239824000
2013-12-23,55.016865293512126,57.81231652482545,54.967301306302424,57.26710510253906,98297000
2013-12-24,57.76274707797563,58.070049820013764,56.414585576954686,57.4554443359375,46617800
2013-12-26,57.81231158443576,57.87179063289848,56.87058078196833,57.227447509765625,55101000
2013-12-27,56.97963636143602,57.17789611848292,54.76904895686536,54.957393646240234,60466000
2013-12-30,54.45182785859723,54.699651577676406,52.96488554412213,53.24244689941406,68307000
2013-12-31,53.64887795629993,54.382437832852936,53.44070693863254,54.17426681518555,43076200
2014-01-02,54.35270369111522,54.73930811492305,53.71827174937736,54.23374557495117,43195500
2014-01-03,54.54104340149372,55.165560219254154,54.05530725846009,54.08504867553711,38246200
2014-01-06,53.9462659698269,56.76154360196182,53.57948792022017,56.70206832885742,68852600
2014-01-07,57.19770828255356,58.04030731410542,56.72188725257835,57.41579055786133,77207400
2014-01-08,57.0985857129831,57.90153595717921,56.73180765246933,57.72310256958008,56682400
2014-01-09,58.13944135811458,58.44674032503904,56.1568517640645,56.72188949584961,92253300
2014-01-10,56.632676747719294,57.792489925707905,56.56328640962544,57.43562316894531,42449500
2014-01-13,57.40589163947228,57.74293208099002,54.89791657204005,55.423301696777344,63010900
2014-01-14,55.96850948623688,57.27701845966187,55.61164271503189,57.237369537353516,37503600
2014-01-15,57.47527633231749,58.06014045915137,56.77145787943821,57.09858322143555,33663400
2014-01-16,56.76154809046353,57.514934382273424,56.3352947340458,56.69215774536133,34541800
2014-01-17,56.801197092537954,57.31667089503219,55.581904817624455,55.80990219116211,40849200
2014-01-21,56.107279552233614,58.07004642249473,56.00815159298333,58.00065231323242,48669200
2014-01-22,58.33770423381345,58.79370276863537,56.60293813260331,57.009368896484375,61352900
2014-01-23,55.87928896493801,56.18659172608563,55.20520817251013,56.137027740478516,47951800
2014-01-24,55.6612193636137,55.92886570321767,53.92645300138252,53.976016998291016,55200700
2014-01-27,54.25357546058558,54.46174650519337,51.39864477207031,53.08384704589844,73924100
2014-01-28,53.54975062500432,54.79878052752684,53.52992427334651,54.65999984741211,48191200
2014-01-29,54.13461473482561,54.47165514984876,52.72697401979131,53.06401443481445,92995600
2014-01-30,61.57923400571922,61.95592710131231,59.93368473316795,60.54829025268555,150178900
2014-01-31,59.943600483961255,62.818353265410806,59.64620900528566,62.02531814575195,87794600
2014-02-03,62.48131527248692,63.21487514984551,60.171600161210165,60.94480895996094,74866600
2014-02-04,61.50984724488576,62.59035882759242,61.28184987368031,62.20375442504883,45985500
2014-02-05,62.193839604544564,62.610181620081235,60.73663498718681,61.648624420166016,51685100
2014-02-06,60.92497791921566,62.23348676169064,60.92497791921566,61.6188850402832,42086500
2014-02-07,61.72793601516739,64.00791360785273,61.67837202474837,63.76008987426758,60704300
2014-02-10,63.74025909672814,63.92859996717745,62.91748259204276,62.99678421020508,43666100
2014-02-11,63.195053740468104,64.4341724412616,62.79853424361812,64.28547668457031,45675600
2014-02-12,64.35485245456441,64.49363311258458,63.49243087443603,63.88894271850586,47282100
2014-02-13,63.62130106835943,66.74388122558594,63.49243546601543,66.74388122558594,61911700
2014-02-14,66.91240069504936,66.99170609617335,66.13919194153881,66.50596618652344,36694900
2014-02-18,66.35727511918807,66.95205047572016,65.4948459362802,66.71414184570312,43809900
2014-02-19,66.46632688100696,68.47865434247834,66.41675911021034,67.467529296875,62087100
2014-02-20,67.14040296753076,69.49968196850752,65.15781328379181,69.02385711669922,130928900
2014-02-21,69.08333496077402,69.35098122103815,67.85412400028544,67.99290466308594,70932400
2014-02-24,68.1416138674887,70.8181148143522,67.94335789941603,70.16385650634766,76620300
2014-02-25,70.33236617547156,70.38193394287664,68.84542390907276,69.241943359375,52077000
2014-02-26,69.57899382436207,70.60002639611078,68.25065468030537,68.65708923339844,55322700
2014-02-27,68.73637851189673,69.40055178262254,68.27047630398587,68.3398666381836,41653700
2014-02-28,68.86525410065998,69.27168105441044,66.79344394160695,67.86404418945312,66783700
2014-03-03,66.37708640910972,67.45760147051953,65.93100685824794,66.82317352294922,56824100
2014-03-04,68.06230727923186,68.30021592296902,67.03135973906492,68.20108795166016,42013500
2014-03-05,69.08333658923421,71.34348750866688,69.01394625619827,70.94696807861328,74567700
2014-03-06,71.2542597655617,71.26417483011942,69.6384521396554,70.22331237792969,46026500
2014-03-07,70.46122345819761,70.5603514076773,68.86523851374797,69.19236755371094,38927000
2014-03-10,70.15393568754938,71.52192746923075,69.89620446278083,71.40296936035156,59871600
2014-03-11,71.86888607681179,71.95809899481443,69.3509959191148,69.48977661132812,59408300
2014-03-12,69.25186016131285,70.72888739865778,68.39934596883681,70.26297760009766,46340500
2014-03-13,70.66942759454287,70.72890287955394,67.55676162927512,68.23084259033203,57091000
2014-03-14,67.8937869244282,68.8256065689874,66.87275436733718,67.1304931640625,48227000
2014-03-17,67.58648646899694,68.34978021298113,66.04006884779372,68.14160919189453,52197000
2014-03-18,68.16143517788693,68.99411921156916,67.70544045996866,68.58769226074219,40827000
2014-03-19,68.56786245298795,68.68682055678202,66.8826642456255,67.64595794677734,43981000
2014-03-20,67.41797932788064,67.63606545173874,66.23833578318335,66.38703155517578,44439000
2014-03-21,66.94213183549408,67.32873617474385,65.60388546401575,66.65465545654297,59999900
2014-03-24,66.6051089043655,66.77362722769819,62.80844749951174,63.5420036315918,85696000
2014-03-25,64.32512664794922,65.6138130670214,63.22478868352083,64.32512664794922,68786000
2014-03-26,64.17643117512841,64.3846022013286,59.84447342193799,59.86429977416992,97503900
2014-03-27,59.983252420504485,61.3611555007283,57.475277546736756,60.43925094604492,112650000
2014-03-28,60.80602229913444,61.41071272338051,58.823432727961475,59.48759841918945,67052000
2014-03-31,60.250906912650755,60.984466852433044,59.348828643514146,59.71561050415039,53011000
2014-04-01,59.93369314677175,62.114542843187635,59.71561082417332,62.07489013671875,59291000
2014-04-02,62.659747410618365,63.353654571325805,61.66845254717625,62.174015045166016,66277000
2014-04-03,62.005497537476245,62.62009933944463,58.61527066890311,58.972137451171875,83859000
2014-04-04,59.41821058284049,59.67594935555454,55.82972436708435,56.2559814453125,125214400
2014-04-07,55.41338760999062,57.495105432001566,54.95738907228716,56.454246520996094,108488000
2014-04-08,57.1778900570445,58.198922592584246,56.67232754109516,57.683448791503906,78836000
2014-04-09,59.110912224413426,61.916274648423446,58.67474007571964,61.8667106628418,100215000
2014-04-10,62.530882123571686,62.630010097831274,58.16918318933326,58.64500427246094,114988000
2014-04-11,57.09857668003153,59.78498835434577,56.81110407347977,58.02048110961914,91452000
2014-04-14,59.56690436342645,59.92377109454865,57.27701202638535,58.377349853515625,72325000
2014-04-15,58.77387083496723,59.1604752100552,55.393555647173564,58.57561111450195,108623000
2014-04-16,59.269516981408806,59.66603263239366,57.23736339832898,59.20012664794922,78774000
2014-04-17,58.78378478651684,60.05264478617279,58.20883573071899,58.426918029785156,88040000
2014-04-21,58.942397754582466,60.706905364990234,58.63509873536075,60.706905364990234,60364000
2014-04-22,62.10463006953049,62.88775020533427,61.67837293892697,62.481319427490234,60631000
2014-04-23,62.897661733288196,62.927399370009056,60.72672349690757,60.82585525512695,95908700
2014-04-24,63.04634899648481,63.09591676264278,59.24969180484403,60.34011459350586,138769000
2014-04-25,59.44795091437317,59.487599832806794,57.06884185983451,57.20762252807617,92502000
2014-04-28,57.544667803311995,57.802406593220226,54.18417871985636,55.65129470825195,107758000
2014-04-29,55.6017300124466,57.77266443994961,55.35390629225947,57.643798828125,75557000
2014-04-30,57.07875607075509,59.32899192609923,56.662410290775654,59.25960159301758,76093000
2014-05-01,59.90394988713204,61.737843902114015,59.68586380350548,60.61768341064453,82429000
2014-05-02,60.766376989845575,61.35124113572547,59.65612775379032,59.93368911743164,54189000
2014-05-05,59.1505626902803,60.81593836348935,58.66483032479672,60.68707275390625,46057000
2014-05-06,60.449154028624264,60.61767610424783,57.98083219313955,58.02048110961914,55901000
2014-05-07,58.258399341766925,58.78378440718166,55.77024712699379,56.890411376953125,78587000
2014-05-08,56.73180949444924,58.307968615089976,56.00816463524174,56.265899658203125,61251000
2014-05-09,56.355117705686894,57.14815670932457,55.889211639763516,56.74172592163086,52584000
2014-05-12,57.47527581496667,59.378563922010414,57.47527581496667,59.309173583984375,48575000
2014-05-13,59.14065149057127,60.3599437206586,58.991955748235576,59.309173583984375,48525000
2014-05-14,59.011777480932814,59.923770651670345,58.43682847064373,58.71438980102539,47429000
2014-05-15,58.744125684600675,58.86308377821153,57.01927492362668,57.41579055786133,56814000
2014-05-16,57.80239948699307,57.941180149963536,56.811104715501784,57.514923095703125,47933000
2014-05-19,57.38605597205778,59.041520271888075,57.06884193523214,58.69456481933594,43034000
2014-05-20,58.9820400461125,59.666032090353035,57.673531224919586,58.05022430419922,53931000
2014-05-21,58.05022539801487,59.97333596685546,57.74292264577406,59.96342468261719,58992000
2014-05-22,60.40950607943489,60.94480619962807,59.87420974073142,59.9931640625,54200000
2014-05-23,59.88412125212125,60.915068795327116,59.62638625706464,60.81593704223633,38294000
2014-05-27,61.083589595318685,62.95713631803618,61.03402560749613,62.927398681640625,55682000
2014-05-28,62.83817992366752,63.581651061016146,62.07488243554416,62.95713424682617,47795000
2014-05-29,63.28426431213499,63.74026282381791,62.957135191677004,63.27435302734375,42700000
2014-05-30,63.39331326648638,63.6113955856476,62.01541388107661,62.74897003173828,45253500
2014-06-02,62.679571930644016,63.03643867609661,61.50984372343373,62.530879974365234,35996000
2014-06-03,62.07488440955237,62.86791955831181,61.777496701453806,62.32270812988281,32217000
2014-06-04,61.90636436572427,63.03643989382836,61.52967126252632,62.78861618041992,36514000
2014-06-05,63.105832906742215,63.79974009000534,62.27314504312444,62.639923095703125,47352000
2014-06-06,62.818354272603756,62.927397312334506,61.60897711379221,61.955928802490234,42442000
2014-06-09,61.85680144392168,62.788617261038006,61.25211096775977,62.33262252807617,37617000
2014-06-10,62.976958101943765,65.24702412558071,62.94722046770499,65.19745635986328,69338000
2014-06-11,64.75137984546649,65.22720470518964,64.33503782007095,65.2073745727539,44242000
2014-06-12,65.2767681295345,65.89137369469962,63.50234933800708,63.730350494384766,55730000
2014-06-13,64.13678595072287,64.40443984632445,63.27436410773784,63.93852996826172,29419000
2014-06-16,63.60148794736232,64.31521396210748,63.1950533855541,63.6312255859375,31046000
2014-06-17,63.54199832107383,64.31520709337249,63.373480011825045,63.83938980102539,27715000
2014-06-18,63.9286004447492,65.17763402817037,63.49243586936375,65.02893829345703,35570000
2014-06-19,64.89016018485229,65.00911828991248,63.65104161831528,63.7799072265625,34245000
2014-06-20,63.898877259173304,64.24582900997078,62.798539161657764,63.93852996826172,46466000
2014-06-23,63.76008644638901,65.08842551974074,63.66095847088032,64.80094909667969,34560000
2014-06-24,64.79102907804965,66.58527025545062,64.7018086128254,65.14789581298828,57335000
2014-06-25,65.00911168744247,66.89257322988607,64.9991966222829,66.85292053222656,44308000
2014-06-26,67.40806079149091,67.40806079149091,66.31763779128352,66.5456314086914,47714000
2014-06-27,66.72405161108449,67.11065598409077,66.25814183772329,67.01152801513672,46461000
2014-06-30,66.8727572200037,67.32875199490496,66.54562806747224,66.70423889160156,27102800
2014-07-01,66.9917119743393,67.84422620377741,66.80336352088808,67.467529296875,33243000
2014-07-02,67.44770672727608,67.70544552205814,65.21729317503672,65.87154388427734,41895000
2014-07-03,66.2779818573755,66.41676254721183,65.18755891024122,65.71294403076172,25203200
2014-07-07,65.72285145475065,65.99049773602883,64.55312323146406,64.72164154052734,28745000
2014-07-08,64.49363852188237,64.98928593151992,61.6684497995443,62.213661193847656,68926000
2014-07-09,62.857997826134785,64.55311466539297,62.60026286368312,64.4044189453125,51432000
2014-07-10,62.758869121365024,64.77119238051573,62.5011303804866,64.30529022216797,44422000
2014-07-11,64.71173433121916,66.01032831975259,64.22600191430656,65.76250457763672,39212000
2014-07-14,66.54561300147576,67.5765604359677,66.31761944713328,67.30891418457031,38537000
2014-07-15,67.36838986829191,67.4972554622891,65.68319182934354,66.58526611328125,44213200
2014-07-16,66.95204868159207,67.34856809631418,66.48613893651701,67.07100677490234,29541600
2014-07-17,66.44648418045513,67.25934555211525,65.46510452072636,65.8318862915039,38188000
2014-07-18,66.2184939037049,67.86403929518238,65.58406585361972,67.82438659667969,42456000
2014-07-21,68.21099999321954,69.35099064657093,67.90370099282167,68.79586791992188,49539000
2014-07-22,69.15273211822796,69.16263962156388,68.01274150728509,68.6669921875,40398000
2014-07-23,69.13290812766087,70.70907104076652,69.00404250602796,70.66941833496094,78435000
2014-07-24,75.29875814268155,76.07196693864991,73.86138359253319,74.3272933959961,124168000
2014-07-25,74.33719792003076,75.01127871362357,74.01007637075645,74.53546142578125,45917000
2014-07-28,74.51563836971734,74.84276751303524,73.20712935942586,74.26781463623047,41725000
2014-07-29,74.06954632074839,74.26780224927919,72.78086009636152,73.0683364868164,41324000
2014-07-30,73.56398980824169,74.53546208759643,73.48468440523732,74.02989959716797,36853000
2014-07-31,73.35581699577028,73.52433530078066,71.80939949006688,72.01757049560547,43992000
2014-08-01,71.59130662308768,72.58260135325952,70.92714096898739,71.73008728027344,43535000
2014-08-04,71.7300960778112,73.2368609247632,71.7300960778112,72.87008666992188,30777000
2014-08-05,72.56278303773415,72.94938744040807,71.55166557604385,72.0572280883789,34986000
2014-08-06,71.3930621896998,73.07826821845734,71.16506857619076,71.83914947509766,30986000
2014-08-07,72.36452459705598,73.35581945454989,72.06713311461597,72.53304290771484,38141000
2014-08-08,72.76105546764266,72.79079310795609,71.92836372396299,72.42401123046875,27202000
2014-08-11,72.82052752772672,73.26661480164182,72.42400802746234,72.80070495605469,24591000
2014-08-12,72.45373799424938,72.69165420700304,71.59131630270113,72.19600677490234,27419000
2014-08-13,72.48347966658329,73.60364008595971,72.41408933198439,73.12781524658203,29266000
2014-08-14,73.32607677599184,73.73250370686347,73.04851544505921,73.65320587158203,22207000
2014-08-15,73.6730478235955,74.00017700525585,72.36453865993509,72.98905181884766,38846600
2014-08-18,73.35582110864037,74.0695546322066,73.31616840588894,73.94068145751953,23974000
2014-08-19,74.15876529331128,74.92206656292504,73.86138137615927,74.63459014892578,26679000
2014-08-20,74.31737086582888,74.52554186206903,73.97041920542864,74.15876007080078,22917000
2014-08-21,74.26780432725872,74.5354581575409,73.76224942646631,73.92085266113281,20102000
2014-08-22,73.69285153026203,74.07946345877842,72.92955786478507,73.92085266113281,20897000
2014-08-25,74.28764551173255,74.62468216240859,74.13894975756008,74.366943359375,19734000
2014-08-26,74.34710973401677,75.32848946487164,74.07946346668511,75.29875183105469,23993000
2014-08-27,74.61475951546996,74.83284559103757,73.81181311267963,73.98033142089844,36323000
2014-08-28,73.35582169487421,73.78207879913388,73.08817540288781,73.217041015625,21947000
2014-08-29,73.65321588030379,74.16868591308594,73.36573944477871,74.16868591308594,26241000
2014-09-02,74.35702873624145,76.03231188811537,74.16868029479038,76.01248931884766,34979000
2014-09-03,76.46849297039377,76.80553719113485,74.94189781722858,75.1698989868164,32389000
2014-09-04,75.229365976384,76.26031353362767,74.87249922337737,75.2888412475586,26676000
2014-09-05,75.437534860586,76.70639102971656,74.94188744683315,76.58744049072266,29476000
2014-09-08,76.58743163364493,77.48950588960399,76.33960795542848,77.21194458007812,28183000
2014-09-09,76.91456051410258,77.48951331779489,75.53666133617116,76.00257110595703,28882000
2014-09-10,75.85388417640868,77.27143621874612,75.84397667252483,76.75596618652344,29909000
2014-09-11,76.45858286764053,77.67787908107863,76.37928501318233,77.24170684814453,32219000
2014-09-12,77.34082696858556,77.61839590137814,76.4288374497788,76.80553436279297,26676800
2014-09-15,76.47840619887326,76.57753418036182,72.7907878088489,73.93077850341797,49679000
2014-09-16,72.87999692098629,75.56641272594565,72.43391724607056,75.41771697998047,37742000
2014-09-17,75.29876908391651,76.57754057189814,74.91216462975704,75.76467895507812,28693000
2014-09-18,76.10170313896379,76.65683340386022,75.85387942375382,76.32970428466797,23031000
2014-09-19,76.7262261229005,77.61839303794186,75.77458393451631,77.2317886352539,76671000
2014-09-22,76.32970278145064,76.85508783727222,75.28884017287544,76.1314468383789,31961000
2014-09-23,75.66554517095932,77.94551901281798,75.37806872857665,77.60848236083984,36814000
2014-09-24,77.42012818905239,77.9356057590823,76.83526784330348,77.8563003540039,30680000
2014-09-25,77.91578248128619,78.2528267010324,76.45857767743061,76.54779815673828,37533000
2014-09-26,76.91457507352366,78.15369381794554,76.65684382002996,78.10413360595703,28872000
2014-09-29,77.43995725148125,78.51054995332379,77.23178623826243,78.31229400634766,34031000
2014-09-30,78.65925060500979,79.01611738222637,77.91577941297193,78.3519515991211,35899000
2014-10-01,78.09422012428071,78.13387283246514,75.23929320182876,75.88363647460938,55090000
2014-10-02,75.9034493299178,76.8055313089207,74.9815447808508,76.40901184082031,36488000
2014-10-03,77.08308316339705,77.38046705557024,76.58743578012954,76.765869140625,23340000
2014-10-06,76.51805999650863,77.21196343981565,76.1810157790593,76.88483428955078,25729000
2014-10-07,76.37927121335713,77.27143052792289,75.57631724207663,75.62588500976562,25317000
2014-10-08,75.51684517178559,77.03352514640267,74.44624487335713,76.84517669677734,32976000
2014-10-09,76.60726807587787,77.08309295194896,75.18971607720295,75.24919891357422,32487000
2014-10-10,74.93197738575259,75.83405936926435,72.12661858440134,72.27531433105469,52146000
2014-10-13,72.59252283001804,74.1290252597107,71.88869685400857,72.35460662841797,43938000
2014-10-14,73.35582112775292,73.53425450869096,71.42279913674051,72.94938659667969,50299000
2014-10-15,71.06593554326263,73.15756843857527,69.70785877429799,72.57270050048828,61528000
2014-10-16,70.17377769119268,72.71149060605931,69.96560663767451,71.99775695800781,53529000
2014-10-17,73.58382044905746,75.33840901552378,73.1079955907221,75.2888412475586,76342000
2014-10-20,74.94188956601907,76.41891678313529,74.72380348772415,76.28013610839844,34701000
2014-10-21,76.88484422795416,78.05457272857511,76.47841717661825,78.00501251220703,32252000
2014-10-22,78.1338696305705,79.15490224479053,77.33092312093736,77.68778991699219,41862000
2014-10-23,78.68898818124742,79.92810683367752,78.32221390043536,79.34324645996094,35056000
2014-10-24,79.50185594818458,80.11646157065181,78.62951907114974,79.96776580810547,32248000
2014-10-27,80.03714861898044,80.09663145618626,79.0656838460515,79.5811538696289,30169000
2014-10-28,79.48201895897301,80.45349121014766,78.87732851381946,80.06687927246094,74212000
2014-10-29,74.79320379154,76.21075592637104,74.1290379649428,75.19963836669922,106120000
2014-10-30,74.39667855078191,74.69406245613466,72.26539319568083,73.46485900878906,83270000
2014-10-31,74.27771345782784,75.04100706231519,73.80188866589005,74.33718872070312,44544000
2014-11-03,74.8130327503131,74.86259296112709,73.05843641452441,73.23686981201172,40727000
2014-11-04,73.58382206212387,75.11040951758675,73.00886921823385,75.10050201416016,39326000
2014-11-05,75.84397217080861,76.1314485889585,73.77216197206607,74.17859649658203,35913000
2014-11-06,74.23808414429294,74.94190270758615,73.66313121214439,74.60486602783203,21383000
2014-11-07,74.73372350535247,75.19963332840028,74.36694166183014,74.94189453125,20774000
2014-11-10,74.7039736519133,74.82293174567943,73.96050258257736,74.34710693359375,21575100
2014-11-11,74.29754687673348,74.32729207549434,73.38555741886964,73.96051025390625,18715700
2014-11-12,73.63338500759374,74.48589923873872,72.89982888881086,74.0695571899414,26536600
2014-11-13,74.08939306095779,74.5850406069746,72.99896997231708,73.6036605834961,26448500
2014-11-14,73.62345900128636,74.27771717759322,73.39546544019437,74.2281494140625,19476900
2014-11-17,74.22816290219704,75.00137931369285,73.23686795528371,73.59373474121094,28701200
2014-11-18,73.80190651465088,74.14886579994374,73.25669882615414,73.69286346435547,20690500
2014-11-19,73.36573116541128,73.89111620577808,72.47356432187368,72.691650390625,25441200
2014-11-20,72.16627340907392,73.34590922444556,71.87879697388823,72.95930480957031,19154900
2014-11-21,73.85147291280455,73.85147291280455,72.86017797437765,73.10800170898438,23060400
2014-11-24,72.89982810038478,73.70277455194987,72.7114796485935,73.36573791503906,22103800
2014-11-25,73.56399690540972,75.08067696003899,73.48469149475427,74.97163391113281,32250200
2014-11-26,74.87250277048743,77.10291630095571,74.85268020014998,76.9443130493164,32695300
2014-11-28,76.99386771182516,77.58864309785378,76.55770312899317,77.02360534667969,15992000
2014-12-01,76.58744383733847,76.63700404309176,74.14885936267403,74.44624328613281,31789900
2014-12-02,74.67424260794931,75.2491954340805,74.38676619488372,74.80310821533203,16773900
2014-12-03,74.72379679745416,75.07075601621142,73.75233216127467,74.2281494140625,16689900
2014-12-04,74.17860260703507,74.89233617806583,74.01008428136954,74.58502960205078,14362800
2014-12-05,75.14015923794307,76.09180146975538,74.70398704557819,75.69528198242188,24306400
2014-12-08,75.51685279825959,76.57753813725314,74.74364391452345,75.85388946533203,25733900
2014-12-09,74.54537376405204,76.26031727587747,74.12903171944006,76.17109680175781,25358600
2014-12-10,75.98276319216455,76.8749302039337,75.40781027758216,75.51685333251953,32210500
2014-12-11,75.85387892677744,77.83646863546768,75.81423378802563,77.05335235595703,33462100
2014-12-12,76.48832289906345,78.1933438808203,76.34953464643986,77.1524887084961,28091600
2014-12-15,77.77699844227408,77.89595655523468,75.89353658345476,76.31979370117188,29396500
2014-12-16,75.5267523635636,76.7163030846916,73.94067465142086,74.03981018066406,31554600
2014-12-17,74.35703346922307,75.74484785866514,74.24799042386105,75.44745635986328,29203900
2014-12-18,76.22066425094462,77.71752166748047,75.84397491164218,77.71752166748047,34222100
2014-12-19,78.06447086928395,79.30358945451069,77.64812883976289,79.18463134765625,43335000
2014-12-22,79.38289011946351,81.17713130359176,79.30358471962887,80.74095916748047,31395800
2014-12-23,81.30599347856287,81.45468920623962,79.7001007959949,79.90827178955078,19865800
2014-12-24,80.324618043259,80.72113748379924,80.0470567037746,80.06687927246094,7685500
2014-12-26,80.31470613383392,80.57244491476125,79.80915120118135,80.07679748535156,10647400
2014-12-29,79.78931982061341,80.25522960704716,79.01611105290614,79.32341003417969,14134700
2014-12-30,79.15489328997785,79.88844937088965,78.41142214280276,78.53038024902344,14370800
2014-12-31,78.84760048695325,79.10533928915702,77.18222468414005,77.34082794189453,19935400
2015-01-02,77.89595539221699,78.24290709611357,77.02361103615712,77.76708221435547,18177500
2015-01-05,77.30118268637959,78.56012393144991,76.19092963180485,76.51805877685547,26452200
2015-01-06,76.55770660448336,76.91456580191738,74.70398246361094,75.48710632324219,27399300
2015-01-07,76.09179680266656,76.6865722156962,75.159977199033,75.48710632324219,22045300
2015-01-08,76.07196835159291,77.54900319489448,75.41771765169077,77.49943542480469,23961000
2015-01-09,77.51925768312091,77.93560728645224,76.52796278915272,77.06326293945312,21157000
2015-01-12,77.1623768919821,77.3209876764198,75.54656923115994,76.05213165283203,19190200
2015-01-13,76.55770116455535,77.40030023672344,75.18970949251431,75.78448486328125,25179600
2015-01-14,75.75473982165639,76.52794848434458,75.36813549031228,75.61595916748047,25918600
2015-01-15,75.73493717326042,75.90345550293978,72.89983295579397,73.4053955078125,34134000
2015-01-16,73.39547526196397,74.66433152316812,73.19721174428838,74.52555084228516,21791500
2015-01-20,75.06084684202307,75.64570717009784,74.16867996930102,75.5763168334961,22821600
2015-01-21,75.49701521599378,76.62709067723397,75.18970868672386,76.07196044921875,25096700
2015-01-22,76.4982123730827,77.07316513065129,76.01248007381614,76.97403717041016,19519500
2015-01-23,76.97405531281474,77.50935549985878,76.3693647809491,77.1524887084961,16746500
2015-01-26,77.3011650610302,77.78689735285157,76.61716928878694,76.8253402709961,19260800
2015-01-27,76.04223542527485,76.2107537532515,74.97163505404616,75.12033081054688,20110000
2015-01-28,76.23057506115208,76.96413112851045,75.33840818843004,75.5763168334961,53306400
2015-01-29,76.18100854294607,77.34082171501359,73.56399071536725,77.32099914550781,61293500
2015-01-30,77.32100160849458,77.47961242151156,75.09058810055724,75.24919891357422,42649500
2015-02-02,75.4474415265723,75.47717915800996,73.10798538908337,74.33718872070312,41955300
2015-02-03,74.53546606320558,74.92207046974838,73.21704202910837,74.74363708496094,26957700
2015-02-04,74.43633373367891,75.68536748107134,74.3570358860037,74.97163391113281,20277400
2015-02-05,75.05094072782693,75.31859460305834,74.55529324641506,74.95181274414062,15062600
2015-02-06,75.02118972172626,75.04101228973938,73.60363787494883,73.82172393798828,21211000
2015-02-09,73.40538020567735,74.17858891053359,72.8105972976536,73.79198455810547,16194300
2015-02-10,74.19841724749513,74.68414960136984,73.85146556615605,74.53546142578125,15811300
2015-02-11,74.43633430237811,76.08188755263969,74.37685902542225,75.84397888183594,20877400
2015-02-12,76.1909423312993,76.20085739997837,75.22938486992805,75.5664291381836,17235000
2015-02-13,75.79441445405841,75.81424458923905,74.8427721658647,75.08068084716797,18621900
2015-02-17,74.64451059267356,76.24049602086794,74.42642449992947,74.94189453125,25254400
2015-02-18,75.27893497525078,76.23057714450246,74.79319504278403,76.04222869873047,22426400
2015-02-19,76.3197834341252,79.14497206080091,76.28013073513934,78.72863006591797,45851200
2015-02-20,78.85751605460308,79.64063240726638,78.51055677278842,79.2044677734375,36931700
2015-02-23,79.26393953748658,79.49194069289109,77.69769177560839,78.1536865234375,24139100
2015-02-24,77.81664998476066,78.788122318651,77.42013051045889,77.76708221435547,18897100
2015-02-25,77.81665378159448,79.50185217587638,77.81665378159448,78.86742401123047,25593800
2015-02-26,79.1846293528528,80.66166411457924,79.02602611068869,79.71002197265625,31111900
2015-02-27,79.97767568777608,80.52289092741896,77.93561054107762,78.28256225585938,30739200
2015-03-02,78.31228455929173,79.16479864181092,77.83645975577782,79.05575561523438,21662500
2015-03-03,78.9169890414256,79.00620195383146,77.83647364785872,78.90707397460938,18635000
2015-03-04,78.60968475496131,80.44357871777616,78.16359753396557,80.19575500488281,28126700
2015-03-05,80.52288188956297,81.27626051053582,80.34444851870532,80.5030517578125,27825700
2015-03-06,80.1957512219284,80.62200829051694,79.13506608329817,79.3134994506836,24488600
2015-03-09,78.98636748920882,79.21436861376866,77.94550495666255,78.74845886230469,18925100
2015-03-10,77.81664312753415,78.5700293060209,76.87491607666016,76.87491607666016,23067100
2015-03-11,77.12273837509682,77.74725137569477,76.58743827616465,76.89473724365234,20215700
2015-03-12,77.42012810301617,78.36186277057135,77.23178721988889,78.24290466308594,16093300
2015-03-13,77.91578264348344,78.68899150518448,77.00379309188635,77.37057495117188,18557300
2015-03-16,77.28134545044,77.4399562563664,76.68657005417496,77.39038848876953,19305400
2015-03-17,77.67787163097086,79.0855086220938,77.65804149702255,78.6691665649414,22170000
2015-03-18,78.56012006937081,80.53279478376231,78.48081466301844,80.20567321777344,36912400
2015-03-19,80.41383996422282,82.27747153659601,80.2948818610154,82.02964782714844,42099500
2015-03-20,82.66407634841887,83.86354220082876,82.3468623011946,83.07051086425781,44466300
2015-03-23,83.1894525200719,84.22039995418551,82.57485462339282,83.69501495361328,27357300
2015-03-24,83.97258453611892,85.3207461162889,83.78423609738095,84.5673599243164,32576500
2015-03-25,84.75572411622957,84.77554668889609,82.19818115234375,82.19818115234375,37436100
2015-03-26,81.99992283714427,83.04077803954475,81.42496992744842,82.28739929199219,32794800
2015-03-27,82.65416509176136,83.21920287576444,82.15851764744356,82.57486724853516,18372600
2015-03-30,83.08042906247059,83.60581418679047,81.69262215407109,82.47573852539062,24527700
2015-03-31,82.1783379482897,82.77311329771341,81.49434213681401,81.50425720214844,19734300
2015-04-01,81.78182191851205,81.99990798703809,80.166014099037,80.95904541015625,22058200
2015-04-02,81.53400966882664,81.84130868329102,80.73106317917183,80.85001373291016,19664100
2015-04-06,80.09662810098605,82.08912533388758,80.09662810098605,81.72235107421875,19062900
2015-04-07,81.93053033751825,82.6938241325557,81.50427320021723,81.60340118408203,17467000
2015-04-08,81.91070295738717,82.37661281649746,81.12757900145424,81.56375122070312,18966700
2015-04-09,81.78181811344763,82.07920956814262,80.99869434153109,81.4546890258789,15927300
2015-04-10,81.49434685779899,81.89086630137822,81.19696294734906,81.3258285522461,12529700
2015-04-13,81.21679888696832,83.20930393582152,81.2068838194272,82.28739929199219,26883100
2015-04-14,82.44600176043272,82.96147938585793,81.72236065952109,82.79295349121094,19634200
2015-04-15,82.82268948806671,82.931732528903,81.55382570042435,81.98999786376953,22390900
2015-04-16,81.75208614541917,82.34686153304405,81.43487210115396,81.59347534179688,13769700
2015-04-17,80.77070842431286,81.39522146269641,79.670370525985,80.07679748535156,24215000
2015-04-20,80.83019648230666,82.42618206251493,80.53280495242433,82.36669921875,28796800
2015-04-21,83.26877921753729,83.75451164533835,82.81278442937986,82.89208984375,27171900
2015-04-22,83.58598104742843,84.00232306731073,82.92181531623818,83.89328002929688,45548000
2015-04-23,83.36789483725603,84.84492203664057,81.69261169433594,81.69261169433594,73728100
2015-04-24,82.04946245651779,82.21798831049877,80.77069889493221,80.82025909423828,29660400
2015-04-27,81.15731537545156,82.2080855388078,80.91939915648123,81.19696807861328,25446000
2015-04-28,81.11765935175683,81.18704968870442,79.53158910511252,79.97766876220703,23775300
2015-04-29,79.31350599215692,80.68149021295179,78.82776605239182,79.76950073242188,26430300
2015-04-30,79.31350057146376,80.25522762415154,77.63820990750372,78.08428955078125,28999000
2015-05-01,78.55020715224923,79.06568474466519,77.4300466180446,78.30238342285156,24136400
2015-05-04,78.63943239662602,78.99629919363905,77.9455213744427,78.12395477294922,14692000
2015-05-05,77.86622174034538,78.11404547909507,76.54779763508175,76.88483428955078,22311300
2015-05-06,77.29125464147259,78.12393862035356,76.3792652656566,77.42012023925781,28663000
2015-05-07,77.32099634075057,78.25281589629247,76.88482419764937,77.74725341796875,19749400
2015-05-08,78.41142899349488,78.5403021772383,77.35074370004043,77.82656860351562,19943600
2015-05-11,77.79683484738884,78.34204255903754,77.2516195727595,77.33092498779297,18874100
2015-05-12,77.19213245449043,77.2119550237184,76.12153220467182,76.78569793701172,21285300
2015-05-13,77.04343811798167,77.84638453847927,76.97404777995075,77.75717163085938,21512300
2015-05-14,78.2528274178636,81.13749185024345,77.98517354046913,80.66167449951172,49438000
2015-05-15,80.70131993419554,80.81035541322058,79.48202390222357,79.71993255615234,27069900
2015-05-18,79.63073372386118,80.67158899566027,79.53160573078237,80.17594146728516,21613700
2015-05-19,80.54270611217378,80.97887826388852,79.8488027462453,79.9281005859375,17955400
2015-05-20,79.76951050221498,80.39402363456924,78.76830042652075,79.84881591796875,23056900
2015-05-21,79.49194250931174,80.21558356977908,79.38289946245007,79.7794189453125,13402700
2015-05-22,79.65055685222391,80.60219920577666,79.55142885845447,79.83890533447266,19567900
2015-05-26,79.72984234049169,79.89836064406938,78.39159585170418,78.63941955566406,16321300
2015-05-27,78.90708112259946,79.957858973885,78.73856278635827,79.84881591796875,14160900
2015-05-28,79.5514213804473,80.36428295371583,79.30359763782909,79.4522933959961,11982000
2015-05-29,79.25401950286135,79.3729776064391,78.19333432564298,78.50064086914062,16134600
2015-06-01,78.60969220409955,79.68028499738487,77.97526404401185,79.59107208251953,18119000
2015-06-02,79.06566541209057,80.6418203154391,78.86740193926241,79.73974609375,18923300
2015-06-03,80.64183573883797,81.81156398182048,80.54270776495395,81.72235107421875,31775000
2015-06-04,81.42495967282966,82.22790609398459,80.80044663004023,81.33574676513672,20863900
2015-06-05,81.15731099721265,81.74217132059165,80.80044425098906,81.42495727539062,16143100
2015-06-08,81.10775657031985,81.28618997277931,79.43246560072704,79.96776580810547,16915500
2015-06-09,79.89837546064793,80.48324344320201,78.62951907114974,79.96776580810547,16497500
2015-06-10,80.12637715735164,81.88096599041903,80.10654702196065,81.4448013305664,21531200
2015-06-11,81.59347782183156,82.17834572424164,80.65175072638331,81.11766052246094,18656800
2015-06-12,80.66165586828868,81.37538172952993,80.49313001430771,80.82025909423828,11417900
2015-06-15,79.84881250972734,80.22550187400813,79.37298759849547,80.00741577148438,18805100
2015-06-16,80.11646904210953,80.800465075822,79.74968713535416,80.35437774658203,13693700
2015-06-17,81.04826529564308,81.50425999794228,80.63191573008366,81.0780029296875,18350300
2015-06-18,80.92931419420115,82.46582429850652,80.85992385443781,82.18826293945312,26782600
2015-06-19,82.10896212682285,82.25765788120033,81.40514362328169,81.791748046875,23353200
2015-06-22,82.68390299820747,84.230320467924,82.5847674677043,84.0023193359375,29383100
2015-06-23,84.22040366046016,87.20420306799227,84.02214772951235,87.11498260498047,50667900
2015-06-24,86.89690556718263,88.47306066476186,86.68872700431453,88.08645629882812,41370200
2015-06-25,88.48298281911714,88.62176349682812,87.07533834622338,87.21412658691406,27302000
2015-06-26,87.35290901046051,87.57098753480791,86.07413768629777,87.24386596679688,38214600
2015-06-29,85.85604698891,86.73829879446679,84.98371024942111,85.0531005859375,35957900
2015-06-30,85.84613009424257,85.9452580638717,84.8250976374019,85.02335357666016,23016500
2015-07-01,86.01465414049228,87.18438241134707,85.73709278181144,86.1534423828125,25260000
2015-07-02,86.63917151768712,86.67882421929734,85.5883938324652,86.5301284790039,16908800
2015-07-06,85.73709456801035,87.42230045122086,85.63796658969913,86.78787231445312,24635900
2015-07-07,87.03569965135878,87.08525986107982,84.48807193190477,86.46074676513672,33059900
2015-07-08,85.53884714537548,85.99484194148447,84.70615540592988,84.9044189453125,24399300
2015-07-09,85.97501490550447,86.83743667735756,84.90441453736237,85.13240814208984,23307400
2015-07-10,86.58961175385886,87.45204107689597,86.01465887183411,87.18438720703125,23245900
2015-07-13,87.88820672996607,89.43462430570236,87.6502905160223,89.31566619873047,29976700
2015-07-14,89.67252358745242,90.00956774050104,88.8695772474801,88.8993148803711,26627800
2015-07-15,89.21653106840505,90.19791079252337,88.6415782752937,88.97862243652344,30886600
2015-07-16,89.49409767611564,90.06905050312695,88.98853518595193,90.05913543701172,21804100
2015-07-17,91.74433326124405,94.55960675549167,91.73441819598858,94.14326477050781,54001600
2015-07-20,95.0156132454624,97.74167418009631,94.52988086928924,97.05768585205078,54860500
2015-07-21,98.08861570002101,98.37609209449423,96.29437456390713,97.53349304199219,39453300
2015-07-22,95.89787520148239,96.73056692571521,95.0850136123159,96.19526672363281,28299500
2015-07-23,96.11594138019922,96.60167370688235,93.98465608131343,94.60917663574219,29418800
2015-07-24,96.50256044131596,96.90899499502979,95.04535567631105,96.10604095458984,33444900
2015-07-27,95.73925139929389,95.76898903253395,93.01319076193117,93.35022735595703,38585400
2015-07-28,94.0144077378475,94.72814129909489,92.49772770168688,94.46049499511719,35236000
2015-07-29,95.48151756866339,96.43315969636683,93.91526992468135,96.14568328857422,64648300
2015-07-30,94.08380350386177,94.97596287215094,91.00087572985284,94.38118743896484,86211300
2015-07-31,94.12344718966223,95.49143898411887,93.13215229535096,93.19163513183594,46509000
2015-08-03,92.71581272816415,94.25232288052686,91.99217167128164,93.32050323486328,29343100
2015-08-04,92.97354938398222,93.90536900818567,92.51755463849412,93.24119567871094,20136000
2015-08-05,94.42083581739578,96.24481473733888,94.35144547941924,95.60047912597656,29813200
2015-08-06,96.33404207441555,97.88045975267885,93.59806593650498,94.29197692871094,42271300
2015-08-07,94.54969572936143,94.56952586071951,92.79510725312909,93.4791030883789,23199100
2015-08-10,94.84710151755802,95.06518761755238,92.81494383631625,93.3304214477539,21624200
2015-08-11,92.91405858956009,93.93509095378955,92.09128214660637,92.80501556396484,22491000
2015-08-12,91.89302901875041,93.61788749275215,90.39617924957187,93.37006378173828,27050500
2015-08-13,93.23128952826804,93.90537037116036,92.53737855186067,92.61668395996094,17451800
2015-08-14,92.72573139583729,93.89545975027194,92.39860224416938,93.59806823730469,15929700
2015-08-17,93.59805227585441,93.63770497502001,92.57701985202195,93.11231994628906,18313500
2015-08-18,93.26102962292408,95.01561833623983,93.22137691782913,94.34153747558594,22278800
2015-08-19,93.80623531572344,95.26344005445334,93.34033305742464,94.48031616210938,23251300
2015-08-20,92.72572973379681,93.94501827655093,89.67253949891658,89.77166748046875,44598200
2015-08-21,86.7581419580918,88.40369541892647,84.86477229056914,85.31085205078125,62778700
2015-08-24,76.35944683029606,81.37539672851562,71.37323456973708,81.37539672851562,83710700
2015-08-25,86.19309311731247,86.9068266933767,82.27748107910156,82.27748107910156,52021200
2015-08-26,85.20178870555631,86.69864603567956,82.53521072149796,86.43099975585938,45124300
2015-08-27,88.32437008694362,89.27601224039121,86.43100084623484,88.94889068603516,42431400
2015-08-28,89.09758247719081,90.68366036023805,89.00836956683384,90.2177505493164,33215900
2015-08-31,89.81131002237808,90.25739723335265,88.11619677182516,88.65149688720703,32850700
2015-09-01,86.0939604467878,88.61185039725655,85.7470087448094,86.47065734863281,36097400
2015-09-02,88.0368978592712,89.10749816894531,86.86716957195614,89.10749816894531,27190500
2015-09-03,88.9786377741956,89.03811305167328,86.9663102144104,87.38265228271484,27048200
2015-09-04,86.44090629557519,87.62054956540419,85.9452588797451,87.49168395996094,27328700
2015-09-08,88.90923641461573,89.45444403757013,88.05672224914436,88.75062561035156,27012500
2015-09-09,89.98973892654385,91.1792972004399,89.38504850565029,89.65270233154297,32551100
2015-09-10,89.28592918671535,91.2586038724959,88.84975702108318,91.17930603027344,26437400
2015-09-11,90.8819059519841,91.27842537753567,90.3366907964783,91.24868774414062,21185000
2015-09-14,91.50642395019531,91.81373049238007,90.8026055237376,91.50642395019531,20127900
2015-09-15,91.56591585893787,92.43825267897275,90.99096298158345,92.09130096435547,18859400
2015-09-16,92.09128988673712,92.78519323250235,91.8236360512425,92.6364974975586,16321200
2015-09-17,92.55721849658032,94.67858922876111,92.09130862832907,93.51876831054688,27841800
2015-09-18,92.38868103115986,94.36136331418926,92.23999284754747,93.57823944091797,62300000
2015-09-21,93.79632663697123,95.6500432690773,93.69719109608391,94.71823120117188,28790000
2015-09-22,92.95371853571598,93.85580051611926,91.11982450125703,92.15077209472656,36888900
2015-09-23,92.58693978148247,93.49892922126436,91.99216438871079,93.1519775390625,21701400
2015-09-24,92.24991097276651,93.94502452794141,91.43704936918006,93.58816528320312,29106000
2015-09-25,94.95613220979578,95.0156074791521,91.25859918423178,91.96241760253906,28961600
2015-09-28,91.27844527151761,91.48661631363244,87.41239326500349,88.43342590332031,41199900
2015-09-29,88.3243742582,89.27601645659037,84.97380021201428,85.91552734375,42281800
2015-09-30,87.6701266808386,89.2363669340126,87.24386955525185,89.11741638183594,36169100
2015-10-01,89.26611994761778,90.15827941894531,87.59082893669324,90.15827941894531,29283700
2015-10-02,88.12612104773247,91.3973897885265,87.60073594337034,91.26852416992188,37881700
2015-10-05,92.13094989744208,93.44936635901138,91.8533885371117,93.19163513183594,27292500
2015-10-06,93.26102853756197,93.35024145075224,91.53616991941594,91.99217224121094,22172800
2015-10-07,92.29946818642871,92.84468340332685,90.57461718848344,91.59564971923828,24129300
2015-10-08,91.09008621511055,92.40851022492367,89.68244929603686,91.6650390625,27290500
2015-10-09,92.09130045141137,92.92398456185481,91.43704216779429,92.42833709716797,20012900
2015-10-12,92.50764111465092,93.77649739507967,91.86329790765758,93.43946075439453,18449600
2015-10-13,92.84467971291394,94.53979300673788,92.73563667386858,93.30067443847656,19480300
2015-10-14,93.26102895854972,94.37127444137856,92.79511913072827,93.25111389160156,19253400
2015-10-15,94.16309187219812,95.46169321595755,94.07387896953956,95.12464904785156,27557500
2015-10-16,95.34274860219438,96.74047054907182,94.51997197850424,96.69091033935547,25412900
2015-10-19,96.33403692237282,97.71193620312984,96.07629813545302,97.61280822753906,23729900
2015-10-20,97.8705449384288,98.72305156080984,95.71942934254184,96.15560150146484,30881800
2015-10-21,96.5223872293846,97.32533367901061,95.63022030592244,96.2646484375,21917800
2015-10-22,96.93873633711317,98.86185100528141,96.70082766117889,98.8023681640625,26392100
2015-10-23,101.02286893032043,101.95468101232065,99.2881028202708,101.30043029785156,42809700
2015-10-26,101.31033600681965,102.9063214048281,100.66600037060077,102.86666870117188,25961200
2015-10-27,102.04389309659159,103.19379117651636,101.50859297623751,102.79727172851562,23795500
2015-10-28,102.99553904885204,103.57049189159979,102.0240667434169,103.29292297363281,24081500
2015-10-29,103.05502096912072,104.2049267287947,102.61884877572986,103.96701049804688,20316700
2015-10-30,103.60024187530159,103.80841291635276,100.7651375892094,101.08235168457031,33487100
2015-11-02,100.83452727925558,102.56929350636001,100.29922707876283,102.41068267822266,24003900
2015-11-03,102.32146275006018,102.74771986775272,101.508601218993,101.6870346069336,21242300
2015-11-04,102.29172322146164,103.23345035191697,101.58790474953548,103.03519439697266,43469300
2015-11-05,107.85289275652251,109.68678688733603,107.01028600511232,107.81324005126953,63232900
2015-11-06,107.0995138216438,107.79341730366976,104.98805817235274,106.16769409179688,35084300
2015-11-09,106.06854311517878,107.30766160951498,104.9384676533825,105.56298065185547,26383500
2015-11-10,105.03760490070856,107.20854311474754,104.32387137483384,106.97063446044922,25031700
2015-11-11,107.32749438070604,108.91357225461873,106.17759624139714,108.0610580444336,25057100
2015-11-12,107.53566842313103,108.43774280193067,107.05984356844917,107.07966613769531,20924700
2015-11-13,106.77237603606648,107.30767620599117,102.9261544291389,103.04510498046875,30278400
2015-11-16,102.42058199979361,103.26318109653731,99.59539323401559,103.13431549072266,49309200
2015-11-17,103.70926595304664,105.27550600812633,103.23344111558067,104.2148208618164,26807200
2015-11-18,104.87900354262024,106.94089118867093,104.47256900301234,106.83184814453125,23836500
2015-11-19,106.42542197111929,106.79220380990097,105.02769252004154,105.33499908447266,25520600
2015-11-20,105.90994780595753,106.93098794751003,105.69186927196496,106.38577270507812,22129600
2015-11-23,106.25691343765612,106.53447482749432,105.1565753829542,106.01899719238281,19897200
2015-11-24,105.0772654789083,105.56299789037442,103.48127999253929,104.81952667236328,23577300
2015-11-25,105.40438293813644,105.67202921922087,104.18508694813526,104.49239349365234,15150800
2015-11-27,104.85917258688451,105.03760597016995,103.94718310030555,104.53204345703125,5913100
2015-11-30,104.91864318273731,105.17638196109883,102.84684057866001,103.33257293701172,20383200
2015-12-01,103.91744896934472,106.21725289650989,103.59031982845543,106.18751525878906,22781900
2015-12-02,106.06855680295354,106.98054631735904,104.86909085320671,105.14665222167969,24429100
2015-12-03,105.34491378210897,105.91986668336051,102.45033426702126,103.47136688232422,23236500
2015-12-04,103.89761480885585,106.79220163017443,103.20371141232935,105.25569152832031,21224700
2015-12-07,105.55308788446158,105.90003959871437,103.74893140736691,104.69065856933594,15474900
2015-12-08,103.0946587287719,105.97933021381654,103.04509096380681,105.56298065185547,20401800
2015-12-09,105.255685515155,105.51342428898893,102.64858283088434,103.68943786621094,23517300
2015-12-10,104.13552981310961,105.47377638393765,103.50110169711736,104.50230407714844,17454300
2015-12-11,103.24337623307767,103.4317171411091,101.02287754059341,101.23104858398438,26427700
2015-12-14,101.39955270142016,103.82822209674805,100.5767761479249,103.7489242553711,24648100
2015-12-15,104.38334844052778,104.87899585465568,103.37222348043844,103.63987731933594,21764300
2015-12-16,104.45273009723832,106.15775070726922,103.28300199456743,105.86036682128906,22680500
2015-12-17,106.55428263920624,106.81202142105839,105.20612102133595,105.29534149169922,21675700
2015-12-18,105.15655786069519,105.66211278095378,103.06492515482563,103.13431549072266,35994200
2015-12-21,103.99675944583274,104.23466812217156,102.69815788590147,103.85797119140625,16138800
2015-12-22,104.30404580143195,104.74021795756902,103.8976112808534,104.59152221679688,14597100
2015-12-23,104.96821087247928,105.18629694916336,102.95588354067894,103.71917724609375,19599700
2015-12-24,103.82822781701012,104.40318068580198,103.5903191538128,104.10578918457031,6501800
2015-12-28,104.10578394362409,105.05743367446499,103.62005157484671,105.00786590576172,13069700
2015-12-29,105.49359472023227,106.80210360232743,105.32507641308639,106.32628631591797,17179900
2015-12-30,106.06855027427608,106.31637398987019,105.13673068348878,105.29534149169922,13115000
2015-12-31,105.07725574493534,105.24577405695834,103.7092715531928,103.7489242553711,18391100
2016-01-04,101.06252341869785,101.34999987965159,98.88167741812694,101.3301773071289,37912400
2016-01-05,101.99433476242874,102.80719630266707,100.78495373751754,101.83573150634766,23258200
2016-01-06,100.24965982721776,102.86667800129246,100.02166621430658,102.07364654541016,25096200
2016-01-07,99.62513130552874,100.54703580818862,96.45299084636537,97.06758880615234,45172900
2016-01-08,99.0105164853255,99.62512195037829,96.18532797246276,96.48271942138672,35402300
2016-01-11,97.05768278426953,97.74167109069569,94.55961551694932,96.66116333007812,29932400
2016-01-12,98.13818493814601,99.08982703604933,96.70081050717289,98.50496673583984,28395400
2016-01-13,99.70443122211341,99.70443122211341,94.38117550763761,94.60917663574219,33410600
2016-01-14,95.0156121859711,98.00932694152843,91.64520810086469,97.51367950439453,48658600
2016-01-15,93.16188507362334,95.54098645237616,92.72571295812854,94.14326477050781,46132800
2016-01-19,95.68968909706048,96.57194089410804,93.1024089757927,94.43074798583984,30998300
2016-01-20,92.02190636107802,94.17301445509504,88.59202695269214,93.52867126464844,59051400
2016-01-21,94.08380321116466,95.15439596237702,91.81373696760096,93.34033203125,30518900
2016-01-22,95.57073773002386,97.21628320714557,94.658740742954,97.08741760253906,30495400
2016-01-25,97.86062531042197,98.6140114871755,96.08620668467546,96.16551208496094,32482000
2016-01-26,96.90898722158184,97.02793776397208,94.82726953697757,96.49263763427734,26877100
2016-01-27,96.93872887621608,96.99820414987701,93.40972146337624,93.62779998779297,58699400
2016-01-28,106.26680238909816,109.37946753966494,103.89760835850076,108.1601791381836,107475300
2016-01-29,108.04122186747985,111.85770546675377,107.89252612974619,111.23319244384766,62739500
2016-02-01,111.29266091806437,114.71263242519282,111.03492972224147,114.0881118774414,46132700
2016-02-02,113.800660773391,116.56636696742387,112.2145828380146,113.61231231689453,59778600
2016-02-03,114.26654976214986,114.33594009653787,108.79460572232335,111.70901489257812,56919300
2016-02-04,110.82677686290741,110.96555754890012,108.29897175107693,109.5281753540039,38890200
2016-02-05,108.55670128174381,108.62609161881451,102.28180305800109,103.16405487060547,76894700
2016-02-08,99.53591868719016,101.78615465018032,96.61159436633275,98.88166046142578,71229700
2016-02-09,96.29438322708369,101.50859636959922,95.97716917067473,98.67349243164062,62709000
2016-02-10,100.66599614347797,102.35119438171387,99.36739473295165,100.12078094482422,45179400
2016-02-11,98.73296896971112,104.19500590017188,98.0192354428948,101.02286529541016,43670600
2016-02-12,102.83692994590331,103.33257739174645,100.20999697033862,101.12199401855469,36176800
2016-02-16,102.89641745756467,103.02528307666645,99.36740233998626,100.72547912597656,45687200
2016-02-17,101.13188503161709,104.7996800705757,99.52599240924832,104.2842025756836,44073400
2016-02-18,104.87900141923645,105.07725737021477,102.13311036401029,102.56928253173828,29593500
2016-02-19,101.65729377005853,104.10578579004502,101.1715538296864,103.65970611572266,32404500
2016-02-22,104.57169698962113,107.30767303403553,104.42300124187406,106.22716522216797,35709700
2016-02-23,105.91985327787319,106.5344588079402,104.20491742154123,104.54195404052734,25319300
2016-02-24,103.30284455115724,106.01899056284702,101.84563978264732,105.94960021972656,34412400
2016-02-25,106.1775997255719,107.12924194335938,104.69065734222019,107.12924194335938,29906300
2016-02-26,107.75376154944712,108.49723278616267,106.2271739321474,106.98055267333984,26686200
2016-02-29,106.66333102583035,107.96193250346471,105.82073186316924,105.98925018310547,32779000
2016-03-01,106.89133130137738,108.86400604248047,106.66333014577194,108.86400604248047,26817300
2016-03-02,108.72521262173998,109.58764180974542,107.82313073466749,108.99285888671875,25670200
2016-03-03,109.29026441094294,109.33983218189954,107.59515101335121,108.6260986328125,21353100
2016-03-04,109.09200237775968,109.09200237775968,106.99045455170271,107.44644927978516,24938900
2016-03-07,107.12923479243477,107.12923479243477,103.80839853721264,104.80960845947266,31436400
2016-03-08,103.8678752924037,106.4353329390434,103.49118596438977,105.00786590576172,25617000
2016-03-09,105.77115796340341,106.57411193847656,104.57169209686349,106.57411193847656,20493300
2016-03-10,106.97064065268509,107.71411185801215,104.84926252221015,106.38577270507812,24854300
2016-03-11,107.5356835550494,108.46749570032826,106.98055321930865,108.45758819580078,20697600
2016-03-14,108.32870489486909,109.36956755961258,107.82314238088112,108.93339538574219,17249400
2016-03-15,108.16019391267986,109.86522245745695,107.8925400376614,109.70661163330078,17618500
2016-03-16,109.52816991467029,111.52067475458657,109.14156551389276,111.20346069335938,24744800
2016-03-17,111.17371873899548,111.70901886458472,109.7660818696568,110.05355072021484,24241200
2016-03-18,110.58885566516342,111.44136987681145,109.31008434769136,110.47981262207031,36256900
2016-03-21,110.68800186875113,111.39182040190052,110.06348118668943,110.8763427734375,18448000
2016-03-22,110.39059820038916,111.89736308698244,110.2022497534476,111.2728500366211,19001100
2016-03-23,111.03494055132248,112.2046688009156,111.02502548498416,111.5603256225586,18562000
2016-03-24,111.1538979953203,112.10554022242134,110.70781830114113,112.0658950805664,17839100
2016-03-28,112.33354315892406,113.59248441465816,111.9667613056411,112.70032501220703,21351800
2016-03-29,112.83910135276626,115.30742355955206,112.65075289982559,115.12899017333984,29825300
2016-03-30,115.71385784160564,115.97158907212416,113.36448618894119,113.70152282714844,33235200
2016-03-31,113.70151059722286,114.00881712821736,112.77960613019764,113.10673522949219,21207500
2016-04-01,112.75979383937225,115.15872566022439,112.36327437041805,115.0496826171875,24760500
2016-04-04,113.07700875324309,113.55283363216635,110.6384242108386,111.57024383544922,48487900
2016-04-05,111.13406761684755,112.33353349266605,110.92589660332331,111.24311065673828,22962400
2016-04-06,111.49094257712933,112.81927416012773,111.441374805175,112.72014617919922,20814600
2016-04-07,112.79945259013991,113.88987551599047,112.08571902035256,112.6507568359375,20714500
2016-04-08,113.25544436586475,113.334749774409,108.94331298575607,109.66695404052734,48497800
2016-04-11,109.73632712466562,109.94450568010028,107.82312793154824,108.04121398925781,39762300
2016-04-12,108.38816899287326,110.19233277586882,108.04121732805838,109.6471176147461,26248100
2016-04-13,111.25301713317964,111.66935912808248,105.59271725108763,109.54798889160156,88227400
2016-04-14,109.65704354723107,111.06468047710662,109.3001767814908,109.8751220703125,28473300
2016-04-15,109.82556038489533,110.00399376536308,108.2493975969336,108.6855697631836,20922800
2016-04-18,108.78469929569289,109.84538452727485,108.24939914662632,109.48851776123047,21167200
2016-04-19,110.1328491557151,111.47109560353532,108.20974241468375,111.31249237060547,30210500
2016-04-20,111.45129079949126,112.28397492179529,110.58886147597906,111.44137573242188,21027900
2016-04-21,111.57024750612152,113.04727483563578,111.33233127734249,112.45249938964844,20875200
2016-04-22,110.24190023809378,110.77720036891048,108.06105457593345,109.5975570678711,38458200
2016-04-25,108.91356983123674,109.70660118756793,108.12053091192591,109.14156341552734,21017900
2016-04-26,109.52817606632416,109.53809113338245,107.20854953137716,107.81324005126953,22521500
2016-04-27,107.0003809625603,107.99167592774843,105.3845653289962,107.94210815429688,52213100
2016-04-28,118.53903294151436,119.73849873125528,115.21819690373856,115.7138442993164,87110100
2016-04-29,115.80307126909062,116.81418875119832,114.83159892802404,116.55645751953125,37140600
2016-05-02,116.80427807049222,117.69644497925077,115.55524439823024,117.53783416748047,28095200
2016-05-03,116.49698116628981,117.13141690296017,116.00133368290825,116.40776824951172,24117500
2016-05-04,115.59489023730747,117.27018091300097,115.5552375367194,117.03226470947266,23448400
2016-05-05,117.01245550938883,117.94427517222059,116.229331600006,116.78445434570312,22056700
2016-05-06,116.14010270062379,118.59850957575642,116.09053493530308,118.44981384277344,26395600
2016-05-09,118.49937968134536,119.23293570569386,117.86495162304736,118.20198822021484,21138100
2016-05-10,118.57869776317375,119.45103454589844,117.96409220715282,119.45103454589844,23220000
2016-05-11,119.3618125678949,120.02597828029617,118.38042525353325,118.47955322265625,22038400
2016-05-12,118.93556437365115,119.78807102214002,117.86496407604211,119.23294830322266,22035500
2016-05-13,119.33207421366907,119.5898129985525,118.6381708270364,118.76703643798828,18124300
2016-05-16,118.34077368058124,118.56877481841735,116.32844639259623,117.63695526123047,31247800
2016-05-17,117.7856654777247,117.97401393809254,116.17976493848899,116.32846069335938,21328600
2016-05-18,115.78324770775046,117.24044486241036,115.71385736705237,116.62584686279297,21642300
2016-05-19,116.0310604255935,116.46722499875376,114.87123975112982,115.79314422607422,20544100
2016-05-20,115.94185626848451,116.96288885535812,115.93194120136509,116.32846069335938,18944800
2016-05-23,116.39783897875773,116.57627235352096,114.93072684224178,114.96046447753906,20441000
2016-05-24,115.2281026849694,116.70513734707164,115.10915215211426,116.6753921508789,20183600
2016-05-25,117.10165528410167,117.63695539866552,116.35818416325954,116.8637466430664,20019800
2016-05-26,117.21070427731428,118.71747672740297,116.89349021881873,118.43000030517578,18481300
2016-05-27,118.5192155496337,118.80669197752617,117.97400789368305,118.34078216552734,13493600
2016-05-31,118.42009242907379,119.05452058458656,117.09176084190024,117.77574920654297,23547600
2016-06-01,117.46844845810179,118.0434013289613,116.79436760746859,117.74600982666016,15029500
2016-06-02,117.65679805970417,118.40026925971819,117.19088823095191,117.89470672607422,13228300
2016-06-03,117.94426794991213,117.94426794991213,116.83401496352397,117.43870544433594,14135100
2016-06-06,117.58740209465904,118.3903485321291,117.3296633066764,117.75592041015625,12744700
2016-06-07,118.20200606906337,118.26148890805896,116.64567332182482,116.73489379882812,17103000
2016-06-08,116.7348848489614,117.56756890125766,116.24914492214235,117.3593978881836,14505600
2016-06-09,117.10165886309343,117.64687406023288,116.68531683781218,117.52791595458984,13859200
2016-06-10,116.51679441481339,117.08183216146162,115.24793825132119,115.60480499267578,18510800
2016-06-13,113.99891628448276,114.47474117581618,112.32362544240935,112.95805358886719,31718200
2016-06-14,113.07700101161646,113.94933773977618,112.59126866230997,113.9394302368164,17618500
2016-06-15,114.296297396263,114.43507806799785,113.0770014226161,113.60238647460938,19819400
2016-06-16,112.8787484452695,113.5032614844765,111.95684392283273,113.39421844482422,19236300
2016-06-17,113.42397019009577,113.43388525756473,111.58016091585883,112.0361557006836,24644300
2016-06-20,112.77962197191759,113.72135670250387,111.76850446104558,112.38311004638672,20785400
2016-06-21,113.12658424490328,114.20709212763475,112.97788848740416,113.38431549072266,19166300
2016-06-22,113.65194436253184,113.74115725961555,112.62099691712935,112.91838836669922,14846300
2016-06-23,113.37439051349347,114.08811642612724,112.55161400338517,114.07820892333984,16176900
2016-06-24,110.04365430764778,112.69041000399397,110.03373924053219,111.10433959960938,40643100
2016-06-27,110.5987655356332,110.5987655356332,107.2878443841171,108.02140045166016,36130400
2016-06-28,109.6669454591824,111.76849324328076,109.58764761982314,111.71892547607422,26813800
2016-06-29,112.3831053706393,113.25544215868553,112.05597623900451,113.16622924804688,20968300
2016-06-30,113.67179119676516,114.1773537437714,112.6804962372127,113.28518676757812,23192700
2016-07-01,113.20588376178446,114.1277883962817,112.81927932438052,113.19597625732422,14980000
2016-07-05,112.94814797216976,113.20587921142578,111.98659066954022,113.20587921142578,14207000
2016-07-06,112.37319119176435,115.77333302315148,111.9865867833163,115.68411254882812,24337600
2016-07-07,115.6147157315916,115.95175991362886,114.35577459872714,114.84150695800781,16630200
2016-07-08,115.41645971936506,116.47714490663395,114.84150689109383,116.21940612792969,18142600
2016-07-11,116.68532229053281,117.66670212826423,116.47715126816432,116.84393310546875,17711600
2016-07-12,117.59731529381914,117.68653577062584,116.54654508396789,116.90341186523438,15217700
2016-07-13,117.35940553890431,117.36932060578647,115.66429212509912,115.76342010498047,16207700
2016-07-14,116.47714531592973,116.61592599041673,115.68410640773584,116.26897430419922,14579700
2016-07-15,116.71503374104249,117.25033377687987,115.56513584267121,115.84269714355469,16646000
2016-07-18,116.29870657106214,118.56877258892054,115.87244950110656,118.33086395263672,20868400
2016-07-19,117.95418098112819,119.79799014624474,117.6270594038179,119.5600814819336,21541300
2016-07-20,120.19448456155197,121.13621151849233,119.5104887859558,120.85865020751953,20046500
2016-07-21,120.85867541323286,121.03710880221124,119.20321470397684,119.5600814819336,17801700
2016-07-22,118.85625532729318,119.95659322786378,118.27138742664829,119.9466781616211,18422400
2016-07-25,120.33328884835058,120.78928360063776,116.75471360844328,120.57119750976562,18487400
2016-07-26,120.93797318672543,121.0073635245593,119.69885460899259,120.16476440429688,17612000
2016-07-27,121.35431456290799,123.91185710874764,120.45224017590567,122.26630401611328,52654200
2016-07-28,126.40991732658586,127.21287130669225,122.55378092295723,123.91185760498047,78955800
2016-07-29,123.564910081131,124.74454586246482,122.6330904603804,122.86109161376953,35058800
2016-08-01,122.77186477690745,123.49551333991383,121.79048500009996,123.22785949707031,25006900
2016-08-02,122.98005097879154,123.71361469848225,121.00737611541764,122.01849365234375,23968400
2016-08-03,122.01848011933413,122.84125666442029,121.24527134220914,121.44353485107422,18525300
2016-08-04,121.86979080690949,123.70368475970729,121.44353372054206,123.27742767333984,21066000
2016-08-05,123.89203619159431,124.74454282193066,123.53516943332343,124.06055450439453,20184000
2016-08-08,124.15967874499813,124.35793468786224,123.4657753819943,124.16959381103516,15233900
2016-08-09,124.24889007703834,124.99236119783339,123.44594368673309,123.97132873535156,19621000
2016-08-10,123.981240889052,124.38767538910326,123.45585585277438,123.79289245605469,10670100
2016-08-11,124.110120448219,124.28855383560413,123.6640407612462,123.81273651123047,11729500
2016-08-12,123.61445908873594,123.91185055526023,123.09898911813688,123.79289245605469,12159000
2016-08-15,123.82265163355507,123.83255913737312,122.62317812932933,122.82144165039062,19295100
2016-08-16,122.42491763286068,122.84125966718523,121.71118410945874,122.2266616821289,14222400
2016-08-17,122.583527435051,123.29725338959972,121.7805734463417,123.28734588623047,13794200
2016-08-18,122.93047257375757,123.17829627841067,122.56369076819846,122.83134460449219,12400800
2016-08-19,122.52405059253898,123.0791808905343,122.20683652067595,122.4843978881836,11688300
2016-08-22,122.25639815253874,123.74334045778592,122.03831207102574,123.06925964355469,14386400
2016-08-23,123.42612656319659,124.0010718407792,123.16838777898252,123.28734588623047,13309500
2016-08-24,123.38648548841482,123.60457159076479,122.01849359657602,122.40510559082031,12243700
2016-08-25,122.04822969916256,123.28734831287774,122.02839956607443,122.8115234375,10730800
2016-08-26,122.9701256572083,124.10020114890916,122.8313449872085,123.87220001220703,17504800
2016-08-29,123.26751549030008,125.6268021196452,123.26751549030008,125.4384536743164,15925900
2016-08-30,125.49793121486417,125.49793121486417,124.06055665352514,124.74454498291016,17804300
2016-08-31,124.50662482692638,125.1212303229309,124.01097742907797,125.02210235595703,14200600
2016-09-01,125.27983390294489,125.52765760255245,124.50662517024594,125.07166290283203,13536100
2016-09-02,125.74574326519499,125.75565833078166,124.90314420182611,125.40870666503906,12118800
2016-09-06,125.56731764969224,128.80885606550805,125.36906170359678,128.60067749023438,26278400
2016-09-07,128.90799259427092,130.83110727637796,128.81877967626662,129.90921020507812,27990800
2016-09-08,129.78035260998584,129.93896345613516,128.68001444451454,129.13601684570312,15676600
2016-09-09,128.58085603394414,128.81875710694152,125.99356842041016,125.99356842041016,27100700
2016-09-12,124.86350941776558,127.63913070492909,124.65533838845184,127.56974792480469,21252800
2016-09-13,126.91549217773118,127.23271382454001,125.55742292648742,126.10263061523438,18016200
2016-09-14,125.78540099986338,127.67877776481933,125.78540099986338,126.6577377319336,15691100
2016-09-15,126.86592994096408,127.97618299811768,126.55862336627234,127.23271179199219,15077200
2016-09-16,127.08400479063667,128.05546956987266,127.08400479063667,127.94644165039062,24119200
2016-09-19,128.7790931394883,128.8088307692646,127.1434478720104,127.5300521850586,14958800
2016-09-20,127.53008725253285,128.04556485365885,126.91548923354898,127.52017974853516,11083800
2016-09-21,128.00589159036036,128.87822065528692,127.27232805475766,128.808837890625,14068300
2016-09-22,129.3639585366343,129.59195208269534,128.43213909713688,128.94761657714844,15538300
2016-09-23,126.44957275862836,127.4805279066973,126.19184153459089,126.8460922241211,28326300
2016-09-26,126.261234546004,127.04435842710664,125.69619675368692,126.20175170898438,15064900
2016-09-27,126.4991475772081,127.88695443929977,126.32071418594201,127.56974792480469,15637100
2016-09-28,128.08524175212713,128.34297302317376,127.28228004524826,128.1050567626953,12047600
2016-09-29,128.05546044544167,128.16450348311392,126.4396601384275,126.9749526977539,14532200
2016-09-30,126.91547277831037,127.47059544941297,126.34051997582316,127.15338897705078,18402900
2016-10-03,127.26243584130208,127.96624670407802,126.6874830215089,127.64904022216797,13156900
2016-10-04,128.04556145428177,128.15460449920275,126.43966854359084,127.0740966796875,14307500
2016-10-05,127.13357558605651,127.6787908262375,126.71723352790747,127.3516616821289,12386800
2016-10-06,127.31197151958438,127.93649202314234,126.96502744890745,127.6192855834961,11682700
2016-10-07,127.91666384122237,128.1248423875633,127.21285306150553,127.86711120605469,12804400
2016-10-10,128.5511091254094,129.56223410954888,128.07529183179747,129.1062469482422,15138700
2016-10-11,129.09634927953243,129.50278387759766,127.11375919253555,127.75811004638672,17537900
2016-10-12,127.88694495951215,128.53129569668877,127.3417448850786,127.92660522460938,11073000
2016-10-13,127.09391020034428,127.13355533606075,125.64661316838752,126.7072982788086,17139300
2016-10-14,127.37149803547238,127.82748525791776,126.46941596912207,126.76679992675781,13345300
2016-10-17,127.08400688500494,127.35166075112991,126.21167007007269,126.42975616455078,11351700
2016-10-18,127.55980304967217,128.2636289879673,126.89563737249779,127.45077514648438,13504000
2016-10-19,127.61931723420571,129.33425326144047,127.48053654632476,128.97738647460938,16752300
2016-10-20,128.93771454289268,129.522574811307,128.37266927865835,128.86831665039062,13167500
2016-10-21,128.65024491774724,130.97979387459094,128.57093951432714,130.92031860351562,19088800
2016-10-24,131.5646435822047,132.2486393962456,130.9995983007073,132.11976623535156,17470200
2016-10-25,132.33785531705215,132.33785531705215,131.06899918775932,131.1383819580078,13336800
2016-10-26,130.4940443937198,131.10864231776475,129.80014107206296,129.89926147460938,13084700
2016-10-27,130.59317718148878,130.65265244696005,128.14467791320453,128.56101989746094,16741400
2016-10-28,129.363993614297,131.81249340082837,128.7989482208078,130.14710998535156,24545500
2016-10-31,130.86082602990442,130.96986906704848,129.74067314937935,129.84971618652344,15669000
2016-11-01,130.2660574222336,130.79144247278973,127.53007400700369,128.3726806640625,22077800
2016-11-02,129.0963252411919,129.0963252411919,125.18071357367069,126.0629653930664,39640900
2016-11-03,120.93796526590984,122.20682139632797,118.45972827275594,118.95537567138672,63766300
2016-11-04,118.54895444468288,120.86858846268454,118.21191780611595,119.69886016845703,30545500
2016-11-07,121.76075073621007,122.13744006425803,120.29363100042916,121.086669921875,23008900
2016-11-08,120.96771831343428,123.52526103136567,120.48198591851833,123.13865661621094,19460800
2016-11-09,120.44232845429073,122.73221721709533,119.4609486363716,122.10770416259766,31916000
2016-11-10,122.85117086824003,123.09899458034711,114.26655385062068,119.74842071533203,67846700
2016-11-11,118.48947975967299,119.6492929929524,117.12149550218804,117.98391723632812,32840100
2016-11-14,118.09294837919421,118.09294837919421,112.5615290691518,114.07820892333984,51377000
2016-11-15,115.7138387292479,117.4585120323544,114.8216719475578,116.17974090576172,34681400
2016-11-16,113.4834535296799,116.8538504377746,113.21579964770804,115.32725524902344,32397900
2016-11-17,115.79314566724183,116.76461791992188,115.00011434791172,116.76461791992188,18597800
2016-11-18,117.35938111342715,118.09293708745348,115.82287127462293,116.00130462646484,22879300
2016-11-21,117.17104631325257,120.88840193947225,116.77453443017264,120.70996856689453,35415400
2016-11-22,121.33450225361518,121.9094551343333,119.84755984257329,120.41259765625,26089200
2016-11-23,120.17467498909306,120.25397282724636,118.89590375700216,119.7880630493164,15672100
2016-11-25,119.95659765203645,120.08546326602573,119.02477802832668,119.33207702636719,8658600
2016-11-28,119.07433999246336,120.63067260297757,118.7769485125518,119.36181640625,18101300
2016-11-29,119.52043380225591,121.03711389084626,119.35191547307484,119.81782531738281,18891000
2016-11-30,119.27259129112748,120.72979587256935,116.92321986768252,117.38912963867188,30188900
2016-12-01,117.34948367456744,117.41887401276296,113.00761487823426,114.09803771972656,43277000
2016-12-02,114.10795509365111,115.46603181206181,113.30500865501065,114.39543151855469,25070400
2016-12-05,114.94064837099094,116.54654893982013,114.06831152291234,116.40776824951172,20201500
2016-12-06,116.66549235138156,116.77453538901771,115.31733076149767,116.2887954711914,19131200
2016-12-07,115.98150588145802,116.92323303222656,115.55524876245141,116.92323303222656,21913700
2016-12-08,116.95297338784029,118.45973827924597,116.61592919555154,117.8748779296875,22442800
2016-12-09,118.18216600997047,118.89589946846118,117.91451218154694,118.6381607055664,17464700
2016-12-12,118.18218661544701,118.20200918698164,116.6258538271557,116.74480438232422,17805500
2016-12-13,116.83403313742171,120.46216902368168,116.58620937929261,119.26270294189453,29768000
2016-12-14,118.95538032255946,120.63067101558892,117.81538974853905,119.1635513305664,25913100
2016-12-15,119.03469151352151,121.43362331824433,118.58860427782989,119.52042388916016,20139600
2016-12-16,119.84753997796288,120.44231533120018,118.23172465214314,118.82650756835938,25324300
2016-12-19,118.8066786449956,119.31224110372587,117.4783472613651,118.20198822021484,15918100
2016-12-20,118.45974112077853,118.727387417357,117.76583771262703,118.05330657958984,13684400
2016-12-21,117.88478792181107,118.16234928427329,117.44862330779038,118.00374603271484,10767600
2016-12-22,117.82530314334566,117.95416874752807,115.9121038344414,116.37801361083984,16258600
2016-12-23,115.98150683376345,116.53662957452354,115.28760340781331,116.24915313720703,10890000
2016-12-27,115.94184157340958,117.6468698787946,115.84271360372006,116.98270416259766,12051500
2016-12-28,117.16113984726732,117.22061511765986,115.63454488236353,115.90219116210938,12087400
2016-12-29,115.9815090621274,116.5068941751525,115.0496893896797,115.33716583251953,9934900
2016-12-30,115.58498740704327,115.81298856881557,113.77091586874674,114.0484848022461,18684100
2017-01-03,115.01992074237994,116.81416169664685,114.50445083545037,115.84269714355469,20663900
2017-01-04,116.52671612923757,118.61834893035878,116.26897734289162,117.65679168701172,19630900
2017-01-05,117.82531128079145,119.89711397154653,117.29001113240511,119.61955261230469,19492200
2017-01-06,119.92686168149302,122.80161087351247,118.98512697809012,122.33570861816406,28545300
2017-01-09,122.47448988733203,124.33812160659222,121.96892736257749,123.81273651123047,22880400
2017-01-10,123.73342689455781,124.40750771697775,123.19812675060845,123.26751708984375,17324600
2017-01-11,123.26751206892482,125.02210817423183,122.98003565723667,124.99236297607422,18356500
2017-01-12,124.51654370909799,125.6267966369815,123.7135973201256,125.51775360107422,18653900
2017-01-13,126.38018678330236,128.14469808752463,126.261236233633,127.22278594970703,24884300
2017-01-17,126.92538482940549,127.22277630699845,126.29096429896742,126.75687408447266,15294500
2017-01-18,127.29217455026046,127.31198955645034,125.73583438469585,126.80643463134766,13145900
2017-01-19,127.11375535560623,127.2327210428892,126.34054645509372,126.43968200683594,12195500
2017-01-20,126.984882655558,127.36156443165372,125.67636612797139,125.9341049194336,19097200
2017-01-23,126.20174722976896,128.12486169391622,125.84488047223688,127.8076400756836,16593600
2017-01-24,128.25372756036967,128.76918997169253,127.26243274880633,128.24380493164062,15162700
2017-01-25,128.8683219149665,130.59318028440399,128.64032834992364,130.33543395996094,18731300
2017-01-26,130.4841774641234,131.98102760384074,130.29582897697458,131.62416076660156,20020100
2017-01-27,131.52500538016162,131.79265924923342,129.9389425517207,131.02935791015625,19539500
2017-01-30,130.43459627532897,130.43459627532897,128.4718364352734,129.83981323242188,18956100
2017-01-31,129.0368588191783,129.5225987787039,128.39252316707874,129.18556213378906,19790500
2017-02-01,131.09875613893414,132.32796731291714,129.54241581882755,132.07022094726562,50139800
2017-02-02,132.06032149304792,134.3105653848427,129.26486232447974,129.70103454589844,54366400
2017-02-03,130.0975596097968,131.69354514477098,129.6217271250867,129.83981323242188,24804900
2017-02-06,129.83981523127633,130.91041564941406,129.1657418898348,130.91041564941406,17058500
2017-02-07,131.08883352540656,131.84221214948707,130.51388070994037,130.6923065185547,14596400
2017-02-08,131.4456910023173,133.26966972737824,131.28708021075784,133.03175354003906,22390600
2017-02-09,133.3192492855504,133.3291567886653,132.14951350175716,132.9722900390625,16470600
2017-02-10,132.93266818198023,133.76535236823372,132.5163109628919,133.02188110351562,15061900
2017-02-13,133.52739214078343,133.52739214078343,132.5360974476433,132.883056640625,13526200
2017-02-14,132.93265343933567,133.06151149194216,131.3961433041297,132.68482971191406,14364900
2017-02-15,132.28828885037237,132.5361125519002,131.50517260896603,132.27838134765625,13226500
2017-02-16,131.9116252838458,132.70464913722722,131.86205751151937,132.67491149902344,12831100
2017-02-17,132.3378618520214,132.92272218053802,132.01073273794628,132.3675994873047,12276500
2017-02-21,132.3378831271708,132.74431770932767,131.7431000739675,132.55596923828125,14759100
2017-02-22,132.43700630596757,135.5992243697369,132.29822562331302,134.93505859375,27360100
2017-02-23,134.70705620159785,134.93504978122027,133.1606386598825,134.18167114257812,18422500
2017-02-24,132.99213004113886,134.43941215318864,132.99213004113886,134.260986328125,12625700
2017-02-27,134.08256628639683,135.98585101368076,133.84466514921286,135.22256469726562,14306700
2017-02-28,135.59919527857494,135.61902540783126,133.5769607471741,134.36007690429688,16112100
2017-03-01,135.28199736662054,136.28319963079517,135.1134790722124,136.22372436523438,16257000
2017-03-02,135.8966176658228,136.62027385191215,135.1234088342414,135.56948852539062,12294800
2017-03-03,135.44061383363706,136.1345171708499,134.8953986665561,135.9759063720703,11160600
2017-03-06,135.68843184922954,136.63015884784338,135.3216425016752,136.22372436523438,12748200
2017-03-07,135.83714349602923,137.1654750763817,135.79749835412093,136.10479736328125,13527100
2017-03-08,135.95607287961366,136.78877198964133,135.85695247729558,136.5211181640625,10184500
2017-03-09,136.52112827646758,137.3637349513533,136.2039066632535,137.03660583496094,15535300
2017-03-10,137.70076803304235,138.2757208477516,137.01677218233723,137.58180236816406,16314100
2017-03-13,137.50248349999043,138.4640253662412,137.46282324462524,138.38473510742188,10955500
2017-03-14,138.2460194766609,138.2460194766609,137.3141996748063,138.10723876953125,12944000
2017-03-15,138.07744326480076,138.88040474248697,137.28441954148659,138.5037078857422,19344800
2017-03-16,138.97954102053976,139.02910879039848,138.51363121059498,138.77137756347656,13612900
2017-03-17,139.1183434469973,139.1183434469973,138.48391522112922,138.62269592285156,20592800
2017-03-20,138.493808180821,138.96962546679075,138.03780590087916,138.7218017578125,12099500
2017-03-21,139.92126280869712,141.0711684713505,137.19520195596974,137.3042449951172,29894800
2017-03-22,136.7293093733573,138.57311864176773,136.4021953407015,138.37486267089844,17055400
2017-03-23,138.26577037821033,139.1678521192675,137.87916607860805,138.31533813476562,13022800
2017-03-24,138.86060066334525,139.79242035161244,138.54337901373904,139.1183319091797,16664700
2017-03-27,137.83956195573714,139.42562475566535,137.5620005876007,139.0985107421875,12800500
2017-03-28,139.13814843382002,140.71430364548038,138.79118917924654,140.5259552001953,14679400
2017-03-29,140.75396002517493,141.61638169718904,140.19882220799045,141.408203125,16527600
2017-03-30,141.16039597332048,141.70561122543,140.6151958471716,141.17031860351562,12404000
2017-03-31,141.0711619913886,141.38838359104963,140.6548199863023,140.8134307861328,11478300
2017-04-03,140.69446837041266,141.22977605070557,139.59414562683457,141.0414276123047,13564000
2017-04-04,140.6250737192191,140.85306727625513,140.04021344745138,140.49620056152344,12948600
2017-04-05,141.02157740896234,142.19131301077414,140.0600203478477,140.6151580810547,17158100
2017-04-06,140.872920712733,140.98196375821786,139.68336984214542,139.94110107421875,15103400
2017-04-07,139.97081585738127,140.31777507071683,139.0191813666762,139.55447387695312,11818300
2017-04-10,139.77258020141733,140.19882974582623,139.4058059305576,139.81222534179688,9039400
2017-04-11,139.57430958835764,139.8023031550036,137.6016275090589,138.70196533203125,16638100
2017-04-12,138.5037098653781,139.1777830650213,138.2261485330594,138.36492919921875,11612500
2017-04-13,138.40459883237656,139.35624865873314,138.11712994657975,138.17660522460938,10965600
2017-04-17,138.54335086896384,140.31777696831105,138.53344336666163,140.18890380859375,11519700
2017-04-18,140.04022439113626,140.67465247513135,139.38596617534043,139.73292541503906,14807500
2017-04-19,140.11952003753441,141.7947954720787,140.04021464181127,141.03150939941406,15563900
2017-04-20,141.7056110100073,142.99429747868146,141.4478797666567,142.5482177734375,15968200
2017-04-21,142.64733108476128,142.91498494495352,141.03153067180185,142.4292449951172,12382000
2017-04-24,143.69810414342254,144.40191499695086,143.083491067742,144.2036590576172,14407200
2017-04-25,144.52086424443638,145.869025796205,144.52086424443638,145.21478271484375,17767500
2017-04-26,145.80956478007778,146.3052122354123,144.81826986940877,145.2841796875,12395000
2017-04-27,145.39322827740756,146.46382863687356,144.86784316479375,146.4142608642578,11275100
2017-04-28,148.1986063673175,150.2109340597533,147.77235676665572,148.94207763671875,30652200
2017-05-01,150.4191245911027,151.24190134289267,150.10190289722385,151.1328582763672,25218300
2017-05-02,152.00518079657573,152.1043163529126,150.33981235704388,151.45005798339844,21870400
2017-05-03,152.2628951582923,152.2628951582923,150.02255911450226,150.4785614013672,29782500
2017-05-04,148.86274635084632,150.20100045359757,147.42537183830993,149.53683471679688,36225500
2017-05-05,150.1315870849929,150.31002800575547,148.48603416732234,148.93212890625,17148500
2017-05-08,149.39806622449962,149.7648405099342,148.4365089280184,149.74501037597656,15827500
2017-05-09,150.1712767799433,151.2616921447133,148.90242045943538,149.17005920410156,17453900
2017-05-10,148.92224469042733,149.2097287130422,147.56417537092534,148.98171997070312,12080700
2017-05-11,149.00154058885647,149.33857723953253,148.10938118978214,148.73388671875,11841900
2017-05-12,149.09076034723097,149.15025075239907,148.32747409612668,149.02137756347656,9598200
2017-05-15,148.86273822811637,150.16133199532825,148.46622635869352,148.882568359375,15064700
2017-05-16,148.80326435592949,148.90239988719412,147.73266414729665,148.47613525390625,14550800
2017-05-17,146.7116538799038,147.37581968708267,143.1628161128287,143.58908081054688,28300100
2017-05-18,143.46020890568977,146.8603433837302,143.25203030709343,146.37461853027344,23031600
2017-05-19,147.15772256393998,148.08954217542922,146.67199775119826,146.7711181640625,16187900
2017-05-22,146.79095887898018,147.29651386112334,146.40435445123288,146.94956970214844,12586700
2017-05-23,147.22713134148054,147.5146002237686,145.96818251002998,146.7810516357422,12817800
2017-05-24,147.21720666474738,148.92223517823382,147.12799375003203,148.73388671875,17862400
2017-05-25,148.99162338380555,151.2616820019777,148.6446641256672,150.63717651367188,19891400
2017-05-26,150.9047997234511,150.9246298542667,149.8341995487788,150.80567932128906,14996200
2017-05-30,150.64709327630788,151.5689903102576,150.31996413091787,151.05352783203125,13226000
2017-05-31,151.37073659082762,152.01508738710086,149.77475110837076,150.14154052734375,18023900
2017-06-01,150.4289930588772,150.96428562093,148.99161855566456,150.21090698242188,14530600
2017-06-02,150.52813829156642,152.29264202313797,149.98292306530328,152.27281188964844,16854400
2017-06-05,152.30254055982212,153.36323331264384,152.07454697897558,152.29263305664062,12520400
2017-06-06,152.07454981879818,153.17488773085245,151.1526377230968,151.47976684570312,13457100
2017-06-07,151.93578217643255,152.41159952015332,151.01387000164038,151.78707885742188,12066700
2017-06-08,152.73869967068853,153.38303521951443,151.76723503330314,153.36322021484375,17799400
2017-06-09,153.42269095908173,154.23554477939854,145.33372226025782,148.29769897460938,35577700
2017-06-12,146.88015804135935,147.9011905402127,143.30158298075054,147.14781188964844,33170200
2017-06-13,148.8429163288777,149.86394881877195,147.60379776095178,149.36830139160156,20483400
2017-06-14,149.94328016749955,151.073355891951,147.75252663086908,148.94207763671875,20808800
2017-06-15,146.38450880711042,148.73387276327318,145.0958224758382,148.4959716796875,18994200
2017-06-16,148.28778126338656,149.51699222559805,147.30640912004958,149.32864379882812,22882400
2017-06-19,150.38933988115386,152.23314880337537,150.38933988115386,151.5392303466797,19026500
2017-06-20,151.54915741977874,152.50079197956828,150.88499170331184,150.9246368408203,14743900
2017-06-21,151.0336804228886,152.73870873513582,150.55786314127224,152.5701904296875,15039800
2017-06-22,151.67803181275923,153.20463447568622,151.57891139532308,152.06463623046875,13005500
2017-06-23,151.39054392976405,153.84895081252103,151.3211460329082,153.7200927734375,18027000
2017-06-26,154.8898234484844,155.13764716600198,151.86637106957812,152.2529754638672,18049700
2017-06-27,151.50950121305212,151.97541100253437,149.0808318562363,149.26918029785156,19360800
2017-06-28,149.60622494159466,152.1340299693682,148.55545476459667,151.90603637695312,16719100
2017-06-29,150.95436967852862,151.1724557427916,147.62361857319013,149.72515869140625,23973500
2017-06-30,150.57768465542878,150.59751478809116,148.7537057254306,149.6656951904297,17666000
2017-07-03,150.39926234458315,150.82551188802339,146.513388179951,147.1378936767578,13862700
2017-07-05,147.70291865707227,149.5368200062176,146.84049705958236,149.03125,14334300
2017-07-06,147.7326690614727,148.7338714063326,146.7116365845086,147.52450561523438,14951800
2017-07-07,147.9507507829903,150.66690401490413,147.89127551438665,150.12168884277344,13615900
2017-07-10,150.36953117009799,152.63958991672814,150.19109021622765,152.1637725830078,13378700
2017-07-11,152.0348960669947,154.0670536651799,151.57890887725088,153.91836547851562,13667700
2017-07-12,155.12772990079637,157.7744852222144,154.8402459360295,157.51673889160156,22739400
2017-07-13,157.3581338129062,158.3890736958638,157.0409122329454,157.87359619140625,13929200
2017-07-14,158.7360644347633,158.92441289452822,157.9430254533134,158.57745361328125,16371200
2017-07-17,158.85501618493964,159.38040129984262,157.42754903276526,158.33953857421875,12858800
2017-07-18,158.2701355823085,162.30469765946916,158.03221937867391,161.44227600097656,23722900
2017-07-19,162.1659206722687,164.25755340811133,161.74957865092037,162.7111358642578,26273600
2017-07-20,163.36538637572238,163.5636423109076,161.39270427462768,163.0977325439453,18523100
2017-07-21,162.7309879544063,163.61323988377646,162.32455338135819,162.99862670898438,14744000
2017-07-24,163.20680041741076,164.7234804850571,162.8796712678846,164.55496215820312,17367000
2017-07-25,163.57354795349312,164.0989329824407,162.4335649946729,163.84120178222656,15383200
2017-07-26,164.56484683665977,164.56484683665977,162.67148523523366,164.1683349609375,35236900
2017-07-27,173.17922513828498,173.96235662112483,166.04190450705445,168.95631408691406,68910700
2017-07-28,167.59822524268463,171.92025620826385,167.57839511068912,170.94879150390625,24557600
2017-07-31,170.50271800279265,171.21645152078807,167.08275371920757,167.7766571044922,25478900
2017-08-01,168.34167200637734,168.98600750637067,167.5783708575872,168.38131713867188,14385000
2017-08-02,168.81752782973666,169.06535155963175,165.45703865739745,167.82623291015625,17433800
2017-08-03,167.82621672752848,168.222728606743,166.78535413714212,167.1223907470703,10793800
2017-08-04,167.49911219622538,168.57962008268356,167.22155081485926,168.14344787597656,10777700
2017-08-07,168.47059759156494,170.5622308373881,168.1831286707669,170.48292541503906,12787800
2017-08-08,170.38374580214926,171.54355883998616,169.13470474143455,169.73939514160156,14393500
2017-08-09,168.50029902582298,169.95750370568328,168.08395699242854,169.68984985351562,10815000
2017-08-10,168.57962791242397,169.10501306055158,165.3975793832707,165.94277954101562,20832700
2017-08-11,166.48794813288507,167.3503848401349,165.3975329972425,166.6168212890625,13791200
2017-08-14,168.6093373500427,169.59072469656067,167.81629844511536,169.2635955810547,12954200
2017-08-15,169.99718408454046,170.0070915891413,168.53005660170885,169.51144409179688,8729200
2017-08-16,169.75924491882324,169.88811809103936,167.76674769388046,168.52012634277344,15779900
2017-08-17,167.86583957440308,168.38131704969933,165.3975254710332,165.45700073242188,17216000
2017-08-18,165.38763714282814,167.20170862118172,164.76313164277576,165.9526824951172,15093600
2017-08-21,165.70486000680907,166.53754409706403,164.37652846388428,166.3194580078125,11907500
2017-08-22,166.81510735138656,168.3912626385125,165.6949392553481,168.16326904296875,11391000
2017-08-23,167.3702215723392,167.88569913801135,166.73579346303475,167.24136352539062,9856500
2017-08-24,167.4098759174614,167.81629530248614,164.96137647455325,166.27980041503906,14030400
2017-08-25,166.3987646340044,166.91424222382497,164.7333813153379,164.87217712402344,12614500
2017-08-28,165.4570505254586,166.24016691267684,164.882097615746,165.7841796875,8553700
2017-08-29,163.81148365729695,166.9637942063987,163.5636599301301,166.5871124267578,11121000
2017-08-30,166.70606035313617,168.6985576428694,166.17076776629847,168.44082641601562,11138300
2017-08-31,168.91662138903118,170.65138722247588,168.57958480019178,170.47296142578125,17226500
2017-09-01,170.89923426560307,171.41471184753254,169.81872645764068,170.52255249023438,11677600
2017-09-05,169.77907138806177,170.8893167679402,168.07404305412913,169.23385620117188,13210900
2017-09-06,169.42221349289323,170.97853860664867,168.0938819688554,170.59193420410156,13906300
2017-09-07,170.44324547078008,171.80131462709602,168.78778482285844,171.7021942138672,18049500
2017-09-08,171.58320796959194,171.9797349528443,169.31314960355868,169.4618377685547,10998500
2017-09-11,170.89921964805296,172.37625436422556,170.70096371071747,171.9995574951172,12372000
2017-09-12,172.24738472750457,172.48530093275699,170.2548875586265,171.45436096191406,11186300
2017-09-13,171.50394934702,171.6625601835787,170.56222208464087,171.54360961914062,9119300
2017-09-14,170.76047317150932,170.78030330700108,169.0157993972707,169.4718017578125,15615700
2017-09-15,169.3925104563408,170.83979282264278,168.77789721257554,170.14588928222656,15660500
2017-09-18,170.4928348320462,170.5721402482485,167.86589397046572,168.53005981445312,12954000
2017-09-19,169.1347343128583,171.05784887670634,168.8770030791521,171.01820373535156,13168600
2017-09-20,170.99837853761827,171.54359378423464,169.21404460594667,170.67124938964844,12264100
2017-09-21,170.19542098725773,170.77037383486703,168.53003771729297,169.62046813964844,11161400
2017-09-22,168.7282906974242,170.23504786821061,167.74690342256534,169.05540466308594,12097100
2017-09-25,167.7667688169061,167.82624409589138,160.15361546160733,161.45220947265625,41251600
2017-09-26,163.06801697172008,164.05931190771838,161.3629884717262,162.78054809570312,23363300
2017-09-27,164.45580284565122,166.87456460098434,164.12868886935962,166.22030639648438,19242500
2017-09-28,166.47806837469517,167.59823645502036,165.7048595606887,167.2611846923828,12178700
2017-09-29,167.36030310275785,170.1656692052864,167.34047297146543,169.38253784179688,15340400
2017-10-02,169.89803540415485,170.37385272956294,167.28101742547034,167.9947509765625,13392300
2017-10-03,167.82624095904663,169.24378550157076,167.72710541195005,168.48049926757812,8190300
2017-10-04,168.351617401259,169.18430150047783,166.8250147600645,166.95388793945312,12127900
2017-10-05,167.7072787504891,169.81874191449523,167.13234096849678,169.74935913085938,14580600
2017-10-06,168.76793818077277,170.86947829754834,168.2722907852345,170.73069763183594,13124500
2017-10-09,171.19663853744936,173.3576694406245,170.50273508265397,170.99838256835938,14570400
2017-10-10,171.49401235464845,171.692268303277,169.31316666781586,170.09628295898438,11341100
2017-10-11,170.45312054794098,171.27589696361235,169.90790543804349,171.2362518310547,11283700
2017-10-12,171.10741839085242,172.3366295488127,170.79019675294256,171.04794311523438,10351000
2017-10-13,171.94008560822274,173.12963638159022,171.69226190018958,172.22756958007812,13658300
2017-10-16,172.97107107571148,173.47662608352306,172.5448063575492,173.0008087158203,11498800
2017-10-17,173.18914322682605,174.59678020703677,172.84218395224192,174.5769500732422,15990100
2017-10-18,175.1122328672521,175.2014609013485,174.22007353396262,174.4976348876953,12752400
2017-10-19,173.40721006469872,174.49764050802654,171.12724388931116,173.04043579101562,14048400
2017-10-20,173.9722341133268,174.34893097051693,173.10981249392628,173.45675659179688,12602200
2017-10-23,173.67484937384677,173.81363004355651,169.75923786150307,169.77906799316406,13852700
2017-10-24,170.80010604422043,171.73192562535988,170.00706713733842,170.30445861816406,12267900
2017-10-25,170.40360056910347,170.75055986158688,167.4198081323979,169.11492919921875,15868200
2017-10-26,169.88810916810442,170.79017594836097,168.90672186207252,169.14463806152344,11833100
2017-10-27,172.6339871346305,176.65865681621037,172.38616342922563,176.33152770996094,30285300
2017-10-30,177.69949355024056,179.1170529250752,176.06386324369674,178.30418395996094,24353200
2017-10-31,178.99812378046002,179.22611736764028,177.38230828540637,178.4925537109375,20174200
2017-11-01,180.77252429976699,181.3078168480914,178.99811322425236,181.06991577148438,40918300
2017-11-02,179.05763959493814,180.35623376188792,175.79627023006944,177.36251831054688,35529900
2017-11-03,177.72929265896272,178.29433812908078,175.1717645997888,177.36251831054688,17822100
2017-11-06,177.00560768877534,178.87915436815607,176.75778397390508,178.60159301757812,13312700
2017-11-07,178.92873193156206,179.17655565999914,177.40214441981212,178.680908203125,12928200
2017-11-08,178.2249113264606,178.78004920090777,177.55083802500116,177.99691772460938,10494100
2017-11-09,176.7577789315302,177.83828666731063,175.5483980273867,177.73916625976562,12610300
2017-11-10,176.7974358474302,177.54090695675336,176.41083147562048,176.90647888183594,11070200
2017-11-13,175.9548421538612,177.48142962191474,175.75658620197834,177.2137908935547,9523400
2017-11-14,176.5793727372629,177.41205685773943,175.6376304422426,176.5198974609375,9585900
2017-11-15,175.12216091520685,177.01553780715068,174.8644145602232,176.4009246826172,10253700
2017-11-16,177.20385010127052,178.2645427803636,176.94611890283537,178.02662658691406,15607600
2017-11-17,177.73916393159448,178.4132371475223,177.34263692873233,177.4417724609375,13018000
2017-11-20,177.3129095618501,177.93743017379774,176.54962339831343,177.18405151367188,10052400
2017-11-21,177.59045519698293,180.3066083610986,177.43185952665146,180.27687072753906,14504000
2017-11-22,179.72178167176193,180.14803124978954,178.86926738974583,179.29551696777344,10376300
2017-11-24,178.8296168042394,181.55567812824282,178.7205737462408,181.18890380859375,9426300
2017-11-27,180.97078150462093,182.13059463906762,180.40575131776887,181.4366912841797,12344500
2017-11-28,181.9125238148173,182.6460874948777,180.5048868552094,180.83201599121094,14379700
2017-11-29,180.30663221603828,180.38593762467534,172.48531590998596,173.60548400878906,41933500
2017-11-30,175.31050502004086,176.7280494334656,173.6748593976745,175.6376190185547,25307600
2017-12-01,174.49764163388252,175.93501622684508,170.83976099925295,173.57574462890625,20182500
2017-12-04,174.7553586469446,175.03293511478452,169.30323709062822,169.97732543945312,24459400
2017-12-05,168.96621377074135,173.85330552479402,167.5387466853713,171.32550048828125,20184900
2017-12-06,170.99836691260768,175.23120028826378,170.4035839338322,174.52737426757812,20255800
2017-12-07,174.26962272863028,178.81966207017962,174.26962272863028,178.57183837890625,20404500
2017-12-08,179.94974714095116,180.69321825461432,177.184041253546,177.4417724609375,19883800
2017-12-11,177.73916112420076,178.651150527441,177.24351372292077,177.48141479492188,13168600
2017-12-12,177.0452787275038,177.62021647014566,175.0626888878944,175.4195556640625,16854100
2017-12-13,175.75658415449456,177.6003932248488,175.7070163856114,176.7478790283203,14615700
2017-12-14,176.73796162726978,178.7899493372519,176.1332711313096,176.83709716796875,13591000
2017-12-15,177.46163578080555,178.9188406461832,176.8073774481949,178.6115264892578,28463100
2017-12-18,179.4342897517055,179.72177375181147,178.18526358582372,179.24595642089844,17265400
2017-12-19,178.38351409476869,178.51238727197827,176.66857815433568,177.9473419189453,14920600
2017-12-20,178.24473028084086,178.24473028084086,175.81606084556094,176.34144592285156,11860500
2017-12-21,176.3910133740639,177.12456190467773,175.5087615358687,175.9052734375,11600700
2017-12-22,175.5979649161255,175.984569293323,174.69588299401184,175.65744018554688,8509500
2017-12-26,175.09239004759607,175.4591642512048,173.1494457541391,174.4579620361328,8897300
2017-12-27,175.01312901612863,176.88667589408578,174.72564500587168,176.0738067626953,9496100
2017-12-28,176.40093820076817,177.3823256737269,176.1332843216047,176.37120056152344,12220800
2017-12-29,176.45049190698796,177.29309862097264,174.9239044189453,174.9239044189453,10261500
2018-01-02,176.13328018604338,179.999339582654,176.0044221276621,179.84072875976562,18151900
2018-01-03,180.2967176457999,183.1714667479119,179.751502436514,183.0624237060547,16886600
2018-01-04,183.2904177909751,184.58902679333156,182.49739398545236,182.7253875732422,13880900
2018-01-05,183.97440850911812,185.27300234901395,183.3201502745883,185.22344970703125,13574500
2018-01-08,185.57040614019564,187.25560448028762,184.7079843994458,186.64100646972656,17994700
2018-01-09,187.0573499699718,187.1564855131991,185.47128716005633,186.2345733642578,12393100
2018-01-10,185.31268979319694,186.25441701837585,184.01409576283888,186.20484924316406,10529900
2018-01-11,186.75994247751348,186.75994247751348,185.74883262776623,186.13543701171875,9588600
2018-01-12,176.50998446734238,179.90021153662127,175.85572614012332,177.80857849121094,77551300
2018-01-16,179.920024921805,180.16784864759262,176.49013790148217,176.83709716796875,36183800
2018-01-17,177.69950828215173,177.75899867859457,174.26963659260204,176.05397033691406,27992400
2018-01-18,176.57937203338523,179.40455352930326,175.53850932395844,178.23483276367188,23304900
2018-01-19,179.2756959595258,180.78245337771955,178.60160753478826,179.71185302734375,26826500
2018-01-22,179.22613741251277,183.77617779134073,178.8395329710299,183.75634765625,21059500
2018-01-23,184.43039956754288,187.89993134877497,183.93475217022402,187.70167541503906,25678800
2018-01-24,188.2369925841679,189.000293911204,184.89633352933782,184.9260711669922,24334500
2018-01-25,186.31387123336546,186.9780369934205,184.97563220971773,185.84796142578125,17377700
2018-01-26,186.1155950445878,188.34600830078125,185.18377553073591,188.34600830078125,17759200
2018-01-29,187.10691408254664,187.19612699413045,184.0140788066284,184.36102294921875,20453200
2018-01-30,185.98675159542472,186.54187434105302,180.2570680586807,185.49110412597656,20858600
2018-01-31,186.7302041689349,188.17750129074471,183.6076314733445,185.26309204101562,43275100
2018-02-01,186.58151758081607,193.61971705502415,186.2543884657204,191.40911865234375,54211300
2018-02-02,190.3682544055563,192.51937751905749,188.32618945544513,188.6235809326172,26677500
2018-02-05,185.30275408797968,188.95072729752363,179.03777799305453,179.68211364746094,33128200
2018-02-06,177.0155357600023,184.15285594249758,176.1927591862232,183.6968536376953,37758500
2018-02-07,182.54696886365033,183.46888108250377,178.38353287369765,178.6115264892578,27601900
2018-02-08,179.43428361007963,180.25706018855595,169.98724446493733,170.0863800048828,38478300
2018-02-09,173.2386958723722,175.36006640958556,165.72467851601013,174.5769500732422,39887600
2018-02-12,175.51866421721985,176.00440414043877,170.34410387550926,174.87432861328125,32092100
2018-02-13,174.09123068014512,174.438189995717,171.59317806149062,171.64273071289062,21809400
2018-02-14,171.9400782394179,178.24471370662351,171.70217717051534,177.95724487304688,28929700
2018-02-15,178.92874049961085,178.92874049961085,175.30059731132724,178.39344787597656,20922100
2018-02-16,177.43187074454818,178.31412255649565,174.7652851764264,175.81605529785156,20645300
2018-02-20,174.2398973821292,176.40091286195545,173.58563916080317,174.47779846191406,21204900
2018-02-21,175.1717314731892,179.69203387545096,174.8644173430519,176.3612823486328,23200800
2018-02-22,177.144400765712,178.64126578893575,175.86563696287894,177.431884765625,18464200
2018-02-23,178.3339385336285,181.79356302621224,177.94733414484938,181.69442749023438,19007300
2018-02-26,182.97320054028455,184.0438007659705,181.6250389737865,183.3201446533203,17599700
2018-02-27,182.84433303041052,183.09215674422944,179.88037109375,179.88037109375,15849800
2018-02-28,180.71304935776007,181.2880021705322,176.58925926157562,176.7677001953125,18783000
2018-03-01,177.45169956950028,178.55203754433077,172.89175197746962,174.40843200683594,23201600
2018-03-02,171.7814903672907,175.56824422955643,171.48411399147727,175.08250427246094,20025900
2018-03-05,174.66613948006142,179.5730456796201,174.35884051442227,178.82957458496094,16189300
2018-03-06,180.1975861426294,180.79236913443495,177.55083056841832,178.21499633789062,15086800
2018-03-07,177.18407201422997,182.21985238014497,176.51990618583432,182.11080932617188,19097300
2018-03-08,181.9620663818067,182.79475036213273,179.87043380263384,180.752685546875,17225900
2018-03-09,182.30903713259391,183.89509979647696,181.61513377177266,183.61753845214844,18526300
2018-03-12,183.61755166276623,184.4799885187979,182.61634925054545,183.15164184570312,15301200
2018-03-13,183.99424817762588,184.3709450823562,179.53342109893052,180.29672241210938,18067500
2018-03-14,181.01045363600093,182.6460841601859,180.2669824657424,182.58660888671875,16821700
2018-03-15,181.6448777278871,182.3982563850015,180.6040150874547,182.2594757080078,15614300
2018-03-16,182.88399193246673,183.7166759744637,181.81339168163106,183.478759765625,24403400
2018-03-19,175.46908971092665,175.62770051151432,168.57959377370895,171.05783081054688,88140100
2018-03-20,166.0121754374141,168.71840656155632,160.54022278311524,166.68624877929688,129851800
2018-03-21,163.36539601220227,171.89052273570618,161.87845372166515,167.91543579101562,106598800
2018-03-22,164.68386226663932,168.78782343698762,162.29483740967336,163.45465087890625,73743000
2018-03-23,163.99985578873338,165.1497616790438,157.63574337133988,158.0025177001953,53609700
2018-03-26,159.420034954314,159.69759628468182,147.7227534389627,158.66664123535156,126116600
2018-03-27,154.94930527971079,161.43238247494358,149.4377079889614,150.89491271972656,79117000
2018-03-28,150.32985376379096,154.52304175315547,149.48726224034175,151.69784545898438,60029200
2018-03-29,153.7993944412321,160.01481756842747,152.79819205869137,158.3990020751953,59434300
2018-04-02,156.43625498252916,157.81415436982158,152.76846666122913,154.03732299804688,36796000
2018-04-03,155.1871944442608,156.0198783949446,149.4971571960068,154.7510223388672,42543900
2018-04-04,150.70654980494265,154.20581929856272,149.19977744796915,153.7498321533203,49885600
2018-04-05,160.15357159359417,160.16349422134783,155.2863109170195,157.95289611816406,41449600
2018-04-06,156.35694332448483,160.0148239954182,155.44495381420236,155.83155822753906,41644800
2018-04-09,156.44617837378374,159.13257925388,154.68165942316588,156.55520629882812,34915200
2018-04-10,156.55522393137394,164.5351523101679,155.6432342775064,163.60333251953125,57889300
2018-04-11,163.92052735250545,167.18188095953568,161.82889448188192,164.87217712402344,56144600
2018-04-12,165.52644011572886,165.99234999058584,161.68022567936902,162.44351196289062,38263000
2018-04-13,163.14732012381594,164.25756559646135,162.34437365692347,163.0878448486328,19990600
2018-04-16,164.27737812400954,164.3368533928185,161.96765938752435,163.39512634277344,18119400
2018-04-17,164.38640656547815,167.52880903824035,164.21788827682673,167.1917724609375,22743000
2018-04-18,165.42729703905403,166.65649302914,164.32695909975985,164.9118194580078,20969600
2018-04-19,164.75320365323768,166.86466655747395,163.76190878754315,166.6366729736328,22235000
2018-04-20,166.32935403086026,166.9637821214487,164.3665944890333,164.83250427246094,19119400
2018-04-23,165.8139220472192,166.9836429090635,163.65289104051004,164.3963623046875,23088100
2018-04-24,163.98991968960416,164.65410063060472,156.81295378466345,158.29989624023438,35079900
2018-04-25,158.7459759517135,159.65796550934834,154.8303638439022,158.29989624023438,41083600
2018-04-26,171.7121164622946,174.73556915565018,169.31318444234256,172.64393615722656,77556900
2018-04-27,175.2708433689428,175.55832735149198,171.09750044096126,172.07887268066406,29804700
2018-04-30,172.2771272099344,174.19033415685408,170.2152472102316,170.50271606445312,20750500
2018-05-01,170.50270293658406,172.50512263657262,168.7481069327242,172.3465118408203,26025900
2018-05-02,172.73312858287306,176.52978969481686,172.6835608149028,174.53729248046875,30424500
2018-05-03,173.60548015262694,174.58685242004674,170.62167283203053,172.50514221191406,24026100
2018-05-04,171.57331640925128,175.43936031794507,171.55348627675664,175.0725860595703,17677800
2018-05-07,175.80614788227166,177.93742576162336,175.62770694358582,176.42074584960938,18697200
2018-05-08,176.69835240554062,177.48146888279788,175.5682765912674,177.36251831054688,15577200
2018-05-09,178.10593880910025,181.41685988352248,177.22368702277913,181.06991577148438,23282800
2018-05-10,181.55566073147946,184.50973051930407,180.91132507611303,183.91494750976562,21071400
2018-05-11,183.24087311580786,186.68066771899814,182.5766922045635,185.36224365234375,21207800
2018-05-14,186.0759821661453,186.22467035861766,184.57911710744096,185.01528930664062,15646700
2018-05-15,183.2706073472122,183.6770267635761,181.6052240370376,182.71548461914062,15429400
2018-05-16,182.10088736514376,182.7155005470522,181.06994722684894,181.60523986816406,16975500
2018-05-17,181.08975425286278,182.45774612452763,180.6337670462815,182.1603546142578,14840700
2018-05-18,181.89269847722036,182.58660185086396,181.02035416409177,181.08973693847656,13130500
2018-05-21,182.17025394378493,183.68693381361263,181.53582586180445,182.8839874267578,13532900
2018-05-22,183.3201498461213,183.80588976928098,181.83320756709747,182.1999969482422,12731400
2018-05-23,180.91130385662845,185.28291762388713,180.5940822551595,185.2729949951172,16628100
2018-05-24,184.26190975571723,185.17389929266875,183.41930299961913,184.31146240234375,12354700
2018-05-25,184.40067208372395,184.70797106682298,182.84433191001733,183.31024169921875,10965100
2018-05-29,182.73530121077513,185.1838008637145,182.1107956992606,184.1231231689453,16398900
2018-05-30,184.9161629843917,186.36346034247433,183.63739908746473,186.0363311767578,13736900
2018-05-31,186.23455303194112,191.0423389603274,185.8479486570988,190.1105194091797,30782600
2018-06-01,191.38931057039616,192.8564227638772,190.39801568610582,192.30130004882812,17307200
2018-06-04,190.17002124266943,192.2913918492032,189.80324694826578,191.5974884033203,18939800
2018-06-05,192.60859865668937,193.30250204910965,190.94321538892117,191.26043701171875,15544300
2018-06-06,189.36707841841059,190.85402088526257,187.4637938759554,189.67437744140625,22558900
2018-06-07,189.08952078010705,189.307606889642,185.1441709251805,186.54188537597656,21503200
2018-06-08,185.8975324185664,187.83055445910182,184.80710197213114,187.45387268066406,12677100
2018-06-11,187.16635868833566,190.9233742485449,187.15645118621418,189.87258911132812,12928900
2018-06-12,190.49713458751896,191.59747250538933,189.8924441078612,190.72512817382812,11562700
2018-06-13,191.06219078843887,192.80686442477753,190.2394141791202,190.7350616455078,15853800
2018-06-14,191.41904522967624,195.5626505211031,191.23069678443696,195.09674072265625,19120900
2018-06-15,194.08563593863826,195.35450741885344,192.94565277106884,194.14512634277344,21860900
2018-06-18,193.10423972255302,197.8426278934485,192.44007398845233,196.58367919921875,16826000
2018-06-19,194.53170966637177,196.2367380434897,192.1030251474352,195.7708282470703,19994000
2018-06-20,197.36681284359656,201.77807194914203,197.07932886341587,200.24156188964844,28230900
2018-06-21,200.99495205419396,201.61947269261083,198.34819643922546,199.7459259033203,19045700
2018-06-22,199.4088728635308,200.47947310165225,197.5749713663308,199.98382568359375,17420200
2018-06-25,198.258967170796,198.258967170796,191.42894635680042,194.6407470703125,25275100
2018-06-26,195.8798932794987,197.36683574328245,194.52180887692276,197.2677001953125,17897600
2018-06-27,197.44609874387024,199.00243890134223,194.09553247417213,194.1351776123047,18734400
2018-06-28,193.4809269043523,195.62212746969882,191.5776425549196,194.52178955078125,18172400
2018-06-29,195.60231794296328,195.87987930632607,192.27156645664977,192.62843322753906,15811600
2018-07-02,191.68668061146298,195.7311654210613,190.54669758251922,195.64195251464844,13961600
2018-07-03,192.85644072926257,193.69903238382457,190.8441131367732,191.05227661132812,13489500
2018-07-05,193.04477747503526,196.92072910262948,192.34095142893256,196.72247314453125,19684200
2018-07-06,196.72244292578586,201.86726517201907,195.97897185265293,201.46083068847656,19740100
2018-07-09,203.14603594276477,204.00847270373382,200.36049997712263,202.95770263671875,18149400
2018-07-10,202.71980772155925,203.12624226213603,200.49930169285776,201.76815795898438,13190100
2018-07-11,200.45966421186662,202.71981546763925,199.99375437944363,200.77687072753906,12927400
2018-07-12,201.65908916289092,205.27732417340758,201.42118809709686,205.11871337890625,15454700
2018-07-13,206.0009682977222,206.61556622843278,204.6528067756139,205.51524353027344,11486800
2018-07-16,205.69369451127582,206.9030755155876,205.0394362382626,205.42604064941406,11078200
2018-07-17,203.11633026351996,208.62794292006046,203.0568549863636,208.1620330810547,15349900
2018-07-18,207.9934931321234,209.15330629398784,206.62550139589192,207.53749084472656,15334900
2018-07-19,206.95262227365197,208.16200315517008,205.9514048322551,206.27853393554688,11350400
2018-07-20,207.03196462575985,209.65889029778262,206.68500532901973,208.1124725341797,16163900
2018-07-23,208.7468760040104,209.7778160156813,206.98237234156252,209.07400512695312,16732000
2018-07-24,213.23744169749008,214.3179494837015,210.74929700038717,212.80126953125,28468700
2018-07-25,213.8421399408823,216.71688913952175,212.40476534156258,215.6066436767578,58954200
2018-07-26,173.36756255605715,178.56195322047824,172.23748698747983,174.7256317138672,169803700
2018-07-27,178.30418207842067,178.36365734334626,171.49399197720456,173.36753845214844,60073700
2018-07-30,173.77397224964253,173.77397224964253,165.11005071176103,169.5708770751953,65280800
2018-07-31,169.1842904402936,172.72322031956105,168.52012470510036,171.07766723632812,40356500
2018-08-01,172.4158973950843,173.55589549126455,169.4122753595662,170.15574645996094,34042100
2018-08-02,169.19418603518955,175.2509977548073,168.78776667052847,174.83465576171875,32400000
2018-08-03,176.143193705186,177.2930994227068,174.61659108428015,176.23240661621094,24763400
2018-08-06,177.41202990093845,184.17265250798692,176.82716960465777,184.0735321044922,49716200
2018-08-07,184.87648540963886,186.6608191251113,182.1206869980598,182.20989990234375,33398600
2018-08-08,183.1417435923466,185.22346905568853,182.16035613803498,183.5679931640625,22205200
2018-08-09,184.23213801553413,184.94587145598422,180.8914643738293,181.49615478515625,19732100
2018-08-10,180.4553148486952,180.5148052478118,177.8581270811096,178.69081115722656,21500400
2018-08-13,178.5322032642752,181.02034781896825,177.34263737862955,178.48263549804688,17423300
2018-08-14,179.13688962040038,180.40574575189405,177.06507199663935,179.5334014892578,19102000
2018-08-15,177.7788146444158,179.29549455377818,173.25851255173114,177.9671630859375,33020200
2018-08-16,178.8494382240003,178.92874363740364,172.49523378093997,173.17922973632812,31351800
2018-08-17,172.9809363909558,174.68596459583154,170.54234461506593,172.2870330810547,24893200
2018-08-20,172.5249701689092,173.0503704196409,169.42222719404683,170.99838256835938,21518000
2018-08-21,171.3056580091081,172.65381958969067,169.89802115858143,171.1173095703125,19578500
2018-08-22,170.71090401792085,172.72323148588757,170.63159860958226,172.12844848632812,16894100
2018-08-23,171.58323065334875,174.0218227633762,171.32549942463032,171.39488220214844,18053600
2018-08-24,172.18791159408283,173.29817210641073,171.41470282486748,173.129638671875,14631600
2018-08-27,174.45798700324298,177.11464995458536,174.25971593144564,175.91519165039062,17921900
2018-08-28,176.54962580560777,176.68840648504852,174.29938217199907,174.7256317138672,15910700
2018-08-29,174.76530146681773,175.25102630824728,173.22879128005718,174.3687744140625,18494100
2018-08-30,174.3687542245393,178.22489050107828,174.17049828409725,176.09361267089844,24216500
2018-08-31,175.60787797152864,176.07378776467226,173.45676994567535,174.2002410888672,18065200
2018-09-04,171.98965498520033,172.37625936831316,167.3305722557498,169.67002868652344,29809000
2018-09-05,168.01457428368036,169.6402972782341,165.2191154678236,165.72467041015625,31226700
2018-09-06,165.52641733879844,165.52641733879844,158.6071832066759,161.1151580810547,41514800
2018-09-07,158.9144664613776,163.19686724418932,158.76577829223478,161.62069702148438,24300600
2018-09-10,162.08662767267808,163.57357005954762,160.7483886000716,162.75079345703125,20197700
2018-09-11,162.51287846001128,165.73458668942166,162.29479238517447,164.49546813964844,20457100
2018-09-12,161.8288860321045,163.0580971048912,160.39151150907855,160.5897674560547,24078100
2018-09-13,160.58976562307177,161.89828208490528,159.45969009965148,159.95533752441406,25453800
2018-09-14,160.3122298843409,161.4224754528582,158.9442379331596,160.90701293945312,21770400
2018-09-17,160.51047576179135,160.64925644912427,158.37919767933,159.18214416503906,21005300
2018-09-18,158.00250473863127,160.3518689783445,157.48702711871636,158.9045867919922,22465200
2018-09-19,158.6864640929847,162.01721503069191,158.0916811974823,161.64051818847656,19629000
2018-09-20,163.06802596291806,165.0010481695051,163.03828832327528,164.57479858398438,18936000
2018-09-21,165.18939936386894,165.79408992318628,161.39273767188777,161.51168823242188,45994800
2018-09-24,159.62821627816848,164.25756163854922,159.47952809379342,163.9700927734375,19222800
2018-09-25,160.57989228455554,164.1485454265296,159.74719293806226,163.47447204589844,27622800
2018-09-26,162.86976327620582,167.82623802517153,162.78055036095498,165.49668884277344,25252200
2018-09-27,166.09146025855756,170.27472586448513,165.7544236294065,167.37022399902344,27266900
2018-09-28,166.86465689793098,167.3206440392169,161.14488161871418,163.02835083007812,34265600
2018-10-01,161.6108309086778,164.43602785361242,159.8562344336354,161.02597045898438,26407700
2018-10-02,160.17343728359683,160.8673407123467,157.28876539483633,157.94302368164062,36031000
2018-10-03,158.60718240618235,162.23532533395408,158.1412725977874,161.01602172851562,23109500
2018-10-04,160.05448928691575,160.05448928691575,155.98026643726294,157.4672088623047,25739600
2018-10-05,157.8240887194457,159.4993646179227,154.84028099214524,155.96044921875,25744000
2018-10-08,154.1860129790727,156.9616419202774,153.04602981395192,155.88113403320312,24046000
2018-10-09,156.3173034494987,159.19205276080575,156.04964957710675,156.5254669189453,18844400
2018-10-10,155.4548877725954,156.31730957458828,149.99284269074408,150.06224060058594,30610000
2018-10-11,148.8231199028163,153.46237313987413,147.86156256398013,152.0150909423828,35338900
2018-10-12,155.36561866403082,155.52422945092417,149.98289554521895,152.4016571044922,25293500
2018-10-15,151.9853682776165,154.21578219810044,151.2220668340036,152.18362426757812,15433500
2018-10-16,154.04723009835809,158.0719003251682,153.6606256705908,157.39781188964844,19180100
2018-10-17,158.1710072394392,159.09291933521772,156.57502189165865,158.0322265625,17592000
2018-10-18,157.13014074433553,157.27884404695308,151.94567293006756,153.57139587402344,21675100
2018-10-19,154.50321030933083,155.98024502748095,152.21332170922938,152.70896911621094,19761300
2018-10-22,153.4128023118527,155.9703451195602,153.1154259251105,153.43263244628906,15424700
2018-10-23,149.90360251360167,153.42270211747018,149.53682827387723,153.04600524902344,19095000
2018-10-24,152.9369669569993,153.3037412080965,144.33253499208868,144.76869201660156,27744600
2018-10-25,146.44401502386,150.88502778472744,145.72037386510544,149.635986328125,22105700
2018-10-26,144.5506327795137,147.70294337086048,142.54821280190168,144.1045379638672,31303300
2018-10-29,147.20727635601764,147.5344054519238,137.81971348202526,140.8530731201172,31336800
2018-10-30,138.72179810056574,145.36347030089044,138.5235421638017,144.94712829589844,50528300
2018-10-31,153.65069082740558,155.0384974683667,147.6632770144559,150.4686279296875,60101300
2018-11-01,150.20099202743262,151.42028039369788,148.04988413089902,150.42898559570312,25640800
2018-11-02,150.4785733533387,152.78829235465014,147.66329938322704,149.04119873046875,24708700
2018-11-05,148.79337907832831,148.88259199421714,146.15653086279244,147.38572692871094,15971200
2018-11-06,148.0102297782316,149.6557828388369,146.71163596116122,148.63475036621094,16667100
2018-11-07,150.25056724684592,151.67801912097306,148.52570876741538,150.21090698242188,21877400
2018-11-08,149.1799509184156,149.62603052637508,145.46259564215794,146.58274841308594,24145800
2018-11-09,145.47254683872242,146.47374938184026,142.8158833971209,143.69813537597656,17326900
2018-11-12,143.22228156901284,143.7774042876356,139.26702463584598,140.3177947998047,18542100
2018-11-13,140.76385929713828,143.61879311473893,140.38716243899432,140.92247009277344,15141700
2018-11-14,142.44907624200525,144.312715522273,140.3177982254131,142.9645538330078,22068400
2018-11-15,141.09100582748175,143.57915059692607,139.60406346804558,142.5977783203125,30320300
2018-11-16,139.8419403313171,140.53584354522428,136.570665036091,138.31533813476562,37250600
2018-11-19,136.41209082246715,136.55087150244032,130.06780955803708,130.40484619140625,44362700
2018-11-20,125.92420414837042,132.99214242334494,125.74577074371373,131.27719116210938,41939500
2018-11-21,133.22998999740832,135.99571043947117,132.9623513424645,133.64634704589844,25469700
2018-11-23,132.48655152128535,133.32915819969682,130.11735741928078,130.58326721191406,11886100
2018-11-26,131.84219852760188,135.80737743068764,131.6241124778556,135.19277954101562,24263600
2018-11-27,134.56826968722874,135.42078382398725,132.54603494182575,133.82479858398438,20750300
2018-11-28,135.09367119656213,135.5992261630699,130.70224193837456,135.56948852539062,29847500
2018-11-29,134.7368395757712,138.7714182345632,134.47910827331347,137.47280883789062,24238700
2018-11-30,137.05642209461473,139.74283782448558,136.1642627697202,139.38597106933594,25732600
2018-12-03,141.75517813601164,142.4292514429106,139.53467199818564,139.86180114746094,24819200
2018-12-04,139.50492247762543,142.14177045558748,135.96600766590524,136.7292938232422,30307400
2018-12-06,132.65508433575613,138.483887779014,132.50638103240237,138.4145050048828,28218100
2018-12-07,138.03779559462697,139.64368826859913,135.47034579153484,136.22372436523438,21195500
2018-12-10,138.38474502452306,141.80470868601358,137.79986966063885,140.6151580810547,26422200
2018-12-11,142.62750387132854,142.62750387132854,139.87170547544025,140.84317016601562,20300300
2018-12-12,141.83445917244896,145.90868133003582,141.2694138864532,143.24209594726562,23696900
2018-12-13,144.3028338804787,144.58039529631088,141.94354671994228,143.74769592285156,18148600
2018-12-14,142.0922051933876,144.7389607213662,141.26942862367775,142.80593872070312,21785800
2018-12-17,141.83446110389585,143.6584398967254,137.21502372830864,138.96961975097656,24334000
2018-12-18,139.85189624800478,144.65966777917276,138.6127775349263,142.40943908691406,24709100
2018-12-19,139.98076079733482,143.64854893654393,131.34657548193047,132.08013916015625,57404900
2018-12-20,129.5622456994865,134.3898623454241,128.86834226632146,132.23873901367188,40297900
2018-12-21,132.22882044679108,133.7256702363829,122.34560950669906,123.86228942871094,56901500
2018-12-24,122.02839931806469,128.6106043386835,121.94909391183293,122.98004150390625,22066000
2018-12-26,124.90314796409214,133.07142276835884,124.7941049282915,133.01193237304688,39723400
2018-12-27,131.2871037414817,133.8149088534254,128.54121253354535,133.3489990234375,31202500
2018-12-28,134.16183660726637,134.73678941497596,131.04917149377553,132.04046630859375,22627600
2018-12-31,133.27958855629578,133.4679369965346,128.81876176479938,129.94883728027344,24625300
2019-01-02,127.8671213608656,136.31294214395066,127.44085673248901,134.49887084960938,28146200
2019-01-03,133.51751772787816,135.9759249408471,129.97858753588125,130.59320068359375,22717900
2019-01-04,132.8434110479297,136.79868275555486,132.5856798446048,136.74911499023438,29002100
2019-01-07,136.36254185050532,137.6611359191168,134.7269111020634,136.84828186035156,20089300
2019-01-08,138.67221298139705,141.8939207100118,138.3252537910098,141.2892303466797,26263800
2019-01-09,141.70558542315467,143.44035128383746,140.04021745735898,142.9744415283203,22205900
2019-01-10,141.8344719917478,143.30158416591036,139.61396603483087,142.94471740722656,16125000
2019-01-11,141.9038669761201,144.09463548546228,141.32892921218115,142.5482177734375,12908000
2019-01-14,140.76388506255958,145.2941103141186,140.0402439732112,144.12437438964844,20520300
2019-01-15,144.73897174350674,149.36831739412628,144.7191567349876,147.65338134765625,24069000
2019-01-16,147.7029275799057,148.34726315990443,145.72033794796064,146.25563049316406,18025700
2019-01-17,145.6707790695301,147.70293659145,145.2246994003183,147.009033203125,15787900
2019-01-18,148.4464178404582,151.10308102949585,147.25686693303894,148.73388671875,31029600
2019-01-22,147.90120084429688,150.21091985120773,145.09583437133543,146.285400390625,22378700
2019-01-23,146.98920313450117,147.50468070575025,141.81464266708224,143.04385375976562,20098400
2019-01-24,143.38085804111176,145.16519144215385,141.27931821652666,144.5605010986328,20955500
2019-01-25,146.1961648899975,148.5257139119325,145.26434528122348,147.7128448486328,22237200
2019-01-28,146.76121691063824,147.6632989240889,144.93723787589587,146.18626403808594,15508500
2019-01-29,146.80085852361344,146.81078115325562,142.18142064639198,142.934814453125,17632100
2019-01-30,144.94714479455325,149.63596554324403,144.43166719952566,149.11058044433594,44613200
2019-01-31,164.15842964512674,170.18548889138478,163.56364669766086,165.2389373779297,77233600
2019-02-01,164.39629881293553,167.62792900708266,164.2178730389046,164.26744079589844,30806500
2019-02-04,164.25755728331245,167.82622487328953,162.19566213421007,167.7766571044922,20036000
2019-02-05,167.6775163746691,170.4828825909837,167.22152921815598,169.67002868652344,22557000
2019-02-06,169.7096702269458,170.96861888411965,167.79647848403775,169.005859375,13281200
2019-02-07,166.73582022304592,167.7667755198518,163.8115029237299,164.93167114257812,17517600
2019-02-08,163.03827846153243,165.91302771016467,162.78054722489733,165.87338256835938,12561400
2019-02-11,166.43841949175643,166.8349465555215,163.64297554052686,164.34678649902344,12811200
2019-02-12,165.40749681645963,166.87460929216283,163.06803983446468,163.60333251953125,16292300
2019-02-13,163.9403633711484,164.77304749739332,162.30471763106678,162.6417694091797,14205100
2019-02-14,161.76943313654814,163.43480147265234,160.83761341831595,162.52281188964844,12755200
2019-02-15,163.0779159732994,163.26626442147275,159.45969569593382,161.08541870117188,15504400
2019-02-19,159.10281673177204,162.72103673167507,158.93429842947643,160.87722778320312,14345400
2019-02-20,160.83756800092215,162.2947724465078,159.84627328288872,161.14486694335938,11770700
2019-02-21,160.5203667171822,160.82768082441467,158.2007404140604,158.64682006835938,15607800
2019-02-22,159.18214940697604,160.99622103211192,158.91449552760557,160.48074340820312,15858500
2019-02-25,161.6504557921238,164.6243402932276,161.48192235955088,163.18695068359375,18737100
2019-02-26,162.90941164198253,164.7928811594308,162.37411901392596,162.7012481689453,13784100
2019-02-27,161.48192836222083,162.50296086881065,159.01361381516514,161.39271545410156,12697500
2019-02-28,160.9565144488545,162.0766822921584,159.45966490789212,160.04452514648438,11114200
2019-03-01,161.1845770149436,161.70996216778929,160.28249491252492,160.8673553466797,11097800
2019-03-04,162.47320045609553,166.04186754017775,162.40381769038245,165.91299438476562,18894700
2019-03-05,165.9130283488519,170.38377818411251,165.10017436805197,169.7691650390625,28187900
2019-03-06,171.39487465270062,172.0590555174548,169.77907432212362,171.00827026367188,21531700
2019-03-07,170.00707896641893,170.24499519282546,166.15094232842895,167.65771484375,18306500
2019-03-08,164.75319990787847,168.14342645636808,164.52520632922034,168.1236114501953,13184800
2019-03-11,170.10621846208326,172.7827117860263,170.08638832793187,170.57212829589844,18884000
2019-03-12,170.59193445433897,172.2870553762765,169.72951273799794,170.4234161376953,12155300
2019-03-13,170.81994651046446,172.51505233958744,170.62167542728005,171.8607940673828,11973300
2019-03-14,168.282209886595,169.66010913612425,166.69614718712864,168.6886444091797,18037400
2019-03-15,165.7048615974504,166.12120364657443,161.095331167797,164.53512573242188,37135400
2019-03-18,162.14612531215909,162.4732393410278,157.89346142533574,159.07310485839844,37524200
2019-03-19,160.0743004033197,162.39394202571714,159.42005724793805,160.1635284423828,25611500
2019-03-20,160.0941277919876,164.6739054309311,159.8363965610117,163.9998321533203,20211500
2019-03-21,163.45463385977706,164.9415763771961,162.32455815157707,164.63427734375,16223000
2019-03-22,164.20797177376963,165.96256774310814,162.66155436050494,162.9093780517578,16389200
2019-03-25,161.5810689154257,165.09024621068198,160.58977401410408,164.84242248535156,12631200
2019-03-26,165.8931924201928,167.97490244456756,164.90189761069288,166.22030639648438,15437900
2019-03-27,166.3888458515842,167.4693536028453,163.3554709188399,164.4260711669922,10620300
2019-03-28,163.13740670660943,165.26868466187196,161.90819560219353,164.10887145996094,10443000
2019-03-29,164.94154590419674,165.734584792165,163.37529826009805,165.2389373779297,13455500
2019-04-01,166.36900841637296,167.42968598889735,165.82379325014162,167.23143005371094,10381500
2019-04-02,168.65889357946216,173.37745129573844,168.07403328839868,172.6835479736328,23946500
2019-04-03,172.98094656020862,176.41083330215372,171.44443655984026,172.029296875,27391100
2019-04-04,174.48773193359375,176.45049159357944,174.0019919889176,174.48773193359375,17847700
2019-04-05,175.3402591893489,175.45920974547903,173.57575535226783,174.1903533935547,9594100
2019-04-08,173.68478779432664,173.97225666273442,172.7133078920715,173.40721130371094,7297400
2019-04-09,174.09118943102257,177.63011915787962,174.0218066599249,176.0341339111328,19751000
2019-04-10,176.6289005579915,177.2335909922433,175.0031776877674,176.2720489501953,11701500
2019-04-11,176.68839304318382,176.84698871765096,175.4591820288233,175.96473693847656,8071000
2019-04-12,176.4504784580155,178.06629385948273,176.4009106916839,177.54090881347656,12329800
2019-04-15,176.94613753448198,178.9287273107787,175.3303220264931,178.08612060546875,10834800
2019-04-16,177.4418004330845,178.60161373811837,176.7478969761361,177.31292724609375,11215200
2019-04-17,178.0365628932567,179.166638428535,176.80735182160203,177.22369384765625,9973700
2019-04-18,177.2435354571373,177.32284086618182,175.79623821250544,176.72805786132812,11655600
2019-04-22,176.69831676064928,180.0885435195673,176.69831676064928,179.8605499267578,13389900
2019-04-23,181.14925091158926,182.61636325336974,179.90020955051304,182.18019104003906,19954800
2019-04-24,182.88399264176886,183.5283282450124,180.06870376711515,180.99061584472656,37289900
2019-04-25,195.26527031280025,196.75221270198747,190.44757636679515,191.57765197753906,54148800
2019-04-26,190.82426145000804,191.22077334549448,187.4439423312348,189.82305908203125,22075000
2019-04-29,189.2877654509235,193.70894753134465,188.9903739442293,193.0844268798828,19641300
2019-04-30,192.4995621180769,195.67170282342383,190.6061851986811,191.7164306640625,23494700
2019-05-01,193.08442124281683,194.4722280655926,191.32982501791042,191.3496551513672,15996600
2019-05-02,191.31991371449158,192.31120860420398,188.0982053229263,190.85400390625,13209500
2019-05-03,192.68789436252177,194.45239795411985,192.02372863992778,193.76840209960938,14575400
2019-05-06,189.5752277508168,192.5887573629574,188.89123190151273,192.19224548339844,13994900
2019-05-07,190.86390255989102,191.2207693086788,186.2147424485166,188.11802673339844,16253000
2019-05-08,187.74132647493377,189.05975040851527,186.90864245139556,187.8900146484375,12505700
2019-05-09,185.57039222153955,188.1180272372568,184.63857264576686,187.0077667236328,12967000
2019-05-10,186.6112418121939,188.34600767233383,182.98309929732852,186.70045471191406,12578500
2019-05-13,181.9026156964481,183.81580760925243,179.26576760980052,179.9596710205078,16833300
2019-05-14,180.93114936380755,181.89270662678092,176.54962772139402,179.15672302246094,17628100
2019-05-15,178.84941753091877,185.6497009023566,178.45290563573982,184.64849853515625,16746900
2019-05-16,183.4391290758097,186.93839895440448,183.4391290758097,185.36224365234375,12953100
2019-05-17,183.23093314658834,185.9470864320573,182.67581046073104,183.6869354248047,10485400
2019-05-20,180.29669530651955,182.62622891070967,179.79112529965988,181.12937927246094,10352000
2019-05-21,182.96331213224315,184.08346511529646,182.28922371566398,183.2111358642578,7502800
2019-05-22,183.12189638384365,185.11440874536711,182.0116509740916,183.70677185058594,9213800
2019-05-23,180.83202720147187,182.299139526583,178.10596602508983,179.29551696777344,12768800
2019-05-24,180.74280498768937,182.03149141179736,179.25586260432482,179.48385620117188,8807700
2019-05-28,179.95966018123755,183.1020781625244,179.87044727508288,182.70555114746094,14843300
2019-05-29,181.9026284245801,182.95339868088442,179.77135027271464,180.60403442382812,12797700
2019-05-30,181.48628328371103,181.8827952177458,179.31534489886306,181.41688537597656,8581500
2019-05-31,178.71066165606481,178.96839291110257,175.6178260917665,175.9251251220703,15226500
2019-06-03,173.47657740933172,173.52614517092584,159.60835871852115,162.7210235595703,56059600
2019-06-04,162.28488459513008,166.81509413959097,159.43985812423,166.04188537597656,46044300
2019-06-05,166.02205881437155,167.25126988535305,163.1968775407025,166.7060546875,19758300
2019-06-06,166.83493216333275,168.22273895188772,165.77423937596896,166.8646697998047,12446400
2019-06-07,168.68866230633674,172.35645065006608,167.37023818833885,171.8409881591797,16917300
2019-06-10,173.22877409748656,176.31170166929564,172.28704702028858,173.2981719970703,14767900
2019-06-11,176.92628805389447,178.4132302235143,175.25099745596955,176.5496063232422,15266600
2019-06-12,176.82720258328982,177.70945450651269,171.37508021762997,173.51626586914062,17699800
2019-06-13,174.00201039905255,176.4802479027432,173.09002081280974,175.9251251220703,12253600
2019-06-14,178.9386263311227,180.2570502849708,178.43307140748,179.75149536132812,16773700
2019-06-17,183.3994448378117,187.85036391902162,182.80467703554277,187.3646240234375,29459900
2019-06-18,192.31123654725673,192.83662170506662,185.6497327103882,186.82937622070312,37571400
2019-06-19,185.37214411465936,186.46257454218826,182.94347466348276,185.84796142578125,21417100
2019-06-20,189.2877639392114,189.4959425300229,186.00658013966265,187.880126953125,14635700
2019-06-21,187.1068954854373,190.3286036196236,187.1068954854373,189.47608947753906,22751200
2019-06-24,190.74497517865618,192.29139290251183,189.90238353474035,190.9234161376953,15509000
2019-06-25,191.20097658051884,191.4587078245781,186.4923255240796,187.19613647460938,16750300
2019-06-26,187.89002176271006,189.09940270619464,185.6794384524873,186.02639770507812,12808600
2019-06-27,188.22708448361715,197.1487387746946,186.6310990553971,187.8503875732422,11159000
2019-06-28,188.89123122567923,191.51815645176546,188.28654077964222,191.3199005126953,16378900
2019-07-01,193.51066872321064,193.58005149520383,190.25920779343423,191.3199005126953,14181800
2019-07-02,191.31991569323418,193.30250549316406,191.03244682766663,193.30250549316406,9050000
2019-07-03,192.46979275174988,195.68157806883858,192.46979275174988,195.4833221435547,10246100
2019-07-05,194.4722062926704,195.35447318418,192.47970919320042,194.69029235839844,11164100
2019-07-08,193.49087790567233,194.96789780891578,191.95436759525762,194.055908203125,9723900
2019-07-09,193.27274990607873,197.72366903888874,193.19344450633184,197.47584533691406,14698600
2019-07-10,198.25899418437882,201.1932339537304,197.9318650288593,200.96522521972656,20571700
2019-07-11,201.49056812604985,202.0258757687231,198.46713119900554,199.47824096679688,13678500
2019-07-12,197.9417703650457,203.5128583262566,197.42630787650432,203.0865936279297,15366300
2019-07-15,202.47193951694794,203.5425395924216,200.06310069159957,202.13490295410156,16030300
2019-07-16,202.11511952873352,203.68136730888554,201.33200320163752,202.0655517578125,12132700
2019-07-17,202.40256047007514,202.58100139557666,199.83511062581152,200.0432891845703,12083700
2019-07-18,198.4076601840089,200.70747151973183,197.64437403247877,199.0321807861328,11937900
2019-07-19,200.42000917219917,200.56871249282906,196.34580137865802,196.63327026367188,12098300
2019-07-22,198.16973761280076,200.80658528481754,197.0793073346111,200.5587615966797,13589000
2019-07-23,201.07425175994294,202.46207368084626,199.21062765329847,200.5984344482422,14583700
2019-07-24,195.90960129358152,203.02709088347058,195.50316678471034,202.87840270996094,32532500
2019-07-25,204.90064563487275,206.84359022630701,196.53411455148293,198.96279907226562,39889900
2019-07-26,198.447326346332,201.11391201920256,194.5416220616041,198.0111541748047,24434000
2019-07-29,197.26767376438386,197.8921943558041,193.59988587033834,194.23431396484375,16530800
2019-07-30,193.68909190741383,196.9801979300487,191.81554532555143,195.32472229003906,11903600
2019-07-31,195.2355076336105,197.02974879960814,191.0026746067043,192.5391845703125,14593500
2019-08-01,192.4797437978343,196.74231522255104,189.2183899801325,191.05227661132812,17777000
2019-08-02,189.43645260607656,190.9432098931184,186.43283040922628,187.3745574951172,15297000
2019-08-05,183.08224968810975,184.0537144133837,177.7788161490501,180.14801025390625,23086700
2019-08-06,182.09095467662416,184.17266480045308,181.496171712125,182.90380859375,18035700
2019-08-07,182.0017587137703,184.74763483221585,179.6424718944931,183.5382537841797,15833200
2019-08-08,184.99544631383543,188.68306449043996,182.44782632880313,188.504638671875,14828900
2019-08-09,188.34603017251814,189.31749493498137,185.49109603275392,186.21475219726562,11058800
2019-08-12,185.2234751337409,185.95702374652518,182.85428071009738,183.75634765625,10930900
2019-08-13,183.90505270429318,189.71404201151188,183.7563493786606,186.80953979492188,13577000
2019-08-14,184.18258120939504,184.37092964599083,177.74907236030677,178.14559936523438,18903700
2019-08-15,179.37482613135495,181.60523986775857,178.46283655202973,181.00054931640625,12925900
2019-08-16,182.1504131003642,183.48866708372955,180.77251398181335,182.10084533691406,12654600
2019-08-19,184.39073612918813,185.86777079310215,183.24084568294282,184.54934692382812,9691200
2019-08-20,183.8356228151167,184.38083799567198,180.8022630617929,182.20989990234375,10083400
2019-08-21,183.38955351146254,184.2817128565399,181.54574442247107,181.95217895507812,8398200
2019-08-22,181.83319086164633,182.50727916503908,178.34384419146897,180.45529174804688,10821400
2019-08-23,179.2657803496118,181.5358543217748,175.12217459837353,176.2026824951172,17323400
2019-08-26,177.8383129346168,178.92874346038303,176.68842225630812,178.7899627685547,8773600
2019-08-27,180.34626143965681,182.4378941392219,179.43427200976495,179.7217559814453,14399600
2019-08-28,178.9584460267569,180.36608280398838,177.36246082053702,180.177734375,9386100
2019-08-29,182.1702712258315,184.46016006512284,181.8728797253869,183.95460510253906,10128700
2019-08-30,185.1540795138243,185.1739096491603,181.86298796823442,184.05374145507812,10774500
2019-09-03,182.39826200894478,184.05372268054123,180.5247152487826,180.80227661132812,9779400
2019-09-04,183.04261062484505,186.1156310900315,182.28923189107817,185.5109405517578,11308000
2019-09-05,186.88882563279574,189.69419200509188,186.30396527407314,189.23818969726562,13876700
2019-09-06,188.55418740073307,188.55418740073307,184.72778893187632,185.8578643798828,15226800
2019-09-09,186.09577356891612,187.33489210220984,184.23214958049422,187.11680603027344,14722400
2019-09-10,185.80829552660163,186.46255371002326,182.94345422448225,184.54934692382812,15455900
2019-09-11,184.836839586946,187.7908939279725,184.46014271342045,186.8491668701172,11761700
2019-09-12,188.20723725439157,189.2679148582642,185.60012700806035,185.83804321289062,11419800
2019-09-13,185.6992970545428,186.33372525937588,184.91616552181918,185.56051635742188,11441100
2019-09-16,185.3027335816854,186.15524773256575,184.15284308534797,184.5989227294922,8444800
2019-09-17,185.03508177513814,186.68063469134538,183.9248213688276,186.44271850585938,9671100
2019-09-18,186.4526600114425,187.43404743884602,184.39076473907446,186.50222778320312,9681900
2019-09-19,187.0177052428198,189.4364672937098,186.51213514758413,188.4848175048828,10392700
2019-09-20,189.00029804702226,191.41906013557502,186.48240041347879,188.27664184570312,19934200
2019-09-23,187.69176244752776,188.44515621084508,183.5977250205933,185.19371032714844,13327600
2019-09-24,186.3435758463558,186.40305110896094,178.81965260766577,179.701904296875,18546600
2019-09-25,179.87044041290727,181.82329240046013,176.32160317476445,181.2086944580078,18068300
2019-09-26,179.75147981068054,179.82086257806017,176.12333737570924,178.54209899902344,16083300
2019-09-27,178.91880793458682,179.18644664593606,174.13085212743323,175.55831909179688,14656200
2019-09-30,176.32162182730542,177.11466078511165,175.31051190391352,176.52980041503906,10740000
2019-10-01,177.59049320303617,178.27448917320316,173.3576744436468,174.27957153320312,17073000
2019-10-02,173.31797919637933,174.99326982848052,171.58321329643329,173.080078125,16151700
2019-10-03,174.04165035077614,178.27446862221802,172.11853585227658,177.8184814453125,16086300
2019-10-04,177.9869759046278,179.40452014078522,176.54960153814466,178.87913513183594,10430200
2019-10-07,178.43306632715974,179.6027869459555,176.53968960423595,178.1158447265625,9178300
2019-10-08,176.70823748899772,178.79987049946342,176.1729448558278,176.2026824951172,9466900
2019-10-09,177.60041261157818,179.14683036339864,176.3910315234189,178.28440856933594,7556900
2019-10-10,178.750298314045,180.02906204160385,177.61030013736234,178.4628143310547,8605000
2019-10-11,180.56435883307805,184.86659016737028,180.55445132948677,182.58660888671875,14930500
2019-10-14,182.59651401131947,183.0128560461247,180.98071364132852,181.6845245361328,7006000
2019-10-15,182.19999465624394,188.7227165199571,182.06121398365255,187.2456817626953,15039100
2019-10-16,186.68065964915132,188.048636302201,185.27300760428005,187.8999481201172,10516900
2019-10-17,188.6434225872337,189.17871517807257,187.12674259957046,188.73263549804688,9603000
2019-10-18,188.57400821610014,189.82304936224855,182.31894036043929,184.23214721679688,16874200
2019-10-21,185.4117852721347,188.2568118261365,185.12431641612076,188.1081085205078,8122600
2019-10-22,188.3460071495554,188.99034270257863,179.92000156654896,180.752685546875,19537600
2019-10-23,180.42559562226924,184.75756501272738,180.41568811771867,184.52955627441406,12300400
2019-10-24,183.01286435066095,185.10449724902045,181.20871545130507,184.75755310058594,11413500
2019-10-25,184.21232949714437,187.35473245387462,183.47876584007477,186.25439453125,8061200
2019-10-28,185.57042051014523,187.8801396694771,183.468879955715,187.7512664794922,13657900
2019-10-29,190.02131975799415,190.85400383481056,186.82934900423825,187.6620330810547,13574900
2019-10-30,187.90984563878274,188.7920974328394,184.36100833067871,186.6112518310547,28734600
2019-10-31,194.987701137253,196.3656004243641,186.61126237203993,189.98165893554688,42286500
2019-11-01,191.17122311261366,192.42024921250243,188.25681375358042,191.93450927734375,21711800
2019-11-04,192.85644504422342,195.65188907537566,192.1228812997559,193.02496337890625,16371300
2019-11-05,193.66928077716966,194.04597768143054,191.91469968576047,192.62843322753906,9942000
2019-11-06,192.3409449160828,192.67798154603338,189.6842818904118,189.88253784179688,10973000
2019-11-07,190.23940973863412,191.7560897403017,187.82064773896667,188.7623748779297,13473000
2019-11-08,188.34604206161563,190.6656686336176,188.0486505489578,189.17872619628906,10760800
2019-11-11,188.27664866740642,188.42535199028035,186.8987492474897,187.95944213867188,8631200
2019-11-12,188.3460255825402,193.3619752121112,188.08829436129892,192.77711486816406,17615500
2019-11-13,193.00513554315592,193.9964305537792,191.06220579287276,191.50828552246094,10860700
2019-11-14,191.25051133140488,192.3409417349273,189.78339916426867,191.46859741210938,9040500
2019-11-15,192.5689730166897,193.59992835019838,191.69664364906188,193.40167236328125,11524300
2019-11-18,192.8663211407008,196.90089838930183,191.36947138160062,195.6815948486328,16167200
2019-11-19,195.68163067286173,198.2590037722861,195.14633801809967,197.58493041992188,19056800
2019-11-20,196.8513422129747,197.85254461233583,193.72875421578917,195.7906494140625,12355400
2019-11-21,195.70144575703117,197.3569064960922,195.1463230093173,196.20700073242188,12131000
2019-11-22,196.65309172959883,197.56508124394298,195.89969790725704,197.08926391601562,9959800
2019-11-25,197.78317302127982,199.22054767621862,197.51551914902097,198.05081176757812,15272300
2019-11-26,198.25894740813783,198.407635568311,196.31600306811688,197.2379150390625,11735500
2019-11-27,198.1598366315011,201.3716374259675,197.68401933356654,200.24156188964844,12736600
2019-11-29,199.84505944895685,202.02590522077313,199.45845503998015,199.88470458984375,7985200
2019-12-02,200.37046360723087,200.42001625656496,196.32597818369993,197.96160888671875,11503400
2019-12-03,195.87988289948183,197.19829183665968,193.381815457433,197.08926391601562,11595300
2019-12-04,198.25897307147488,198.28871070735886,196.32595110921986,196.98020935058594,8456300
2019-12-05,198.12020495922752,199.53774944612223,196.48457437804745,197.6245574951172,9740400
2019-12-06,198.75463522235444,199.81532806729382,198.31846302914425,199.2998504638672,12270600
2019-12-09,198.90329968591797,201.371629234345,198.46714267069663,199.58729553222656,11954800
2019-12-10,199.90453035631865,200.2911347568499,198.40766539772974,199.12139892578125,9475700
2019-12-11,198.53652334826828,200.8660722022871,198.53652334826828,200.49928283691406,8036800
2019-12-12,200.58851917968943,201.88711301453668,192.41033665773847,195.03726196289062,23734800
2019-12-13,194.69028540262767,195.08681238340188,191.4884075534089,192.42022705078125,18798000
2019-12-16,193.57015711535357,197.38663336055586,193.114154811215,196.19708251953125,14911500
2019-12-17,197.10905877067222,197.2676695724178,194.42265827366506,196.66297912597656,10175700
2019-12-18,198.34817376732136,202.5215315489547,198.34817376732136,200.73719787597656,23274400
2019-12-19,201.01475908786588,204.5041210322217,200.7471052555937,204.26620483398438,16514600
2019-12-20,205.67387116647618,205.90187989475402,201.6591236098735,204.504150390625,27306900
2019-12-23,204.90063990433006,206.77418654233378,203.8895149347214,204.38516235351562,13348900
2019-12-24,204.5041475064081,204.98987234249637,203.21546106955543,203.33441162109375,6046300
2019-12-26,203.78049468916097,206.0109081576368,203.52274834107865,205.9811553955078,9350700
2019-12-27,206.85349761464175,207.11122883413438,204.79160248082297,206.28846740722656,10284200
2019-12-30,206.0505489375747,206.09019407630888,202.1250146606919,202.63058471679688,10524300
2019-12-31,202.22416867292173,203.77058636614925,201.8276567455159,203.46328735351562,8953500
2020-01-02,204.95020479858297,207.9637344071887,204.4743875184786,207.95382690429688,12077100
2020-01-03,205.4062031629161,208.56842088449835,205.14845683304864,206.85348510742188,11188400
2020-01-06,204.900634377329,210.92770864240686,204.72220857183618,210.74928283691406,17058900
2020-01-07,210.9673906495363,212.71206425110722,209.9066978321433,211.20529174804688,14912400
2020-01-08,211.14580552041744,214.35760631734092,210.7592011294325,213.3464813232422,13475000
2020-01-09,215.6462796790009,216.4789788667449,214.39725358632398,216.39967346191406,12642800
2020-01-10,217.2918493159677,217.96593774529924,215.52734552071945,216.16177368164062,12119400
2020-01-13,217.68836741282854,220.0377314997937,217.30176300451834,219.97825622558594,14463400
2020-01-14,219.68086596283632,220.44416728003057,216.72681136156237,217.15306091308594,13288900
2020-01-15,218.6895609435289,219.7502385844087,218.22365114653817,219.224853515625,10036500
2020-01-16,220.6325164962698,220.69199177101737,218.4714857160289,219.8394775390625,10015300
2020-01-17,220.09722525668914,220.35495650855233,218.6102827727899,220.20626831054688,15905900
2020-01-21,220.22607789610095,220.4342413538847,217.21253293939026,219.51234436035156,14275800
2020-01-22,220.37475907681832,220.81093123768824,219.35372657567254,219.3933868408203,12212800
2020-01-23,218.82834170856364,219.5619053548799,217.36122954189034,217.84695434570312,11195000
2020-01-24,218.8779047645845,219.84936947725353,214.22872952215866,216.0428009033203,11905800
2020-01-27,211.24494592278575,214.17917031016634,210.6501629417429,212.99952697753906,13810700
2020-01-28,214.25845836861734,216.8358309098469,211.66127082199432,215.8940887451172,13413800
2020-01-29,219.51234719018524,222.2483156951887,216.5483699652949,221.28675842285156,33181300
2020-01-30,204.7321393985765,209.58947847472322,202.96763564432172,207.70602416992188,48775500
2020-01-31,206.6155751830227,206.8733215207169,199.30973708992997,200.15234375,31359900
2020-02-03,201.66905013841216,203.35424855404304,200.7372304509798,202.4125213623047,15495600
2020-02-04,204.82132452213955,208.766688674191,203.4136877364672,208.00338745117188,19628900
2020-02-05,210.66007708908182,210.8781631806116,206.89316851020735,208.28097534179688,12538200
2020-02-06,208.63782948172818,209.35156298788317,207.5176614545207,209.0145263671875,10567500
2020-02-07,208.46934650633057,210.96741420128822,208.10255706191285,210.48167419433594,12242500
2020-02-10,209.67870423741732,211.93885542902783,208.82619000718108,211.20529174804688,11856400
2020-02-11,208.36028309599743,209.02444888187566,204.71230989966838,205.3863983154297,25030800
2020-02-12,206.04063650858083,209.38129524606632,205.59454173422142,208.92529296875,13813700
2020-02-13,207.69610902307352,212.46423501084925,207.35905726566108,211.2845916748047,15396600
2020-02-14,212.13711067573826,213.05900768129823,210.79885649725966,212.31553649902344,10741700
2020-02-18,211.6910639706026,216.08249384424593,211.54236063540543,215.90406799316406,15609200
2020-02-19,216.09235760210728,216.41948669926148,214.2287185489711,215.59671020507812,12135100
2020-02-20,214.63516582675354,216.8655792462106,211.09623594075467,212.71205139160156,13109200
2020-02-21,211.62161778756874,212.3750115450859,207.01210284110857,208.350341796875,14092300
2020-02-24,200.04330227154202,201.87718865486534,196.4448971524232,198.9727020263672,23080100
2020-02-25,200.48939011295317,201.72850871686512,194.24422932404505,195.05709838867188,21433500
2020-02-26,195.47341464137563,199.4584237811993,193.7882165875262,195.4833221435547,16524500
2020-02-27,190.15019325122768,194.1748480885161,187.85038184365735,188.09820556640625,21682600
2020-02-28,181.1095700157063,191.06217899708437,180.2372408143527,190.79452514648438,32568900
2020-03-02,192.34094096110195,194.8588383823931,187.20604083380425,194.72996520996094,24949000
2020-03-03,194.51188274461072,195.5230077584199,182.36852045331503,184.2718048095703,27984100
2020-03-04,187.52326321969804,190.16011140769461,184.7674644784254,190.09071350097656,23062500
2020-03-05,185.15406034636916,187.34482873238224,182.2892186883273,183.55807495117188,19333400
2020-03-06,176.77759696199584,182.18015039702132,174.72560954141701,179.51356506347656,24559600
2020-03-09,168.12359536408135,173.47658095458263,163.75198189379608,168.0244598388672,29949000
2020-03-10,173.149477456772,176.73796013558226,168.02448466585489,176.6388397216797,24517800
2020-03-11,172.49519649384075,174.3489279887689,166.2004838159884,168.75802612304688,20373900
2020-03-12,158.15117758148926,165.14973209945882,152.99644726061157,153.1253204345703,43266300
2020-03-13,162.10645821675976,169.303253942079,156.2280865595839,168.79769897460938,35028600
2020-03-16,150.99406755426108,157.74478434761014,141.8543260874297,144.73898315429688,39120400
2020-03-17,149.4277790519693,152.59991929028575,138.78126777847572,148.1192626953125,34255600
2020-03-18,138.53346672486657,146.8900757398305,135.90654120587038,145.6807098388672,37553100
2020-03-19,145.3436428023484,158.53777453936144,143.53949408136737,151.79698181152344,39862300
2020-03-20,154.661843728049,157.88355234458237,146.71165392213462,148.4265899658203,32568400
2020-03-23,148.35720874770473,150.98413436617852,141.0117093943652,146.810791015625,29830800
2020-03-24,153.85891271832298,159.90580350089712,151.24189436835823,159.57867431640625,30440400
2020-03-25,157.53655897842415,161.57113584893722,151.7275711707044,154.85015869140625,35184300
2020-03-26,156.87240386187312,162.57234902589062,155.65311547944728,161.9180908203125,26556800
2020-03-27,156.822823808907,158.6963702501168,153.4028600036456,155.4250946044922,24879900
2020-03-30,157.79431561478617,165.2984253012151,156.68407016221562,164.50538635253906,22515200
2020-03-31,164.03946028004327,169.44201394815866,162.7706041382974,165.3479766845703,23676300
2020-04-01,160.2130520801374,162.7210265785667,156.66421507274933,158.2106475830078,19507600
2020-04-02,157.71503983983848,159.9454535797899,154.56271388854063,156.81295776367188,20886300
2020-04-03,155.7819919969896,156.53538582342665,149.5170159130177,152.8378448486328,25983300
2020-04-06,158.75586999811065,164.75320708570277,157.13014698953972,164.10887145996094,28453600
2020-04-07,170.29456102683633,171.8806390737958,164.56487714928613,167.36033630371094,31411900
2020-04-08,169.75925600357357,173.47661197445476,166.27981626017447,172.76287841796875,21664200
2020-04-09,174.36874306338953,175.53847875125393,170.07645004300642,173.66493225097656,23534300
2020-04-13,172.15815682374415,173.4765806518128,167.9748917830924,173.26840209960938,19355400
2020-04-14,177.42194971191222,179.65236314571018,175.08249323853468,176.61900329589844,21011800
2020-04-15,173.6649549167508,176.6388395990374,171.31559085805145,175.42945861816406,17423000
2020-04-16,176.4009116840212,176.5000472172421,171.00826539751142,174.71571350097656,23593200
2020-04-17,177.64005774776027,178.71065814342688,175.12217514892365,177.67971801757812,20974800
2020-04-20,175.8656540998726,178.92875209836166,175.23122588860662,176.6884307861328,16110700
2020-04-21,173.72441499563723,173.853288160905,166.87456424632103,169.3131561279297,24850500
2020-04-22,176.89656099734918,183.17145914344033,176.5892620174074,180.69322204589844,33242000
2020-04-23,182.4775547580757,185.42170162352286,181.55564269746117,183.51841735839844,21426600
2020-04-24,181.63495222175106,188.7524571530218,179.25585061783767,188.41542053222656,28792000
2020-04-27,190.98288327866794,192.06339111328126,185.77858493882417,185.8677978515625,29197800
2020-04-28,187.01771028708674,187.55300290864224,180.97080499676386,181.31776428222656,21731000
2020-04-29,189.26794146925386,195.19589628391623,188.3460444070909,192.49957275390625,45954500
2020-04-30,205.11871627371636,207.86460707918596,199.81529821911894,202.92796325683594,46230100
2020-05-01,199.84506577329986,205.4756137669369,197.3172606533983,200.5092315673828,30415600
2020-05-04,198.45724042089176,204.11754108269352,197.02977331261445,203.4731903076172,19250700
2020-05-05,205.21790353625516,208.5486554776443,204.70242587988395,205.26747131347656,21071200
2020-05-06,206.30828366476794,209.7580007057453,204.86100162397798,206.65524291992188,21857000
2020-05-07,209.32183905617606,209.75801124137712,207.22028353893103,209.42095947265625,15152000
2020-05-08,210.3924370574454,211.35399432982777,209.014537738149,210.50148010253906,12506000
2020-05-11,209.05417540242968,213.1283979401851,208.53869783260805,211.32423400878906,12911900
2020-05-12,211.43327504157023,213.4059572677164,208.17192159205015,208.27105712890625,14704600
2020-05-13,207.6069152308438,208.94516959982323,200.35064332440905,203.3146209716797,20684600
2020-05-14,200.79671603043087,205.1286704102508,198.9429991907297,205.0097198486328,17178900
2020-05-15,203.4831009553526,209.50025291394357,202.343102786251,209.0442657470703,19383200
2020-05-18,210.30319710358134,212.7715267339531,209.103738801475,211.3341522216797,20151900
2020-05-19,211.41345984857227,218.57060997564648,210.97728768832476,214.99203491210938,31843200
2020-05-20,221.55439970264038,229.3261477219346,221.24710071828457,227.96807861328125,50162900
2020-05-21,232.67674634200608,235.1351535242866,229.18738396569944,229.375732421875,47782600
2020-05-22,229.49468518792358,233.93569739189326,226.7488091058961,232.86509704589844,33925600
2020-05-26,237.6827745670303,238.8029274814234,229.65328009154226,230.1786651611328,33178300
2020-05-27,227.0759114176311,228.55293101712496,219.20502813569777,227.14529418945312,34697600
2020-05-28,222.3474393070935,229.61363241933896,222.05004782499321,223.49734497070312,29377200
2020-05-29,223.23961250402408,225.50968633673713,220.93981615980846,223.1305694580078,23241500
2020-06-01,222.63491887570348,230.4165899230667,221.5544110604934,229.89120483398438,18223800
2020-06-02,228.9296491010326,230.97171419695508,224.58777255178694,230.69415283203125,20919000
2020-06-03,230.0894397073156,230.6247322510461,226.54060246078376,228.1564178466797,15380300
2020-06-04,227.56166814251998,229.6136559660789,222.6547611255217,224.32012939453125,17041500
2020-06-05,224.73645387486997,229.33606120551264,223.3486320600808,228.7611083984375,16750400
2020-06-08,227.03625618473225,229.534323418887,225.43036338289795,229.3856201171875,15466500
2020-06-09,229.50460868151143,237.68279193428225,228.40427069337295,236.5923614501953,27462900
2020-06-10,238.86240797621303,239.11023168276265,233.23184549790702,234.66921997070312,20720700
2020-06-11,227.93834758086746,230.8626644574939,221.60397389010276,222.47630310058594,26708200
2020-06-12,227.8986807845685,229.64336940745946,222.54569462569273,226.59017944335938,22091400
2020-06-15,223.13057506180579,231.73502303147188,222.84310618379425,230.47607421875,15340300
2020-06-16,235.07568298678672,236.38419957650984,230.971722513685,233.59864807128906,15236700
2020-06-17,232.95429023145962,235.52174026803576,229.71275182999162,233.47967529296875,19578100
2020-06-18,232.94441171457788,234.08439488590344,230.12912248871174,233.88613891601562,15782500
2020-06-19,235.7200240008202,238.73356917683358,233.4995329510849,236.71131896972656,30081300
2020-06-22,236.48331496125397,238.60468549637406,234.8476843848803,237.1375732421875,18917800
2020-06-23,239.17963684344247,243.0556036069175,237.77199987359415,240.13128662109375,24017900
2020-06-24,239.10032389575963,241.1027438042469,230.65448721701455,231.9828338623047,20834900
2020-06-25,232.5775868399755,235.23426483463246,230.7139628559192,233.62835693359375,18704300
2020-06-26,230.6148299237534,231.06090957453293,213.52490151453114,214.19898986816406,76343900
2020-06-29,207.9240842911167,218.82832709065084,205.30706662426687,218.7192840576172,58514300
2020-06-30,218.66973623252326,225.51958755508608,216.56819590528403,225.0933380126953,33927100
2020-07-01,226.51085040882054,236.91944528537468,225.57903092352822,235.48207092285156,43399700
2020-07-02,236.91948906655,237.91078399988285,230.58511504759153,231.3880615234375,30633600
2020-07-06,231.72510704408856,238.30730504843515,230.24808721747706,238.1883544921875,26206200
2020-07-07,237.32593099127416,245.49419181504504,236.7410705926713,238.7633056640625,27887800
2020-07-08,236.03722575248477,244.8399291745789,234.53045329150478,241.45960998535156,29791300
2020-07-09,242.86724472826,244.3839246791393,237.15739168530018,242.37159729003906,22174900
2020-07-10,241.56865372181096,243.3529875457348,237.23669990075217,242.9366455078125,22982700
2020-07-13,244.85973024561372,247.9723954033769,236.34451129544084,236.91946411132812,24674900
2020-07-14,234.6989803126721,238.23791044505438,230.0101595663755,237.64312744140625,23378100
2020-07-15,239.44730334099856,242.68884213239545,235.97777094147332,238.1883544921875,19133600
2020-07-16,235.92818533327153,239.65544869823316,234.27272467146835,238.83267211914062,18880700
2020-07-17,238.902078392967,242.0345740054455,235.7894129143792,239.92311096191406,18152400
2020-07-20,237.97024349927685,243.90810520163038,233.58872199953782,243.28358459472656,20872200
2020-07-21,244.0766121329838,244.760607979897,237.99006253468102,239.64552307128906,19364200
2020-07-22,238.1685105392652,239.79423359282484,236.04714002881593,237.7819061279297,15427900
2020-07-23,237.54399711408567,240.309703175952,229.73258861347995,230.5751953125,21771800
2020-07-24,228.18618255692917,231.4574588539895,224.92481376383182,228.70166015625,18325800
2020-07-27,229.4451567404804,232.90476675137452,228.82063602462782,231.46739196777344,13163100
2020-07-28,232.587509594588,232.91463870190316,227.8292914101219,228.11676025390625,14170100
2020-07-29,229.12787752191306,231.6655897682173,228.30510102978255,231.2591552734375,13588300
2020-07-30,228.21589283740667,232.84523779450794,227.00651195664395,232.45863342285156,20615300
2020-07-31,253.59303907846694,253.62277671193084,246.83240138645832,251.4617462158203,53005100
2020-08-03,250.45064335351154,253.1767042514364,248.15084711603382,249.76666259765625,23124900
2020-08-04,249.37014838368583,250.59935953342313,245.27609551181612,247.65521240234375,17183500
2020-08-05,248.01206299801274,250.07395811822374,245.61313125623738,246.9513702392578,13050100
2020-08-06,246.87206891607784,264.27921961993843,246.50529465278117,262.970703125,45241600
2020-08-07,261.78114887182363,276.46225445247427,261.13681322492374,266.10321044921875,72766400
2020-08-10,265.70673739925354,271.47605167970966,257.42941756527375,260.7106018066406,30248800
2020-08-11,257.9250148628608,263.60514536343936,252.9090652365863,253.90036010742188,28238300
2020-08-12,256.7156503787785,261.6027271450453,255.86312100417206,257.6276550292969,21415700
2020-08-13,259.2731838466184,262.851774371615,257.31043919341164,259.0253601074219,17374000
2020-08-14,260.02648226989123,260.3635188012823,256.4280780569926,258.9657897949219,14792700
2020-08-17,260.2148976283439,261.80097543570025,257.14187754882556,258.8865661621094,13351100
2020-08-18,258.67842072781787,262.8418412286436,257.00312989770174,260.0563049316406,18690400
2020-08-19,259.11457201254495,265.57780346029676,259.07491174852066,260.3041076660156,23291500
2020-08-20,259.22360923298226,267.2828413890221,259.18394896753364,266.6682434082031,20299700
2020-08-21,266.35103716728554,268.1353559405538,264.100808566831,264.6856689453125,15538600
2020-08-24,268.7103357210728,274.836531396704,266.4303391309209,269.0275573730469,23685600
2020-08-25,270.03869312838947,280.6257171951194,267.90741478238283,278.37548828125,42127200
2020-08-26,281.5277213297594,302.0177980204833,281.5277213297594,301.264404296875,69015200
2020-08-27,297.5470379871194,298.60773063791044,289.47788414162295,290.6674499511719,30301300
2020-08-28,292.43190779754974,294.6425056522665,288.4469143853692,291.10357666015625,17157400
2020-08-31,291.39114572986756,294.2956325042199,289.0120137865058,290.6476745605469,17345100
2020-09-01,292.14450790373803,298.8654860327322,290.1619181282009,292.8681640625,17295900
2020-09-02,296.2782166171665,300.9571296299292,290.4989505638761,299.86669921875,24341400
2020-09-03,293.413355515593,295.00935596893214,281.1609655842515,288.58575439453125,32294100
2020-09-04,284.7494405794508,286.48420653598356,268.77969535194666,280.268798828125,30333700
2020-09-08,268.9185111086546,276.86868625746473,267.0747168972243,268.799560546875,24864000
2020-09-09,273.36936151774904,276.05579226031756,268.9878553560728,271.33721923828125,22918800
2020-09-10,273.11164648670973,276.7298665418841,264.70545549324396,265.7562255859375,24814700
2020-09-11,267.7091340150961,269.02757334919295,260.353741816169,264.2891540527344,18913900
2020-09-14,268.5913945912352,274.2318656084392,263.3870957978233,263.8331604003906,24093800
2020-09-15,268.3138481408767,272.1303099337052,266.95574849230314,270.0486145019531,18478500
2020-09-16,264.9632451579217,270.0684082831144,259.51112273740233,261.2260437011719,29183400
2020-09-17,256.0316480397024,259.2236188586699,248.01207585132232,252.60177612304688,31281400
2020-09-18,256.1505916786772,256.9436457361105,247.87328848243533,250.33169555664062,28130800
2020-09-21,245.38511667482754,247.77414085618435,242.00481278493712,245.98980712890625,24709400
2020-09-22,251.1048968826202,253.09740921847296,246.0592097092851,252.53236389160156,30293100
2020-09-23,253.03791936305436,255.74415008323095,245.9898123355929,246.8522491455078,19641300
2020-09-24,244.35419622510534,250.04423447504365,243.4818518607491,247.35781860351562,20006800
2020-09-25,247.228944402206,253.52367312850794,244.4632382598628,252.60177612304688,18351300
2020-09-28,257.141877987576,257.34014905830304,252.60176088633872,254.5843505859375,18826300
2020-09-29,255.56571362963953,261.0376501133525,254.66363171848434,259.5110778808594,20200200
2020-09-30,259.6994987709962,263.7637844416188,257.8358591600378,259.62017822265625,20142500
2020-10-01,263.04013408960924,265.9941738260117,262.4949036888926,264.3089904785156,20009800
2020-10-02,258.9360879574492,262.84179161387306,256.92376086558943,257.6771545410156,16367600
2020-10-05,259.9175672673614,262.56430803907915,258.56939030437593,262.3462219238281,12822300
2020-10-06,259.50116023470514,263.3771266628919,255.99196805450927,256.4083251953125,18696900
2020-10-07,256.9535700602055,257.9151274261977,252.60180071443372,255.87306213378906,23133400
2020-10-08,257.4888564158184,262.3164578536441,256.8940734112496,261.4639587402344,16312800
2020-10-09,262.2173473961597,262.4453561411012,259.8878283042834,262.1479797363281,14107800
2020-10-12,267.8479040582493,277.74100816754435,265.5381699141355,273.3495788574219,31019300
2020-10-13,275.16364297199124,276.6704306794632,271.01014490194666,273.7362060546875,18063300
2020-10-14,275.20326373795046,276.32343172750234,269.1365442655314,269.4537658691406,15577800
2020-10-15,265.2705377658619,266.6980049306729,261.37475582736255,264.398193359375,15416100
2020-10-16,265.0524410067769,269.00769806378014,262.9905306285475,263.61505126953125,16622700
2020-10-19,263.2185339846654,266.21223369649806,257.6177238415861,259.1244812011719,13587000
2020-10-20,260.77003835359403,267.3522511210666,260.591612529058,265.2308654785156,18763200
2020-10-21,277.12641139284636,280.586021057658,273.9641781096813,276.30364990234375,28998600
2020-10-22,277.4337409477791,279.9912991191895,272.64579916463043,275.698974609375,16720000
2020-10-23,276.3730354317049,282.75697768725735,274.41029068205205,282.3109130859375,17535200
2020-10-26,280.69504467935377,282.7470322158828,271.87252683746,274.69769287109375,21322900
2020-10-27,276.3333793505012,282.033325094517,273.9046947153265,280.8239440917969,16287200
2020-10-28,276.36316220504006,276.36316220504006,264.9335312096621,265.3399658203125,23121800
2020-10-29,274.14257426165767,281.131220993011,271.3966984619704,278.38531494140625,32368100
2020-10-30,272.1103795495679,274.2912398653018,256.8444480951657,260.81951904296875,47247800
2020-11-02,262.29662424575497,268.1155201945895,255.0998139298487,259.0848083496094,27165700
2020-11-03,260.86912353452436,267.699128460698,258.6089727709659,262.990478515625,17961900
2020-11-04,278.55386026436815,286.42474400302376,276.1945736182633,284.8783264160156,35364400
2020-11-05,289.3589477438813,294.7912541700032,286.43464621811086,292.11474609375,23823600
2020-11-06,291.39120381524936,292.03553957338414,285.55246121404525,290.85589599609375,13891000
2020-11-09,287.34664089380567,290.03304153749013,276.10536062910086,276.34326171875,25117700
2020-11-10,270.72256081858717,271.61471990658436,261.70177392459226,270.0583801269531,29067700
2020-11-11,271.0894044837182,275.9764808453702,270.1080322605001,274.0732116699219,14957000
2020-11-12,274.76708892660645,277.3147238557322,272.04102819165286,272.68536376953125,12899500
2020-11-13,275.30237908412266,275.34203934464506,270.7226021810253,274.5390930175781,10391200
2020-11-16,272.6556495304327,276.97771101570106,272.23932261444486,276.5316162109375,12970400
2020-11-17,275.2628036237711,275.2628036237711,270.91103406313465,272.60614013671875,15040300
2020-11-18,272.13020634101,274.97524750176086,269.47354384268675,269.6024169921875,12152900
2020-11-19,268.66072640611867,271.08941095311593,266.8466700938607,270.56402587890625,12963700
2020-11-20,270.1873534858517,270.62352569100193,267.06478039364754,267.3522644042969,18114700
2020-11-23,268.53189955867924,268.59137483464673,262.2272480388358,266.0932922363281,20990800
2020-11-24,266.1527603426882,275.4015587814631,265.5381623396327,274.5093994140625,16930400
2020-11-25,275.7187993456942,277.74101931681827,270.27656935219704,273.19097900390625,12467000
2020-11-27,274.9753051656759,276.70014860060974,272.4276700276529,275.3916320800781,7808400
2020-11-30,273.62710988582904,275.2825855577572,268.65082074499577,274.5589294433594,16693300
2020-12-01,276.72991812988835,286.7816337824195,276.53164702747165,284.0555725097656,20738900
2020-12-02,282.87594987311064,289.2400776057747,278.38538436498965,285.01715087890625,17361600
2020-12-03,283.7581760525857,284.15468797747155,278.62327553330033,279.396484375,12921700
2020-12-04,277.8599504969249,280.9924460351421,276.86865558933414,277.26519775390625,10880300
2020-12-07,276.75966507362745,285.9786968593771,275.7782926630975,283.0940246582031,13007700
2020-12-08,283.5202789546356,283.93660589347684,279.09908168651367,280.9329833984375,10747700
2020-12-09,281.190725155916,285.1261672616319,269.38439883876845,275.5007019042969,25189700
2020-12-10,273.141378605421,276.30361144849036,269.4933907373716,274.7076110839844,20065100
2020-12-11,272.14021166775035,274.0732489938562,267.8974703319594,271.1687316894531,14391400
2020-12-14,270.9902620847114,274.806753220003,269.19602086754435,271.8031311035156,16376900
2020-12-15,272.43757259190494,273.6766912557278,265.1416564202378,273.15130615234375,23979500
2020-12-16,272.36815131440505,275.4411407941398,270.1377381586472,273.2702331542969,15885000
2020-12-17,274.65808738822363,277.99874638748975,271.2281852255585,272.09063720703125,16377800
2020-12-18,273.36934542688545,275.57994363522437,268.77967609377816,273.9938659667969,26693200
2020-12-21,270.60369268943253,272.27898349056596,265.4588697383409,270.41534423828125,16553700
2020-12-22,269.136505749254,269.136505749254,262.3263161346894,264.764892578125,17312900
2020-12-23,264.56674165021036,269.80077813072745,263.91248330865534,265.7760925292969,14329000
2020-12-24,266.539362366525,268.0461196379881,263.88269944634607,265.0722351074219,6702000
2020-12-28,266.4006082309336,274.8860909984067,263.34743294623155,274.5887145996094,23299700
2020-12-29,274.5391389152094,278.068146393808,273.8749580110601,274.37060546875,16383000
2020-12-30,275.5304160537405,275.65925897281426,269.3447156095578,269.5033264160156,11803800
2020-12-31,269.63219883750327,274.6778859869896,267.46126069876846,270.7821044921875,12900400
2021-01-04,272.3880360628086,272.60612217062203,262.89144337221967,266.598876953125,15106100
2021-01-05,265.9545125123116,270.0287199587083,265.8751919806323,268.6111755371094,9871600
2021-01-06,259.71925890881255,265.4192044764678,257.74659177557726,261.0178527832031,24354100
2021-01-07,263.5852999293993,269.24558516756673,262.4750545151092,266.40057373046875,15789800
2021-01-08,265.9743016349195,266.6087448189351,260.88895454198536,265.2407531738281,18528300
2021-01-11,258.21248413938997,261.17644595376123,253.6723369484737,254.60415649414062,30412300
2021-01-12,254.39600252775776,257.4590999880245,248.1211043039548,248.9042205810547,26383500
2021-01-13,249.36023472120903,251.7393364270185,247.03068565955243,249.44944763183594,19528900
2021-01-14,251.19410569943693,252.80992112440126,242.48063073575494,243.5016632080078,29739400
2021-01-15,245.74200319995333,251.65012754449234,245.00845464399956,249.17189025878906,24942900
2021-01-19,254.66363699564707,259.9175177709469,250.52003184687254,258.82708740234375,28028500
2021-01-20,266.5889710019827,267.9668856448146,261.30538168709467,265.151611328125,25199900
2021-01-21,266.91606891247517,271.21828505891534,265.16145761467874,270.49462890625,20838700
2021-01-22,269.6421285577539,276.045884978016,269.6322059283925,272.1104431152344,21954000
2021-01-25,275.7187168987447,277.66164600159135,269.1464283280691,275.58984375,19087000
2021-01-26,275.7187297681529,282.90561653576077,275.39158556731394,279.59466552734375,19373600
2021-01-27,280.0705338960137,280.9825384725556,265.78597141936456,269.77099609375,35346200
2021-01-28,274.7670464067175,284.29340381366814,262.39570841976916,262.6930847167969,37758800
2021-01-29,262.9905341831644,264.23957548201406,252.63152026244686,256.0812072753906,30389500
2021-02-01,257.2608421338814,261.870387630748,252.69098715556086,259.72918701171875,22914300
2021-02-02,261.7018603405953,266.5096467798123,260.9782041542652,264.7550354003906,17320800
2021-02-03,263.3077637827689,266.85661669881154,261.54325995501324,264.32879638671875,14223400
2021-02-04,264.6857198748094,265.8257032132984,261.70191188070464,264.17022705078125,16060000
2021-02-05,264.4774120290199,266.8268058633691,263.3572744373787,265.76611328125,12454400
2021-02-08,266.4105228067336,267.51084570093855,262.6931666745466,264.2593994140625,13755200
2021-02-09,264.12056337727125,271.010073671446,263.4365676112977,267.1043701171875,14613400
2021-02-10,270.078294370915,271.41651821880134,265.38945883299453,269.5033264160156,14687200
2021-02-11,269.5231973013296,271.1984579277582,266.1527702844874,268.0362548828125,12828600
2021-02-12,268.1650786786831,268.8193369263752,266.0040631117695,268.145263671875,9097600
2021-02-16,268.44263449070877,274.1921627978071,267.6991633498535,271.5850524902344,15417200
2021-02-17,268.8788036712196,271.58504948467396,267.23325060077394,271.18853759765625,12763200
2021-02-18,267.22337821729826,269.5826649616648,263.7141857382018,267.0449523925781,15249100
2021-02-19,267.51078480255114,267.9172192773767,257.8853213193672,259.2830505371094,25622600
2021-02-22,255.7045253451955,260.779950269616,255.2881681864634,258.06378173828125,17434900
2021-02-23,257.2410330934261,265.1317322276039,252.74056078837012,263.545654296875,21924600
2021-02-24,260.046350171747,264.061112241261,256.1406765125581,262.0091247558594,15736100
2021-02-25,260.01664005540107,264.6162629103088,251.82854963033122,252.472900390625,19053100
2021-02-26,254.23736693604718,263.23830999745786,254.23736693604718,255.37734985351562,26619500
2021-03-01,258.549550247898,264.3287863643085,255.6549557487879,262.60394287109375,22157300
2021-03-02,263.46633907482317,264.3882360075489,256.3984020867575,256.745361328125,15191700
2021-03-03,258.02415412891276,258.71804239737355,252.87933125477727,253.18663024902344,15513500
2021-03-04,254.2374340930853,264.170199267772,251.29328668398887,255.3972625732422,31626500
2021-03-05,258.4008106616745,263.1391982624967,253.38484662048393,261.9793701171875,26820100
2021-03-08,263.2383279364887,263.26806557107824,252.8297474292664,253.0874786376953,18391800
2021-03-09,258.90636446418875,266.19238717808435,257.548295450208,263.4266662597656,22039700
2021-03-10,266.3014573722322,266.62857135494477,260.58166684791667,262.593994140625,14210300
2021-03-11,265.7760587266134,275.4808441808268,265.48860498958203,271.495849609375,21834000
2021-03-12,266.79708577253,267.39183842598396,261.72163119837296,266.0635070800781,20600200
2021-03-15,266.7376134683723,273.5577270950663,266.1626757478061,271.3669738769531,16844800
2021-03-16,273.6766905634166,279.6839656622003,272.40783426494863,276.8488464355469,22437700
2021-03-17,273.3098933243491,283.7383344580266,273.0125169715293,281.53765869140625,21315000
2021-03-18,277.4336680480965,282.7073635915674,275.85751296216336,276.1945495605469,18728300
2021-03-19,278.77196781041573,290.25115005192066,278.7521528020532,287.5845642089844,38930500
2021-03-22,287.9216131112557,297.1009832280453,284.25380991481296,290.9847106933594,28273100
2021-03-23,290.5980580528056,295.4058437753718,287.2871371252847,288.1000061035156,23000900
2021-03-24,288.46681832793877,289.1805518720229,278.71248006006977,279.6839599609375,18675000
2021-03-25,278.53399727437875,285.5523504792906,275.33210448455355,276.3134765625,24505600
2021-03-26,275.87733122221624,282.0233710937428,275.35194618737313,280.5562438964844,17629200
2021-03-29,283.28236368680797,290.62786332998365,282.2217010191801,288.2884216308594,21718800
2021-03-30,287.30694549487737,289.92397816866935,284.2042183237241,285.4928894042969,17474500
2021-03-31,287.4656075110616,293.91894719587566,286.0976156652558,291.9660949707031,19498200
2021-04-01,295.8023732906898,299.7675526384254,294.0180546849759,296.06011962890625,17616000
2021-04-05,298.2707721216928,308.06474147592405,298.06257838678306,306.220947265625,28237000
2021-04-06,306.1514909677622,308.63965066599314,302.59274616641994,303.5939636230469,17335200
2021-04-07,303.6732915537741,311.5144382436948,302.84060742545347,310.3645324707031,22855200
2021-04-08,312.1091915082921,313.1302240000469,307.3509580476352,310.29510498046875,20894100
2021-04-09,308.68918966598244,312.00011061408475,307.62849698671556,309.7399597167969,15988600
2021-04-12,308.3422478867747,309.43267826117784,305.249412826226,308.8280029296875,10881900
2021-04-13,309.4921305893615,311.69280618114584,306.62730444507133,307.0634765625,14036900
2021-04-14,304.62488027342675,305.3485363689106,299.3214772891418,300.18389892578125,17421400
2021-04-15,303.67325362495666,307.44019211811167,301.4527628934411,305.140380859375,14558300
2021-04-16,305.4873764666447,306.2605853135544,301.9583386311956,303.5146789550781,13059200
2021-04-19,302.35488466496423,305.0214705207689,297.9436100033605,299.6089782714844,14553500
2021-04-20,299.3611226269296,302.4440653471533,294.6227344452051,300.015380859375,16796400
2021-04-21,299.3215050467602,299.3512426834739,294.80120275476366,298.8456726074219,14863500
2021-04-22,298.70690825562025,300.28309392317766,293.4629795007598,293.93878173828125,16375400
2021-04-23,296.1592724145303,299.9559185503014,294.56327190310105,298.5086364746094,17536800
2021-04-26,300.6993844190325,303.1379613464025,298.9348807476967,300.4020080566406,16172600
2021-04-27,301.63124017584755,302.68201045146435,298.48882172764996,300.92742919921875,15309300
2021-04-28,304.6843823594291,308.2134199936871,302.71171521224556,304.4266662597656,33907200
2021-04-29,327.24621579980425,328.92150633604183,318.81028785417476,326.64154052734375,56526800
2021-04-30,323.30092246115237,326.94888031144205,321.67518435826673,322.2501220703125,26332400
2021-05-03,323.3306871128496,325.6899436819477,319.0383630387981,319.77191162109375,18719500
2021-05-04,317.2341454989644,319.3852684884699,310.39421754807074,315.5885925292969,24032600
2021-05-05,315.4201281194098,318.265139655346,311.75232487156865,312.2777099609375,15577600
2021-05-06,311.78209978488167,317.4523085272754,310.5429810059663,317.2342224121094,19012200
2021-05-07,319.5736595346805,320.12878226692106,315.9752541529607,316.3023681640625,15916700
2021-05-10,311.6135751168887,311.8415535952815,302.1764277852022,303.3065185546875,24239200
2021-05-11,298.13188993839833,304.1688712116594,297.08111994513604,303.861572265625,18920100
2021-05-12,298.508668323651,302.30531486450104,295.59425860219534,299.9162902832031,24645500
2021-05-13,303.4154998795162,306.17129822076333,300.1343165029494,302.6026611328125,18079200
2021-05-14,306.8454461766793,314.0918098146502,306.38942871995596,313.1897277832031,19245700
2021-05-17,310.82046004717864,312.9319227273037,308.8676081589599,312.7138366699219,15401300
2021-05-18,312.8427442229503,313.7448261843899,307.1130610875427,307.2617492675781,14522400
2021-05-19,301.54203191843607,311.92089189720036,300.9274338517154,310.8601989746094,19106200
2021-05-20,310.8502441187937,316.47089956123494,310.43391719826906,315.8364562988281,17320200
2021-05-21,316.5105634034792,317.14497642113264,313.0608461919929,313.4772033691406,13600900
2021-05-24,315.4399204891148,323.11256307150484,315.26149467954974,321.8040466308594,16445400
2021-05-25,324.2327128158944,326.31443809358075,321.97256172204254,324.9365539550781,16437000
2021-05-26,325.4916435159768,326.9587404131613,322.98366895998686,324.8076477050781,9686900
2021-05-27,325.1447124753475,330.87439552779364,323.91551653562766,329.8533630371094,20477700
2021-05-28,328.1186061786188,329.97232276898853,325.4718355309257,325.8683776855469,12037400
2021-06-01,327.2760024770691,328.5349663508822,323.7965779781596,326.264892578125,11765900
2021-06-02,327.50400205992975,328.9810217269072,324.2723711221696,326.2846984863281,11654300
2021-06-03,322.9440663775023,324.53014434187793,320.664100101908,323.2018127441406,12610800
2021-06-04,323.0629692041893,329.565860670719,322.34923573825716,327.4742431640625,13289400
2021-06-07,326.61185481963037,334.7503774849937,326.0666244730163,333.6500244140625,20136700
2021-06-08,333.76896766205743,335.3550151234234,329.34777112034703,330.7752380371094,14580500
2021-06-09,332.81732108058753,333.86809119455836,327.1272983594341,327.3751220703125,13727900
2021-06-10,327.91038121348925,331.0329534579169,325.6898605214342,329.5658264160156,13240200
2021-06-11,329.6848289882906,329.932652701607,326.06660882425405,328.3763427734375,13587900
2021-06-14,329.0107474158406,333.8879312812303,326.9389448552168,333.8383483886719,12250800
2021-06-15,334.0564741044241,336.96099128707715,332.1135444811946,333.8185729980469,15795200
2021-06-16,333.7689782813565,334.6115546775463,325.858434720274,328.1978759765625,17232200
2021-06-17,327.61304327329054,335.0378626785236,327.2760066360262,333.5806579589844,17794100
2021-06-18,331.6178535993486,333.2237463610246,326.1359944767313,326.7902526855469,23039500
2021-06-21,328.2078338886737,330.0219205469245,324.79777691820135,329.39739990234375,11337500
2021-06-22,329.7938389774268,336.9609106102754,329.7046260838951,336.0786437988281,15345300
2021-06-23,336.3959260905471,340.43050354273737,335.2559430204176,337.6251220703125,14817800
2021-06-24,338.87415705290726,341.8975943029009,338.8146817809146,340.19256591796875,12329100
2021-06-25,339.60769634720594,341.1243762456423,336.72302472627456,338.3983154296875,14594400
2021-06-28,339.4788094187152,355.02233490536383,338.7948135851893,352.5440979003906,29156100
2021-06-29,353.1685976460445,353.63450742549907,346.0114477744604,348.8267517089844,21417300
2021-06-30,349.1043329547267,349.8478041184627,344.1478585298199,344.6831359863281,15107500
2021-07-01,343.80091334634034,351.5825845624419,343.4836917096973,351.3050231933594,17137000
2021-07-02,352.00881658759465,353.33714809146704,349.5503944039377,351.6123046875,11521300
2021-07-06,353.3966023047787,355.6666759065299,346.14031698296947,349.708984375,13488500
2021-07-07,352.1673993527171,353.3866725921118,346.953179038553,347.43890380859375,14218900
2021-07-08,342.7203727736386,345.2977151324137,339.5779548488796,342.64105224609375,14406500
2021-07-09,342.31389774640746,347.65696052149144,342.26431485958125,347.3695068359375,13018700
2021-07-12,348.17256225818943,351.1067870594323,346.59640679986194,350.08575439453125,10018600
2021-07-13,348.44010310918037,355.36924370092373,345.763595195058,349.02496337890625,11456000
2021-07-14,351.4735177226943,352.10796098033563,343.71169195773086,344.6038513183594,13894200
2021-07-15,346.18989077833317,346.18989077833317,337.25831503012074,341.4613952636719,14781600
2021-07-16,341.9075724269468,342.9781577484986,337.1791060245473,338.1902160644531,11026100
2021-07-19,334.63138258472316,336.8320581829855,331.6277606433571,334.01678466796875,14372300
2021-07-20,335.8506418441399,340.46018653222336,331.5880866132554,338.6857604980469,11024300
2021-07-21,338.5271983069589,343.50348766663694,338.27937458931103,343.2160339355469,9279700
2021-07-22,343.66209353487886,348.47980226768016,342.20488888598493,348.1328430175781,12385400
2021-07-23,357.76819015543896,372.0626434415521,354.0805724928568,366.5708923339844,33694300
2021-07-26,366.36271751347635,371.18042595459303,365.0145711113997,369.2176513671875,14925200
2021-07-27,368.67250006703915,369.9016960963588,361.3765536706244,364.6081848144531,15705400
2021-07-28,371.2994349422472,374.26339716924025,363.73584961530185,370.03057861328125,29676900
2021-07-29,357.8574688091655,362.3381109905446,353.6345427376173,355.2008056640625,33413200
2021-07-30,350.9184283866419,357.58985459666195,349.86765811162667,353.1983947753906,15976200
2021-08-02,354.982656623562,356.2713276999675,347.68671152027184,348.8861999511719,13180400
2021-08-03,349.6594535052351,350.69037839785096,344.673241474728,348.1824035644531,12406100
2021-08-04,349.3521461852516,357.3419802981205,348.450064236777,355.7955627441406,14180600
2021-08-05,356.5093041046294,360.73219970957473,353.79313557019657,359.810302734375,10247200
2021-08-06,358.25396364410295,361.9713194447513,358.25396364410295,360.3456115722656,8925000
2021-08-09,360.59340518391826,362.59580978398236,357.6095981631221,358.46209716796875,7798900
2021-08-10,358.6802163961875,360.9304751555723,355.91452543710386,357.986328125,7469900
2021-08-11,358.9478624990702,359.2055785824935,354.6951992255373,356.82647705078125,8400300
2021-08-12,355.32965227693023,359.8400317588148,354.00129055177996,359.4930725097656,7170700
2021-08-13,359.810299682887,361.48559043105394,358.3332800092168,360.0184631347656,7195700
2021-08-16,359.36420928344654,363.75566859668425,354.2689693273235,363.3690490722656,11222100
2021-08-17,359.82021533674686,361.4955060524368,351.9790694475264,355.32965087890625,12328700
2021-08-18,353.14876713538985,356.72732678810877,352.05833682157106,352.3557434082031,10042400
2021-08-19,348.29148495413693,354.45734072172434,347.94452567302466,352.0286560058594,12004500
2021-08-20,351.51323269518525,356.85629731279005,350.2344536031806,356.24169921875,8697700
2021-08-23,356.31104498912975,362.50663817869156,355.97400834984796,360.18701171875,10942000
2021-08-24,360.4942541707644,364.75680951575623,358.69009045651893,362.3281555175781,9235100
2021-08-25,362.4174147958785,367.6316053022577,362.2191437187731,365.1831359863281,9684500
2021-08-26,365.1732487588188,366.2240190151231,360.9602451032086,361.20806884765625,7888700
2021-08-27,361.9217510386476,370.48652269932006,360.9106109436815,369.3861999511719,11219100
2021-08-30,369.31681888061235,378.1690749179181,367.2945688504509,377.3463134765625,13547300
2021-08-31,376.6424683877028,379.4280043335616,375.50245517516845,376.0774230957031,12345400
2021-09-01,376.28563561020815,380.984363857357,375.5124267815391,378.7242126464844,11567200
2021-09-02,378.1790086340969,378.42683236190425,370.80377207439494,372.0131530761719,14832900
2021-09-03,371.48778459469844,373.87680906781947,369.862046346664,372.9846496582031,7509600
2021-09-07,372.60791241783016,379.62626663292235,369.9016665912914,378.8530578613281,10793800
2021-09-08,376.85065315181134,377.5544640235521,371.5274046568623,374.283203125,11067200
2021-09-09,374.35265150125184,376.5235596799351,373.2919586101133,374.7095031738281,9098900
2021-09-10,378.04026500716407,380.4491349654117,374.96727455971796,375.3935241699219,11549600
2021-09-13,378.3574610199331,378.426858929052,371.0912821213487,373.23248291015625,13026300
2021-09-14,374.1146494141582,375.2942926398303,371.84457586409377,373.2522277832031,8711600
2021-09-15,373.7181835773616,374.27330631053246,364.4694153158542,370.6650085449219,17940300
2021-09-16,369.54486124813184,370.30814748622225,366.4916557919265,369.8125,11934200
2021-09-17,368.17683971497365,368.17683971497365,358.4423166085418,361.5450744628906,26299000
2021-09-20,356.17224460756535,357.88719567110746,346.7549430803481,352.6036071777344,19822800
2021-09-21,355.37921290978545,356.90581548877753,352.0980292916366,354.36810302734375,11751900
2021-09-22,344.20737636584164,346.79464181465096,337.7242985458591,340.22235107421875,43692900
2021-09-23,342.3536117509413,346.6261208464097,340.01417017387416,342.9483947753906,21806300
2021-09-24,340.2520632105395,351.2653656500242,339.38964145891316,349.887451171875,18801900
2021-09-27,346.76487371815995,352.05838496337213,344.05862769451767,350.5020446777344,15205800
2021-09-28,344.9408867412506,346.55670226470806,335.96968001839247,337.6846008300781,21710300
2021-09-29,340.1628176861306,342.22472789071014,335.9299996176052,336.65362548828125,14452200
2021-09-30,337.4863475250749,339.8158662468685,335.2063511936451,336.4355773925781,16547100
2021-10-01,338.6362412870357,342.0165605763661,335.69212443224353,340.0240783691406,14905300
2021-10-04,332.6091983075989,333.01563287337103,319.8908972208889,323.3901672363281,42885000
2021-10-05,325.7196471719252,332.26219920558924,323.3207305857964,330.0615234375,35377900
2021-10-06,326.8695521281811,331.4691747245333,322.96384802328623,330.7356262207031,26443000
2021-10-07,334.06639950885625,335.890378594045,326.11622486820954,326.3541259765625,28307500
2021-10-08,328.62419226348635,330.49772395211795,325.8485483054744,327.1768798828125,15946100
2021-10-11,324.77789757746996,327.5832483555272,322.47808654095144,322.61688232421875,14708200
2021-10-12,320.217959094543,321.55621312935887,314.60722687772926,320.9515075683594,31658700
2021-10-13,324.12371375601333,324.15345139468826,319.85123490549086,321.7148742675781,14761500
2021-10-14,325.5015715404052,327.6427721065974,324.25256056573227,325.67010498046875,14302200
2021-10-15,325.8188120863073,326.20543163201086,319.70253927634974,321.9329528808594,21596400
2021-10-18,326.0864785457651,332.96606776369435,324.64908879992856,332.42083740234375,21585000
2021-10-19,336.6932978457845,339.4788340210917,334.34393383511576,337.03033447265625,18786300
2021-10-20,340.46027802674394,340.9856631638522,336.4950980479875,337.8135070800781,13639500
2021-10-21,337.31788302950616,339.3302107985239,334.85946038110154,338.9039611816406,16354400
2021-10-22,323.5091145151321,326.7605607564553,318.31470838122334,321.78424072265625,35224500
2021-10-25,317.51178604554,326.69118770503417,316.9368482389188,325.8287658691406,38409000
2021-10-26,325.4024861336373,327.33549311220946,306.90491895434997,313.06085205078125,65654000
2021-10-27,311.45489652400113,316.47084548411294,309.34343388923537,309.5020446777344,29971800
2021-10-28,310.2653517497801,322.6862744629049,305.42782825462723,314.1611633300781,50806800
2021-10-29,317.4026841198495,323.1621044820293,316.817823818655,320.7532653808594,37059400
2021-11-01,323.20177881185055,330.54727722256507,323.16211854762673,327.10748291015625,31518900
2021-11-02,328.4953209834724,331.87564034805075,320.98128842176436,325.2240295410156,28353000
2021-11-03,324.6391323495334,329.25856986128804,320.38649933440297,328.7331848144531,20786500
2021-11-04,331.1024126520275,334.33401339052415,329.7542358838118,332.9263916015625,22495300
2021-11-05,337.3476227258004,343.77122566769896,336.68347197022587,338.1604919433594,26872800
2021-11-08,341.4217692170789,341.7885434537286,335.3946798762904,335.6722412109375,18342500
2021-11-09,337.04026169208083,338.33885557432916,331.55840217522467,332.4505615234375,17556700
2021-11-10,329.59562832992003,330.2895468537602,322.67640935822544,324.7878723144531,21872600
2021-11-11,326.9489345322679,329.5659376842874,324.1534752831261,324.88702392578125,12376600
2021-11-12,327.30572624640484,338.88404283160503,326.9092143568686,337.9225158691406,25414300
2021-11-15,341.34245331053467,350.57140562732303,340.21239295129374,344.534423828125,25076600
2021-11-16,340.83690901944357,343.6323678721777,337.9026846129846,339.9744873046875,18181100
2021-11-17,341.24332209715345,344.27668185234273,337.13937723798097,337.80352783203125,13602800
2021-11-18,336.7626706173694,339.47880868836324,332.38113429115987,335.74163818359375,17487200
2021-11-19,339.2211080822215,349.0349209979875,336.94111178741986,342.2940979003906,26488500
2021-11-22,346.01152483837666,350.74991396369325,337.54588689920536,338.0415344238281,27116800
2021-11-23,335.9796078452375,338.4281077108217,330.5968832435919,334.3142395019531,17225000
2021-11-24,333.07511425972456,338.8047980509013,329.91288084406926,338.091064453125,13566200
2021-11-26,332.8768476557866,334.8098849993349,329.01080322061256,330.2201843261719,14750700
2021-11-29,333.95734192750814,337.7044353109097,332.3910790981545,335.08740234375,16650900
2021-11-30,332.08375357003285,332.88669992716825,320.61446562657216,321.635498046875,25390000
2021-12-01,327.4147443033696,327.622907725791,307.58884973599953,307.8961486816406,30329600
2021-12-02,308.68923662919264,311.8613925211447,304.5258160544162,307.68804931640625,24396200
2021-12-03,310.9989509816925,311.0187659884353,296.89281406704816,304.1689147949219,27471000
2021-12-06,305.4477026203686,317.3135037928877,303.6732762774191,315.1029052734375,21758300
2021-12-07,318.7706820353999,323.6974184932654,318.20563672841274,319.9998779296875,18794000
2021-12-08,322.1708069488053,329.85334157604603,320.2576152633846,327.6824035644531,19937700
2021-12-09,326.6713826849532,333.2040135029622,325.14477982135065,326.9489440917969,16879200
2021-12-10,329.6649914939151,332.1134908245347,323.5288743506199,326.87945556640625,14528000
2021-12-13,328.0690544396318,338.120768847072,326.72087766442525,331.5782165527344,22948700
2021-12-14,325.194246965992,332.77767638581724,324.79773509646463,330.834716796875,20461000
2021-12-15,329.5955745287784,339.1318249746291,321.1596769623259,338.6857604980469,24681300
2021-12-16,336.0291497145093,341.46142630217054,330.8347439657992,331.9846496582031,22635000
2021-12-17,329.9029054140039,334.17538368642465,327.8707631250314,330.8843078613281,40012600
2021-12-20,326.9091751988659,327.0281257262868,319.7222883986814,322.61688232421875,17901800
2021-12-21,323.5685458479466,333.0750595421487,320.9316979963412,331.2907409667969,16116800
2021-12-22,330.8942391431612,331.59808033252256,325.402486952431,327.57342529296875,16764600
2021-12-23,327.22641579066516,333.7392298126932,325.50154228707476,332.3216552734375,13987700
2021-12-27,335.90029482489064,344.8417642492237,335.0676107095978,343.1664733886719,17795000
2021-12-28,343.6125808087769,349.63964092460617,342.19503626000375,343.2061462402344,16637600
2021-12-29,343.8900925578149,346.64589097074906,338.6659797027257,339.95465087890625,10747000
2021-12-30,341.00545303663915,344.20734652415706,340.23224420785385,341.3623046875,10593300
2021-12-31,340.03397839408666,340.4503355784657,333.3427375694343,333.42205810546875,12870500
2022-01-03,335.3550557110125,338.1108543487535,334.2547328826255,335.5929870605469,14537900
2022-01-04,336.9907056585959,340.103355842502,328.9810261084693,333.6004638671875,15998000
2022-01-05,330.12098787578486,332.8371562358702,321.0209087490122,321.3480529785156,20564500
2022-01-06,320.00976127019425,336.2174356126876,319.91062575013507,329.5658264160156,27962800
2022-01-07,329.8434453738167,334.0663712007667,326.01706169641426,328.9017333984375,14722000
2022-01-10,322.4780673177253,325.4816889637115,312.68407111837644,325.21405029296875,24942400
2022-01-11,323.93530481633513,331.7169748373019,322.448362656351,331.459228515625,16226800
2022-01-12,332.2621863257024,333.4418295668102,327.15702411733304,330.3589172363281,14104900
2022-01-13,332.06391399981203,332.7082495131672,322.9241755317914,323.6379089355469,14797100
2022-01-14,318.9887957429694,329.8335644167679,318.4138277573684,329.0107727050781,16868500
2022-01-18,320.4757639036312,321.38773834799343,314.8749532934416,315.3804931640625,22645600
2022-01-19,316.7979997340146,324.25255648211686,316.5501760176956,316.80792236328125,20814700
2022-01-20,321.080391235349,324.966280302167,313.22935307761765,313.8042907714844,16925000
2022-01-21,312.0695088375882,315.5390405849981,300.40198010913116,300.5308532714844,28710700
2022-01-24,295.24724373871493,306.83548253324034,286.4941238429113,306.0226135253906,38878100
2022-01-25,297.33886857867225,303.5641983193583,294.98947463946723,297.537109375,25108500
2022-01-26,304.3374833497139,304.83313084274204,288.3181527448159,292.06524658203125,28348800
2022-01-27,295.15804679430795,299.08356599902004,291.69843738739166,292.07513427734375,21629900
2022-01-28,293.046605096765,299.27193610509295,290.47915483437316,299.0835876464844,21871600
2022-01-31,298.0625144426168,311.0584050556387,296.71436802993236,310.53302001953125,21579500
2022-02-01,311.82167138960386,316.8772806203968,309.40290980078396,316.2230224609375,18023800
2022-02-02,324.96634274369376,325.14476858794507,314.1116501062232,320.18829345703125,58458300
2022-02-03,242.52029856192772,245.8411426276449,233.6977797357552,235.69027709960938,188119900
2022-02-04,232.92455228605658,240.49804434059385,228.10685870647143,235.02609252929688,89342200
2022-02-07,235.63082018276674,236.2256032374625,222.05998911424538,222.95216369628906,88613800
2022-02-08,218.92745595307002,223.80462440520083,214.26835843440645,218.26327514648438,94729700
2022-02-09,222.24831952087897,231.33849218278192,220.27565229753864,229.9804229736328,86563300
2022-02-10,226.28288119030293,232.9542913411008,224.72654100471263,226.08462524414062,49310400
2022-02-11,226.47121907896008,228.4141484371467,216.86556994435307,217.63877868652344,46156900
2022-02-14,217.40088654976037,219.07617738521267,212.91032177090045,215.80490112304688,38184000
2022-02-15,218.55078679053494,219.22486005892043,213.18787777639622,219.076171875,42685500
2022-02-16,210.5609609793981,215.56700343123342,210.51139320740756,214.65499877929688,45817500
2022-02-17,212.15692341599396,215.60662518366414,205.3566402879214,205.90185546875,38747500
2022-02-18,207.56723467799455,208.91539632217007,203.39387657053754,204.3653564453125,37128400
2022-02-22,200.57860830625324,205.67386353473034,198.31845712325313,200.3208770751953,39852400
2022-02-23,202.38277377288952,205.13857243054682,196.32596122833482,196.72247314453125,44481400
2022-02-24,189.3968049752726,206.53630261082083,188.56412087278997,205.79283142089844,49957200
2022-02-25,203.15596878731102,209.48043476464565,201.4112801723448,208.64773559570312,37627600
2022-02-28,205.87211866348667,211.29450300532383,205.02952706959343,209.19296264648438,34239800
2022-03-01,208.0430483616429,209.9066875471143,200.45964869899032,201.71859741210938,27094900
2022-03-02,202.99737173398083,207.32932567756626,200.26140321055217,206.2983856201172,29452100
2022-03-03,207.20046210869705,207.25993738193364,199.66661489556296,201.203125,27263500
2022-03-04,200.60833967639832,204.09770188319834,197.05950219705525,198.31845092773438,32130900
2022-03-07,199.0420824988162,199.1412180323185,185.6496947748115,185.83804321289062,38560600
2022-03-08,186.2147523045471,194.9877030604823,184.48989373978588,188.6334991455078,37508100
2022-03-09,194.03608031442005,197.36683197473633,192.2319162323501,196.7720489501953,31894700
2022-03-10,193.14390698911552,194.57137415619934,189.40673586874723,193.5106964111328,24853000
2022-03-11,190.96306497278132,191.8750545422777,185.04503271256127,185.9768524169922,34694500
2022-03-14,185.40185241838046,190.6160572606137,184.2023942638273,185.00534057617188,31010500
2022-03-15,189.1390642063968,190.60617637861344,184.29163289751435,190.3583526611328,31721700
2022-03-16,193.0051051808488,201.95649650852528,192.8266793674669,201.8573760986328,40640300
2022-03-17,199.94416622902315,206.22897188521705,199.3593059035766,206.0307159423828,29499700
2022-03-18,204.90063812727288,214.91272195046668,204.20673477217082,214.6054229736328,52128000
2022-03-21,212.6327329191068,212.84091148088274,205.82254253724898,209.64894104003906,30142300
2022-03-22,209.53000212527914,217.54958951329053,208.3503587518727,214.7640380859375,31998800
2022-03-23,211.47293346902381,214.91272782980164,210.3131203024904,211.601806640625,23717300
2022-03-24,213.12840537772053,218.74904569512475,212.9202267914641,217.65863037109375,31502300
2022-03-25,218.59042908411953,223.53699599289988,216.98453621485453,219.8890380859375,40039000
2022-03-28,220.19633368710993,222.08969538769563,217.6288684853834,221.64361572265625,26224100
2022-03-29,224.10202339948714,228.88005648497796,223.3287995371799,227.85902404785156,31417900
2022-03-30,226.9173167936126,229.1378076655561,224.73647106182824,225.86654663085938,25588000
2022-03-31,226.46132957297078,226.5009898417312,220.32521137788765,220.42434692382812,24192300
2022-04-01,222.59526293695754,225.30149365853208,220.7613614029989,222.8926544189453,19544800
2022-04-04,224.01281202415882,232.3099604286333,223.89386147924975,231.8539581298828,28054800
2022-04-05,232.04228308836034,234.79808135683643,229.0089234925527,229.82177734375,29727200
2022-04-06,224.93474611442295,226.99664147485188,219.48262375902627,221.35617065429688,28995100
2022-04-07,221.98065051757655,223.5568208391309,216.6574019650015,221.00918579101562,21037200
2022-04-08,220.44414479208226,223.17020552086805,218.11459593710012,220.3945770263672,18375700
2022-04-11,216.51859757528078,218.68953549889048,213.34645739907467,214.57566833496094,20516600
2022-04-12,218.32279924455113,220.09721050095476,211.27469173834876,212.27589416503906,20128800
2022-04-13,209.97609668254103,214.72439268188097,209.49035672762682,213.11849975585938,19231800
2022-04-14,213.01934713942245,213.11848267360907,208.1719159864897,208.350341796875,18379500
2022-04-18,208.17194034933556,211.5225221343132,206.4867419526521,208.93524169921875,16580800
2022-04-19,208.687388784282,216.5285192787811,207.18061642952617,215.41827392578125,20089900
2022-04-20,211.7505057324773,212.29572095663042,197.18838112552498,198.67532348632812,43036500
2022-04-21,199.84508171391923,201.20315104850755,183.9645312875298,186.432861328125,49954100
2022-04-22,188.71280973536275,191.04235885583572,181.67462485450002,182.50730895996094,36426800
2022-04-25,181.13931758710004,185.55057698247137,180.0786398818122,185.36224365234375,29281100
2022-04-26,185.00536429800306,185.56048699865713,177.93742711598594,179.3748016357422,31747400
2022-04-27,172.91155490901065,179.6325479655742,167.52883108777505,173.42703247070312,71062900
2022-04-28,201.15356583343285,206.71473100829363,191.22078637719784,203.93910217285156,100890600
2022-04-29,202.68017157699896,210.63034616352076,198.15985391157957,198.7248992919922,49193400
2022-05-02,199.418809587904,210.03558549384303,199.24038375171799,209.2921142578125,49915300
2022-05-03,208.61803245985845,213.02929224249925,206.27857562414894,210.1842803955078,41556300
2022-05-04,208.81623346786517,222.34741590885193,205.158368538624,221.4651641845703,41375900
2022-05-05,216.83587117796495,218.2534157507195,204.36537841050279,206.4669189453125,41129200
2022-05-06,205.53506951603146,207.55731947021067,199.27009396161898,201.99615478515625,34747200
2022-05-09,198.10038947118863,200.80663571599845,193.87747821010933,194.5019989013672,36303200
2022-05-10,197.7732217905714,201.19320098052617,192.4995412750609,195.92941284179688,34452500
2022-05-11,194.62089284703953,198.92310827186284,186.63105987923709,187.0969696044922,31153400
2022-05-12,185.43163548920708,196.32597270309722,183.17148415767517,189.57525634765625,38262200
2022-05-13,190.90354698918281,198.14990927576153,189.6148607740116,196.89096069335938,24549800
2022-05-16,195.33469768273204,203.58226484666943,194.22443691234557,198.2986602783203,27112600
2022-05-17,200.36050797611236,203.67144423340272,196.6332448276037,200.8561553955078,24872700
2022-05-18,198.25897094773953,199.25026580247822,189.96183785388354,190.5665283203125,23960000
2022-05-19,189.5355887217403,193.58998137940185,187.94952589985266,189.6248016357422,24446900
2022-05-20,193.2727535593855,196.18716276985003,186.23455423988324,191.85519409179688,31465600
2022-05-23,193.49084953374,195.27518333819546,189.57523779332573,194.52178955078125,25059200
2022-05-24,178.97826339191744,182.08100555682256,174.57691244765323,179.701904296875,50406300
2022-05-25,178.82958708537754,183.8356291645361,177.75900194507628,182.229736328125,28030200
2022-05-26,181.2880223555462,191.15140392285537,180.67340921086296,189.96185302734375,23056500
2022-05-27,189.69419516808324,193.62963718300583,188.1477775238642,193.43138122558594,22562700
2022-05-31,193.19346434021034,195.87988020083372,190.33853016005855,191.954345703125,26131100
2022-06-01,194.79934956020318,197.79306430443702,183.38955104588305,186.99786376953125,36623500
2022-06-02,186.80952261492175,199.19080147626636,186.0957890702157,197.12890625,31951600
2022-06-03,194.27396242446108,194.89848302655813,188.12793731775005,189.11923217773438,19465000
2022-06-06,192.30128978527938,195.20577638077057,186.75994018212134,192.55902099609375,30574200
2022-06-07,190.2592201932253,194.81918271881858,189.8230631492287,193.94683837890625,18828700
2022-06-08,192.97538565794966,200.27131707822286,192.71765441688768,194.92823791503906,22267200
2022-06-09,192.58873213130636,197.71372388925596,182.08100231409924,182.39822387695312,23501600
2022-06-10,181.44658382014677,181.506074210766,173.49641084056702,174.0416259765625,27450800
2022-06-13,169.10497601341515,171.07765810739633,162.60208455665708,162.830078125,31749300
2022-06-14,164.58468395588787,165.29841746325724,159.9553387871744,162.30470275878906,27244300
2022-06-15,165.74453052621197,170.66136066497845,162.5525592321905,167.87582397460938,30008300
2022-06-16,162.29480098577153,163.6429626444072,158.2205783731708,159.4696044921875,26944100
2022-06-17,160.27254091529267,164.45580630957073,158.5080373272939,162.3146209716797,31374200
2022-06-21,164.4855171866856,166.29958824629065,154.61223075278212,155.68283081054688,50724900
2022-06-22,157.00127603788218,159.390285021925,154.086866891369,154.49330139160156,47267800
2022-06-23,154.90965026115896,158.3593520998016,152.90723043126386,157.36805725097656,40499200
2022-06-24,160.32211769945533,168.76795436460003,159.8958681588776,168.67874145507812,68736000
2022-06-27,169.82865898547666,170.25490855575194,166.54745997795482,168.01458740234375,29174600
2022-06-28,168.42098977082756,169.8088116430463,159.21186722566654,159.28125,27744500
2022-06-29,162.146088943286,164.88205699824456,158.9243810172043,162.5128631591797,28595200
2022-06-30,160.7384575527912,163.79164757572488,157.11032981455412,159.84629821777344,35250600
2022-07-01,158.9144784682679,159.2217774583534,153.6507051194892,158.6369171142578,31423900
2022-07-05,156.76338872224667,166.78538165116808,155.65314317652565,166.7259063720703,28618600
2022-07-06,166.7358195899737,170.09630910779737,164.0196809116976,168.2921600341797,23085900
2022-07-07,167.97491709634667,171.21645564142614,166.31945643519762,170.69107055664062,24083400
2022-07-08,168.50029685970665,170.89922861706972,166.686225442263,169.39247131347656,19249200
2022-07-11,165.61560902799786,166.0319509774271,160.50052486194204,161.4620819091797,21885600
2022-07-12,163.36541977086938,164.4657578309303,160.68892628384486,161.84873962402344,16639700
2022-07-13,158.7657892618441,163.54382264724677,158.2205740607195,162.06680297851562,16555100
2022-07-14,159.8165513084792,161.1746203649273,155.91084731663682,156.6741485595703,23765200
2022-07-15,159.1424903569766,163.54384251386296,158.42877188312036,163.2662811279297,23342800
2022-07-18,165.29841367168555,170.19541257482624,164.198075800227,165.77423095703125,23574300
2022-07-19,168.8869078373699,174.9536429313068,168.03439361548112,174.24981689453125,25933700
2022-07-20,175.94491318004836,182.00172479561706,175.16178184563003,181.49615478515625,24784300
2022-07-21,179.05758778878263,182.24955831234044,177.31289922875095,181.57546997070312,27195800
2022-07-22,171.5634172107559,174.0713921211751,166.94397930324826,167.79649353027344,42583900
2022-07-25,167.52882872010937,169.08516888643103,163.37530090151066,165.19927978515625,26166300
2022-07-26,164.49547276575285,164.55494803766118,156.57502132751043,157.7645721435547,28468400
2022-07-27,161.1746481444651,169.38256941851688,160.60961786794152,168.1038055419922,43846600
2022-07-28,159.6579594985726,160.1040391932578,153.50202643480458,159.3209228515625,73214300
2022-07-29,156.3172973966075,158.74596691052585,153.81922997825376,157.71502685546875,42065400
2022-08-01,155.88111777957656,163.7520014408737,153.87869791368956,158.53778076171875,40596700
2022-08-02,156.9318778971807,160.8276743398196,156.63448643098596,158.79551696777344,27374500
2022-08-03,161.27375453190913,168.0641148826389,160.1635091886448,167.33056640625,31721900
2022-08-04,166.83490084131583,170.65137635630674,165.34795879304377,169.08514404296875,23938200
2022-08-05,165.53635339832977,170.11613134467288,164.3567099573721,165.65530395507812,25832700
2022-08-08,166.5375309746696,175.96473933628346,165.67510931528614,168.7679443359375,27299100
2022-08-09,167.47926928638472,168.05422213991784,165.14973536147394,167.06292724609375,18655100
2022-08-10,174.4579875213586,178.90889175358808,172.43573754030913,176.7875213623047,30262100
2022-08-11,178.14562229024335,181.50611156891782,174.83468565834784,175.9449462890625,24079100
2022-08-12,179.23600990455236,179.88036059846178,177.35255583980407,178.9287109375,21274000
2022-08-15,177.4021310965874,179.86053806278343,176.64873733810558,179.31532287597656,15878700
2022-08-16,177.87794669135258,179.41445670283701,175.49883002409837,177.90768432617188,21156700
2022-08-17,175.2212576280379,176.58924924726082,172.65380781088112,173.32789611816406,20118100
2022-08-18,172.8223200510854,174.22995675626117,170.36391334950784,173.13954162597656,18844500
2022-08-19,168.71836966989872,170.81992490333863,165.59579714220007,166.4978790283203,26240800
2022-08-22,164.0493923798729,164.0493923798729,160.84749908058643,161.63063049316406,19499700
2022-08-23,161.06557329488396,163.6132081664498,159.30106977820242,159.70750427246094,18111800
2022-08-24,159.2019430923144,164.01963618816083,158.37916663370757,161.83877563476562,20891500
2022-08-25,163.742077693332,167.40988077562878,162.5921871516085,167.3107452392578,15550500
2022-08-26,167.01336169441478,169.43212368762408,160.26264579796614,160.37168884277344,24023600
2022-08-29,159.2614434264603,161.6306376497114,157.62579775394812,157.78440856933594,20052700
2022-08-30,158.95414916201582,160.25274310903546,154.5527972225878,155.7919158935547,19567900
2022-08-31,165.61566408238514,166.37895034709413,160.7285718323034,161.51168823242188,40953000
2022-09-01,162.15604353428338,165.90313755405396,158.95416480859836,163.92054748535156,30145700
2022-09-02,165.99233041397824,166.46814773768705,157.83397750261,158.92440795898438,22634200
2022-09-06,158.70629888151421,160.28245393711506,156.3172748532642,157.1598663330078,19339800
2022-09-07,156.38667922477052,159.55883503081463,155.44495208745863,158.99378967285156,16831200
2022-09-08,157.3284174354753,160.8177645307071,156.36686018950508,160.6492462158203,22530800
2022-09-09,161.82890181187642,168.06414043912878,161.6009082069204,167.6775360107422,22086800
2022-09-12,165.93284137140463,169.89802070055077,165.82379833481477,167.4891815185547,23220400
2022-09-13,160.13375981705477,160.2229878472796,151.34097953534305,151.79698181152344,44444100
2022-09-14,151.99522175443428,152.20338517581285,147.75248154834776,150.1514129638672,43064200
2022-09-15,148.49597740879247,152.85766887034347,147.4055469804249,148.24815368652344,34606300
2022-09-16,146.76124486996977,147.28663007108983,143.03396555520033,145.0165557861328,40122800
2022-09-19,143.9756772088242,147.28659855580412,143.83689652739272,146.73147583007812,22169500
2022-09-20,144.51096882445577,147.54432878807003,143.9558461024819,144.81826782226562,23217400
2022-09-21,145.11566125945427,148.29772457574842,140.76387720990476,140.88282775878906,38338600
2022-09-22,140.31778776687358,143.32140992498688,139.64369940950394,141.5767364501953,34418500
2022-09-23,140.18894671404857,141.37849777056306,137.68097140186006,139.187744140625,31710700
2022-09-26,138.90024802794656,141.00180367529504,135.00446600941672,135.18289184570312,30497000
2022-09-27,136.7194197859266,138.20636245125115,132.95249534191177,133.2300567626953,30826500
2022-09-28,133.44811665633205,140.79361560887784,133.10117251155577,140.3772735595703,32658500
2022-09-29,138.14688214086394,138.6226995411943,134.02309100210084,135.22256469726562,38985400
2022-09-30,134.86566021029577,139.76265892956278,134.32044504653885,134.49887084960938,33166400
2022-10-03,135.94619178824445,138.40459908232745,134.91525167329377,137.4033966064453,27723100
2022-10-04,139.26701646086826,141.15047059220228,138.12701832793766,139.058837890625,34670700
2022-10-05,137.0366386919192,138.98949122936708,133.60675102497115,137.7701873779297,27979300
2022-10-06,136.5211360812192,140.2186618566196,135.41089062341658,137.85939025878906,36231100
2022-10-07,135.56948321426967,137.08616318033515,131.28709717066118,132.28829956054688,33214800
2022-10-10,132.3874498335573,134.92516260493787,130.72206637361302,132.62535095214844,24024000
2022-10-11,130.47423358950223,131.50518878521092,125.88454079530821,127.4210433959961,38481400
2022-10-12,127.20295996419793,128.54119891036558,125.150972403732,126.39009094238281,34605200
2022-10-13,122.45465933191532,129.99841422113215,121.46336441940831,129.1558074951172,34325700
2022-10-14,129.85962016618188,130.642736410999,125.4186160877497,125.65653228759766,23559400
2022-10-17,129.16575033193752,133.61665550479273,129.04678463817254,132.87318420410156,29612200
2022-10-18,135.89658366698973,136.64005467488903,130.25611453357405,131.64393615722656,25445000
2022-10-19,131.73318429706333,135.80740711556882,131.06901850073749,132.07022094726562,30691000
2022-10-20,131.7728319195805,135.57941606596407,130.1669389228935,130.38502502441406,26356300
2022-10-21,125.21046185736593,128.98729317086242,124.348040097076,128.8782501220703,46348600
2022-10-24,126.14228991228431,132.3180535839191,123.48561898528632,128.59078979492188,63563400
2022-10-25,129.740668266427,137.1456416326247,129.45318430388568,136.3129425048828,38433200
2022-10-26,130.53368940019047,134.3700104853309,127.41111689285002,128.6898956298828,82791500
2022-10-27,97.12707030310553,101.60771958540467,95.54099253236453,97.08741760253906,232316600
2022-10-28,98.71314556260309,99.97208672735346,96.66116547189773,98.3364486694336,95928300
2022-10-31,97.36498697989708,98.45540986504903,91.7939068796394,92.34903717041016,121361400
2022-11-01,93.50884752374887,96.64133540102044,92.73563873008625,94.37126922607422,110189600
2022-11-02,93.38988905186778,94.37126885823125,89.69236341187202,89.75183868408203,71821100
2022-11-03,89.29583757831013,89.67252688039356,87.64037707410301,88.13602447509766,60664000
2022-11-04,89.56350731809803,90.59445508989397,87.32317836086875,89.99967956542969,55638100
2022-11-07,93.95494455117598,96.03666266401373,92.28956854830957,95.87805938720703,81987300
2022-11-08,95.08500329540075,96.94864251443767,93.96484280107093,95.63021850585938,52088300
2022-11-09,100.83450888217827,103.98682666795818,99.86303664453173,100.58668518066406,107677300
2022-11-10,106.18751313338271,111.76850073569403,103.69936079981403,110.89616394042969,80671000
2022-11-11,108.27915436886865,113.89979510985843,107.86280472795862,112.0361557006836,59961700
2022-11-14,110.02383688651223,115.2578736072569,109.83549596743482,113.22572326660156,53395000
2022-11-15,115.05960389234444,117.70635957873935,113.41405821741367,116.0608139038086,50670500
2022-11-16,113.50325719818159,115.06950483314925,111.67927835465922,112.24431610107422,33287800
2022-11-17,109.44887259042972,111.35215696681517,108.84418210163332,110.47981262207031,35093800
2022-11-18,112.80936635172509,113.32483638895054,109.65704816363142,111.07460021972656,33357700
2022-11-21,110.54920931683293,111.39181607334933,108.23949783494731,108.9036636352539,24351100
2022-11-22,108.90365433870404,110.64833541657183,107.37705934094218,110.46990203857422,29029000
2022-11-23,110.74746182954631,111.68918891166292,109.76608204588022,111.26293182373047,21343100
2022-11-25,110.33111962036043,111.74867155568367,110.05355070998553,110.4401626586914,12007600
2022-11-28,109.81563553787952,111.06466908990997,107.43652653119547,107.83304595947266,23309400
2022-11-29,108.5864465220532,109.97426092364222,107.59515160134391,108.50714111328125,23899200
2022-11-30,108.5567100978068,117.13141277037444,108.427836916367,117.07192993164062,43348600
2022-12-01,118.16235226083045,120.14494211462276,117.36932085710157,119.39156341552734,36551400
2022-12-02,116.80427590530408,122.96021611715648,116.58618982465244,122.41500091552734,39950500
2022-12-05,120.69015408971502,123.58473338295278,120.29363461707071,121.3642349243164,35474900
2022-12-06,118.86617779381996,119.50060593921687,112.74988237378976,113.12657928466797,43689200
2022-12-07,112.7697064797689,114.87124676294755,111.89736215424148,112.93822479248047,29461100
2022-12-08,115.3768046454245,116.3185317086247,113.59247092643747,114.32603454589844,30619400
2022-12-09,114.29629973425023,116.5167980904086,112.8787477899795,114.89107513427734,26033400
2022-12-12,114.17734320872192,114.71264334504619,112.15510077026792,113.71143341064453,24747100
2022-12-13,121.06683980846766,122.22666055478824,117.6072228281434,119.10408020019531,44701100
2022-12-14,118.35069422268502,123.05934486705796,118.35069422268502,120.53153991699219,36922000
2022-12-15,117.29993942289329,117.59732338575841,113.01754531600153,115.138916015625,34531000
2022-12-16,119.18337392687468,122.2365560809106,117.78564466622959,118.39033508300781,67064000
2022-12-19,115.81299351734927,116.77455085129131,113.3347560847071,113.48345184326172,29769900
2022-12-20,112.27406311760701,116.30863308058215,111.48102416799355,116.07071685791016,28742500
2022-12-21,115.68410100799696,119.29241350219432,114.61350836378021,118.71746826171875,20392800
2022-12-22,116.17974644378964,117.5873907944349,113.38429543656028,116.10044860839844,23618100
2022-12-23,115.01993880119159,117.15122421471159,114.53420644838265,117.01244354248047,17796600
2022-12-27,116.9034038330725,117.56756957808179,115.03977220793341,115.86254119873047,21392300
2022-12-28,115.23802314751119,117.1214848233782,114.50446709629242,114.61351013183594,19612500
2022-12-29,115.38672082161865,119.97641320548192,114.76220023247431,119.21311950683594,22366200
2022-12-30,117.13140390629331,119.37172483725053,116.71505431858502,119.29241943359375,19583800
2023-01-03,121.75084455355073,125.26994462514445,121.21554437696301,123.65412902832031,35528500
2023-01-04,126.27113797211675,127.92660615490277,124.75445802924148,126.26123046875,32397100
2023-01-05,125.03202218975811,127.40122394307504,123.45586693938299,125.83497619628906,25447100
2023-01-06,127.84730565506447,129.1954673366725,124.94281126846515,128.88816833496094,27584500
2023-01-09,130.0182474045574,131.79265868414586,128.15460808502064,128.34295654296875,26649100
2023-01-10,126.16210526612231,132.27840087038675,126.04315471213991,131.8323211669922,28684400
2023-01-11,129.8199777912905,132.68481924934517,129.20536471009615,131.73316955566406,25423000
2023-01-12,132.27837463301904,136.4814547169637,130.61299157779078,135.51991271972656,30757700
2023-01-13,133.795099963898,136.19403227476784,133.6662267614502,135.78759765625,22423800
2023-01-17,134.99452505190794,135.55957037535876,133.08133325697926,134.18167114257812,21147600
2023-01-18,134.62776684521396,136.0552340156963,131.64397444438683,131.862060546875,20215500
2023-01-19,131.3366700442586,136.25348440118418,130.98971077016242,134.9647979736328,28625200
2023-01-20,134.70703694097787,138.72178352390978,133.43818092786725,138.15673828125,28688600
2023-01-23,138.07743281398595,142.50852135573203,137.45292743544155,142.02279663085938,27470100
2023-01-24,140.45656173163377,143.73774507844354,140.1294326346161,141.89393615722656,21970200
2023-01-25,139.9906728793258,141.92369499048152,139.088590852133,140.2682342529297,26622000
2023-01-26,143.14299656225555,146.22592471663827,142.05258110269477,146.01776123046875,25482100
2023-01-27,146.94956565053786,151.85647252156616,146.1069589109038,150.41909790039062,35771900
2023-01-30,148.1093645810106,149.80447027435721,145.67077263719494,145.77981567382812,28040100
2023-01-31,146.66206232671513,148.57526915219435,146.23581282407054,147.67318725585938,29842100
2023-02-01,146.74139116044864,152.24308119270972,145.77983384283002,151.78707885742188,55661000
2023-02-02,181.78366068183163,195.4437029742972,178.591689945036,187.12673950195312,150475700
2023-02-03,181.87288980447352,195.05711596317784,181.29793690534038,184.90625,76809700
2023-02-06,184.90623267945966,189.03993051222616,183.90503029642124,184.44032287597656,42483800
2023-02-07,183.9644903741285,192.0931046901585,182.79475464733247,189.951904296875,47080700
2023-02-08,188.34602056954392,189.16879710609436,181.32765125110058,181.8332061767578,36139100
2023-02-09,184.50973898129092,185.0252014788401,175.72686487660647,176.37120056152344,37118800
2023-02-10,174.81486359032888,177.33274600863183,171.84097885758246,172.63400268554688,33433600
2023-02-13,176.66856844178548,179.42436690011945,174.28946686476417,177.86802673339844,31463200
2023-02-14,175.61780626083268,179.92992995474845,174.34895001230046,177.9176025390625,24034600
2023-02-15,174.88421902803222,176.63881498131627,173.80371137428614,175.61778259277344,25308900
2023-02-16,171.2461722508784,174.31919210142203,170.29452261218145,170.93887329101562,25827500
2023-02-17,168.73819804103596,171.67242210850705,168.22272052206372,171.3750457763672,24171300
2023-02-21,172.79259922463552,176.6189978696537,170.3837600506006,170.58201599121094,34592600
2023-02-22,169.58083370599772,171.25610945926005,168.2128418399416,169.63038635253906,22433200
2023-02-23,170.50272851531994,172.17801937262993,167.90554063056828,170.54237365722656,20017800
2023-02-24,167.17198729933313,169.2338827034018,166.20052243980692,168.90675354003906,19791300
2023-02-27,170.38374334097588,171.61293912778723,167.5882849368587,168.06410217285156,19277000
2023-02-28,170.4035995907796,176.00442525665616,170.37386195170444,173.41714477539062,46051100
2023-03-01,173.0701524358075,176.30178310717199,171.54356512627285,171.91033935546875,30998400
2023-03-02,170.87940337141325,173.4864984236013,169.93766120564743,173.01068115234375,17352000
2023-03-03,177.36249126591966,184.9954593827126,175.50877454317353,183.63739013671875,45877700
2023-03-06,186.36342525082924,188.00897827423148,183.03267406683992,183.2904052734375,33209400
2023-03-07,187.35472794639318,188.7028895567601,182.4081611653204,182.90380859375,36701500
2023-03-08,181.2780921799188,183.64728636833115,179.76141220423,183.3598175048828,19432400
2023-03-09,184.72782130910593,187.28534898762197,178.73048379335697,180.10838317871094,26582800
2023-03-10,179.4342842678197,183.16156276961232,177.2435310110156,177.9473419189453,25665000
2023-03-13,176.4108467930736,182.18017523686387,173.29818141681156,179.3252410888672,24728000
2023-03-14,185.94708314354665,192.62841563950278,184.93595819735492,192.33102416992188,41642600
2023-03-15,191.2703459570102,196.05830208974152,189.1787131345453,196.028564453125,42123600
2023-03-16,196.53412194369412,203.9688337131776,194.38301382017207,203.14605712890625,50447100
2023-03-17,198.8140714861787,200.14240281324095,193.7287246078813,193.90716552734375,50141100
2023-03-20,196.75220898573428,197.62455334455456,191.95434526414255,196.08804321289062,25186300
2023-03-21,201.43110168666132,201.77806091937316,196.226803951734,200.40016174316406,31827000
2023-03-22,200.7372186543796,205.56482001084692,197.93185225263778,198.0706329345703,28477800
2023-03-23,201.07427229510793,206.07040751906615,200.39027633133117,202.50173950195312,27389700
2023-03-24,203.39388295313782,205.77299981949574,201.77808253088455,204.21665954589844,27716400
2023-03-27,203.02710138580258,204.06796403208844,199.6071370845429,201.07424926757812,18527200
2023-03-28,198.40767458850203,199.28001896896532,196.17726099151233,198.9330596923828,19127300
2023-03-29,201.7879972778657,203.92919799665844,200.7768721952202,203.5624237060547,18851100
2023-03-30,201.60954942594012,206.2785396524153,201.05442673562075,206.0307159423828,22608300
2023-03-31,205.43594899488193,210.3230253172204,204.9700392079461,210.09503173828125,25440300
2023-04-03,207.02203663171613,211.63156728945143,206.38760845985527,211.21522521972656,17924600
2023-04-04,211.5324212849849,214.35761784282738,210.68981455693785,212.85084533691406,21026400
2023-04-05,212.28580906573094,213.31676429191103,208.11246576583304,209.63905334472656,19396600
2023-04-06,207.42846519605177,215.0515256680938,206.83368218453202,214.21884155273438,26104400
2023-04-10,212.84092431935147,213.78265140351988,208.82617714372924,212.8805694580078,16106100
2023-04-11,213.60421896645255,214.1395266783531,211.5522464067262,211.98841857910156,16710100
2023-04-12,212.96978427260183,214.95237399428152,210.7294633324491,212.13710021972656,18972200
2023-04-13,213.85203129059846,219.224847500562,213.81238615247736,218.43182373046875,23310400
2023-04-14,215.983314832495,220.17648758119475,215.6561857349428,219.5618896484375,21591200
2023-04-17,217.87668514416077,219.056328418045,215.23985237860873,216.9547882080078,15481900
2023-04-18,217.9956448449694,218.5210298831025,214.32785708077208,215.99322509765625,12281000
2023-04-19,211.61172796314864,215.43812696265397,211.07642023535394,213.8223114013672,15898100
2023-04-20,211.6216446591975,214.86318342643628,210.91783370536288,211.21522521972656,16475400
2023-04-21,208.3800955053103,211.55223597623976,207.7555749142046,211.03675842285156,17717200
2023-04-24,211.81987387171196,212.05779007834377,208.8757421166724,210.9376220703125,15750900
2023-04-25,208.98477861278425,209.42093562235263,205.32689835234027,205.7432403564453,19198200
2023-04-26,210.65016871382687,212.24615412653236,207.06168597416203,207.5771484375,41992700
2023-04-27,237.80174624937138,239.5860801943098,234.7089108287852,236.4833221435547,71196500
2023-04-28,236.92935745451584,238.33699421233845,233.69774195072233,238.22796630859375,39554000
2023-05-01,236.54277763553986,241.87594888989452,234.4015922066699,241.06307983398438,29143900
2023-05-02,241.0630835614137,242.78794211157887,236.9095706872228,237.1573944091797,24350100
2023-05-03,237.38537558955068,239.6455266055783,230.7238730814823,234.96661376953125,34463900
2023-05-04,234.00509578477568,236.12646648431465,230.90233758777302,231.48721313476562,17889400
2023-05-05,230.21832376395497,232.63707051688766,227.84912965326185,230.7536163330078,27000500
2023-05-08,229.40546301604877,233.56889855403585,228.26547993603842,231.23936462402344,16400500
2023-05-09,229.44513909049456,233.82666101755078,229.0684421637561,231.3385009765625,16865600
2023-05-10,234.1141076501327,234.6890604898904,228.71155363342422,231.05101013183594,19119000
2023-05-11,231.0213033899886,236.1363892338316,230.27783213801004,233.73744201660156,20449000
2023-05-12,234.6791292262928,234.8972152857054,229.43517142399494,231.77462768554688,16161400
2023-05-15,234.85755588557478,238.16847679831426,233.2814008261875,236.78067016601562,20653200
2023-05-16,233.73742084776137,237.55391231265511,233.46978211198044,236.74105834960938,18163800
2023-05-17,236.37426476658152,241.71734364737938,236.06696576918233,240.3791046142578,21193100
2023-05-18,239.19946679482555,244.93905771597244,239.09042374878152,244.70115661621094,22943300
2023-05-19,245.315734575223,246.52511548669978,241.29107995629087,243.5016632080078,21733600
2023-05-22,243.2736839367334,251.36265391430516,242.98619994649877,246.15835571289062,27738500
2023-05-23,244.66150008940815,249.41971879486397,244.50288926983555,244.5921173095703,17748100
2023-05-24,243.14480689478242,247.41728540634753,242.81767776935007,247.0406036376953,17724300
2023-05-25,251.19409097399296,253.39476659367543,247.0009182936609,250.4902801513672,22371400
2023-05-26,250.7281993124649,260.0265498517954,250.51012836120594,259.7589111328125,25727200
2023-05-30,262.940925664259,266.31132167705607,259.0154070259148,260.23468017578125,23816500
2023-05-31,257.73670519214994,262.693180291999,256.200210011966,262.4156188964844,25473700
2023-06-01,263.58532716339073,271.6148224918179,263.57543478497155,270.2369079589844,25609500
2023-06-02,270.28649085876737,272.95307675520934,268.7598881304285,270.2369079589844,19416900
2023-06-05,267.94701923026497,273.17116310172264,267.21347063050644,269.0275573730469,20742900
2023-06-06,267.7884075776989,274.1624262569552,267.3423127906372,268.7598571777344,19419000
2023-06-07,269.30505361291546,271.8625807149981,260.51224391346034,261.3052978515625,26163600
2023-06-08,258.35124499287787,265.32004620136956,256.6264017277857,262.2767639160156,20899400
2023-06-09,260.1951461574475,265.6175315107322,259.4219371971951,262.6436462402344,16949800
2023-06-12,264.84423147196054,269.38434811275147,263.0202225116279,268.6904296875,15442500
2023-06-13,272.4871371800981,273.3198212360052,266.7475314444002,268.9581298828125,16164000
2023-06-14,269.5232072981204,272.5961975421648,265.98427695032746,270.9704895019531,19175100
2023-06-15,269.92954912849154,281.517787210672,269.05723515750105,279.3765869140625,25973500
2023-06-16,282.2712193553558,285.3442395585109,277.6914418131458,278.5538635253906,43127700
2023-06-20,276.30366121845566,282.3207987676239,273.8155011330665,281.8548889160156,20701600
2023-06-21,281.06182497496616,281.52773476017416,275.93681733767835,279.18829345703125,20556200
2023-06-22,276.6505570919048,282.77678233751567,275.3718084998464,282.40008544921875,17563100
2023-06-23,279.05946272124834,287.1484334816398,276.52174996331246,286.21661376953125,51092000
2023-06-26,286.18682475251495,287.2673324689784,275.18344627250076,276.0458679199219,24232700
2023-06-27,279.555073656432,286.8311743118034,278.2068969133884,284.5511779785156,26108300
2023-06-28,282.340639228578,287.02944505240964,281.5872453744649,282.8065490722656,16722100
2023-06-29,282.0234012362909,284.0753889556589,278.2465700581659,279.0792541503906,15395700
2023-06-30,282.2811659924353,286.5337996422137,281.9441293320843,284.4818420410156,19694900
2023-07-03,284.2042242885285,286.88070203171793,282.37032290313533,283.5301208496094,8629300
2023-07-05,285.14602153787104,295.5248821564272,283.8672424238805,291.8075256347656,33865500
2023-07-06,293.3142553701415,295.5248235823149,288.7741078971482,289.44818115234375,47600500
2023-07-07,289.6365461155744,293.6215711054286,286.1471988438877,288.00091552734375,25586000
2023-07-10,292.97721550858023,295.53477346549835,284.5512082858447,291.53985595703125,37058300
2023-07-11,291.3415603139649,297.56689097448395,289.35897054625923,295.693359375,27585900
2023-07-12,299.12326099178875,306.7562444583795,297.4876303209256,306.6471862792969,36677100
2023-07-13,310.88998724621223,313.4871757585812,307.588987631711,310.68182373046875,30281000
2023-07-14,309.0758382489042,312.13893578938223,304.68437895121997,306.1812438964844,23054100
2023-07-17,304.8628708724334,308.9965540556201,302.05748909882334,307.9160461425781,25323100
2023-07-18,308.17378945631805,311.46489606355357,304.9421581279669,309.3335876464844,20731900
2023-07-19,310.3050247039344,315.90583453833557,307.81686495769065,313.25909423828125,21763700
2023-07-20,310.77096502311366,312.7932151799263,299.5891592620239,299.88653564453125,23836900
2023-07-21,301.9186725328554,302.800909197342,288.66506554438087,291.69842529296875,42139300
2023-07-24,293.2051849386824,294.9300282701008,285.79028868592326,289.07147216796875,24915700
2023-07-25,292.6203191709946,295.7032315280009,289.3192904924628,291.9065856933594,19585600
2023-07-26,298.56810446847095,299.1430421825214,289.358966650914,295.9709167480469,47256900
2023-07-27,322.28978907131307,322.51779778619095,307.14280439627186,308.99652099609375,64229200
2023-07-28,314.12155519848204,323.3604315871249,311.51444458487873,322.6466979980469,39220300
2023-07-31,320.87225613271846,322.8251083416329,314.8253510504006,315.8265686035156,25799600
2023-08-01,314.7757793342165,321.31833148178566,311.92084528786495,319.9007568359375,22817900
2023-08-02,315.2317943629233,315.61841391466794,307.94577042396213,311.57391357421875,20461100
2023-08-03,307.23202249512775,313.1996371815222,307.23202249512775,310.4636535644531,15180200
2023-08-04,312.2182436549531,315.63822327487594,307.49970034475876,308.02508544921875,17612800
2023-08-07,310.5032922794214,314.30986081830895,307.75738622328373,313.8042907714844,16236500
2023-08-08,311.66314620132135,315.1227863698251,307.4104821227682,309.9184875488281,15183500
2023-08-09,310.1563455945085,310.89981675139177,300.21365919986573,302.5531005859375,19955800
2023-08-10,305.2593213413318,309.6210123853604,301.224744268541,303.0784606933594,14358900
2023-08-11,299.93608761646493,302.0673654764671,297.745304234176,299.0141906738281,14046300
2023-08-14,298.35992905267074,303.5443816563155,295.65368327400716,303.5245666503906,15641900
2023-08-15,303.4750306746695,304.5555384693023,297.4182031951271,299.3215026855469,11623600
2023-08-16,297.58670519685023,298.45901919205147,291.71822678564473,291.7281494140625,18547700
2023-08-17,290.4989757740898,293.47286065252206,282.4695108038598,282.6082763671875,23950100
2023-08-18,276.60100568899685,283.20303313726754,271.9914906051631,280.7842712402344,35347900
2023-08-21,280.9825396079064,287.97115625621416,279.396461784683,287.3763732910156,20181500
2023-08-22,290.0033274305193,290.35028671568716,284.2538287834448,285.096435546875,12980200
2023-08-23,285.98859599429807,294.81111508897186,285.1658344882448,291.6786193847656,18287000
2023-08-24,295.901561627309,296.8531963700443,284.14481728424585,284.25384521484375,18360900
2023-08-25,283.6391995492964,285.8795355852113,273.6271155393811,283.0146789550781,23701400
2023-08-28,285.49297042236344,288.91295039798416,283.31210924197865,287.7333068847656,14239300
2023-08-29,286.06793579190537,296.54593259431834,285.6714237896152,295.3960266113281,20844500
2023-08-30,294.58314634297454,295.6933918946849,290.87568249832157,292.5311584472656,17717000
2023-08-31,293.22499634625575,298.47887705578745,293.0862308021256,293.3142395019531,17229900
2023-09-01,296.7639190428538,299.1132828754372,291.906580579667,293.7999572753906,12842300
2023-09-05,294.4343520066862,298.76633542065633,292.9375175245404,297.537109375,14956000
2023-09-06,299.0835715746785,300.65972681313633,293.08624961534355,296.5657043457031,15418100
2023-09-07,295.4059483474661,304.3771571612746,289.6762637137568,296.07012939453125,33748700
2023-09-08,296.61525335375495,302.59276023279784,294.19649144148667,295.2968444824219,17548000
2023-09-11,298.78620226973936,306.34978726869906,298.65732909121135,304.8826599121094,19489300
2023-09-12,303.66332641243866,305.9730602651931,297.6164522615025,299.03399658203125,13480400
2023-09-13,299.7278803744034,304.5059285575894,298.6969555666473,302.4043884277344,13210900
2023-09-14,304.06974981772856,310.14639163307857,302.3746442218173,309.00640869140625,19343100
2023-09-15,308.89735891461083,309.2839784085415,296.1493222742044,297.69573974609375,28131100
2023-09-18,295.59425860219534,300.9571681848217,295.2076390310998,299.9162902832031,14234200
2023-09-19,299.8469475589423,303.5048288349077,297.200176376817,302.4143981933594,15924400
2023-09-20,302.3945122667024,305.3783197455341,296.82343949040535,297.0613708496094,19379500
2023-09-21,293.1259020127335,297.64620415124955,290.7170325130372,293.1556396484375,21319600
2023-09-22,296.6945570394368,302.7216470856656,295.6735244833445,296.4764709472656,25369600
2023-09-25,293.0663598097338,298.3301318906079,291.1432458016351,298.2111511230469,18987000
2023-09-26,295.0688117797383,297.6858143028395,293.43318142131056,296.35748291015625,19417200
2023-09-27,297.8345632707552,298.677139729877,284.2934713763144,295.14813232421875,36429800
2023-09-28,296.3377357680385,303.66339023654626,294.1172446033363,301.31402587890625,22167100
2023-09-29,304.7042785354478,307.93591009206773,296.7540728412245,297.5966796875,25373700
2023-10-02,300.104578636452,304.5059299768926,299.00425592730016,304.1490783691406,16265600
2023-10-03,301.61138822655596,304.0995177904984,297.03161074620874,298.3202819824219,17362300
2023-10-04,296.1295154558936,304.2283772759008,295.9015067543039,302.91986083984375,16880500
2023-10-05,301.97816897158543,303.54440159622794,296.89282131542484,302.13677978515625,19130000
2023-10-06,298.81593709513936,313.5564874187688,298.2905520081828,312.68414306640625,21803900
2023-10-09,309.77961962304516,317.54144446147717,309.10554643120525,315.5885925292969,22503700
2023-10-10,316.34203714260326,321.83381959341597,315.3904024685447,319.0383605957031,19038000
2023-10-11,320.1981824390359,325.9774185235088,320.13870716386896,324.96630859375,22036300
2023-10-12,325.1446723921644,327.66256948427394,319.880899780603,321.3381042480469,20530500
2023-10-13,320.71363525767725,322.22039260310345,309.65078063069194,311.9505920410156,21341000
2023-10-16,315.8661797826119,319.0184898882461,312.77331469106156,318.35430908203125,16536100
2023-10-17,315.4101915615611,321.57604680606164,314.5378472437151,321.1795349121094,16387800
2023-10-18,318.5922603419994,323.10263972349975,312.8129945346358,314.2107238769531,16851000
2023-10-19,317.09540654240755,319.08791890346794,309.0361744423842,310.0869445800781,18709200
2023-10-20,311.4053948634876,312.5552703274842,303.80214965849547,305.9631652832031,22312300
2023-10-23,306.805709958132,314.5972717870388,304.58521950851423,311.2764587402344,17796800
2023-10-24,314.02241214997355,315.5787524774694,307.9259542753489,309.8292236328125,19525500
2023-10-25,307.3014363017255,308.17378070314754,296.2385809646329,296.9225769042969,42192500
2023-10-26,292.43197892863674,292.43197892863674,276.9677733145693,285.8398742675781,66684100
2023-10-27,291.9165589334296,296.70450041423834,290.419693821055,294.14697265625,29596300
2023-10-30,296.48636924282346,306.70661659471585,296.44670897879655,300.0252990722656,28435100
2023-10-31,300.669680667848,301.0364549734393,294.2758158885733,298.6474304199219,19434200
2023-11-01,299.222366123352,310.0175516552152,299.222366123352,309.13531494140625,20434600
2023-11-02,314.53783684335446,316.0446243432361,305.64592102556026,308.163818359375,21631800
2023-11-03,309.82918609596044,312.8030705771321,308.31250622063965,311.8613586425781,16764300
2023-11-06,313.22938992076604,315.5589088571514,311.7127098538126,313.0509338378906,12887700
2023-11-07,314.2998978143044,318.20560138541873,312.3767836599217,316.0445861816406,14055600
2023-11-08,315.37059933746826,318.53280249069024,312.1389680232896,316.9963073730469,13609700
2023-11-09,316.6393534132921,321.3578954206896,316.02472531286384,317.7594909667969,16103100
2023-11-10,317.1548694871678,326.23513373605715,316.67903707934255,325.9079895019531,19096200
2023-11-13,323.36043950075,329.4370524090673,322.86479200320247,326.32440185546875,16908900
2023-11-14,331.62774345842996,335.15675023465667,330.42825506817,333.38232421875,17179400
2023-11-15,334.9882813381861,335.4541911554932,327.1471349777592,329.813720703125,14531200
2023-11-16,326.5028044744622,331.667442561079,323.5388423305294,331.2808532714844,18932600
2023-11-17,327.38505530805384,332.5794307757708,326.4829733409951,332.1234436035156,14494400
2023-11-20,331.97476378028864,338.89398282519466,331.2808452491062,337.0105285644531,16960500
2023-11-21,335.3847937518308,336.94113402174503,332.9759543798253,334.04656982421875,12027900
2023-11-22,336.2571521863876,339.9348782395706,335.6326315263406,338.5173034667969,10702700
2023-11-24,337.16912925300625,338.88405001830046,333.83836275604654,335.2856750488281,5467500
2023-11-27,333.25347387508214,336.941091688836,331.2907295601576,331.786376953125,15684500
2023-11-28,330.4976973935413,336.42565149537353,330.4976973935413,336.0390319824219,12637200
2023-11-29,336.7329553677821,336.9411188190531,327.90051448369286,329.30816650390625,16024500
2023-11-30,329.0009134317583,330.5968838674368,319.5935032715394,324.3021545410156,23146400
2023-12-01,322.64668993525703,324.01465154921027,317.96777657976315,321.992431640625,15276400
2023-12-04,314.52800636018907,318.0669066013097,310.9296005859111,317.2342224121094,19037100
2023-12-05,316.2032218970757,319.0779707276208,312.64447724367363,315.51922607421875,16952100
2023-12-06,319.12756635327975,319.4447879881586,314.2801499252027,314.68658447265625,11294300
2023-12-07,315.0037509944529,325.38260919838507,315.0037509944529,323.7469787597656,15905100
2023-12-08,320.27745110653814,330.26972018709864,320.18823819980867,329.8533630371094,14087400
2023-12-11,326.5325866162208,327.0183417667845,317.214419105385,322.4484558105469,25802500
2023-12-12,321.7743550864856,331.5584316540226,321.73469481692894,331.31060791015625,18485500
2023-12-13,331.02304245710206,335.4243934854844,329.7442940347382,331.82598876953125,16353300
2023-12-14,330.9437875845794,331.7863942469266,325.77914995119795,330.26971435546875,19607300
2023-12-15,329.0999691679317,335.7119191603619,328.33668302041815,332.0044860839844,31776900
2023-12-18,334.5421961519274,344.5344349076749,334.0861787405234,341.6200256347656,18993900
2023-12-19,342.57170039286814,350.52190536641285,342.11571317990683,347.3100891113281,17729400
2023-12-20,345.6149812888574,351.8700500578923,344.76248214532603,346.239501953125,16369900
2023-12-21,349.90724566402645,353.3073795313147,346.17004494664536,351.007568359375,15289600
2023-12-22,352.4846287114761,354.0905518678329,348.1625974502464,350.313720703125,11772800
2023-12-26,351.89973018245973,353.872427399098,350.3731579769973,351.7411193847656,9898600
2023-12-27,352.9703988386223,355.8748857712245,352.2170049987148,354.7150573730469,13207900
2023-12-28,356.5687975042497,358.7496281934857,354.69523557044886,355.2008056640625,11798800
2023-12-29,355.8649660737051,356.8661836584728,348.7573981902497,350.8787536621094,14987100
2024-01-02,348.2617247349704,350.08570368515996,337.0501820548259,343.2755126953125,19042200
2024-01-03,341.97691405684844,344.92106102147176,340.192565145366,341.4713439941406,15451100
2024-01-04,341.5010789113967,345.11929909621364,340.41064851615806,344.0982666015625,12099900
2024-01-05,343.96935620150776,350.422694715495,343.24573039401395,348.8861999511719,13920700
2024-01-08,351.61232236037006,355.85506343366256,348.9853666048785,355.537841796875,13890200
2024-01-09,353.2974794746207,357.50059022164334,352.2665243572093,354.3185119628906,13463900
2024-01-10,357.03472985619703,369.69355598770045,355.9541916954143,367.24505615234375,22117200
2024-01-11,368.8906035328076,369.53493921555446,359.77067767079683,366.4520263671875,17205400
2024-01-12,366.9377174545656,373.7776460956339,366.32311946752475,371.2300109863281,19310000
2024-01-16,370.3973485723364,372.3402781857288,364.0332519935997,364.26123046875,15306900
2024-01-17,363.1112814992652,365.3318024736922,355.48822189160364,365.16326904296875,12724800
2024-01-18,368.25612070140227,373.5694769229854,367.7208432542545,372.8557434082031,16354300
2024-01-19,375.70081608354707,381.01414291937266,374.6797834135025,380.1120910644531,21670800
2024-01-22,384.5728454450382,386.9519470116833,377.8419450079911,378.45654296875,17680500
2024-01-23,381.2718642551316,384.99914300079473,378.75396657575783,381.8468322753906,15506100
2024-01-24,386.60497070171994,392.70142765086376,384.434032676857,387.29888916015625,15698500
2024-01-25,386.7735774043585,392.04724373031695,382.3028273437507,389.7573547363281,15091100
2024-01-26,390.91717836621734,393.33594051871705,388.18119456212906,390.7090148925781,13163700
2024-01-29,391.55151589697937,399.42239887888377,389.6779844917402,397.5290222167969,18742400
2024-01-30,400.0766619883151,402.8225376750017,396.0916678100326,396.577392578125,18614700
2024-01-31,385.6137446586027,394.53539941934156,383.73029025949774,386.74383544921875,20180800
2024-02-01,390.5107301891786,397.01362256052823,389.6284631736777,391.3434143066406,29727100
2024-02-02,455.59912098341835,481.72963881592403,449.0664915252919,470.8551330566406,84707600
2024-02-05,465.7896247984481,467.7920294868746,455.2224181615912,455.4107666015625,40832400
2024-02-06,459.9608428440702,463.0536781539214,449.056598724922,450.7616271972656,21655200
2024-02-07,454.0130625295491,467.41535863754694,452.20889855772646,465.5021667480469,23066000
2024-02-08,464.2432012847288,466.4934296544483,460.98183282884037,465.9085693359375,18815100
2024-02-09,468.832958878752,469.4673719159905,463.4006516600271,464.0350646972656,18413100
2024-02-12,464.1143958268208,474.9789802603111,462.51839518929904,464.8182067871094,19382000
2024-02-13,452.892854856831,463.81694302069843,451.12835130568254,456.11456298828125,20916600
2024-02-14,463.85660058253393,469.982795609744,462.03262165462274,469.1600341796875,16858400
2024-02-15,471.142666911339,484.3665380343901,468.1093067569019,479.8164978027344,24212300
2024-02-16,473.9479877976202,474.7905945088787,465.12546928119934,469.19970703125,23324600
2024-02-20,465.63101374806274,472.03476994795795,462.49851842146023,467.6433410644531,18015500
2024-02-21,462.92976973028954,465.4106366634636,458.2558249077151,464.44805908203125,12921800
2024-02-22,476.5645485214587,486.23992842019754,472.41654676636847,482.40948486328125,21625800
2024-02-23,484.3148150393008,490.57652055497664,478.6584567835847,480.3255920410156,18374300
2024-02-26,479.7698406915825,482.41941959747976,476.92181062419036,478.0530700683594,12101400
2024-02-27,476.306520419306,483.54070515337867,476.2469820474711,483.3223876953125,10809600
2024-02-28,481.2880928291256,487.2917775435945,479.0553130170317,480.3155822753906,12715500
2024-02-29,484.70180744595217,487.93686726454155,478.91640943030325,486.3788757324219,17732000
2024-03-01,488.34367413066025,500.3907764734073,488.0856846060254,498.4556884765625,16273600
2024-03-04,499.1503515840117,500.5594971142455,492.62072412682585,494.3771667480469,12324100
2024-03-05,491.2115858850194,491.7871336101802,484.15601582408954,486.4681701660156,15325300
2024-03-06,493.8214657207925,499.120593170195,490.50703156108455,492.2932434082031,11757900
2024-03-07,499.4282074814689,515.8713680175964,497.542754953555,508.27001953125,18586400
2024-03-08,510.2547468573878,519.5629636532714,495.52832561465306,502.07781982421875,18597100
2024-03-11,493.2062214717345,493.51384651254926,472.3570085263561,479.888916015625,20428300
2024-03-12,489.48488182788077,498.4656062281619,481.02016674493694,495.9252014160156,15448200
2024-03-13,491.5985760497797,497.1457896765636,487.2719293079291,491.7771911621094,12090700
2024-03-14,496.43133146634375,497.5129856516663,484.4239312675284,488.0658264160156,12620000
2024-03-15,485.2674452189563,488.0658397573239,477.61643073962875,480.39501953125,29153600
2024-03-18,488.14518740365264,493.61302649944895,483.08421402106933,493.1763916015625,11755300
2024-03-19,484.43389344040116,492.82913789689565,477.59661025996246,492.4421081542969,10903100
2024-03-20,495.6771461475813,504.3105740199144,491.3802985259637,501.65106201171875,11711100
2024-03-21,510.7707839758228,511.09821477284595,502.1373557038148,503.87396240234375,9712500
2024-03-22,503.11975164327384,506.06702240568086,500.4801059197025,505.67999267578125,8120600
2024-03-25,501.91901611098194,503.33806453967446,496.4114740821437,499.1701965332031,8380600
2024-03-26,501.26406081847875,506.09678408775653,491.4199688696871,492.09478759765625,11205400
2024-03-27,495.4786906872178,496.0642018848251,484.3346567294072,490.080322265625,9989700
2024-03-28,489.06812442310434,489.1177599265289,481.4369761827551,481.8636779785156,15212800
2024-04-01,483.4713059825083,493.62299295598973,478.0927737479156,487.58953857421875,9247000
2024-04-02,481.3873933760893,493.7222556696209,480.94082524456064,493.5634765625,11081000
2024-04-03,495.1115300929547,503.35792871942033,494.9329149557214,502.86175537109375,12099200
2024-04-04,512.4676727823381,525.943758109554,506.67237161008114,507.0097961425781,26476300
2024-04-05,512.9042437043852,526.6383471527769,510.4729824465434,523.3040771484375,19263300
2024-04-08,525.2292670059732,527.4223143515474,514.9187707168354,515.2760009765625,13260600
2024-04-09,518.2331333714253,521.845289446962,502.86169458913326,512.9439697265625,10863800
2024-04-10,505.39228040139363,518.5607107573752,501.92896968081385,515.8516235351562,11418500
2024-04-11,517.1218290927488,519.8507828068974,513.3310570289301,519.1561279296875,10369500
2024-04-12,513.7874418018332,516.2087698797866,505.43187027315577,507.9822082519531,11984500
2024-04-15,512.7653687884457,514.5615744994229,493.4741763865058,496.401611328125,13512900
2024-04-16,494.2977844340761,500.90681687935023,493.3054377657289,495.9351806640625,9847900
2024-04-17,499.2496185150052,499.30915689281545,483.41177405310106,490.3879699707031,12193700
2024-04-18,495.99473711582823,508.28992732102284,495.22070789767196,497.9595642089844,14808700
2024-04-19,498.9518557154104,498.9518557154104,472.0890564119866,477.38818359375,25215400
2024-04-22,485.97202274350616,488.24450514549414,469.7769174777012,478.0431823730469,17271100
2024-04-23,487.4903047021122,494.94283793154807,485.22775549164936,492.3031921386719,15079200
2024-04-24,504.17164864318624,506.09680361298444,480.87133784126775,489.72308349609375,37772700
2024-04-25,418.1748568844393,442.35833901070566,411.3276713078903,438.001953125,82890700
2024-04-26,438.08138838825266,443.0232861124123,428.654094250066,439.89739990234375,32691400
2024-04-29,436.19590946046895,436.3943909124522,425.2800958497785,429.30902099609375,21502600
2024-04-30,427.7510167239678,436.2554348890997,426.43120898791216,426.8777770996094,18429500
2024-05-01,425.31972821266555,446.51623552713096,423.84111129193025,435.82867431640625,20344900
2024-05-02,435.48142162693887,440.562231878881,428.9716297061358,438.2996826171875,15221300
2024-05-03,442.51709745589653,450.69405376298613,440.453029921028,448.5009460449219,16489100
2024-05-06,452.0932897323867,462.59233462582085,449.87044284737243,462.1159973144531,15094600
2024-05-07,462.72128393951647,467.9211702005298,457.7793871898574,464.6563415527344,13406800
2024-05-08,459.9526716667021,471.9402058578811,459.4564983423583,468.9830322265625,11683900
2024-05-09,466.40290121752565,472.4363552104369,464.0510446249137,471.78143310546875,9437700
2024-05-10,473.43871486606776,473.8455806741321,466.0060472810395,472.5555419921875,10750000
2024-05-13,469.1318441867083,469.72725818959685,459.3076191330967,464.4281311035156,14668800
2024-05-14,459.82365909681533,468.9234911376046,456.55883016199584,468.23876953125,10478600
2024-05-15,471.3447925555496,478.80722798374535,467.5937236699598,477.8545837402344,13100500
2024-05-16,471.36465799748123,474.0340729044409,469.1318780385458,469.60821533203125,16608200
2024-05-17,467.2265884372279,469.1815126685142,464.83505951456476,468.29833984375,10807300
2024-05-20,466.353290478326,469.57841688472104,463.46555827728747,465.25177001953125,11745100
2024-05-21,463.5449691486391,467.0975871671568,458.73208176825443,461.07403564453125,11742200
2024-05-22,464.28919769640606,470.094431348203,462.0861870387401,464.19989013671875,10078600
2024-05-23,469.26090804074687,470.7295617615154,458.00770019996276,462.2152404785156,11747900
2024-05-24,464.0411472655585,476.17755800168163,462.73124238654253,474.5600280761719,12024300
2024-05-28,472.9325751794718,477.17981782811154,471.205901618862,476.2470397949219,10175800
2024-05-29,471.0272753949379,476.17755705003367,470.07463106847433,470.72955322265625,9226200
2024-05-30,468.06013056265147,468.11966893547435,461.15337647505135,463.4754638671875,10719600
2024-05-31,462.2350253461456,465.52962326344255,450.98181875095815,463.25714111328125,16919800
2024-06-03,467.2563385385533,475.92946902820285,464.65639510838076,473.8356018066406,11279400
2024-06-04,473.3493496612414,475.22489935660434,469.60821371186694,473.33941650390625,7088700
2024-06-05,480.7423648637953,492.84897628065335,480.2064891730306,491.2711486816406,15690500
2024-06-06,489.20711088439725,498.9717992536911,487.1331098145105,489.98114013671875,10667300
2024-06-07,492.11466024786785,495.091700375797,486.41859982731586,489.1872253417969,9380700
2024-06-10,490.0802879046476,498.8129563433123,489.6337500954303,498.75341796875,11220900
2024-06-11,496.33206952203005,503.71513050642415,494.45651994785885,503.58612060546875,9673700
2024-06-12,510.05622720634506,510.07609352042476,500.60909832909755,504.9456481933594,11983200
2024-06-13,501.83960690092306,505.4616660517263,497.52289299395886,500.241943359375,9954600
2024-06-14,499.29827689365226,503.76827047428316,497.41095233353604,500.7982177734375,10243300
2024-06-17,498.3248520419291,507.3442927979167,492.70258957460356,503.25177001953125,11266600
2024-06-18,501.19553219490325,502.6259325307895,491.71913754817786,496.1593322753906,13060400
2024-06-20,498.6526627665969,500.31154054069196,493.45752550637565,498.35467529296875,11801200
2024-06-21,500.09297514636967,500.09297514636967,489.1067263628177,491.48077392578125,22359200
2024-06-24,495.8713572448748,504.41398837827114,490.99409338175263,495.5832824707031,13525300
2024-06-25,493.7356460502404,507.3045644664891,492.19599361461826,507.1953125,12063200
2024-06-26,503.27162738652333,510.383887800089,501.3147622286422,509.698486328125,8882300
2024-06-27,510.8209904621114,519.3934506311559,510.4733485069415,516.0955810546875,10121200
2024-06-28,513.7016858832206,518.4001270053003,500.48040861531496,500.8578796386719,15855100
2024-07-01,501.58294679281164,503.2020522993896,489.8814984155555,501.3147277832031,10328200
2024-07-02,497.42088904280774,507.0959319918616,496.11962668652535,506.10260009765625,7739500
2024-07-03,502.9934818232005,507.87074521081,502.6458095867641,506.5595397949219,6005600
2024-07-05,508.18862031678924,537.2634349299381,508.18862031678924,536.309814453125,21354100
2024-07-08,538.733549875278,539.190504390823,523.1382870220716,525.7904663085938,14917500
2024-07-09,530.1909372581625,533.8960460931625,524.6680139481037,526.4659423828125,8753200
2024-07-10,527.2506151441854,535.2866968575805,524.8368259127777,531.1246337890625,10983300
2024-07-11,527.3499587191284,531.8894925345625,504.9801061273009,509.28125,16458300
2024-07-12,494.4409341236974,504.70204009860527,490.9344734606303,495.54351806640625,19750500
2024-07-15,495.3051548612854,503.3014655754088,490.0802186841152,492.85162353515625,12539200
2024-07-16,498.1559561053816,500.58963142634576,482.55072018571695,486.5240478515625,14075800
2024-07-17,475.9748583365877,475.9748583365877,456.0585356169319,458.9093933105469,28076600
2024-07-18,471.83266375516723,476.04438141112735,461.4424203212603,472.677001953125,19267200
2024-07-19,472.88563552627363,483.46461539838543,472.53796325902186,473.61077880859375,15149400
2024-07-22,483.3354239432015,488.77889368380687,480.67330171898413,484.14996337890625,12023100
2024-07-23,486.5736915826986,491.9178220255653,484.4678328165319,485.4313659667969,9455500
2024-07-24,469.16057574428834,473.1239602274661,457.5087819303117,458.1941833496094,17649700
2024-07-25,460.17092144183493,460.4589658515136,439.69833629849063,450.3865966796875,18240500
2024-07-26,461.1046981366571,466.63753399730916,456.3565726815499,462.5946960449219,14222400
2024-07-29,466.74682183029705,470.7996028508264,461.9192127867245,462.6046142578125,11339600
2024-07-30,463.88603283345884,469.57783596951856,453.6547256053789,460.1014404296875,11390400
2024-07-31,467.8792258794459,473.32269613102295,463.6377091692654,471.663818359375,24285800
2024-08-01,517.525898740057,523.6547393365818,488.81861406662085,494.4209899902344,43083100
2024-08-02,485.7393217238086,497.8082988081169,472.97500015148046,484.88507080078125,24044700
2024-08-05,448.340392438967,480.256153607523,447.7940416649235,472.5578308105469,21396200
2024-08-06,475.8059745622405,499.2088714287347,475.4583023384702,490.79534912109375,20955000
2024-08-07,499.7750576315179,506.74823629276204,483.6135290604077,485.6598205566406,20105300
2024-08-08,494.1826592575275,506.5595672205357,491.42119757011926,506.2317810058594,16156800
2024-08-09,504.3245575432351,514.8837113715979,502.3279809305961,514.3175048828125,13696600
2024-08-12,513.4134878308477,514.5657867339853,505.70525325253175,512.5095825195312,9767400
2024-08-13,516.5425353486345,527.9559092747828,514.6949525499102,525.015625,13743800
2024-08-14,524.5388780300436,530.4392723612109,519.6417586898049,523.24755859375,11444200
2024-08-15,528.2439121362164,536.1707413680679,523.1878870724586,533.7470092773438,13482100
2024-08-16,528.3532441619528,530.1014573197285,521.1614705192093,523.903076171875,14776700
2024-08-19,523.3567686125551,528.1148065447744,519.2741890909025,525.750732421875,9879700
2024-08-20,524.8268440690854,527.5486241898866,522.3733435694845,523.2176513671875,7944400
2024-08-21,523.6348937052984,535.803208512871,523.4163291780279,531.5914306640625,13423300
2024-08-22,533.4192569001465,540.6010274942679,525.0653618809546,528.383056640625,15708300
2024-08-23,533.3396896345922,536.2700305512936,521.5587891134588,524.4791870117188,11323900
2024-08-26,524.0819750389632,524.4793321175962,511.51636075055256,517.6452026367188,9584000
2024-08-27,515.5194158515097,520.5159048538387,511.87390443058763,515.6386108398438,6282700
2024-08-28,514.2180646497437,517.6153031156273,509.0329016673362,513.3340454101562,9106100
2024-08-29,515.5889478445253,523.6846276660798,512.2414239497651,514.7644653320312,8317400
2024-08-30,517.8735737554629,520.0489730917525,511.7646188064961,517.8338623046875,9157500
2024-09-03,516.174963281038,521.9859301968734,505.22842718576123,508.3475036621094,12459100
2024-09-04,502.69544703170084,513.1453172957093,500.7087833695343,509.3209533691406,8335200
2024-09-05,508.307802962019,518.1517257651456,507.74159650154314,513.4135131835938,8640900
2024-09-06,518.4000932131843,521.0821016570909,494.92765391819984,496.9341735839844,14744500
2024-09-09,502.78490166446124,507.9204108518389,498.7320903469637,501.4240417480469,11047800
2024-09-10,504.77156555740726,510.751412962104,496.69577198232815,501.4240417480469,9899000
2024-09-11,503.6292165016286,509.69845986206315,492.29529588084,508.41705322265625,10782500
2024-09-12,513.6022393471186,523.1978593142228,511.7844250205015,522.09521484375,11970500
2024-09-13,516.8703362242966,524.0620493225885,513.6618330302761,521.1217651367188,10321400
2024-09-16,521.5394368849483,531.0447481141917,514.4403261539426,530.2294921875,9527600
2024-09-17,534.5245992433219,538.9988566946421,527.5348463816464,533.251953125,11690800
2024-09-18,533.9976488950548,541.0868659284195,530.8458001640214,534.8726196289062,10323500
2024-09-19,546.8537527288971,558.8547141847413,543.3936793129712,555.9016723632812,15647000
2024-09-20,556.7965408444652,561.2707987619654,553.1176944195414,558.1387939453125,22066800
2024-09-23,566.2422454333392,570.696598725916,559.1927762027452,561.1813354492188,12830700
2024-09-24,563.4383563302257,564.5022427843289,551.0198138385321,560.1075439453125,12993000
2024-09-25,560.8233803106601,573.580004208347,560.4952510598988,565.0590209960938,16543400
2024-09-26,572.436555499505,574.0970460697704,559.1330900425771,564.5917358398438,14400800
2024-09-27,566.8386345636402,567.5744522606976,561.2806469675405,564.1143188476562,9398400
2024-09-30,564.4525297734127,571.392581823153,561.5690947166503,569.1654052734375,12792300
2024-10-01,574.6736740742251,579.7047261626475,566.8387463764593,573.1723022460938,15259300
2024-10-02,571.5715250916941,572.705018338464,566.0831432657689,569.5332641601562,6524700
2024-10-03,566.8884769556879,580.0228702133212,565.4765563823341,579.436279296875,11581000
2024-10-04,580.3907699305325,593.4357124935896,578.1039391514795,592.5309448242188,14169500
2024-10-07,594.7979355563699,599.5009195077625,580.6990575803541,581.4348754882812,12014200
2024-10-08,586.3167064096679,590.1645633879729,582.6179549512773,589.4984130859375,7857400
2024-10-09,590.5920310170018,590.9897670648169,578.2828467749312,587.1319580078125,9529700
2024-10-10,584.2088301034865,586.8535869486327,579.1877306195246,580.490234375,7740400
2024-10-11,581.4846102064073,587.8281195065246,579.376742110834,586.5753173828125,8587100
2024-10-14,590.8207303998246,596.6670986656153,586.585150741633,587.04248046875,8252000
2024-10-15,586.7839608852024,587.2313987957768,576.8213215978997,582.916259765625,9564200
2024-10-16,578.074153352245,578.7502561624128,570.7463179400054,573.490478515625,11268400
2024-10-17,579.9931131702996,581.6236855285798,571.9096154864388,573.6296997070312,8701200
2024-10-18,577.7758214109436,580.6293988605148,571.9593103260983,573.1723022460938,7694300
2024-10-21,572.7348299431258,573.9378692579733,565.8543723443174,571.8697509765625,8171900
2024-10-22,571.0047942012734,580.1919884331684,568.8472245196812,578.6806640625,8544500
2024-10-23,576.6522939692993,581.6535493433651,559.2822589840049,560.4654541015625,14248400
2024-10-24,563.885859438398,565.625848939079,558.3079648037167,564.5321655273438,7184700
2024-10-25,570.6468669862153,577.9647500652169,568.4494872870167,569.9707641601562,11337900
2024-10-28,578.67072146079,580.410710743533,570.8357934356153,574.8526611328125,10925100
2024-10-29,576.8313344603039,590.2739533915471,572.1085063582906,589.88623046875,13019100
2024-10-30,597.5420905900066,597.7608636426235,586.0084723536592,588.4146118164062,26864900
2024-10-31,581.6534603775302,586.525453807229,559.7892656536117,564.3331298828125,26838400
2024-11-01,564.3629652502584,570.3882965161611,559.3418659763402,563.91552734375,15303200
2024-11-04,560.8730139446373,565.4367833258351,554.6985773939598,557.4725952148438,12064600
2024-11-05,564.0547369200507,570.1993768247104,563.4283359927113,569.1553955078125,9775400
2024-11-06,559.53074043899,569.722104436324,551.994085485955,568.7775268554688,18305400
2024-11-07,573.5899682554951,591.3974890420855,571.9195858236583,588.3152465820312,14653700
2024-11-08,588.1561777738406,589.7072516411704,581.1763757138644,585.9688110351562,9415700
2024-11-11,583.0057385461188,583.6420920185832,573.2121093173138,579.833984375,10209100
2024-11-12,585.1731775517687,596.2295596498808,577.0598843312688,581.4744873046875,16287700
2024-11-13,579.2771839216865,582.2898800347385,571.8797417717248,576.68212890625,10757600
2024-11-14,573.6992793820006,577.4377800631241,569.7321138322568,573.8583374023438,11053700
2024-11-15,567.9523048385856,569.2946185704093,548.3451422976771,550.910400390625,17712900
2024-11-18,553.8534284072965,556.6971138862053,546.9432344613651,551.2285766601562,14327300
2024-11-19,548.7031290595829,558.2183921757821,547.4503270456743,557.88037109375,9522400
2024-11-20,559.7097624878369,563.1101814515828,551.0297217043255,562.2849731445312,9797300
2024-11-21,566.2620449532839,566.739279664007,545.9091133005595,559.8688354492188,11154700
2024-11-22,560.32621328156,560.6046406773982,551.4175075908335,555.9414672851562,9164000
2024-11-25,558.8844673779386,569.3145100236936,553.2071704273792,561.8772583007812,13599800
2024-11-26,562.7622479761632,574.1964632618979,561.9668364413141,570.2590942382812,10356600
2024-11-27,571.6014848159576,571.6909360069037,560.8731677601833,565.9440307617188,7200200
2024-11-29,565.7450327371056,575.1509386081322,563.6570700717043,571.0346069335938,7130500
2024-12-02,574.1965182071275,591.099272855649,572.2775656969997,589.4388427734375,12522400
2024-12-03,591.5963112149323,610.6864900333547,587.8677630350062,610.1396484375,14907200
2024-12-04,609.4535434454373,614.2459775975443,601.6384609762498,610.2688598632812,14697000
2024-12-05,613.550119948881,616.3539959197653,603.5774656613376,605.4467163085938,8081200
2024-12-06,606.6099369109293,626.1873039273537,605.0489714012239,620.2017822265625,16935500
2024-12-09,620.3508267816162,622.8166811211822,602.7023662786942,610.06005859375,11426000
2024-12-10,614.0272799520044,622.0113739130567,609.234845211511,615.7772216796875,10938900
2024-12-11,619.8041107841092,634.7481632992731,617.9746701821156,629.0608520507812,10837200
2024-12-12,627.8875399219128,633.0179957315453,623.6221024715439,627.1815795898438,7474700
2024-12-13,623.6320266186848,627.4699920270454,613.3611619616729,616.8013305664062,8453300
2024-12-16,626.8814975325155,628.0457867533739,615.5376035416824,621.1697387695312,10885600
2024-12-17,623.0901898648054,629.2597075495864,613.507549791668,616.393310546875,12897800
2024-12-18,617.945699059959,624.2744037203172,593.387091448316,594.2528076171875,17075500
2024-12-19,607.3877383453977,608.5121851640208,592.0734213249908,592.640625,14958100
2024-12-20,587.675323062813,600.1436642411298,577.1473424651591,582.3715209960938,48989400
2024-12-23,586.7000120717197,598.1335492116074,583.366513431805,596.8995971679688,10205800
2024-12-24,599.7555744761255,604.99967413285,596.3325519539701,604.7608642578125,4726100
2024-12-26,602.5019749107529,603.3179490935831,595.994163249834,600.3824462890625,6081400
2024-12-27,596.4618063664631,598.8898077827639,586.8990872280444,596.85986328125,8084200
2024-12-30,585.8542270232425,594.0039468527602,582.6998357068834,588.3319702148438,7025900
2024-12-31,589.3570104919964,591.0486006579675,580.9783795227164,582.6302490234375,6019500
2025-01-02,586.8194676993116,601.9347590067932,584.9288491785778,596.2926635742188,12682300
2025-01-03,601.7854323342851,606.5021084147011,593.4764662702436,601.6560668945312,11436800
2025-01-06,608.8207596792694,627.8864953892827,602.641281410124,627.1004028320312,14560800
2025-01-07,628.5931506928146,628.9911469499779,605.2385505469601,614.85107421875,12071500
2025-01-08,610.3830585744919,613.4080846789525,599.8251969713253,607.7161865234375,10085800
2025-01-10,607.0295902270824,626.8117543633127,594.4020036952091,612.8308715820312,19256600
2025-01-13,604.1139601037415,605.9747576676493,595.5065414878209,605.3379516601562,10785000
2025-01-14,602.0939991024484,602.5119163465189,585.6552325061541,591.3272094726562,13598000
2025-01-15,607.2087300599234,619.3984789584875,603.5169556717734,614.084716796875,15524300
2025-01-16,608.4923023613607,613.2189392153532,606.7111284430702,608.2932739257812,8355300
2025-01-17,620.9805911305821,621.896049094774,600.7008255237737,609.756103515625,17280600
2025-01-21,614.7912965163201,618.443229069153,606.0146693079478,613.4280395507812,11674000
2025-01-22,620.2343211513619,630.5831936184607,616.3833603918935,620.433349609375,12274000
2025-01-23,624.27438359991,633.4689279487995,618.0949656788501,633.3197021484375,9910200
2025-01-24,633.2699382382675,648.7931865048288,631.0807466276091,644.3053588867188,19065300
2025-01-27,623.5280757089856,660.6048263723562,622.025492753922,656.6344604492188,28399200
2025-01-28,662.7243202820943,679.222789585596,656.2264085295512,671.0133666992188,20950100
2025-01-29,671.6801188096443,677.7003506905008,662.3959899394188,673.1627807617188,21377800
2025-01-30,693.3927409364592,707.294001197109,672.774619401076,683.6210327148438,29322900
2025-01-31,687.6014000766061,701.8310551092019,682.2080746968453,685.7903442382812,19303900
2025-02-03,672.5856051378313,700.5374751524545,671.9288779782597,694.0296630859375,21415700
2025-02-04,699.0447502736523,704.2291467274541,688.2082982161528,700.7264404296875,13826300
2025-02-05,700.0896222542642,714.6078889974233,695.5719738179728,701.4031372070312,17778200
2025-02-06,702.4081644926629,715.3641456188349,700.0398655613205,708.4880981445312,13080700
2025-02-07,713.2744305821955,721.4440718312758,708.249280988419,711.0056762695312,16427100
2025-02-10,715.025727725116,717.6527573421523,707.8313082421628,713.8714599609375,12904300
2025-02-11,709.8115349418778,720.1006435254067,706.5476385055467,716.2596435546875,12998000
2025-02-12,711.7818770685368,723.5238281436095,709.0951445232752,721.8123168945312,12016500
2025-02-13,717.9712711727863,725.4144618537392,714.5083460221898,724.9766235351562,12569100
2025-02-14,722.5685751543255,737.2658892402018,722.0511132817282,733.0467529296875,16901200
2025-02-18,732.3800130970368,733.3750946365709,702.9654052178096,712.8465576171875,21938700
2025-02-19,700.6369269472729,703.5226878675882,691.9698051227019,700.30859375,17535500
2025-02-20,693.8505479928752,702.1594553078776,690.2284362839436,691.4225463867188,12587400
2025-02-21,693.1539301625503,700.4080528713276,679.0038387952945,680.18798828125,15660400
2025-02-24,682.9046273446285,683.8897484077801,659.1918158891808,664.8438720703125,15677000
2025-02-25,662.6944247816905,664.7144694629277,638.703023401866,654.26611328125,20579700
2025-02-26,656.4055905153153,679.6506817176414,654.763681609393,670.386474609375,14488700
2025-02-27,679.0934498337167,685.2629678985895,654.3358147754243,655.0025024414062,12500000
2025-02-28,654.8034504822056,666.3364725318584,639.4393887052988,664.9135131835938,17534200
2025-03-03,670.3664982200642,677.8992724698688,647.638870751695,651.828125,10843800
2025-03-04,642.3351433054311,646.5542796373367,620.5826737681288,636.8522338867188,21495200
2025-03-05,637.8472080229061,656.2562148067185,634.5236092639633,653.2410888671875,13770000
2025-03-06,644.812846805576,647.3602531536812,621.040333910999,624.841552734375,13446500
2025-03-07,622.294150848658,631.6678021460568,597.6559216844704,622.5827026367188,21375700
2025-03-10,605.0792675215534,607.109212093194,583.9835257431913,595.048828125,21999900
2025-03-11,592.1232321992892,611.9054572036264,590.4117211785095,602.7308349609375,17401500
2025-03-12,626.8018648059933,630.2149870827395,606.352891273559,616.5126953125,15747000
2025-03-13,617.1992715803975,617.4480419437915,583.625233054342,587.7349243164062,16480300
2025-03-14,600.3688460487675,606.4044031406513,592.381232702444,605.1494750976562,12364500
2025-03-17,605.01006095703,610.6272679434014,595.5881924170304,602.4603881835938,15473900
2025-03-18,597.6298232927339,597.8290287962357,572.3422134661657,580.0111694335938,20297700
2025-03-19,581.9236121177603,589.9311646960157,572.4519564790293,581.7044677734375,20537500
2025-03-20,580.4096129893901,607.7389439842362,577.172720940167,583.6365356445312,24336500
2025-03-21,581.0670032780688,595.1300513212973,578.6069941650959,593.8452758789062,25015900
2025-03-24,612.4896480218807,620.0291236750295,609.7308614385815,616.35400390625,15741300
2025-03-25,624.2322549021957,631.3235347184631,618.6747423038911,623.7840576171875,15312500
2025-03-26,622.3697410659778,624.2222248223229,604.163437823038,608.5158081054688,12609800
2025-03-27,599.5720414465346,611.7726353131792,597.67968012305,600.1497192382812,10436500
2025-03-28,597.8888240380612,599.3230186538527,571.605245739065,574.4138793945312,17602800
2025-03-31,561.2272821521618,576.365989409716,551.0684088090011,574.035400390625,21124700
2025-04-01,568.537705940541,587.5307390242879,567.70106709451,583.6365356445312,12836600
2025-04-02,572.5913101802249,590.2697228543149,571.0475736256388,581.574951171875,13470800
2025-04-03,544.016982785148,550.3314393515183,528.1612075786397,529.4758911132812,34777500
2025-04-04,504.5767586556749,515.9108671247398,492.2068664686997,502.69439697265625,38589800
2025-04-07,483.14348777248983,537.1945936136326,479.9563819403582,514.1678466796875,36606100
2025-04-08,541.0589972717423,545.2221314563009,500.8318811641039,508.39129638671875,28034200
2025-04-09,507.21608900363117,585.5190378914372,500.0849618351514,583.4075927734375,39216600
2025-04-10,573.1689763297147,578.9555415344041,533.141064552052,544.0867309570312,28173500
2025-04-11,533.3501954996136,545.1922554454453,526.4581222037267,541.377685546875,17642300
2025-04-14,553.9268489865372,555.520432371149,526.149380590007,529.33642578125,14130900
2025-04-15,529.9639426413264,535.7704467995947,515.41288054515,519.4166870117188,15558700
2025-04-16,506.459094542153,511.29947867102186,493.6310371089192,500.2840881347656,18735100
2025-04-17,503.21224251554713,505.25396236597624,496.0014523688267,499.45745849609375,14593500
2025-04-21,489.3483735420339,491.50963495584347,477.8648771062618,482.7052917480469,16166000
2025-04-22,489.886213659528,504.8356859267328,484.3984265448332,498.2622985839844,17399400
2025-04-23,526.398387792126,533.1809196011152,514.4368162114096,518.1716918945312,18173900
2025-04-24,516.6378699664548,531.7467310045646,515.4128501808216,530.999755859375,13910000
2025-04-25,544.5946691393716,547.6423253119987,534.0872308807745,545.0628051757812,17098900
2025-04-28,553.3990561017924,556.2375374162976,538.409766598872,547.5228271484375,15179000
2025-04-29,543.7978948573555,554.3252716550422,541.9254723342877,552.203857421875,11835000
2025-04-30,536.2286028212618,546.8854000110363,527.3644731031741,546.7858276367188,29244000
2025-05-01,589.6921415778174,590.558627980007,568.1991573093333,569.9022827148438,31159000
2025-05-02,581.1068141330562,601.9026058918658,575.9974995584959,594.6121215820312,24739300
2025-05-05,588.8355666226496,600.7772617327329,585.6783683283057,596.8531494140625,13887700
2025-05-06,590.140262710858,593.6261466616496,584.2142478367141,584.9412841796875,10600700
2025-05-07,587.9790163444538,600.6477471780503,584.3038959778277,594.4030151367188,13139100
2025-05-08,603.8447184228645,608.8345220578558,594.2137360230962,595.59814453125,14622800
2025-05-09,601.2850913628599,604.5219836999701,589.3235802814015,590.1004028320312,10427300
2025-05-12,628.3754468402599,637.8072854035049,618.52537997075,636.8511352539062,21965100
2025-05-13,642.9364120582926,658.254386921773,640.2373808266427,653.3841552734375,18570800
2025-05-14,658.543319934739,659.9973927569988,651.6711237576287,656.7007446289062,12348200
2025-05-15,651.6412836963046,654.6590319374474,636.0045904601806,641.283203125,14341800
2025-05-16,635.3870402976211,637.8570186595293,623.6246741050281,637.7574462890625,18519000
2025-05-19,625.7161768945482,640.4066880114517,625.2679796518272,637.8470458984375,9592400
2025-05-20,633.4449476478025,636.7714432087338,629.7100715967877,634.530517578125,6743500
2025-05-21,629.2418310050065,644.0020660016361,627.6283696820823,632.9368896484375,11464600
2025-05-22,631.492768599171,640.6556757699244,628.1662733645643,634.0026245117188,8228400
2025-05-23,621.4832888202177,629.8992205141227,620.1387579436545,624.5309448242188,8454100
2025-05-27,632.847326590347,640.4864367881302,630.1980812771392,639.7294921875,9508400
2025-05-28,640.0082861312126,648.2549209907568,639.958499945528,640.984375,9042900
2025-05-29,649.021781530125,650.6850290446924,636.9207607437914,642.4483642578125,8858800
2025-05-30,639.9087359485001,646.790840509364,630.227966818394,644.8786010742188,16241000
2025-06-02,641.7910631431,670.5446198991036,641.6615825955165,668.1941528320312,15766300
2025-06-03,668.7420068089284,672.8553550898889,662.3479161440031,664.1605224609375,11585000
2025-06-04,666.6204881500277,686.2211069583093,665.8735130698844,685.1753540039062,14031900
2025-06-05,688.8704104821669,691.5794719470881,679.4983890924821,681.8588256835938,13083100
2025-06-06,693.3622292653906,699.9754637799698,689.0795839414949,694.8960571289062,11728000
2025-06-09,695.6430820189607,702.3459199881064,691.1412920544841,691.2608032226562,12773200
2025-06-10,698.5213248498013,700.3937473880201,688.7708312874433,699.567138671875,10850100
2025-06-11,700.871864292101,706.0110265671628,689.1991010267074,691.3404541015625,9582500
2025-06-12,690.5037820202001,692.575410020333,684.2292032313352,690.5635375976562,7322700
2025-06-13,685.1754345871889,691.768730540237,678.2634219344503,680.1159057617188,9274400
2025-06-16,697.0454302800655,704.839891030923,691.2444358848513,699.8262939453125,13720300
2025-06-17,699.7067073456836,703.6637089538638,693.7861096962511,694.9522705078125,10066100
2025-06-18,695.8991705300261,699.2980647722242,692.6299173050131,693.4970703125,10068300
2025-06-20,698.4607641474819,699.5272759324512,676.4528788689065,680.120849609375,22538600
2025-06-23,681.4564999402276,696.7663067524254,676.5326356722177,696.248046875,11080100
2025-06-24,702.5872956643889,710.860169242287,699.8163481052391,709.8734130859375,13823200
2025-06-25,710.9897247556078,714.2390846812559,703.0756608117819,706.3648681640625,9320400
2025-06-26,712.026236021567,725.8409420571106,708.7270519250135,723.7179565429688,13964800
2025-06-27,724.1466398304902,733.0275060697373,723.4887618360168,731.2333984375,18775700
2025-06-30,742.1177521024767,745.4568450948445,731.8514114766995,735.6788940429688,15402100
2025-07-01,734.4727021962226,735.3398551388783,713.0329631720402,716.870361328125,13431200
2025-07-02,712.9931517050737,717.946886332231,710.4713875973353,711.2388916015625,9336700
2025-07-03,724.23628063908,726.6484187341657,712.0861007528597,716.6611328125,8601700
2025-07-07,715.2557459712787,724.625062725977,711.1791411032029,716.0032958984375,9457100
2025-07-08,719.2128191233631,720.5484076114845,712.4748926138262,718.3157348632812,7770700
2025-07-09,720.3589752323313,735.1206520424314,720.3589752323313,730.3861694335938,11418000
2025-07-10,729.1601141641413,733.3962299961528,717.2491410105094,724.8641967773438,9913600
2025-07-11,720.1397043336653,722.7909877576628,707.3815321195434,715.166015625,10873900
2025-07-14,715.2557188520466,725.6217684499236,714.2091611608587,718.5648803710938,8939400
2025-07-15,721.5351494521201,722.1032338104419,707.5011297082585,708.0692749023438,11529500
2025-07-16,711.0395596935507,711.637575280654,696.9856458747225,700.6137084960938,13067600
2025-07-17,702.0888975460598,703.5939743779064,694.8326508122145,699.1185913085938,11803300
2025-07-18,699.896109861645,702.4078970710398,689.3905635084973,701.9793090820312,12779800
2025-07-21,704.4909815749821,714.6576719200774,703.4544009949688,710.6408081054688,9404400
2025-07-22,713.8503357336546,714.258969568067,699.1185901916039,702.5075073242188,8921100
2025-07-23,704.0623726003058,712.2953979460707,702.627074466955,711.2488403320312,8771600
2025-07-24,714.7074933384354,721.2560374369583,711.6674693968201,712.46484375,10920800
2025-07-25,714.5779456568456,718.2958018452817,709.5743863825453,710.351806640625,8271700
2025-07-28,712.8636510065481,722.3724645566323,710.3518636841303,715.2857055664062,8715700
2025-07-29,717.6479213169642,722.1032896273051,697.6235240780348,697.7132568359375,13267000
2025-07-30,705.7768321791035,706.1854660197899,688.9419939778502,692.9389038085938,27077300
2025-07-31,772.667590247117,782.1863801577031,763.0092430876867,770.913330078125,38831100
2025-08-01,758.2448261685668,763.497629588928,742.8752172910131,747.5598754882812,19028700
2025-08-04,757.5172825632864,774.3122137700193,755.9324499017634,773.8338012695312,15801700
2025-08-05,773.913496774336,780.571667176634,760.507423214992,760.9659423828125,11640300
2025-08-06,767.4845283360178,771.1126516160077,757.9757159507556,769.468017578125,9733900
2025-08-07,770.9631295472946,772.4682063669705,757.0686667309535,759.3412475585938,9019700
2025-08-08,760.2582747146965,767.3849416766147,756.101914160301,766.786865234375,7320800
2025-08-11,767.5643719861222,770.9333352985195,762.1720109386977,763.3681030273438,7612000
2025-08-12,770.4747258826147,791.077183084039,769.9065806861354,787.419189453125,14563100
2025-08-13,788.5655214330485,792.861439232817,775.687684264025,777.5316772460938,8811800
2025-08-14,775.3388350252033,785.2363885099581,769.9863825490937,779.574951171875,8116200
2025-08-15,781.5884278136772,793.6488761977264,778.2692889489064,782.6648559570312,13375400
2025-08-18,772.5579712024165,773.2755899130946,754.0884756033142,764.8631591796875,16513700
2025-08-19,764.6140081257292,764.663832621222,746.9120158198551,749.0250854492188,12286700
2025-08-20,745.1278092436016,747.7492222984731,728.6119336256934,745.2772827148438,11898200
2025-08-21,742.2771438441821,743.064541108265,730.7150031484181,736.6854248046875,8876300
2025-08-22,736.81505282597,754.4273720053774,731.9908982789533,752.32421875,10612700
2025-08-25,752.3541041091971,756.40083816002,747.679423323267,750.8390502929688,6861200
2025-08-26,748.3472672479323,752.4039786334924,745.4966249237331,751.636474609375,7601800
2025-08-27,749.8423869559551,751.6863799088018,740.4133296583533,744.9384765625,8315400
2025-08-28,741.5694916361576,750.5899148175357,738.3799332684189,748.65625,7468000
2025-08-29,742.8453254860702,744.6992345800578,732.9477115811937,736.2868041992188,9070500
2025-09-02,723.6681190637612,733.5956032036421,719.3722015925617,732.70849609375,9350900
2025-09-03,733.5955932459119,737.8317091036498,731.5921498947655,734.6421508789062,7699300
2025-09-04,746.1245900119145,758.6734271200463,743.3835736708148,746.204345703125,11439100
2025-09-05,750.1613099282893,755.4739147328357,742.596139272426,749.9918823242188,9663400
2025-09-08,753.5302097254976,764.0058841473341,749.5632315279836,749.84228515625,13087800
2025-09-09,755.0153467057662,763.7965628893893,750.9686127504068,763.1985473632812,10999000
2025-09-10,762.6305038555339,763.1986490989516,748.5466583985636,749.5234375,12478300
2025-09-11,752.184771170502,754.6267189634892,745.9252571616319,748.447021484375,7923300
2025-09-12,746.2840072815898,755.095155276553,741.330272625368,753.1216430664062,8248600
2025-09-15,754.9954213012545,771.5412279036273,749.5333431691193,762.2018432617188,10533800
2025-09-16,764.494341124313,778.8074148399552,762.6005237676653,776.4551391601562,11782500
2025-09-17,777.4419223006557,780.7311297077449,763.8066193659058,773.1858520507812,9400900
2025-09-18,778.1994774600552,786.203274581819,770.8336042127465,777.7011108398438,10955000
2025-09-19,783.8508708699721,788.2165669565625,766.6771780735046,775.837158203125,23696800
2025-09-22,779.8218176027002,783.6917575585782,762.4868973227559,763.1751098632812,11706900
2025-09-23,767.2545389947088,768.6010126974617,749.1217058463387,753.4404907226562,10872600
2025-09-24,755.5349916265823,759.1356124217834,750.5779133776451,758.686767578125,8828200
2025-09-25,751.4955472633491,754.806942419776,742.6186096970315,746.96728515625,10591100
2025-09-26,748.0544043789391,749.9793904076555,735.4371957410184,741.8206176757812,9696300
2025-09-29,746.7777648139662,748.832479543402,737.2326433015477,741.4716186523438,9246800
2025-09-30,740.3244937368279,741.0425967294805,724.4158582201331,732.4749145507812,16226800
2025-10-01,719.618385039583,719.9774365591268,708.3576941566364,715.4791870117188,20419600
2025-10-02,720.7055653205383,725.8821043267139,716.2770807321521,725.1639404296875,11415300
2025-10-03,727.7372737109582,729.1037149276121,708.3377167266436,708.7167358398438,16154300
2025-10-06,703.3607165744016,715.0203947681905,688.718804278428,713.8035278320312,21654700
2025-10-07,715.8581417735932,716.636147605649,703.9192222306009,711.230224609375,12062900
2025-10-08,711.599278595462,717.7832075860277,705.9738944950672,715.9779052734375,10790600
2025-10-09,716.4167658258609,731.6072387695312,710.5918883665408,731.6072387695312,12717200
2025-10-10,729.0239332852144,733.3626856542741,702.6824691715568,703.4703979492188,16980100
2025-10-13,711.1603595995662,718.072374881022,705.8042950194317,713.8433837890625,9251800
2025-10-14,705.9439682909708,713.6937706407739,697.5158763660478,706.8117065429688,8829800
2025-10-15,715.1998794771447,722.0221626881838,707.6694770310874,715.6885986328125,10246800
2025-10-16,715.6886043056783,723.6080097298942,702.0540824517458,710.2228393554688,9017000
2025-10-17,705.2458014471516,716.6760344343375,704.2882698394852,715.0602416992188,12232400
2025-10-20,719.3191931642514,731.8665769499745,718.3118034233538,730.2706909179688,8900200
2025-10-21,734.110725168398,736.5842723709278,726.8595646449745,731.3678588867188,7647300
2025-10-22,731.9264006052239,738.6787972623451,722.1518348008319,731.5074462890625,8734500
2025-10-23,732.7941435868839,740.4841042897723,731.1982575844598,732.095947265625,9856000
2025-10-24,734.8786455644157,739.2872233202683,729.2533227506186,736.444580078125,9151300
2025-10-27,747.7851152228061,753.7895182960361,746.069606274355,748.872314453125,11321100
2025-10-28,750.6776381609803,756.4326899204912,743.5860965317024,749.49072265625,12193800
2025-10-29,752.7921200604676,757.1906533932021,740.5838813084906,749.7200927734375,26818600
2025-10-30,667.414190282622,679.1935516668058,648.4833846789722,664.7410888671875,88440100
2025-10-31,672.7602632515434,673.1392823636344,643.8953340746643,646.6680908203125,56953200
2025-11-03,654.298319497033,657.6196984387726,634.5297257704245,636.0557861328125,33003600
2025-11-04,626.410791028598,640.0752642850032,624.3860886703497,625.6926879882812,27356600
2025-11-05,630.6697208898194,640.5639703518489,624.9146693781357,634.30029296875,20219900
2025-11-06,634.2005186436334,634.3501538797125,616.3968476378337,617.3344116210938,23628800
2025-11-07,614.8907386759073,620.5161224262619,599.640424749484,620.0972290039062,29946800
2025-11-10,629.4529098843899,633.3527401283538,616.5065400363918,630.1211547851562,19245000
2025-11-11,626.3709044869131,627.9268552540688,617.7832543081277,625.4533081054688,13302200
2025-11-12,626.5005716840028,627.3583261459861,606.1934022078184,607.43017578125,24493300
2025-11-13,611.4796659420805,616.0478021853295,601.4357808374693,608.3079223632812,20973800
2025-11-14,600.2288811530552,612.088052043071,593.6560102918138,607.8790283203125,20724100
2025-11-17,607.4600964135232,610.1032465254069,593.855525554584,600.4483642578125,16501300
2025-11-18,590.0652977363707,602.0940102850205,582.2656372803878,596.1395263671875,25500600
2025-11-19,592.1797786556917,593.7856483585136,579.7421567881397,588.7886352539062,24744700
2025-11-20,601.9345167857809,605.1461348624172,581.8367616757555,587.6217651367188,20603000
2025-11-21,586.9733513369498,596.5683908845805,580.3505617853443,592.7084350585938,21052600
2025-11-24,597.1668126146857,615.1002115339802,596.0796743085915,611.4596557617188,23554900
2025-11-25,622.3813086708644,635.3974440566444,616.696082618217,634.569580078125,25213000
2025-11-26,636.0358029520913,636.7040478933542,629.9915253276793,631.9663696289062,15209500
2025-11-28,634.4299618769652,646.3688812783262,633.8514494094911,646.2691650390625,11033200
2025-12-01,637.890997336621,643.6460494571635,636.1056625060893,639.2075805664062,13029900
2025-12-02,640.6737247939117,646.1893476978298,636.4147821721649,645.4213256835938,11640900
2025-12-03,642.7383773862279,647.1668624868771,635.8961867971512,637.9408569335938,11134300
2025-12-04,674.2463992276428,674.3461154685141,658.3377626918029,659.81396484375,29874600
2025-12-05,662.2775487290173,672.9398207362489,660.6717397649775,671.673095703125,21207900
2025-12-08,667.603701448277,674.9545781663558,663.344758713728,665.0702514648438,13161000
2025-12-09,662.0481300460407,662.7562492699393,651.6451938720459,655.2557983398438,12997100
2025-12-10,648.2639556943986,652.8121240146866,641.730959438269,648.4434814453125,16910900
2025-12-11,641.6212380225077,653.5801862453618,639.1377070000864,651.016845703125,13056700
2025-12-12,648.1143965293088,709.1556549538686,636.9534211280841,642.558837890625,14016900
2025-12-15,644.5502809809109,651.8372704406642,637.5627451568915,646.3570556640625,15549100
2025-12-16,642.3541999133257,661.3602758295988,642.054746271156,655.9799194335938,14309100
2025-12-17,654.4426118233187,660.0526000253047,648.0440522221027,648.343505859375,15598500
2025-12-18,655.8600753372949,669.3659511843067,655.2910830082761,663.266845703125,20260300
2025-12-19,665.2333263832898,669.8051880946751,657.0080086354003,657.5969848632812,49977100
2025-12-22,660.4719008376494,672.3806511570199,655.4808037586267,660.3221435546875,15659400
2025-12-23,658.8746741689592,664.8140915262984,657.0778915122911,663.7559814453125,8486800
2025-12-24,661.3503083186049,666.9902112020924,661.0208788671576,666.361328125,5627500
2025-12-26,666.8704739599774,667.7589038803495,660.1424847097468,662.1089477539062,7133800
2025-12-29,656.8383689858442,659.0743707339258,653.2248195668056,657.5171508789062,8506500
2025-12-30,657.5171386037911,671.0230153954109,656.6686764849229,664.7642211914062,9187500
2025-12-31,663.5662869980947,663.8158418258488,658.2657448936569,658.9146118164062,7940400
2026-01-02,661.5499009554064,663.2069792218492,642.3541620430398,649.2518310546875,13726500
2026-01-05,649.8508280292294,663.3567049684374,646.5966230035071,657.616943359375,12213700
2026-01-06,658.3955464147172,664.3349637543794,650.7392210314413,659.4436645507812,11074400
2026-01-07,654.4725487720359,657.9763084361789,643.6618161601232,647.534912109375,12846300
2026-01-08,644.7299347572825,645.9477331499952,634.5879917891143,644.9096069335938,11921700
2026-01-09,644.2907288447692,653.7838050409127,641.7053138036724,651.8971557617188,11634900
2026-01-12,651.3680980277007,652.8054753941815,640.0881706951194,640.8268432617188,14797200
2026-01-13,641.1263941859123,641.1263941859123,622.9887038024194,629.96630859375,18030400
2026-01-14,625.3844405077801,627.3309804807691,613.7252454803604,614.4240112304688,15527900
2026-01-15,617.378703801015,623.0585745209008,613.1362714280776,619.694580078125,13076100
2026-01-16,623.0685636897582,627.9598630097294,618.9758886129073,619.1455688476562,17012500
2026-01-20,606.7976262932837,610.3113781504126,598.9316523845154,603.0443115234375,15169600
2026-01-21,605.659634898437,617.169133937088,599.0115204374271,611.8685913085938,14494700
2026-01-22,628.2293275614567,659.3937675491238,625.4343255489129,646.476806640625,21394700
2026-01-23,643.6219561683764,665.3032527677875,643.3025186421843,657.5870361328125,22797700
2026-01-26,663.9456136216552,674.0775639748149,660.1124246688775,671.1627197265625,16327400
2026-01-27,673.3888389297905,675.6148486525956,663.4764668627315,671.7716674804688,13297400
2026-01-28,673.2989295276801,676.4732596455591,664.9138628916613,667.5391845703125,25709600
2026-01-29,736.1169233837337,742.6752321400184,711.2812198864386,736.995361328125,59852900
2026-01-30,726.2045952530067,730.8662626744616,712.3193905555435,715.2241821289062,23744600
2026-02-02,713.3275184694113,720.0156002559207,702.2672920108814,705.152099609375,14365200
2026-02-03,706.1104025957663,715.7232596178901,685.1877035052055,690.4683227539062,13760700
2026-02-04,686.5054510943589,687.6035290584308,666.2715840299333,667.798828125,16882800
2026-02-05,662.3984629374214,680.2865379695924,652.3363940764909,669.0166625976562,17131800
2026-02-06,664.3050190645899,670.7934451675868,645.3488423980709,660.2822265625,18159300
2026-02-09,661.9991209626965,682.0932819515241,657.6069922476072,676.0140991210938,14837500
2026-02-10,676.39338857878,679.4380062536881,668.5972981068446,669.525634765625,10455800
2026-02-11,672.7998711552045,678.0605068549233,655.9299390360635,667.4993286132812,14323800
2026-02-12,668.7770306530766,674.7963229561075,644.1310518439949,648.6529541015625,14960100
2026-02-13,643.9512634857649,650.2700088851722,633.4400456540794,638.6307983398438,12336400
2026-02-17,638.3613203754355,641.4557762130754,627.6803603746322,638.1516723632812,12674700
2026-02-18,632.67143641335,643.8515057528024,627.0315334227189,642.0746459960938,14649200
2026-02-19,637.432932921519,646.0375787806976,635.5861905818066,643.6318969726562,10035700
2026-02-20,638.5510179511008,662.1688639053526,637.642665037141,654.4925537109375,14183500
2026-02-23,651.3781101885919,656.5289567660449,634.8675821094057,636.1153564453125,8605900
2026-02-24,631.9527863953055,639.9684568961466,627.8600500948714,638.1616821289062,10135600
2026-02-25,641.3858999809694,652.7156650876909,640.9965798171046,652.5260009765625,11330700
2026-02-26,649.3916295582877,659.823034651462,646.3470725216666,655.8401489257812,10637700
2026-02-27,642.3042597917192,648.2835840137412,636.9837335400734,647.0258178710938,15703000
2026-03-02,636.0254184162494,658.764884603327,633.3701817354564,652.396240234375,9816100
2026-03-03,647.1356255764312,657.866484005116,637.7025010942567,653.91357421875,12263800
2026-03-04,656.788453587829,671.5720803574089,656.4989309709863,666.541015625,10810100
2026-03-05,660.751362594833,669.5057662619517,649.1520579976961,659.393798828125,13341400
2026-03-06,646.7463568472266,648.3135076492586,634.9773114336934,643.7117309570312,13159400
2026-03-09,633.6497121926325,646.5965879982328,625.6639573427893,646.2372436523438,13489700
2026-03-10,652.3962938458964,659.1242831137364,647.8444156429986,652.9053955078125,9859300
2026-03-11,653.5941721528687,657.9463943013674,647.2055433479961,653.6939697265625,8977200
2026-03-12,647.5948883988538,652.3364309343367,635.7660119177681,637.043701171875,11617500
2026-03-13,622.7790526456299,628.0496188589474,608.4645611002024,612.6171875,18957600
2026-03-16,631.4147932406764,634.1622468505053,622.5230098937741,626.8690185546875,15134900
2026-03-17,627.4085169382369,635.9605885584036,621.1243629754691,622.0834350585938,10348800
2026-03-18,615.769347359454,622.0735023862151,614.04090772979,615.1099243164062,11726300
2026-03-19,611.5832104537112,612.4323990135786,601.7023533616688,606.1382446289062,13247700
2026-03-20,602.9712077810872,603.400802317344,586.7062525156723,593.1102905273438,21214900
2026-03-23,605.2290499891692,608.0764476338709,598.4553596033379,603.5006713867188,13638000
2026-03-24,598.5452420228083,600.443507118967,590.4527665679026,592.3709716796875,10739700
2026-03-25,598.1855830392399,603.1110107561809,592.850561795072,594.3391723632812,12585000
2026-03-26,581.9506076701073,582.460145169462,542.8468364624507,547.032958984375,35780100
2026-03-27,539.599843303006,543.0966023049141,519.7782492802263,525.233154296875,30133000
2026-03-30,535.8833618164062,539.0504095872608,528.0505941707193,535.8833618164062,22795200
2026-03-31,549.4707059552647,573.1587727471259,546.2637174010383,571.6002197265625,32898300
2026-04-01,579.5928556215499,592.0013387220274,573.2887005646345,578.6936645507812,23608100
2026-04-02,565.5158531822124,577.9643377947169,559.1817578546791,573.9281005859375,13518500
2026-04-06,577.1550997330287,582.2503530791108,571.4703658572956,572.4894409179688,9515700
2026-04-07,571.9498894780604,574.6973431004155,564.2370671243236,574.5175170898438,9580800
2026-04-08,605.4388670235439,629.3667024291958,591.2820049792073,611.8529052734375,32036600
2026-04-09,626.3894374266143,636.9097166035551,622.4231426572783,627.8081665039062,19012900
2026-04-10,633.882449891805,637.9886903650855,623.7518859014353,629.2767333984375,13294800
2026-04-13,628.9171329935918,634.4120404303904,623.8218795800174,633.9425048828125,9538900
2026-04-14,642.624350345733,665.6430543798978,638.7779398291946,661.8765258789062,17818000
2026-04-15,666.3824145357423,677.8717665104965,663.6049593103575,670.9581909179688,14952600
2026-04-16,675.3640350842893,676.9525896021297,667.131674939706,676.2432250976562,9544800
2026-04-17,677.9716157075654,690.8796961433965,674.5048580761284,687.9124145507812,16283500
2026-04-20,680.7290935491282,682.7472426832454,667.381478611767,670.2887573242188,12534000
2026-04-21,670.3786762058809,675.5738733736962,666.7120915784461,668.220703125,8660100
2026-04-22,673.7355628200382,677.7518600207422,669.1298460769134,674.09521484375,9215600
2026-04-23,663.0854475032797,668.9400066983026,652.4452846667049,658.5396728515625,11667000
2026-04-24,659.7085674039201,680.0396994180859,653.2345872360809,674.4049682617188,13348300
2026-04-27,670.3786986745525,681.8680504402118,670.2188736545023,677.9916381835938,12805200
2026-04-28,673.6156618787633,677.5520159823654,665.0136491453696,670.7183837890625,10606800
2026-04-29,668.290599742094,673.6256820299297,663.1953464496755,668.5004272460938,18947500
2026-04-30,618.7465567527638,620.2751083620838,599.4444385151393,611.3433837890625,52765000
2026-05-01,614.120842749119,618.3069655430758,605.548770151405,608.1863403320312,21404000
2026-05-04,607.3771038685389,613.4314904063681,602.1919069095087,609.8447875976562,16203900
2026-05-05,612.7420849871345,613.7811000159977,599.8040642277598,604.3998413085938,17171300
2026-05-06,600.4934370812971,619.3759607512419,597.5461564796674,612.3125,19915500
2026-05-07,614.150739078972,624.4012480600104,612.9718390781961,616.2388305664062,12307400
2026-05-08,614.6303402495529,616.1988937552933,605.4987892063378,609.0654907226562,13557000
2026-05-11,604.010215830275,604.3498668649182,597.5262348938886,598.3054809570312,15940600
2026-05-12,594.2692320029287,603.1909559259367,592.0512559095129,602.441650390625,11351600
2026-05-13,598.275515544453,619.3260125714435,596.1074810052941,616.0590209960938,14634400
2026-05-14,615.429618202359,623.152441138389,614.4305441468357,617.8573608398438,10651200
2026-05-15,613.421486859321,620.6248329546977,608.7458274653094,613.6612548828125,13272600
2026-05-18,608.5459509764945,615.0199919776213,603.1309869574205,610.64404296875,13772400
2026-05-19,608.3561568042173,613.361527578881,599.9939118379299,602.052001953125,11749900
2026-05-20,600.2037495434126,607.4370360716302,597.2564688338498,604.499755859375,11329700
2026-05-21,599.4443949814065,609.0354809096541,594.2591985256718,606.8175659179688,13476100
2026-05-22,607.3171451453314,614.2407210713809,606.3880135859368,609.6949462890625,11688600
2026-05-26,608.3261927003538,613.9009818092591,604.7394901495815,611.7730102539062,12234200
2026-05-27,608.8357727220844,637.908804248614,608.4361186960156,634.6718139648438,23143600
2026-05-28,638.9078448274123,642.4046039468743,628.7272779804616,634.7017211914062,16772400
2026-05-29,632.9133899267435,633.9124639439917,622.7727642602187,631.92431640625,19806500
2026-06-01,629.8162791560948,635.1613007084701,598.974869401479,599.9139404296875,29138800
2026-06-02,602.68138962268,608.3161816139932,596.1274666259658,597.0765991210938,18252000
2026-06-03,602.4416570391962,623.5720977596394,599.7142043737263,622.4031372070312,23020100
2026-06-04,623.0924785224576,641.8051764288737,621.8536364911718,626.9888916015625,21469200
2026-06-05,622.8827460758752,628.567480013855,582.3702434655938,592.450927734375,30091600
2026-06-08,591.4518261333767,591.4518261333767,578.6836307521693,584.8479614257812,19512400
2026-06-09,590.4527436689563,597.0766092757164,580.4720040020986,584.0487060546875,16977400
2026-06-10,580.192266144374,590.7724873942649,570.0716409197756,570.4512939453125,17064000
2026-06-11,565.3060574843756,571.6401524850257,556.4942175026772,567.9036254882812,17628000
2026-06-12,572.4194595335534,575.5365655300229,560.3806300495169,566.4549560546875,14326400
2026-06-15,579.9000244140625,601.27001953125,579.2999877929688,593.47998046875,17653300
2026-06-16,593.6500244140625,605.8099975585938,592.0,600.2100219726562,11344400
2026-06-17,592.0,593.8099975585938,566.1900024414062,567.5800170898438,20478300
2026-06-18,572.8200073242188,580.219970703125,563.0999755859375,577.219970703125,28824600
2026-06-22,572.02001953125,575.8099975585938,559.8099975585938,563.8499755859375,15405500
2026-06-23,562.25,572.2000122070312,561.02001953125,562.2000122070312,13103300
2026-06-24,561.8900146484375,569.0399780273438,555.5499877929688,557.6699829101562,13963600
2026-06-25,555.5499877929688,556.3400268554688,540.1799926757812,542.8699951171875,16968600
2026-06-26,543.3400268554688,556.8499755859375,540.4000244140625,550.25,18867700
2026-06-29,560.0,570.9000244140625,558.0,562.5999755859375,15011400
2026-06-30,560.9400024414062,565.5399780273438,551.4299926757812,563.2899780273438,18111100
2026-07-01,607.9099731445312,628.280029296875,595.0999755859375,612.9099731445312,45536300
2026-07-02,607.9000244140625,610.0,580.4199829101562,582.9000244140625,21705900
2026-07-06,594.8400268554688,603.5800170898438,581.760009765625,600.2899780273438,17674100
2026-07-07,607.5900268554688,625.3699951171875,603.6599731445312,615.5800170898438,18560800
2026-07-08,614.3900146484375,616.0,598.010009765625,603.1199951171875,13606500
2026-07-09,583.989990234375,633.27001953125,577.0700073242188,631.47998046875,26579700
2026-07-10,660.3400268554688,677.8599853515625,658.010009765625,669.2100219726562,40608900
2026-07-13,661.3800048828125,676.6199951171875,654.2000122070312,656.72998046875,19840700
2026-07-14,652.0,666.5,649.0499877929688,661.0399780273438,16748200
2026-07-15,663.5999755859375,686.0800170898438,656.6599731445312,681.3099975585938,19003400
2026-07-16,677.280029296875,681.9000244140625,660.1599731445312,664.5399780273438,15816000
2026-07-17,647.7000122070312,652.2000122070312,626.0,646.010009765625,22267900
2026-07-20,646.7000122070312,653.2999877929688,636.010009765625,645.8499755859375,10225200
2026-07-21,654.1799926757812,655.8800048828125,643.2000122070312,643.8099975585938,9140500
2026-07-22,647.7000122070312,649.0,624.0,627.1699829101562,11019600
2026-07-23,608.4099731445312,614.6500244140625,597.219970703125,606.0999755859375,15494800
2026-07-24,605.2999877929688,609.97998046875,594.4500122070312,595.1900024414062,11503500
2026-07-27,607.219970703125,611.260009765625,593.1300048828125,593.8699951171875,11195300
2026-07-28,596.8200073242188,601.0,587.0,593.4099731445312,12009300
2026-07-29,593.25,599.969970703125,582.219970703125,585.6099853515625,22371100
2026-07-30,526.0,539.8800048828125,524.489990234375,539.030029296875,42271500
2026-07-31,543.5999755859375,558.3300170898438,540.219970703125,556.7100219726562,24261500
2026-08-03,562.239990234375,597.52001953125,559.3599853515625,590.239990234375,25938100
2026-08-04,581.5,592.7899780273438,578.25,587.9400024414062,17959200
2026-08-05,600.4600219726562,601.0,580.1199951171875,588.77001953125,14897200
2026-08-06,586.9500122070312,595.3099975585938,586.0,589.9000244140625,11811500
2026-08-07,585.6400146484375,598.739990234375,585.6199951171875,592.0999755859375,11250300
2026-08-10,599.1300048828125,608.2100219726562,592.030029296875,594.9199829101562,14967300
2026-08-11,598.0,612.4299926757812,593.4000244140625,599.1199951171875,13146900
2026-08-12,601.0700073242188,604.5,578.2100219726562,578.8499755859375,16186900
2026-08-13,580.7100219726562,595.8499755859375,579.3900146484375,594.969970703125,11164200
2026-08-14,596.97998046875,601.8599853515625,589.2899780273438,589.8499755859375,8758000
2026-08-17,589.75,590.239990234375,564.75,568.969970703125,17225600
2026-08-18,557.47998046875,560.6599731445312,543.2100219726562,543.6699829101562,27094900
2026-08-19,541.3400268554688,554.0700073242188,537.27001953125,546.030029296875,16971700
2026-08-20,546.9500122070312,549.989990234375,539.3099975585938,545.8300170898438,13872200
2026-08-21,546.8900146484375,553.8699951171875,543.22998046875,549.9000244140625,13663800
