date,open,high,low,close,volume
1999-01-22,0.04006263153097997,0.04471264318193004,0.0355316644629031,0.037559062242507935,2714688000
1999-01-25,0.04053973634867605,0.041970086714292754,0.037559076756382904,0.041493915021419525,510480000
1999-01-26,0.04197008151670522,0.04280521545715008,0.03767811330787525,0.03827424719929695,343200000
1999-01-27,0.0383932838861766,0.03934746232852082,0.03624684462385385,0.038155198097229004,244368000
1999-01-28,0.038155206332895604,0.03839329217323318,0.03779716163457125,0.03803524747490883,227520000
1999-01-29,0.03803523041039156,0.03815518921455878,0.03624683618545532,0.03624683618545532,244032000
1999-02-01,0.036246862862416296,0.03720103837356573,0.036246862862416296,0.036962952464818954,154704000
1999-02-02,0.03624685903878525,0.037201034449280045,0.03302810968589432,0.03410132974386215,264096000
1999-02-03,0.03362422069616101,0.03529357025691697,0.03338521733271533,0.03481648117303848,75120000
1999-02-04,0.03529357351156186,0.03767810150783394,0.034816484383687944,0.03672392666339874,181920000
1999-02-05,0.03732006745921977,0.03815520137313599,0.03636680657830796,0.03779715672135353,136848000
1999-02-08,0.03803523792625353,0.03815519675412493,0.03648584336042404,0.03648584336042404,154080000
1999-02-09,0.03720101462392871,0.03743910379199112,0.0345774864952321,0.03505457565188408,86976000
1999-02-10,0.03505457356637538,0.03600874841159958,0.03410130954162415,0.03469744324684143,148224000
1999-02-11,0.03481650380041219,0.03910847305865946,0.03481650380041219,0.03767812252044678,132240000
1999-02-12,0.038155210035137554,0.040062649873344174,0.038155210035137554,0.03982456400990486,109728000
1999-02-16,0.0405397328831775,0.042209086596026284,0.03600876104021938,0.040062643587589264,211008000
1999-02-17,0.0391084665631556,0.03958555587785674,0.03720102694780789,0.03791620209813118,67728000
1999-02-18,0.03910846094346593,0.03958555018961173,0.03743911081493157,0.03851233050227165,70704000
1999-02-19,0.038155210035137554,0.04053973924378684,0.03767812066469489,0.03982456400990486,75360000
1999-02-22,0.0405397328831775,0.04101682217876573,0.037916200579152244,0.040062643587589264,205248000
1999-02-23,0.041016817072984324,0.04280521177059851,0.03863228853528979,0.04197007790207863,138096000
1999-02-24,0.048170413226319424,0.05007876717737655,0.04423557492646905,0.04530879482626915,612768000
1999-02-25,0.0472171558168111,0.04864750981964489,0.043162358050320204,0.043878450989723206,149136000
1999-02-26,0.0443555314931403,0.045785881797389856,0.04149391324118207,0.041851043701171875,172608000
1999-03-01,0.04292425939550996,0.04387843793506567,0.04006264142021323,0.0420900397002697,92160000
1999-03-02,0.041970084156320094,0.04220908763168855,0.04101682318517403,0.041731998324394226,55248000
1999-03-03,0.04197007525282824,0.04197007525282824,0.038632286096728544,0.038870371878147125,61392000
1999-03-04,0.04077782115050898,0.041016824634321554,0.037678117008745446,0.03803524747490883,57360000
1999-03-05,0.03839328703959292,0.04030072643767116,0.03839328703959292,0.040181685239076614,78768000
1999-03-08,0.03910846728333126,0.04197008558077745,0.03839329211983815,0.040777821093797684,75888000
1999-03-09,0.04065877530224977,0.04268617358230624,0.04065877530224977,0.0420900397002697,143184000
1999-03-10,0.04268618419719821,0.04268618419719821,0.040777826643530204,0.04137396067380905,235344000
1999-03-11,0.04065878394004277,0.041373959174960416,0.03958556056022644,0.03958556056022644,54288000
1999-03-12,0.03982455029031728,0.03982455029031728,0.03815519689064347,0.038870371878147125,90768000
1999-03-15,0.039824562582573234,0.04101682714416653,0.03958555908413588,0.04053973779082298,108816000
1999-03-16,0.04077782318737799,0.04125491253535896,0.03887038343897496,0.03922842815518379,79152000
1999-03-17,0.03958556013369128,0.040300735360902895,0.038512340176753285,0.03946651890873909,51360000
1999-03-18,0.03958556123567445,0.04053973999422269,0.03863230012070723,0.03994360938668251,46320000
1999-03-19,0.03982455776150518,0.04125490800484982,0.03982455776150518,0.040062643587589264,105312000
1999-03-22,0.04089685565560539,0.041016814483906004,0.038870371878147125,0.038870371878147125,36672000
1999-03-23,0.039108457519636416,0.039108457519636416,0.03577066837547927,0.03648584336042404,163968000
1999-03-24,0.03624683618545532,0.03648583615072646,0.03481648308689415,0.03624683618545532,60864000
1999-03-25,0.03612779295867441,0.03815519063570785,0.03600874838182398,0.03672392666339874,40320000
1999-03-26,0.037201031982884866,0.04006265061494857,0.037201031982884866,0.03994360938668251,88272000
1999-03-29,0.04113585874438286,0.042090033737448636,0.040420680351405704,0.04113585874438286,65952000
1999-03-30,0.041254916509587715,0.04161296126028824,0.03743912241298637,0.03767812252044678,69504000
1999-03-31,0.038870376736769324,0.04077781615628305,0.03708198192850152,0.040300726890563965,153600000
1999-04-01,0.04030072313801233,0.040539726570298674,0.03839328389610743,0.039108458906412125,30432000
1999-04-05,0.03863229489191129,0.03958555587785674,0.037678116262509026,0.03791620209813118,98640000
1999-04-06,0.038274261956061074,0.038393303204776956,0.036246862862416296,0.036962952464818954,69696000
1999-04-07,0.03720102545747993,0.04030072941367335,0.03696293963139584,0.040062643587589264,89280000
1999-04-08,0.04030073177031103,0.04197008558077745,0.039824560090298104,0.040777821093797684,130128000
1999-04-09,0.04101682217876573,0.04101682217876573,0.03982455776150518,0.040062643587589264,48624000
1999-04-12,0.039585557077222326,0.039585557077222326,0.03767811740408289,0.0383932925760746,33312000
1999-04-13,0.03910847153598562,0.03910847153598562,0.03624685633868149,0.036842986941337585,36144000
1999-04-14,0.036723941437550624,0.03755907545242494,0.03577067703008652,0.03577067703008652,48288000
1999-04-15,0.03672392666339874,0.03672392666339874,0.03577066263943577,0.03672392666339874,35856000
1999-04-16,0.0364858517974846,0.038512336036300374,0.0364858517974846,0.03791620209813118,38928000
1999-04-19,0.03839327494807912,0.03839327494807912,0.03577066130710213,0.03624683618545532,31296000
1999-04-20,0.03624684487009602,0.03767810913202233,0.03517362182033044,0.0355316698551178,67680000
1999-04-21,0.03553167154220452,0.03624684659114012,0.03529358232902141,0.03612780198454857,37488000
1999-04-22,0.03624685395742468,0.03624685395742468,0.03422036959406266,0.03457750007510185,227184000
1999-04-23,0.034458456841890306,0.03457750147750299,0.03267006166756311,0.03290906175971031,126048000
1999-04-26,0.03290905145075039,0.03338522643272214,0.03052360879245617,0.031239701434969902,123504000
1999-04-27,0.03195488514824686,0.034816500157555635,0.03147779580422416,0.03457750007510185,226944000
1999-04-28,0.034816495186132314,0.034816495186132314,0.0332661861559615,0.034339409321546555,120096000
1999-04-29,0.034458450524019024,0.03457749513780518,0.033624234229388476,0.034339409321546555,48144000
1999-04-30,0.034697440018478236,0.03624683419297341,0.03445843665503256,0.03481648117303848,99312000
1999-05-03,0.03517361682460245,0.03517361682460245,0.03410131157042012,0.03505457565188408,33840000
1999-05-04,0.035054592408505586,0.035054592408505586,0.03243197725799955,0.03314715251326561,96048000
1999-05-05,0.033385229584639395,0.033862318843603134,0.03147779019213404,0.033862318843603134,144576000
1999-05-06,0.03362424399762629,0.03433941929755119,0.03219297575412771,0.033206675201654434,35616000
1999-05-07,0.03219296049120627,0.03362422805613028,0.03219296049120627,0.033385224640369415,25008000
1999-05-10,0.03314713886782227,0.034101313833125216,0.03314713886782227,0.033385224640369415,19680000
1999-05-11,0.03481650170759391,0.036246855571142614,0.034101326481476714,0.03517363220453262,171744000
1999-05-12,0.035531661341830986,0.036366794989622545,0.035054572231727,0.03624683618545532,168480000
1999-05-13,0.03624683618545532,0.037201010994350796,0.0361277916130389,0.03624683618545532,69936000
1999-05-14,0.03624684878176215,0.03624684878176215,0.033862320045647105,0.034339409321546555,28464000
1999-05-17,0.0338623277845512,0.036008767783641815,0.03374328314355855,0.036008767783641815,35760000
1999-05-18,0.03636681662547422,0.03815521191438742,0.035293593194352824,0.03767812252044678,151536000
1999-05-19,0.03934747583458485,0.04077782634579363,0.03541263716903007,0.036008767783641815,451728000
1999-05-20,0.036246857048479506,0.036246857048479506,0.03183584323235536,0.03314715251326561,178176000
1999-05-21,0.032670060861091026,0.032670060861091026,0.03147779630386627,0.03243197500705719,303504000
1999-05-24,0.03267005412871435,0.03338522918696624,0.03183583446232016,0.03231200948357582,162624000
1999-05-25,0.03243196430061174,0.03290905008339733,0.032192960881949964,0.032551005482673645,130080000
1999-05-26,0.03243197500705719,0.03410132550456318,0.03243197500705719,0.03243197500705719,104736000
1999-05-27,0.032670057129185956,0.032670057129185956,0.03219296783208847,0.03219296783208847,82320000
1999-05-28,0.03267005007604866,0.03267005007604866,0.032192960881949964,0.032551005482673645,88656000
1999-06-01,0.0324319576820214,0.0326700434088707,0.031954868585285234,0.0326700434088707,98544000
1999-06-02,0.03267004692389889,0.03267004692389889,0.031477782875299454,0.031477782875299454,130128000
1999-06-03,0.03231200948357582,0.03255100952057205,0.03195487907046246,0.03231200948357582,41568000
1999-06-04,0.032551005482673645,0.03267005007604866,0.03231200547532497,0.032551005482673645,78912000
1999-06-07,0.0327295822797123,0.03338523689084676,0.03267006166756311,0.03290906175971031,125136000
1999-06-08,0.03302810206264982,0.034339411112899364,0.03290905744265357,0.033743277192115784,153312000
1999-06-09,0.033862320045647105,0.035054584413704626,0.033862320045647105,0.034339409321546555,95184000
1999-06-10,0.03433940234416866,0.03457748811205095,0.03410131316497337,0.03445844352245331,36096000
1999-06-11,0.03445845232158175,0.034577496941577995,0.03255101276186249,0.033743277192115784,61008000
1999-06-14,0.03380280139632165,0.03386232541831578,0.032192971509495565,0.03243197500705719,51648000
1999-06-15,0.03243197500705719,0.032670060861091026,0.03195488565546173,0.03243197500705719,49296000
1999-06-16,0.03290904968396207,0.03433940301698542,0.03243196390696713,0.033385224640369415,64416000
1999-06-17,0.03314715021268649,0.03362423956428195,0.03243197500705719,0.03243197500705719,74928000
1999-06-18,0.032670051433471396,0.032670051433471396,0.031239701434969902,0.031239701434969902,158736000
1999-06-21,0.03219297230419053,0.03290906175971031,0.03132853502310153,0.03290906175971031,83472000
1999-06-22,0.03290905416571058,0.03290905416571058,0.0315968310140104,0.03231200948357582,193056000
1999-06-23,0.03195488644427946,0.03290906175971031,0.03159683830520526,0.03290906175971031,210912000
1999-06-24,0.03314714642628344,0.03314714642628344,0.03195488200525121,0.03219296783208847,115200000
1999-06-25,0.031954868585285234,0.03302808793652602,0.031954868585285234,0.0326700434088707,73536000
1999-06-28,0.033743283127595336,0.033743283127595336,0.03243197725799955,0.03314715251326561,109152000
1999-06-29,0.03362421982547956,0.03398134669122501,0.03314713075395504,0.03350517526268959,92688000
1999-06-30,0.03457748995422499,0.03648584336042404,0.033862314969280216,0.03648584336042404,269232000
1999-07-01,0.03648585403987847,0.03648585403987847,0.032670060342524294,0.03457750007510185,88992000
1999-07-02,0.035054567014220946,0.03708196431398392,0.0343393922770429,0.03708196431398392,224880000
1999-07-06,0.037439113823781046,0.037439113823781046,0.036723938718748725,0.03720102459192276,198096000
1999-07-07,0.03743910753724871,0.03743910753724871,0.03648584336042404,0.03648584336042404,63120000
1999-07-08,0.03672393213587477,0.037916192900364847,0.03553166796007156,0.03732006251811981,186048000
1999-07-09,0.03720101093417441,0.04077780278957356,0.03720101093417441,0.040480196475982666,211728000
1999-07-12,0.04292427605710467,0.04411654087265661,0.041254921786586636,0.04232814535498619,401040000
1999-07-13,0.04280522804966951,0.04304331734797674,0.040539743254278525,0.04244718328118324,138864000
1999-07-14,0.042447174904264105,0.04340135355123741,0.04053973525379122,0.040777821093797684,137952000
1999-07-15,0.04113586169683356,0.04244716715888424,0.04101681709289551,0.04101681709289551,137040000
1999-07-16,0.04173199907740395,0.042209088393306844,0.041016823925279174,0.041851043701171875,103872000
1999-07-19,0.04197008558077745,0.042090044438597395,0.04053973525379122,0.040777821093797684,43632000
1999-07-20,0.04077781870926159,0.04077781870926159,0.03863229334424463,0.040062643587589264,178752000
1999-07-21,0.03958554686565078,0.03958554686565078,0.0376781076845584,0.038870371878147125,112080000
1999-07-22,0.03863227257465262,0.03863227257465262,0.03672391982958753,0.03708196431398392,213264000
1999-07-23,0.036962919759286034,0.03815518353555835,0.036962919759286034,0.03708196431398392,80256000
1999-07-26,0.03803524431288422,0.03803524431288422,0.03720102459192276,0.03720102459192276,60528000
1999-07-27,0.03720101792352976,0.037439107112709855,0.03672393213587477,0.03732006251811981,98592000
1999-07-28,0.03720102694780789,0.03839329141283231,0.03708198573565379,0.03791620209813118,244224000
1999-07-29,0.037201024030586394,0.0383932884021161,0.036962938213634396,0.03827424719929695,388800000
1999-07-30,0.03827425136031379,0.03934747123438663,0.038155206733238904,0.0383932925760746,452304000
1999-08-02,0.03839328590080707,0.038870375147013726,0.03815520009936628,0.03875133395195007,313344000
1999-08-03,0.03875133524562106,0.03875133524562106,0.037439112069571075,0.03779715672135353,255216000
1999-08-04,0.03803524253074256,0.03815520137313599,0.03767811211100223,0.03779715672135353,89952000
1999-08-05,0.03779716203115777,0.0383932925760746,0.037201028074926874,0.0383932925760746,240576000
1999-08-06,0.03827425136031379,0.03851233720314948,0.038155206733238904,0.0383932925760746,183984000
1999-08-09,0.03851233720314948,0.038870381905230615,0.038155206733238904,0.0383932925760746,31056000
1999-08-10,0.03863228732839377,0.040777812359307844,0.03839328389610743,0.039108458906412125,212064000
1999-08-11,0.039824558738659505,0.04220908763168855,0.03934746943136518,0.041731998324394226,197712000
1999-08-12,0.041970086970881094,0.04483170536310779,0.04173200112298892,0.04375848546624184,239616000
1999-08-13,0.043401352306668084,0.044235572071899515,0.04292426299686236,0.04328230768442154,84672000
1999-08-16,0.043639429304784275,0.043639429304784275,0.04018168126870072,0.04161294549703598,223440000
1999-08-17,0.041731998324394226,0.04244717346361442,0.040658778499499594,0.041731998324394226,193536000
1999-08-18,0.04125490047875051,0.04316233966971073,0.04042068089056526,0.04268616810441017,279888000
1999-08-19,0.045666822907626005,0.054132630395073766,0.04411651423176895,0.05174718797206879,1966992000
1999-08-20,0.0518671589850097,0.05222428600608581,0.04936267138659471,0.05127102509140968,353088000
1999-08-23,0.050554950730276084,0.050554950730276084,0.046501067123352384,0.04817042127251625,507984000
1999-08-24,0.04745522270604761,0.04840939766765827,0.045070694416948505,0.04793231189250946,398064000
1999-08-25,0.04805135679081879,0.0485284460141972,0.04578587291788887,0.04769331216812134,350352000
1999-08-26,0.047693317201395954,0.04840940652236274,0.046262967023591076,0.046978142112493515,275376000
1999-08-27,0.04793231654749576,0.0515091059171942,0.04769331310944873,0.04960166662931442,552384000
1999-08-30,0.05043589250558434,0.05139007108933398,0.04733618857351741,0.04942219331860542,158640000
1999-08-31,0.04960167466395535,0.053893643167736725,0.04864749945511878,0.053655557334423065,786864000
1999-09-01,0.053655566377878515,0.053655566377878515,0.050316858288072294,0.051151078194379807,565344000
1999-09-02,0.04948170808878063,0.05079393119194386,0.04840940265707816,0.05055493116378784,341088000
1999-09-03,0.05150911046741696,0.05222428555813676,0.05055493532885068,0.05091297999024391,258864000
1999-09-07,0.0517471984563685,0.0517471984563685,0.05043588950853732,0.05067489296197891,124416000
1999-09-08,0.05079393119194386,0.05115106159184756,0.05055493116378784,0.05055493116378784,170064000
1999-09-09,0.05103201786581956,0.051390062479938665,0.048885575233683635,0.04983975365757942,209472000
1999-09-10,0.050674889999518226,0.051271020427577946,0.05031684195630977,0.05055493116378784,167424000
1999-09-13,0.05079392991004422,0.05079392991004422,0.048409401435357484,0.04888557642698288,174432000
1999-09-14,0.0488855789669637,0.0488855789669637,0.04721713965130672,0.04745522886514664,250368000
1999-09-15,0.04685908085658579,0.04840938932908534,0.04650103632326697,0.047813259065151215,212736000
1999-09-16,0.047217126621412316,0.04769330150637488,0.04602394841937172,0.04662008211016655,158112000
1999-09-17,0.04632249755792006,0.04674006632022556,0.044831708816088195,0.04650106281042099,171648000
1999-09-20,0.04566683837839595,0.04626297233379386,0.04483170434832573,0.04483170434832573,229104000
1999-09-21,0.04387844562069669,0.044116531475602884,0.039943607215683456,0.04053973779082298,737328000
1999-09-22,0.04053973634867605,0.04173200086785614,0.03815520731031589,0.041493915021419525,375984000
1999-09-23,0.04161295517298349,0.041731999798809295,0.037678117008745446,0.03803524747490883,379584000
1999-09-24,0.03815520792220129,0.03910846896673346,0.03195488514824686,0.03457750007510185,684912000
1999-09-27,0.036842967828936535,0.03743910153366087,0.03457748440951488,0.03672392666339874,432000000
1999-09-28,0.03678346017689808,0.0405397328831775,0.03672393957320552,0.040062643587589264,413184000
1999-09-29,0.04089687016658272,0.0424471795199695,0.03624685633868149,0.036842986941337585,594048000
1999-09-30,0.03815519063570785,0.03934745463384389,0.03624683753552483,0.03672392666339874,342528000
1999-10-01,0.036127798751985934,0.03743910753724871,0.03457748995422499,0.03648584336042404,347760000
1999-10-04,0.03767811387641054,0.03779715849233969,0.036723938718748725,0.03720102459192276,177600000
1999-10-05,0.037201027632858374,0.04101682457727787,0.037201027632858374,0.040777821093797684,478080000
1999-10-06,0.04089686753553903,0.047693324293556855,0.04053973705401345,0.04566683992743492,1508736000
1999-10-07,0.04757426608910561,0.04757426608910561,0.04244716467850723,0.04268616810441017,487296000
1999-10-08,0.04268617883534855,0.04614392770688532,0.041016825007377404,0.04483170434832573,398928000
1999-10-11,0.045189749299074926,0.045308793926639855,0.04244717558340848,0.04363944008946419,544464000
1999-10-12,0.04387843057130585,0.04435551976101772,0.042924252191882124,0.04304329678416252,322992000
1999-10-13,0.042566218853296645,0.042566218853296645,0.041016823925279174,0.041851043701171875,280368000
1999-10-14,0.04197007792245257,0.04197007792245257,0.040539727856463835,0.04101681709289551,192336000
1999-10-15,0.03898942606898505,0.04101682457727787,0.038870381443324796,0.040777821093797684,210720000
1999-10-18,0.04089686616665513,0.04089686616665513,0.03839329253965939,0.03863229602575302,215184000
1999-10-19,0.039824536350924936,0.039824536350924936,0.03636678957680587,0.03708196431398392,308928000
1999-10-20,0.03767811740408289,0.038870381905230615,0.03708198685916606,0.0383932925760746,348720000
1999-10-21,0.038274245840998374,0.040181685239076614,0.037201022710374974,0.040181685239076614,382128000
1999-10-22,0.040062635744610074,0.042328122928236324,0.040062635744610074,0.04113585874438286,286752000
1999-10-25,0.04089685695946908,0.04149390501288971,0.039108458906412125,0.039108458906412125,213840000
1999-10-26,0.040777808914518765,0.04435551895036216,0.040539723145622375,0.04292425140738487,481248000
1999-10-27,0.0431623421918786,0.04340134563174758,0.04030072441659486,0.04101681709289551,214128000
1999-10-28,0.04125490158060337,0.041970076590908054,0.03887037311740295,0.039108458906412125,222768000
1999-10-29,0.039585566842405336,0.0429242753266236,0.03934748094083732,0.04220909997820854,330528000
1999-11-01,0.04149391433586678,0.04650105817629688,0.04149391433586678,0.04483170434832573,782544000
1999-11-02,0.0456668283172079,0.047932315601451135,0.045308783694510454,0.04769331216812134,837504000
1999-11-03,0.04960167558897584,0.053655558335044325,0.04924363089453722,0.05234333500266075,2011680000
1999-11-04,0.052940374344212664,0.05711329760716962,0.052940374344212664,0.05568203330039978,1260336000
1999-11-05,0.0572323400955787,0.05770942590598532,0.05127101893227454,0.05389363318681717,616368000
1999-11-08,0.0522242840136758,0.05699425897862985,0.05055493383375844,0.05544394999742508,470016000
1999-11-09,0.05532490715410578,0.05556299297044741,0.05246328914109373,0.05460881441831589,272352000
1999-11-10,0.054788291053167654,0.05484781164766346,0.0530594170037613,0.05413263663649559,144048000
1999-11-11,0.05413264134630771,0.06080913469224682,0.05294037700953551,0.05794752016663551,562704000
1999-11-12,0.060452008139124616,0.06104813516139984,0.056994256497182094,0.06104813516139984,501504000
1999-11-15,0.06146478267852877,0.0633136189372369,0.058901692476488146,0.0598558709025383,362208000
1999-11-16,0.06128621647889388,0.0667713621569335,0.06104812729986776,0.06557910144329071,723792000
1999-11-17,0.06677139576561127,0.07154045466588983,0.06581721692809277,0.06808270514011383,786384000
1999-11-18,0.06951304901329941,0.07011009725594877,0.06772465380474095,0.06832078099250793,235968000
1999-11-19,0.0765485122384231,0.0846562789117151,0.07630950872238586,0.08179465681314468,2165184000
1999-11-22,0.08388153369563155,0.0839410542807432,0.07678655577853848,0.08167557418346405,540192000
1999-11-23,0.0733288367782403,0.07666754446172507,0.07249462038477161,0.07583332806825638,553248000
1999-11-24,0.07547525100383093,0.07630946703963085,0.06784457447582815,0.07344785332679749,406848000
1999-11-26,0.07273268329703675,0.07344786510460787,0.07058624411027098,0.07297168672084808,71760000
1999-11-29,0.07273271843980543,0.07368689730959872,0.0686788415313456,0.07034819573163986,298608000
1999-11-30,0.07058626687847686,0.07177853486368913,0.0660552978515625,0.0660552978515625,314688000
1999-12-01,0.06605527101495262,0.07034815585172581,0.06605527101495262,0.06939397752285004,223536000
1999-12-02,0.06963298218728302,0.07547526554968294,0.06963298218728302,0.07452108711004257,309888000
1999-12-03,0.07523625580265725,0.07654847875217413,0.0717785080089606,0.07273267954587936,342768000
1999-12-06,0.07297169273662177,0.07511721786833281,0.07297169273662177,0.07476009428501129,178608000
1999-12-07,0.07535622184204917,0.0754752698599542,0.06939398954134146,0.07225560396909714,186384000
1999-12-08,0.07201749882558604,0.07619042805550656,0.07177850225588288,0.07547525316476822,201696000
1999-12-09,0.07535624738305334,0.07726369078580675,0.07058627435031442,0.07320980727672577,214944000
1999-12-10,0.07452109567133437,0.0748791403324951,0.07106334719014715,0.07237464934587479,98304000
1999-12-13,0.07154040260618988,0.07404397147260909,0.07058622446302346,0.0721365362405777,183840000
1999-12-14,0.07225557286932391,0.07404396683792065,0.07022908979002081,0.07094426453113556,273888000
1999-12-15,0.07046721348952255,0.07082525815163583,0.06700946499913614,0.06867881864309311,205968000
1999-12-16,0.0690368730833426,0.070110092989621,0.0679636531770642,0.06820173561573029,132576000
1999-12-17,0.07011006701060646,0.07285172554917417,0.06975202243045303,0.07177850604057312,262080000
1999-12-20,0.0718984673847165,0.07914179055100574,0.06939398358055163,0.07774074375629425,402432000
1999-12-21,0.07774076775177226,0.08119851680344195,0.07487915268655634,0.08107947558164597,388368000
1999-12-22,0.08131755250920636,0.08394107791012309,0.07821784864810133,0.08298690617084503,251184000
1999-12-23,0.08310596173191671,0.08871015075838162,0.08274883123639155,0.08847206830978394,280224000
1999-12-27,0.09037947139909112,0.09049851940214348,0.08417915065876488,0.08513332903385162,202416000
1999-12-28,0.08513337009301383,0.08823307484219085,0.08465628408668865,0.08489436656236649,179184000
1999-12-29,0.084715772771469,0.08871012740868,0.0846562521749862,0.0877559557557106,132144000
1999-12-30,0.08775597885426137,0.08906820230877154,0.08632562158505987,0.08847206830978394,139776000
1999-12-31,0.08829256751302718,0.08966431130150161,0.08799495769000575,0.08954435586929321,127344000
2000-01-03,0.09014142499527303,0.09085660024026235,0.08417918423748659,0.0893062874674797,300912000
2000-01-04,0.08775594464183842,0.08799494122949733,0.0825097955657633,0.08692172169685364,300480000
2000-01-05,0.08441813978580917,0.0858484894631308,0.08286782789384038,0.08406009525060654,188352000
2000-01-06,0.08406015646403243,0.08406015646403243,0.07535625456107538,0.0785750076174736,120480000
2000-01-07,0.0782178647676961,0.08072143524875175,0.07702559672998689,0.07988721877336502,71184000
2000-01-10,0.0801252941027952,0.08584853085784377,0.07869494373578277,0.08250982314348221,239856000
2000-01-11,0.08203274311500318,0.08298692185727029,0.07917112112045288,0.07917112112045288,148128000
2000-01-12,0.07917110691771549,0.07929106917730971,0.07607140302676045,0.07714462280273438,123552000
2000-01-13,0.0770255775310408,0.08107945977905226,0.07607139901032553,0.08036337047815323,132192000
2000-01-14,0.08155652975133293,0.08715980177611722,0.08131752636599908,0.08382109552621841,604560000
2000-01-18,0.08489433623334977,0.0877559574845174,0.0810794575424289,0.08739882707595825,261648000
2000-01-19,0.08775595922818091,0.08775595922818091,0.08584851643350713,0.08656369149684906,164688000
2000-01-20,0.08727981690434203,0.09204887615761867,0.08561046263695023,0.08632563799619675,179568000
2000-01-21,0.08608658724727299,0.08644463181841443,0.08322496655102446,0.08537141233682632,544272000
2000-01-24,0.08811398706029436,0.08811398706029436,0.0810794436803249,0.081556536257267,256944000
2000-01-25,0.08191369583584435,0.082748833359724,0.07821786416804227,0.08084047585725784,237120000
2000-01-26,0.08084045099065847,0.08298689711021143,0.07607139398860754,0.07750174403190613,232464000
2000-01-27,0.07809786133117859,0.07809786133117859,0.07058623279133887,0.07344785332679749,458208000
2000-01-28,0.07249460713738466,0.07297169297131484,0.0684407250177986,0.07130233943462372,194448000
2000-01-31,0.07165947599881986,0.07320978847389298,0.06677137721821316,0.07070621848106384,182400000
2000-02-01,0.07082525796320827,0.07297169746604049,0.06820172577443219,0.07237464934587479,92976000
2000-02-02,0.07273269550983762,0.07583332044862262,0.07237465084127898,0.07440204918384552,149040000
2000-02-03,0.07678657436505003,0.07833688676180263,0.07511722076925971,0.07559431344270706,108240000
2000-02-04,0.07797884746974888,0.07797884746974888,0.07583332210771189,0.07738271355628967,123696000
2000-02-07,0.07774072699731942,0.07774072699731942,0.07249458555913074,0.07261362671852112,217488000
2000-02-08,0.07440203564915825,0.07869492078521859,0.07249459991290666,0.07607138901948929,468816000
2000-02-09,0.07893302802461595,0.08024433709139883,0.07785980820082745,0.07797884941101074,589056000
2000-02-10,0.08274881568758874,0.09538754863485625,0.08274881568758874,0.09395628422498703,970080000
2000-02-11,0.09860627780595002,0.0987262400432956,0.08847203746903153,0.0953875333070755,423792000
2000-02-14,0.09562563205894027,0.11064889281988144,0.09467145356938297,0.11064889281988144,650112000
2000-02-15,0.11088790900531009,0.11100695021369565,0.1018259652432362,0.10635693371295929,450480000
2000-02-16,0.10754919772711281,0.11494178749942857,0.10635692993091542,0.11124502867460251,1019568000
2000-02-17,0.11112599860986416,0.11589597085962841,0.10945664477500983,0.1151798814535141,535776000
2000-02-18,0.11351050767206192,0.13020403626451216,0.11267629142862774,0.1285346895456314,960864000
2000-02-22,0.12448080069152102,0.12614923308828246,0.12018790852448423,0.12495696544647217,542496000
2000-02-23,0.12352661637150314,0.12698436448937628,0.12197631091966495,0.1256730556488037,511392000
2000-02-24,0.12638825659310726,0.1272224728789445,0.11923374940548051,0.12448081374168396,244320000
2000-02-25,0.12459986635605799,0.12459986635605799,0.11160308763565444,0.11673018336296082,278736000
2000-02-28,0.11613406155553808,0.11732632955608804,0.11398762847143593,0.11589597910642624,517872000
2000-02-29,0.11517983647840045,0.12352659557082389,0.11517983647840045,0.12209533154964447,306048000
2000-03-01,0.12209538108344355,0.12209538108344355,0.11661114780843884,0.11851859092712402,383568000
2000-03-02,0.11947271820003645,0.11947271820003645,0.1101727015709271,0.110529825091362,191040000
2000-03-03,0.11064889400376117,0.1135105084484149,0.10969562973601335,0.1123182475566864,273696000
2000-03-06,0.1130343607688143,0.12161921956526003,0.11064891742576444,0.11160309612751007,432096000
2000-03-07,0.1430808919740476,0.1664509192749368,0.1368805689809927,0.15893928706645966,1952208000
2000-03-08,0.15884953411543326,0.16168183882580794,0.14737375158657506,0.16025057435035706,668736000
2000-03-09,0.16215804004165751,0.20603647968142008,0.16168186150008237,0.19134104251861572,952944000
2000-03-10,0.20126734411623234,0.27662263422125055,0.19983607998924435,0.22511354088783264,2161200000
2000-03-13,0.20412903822407885,0.28616176825502226,0.20222068088520662,0.2847314178943634,2415168000
2000-03-14,0.28318110318318507,0.28318110318318507,0.20603647113719428,0.21009035408496857,1567776000
2000-03-15,0.2251439120308671,0.23095690233573923,0.19459007150882135,0.20150557160377502,995616000
2000-03-16,0.2079438654840563,0.2150983720702807,0.17670507717804193,0.179655522108078,750384000
2000-03-17,0.17551283533035025,0.20412900790560567,0.17548261109183336,0.19053609669208527,557616000
2000-03-20,0.19804773852654614,0.20436710181402687,0.18433578534133213,0.1904170662164688,365280000
2000-03-21,0.1907742167156338,0.19244356382405936,0.1659738391280497,0.1809971034526825,536640000
2000-03-22,0.18242834091260732,0.18791257360240382,0.1793277159587361,0.18230929970741272,230592000
2000-03-23,0.18063991207745472,0.19554413071867188,0.1802818742835451,0.1855280101299286,309408000
2000-03-24,0.18433580849543427,0.19268257120041526,0.1716970666876871,0.17777834832668304,231600000
2000-03-27,0.17742027532337662,0.18314351837444845,0.16454346627633992,0.1660928577184677,388944000
2000-03-28,0.1603696114551436,0.16215801315225403,0.150711540924642,0.15369312465190887,393312000
2000-03-29,0.1542892335429704,0.15786603667377547,0.1373576293250522,0.14355795085430145,469440000
2000-03-30,0.13926506677820774,0.1559586032496322,0.13449600929687727,0.14272281527519226,361920000
2000-03-31,0.15247060853710956,0.16764313356185406,0.14975825976392695,0.16117450594902039,962976000
2000-04-03,0.1597139483532366,0.16025056162120652,0.1443921699588141,0.14856600761413574,329952000
2000-04-04,0.1564347910174817,0.15905830972915425,0.10874146384638905,0.14308087527751923,513792000
2000-04-05,0.14451212566448068,0.1860051196899851,0.1371195362645235,0.17491669952869415,639600000
2000-04-06,0.18302442133426666,0.1923244377236289,0.17432052502877426,0.18302442133426666,404592000
2000-04-07,0.1922054942161734,0.20031326091224214,0.18409772752010461,0.1956632435321808,318576000
2000-04-10,0.19900190412102642,0.2105674173727336,0.17467769560605098,0.17837445437908173,395280000
2000-04-11,0.1659435779326357,0.18123605977465987,0.15261988792771475,0.16776219010353088,457584000
2000-04-12,0.16800124244156342,0.17169707407499507,0.1497583109718809,0.15035444498062134,313440000
2000-04-13,0.1515466735124812,0.15691186503106402,0.14141152379556854,0.1439150869846344,313296000
2000-04-14,0.13473414791915214,0.145108310920075,0.12495701958451151,0.13124708831310272,421920000
2000-04-17,0.12018791002710506,0.14308085176810287,0.12018791002710506,0.1379537433385849,294096000
2000-04-18,0.1518442902912001,0.1712199522313535,0.1473737499231854,0.16239701211452484,477504000
2000-04-19,0.1675241022245828,0.16978958274656947,0.15261988292972575,0.1546463668346405,278352000
2000-04-20,0.15882022435234114,0.16180089392838132,0.15166573042824774,0.15381217002868652,153936000
2000-04-24,0.1449883319626576,0.15142765149216947,0.1385499130200999,0.14618059992790222,205968000
2000-04-25,0.15273893854466572,0.16692798414684093,0.15238090070124619,0.16215801239013672,249696000
2000-04-26,0.17348545898534923,0.1774202869153193,0.1602505839308136,0.16048868000507355,254112000
2000-04-27,0.1497582731400674,0.17527382020465002,0.14892314265755308,0.17360447347164154,280992000
2000-04-28,0.1763470665126383,0.1831435226939837,0.1700277030467987,0.1700277030467987,179040000
2000-05-01,0.17646610783883998,0.18028190804277533,0.1713389985744304,0.17551285028457642,119424000
2000-05-02,0.1755128263171563,0.18576702980044157,0.16382734488185768,0.16871637105941772,234000000
2000-05-03,0.1676431591807013,0.17312830603525636,0.1526198972806588,0.16597381234169006,329184000
2000-05-04,0.16561574030776743,0.17503572721300725,0.16418539028574253,0.168001189827919,241200000
2000-05-05,0.16728510970076693,0.17980480860865616,0.16501962893855415,0.17575092613697052,170592000
2000-05-08,0.17122001136213763,0.1774203355779287,0.16907357104796847,0.16931258141994476,185136000
2000-05-09,0.17217414380224322,0.1736044940806836,0.16215802127939014,0.1669279932975769,176832000
2000-05-10,0.1652586075927029,0.16537764877507893,0.14904216657799457,0.1504734307527542,274080000
2000-05-11,0.15261991446419698,0.15965445351397337,0.150592515908387,0.15691187977790833,245904000
2000-05-12,0.16120472668819286,0.16978956908314236,0.15214277803897858,0.15214277803897858,187824000
2000-05-15,0.151427655235101,0.16525866534001207,0.14403506423189,0.16263513267040253,282096000
2000-05-16,0.1697896106481225,0.1844548357358464,0.16788125339015472,0.17932772636413574,366432000
2000-05-17,0.18886673284284422,0.2186751726268509,0.18874769164553493,0.2108054906129837,1290624000
2000-05-18,0.21199776476107962,0.21545551320621234,0.19518610157113062,0.19649741053581238,509904000
2000-05-19,0.19077418093269957,0.2012673816748534,0.18934383077067676,0.194828063249588,521184000
2000-05-22,0.19268251292896343,0.2074676901102066,0.1756318553668665,0.2074676901102066,517152000
2000-05-23,0.20222068312188474,0.2249945754298765,0.1988828896176169,0.20579838752746582,778560000
2000-05-24,0.2055593499868499,0.20889805705947184,0.17598990745372003,0.20317481458187103,739632000
2000-05-25,0.20615549446080195,0.21843709687643856,0.19780963375858715,0.20031321048736572,569184000
2000-05-26,0.2013269066810608,0.206870659505865,0.18886672942337013,0.2013269066810608,183456000
2000-05-30,0.2067515910223468,0.21485935474902515,0.20579833364675187,0.20961321890354156,303648000
2000-05-31,0.20889811805869662,0.2212987646573341,0.20889811805869662,0.21772105991840363,469536000
2000-06-01,0.22416030505056855,0.226186788908892,0.2181980662014588,0.22380225360393524,418992000
2000-06-02,0.22845222288983627,0.2537296947105702,0.22845222288983627,0.25098803639411926,592176000
2000-06-05,0.2506300457521464,0.268991999894297,0.24061393821083407,0.2563825845718384,491904000
2000-06-06,0.2573075256636866,0.2668456424019488,0.24228333321989642,0.24359557032585144,375888000
2000-06-07,0.24180716708943312,0.24383365153423242,0.22916751071718472,0.2327452152967453,332352000
2000-06-08,0.2387064699535805,0.23894545290363767,0.22511354712363366,0.23453353345394135,460704000
2000-06-09,0.2389454918783241,0.2518223276093551,0.2353677879941275,0.24121005833148956,467280000
2000-06-12,0.24228337705910136,0.2443107897585589,0.22940656372032828,0.2347717434167862,380016000
2000-06-13,0.2282142045360813,0.24228328048632694,0.2270219367919843,0.2421642392873764,447840000
2000-06-14,0.24669528012512118,0.24800656205543842,0.23873676571102354,0.24192620813846588,275088000
2000-06-15,0.24121004197530851,0.248245507478714,0.22821419321490333,0.248245507478714,338592000
2000-06-16,0.24735089388755563,0.2861617378713099,0.24729134599479102,0.28568464517593384,987840000
2000-06-19,0.2849693487898135,0.32670132390979084,0.2778148444492874,0.30356940627098083,1052160000
2000-06-20,0.30881662593610754,0.31239340234588436,0.2957008057386549,0.29951566457748413,610272000
2000-06-21,0.29486562561685825,0.3357634006558046,0.29486562561685825,0.3299202024936676,614880000
2000-06-22,0.3284898734459969,0.3352863295225277,0.3088166082173086,0.3119162917137146,614352000
2000-06-23,0.3035695159964063,0.30738530214680265,0.2823459333651285,0.2824658751487732,607392000
2000-06-26,0.28806921236796956,0.3183547499716562,0.2835382503715062,0.3165663480758667,618288000
2000-06-27,0.3138236627699634,0.31907072618958254,0.2635068224756884,0.27185359597206116,604608000
2000-06-28,0.2775767960184573,0.28806909333192016,0.25372970066920925,0.2613612711429596,586608000
2000-06-29,0.25683036955298943,0.25683036955298943,0.21939034436249935,0.2236832231283188,1184880000
2000-06-30,0.2341755817539868,0.24657622864809908,0.22272912047413387,0.24252235889434814,1209192000
2000-07-03,0.24419168507788133,0.2518223579843574,0.2308368544673955,0.23322229087352753,232680000
2000-07-05,0.23226806976405745,0.23274516243019852,0.201267375922281,0.20818288624286652,777936000
2000-07-06,0.20842097540181584,0.2284522910173767,0.20341292135122482,0.22082161903381348,603936000
2000-07-07,0.22892940313120566,0.2327451897402841,0.21748293024559423,0.2220139056444168,346560000
2000-07-10,0.21819810711086832,0.2389455139669915,0.21605258166048283,0.23346036672592163,351264000
2000-07-11,0.23036061442339026,0.2642229168825467,0.22773706915203218,0.25229936838150024,755304000
2000-07-12,0.26279175260213367,0.2725688799275982,0.25444590364554354,0.25945305824279785,388152000
2000-07-13,0.2649380193008901,0.28520740760677177,0.26446092684785766,0.28377705812454224,458736000
2000-07-14,0.2895003171528999,0.29498456128885797,0.2747151706979498,0.28163066506385803,280200000
2000-07-17,0.2859235421801848,0.2861616244948757,0.27757677030192957,0.27853095531463623,105552000
2000-07-18,0.26326871538194613,0.2861616530870071,0.26326871538194613,0.2730458378791809,183672000
2000-07-19,0.2632687641113258,0.2651762068034072,0.25015294647584496,0.25563809275627136,189504000
2000-07-20,0.2553991534831767,0.26899206753905724,0.25468397825952194,0.2625536620616913,142992000
2000-07-21,0.26326875156037555,0.270899422551649,0.25945296577139576,0.26589229702949524,251928000
2000-07-24,0.2661304416260999,0.26803788467323636,0.23274519413751157,0.24323749542236328,281112000
2000-07-25,0.24705323863831863,0.24896068134986993,0.23369841060673757,0.23417550325393677,335304000
2000-07-26,0.23417554330250356,0.23417554330250356,0.2103293532763667,0.21676775813102722,380064000
2000-07-27,0.2098522647102231,0.21271387961707414,0.1984057914375627,0.20126740634441376,331560000
2000-07-28,0.2022206327837167,0.2210596786959284,0.19077416204719508,0.20603641867637634,512664000
2000-07-31,0.2174828993805722,0.22940646329612235,0.206036428119436,0.22892937064170837,371232000
2000-08-01,0.22892942489283016,0.23083686808524773,0.222729101961138,0.2243984490633011,350616000
2000-08-02,0.22129869909337074,0.23262521492821264,0.21772099541440326,0.22892937064170837,345432000
2000-08-03,0.2060363690398514,0.2441915715953031,0.2060363690398514,0.23894540965557098,368664000
2000-08-04,0.24466877361577216,0.24800653968839684,0.23942170874119362,0.24323749542236328,194784000
2000-08-07,0.2449067910378758,0.26446101081085827,0.24395260582886927,0.2623145580291748,246936000
2000-08-08,0.25659143924713135,0.27089952951730156,0.25563818150875656,0.25659143924713135,128112000
2000-08-09,0.2599300033320202,0.26159933591786316,0.24538383942145564,0.24896061420440674,136248000
2000-08-10,0.24323740785528514,0.2575454906703019,0.2384683653061385,0.25182226300239563,156432000
2000-08-11,0.25229936434047184,0.25420680676728546,0.23417546829687455,0.24586093425750732,131928000
2000-08-14,0.24896068251423487,0.2513452178841376,0.2403758257467425,0.248245507478714,108576000
2000-08-15,0.2494377634580429,0.27662265526532104,0.24872258845608378,0.2716750502586365,443328000
2000-08-16,0.2863997068095666,0.2863997068095666,0.270184183436381,0.27853095531463623,266232000
2000-08-17,0.27471513972852163,0.28520740760677177,0.2737609548224567,0.28377705812454224,129816000
2000-08-18,0.28258480702630545,0.2971309970590705,0.2821077418365957,0.2937922775745392,204720000
2000-08-21,0.304523593618385,0.30976975579094895,0.2976080987890925,0.29832327365875244,464472000
2000-08-22,0.28282309400885597,0.2890234170961386,0.2675617196221029,0.27018433809280396,658872000
2000-08-23,0.2658923987334438,0.2863998843306541,0.26040725061644227,0.28592371940612793,352800000
2000-08-24,0.2842542451589063,0.2964159040214416,0.27900810947420834,0.29355427622795105,332616000
2000-08-25,0.2904546298358497,0.29665405151850166,0.28473140028285115,0.28616175055503845,153048000
2000-08-28,0.2875930162139297,0.3014240104244544,0.28425429522065887,0.2976081967353821,189264000
2000-08-29,0.29880044337349254,0.29951561842787217,0.29379238952879483,0.29689300060272217,149376000
2000-08-30,0.2935543523675146,0.3035695610132952,0.2904546414027475,0.29951566457748413,178080000
2000-08-31,0.3040465671056277,0.31477784844482826,0.29808522930392956,0.3028542995452881,388896000
2000-09-01,0.3090546940447623,0.31191629515736924,0.2999927434125042,0.3033314645290375,204144000
2000-09-05,0.3104859552715476,0.31072406498803723,0.30166211405291093,0.3038085401058197,246144000
2000-09-06,0.30500083114095355,0.30500083114095355,0.2804385498345206,0.2828230857849121,230136000
2000-09-07,0.28711596444030724,0.2985624246806099,0.27519238414568986,0.2980853319168091,239760000
2000-09-08,0.29474647436953405,0.3014238863162086,0.2794842083556889,0.2804383933544159,222648000
2000-09-11,0.27686168880327017,0.27853104919971605,0.2584997341911747,0.26899200677871704,285888000
2000-09-12,0.26923007216772643,0.2833000462149446,0.26326873450215627,0.2673226296901703,125976000
2000-09-13,0.26660746542411995,0.2716155186995608,0.2608842098850872,0.26720359921455383,239976000
2000-09-14,0.2685148802314338,0.2804384281041657,0.2613612754854358,0.2646999955177307,216336000
2000-09-15,0.2632687517035903,0.2742381431607318,0.26136130910140587,0.27048277854919434,242592000
2000-09-18,0.2711384503346067,0.2728078106725149,0.2518223110655138,0.2546839118003845,163488000
2000-09-19,0.24299943530337925,0.263268837285346,0.24037588897998668,0.2625536620616913,301104000
2000-09-20,0.2553991555334839,0.26040723789425907,0.24991493556196037,0.2539688050746918,227568000
2000-09-21,0.2558761722509959,0.27066135002914576,0.25563808987113623,0.26487860083580017,346824000
2000-09-22,0.23870651283831687,0.27280783310821427,0.2384684304321437,0.26946911215782166,387264000
2000-09-25,0.2778149268278551,0.2928391147639466,0.2756694017915996,0.2887852191925049,467568000
2000-09-26,0.2918848864604136,0.2990393918675459,0.2785309886501382,0.29570069909095764,337344000
2000-09-27,0.29331625310901854,0.325747313572679,0.29331625310901854,0.3119162917137146,676128000
2000-09-28,0.30905465688693495,0.3233627426012328,0.30142398531236314,0.32145529985427856,333816000
2000-09-29,0.31239327788352966,0.32431685272085997,0.3071471429282765,0.31239327788352966,373872000
2000-10-02,0.3166853501482419,0.3290859939647864,0.2971311269232999,0.30500078201293945,340584000
2000-10-03,0.3066700101792885,0.30905454471683985,0.2861616104247595,0.2885461449623108,300264000
2000-10-04,0.28091558877450445,0.2899775113706107,0.27709977525853186,0.2852075397968292,419568000
2000-10-05,0.2873538918222732,0.2873538918222732,0.2725687180911761,0.27853095531463623,525048000
2000-10-06,0.27924621771673613,0.28115366046341644,0.2573074604310168,0.26112234592437744,1027176000
2000-10-09,0.2544458126935736,0.27089942226933966,0.23656002467386,0.26684555411338806,665256000
2000-10-10,0.25563804829376474,0.26851488072033364,0.24419159295867274,0.24657610058784485,415944000
2000-10-11,0.2315528568265528,0.26231454900993817,0.22225192563245139,0.24872256815433502,535776000
2000-10-12,0.2542067756666567,0.26899192245612547,0.2365599743580167,0.23894540965557098,401616000
2000-10-13,0.24061397238426283,0.2556381358300525,0.23805087483107268,0.24848362803459167,578976000
2000-10-16,0.24848368048324287,0.24848368048324287,0.237037218812564,0.24276044964790344,339216000
2000-10-17,0.2418070739520276,0.24276033125638527,0.22249093709968146,0.22511354088783264,463248000
2000-10-18,0.21056746321852662,0.23441458423835393,0.2005513391730055,0.22153684496879578,416952000
2000-10-19,0.23584494037955317,0.24609916077258837,0.23226813617669972,0.24299944937229156,294888000
2000-10-20,0.23727623035408457,0.2718537253031171,0.23560686940253125,0.2656534016132355,387360000
2000-10-23,0.26779971657179835,0.26946904936750554,0.2513451805185086,0.2596919536590576,182112000
2000-10-24,0.2584997545563491,0.26279170585391354,0.2503919894981067,0.2513452470302582,193968000
2000-10-25,0.24442973756221945,0.24800651356232362,0.2277371155763979,0.229406476020813,385512000
2000-10-26,0.23083681527891867,0.24800650184382758,0.2146212867401705,0.23918358981609344,265776000
2000-10-27,0.23942166884101762,0.2453243872831786,0.22511356961421813,0.23369841277599335,210960000
2000-10-30,0.22988360517497758,0.2350702218419586,0.21700585319311638,0.21724486351013184,192120000
2000-10-31,0.22582967148900507,0.24085293294784138,0.21891417463807938,0.2370966672897339,299256000
2000-11-01,0.23131395191126206,0.2403758759295167,0.22320618610055867,0.23703718185424805,304536000
2000-11-02,0.24538389084879486,0.2613613083729701,0.24132999540720626,0.25516098737716675,192888000
2000-11-03,0.2518222838322207,0.2766226389156857,0.24991484131399938,0.27185359597206116,268632000
2000-11-06,0.2782921281244998,0.30523894846013855,0.27662276719299744,0.2928392291069031,635040000
2000-11-07,0.28806909542603293,0.28806909542603293,0.26326871538194613,0.2730458378791809,258240000
2000-11-08,0.2761464596007437,0.2761464596007437,0.2608841912110784,0.264938086271286,187080000
2000-11-09,0.24896077028384345,0.2613614174507956,0.22559074075756066,0.23727622628211975,564528000
2000-11-10,0.2453839674635264,0.2575456030044339,0.2184371364540857,0.2243984490633011,805248000
2000-11-13,0.21319089649821835,0.24991482541776888,0.2060363910154516,0.22535254061222076,530040000
2000-11-14,0.24037574916091609,0.2685148458679324,0.23846833433867032,0.266607403755188,470736000
2000-11-15,0.2618384347123906,0.27018428175054593,0.25110715156495966,0.26309022307395935,423864000
2000-11-16,0.25563804829376474,0.2623145332029357,0.24419159295867274,0.24657610058784485,235536000
2000-11-17,0.24848363524974174,0.26112239002995685,0.23369845438418205,0.24180714786052704,178776000
2000-11-20,0.23286425050650567,0.23298329172768514,0.22058265964698284,0.22320619225502014,298752000
2000-11-21,0.23274512756960544,0.23465257007119042,0.2074676801077621,0.21891413629055023,382512000
2000-11-22,0.20985221167618426,0.21652871104693908,0.19840574129628613,0.2074676901102066,409752000
2000-11-24,0.20985224732637112,0.22749904168915402,0.20985224732637112,0.2193903625011444,165072000
2000-11-27,0.23512971901380939,0.23656006926349024,0.20323435757204683,0.21199777722358704,363864000
2000-11-28,0.21521742752557516,0.21748290817242633,0.19149026780684075,0.19619980454444885,382344000
2000-11-29,0.19912095483011352,0.19935905089170483,0.16931252597230725,0.18409769237041473,636408000
2000-11-30,0.16835837883042679,0.16835837883042679,0.13878893989811933,0.15452738106250763,981624000
2000-12-01,0.16406636817455122,0.18600512695806937,0.16311218279743583,0.16978959739208221,784080000
2000-12-04,0.17086284002777224,0.17646611433695686,0.15929641142569367,0.1724122315645218,474264000
2000-12-05,0.184574743650799,0.19125124281538558,0.1674050454337732,0.18362057209014893,997224000
2000-12-06,0.1800438378120413,0.1850509923531728,0.15643481323371589,0.15738898515701294,950928000
2000-12-07,0.14975832227780397,0.16287414475674453,0.14165055528635384,0.15452738106250763,785184000
2000-12-08,0.1705047621714378,0.190774172902708,0.15458685022069177,0.18982091546058655,853392000
2000-12-11,0.18362059392959112,0.1936357873383579,0.17885153673242854,0.18982091546058655,757632000
2000-12-12,0.1850509165017142,0.18838960945511435,0.17837441753628977,0.18457473814487457,409512000
2000-12-13,0.18385865287502187,0.18695926353850847,0.16692795139811192,0.17026665806770325,675072000
2000-12-14,0.169073450596269,0.17050471453018795,0.1545272864459413,0.15858116745948792,569016000
2000-12-15,0.1485660137430478,0.15786604631129603,0.14212669519752494,0.14284278452396393,1094424000
2000-12-18,0.1488041161300709,0.1526199166293709,0.14546540838352182,0.14755234122276306,658872000
2000-12-19,0.14975830227464693,0.1631122054403786,0.13354185622545084,0.13640347123146057,946200000
2000-12-20,0.12948797265254272,0.14832703694687652,0.11494180160806895,0.12161921709775925,1105392000
2000-12-21,0.11994984594475627,0.13640345868728418,0.1049256692254799,0.10635693371295929,845256000
2000-12-22,0.11494185256402842,0.14594256576096837,0.11494185256402842,0.13378091156482697,949080000
2000-12-26,0.13545022869742984,0.1368805792437711,0.11971087364861845,0.12829571962356567,343824000
2000-12-27,0.12686531139316184,0.14212666610781893,0.12161917593651535,0.1368805170059204,339456000
2000-12-28,0.13139629154747495,0.14117340160451644,0.12924985237360173,0.13759569823741913,419232000
2000-12-29,0.13735761555285975,0.1418885762579816,0.12209534594453815,0.1250164806842804,495168000
2001-01-02,0.12591115488186777,0.1275805015658927,0.11374950874195369,0.11422659456729889,290808000
2001-01-03,0.11064890038551876,0.1504734566287549,0.10778727895319187,0.14928118884563446,910368000
2001-01-04,0.14665765467626452,0.17026668785446292,0.1426037723377708,0.1664508879184723,815448000
2001-01-05,0.1650196397830677,0.16573572917053606,0.13831182123043387,0.1415305733680725,432768000
2001-01-08,0.1375957157978238,0.16120474855014247,0.1375957157978238,0.15500442683696747,573768000
2001-01-09,0.15715083460474247,0.16120471605288691,0.14951923640888018,0.1581040918827057,302904000
2001-01-10,0.14999634989403787,0.16978958154801163,0.14641956052487015,0.16907349228858948,392928000
2001-01-11,0.1650196382586121,0.1902980204992346,0.16215802343162206,0.1831435263156891,447648000
2001-01-12,0.18624322390431394,0.19745161445409118,0.17742028333831042,0.17932772636413574,669000000
2001-01-16,0.18028192496438913,0.18028192496438913,0.1623970322263672,0.16525866091251373,414984000
2001-01-17,0.17789732848154888,0.183143477662163,0.17050474019287568,0.17121991515159607,592584000
2001-01-18,0.17121996190317135,0.20889808859326242,0.16740508947549798,0.20406951010227203,948168000
2001-01-19,0.20985231773608917,0.2174829925535214,0.19554422594118304,0.19864393770694733,1018704000
2001-01-22,0.19268255963486608,0.20031323244539675,0.18528996925229402,0.19077420234680176,377712000
2001-01-23,0.18838965870512658,0.2136671397497558,0.18743640115561291,0.20979273319244385,433632000
2001-01-24,0.20961327246041467,0.21175971224378132,0.1967364485793293,0.20889809727668762,451728000
2001-01-25,0.2017444765806223,0.20222065503359926,0.18362060368449507,0.18791256844997406,440016000
2001-01-26,0.17742026658578938,0.1961402868460556,0.17610897126694391,0.1938748061656952,259248000
2001-01-29,0.1879125663765997,0.19506705988287648,0.18123606613689985,0.194828063249588,354168000
2001-01-30,0.19792872911869566,0.2032939078640409,0.1941129284119519,0.19912098348140717,243720000
2001-01-31,0.19935900635151735,0.20699059131662126,0.19268250717996677,0.1969744712114334,358344000
2001-02-01,0.1969744764814842,0.19935901168536635,0.1883896203117028,0.19798818230628967,371856000
2001-02-02,0.19816673812547714,0.20269769873699703,0.1774202372490942,0.17885151505470276,320520000
2001-02-05,0.1786125749349594,0.17980484296911545,0.1681202860191506,0.1786125749349594,367584000
2001-02-06,0.1752738187868739,0.1831435006620499,0.1748571746036341,0.17956671118736267,250440000
2001-02-07,0.17837442107974583,0.17980477099718659,0.16168180198676174,0.17121991515159607,720384000
2001-02-08,0.1721741005859775,0.1819512103567476,0.16955056887609513,0.17026665806770325,384288000
2001-02-09,0.16883540990519044,0.17002767757666418,0.16287408519307525,0.16907349228858948,259608000
2001-02-12,0.16716603889077342,0.169073481467604,0.15643475723810446,0.16454343497753143,354336000
2001-02-13,0.16764318429256106,0.17742029744214138,0.16573574111510564,0.16955062747001648,467736000
2001-02-14,0.1674050709990412,0.18695929369463482,0.1602505639069957,0.18195123970508575,690888000
2001-02-15,0.2069906390719178,0.218914190819399,0.20555937457661322,0.21533648669719696,1108512000
2001-02-16,0.2043670856444061,0.23274516152837257,0.2041290032508992,0.2270219326019287,1081176000
2001-02-20,0.22129875278311212,0.22606781108451013,0.20412904854845781,0.20436713099479675,701304000
2001-02-21,0.19673644761492362,0.22225199917133184,0.19459000784207883,0.2136671543121338,646512000
2001-02-22,0.21247485314641995,0.22892937875570782,0.2060364354220353,0.22272905707359314,815304000
2001-02-23,0.2215367960688405,0.22511358575131285,0.20031321250093942,0.20734775066375732,1034664000
2001-02-26,0.20126737399647288,0.20699061653558457,0.19387479837098978,0.2026977241039276,751824000
2001-02-27,0.1976896758972492,0.2055593580538203,0.1893438289428065,0.19053609669208527,533832000
2001-02-28,0.18910484442454067,0.2003132208574326,0.16692798879189516,0.17050477862358093,784056000
2001-03-01,0.16835834155213228,0.186959308218406,0.15261990387258534,0.18397773802280426,915288000
2001-03-02,0.17074285222213106,0.18290539882126963,0.1640663524975155,0.16627231240272522,1413504000
2001-03-05,0.15977349929229417,0.17217415859633256,0.15882024165055322,0.16788126528263092,742296000
2001-03-06,0.17646610570028515,0.19005901790723326,0.17348544975450358,0.18409769237041473,834408000
2001-03-07,0.18815152367678215,0.19935899657022368,0.18481281713886225,0.1988828182220459,938280000
2001-03-08,0.1931596287717601,0.20770579745456855,0.1931596287717601,0.2055593580007553,829344000
2001-03-09,0.19482802744914443,0.1957821989881114,0.17312826969009823,0.1910131424665451,1216776000
2001-03-12,0.1845747850804542,0.19315964293855042,0.17598992722235796,0.18409769237041473,762144000
2001-03-13,0.18648219775395128,0.20889804659444663,0.18552801248885553,0.20603641867637634,1082352000
2001-03-14,0.19673646815144938,0.21843714940555561,0.19673646815144938,0.21772105991840363,1351128000
2001-03-15,0.23107581077712058,0.24317792216476758,0.22272903677344388,0.22845226526260376,1875984000
2001-03-16,0.22487550576469031,0.2336984320409721,0.21819809113646405,0.22749903798103333,1225200000
2001-03-19,0.2263058381007949,0.24228327043536477,0.21396563003389057,0.2406139373779297,943896000
2001-03-20,0.23775227901278068,0.25277646564708717,0.21557542864540588,0.2181980460882187,1990560000
2001-03-21,0.21867519564273816,0.24085295237376672,0.21748292778959125,0.23441454768180847,1877352000
2001-03-22,0.2365601255800355,0.2589769112273115,0.23465268216724472,0.2580227255821228,1697760000
2001-03-23,0.2627916714689965,0.26756164272454697,0.24276035750333713,0.25563809275627136,1509672000
2001-03-26,0.25563811812492415,0.27089946234951673,0.25563811812492415,0.26946911215782166,1542960000
2001-03-27,0.26422291404868103,0.27352294446912756,0.2484835529245924,0.2596919536590576,1702152000
2001-03-28,0.2525374903522183,0.2666074937482692,0.25182231530315186,0.2598705589771271,1433280000
2001-03-29,0.2576051603767022,0.2728079165256815,0.25229950161157594,0.2637459635734558,1632960000
2001-03-30,0.26183845742084705,0.2668456113013773,0.2460991188753159,0.24770893156528473,1423176000
2001-04-02,0.24705332689091364,0.2530146674173049,0.23417558690633478,0.23727622628211975,1265160000
2001-04-03,0.2336984469488258,0.2515842660943274,0.23346036452682511,0.24514493346214294,1991616000
2001-04-04,0.23584487068958965,0.23632196335116984,0.2053212561604962,0.21986743807792664,3362472000
2001-04-05,0.23441458500858464,0.24395270206204142,0.22797526505914253,0.24013781547546387,1724760000
2001-04-06,0.23703713679222263,0.25182231523323495,0.23298324101228166,0.23918358981609344,1547664000
2001-04-09,0.2438097907405424,0.24972347995049393,0.22377846279414498,0.2275557965040207,1097160000
2001-04-10,0.2330115606088083,0.2564007994788899,0.2308751786058766,0.24903659522533417,1186416000
2001-04-11,0.26437497817547545,0.2739524731724236,0.2567827585515134,0.2640700340270996,1426872000
2001-04-12,0.2591865049691469,0.2794842827662575,0.25422604614092276,0.2680378258228302,1440264000
2001-04-16,0.2632688171182927,0.2688015864473065,0.256705885525884,0.2615133821964264,764112000
2001-04-17,0.2576600338660195,0.2764322487752503,0.25754557746124107,0.2743334174156189,1112448000
2001-04-18,0.2858943789588041,0.32202767337191396,0.2858943789588041,0.2947850823402405,2301864000
2001-04-19,0.2964635500560615,0.32519420747884403,0.29512844372957897,0.32011929154396057,1632264000
2001-04-20,0.3162659428870848,0.343355621046457,0.30791002567477016,0.3317946791648865,1773840000
2001-04-23,0.3245833922030044,0.3248892369228676,0.3109620994156806,0.31428155303001404,1239000000
2001-04-24,0.3134042948802329,0.33686957363490383,0.28711589501793483,0.29203787446022034,1828320000
2001-04-25,0.2928006768859904,0.3158840800023248,0.2916944834428835,0.30546778440475464,1423728000
2001-04-26,0.3121068697973898,0.3121068697973898,0.2785311537269231,0.28139278292655945,1486008000
2001-04-27,0.2922668607205515,0.30268315874299667,0.2865811822927027,0.3014240562915802,915672000
2001-04-30,0.3096269005745003,0.3355719261952327,0.303063971504095,0.3178299069404602,1583280000
2001-05-01,0.31897469381295207,0.34835456960912586,0.3138237730307634,0.3475148677825928,1867368000
2001-05-02,0.3565576229709195,0.3565576229709195,0.3349998062686225,0.33954083919525146,1547784000
2001-05-03,0.3292763864188827,0.3395782241767213,0.3272160352416173,0.3380526304244995,960504000
2001-05-04,0.3281317691850836,0.3480870786332864,0.3266062025914494,0.34270724654197693,953520000
2001-05-07,0.3414097964716725,0.36056386250834777,0.33740352162939674,0.3580840826034546,975600000
2001-05-08,0.36338691307227344,0.3635398490749201,0.32912441805964787,0.3321765065193176,1620144000
2001-05-09,0.32160733686067744,0.32858966847018917,0.3143960651613005,0.31660935282707214,1319040000
2001-05-10,0.32576648651058443,0.32961982428243247,0.30218677857303045,0.3059641122817993,998904000
2001-05-11,0.30520133892167506,0.30714723412059913,0.2920378981165893,0.29814207553863525,921216000
2001-05-14,0.2990202567439742,0.3042471812134188,0.288260590327812,0.30069878697395325,702432000
2001-05-15,0.3033315989681905,0.3243171106462715,0.2998976324462813,0.3114970326423645,1242600000
2001-05-16,0.3043617486409989,0.32813195699111913,0.3024158525553363,0.32618606090545654,957096000
2001-05-17,0.3272545575851654,0.34148664031569087,0.32221812129268823,0.3319476246833801,919056000
2001-05-18,0.33084138679990976,0.3395782513063222,0.3227903872937477,0.3292764127254486,575832000
2001-05-21,0.32855209292077314,0.35102470564462546,0.3219506832789773,0.34415683150291443,1064688000
2001-05-22,0.3491932839988185,0.35789259712452726,0.33576337976475595,0.35445865988731384,1049976000
2001-05-23,0.36838575988473277,0.3815491972987319,0.3472097763644716,0.3514449894428253,2244912000
2001-05-24,0.34911741540341495,0.36567634646247366,0.3386251391703559,0.35663363337516785,1680576000
2001-05-25,0.34946078805405023,0.35465016153803386,0.3433941609340858,0.349880188703537,947952000
2001-05-29,0.34789667522512047,0.34797267929767406,0.3308029908859202,0.3355344831943512,920568000
2001-05-30,0.3276363624686029,0.3442712904847822,0.3258424756286595,0.3292764127254486,3308904000
2001-05-31,0.3319091412920011,0.33385503648992,0.31958542947061613,0.32664376497268677,1262928000
2001-06-01,0.3288954748521187,0.34751474918882175,0.32698710443750234,0.34472912549972534,1022472000
2001-06-04,0.34495809443502917,0.34678953307020516,0.3348476438491639,0.33938777446746826,621552000
2001-06-05,0.3390059889851196,0.36075428931375464,0.3384336796556882,0.357205867767334,987168000
2001-06-06,0.35854179539754605,0.3634253219243029,0.3533139718724681,0.35873228311538696,698976000
2001-06-07,0.35556578778499015,0.38002274941488623,0.352933099791879,0.37899258732795715,1141152000
2001-06-08,0.3778478918509401,0.37842020101388407,0.3652183104597476,0.3691485524177551,712680000
2001-06-11,0.36968254838546055,0.37010284956732653,0.3526272880640854,0.358350545167923,581928000
2001-06-12,0.35083425266941304,0.37563460962443984,0.3500714557218893,0.3702932298183441,1102728000
2001-06-13,0.3730020032690733,0.3786492563063317,0.3546501160871289,0.3578551411628723,938712000
2001-06-14,0.35323797032109133,0.3631964117496202,0.34816305545391274,0.3570913076400757,946152000
2001-06-15,0.3529331079894672,0.36895814909944036,0.34637015007833627,0.36266258358955383,1094544000
2001-06-18,0.3617470000327689,0.3676222391164377,0.34434836717879524,0.34831616282463074,856656000
2001-06-19,0.35487897376794,0.3631579581623756,0.32221807808953595,0.3292764127254486,1513128000
2001-06-20,0.3232098406581189,0.3472098798152873,0.31649490136260194,0.34343254566192627,1759200000
2001-06-21,0.34205890147073953,0.35598510909704295,0.33290170937995284,0.3499184846878052,1484568000
2001-06-22,0.3481631598526489,0.3574732635650147,0.34377596437533053,0.3483545482158661,761184000
2001-06-25,0.3522463371580172,0.3536958998928302,0.33751792175867945,0.34766775369644165,640032000
2001-06-26,0.3399600850428965,0.3594190883551733,0.3386249789606404,0.3577021062374115,757920000
2001-06-27,0.3559851127331394,0.35674790961207936,0.34057086294029565,0.346637487411499,895752000
2001-06-28,0.3512922356537628,0.35579481611994046,0.3472099564341052,0.3507198989391327,909336000
2001-06-29,0.3519790120194907,0.3594192252119754,0.3480111894156623,0.3538864552974701,730920000
2001-07-02,0.33988414236188635,0.34274574335422175,0.33309227130162833,0.3382047116756439,1040016000
2001-07-03,0.33587773087397543,0.3460650830050496,0.33416077643878805,0.34251669049263,406296000
2001-07-05,0.3384336344609004,0.340532438304855,0.31725764628956077,0.31767797470092773,1020096000
2001-07-06,0.31290800893181947,0.3153502365791891,0.3018049199400098,0.3079100251197815,802824000
2001-07-09,0.30390373358588846,0.3112679405531066,0.2949370280246069,0.29783710837364197,1014072000
2001-07-10,0.30180488585576687,0.3058111594100411,0.29665399390370667,0.30027931928634644,1221744000
2001-07-11,0.2991346565186743,0.30451448821742855,0.290435344326251,0.29970696568489075,904632000
2001-07-12,0.313823793458246,0.3176396079608918,0.3061931196210081,0.3154263198375702,981552000
2001-07-13,0.3130993894406724,0.31653332680747664,0.30237724893167717,0.30890172719955444,690144000
2001-07-16,0.30543020946886174,0.30905463424380886,0.28253729583565834,0.28406286239624023,1191696000
2001-07-17,0.2792937507026171,0.3027205427513374,0.2766225839480722,0.29993584752082825,1169904000
2001-07-18,0.29280069561091865,0.3008892205725729,0.2834145887919844,0.28955721855163574,840984000
2001-07-19,0.29375481882169546,0.3064604052605922,0.289252240058133,0.2942126989364624,840024000
2001-07-20,0.2868869285091907,0.29341140593816667,0.2766226421774243,0.28574228286743164,742464000
2001-07-23,0.2861617689055121,0.2865436177624882,0.25834684147471065,0.2586902379989624,1547976000
2001-07-24,0.26216255534329963,0.2764321874856708,0.25662981474292434,0.2762032747268677,1365312000
2001-07-25,0.2757069574446577,0.27624174221669023,0.2643374048091181,0.27353212237358093,1245888000
2001-07-26,0.27093798667581276,0.3033314994876984,0.26956440051752995,0.3014240562915802,1714152000
2001-07-27,0.3008517512291717,0.3123742441625224,0.2918850425050911,0.30905476212501526,1094688000
2001-07-30,0.3094365764695673,0.31069567891257127,0.29837103718938657,0.3016905188560486,582288000
2001-07-31,0.3021107855296731,0.3100088496897784,0.29112215316652,0.30867281556129456,1187760000
2001-08-01,0.31473951456298643,0.32912450863805837,0.31256467886043204,0.32752200961112976,1204944000
2001-08-02,0.33168018654875303,0.3364876820918681,0.3204626423671393,0.33530551195144653,1097928000
2001-08-03,0.33194758917609113,0.3378237265359538,0.3256904763402177,0.3326728343963623,820344000
2001-08-06,0.3303065684322,0.34614114616367775,0.3267581753137267,0.34274566173553467,1292568000
2001-08-07,0.34266893749840316,0.34434836866887225,0.3336646767886786,0.3376709520816803,1088616000
2001-08-08,0.334733109784249,0.3433939684992251,0.3275978446383167,0.3290858864784241,1125696000
2001-08-09,0.32755944934321446,0.334007922871547,0.3174489993435996,0.3233242630958557,1643616000
2001-08-10,0.32317227240464796,0.32736900691052,0.31325140817359937,0.3229433596134186,1036488000
2001-08-13,0.32847524812299544,0.3401506481773755,0.3235917199530659,0.3364877700805664,1514784000
2001-08-14,0.3303835474012395,0.3325199028894995,0.32340118925073513,0.3275594711303711,2321160000
2001-08-15,0.3349621389417307,0.3388914808564771,0.32504124787947397,0.32794132828712463,1816392000
2001-08-16,0.3219131962929538,0.34224945772194426,0.3206156416369422,0.34175312519073486,1026096000
2001-08-17,0.33309230379022936,0.33744194754741097,0.31691429693401796,0.3196239173412323,1668840000
2001-08-20,0.3176011083670274,0.32084458596803983,0.3076811429435522,0.3174106478691101,1183320000
2001-08-21,0.31821189403770983,0.32660629234464933,0.3102378242245754,0.31073322892189026,1186656000
2001-08-22,0.3162274487249922,0.32385902023741636,0.3061930027926814,0.3235156238079071,1498104000
2001-08-23,0.3224086530841137,0.32656783685927354,0.31477797924229406,0.3163420259952545,1013592000
2001-08-24,0.3197383516771354,0.33190915528705295,0.317868460469292,0.3253846764564514,1110936000
2001-08-27,0.31809749538013554,0.3409519676161758,0.3168768450565064,0.33664077520370483,1279608000
2001-08-28,0.3357249794362915,0.3432036439118382,0.3296583533152463,0.332252562046051,1178760000
2001-08-29,0.33316829504247764,0.3352670991176481,0.3187842032900484,0.3215698003768921,1435800000
2001-08-30,0.31554073844416636,0.32279046310224596,0.30810052600850957,0.3205396234989166,1431312000
2001-08-31,0.31840232817374775,0.32614838510266303,0.31420559330645215,0.32320985198020935,887904000
2001-09-04,0.32233259564179184,0.32233259564179184,0.2984854918811034,0.3007372319698334,1856136000
2001-09-05,0.30046990755528763,0.30943661643574877,0.2882606485482432,0.3071473240852356,2395584000
2001-09-06,0.3010805553840895,0.31058111691085727,0.2932200440272673,0.29459360241889954,1950768000
2001-09-07,0.2899774585262232,0.30218673869173873,0.28845096419686234,0.2976841330528259,1970256000
2001-09-10,0.29516602242293405,0.2997070545268251,0.28307122209704183,0.28906184434890747,1872360000
2001-09-17,0.2710523079623329,0.2776912680302416,0.25807933187962034,0.2593769133090973,1138596000
2001-09-18,0.2644134378360257,0.26632088073003835,0.2378576431123008,0.24373380839824677,894372000
2001-09-19,0.24510731640828284,0.24793046448583544,0.2064942685787031,0.24075767397880554,1561908000
2001-09-20,0.22786072253009237,0.2361790873460925,0.2136671072987652,0.22038297355175018,1470696000
2001-09-21,0.2033653225407099,0.21580443356006415,0.19848179452815762,0.20580753684043884,1226304000
2001-09-24,0.2221375001359327,0.23228730386271934,0.21229352748291852,0.22892937064170837,1507500000
2001-09-25,0.22961619499962374,0.23953615942954404,0.21931436808937865,0.22000116109848022,941724000
2001-09-26,0.22282430333423747,0.22358801462706424,0.20985225036770472,0.21206462383270264,430812000
2001-09-27,0.21130181586979038,0.21366712523393971,0.1946659854281084,0.20031321048736572,907296000
2001-09-28,0.20603641895845973,0.21984818519241497,0.1972611020387099,0.2096232920885086,1044876000
2001-10-01,0.20947042440025154,0.21290436242847122,0.18848492007496884,0.19184285402297974,972804000
2001-10-02,0.19153786166219472,0.19916853240023266,0.17291765944452525,0.18222776055335999,1123032000
2001-10-03,0.18131208951903763,0.22961620022358534,0.18131208951903763,0.21809372305870056,1798824000
2001-10-04,0.2296922425537749,0.2579274748992333,0.2217566242842999,0.24640408158302307,1980576000
2001-10-05,0.242665279256082,0.2570878580789658,0.23343210303174283,0.2510596811771393,1078212000
2001-10-08,0.2411386906390092,0.2662449274301193,0.2411386906390092,0.2567059099674225,765900000
2001-10-09,0.25739264313456056,0.2625060117068291,0.23823950714088085,0.2455652356147766,917556000
2001-10-10,0.24121550466649652,0.2632687134681193,0.23961300640722707,0.2613612711429596,968124000
2001-10-11,0.27532605015374256,0.2904354142192742,0.2738755594997669,0.2896716892719269,918000000
2001-10-12,0.28234592265940756,0.30905465081643174,0.28135418562814896,0.3085207939147949,1253100000
2001-10-15,0.2995157219016226,0.31668544182098896,0.2911222503411259,0.3071473240852356,908568000
2001-10-16,0.30676532300062076,0.340493929746505,0.300431306194144,0.3380526304244995,1383852000
2001-10-17,0.34553034869721466,0.34568328467419274,0.31668526983021345,0.31821176409721375,1695540000
2001-10-18,0.31821173930111807,0.3347706598650246,0.31744894252035166,0.3316425681114197,1020864000
2001-10-19,0.3269111777776263,0.343394100725526,0.32279044704065135,0.33851057291030884,1059264000
2001-10-22,0.33599235083752965,0.3510247550448056,0.3285136595395735,0.34652307629585266,970824000
2001-10-23,0.3509487333682797,0.3572058192633929,0.33271037744052545,0.3404179811477661,953028000
2001-10-24,0.33423701438751974,0.3562902362057443,0.3304211996079123,0.35545143485069275,1212144000
2001-10-25,0.34720994330972105,0.38261709488706885,0.34186766113948786,0.37628400325775146,1152396000
2001-10-26,0.3736888440981391,0.3849063923621152,0.347209948076308,0.3494223356246948,1097124000
2001-10-29,0.350643939392378,0.3567481191830542,0.3206541958315141,0.32103511691093445,1004796000
2001-10-30,0.3151597680879128,0.33530556845684595,0.30791004393801386,0.3205011487007141,1153380000
2001-10-31,0.33248160262706516,0.34148676458373733,0.3224086990860415,0.3270642161369324,989292000
2001-11-01,0.3312608175432567,0.3576637023793956,0.32622435417571805,0.35499346256256104,1093776000
2001-11-02,0.35339095629117084,0.36430262928365115,0.3403419725803622,0.35995298624038696,1087248000
2001-11-05,0.36621097865863506,0.3762069453636567,0.3589612283278616,0.36125051975250244,933456000
2001-11-06,0.36056384308814843,0.3877304300556508,0.35865639995939413,0.3860509991645813,1415376000
2001-11-07,0.38307487133569007,0.40123722435347026,0.38086251155018075,0.38635680079460144,1419144000
2001-11-08,0.39116426614829325,0.3963527098735649,0.36819442028205734,0.3796408772468567,1915188000
2001-11-09,0.3964298033849073,0.40627376584488467,0.3891040733997557,0.40596792101860046,2270484000
2001-11-12,0.40444223265280554,0.4272582732302965,0.392080040587332,0.41688042879104614,1458636000
2001-11-13,0.4181780055500739,0.4182540096219028,0.40749431648738693,0.41344648599624634,1446516000
2001-11-14,0.4164984728461795,0.42046719436844454,0.39070638140135555,0.40192392468452454,1150224000
2001-11-15,0.39734548537237185,0.40955477080101893,0.3923090480177814,0.4040604531764984,874944000
2001-11-16,0.40444221548021847,0.40871495413282344,0.3951321126739791,0.4005504250526428,496128000
2001-11-19,0.4045181563066232,0.40825703742375496,0.37010275486528155,0.39177411794662476,1943052000
2001-11-20,0.39368253037465956,0.40055040512535667,0.37643591155487416,0.3807855546474457,937884000
2001-11-21,0.37437556199019173,0.3858989527509197,0.36476054204648456,0.37590205669403076,728412000
2001-11-23,0.37735171406420154,0.3815493773924802,0.37086568644266726,0.3811675012111664,254016000
2001-11-26,0.38757742132049783,0.40894386964085944,0.3865087796055353,0.4084100127220154,1215780000
2001-11-27,0.40818101954578717,0.42199279846357823,0.4006263529229748,0.41275960206985474,1183992000
2001-11-28,0.4074942194244372,0.4142860890340387,0.39101130080005003,0.391927033662796,740844000
2001-11-29,0.42039041837153757,0.4225277022637616,0.40749436786565413,0.4090968668460846,5135472000
2001-11-30,0.40894378666996983,0.41993238938595656,0.40291561485619576,0.4169563055038452,1034028000
2001-12-03,0.40818111398438256,0.4132935545406768,0.4032975862329513,0.41062334179878235,851496000
2001-12-04,0.4126837052002246,0.44412305683375475,0.4126837052002246,0.44366517663002014,1384644000
2001-12-05,0.44717502378100743,0.4803697759621716,0.44679410290067983,0.47945407032966614,1707036000
2001-12-06,0.47571517317689943,0.4769358228104747,0.45991904777428333,0.4718993604183197,1138944000
2001-12-07,0.46838942360605923,0.4726630618850979,0.44931226998609497,0.45747682452201843,807036000
2001-12-10,0.4551876293248174,0.47251022554168576,0.4513727436064479,0.462055504322052,695868000
2001-12-11,0.4701448818149259,0.48952692592435837,0.46548939457361194,0.47861525416374207,792252000
2001-12-12,0.48227821662016257,0.493724675144353,0.4729681137839074,0.49349576234817505,1004628000
2001-12-13,0.4838038469831408,0.4899849295916702,0.4773937969802417,0.47930216789245605,881400000
2001-12-14,0.4792252582162196,0.503262849958808,0.4770128710252121,0.5008975267410278,754680000
2001-12-17,0.4970817497996186,0.5261558076123941,0.4970817497996186,0.5189070105552673,1080960000
2001-12-18,0.5075364007811424,0.5147092192613734,0.5012792879656922,0.5055520534515381,886968000
2001-12-19,0.4972345449295046,0.50738344740854,0.4898328139317634,0.49174025654792786,854652000
2001-12-20,0.4937245613441656,0.502652813309438,0.47060273682903175,0.47235724329948425,951228000
2001-12-21,0.4826590776609252,0.49601390529695505,0.47708881239747786,0.49280890822410583,723972000
2001-12-24,0.49257994146094025,0.507612314878212,0.492350974137255,0.5050941109657288,265308000
2001-12-26,0.5076125155635441,0.5260798427852338,0.5075365387719881,0.5174565315246582,642156000
2001-12-27,0.5219589115281863,0.5318028696498228,0.521196141908548,0.5294376015663147,730152000
2001-12-28,0.5325658130380682,0.536076628152514,0.511581211035586,0.516693651676178,757680000
2001-12-31,0.5205093656300055,0.5234854498951063,0.5093677982135297,0.5105124711990356,737580000
2002-01-02,0.5127258450640699,0.5223408928690091,0.4998288948547213,0.5135646462440491,1298904000
2002-01-03,0.514633365994881,0.5494306845270525,0.514328476347535,0.5472173690795898,1414752000
2002-01-04,0.5544669334125751,0.5544669334125751,0.5219589711632219,0.5312690734863281,936288000
2002-01-07,0.5334052959741065,0.5341681200715881,0.5098255931388631,0.5169984102249146,973068000
2002-01-08,0.5159308353699121,0.5355418495904107,0.5141754006804465,0.523103654384613,774360000
2002-01-09,0.5303534352763898,0.5398915237198176,0.5086051352204255,0.5159308910369873,1141188000
2002-01-10,0.5131838180443328,0.5202037031603912,0.4990662152576302,0.5035687685012817,992508000
2002-01-11,0.5069256905495224,0.507078571984026,0.4793021276201728,0.48128560185432434,1380852000
2002-01-14,0.48021782736453233,0.4835748874833585,0.4560273289680481,0.4560273289680481,1369560000
2002-01-15,0.4750284917700314,0.49891314589805263,0.4744946348184177,0.49860820174217224,1838808000
2002-01-16,0.4918162637396999,0.4950212605897757,0.47731769198777496,0.47914910316467285,1115388000
2002-01-17,0.4950213138995002,0.49601392423656443,0.47708883061445856,0.4959370195865631,1121544000
2002-01-18,0.47724162477885257,0.490290633112438,0.4769358074082546,0.4868566691875458,803676000
2002-01-22,0.4914353051849851,0.4927319862610045,0.4691522254168138,0.47464656829833984,1085028000
2002-01-23,0.4789203708354726,0.48700889735341046,0.4694582581268887,0.4835749864578247,889164000
2002-01-24,0.48838242562653456,0.5059339906491103,0.47808058499941863,0.5008975267410278,1137684000
2002-01-25,0.4937247573606954,0.5120391486301801,0.48761970555939993,0.49960002303123474,817752000
2002-01-28,0.5093677729398824,0.5189068413681532,0.5043313648803853,0.518829882144928,924288000
2002-01-29,0.5200515096750403,0.5215771036147682,0.4853302338707271,0.49341881275177,1381932000
2002-01-30,0.49601402103277514,0.49975293044544566,0.4841857124034031,0.49937108159065247,1218456000
2002-01-31,0.5058580753208307,0.5097498669048359,0.4849485717977226,0.5016604661941528,973980000
2002-02-01,0.5008216606163322,0.5061630152997474,0.4864750901012031,0.48937514424324036,688272000
2002-02-04,0.48830627529198584,0.5002106118574708,0.46556629833326485,0.46632906794548035,1104864000
2002-02-05,0.4632002440471074,0.46724491643561133,0.4435891993504913,0.4617506265640259,1474620000
2002-02-06,0.4739598616515767,0.4814384985448426,0.4647266632626721,0.47327306866645813,1242528000
2002-02-07,0.4738838069600059,0.4738838069600059,0.4557224098206965,0.45793479681015015,964476000
2002-02-08,0.4609878562212959,0.4635820924085223,0.4229855709400162,0.440460205078125,1871292000
2002-02-11,0.43977335517346433,0.46548947536680474,0.4381708564440091,0.46480268239974976,1249224000
2002-02-12,0.4577827006501868,0.4834228127844444,0.45251732510939824,0.47464656829833984,1216500000
2002-02-13,0.4807517458032915,0.48884032628143803,0.46396393233482175,0.46854251623153687,1230432000
2002-02-14,0.4725103135250472,0.48418574140107173,0.4665581977506171,0.4743417799472809,1225692000
2002-02-15,0.4525173947667294,0.4551876346836628,0.4330583880883012,0.43763697147369385,3988548000
2002-02-19,0.41894067198043905,0.4232903140641482,0.405280902422562,0.4086388349533081,1972524000
2002-02-20,0.4013892277507092,0.43458398478598004,0.4006264307108054,0.43000540137290955,1838736000
2002-02-21,0.4241301536596243,0.4242821617956126,0.400092564034659,0.40062642097473145,1531044000
2002-02-22,0.3926138677340558,0.39719245065728565,0.3758260032539487,0.38093847036361694,2585616000
2002-02-25,0.3826939726858981,0.4137514483304035,0.38261704073333275,0.410775363445282,1599564000
2002-02-26,0.4197804751300236,0.42695329409499916,0.4086389339471234,0.41970354318618774,1902672000
2002-02-27,0.4292424840840575,0.43107392239432446,0.40444210378265777,0.40558674931526184,1723224000
2002-02-28,0.4029156858435922,0.41016543640899217,0.3858219763755516,0.38925594091415405,1585440000
2002-03-01,0.39299576891403315,0.4273351727080527,0.39185112303058284,0.42687731981277466,1311396000
2002-03-04,0.4281739808445771,0.45556950571422333,0.4240532501386413,0.450685977935791,1484724000
2002-03-05,0.4437410512268621,0.46159752795635994,0.4433601303770058,0.44954121112823486,1379448000
2002-03-06,0.43611043529745325,0.4405361095359282,0.4260375364342497,0.4354236423969269,1446060000
2002-03-07,0.4416047233549096,0.44305428583616346,0.41985642842615256,0.43191367387771606,1346532000
2002-03-08,0.4401551479513415,0.45396692773211655,0.4380178646659342,0.4448097348213196,1270356000
2002-03-11,0.43992618798953487,0.4448096871018112,0.43229458977637286,0.43962031602859497,810540000
2002-03-12,0.4261906025056152,0.428479894679038,0.41359949555178965,0.4165755808353424,1255032000
2002-03-13,0.4126835988553002,0.4156596829601066,0.4074942275390361,0.40902072191238403,1031616000
2002-03-14,0.40596781596213666,0.40596781596213666,0.38551709908810755,0.38635680079460144,1139460000
2002-03-15,0.38910393196775594,0.40314462505954635,0.3817012727053397,0.40268674492836,1248288000
2002-03-18,0.410012499541254,0.41886474867899653,0.39810816194055487,0.40268674492836,1236996000
2002-03-19,0.4055868813978796,0.4063496784725027,0.3917741985827968,0.39414042234420776,846072000
2002-03-20,0.38765343334570157,0.38841715822969275,0.35369588074876335,0.35499346256256104,2292588000
2002-03-21,0.361021658224333,0.3781153422747723,0.35148261511503737,0.37384170293807983,1721712000
2002-03-22,0.38055666295503815,0.38055666295503815,0.36781352311713633,0.3706366717815399,1249140000
2002-03-25,0.3688813172826692,0.36933917023239876,0.3510248066285938,0.35148265957832336,884160000
2002-03-26,0.3478198073597241,0.36758463440496547,0.34583636011610935,0.3586564064025879,1123512000
2002-03-27,0.3531620098719797,0.36033482855277077,0.34110476344011836,0.3472098410129547,1068012000
2002-03-28,0.34957518318573283,0.35178847093366755,0.3195094453329603,0.33851057291030884,3124080000
2002-04-01,0.31973836300194625,0.335534493185421,0.3095125537229579,0.33293935656547546,2365344000
2002-04-02,0.3229433451499765,0.3410287647915605,0.3223325562907668,0.3242399990558624,1438008000
2002-04-03,0.32569056555211084,0.33454188910577853,0.3189746974560411,0.33034515380859375,1094640000
2002-04-04,0.3278268580596265,0.33996010821722317,0.3233242792155717,0.3287425637245178,1130964000
2002-04-05,0.33087907831443475,0.33622136089072685,0.3179069946805402,0.32126402854919434,1026900000
2002-04-08,0.3063835048075213,0.33202359080314636,0.3063075007464246,0.33202359080314636,1151316000
2002-04-09,0.3353055610370287,0.33805270564818,0.3102753329192305,0.3110390305519104,1380768000
2002-04-10,0.313557393573841,0.31592269035841697,0.271663304738425,0.2938694655895233,3689724000
2002-04-11,0.2915031142430471,0.29524289651517266,0.2777673641184292,0.28097236156463623,1437288000
2002-04-12,0.2872303307558539,0.28951962208579923,0.27112835951171693,0.2799046039581299,1376880000
2002-04-15,0.2853221140019478,0.2960057784706564,0.2846353208405789,0.2911982536315918,1157208000
2002-04-16,0.30424716234994886,0.3073761830977827,0.29791314407363323,0.30386531352996826,854856000
2002-04-17,0.3074522018432617,0.3119547814794146,0.29783715421788126,0.3074522018432617,944484000
2002-04-18,0.3043232397267433,0.3076051699942873,0.2957008555046062,0.3023397922515869,693156000
2002-04-19,0.29211385864601913,0.2957007316465937,0.2813541675214801,0.28173601627349854,1125672000
2002-04-22,0.2786069973113366,0.2888328033215371,0.2785309932608154,0.283109575510025,808176000
2002-04-23,0.285322097117925,0.2886040272580183,0.2691450161931414,0.27166324853897095,773508000
2002-04-24,0.27479120401215357,0.2788359293277986,0.24716767591909733,0.24785444140434265,1582956000
2002-04-25,0.24686182256066913,0.26242903568150444,0.2467858185066086,0.25746950507164,1168296000
2002-04-26,0.2602927317926592,0.2605976759781815,0.23175255954265594,0.23175255954265594,1191120000
2002-04-29,0.25914810767984325,0.27425744656118933,0.250448792181205,0.2703656554222107,3930852000
2002-04-30,0.27677560040913535,0.2804384776733318,0.25983482717536066,0.26563405990600586,1776504000
2002-05-01,0.2612843967772789,0.27418134356022833,0.2544934275499118,0.27044156193733215,1718904000
2002-05-02,0.2717391704806326,0.27845410902643214,0.2594529839796249,0.25952988862991333,1125084000
2002-05-03,0.25983483270754654,0.2618192073829416,0.2486172879036773,0.24991486966609955,852756000
2002-05-06,0.24342793535956495,0.25487442114056497,0.23839149908185114,0.2403758466243744,1102044000
2002-05-07,0.24571728844391383,0.25083065794596515,0.23434775905992558,0.24640408158302307,1412448000
2002-05-08,0.26319278481008085,0.278988913780255,0.2548744191880661,0.27471527457237244,1688688000
2002-05-09,0.2738755343578251,0.2795227592585446,0.2625059810773024,0.2629638612270355,1230840000
2002-05-10,0.2683812730934227,0.26937391085720047,0.24037585966484473,0.2432759404182434,1321548000
2002-05-13,0.24579412979807463,0.2588431127590964,0.24373377843081145,0.2580033838748932,800892000
2002-05-14,0.27448631794524625,0.28654356451466906,0.26975479885400533,0.2836434841156006,1526112000
2002-05-15,0.2792939582823674,0.29455620849869046,0.27540213919469625,0.2892139256000519,1504548000
2002-05-16,0.2892907586486794,0.2957008088186887,0.2834146200663016,0.2897486388683319,985560000
2002-05-17,0.2976082672703325,0.2997446507709156,0.2902065333941635,0.2989058494567871,934404000
2002-05-20,0.2963876517933645,0.30409433080393844,0.2950140926480527,0.3021109104156494,953412000
2002-05-21,0.3060025292247815,0.3101992629658566,0.27875994711640745,0.2790648639202118,1382604000
2002-05-22,0.28127819234595475,0.2920378845753166,0.28082033948929236,0.29035845398902893,1547988000
2002-05-23,0.29119806873759807,0.2918088574201391,0.2640314948073154,0.27265480160713196,2556780000
2002-05-24,0.26746545867603044,0.2688390442680167,0.26113236999194267,0.2673134505748749,737784000
2002-05-28,0.2696788656462506,0.2698318016924975,0.2513645284935503,0.2567059099674225,1367088000
2002-05-29,0.2525851222781386,0.26746551789370826,0.2486933046693517,0.2663978040218353,1311012000
2002-05-30,0.26097954303311294,0.2688391565706508,0.25586710182712846,0.26250603795051575,1066080000
2002-05-31,0.26403160561987443,0.26517625154560087,0.25487443821406297,0.2553322911262512,674112000
2002-06-03,0.24915110764266388,0.2502957531046409,0.23724677300570246,0.2402997612953186,901248000
2002-06-04,0.2387733759898405,0.2537298051474448,0.23839152713295247,0.2524331510066986,1095432000
2002-06-05,0.25296697144018515,0.2530429755076989,0.23999399134763613,0.24877023696899414,1114308000
2002-06-06,0.24617515150525773,0.25220422657725117,0.246099147422027,0.24884629249572754,739356000
2002-06-07,0.2286244481628586,0.24953303038135302,0.22854752986440494,0.24648094177246094,1371300000
2002-06-10,0.24976192309603995,0.2567058287050338,0.24380978177992177,0.24442054331302643,749148000
2002-06-11,0.24846431712496853,0.2495329585526237,0.23282110191000213,0.2334318906068802,859308000
2002-06-12,0.2278607886747936,0.2319815199548121,0.20351826352281702,0.21328622102737427,2267544000
2002-06-13,0.21488866158070472,0.21885645548420987,0.2043579104316724,0.2110728621482849,1265892000
2002-06-14,0.2032892961807507,0.21664319735361298,0.19642140754599996,0.21504069864749908,1116444000
2002-06-17,0.21984824349879825,0.22267232043293406,0.21320929388699375,0.21694909036159515,1054140000
2002-06-18,0.21427790465642219,0.22206151279571315,0.2117596865203309,0.21580441296100616,1008300000
2002-06-19,0.2052736564430529,0.2052736564430529,0.1803963514718813,0.1819988638162613,2593620000
2002-06-20,0.18238071758894348,0.18734024924807086,0.17795414229813575,0.1803203523159027,1425048000
2002-06-21,0.1794046499342937,0.18634854345561278,0.1692548443909474,0.1729177087545395,1484364000
2002-06-24,0.16849208039815036,0.18154105516804134,0.16330270655159143,0.1761227548122406,1379592000
2002-06-25,0.1793277468467844,0.1793277468467844,0.16047952548731245,0.1615481674671173,1172232000
2002-06-26,0.1432338268919223,0.1585721070570129,0.13926510349291424,0.15315380692481995,2067828000
2002-06-27,0.15880094880328594,0.16002159838520472,0.1282004225393053,0.13033679127693176,3182808000
2002-06-28,0.1282004402938267,0.13651790425043006,0.1253772783871261,0.13110052049160004,1991184000
2002-07-01,0.1304897287952295,0.13430552819124456,0.12804751511528978,0.13079465925693512,1164372000
2002-07-02,0.12926908824233063,0.12972694108333674,0.11919620293291373,0.12255322188138962,1368180000
2002-07-03,0.12179042232967456,0.13338981556436166,0.12171441826844981,0.13316088914871216,1073304000
2002-07-05,0.1426990589458871,0.14498835128849125,0.13857832727109617,0.14491234719753265,739524000
2002-07-08,0.1432337642273281,0.15445130790742717,0.14308084188359815,0.149261936545372,1587180000
2002-07-09,0.14964384985577173,0.15155129322230687,0.13873124556799774,0.141936257481575,1075080000
2002-07-10,0.14537014279344695,0.14651478851266675,0.13705267863792128,0.13804440200328827,926988000
2002-07-11,0.13728165985270122,0.15261992527555251,0.13606008182910725,0.15208514034748077,1143948000
2002-07-12,0.1602505846120429,0.16086137356965252,0.14880411135862778,0.15193311870098114,1344900000
2002-07-15,0.1523140479712916,0.16711845318421228,0.14544615941749636,0.16704244911670685,1495272000
2002-07-16,0.16292173202497356,0.17818307712190337,0.1598687288908361,0.16253986954689026,1773432000
2002-07-17,0.15902989753661212,0.16215798991827646,0.14239405535676644,0.14872807264328003,1922364000
2002-07-18,0.1462859198740434,0.15490923214308402,0.1445304846328152,0.14491234719753265,1243188000
2002-07-19,0.14048663643416429,0.14605694295369656,0.13735762959647885,0.13834933936595917,845772000
2002-07-22,0.13773948276378103,0.14163128671375785,0.1262930109925732,0.13193932175636292,1290744000
2002-07-23,0.1327029995684511,0.13354180043706654,0.11759366773258449,0.12209533154964447,1409652000
2002-07-24,0.12041685751475416,0.13186331544598204,0.12034085344890653,0.129878968000412,1175100000
2002-07-25,0.12484251513651685,0.12522436392006875,0.11072581095026693,0.11492253839969635,1796448000
2002-07-26,0.11828047258403926,0.1210276166645988,0.10912329380991859,0.1122513860464096,1221900000
2002-07-29,0.1169069235942883,0.11751679834082389,0.11164155335697319,0.1153804287314415,1227720000
2002-07-30,0.11484652199891457,0.12957400663303875,0.11446467325638106,0.12377477437257767,1818012000
2002-07-31,0.09019817979113431,0.0920296186541207,0.08348322689789071,0.08447494357824326,4837140000
2002-08-01,0.08516173983036669,0.08516173983036669,0.07630949616175188,0.07638641446828842,1725708000
2002-08-02,0.07882772122760767,0.07936249926707616,0.06944161375795149,0.07134997099637985,1795260000
2002-08-05,0.0702813274757819,0.07043424985297059,0.06478701763342071,0.06562673300504684,1330716000
2002-08-06,0.06867881953527423,0.07165489739413873,0.06761017775009046,0.06906066834926605,1168800000
2002-08-07,0.0721127384283831,0.07279952439911631,0.06486300271542955,0.0674581453204155,892980000
2002-08-08,0.06814498096709586,0.07310450762687608,0.06638954556134476,0.07188385725021362,755424000
2002-08-09,0.06997636784692017,0.07249459210513128,0.06875480403738488,0.07020530104637146,581304000
2002-08-12,0.06944158999048772,0.07287552657862743,0.06761015850800496,0.07020530104637146,592800000
2002-08-13,0.0706631569626501,0.07409710052710623,0.06867880306286428,0.06875480711460114,654420000
2002-08-14,0.0700523918824034,0.07402020004986458,0.06944160980336916,0.07341033220291138,632688000
2002-08-15,0.07615748327626502,0.08004928053342293,0.07539377200594598,0.07852277904748917,1140120000
2002-08-16,0.07432604841931864,0.08432202368895303,0.07203675659572577,0.08157487213611603,1657428000
2002-08-19,0.08508570420623009,0.10263634159999177,0.08493277505936893,0.09653216600418091,2243928000
2002-08-20,0.09729496912785597,0.0992024047295214,0.09103787080131256,0.092258520424366,1429488000
2002-08-21,0.09645526954135969,0.09836362650513857,0.09195360481110768,0.0971420556306839,1194876000
2002-08-22,0.09424290654890836,0.0980577856037349,0.0932502688116159,0.09386105090379715,1358496000
2002-08-23,0.09118992406243982,0.09180070629236342,0.08714611764859234,0.08767997473478317,919932000
2002-08-26,0.08935847793012261,0.08996926006657599,0.08424602342607662,0.08836675435304642,698568000
2002-08-27,0.08989321526789058,0.09035107481043608,0.08279640259237298,0.08333026617765427,686712000
2002-08-28,0.08287243439575416,0.08302536358683191,0.07783599138589384,0.07814092189073563,700356000
2002-08-29,0.07714919380740191,0.08271949975496168,0.07653840501102183,0.0791335478425026,815520000
2002-08-30,0.07836985550793074,0.08165178487198382,0.07554670007395153,0.07707320153713226,1065888000
2002-09-03,0.07341034484850494,0.07379127949630768,0.0711210459195911,0.07234170287847519,847284000
2002-09-04,0.07257064365283598,0.0744780804321208,0.06875484903921779,0.07188385725021362,930552000
2002-09-05,0.07119702162424014,0.07150195889001357,0.06867880404011577,0.06913665682077408,714312000
2002-09-06,0.07203674805118196,0.07264661585554245,0.06959452731506142,0.07066316902637482,746460000
2002-09-09,0.07012838956706909,0.07279953667268067,0.06799202042177849,0.07058624923229218,578040000
2002-09-10,0.07020532959338228,0.08432202980484509,0.07012840445932195,0.0806591585278511,2317632000
2002-09-11,0.08317736939753843,0.09080895541051402,0.08317736939753843,0.08462786674499512,1657536000
2002-09-12,0.08256752642509434,0.0870691926673671,0.08104102455227512,0.08195674419403076,1294932000
2002-09-13,0.08111701829030389,0.08500881603721011,0.08012529468615821,0.0806591585278511,796872000
2002-09-16,0.07943848597728378,0.0797434164401584,0.0736392467421765,0.07554668933153152,925464000
2002-09-17,0.07890463537966876,0.08081207146290743,0.07394419629759323,0.07440204918384552,884052000
2002-09-18,0.07325741562741207,0.07470699906787322,0.07012840803267421,0.07234170287847519,811692000
2002-09-19,0.07073917059636683,0.07325739530839087,0.06951852079867665,0.06989946216344833,618492000
2002-09-20,0.07043424914643717,0.07188383237068215,0.06875482524265907,0.07028132677078247,687312000
2002-09-23,0.06913666201830075,0.06982345488617148,0.06677136659387001,0.06722922623157501,521676000
2002-09-24,0.06646550796723058,0.07096809298173909,0.06524485835625193,0.0677630826830864,624444000
2002-09-25,0.07173091166683954,0.07287555768479967,0.0689077557784328,0.07150198519229889,896616000
2002-09-26,0.072875513250837,0.07363922416704999,0.06661842312364903,0.06768706440925598,739560000
2002-09-27,0.06753415915839411,0.06928959371464491,0.06524486770908042,0.06532087177038193,650688000
2002-09-30,0.06509194535450123,0.06814494798998806,0.063718366391337,0.06532087177038193,584124000
2002-10-01,0.06585566426100525,0.06944161717209428,0.06348945399588184,0.06883174926042557,888360000
2002-10-02,0.06936558904670517,0.07287552984027233,0.06875480711460114,0.06875480711460114,749100000
2002-10-03,0.06791601631007604,0.0690606620610012,0.065244869206376,0.06539779156446457,590568000
2002-10-04,0.0652448736737137,0.06730523889550362,0.06104813916188414,0.0621158666908741,529788000
2002-10-07,0.06127709876921774,0.0624977491916216,0.05860595033408426,0.059063803404569626,493068000
2002-10-08,0.0610481546563796,0.06120016283145994,0.05494306492105411,0.057308364659547806,714252000
2002-10-09,0.05646955928066506,0.06013243388346009,0.05524799159161966,0.05624062940478325,573132000
2002-10-10,0.05570584037473764,0.06097121624930909,0.05570584037473764,0.059139784425497055,538032000
2002-10-11,0.0614290727037271,0.06829695362404932,0.06104813135649709,0.06722922623157501,994140000
2002-10-14,0.0652448832988739,0.06722924474515422,0.06387131083013114,0.0652448832988739,611484000
2002-10-15,0.07249463279967959,0.07508886256248555,0.07104413497646234,0.07203677296638489,852768000
2002-10-16,0.0671523114038258,0.06776309342203307,0.06486301309725254,0.06600765883922577,578124000
2002-10-17,0.07173091090180168,0.07440205860016612,0.0699763969692909,0.07104412466287613,585792000
2002-10-18,0.07066318402578124,0.07249462311427673,0.06799203629651195,0.07173091173171997,498372000
2002-10-21,0.07073917151378688,0.08081206366989216,0.06913666609855709,0.07821784168481827,930624000
2002-10-22,0.07463097813728783,0.08546666086100836,0.07455497407133244,0.08081206679344177,1272168000
2002-10-23,0.08203272131616268,0.08523773218608764,0.08088807555156476,0.08409308642148972,925428000
2002-10-24,0.08577252001713336,0.08668823946317959,0.07859878623940854,0.07982035726308823,1055172000
2002-10-25,0.0801252801465973,0.08508572573158538,0.07905663842493568,0.08470387011766434,745956000
2002-10-28,0.08859568354470727,0.0892824697794734,0.08462788170468893,0.08516174554824829,1070544000
2002-10-29,0.08531467853582576,0.0859245465346386,0.07714922631607633,0.08142288029193878,772728000
2002-10-30,0.0840170937607101,0.08851967336625836,0.08371215640887332,0.08577252179384232,1139496000
2002-10-31,0.08638236138198953,0.09141880314472364,0.08615343500203028,0.0908089354634285,1255476000
2002-11-01,0.08943537696859477,0.10889437462436335,0.08928244779242062,0.10759679973125458,2128836000
2002-11-04,0.11408280890146463,0.12598713765986114,0.11377787847007742,0.1193481907248497,2688132000
2002-11-05,0.1190433001586768,0.12102766172477235,0.10950427591309092,0.11461763828992844,2034540000
2002-11-06,0.11850943908793465,0.12362189388182103,0.11385392983774223,0.12346895784139633,1646016000
2002-11-07,0.12026396064527295,0.12026396064527295,0.11034399407204812,0.11103078722953796,1660560000
2002-11-08,0.09386104778906734,0.09943136145446015,0.08401708808442596,0.08668823540210724,3798900000
2002-11-11,0.08256749194840429,0.08378814166853119,0.07798890247408038,0.07997234910726547,1378452000
2002-11-12,0.08188073156679081,0.09004526870208111,0.0811939384957764,0.08706918358802795,1381188000
2002-11-13,0.08500881466896984,0.09233455710504795,0.08333030485947521,0.08981633186340332,1802112000
2002-11-14,0.095768503844738,0.09759993608045871,0.09286933709802561,0.095768503844738,1138728000
2002-11-15,0.10072892509706376,0.10614722355571708,0.09958427930637871,0.10278929024934769,2054328000
2002-11-18,0.11103075035210307,0.11141259914284815,0.10629923802491446,0.10660508275032043,1982472000
2002-11-19,0.10599430185264815,0.11354896957633581,0.1048496560548321,0.10813067108392715,1971948000
2002-11-20,0.11141260244111768,0.11446469109712085,0.10996210506467936,0.11354897171258926,1292796000
2002-11-21,0.11812755575274723,0.12881124428844828,0.11789862931644977,0.12316400557756424,2053920000
2002-11-22,0.11568532952011167,0.12240120928077636,0.11446467975413312,0.11995898187160492,1251900000
2002-11-25,0.12552932565927305,0.12736076479556985,0.12064581090023625,0.12430867552757263,1230084000
2002-11-26,0.12491944360789202,0.12736074346236986,0.12056978662170698,0.12095072120428085,1084332000
2002-11-27,0.12606405380167884,0.13247407424638155,0.12446154186787763,0.13033679127693176,1088556000
2002-11-29,0.13377076702248014,0.13567912417276182,0.12972695474149323,0.1307186782360077,519396000
2002-12-02,0.1376625938865081,0.13941802895280186,0.12911620079243294,0.12972697615623474,1167504000
2002-12-03,0.12728467688664774,0.12758960724938123,0.12095066180909879,0.12117958813905716,1046220000
2002-12-04,0.11263325508496222,0.11446468696528893,0.10629923733472388,0.10668108612298965,2206548000
2002-12-05,0.11354896868440761,0.11431176568136643,0.10507858165995122,0.1076728105545044,1594872000
2002-12-06,0.10301822439717546,0.10988610647849567,0.10133971473424123,0.10782574117183685,1159224000
2002-12-09,0.10431580795166387,0.10599431775105578,0.0983636448166612,0.09920243918895721,969792000
2002-12-10,0.10172066376739522,0.10950426586211999,0.10042400965103242,0.10752081871032715,1389888000
2002-12-11,0.10675711324736334,0.10988612076592508,0.10317116700901026,0.10691004246473312,1364208000
2002-12-12,0.11087782475364577,0.1121753997664167,0.10492566238310229,0.10515458881855011,1302552000
2002-12-13,0.10324716923619225,0.10324716923619225,0.10027108416581541,0.10103388130664825,707724000
2002-12-16,0.10454472425673349,0.10759681301650263,0.10187357690254055,0.10698603093624115,1056972000
2002-12-17,0.1088943743031978,0.11255723785753496,0.10599429405040851,0.10683400928974152,1077744000
2002-12-18,0.10347607682164106,0.10362900600835195,0.09843963395559485,0.09866856038570404,1126836000
2002-12-19,0.0969131072897037,0.1020264739440126,0.09553952859908944,0.09653216600418091,1100604000
2002-12-20,0.09958430071410093,0.1006529426688271,0.09302134823129198,0.09782887250185013,804576000
2002-12-23,0.09759991047939592,0.10088183945979866,0.0972949800088072,0.09851562976837158,498648000
2002-12-24,0.09905039019232771,0.10103383653892113,0.09599738816262753,0.09653216600418091,300336000
2002-12-26,0.09813470559038688,0.09958428883720495,0.09393705658636366,0.09477677196264267,719760000
2002-12-27,0.09737099415761387,0.09759992059226485,0.09035110428886364,0.0911898985505104,702528000
2002-12-30,0.09157171770974153,0.09256344076621495,0.08592448811090797,0.0879848524928093,784740000
2002-12-31,0.08706917172022932,0.0900452564286329,0.08539066207334949,0.08783288300037384,825396000
2003-01-02,0.09157174393524328,0.0950056810067845,0.08844273733178865,0.09393703937530518,1302540000
2003-01-03,0.09424289089796713,0.09729497921043845,0.09233453404406065,0.09393703937530518,1037496000
2003-01-06,0.09622637317885169,0.10309424986277259,0.0961503622690698,0.10156866908073425,1033428000
2003-01-07,0.10355209223801853,0.10591830920966559,0.10011815447422384,0.10126280039548874,1498272000
2003-01-08,0.09866856234324096,0.10156864286193391,0.09050311242393022,0.0911898985505104,1852524000
2003-01-09,0.09401398592807562,0.09500570956669623,0.09187670202262255,0.09279242157936096,1436076000
2003-01-10,0.09157175202510555,0.09576848639884909,0.09035110216771966,0.09439490735530853,924492000
2003-01-13,0.0979817736387418,0.09882148893297386,0.09317425723391264,0.09363211691379547,849120000
2003-01-14,0.0939370632052351,0.09523463839756159,0.09149576308683038,0.0943189188838005,868524000
2003-01-15,0.09439488660017922,0.09515859766312025,0.0914188027381897,0.0914188027381897,904584000
2003-01-16,0.0900452582988678,0.09118990418814263,0.08401709150883,0.08523774147033691,2039976000
2003-01-17,0.08294843777658174,0.08409309041820885,0.08096499769557568,0.08203272521495819,1058832000
2003-01-21,0.08355921526499684,0.0853146429039481,0.0797434158811048,0.07997234910726547,967356000
2003-01-22,0.07974343222453495,0.08210964914709598,0.07951450577408209,0.08004928380250931,550992000
2003-01-23,0.08218563279932316,0.08355921162863225,0.0800492639127776,0.08226163685321808,918456000
2003-01-24,0.08157488954830443,0.08195674528532829,0.07623350768209128,0.07760708034038544,897108000
2003-01-27,0.07592854663958187,0.07989635461278209,0.07455497440872157,0.07646241039037704,889116000
2003-01-28,0.07547065569256037,0.0806591113827502,0.07295243870490566,0.07920952886343002,1785480000
2003-01-29,0.07707319891334993,0.08142285566243565,0.07707319891334993,0.08081206679344177,1022040000
2003-01-30,0.08241460587476429,0.0831013922102652,0.07669136821857855,0.07753107696771622,743064000
2003-01-31,0.07524175744198562,0.08088807473461404,0.07455497135468864,0.07875170558691025,949656000
2003-02-03,0.08020130010774373,0.08180380589183579,0.07859879432365167,0.08027822524309158,755556000
2003-02-04,0.07974344168545025,0.08012529738150825,0.07554671324821714,0.07669135928153992,627720000
2003-02-05,0.07836985490617171,0.08050713842010088,0.07707320094532952,0.07737813144922256,581508000
2003-02-06,0.082719521405247,0.08287244379103431,0.07669135425193634,0.07798892259597778,1226184000
2003-02-07,0.0795145183932121,0.07989637410456735,0.07432605928799281,0.07447806745767593,915156000
2003-02-10,0.07440205011484413,0.07592855163336377,0.07119703893520861,0.07539377361536026,982632000
2003-02-11,0.07600453088852314,0.07821782466761049,0.07363923583909691,0.07402017712593079,850716000
2003-02-12,0.0740202003679403,0.0771492074371242,0.0734103325183664,0.07440204918384552,641400000
2003-02-13,0.07569963337789845,0.07608056800770162,0.07363926785054489,0.07531777769327164,889164000
2003-02-14,0.08561960658951859,0.09195362565599224,0.0835592410318567,0.09187670052051544,3548844000
2003-02-18,0.09538754208035556,0.09897349429905093,0.0942428963239396,0.0971420556306839,1740516000
2003-02-19,0.09653218219993702,0.09866855122919713,0.0954635405693329,0.09805776923894882,1141212000
2003-02-20,0.09843962482033246,0.10103385348994838,0.09767682788951332,0.09805776923894882,978132000
2003-02-21,0.09798178155873746,0.0983636372039526,0.09462384116503662,0.09813470393419266,913260000
2003-02-24,0.09729499639193721,0.10294222178272519,0.09676113259789604,0.09935535490512848,1137012000
2003-02-25,0.09615033486622714,0.0992024234380038,0.09462383346432553,0.09874456375837326,1239204000
2003-02-26,0.09744790156045618,0.0990504068917007,0.09370811296625302,0.09393703937530518,746892000
2003-02-27,0.0948527850822921,0.09637928677977817,0.09332719761700961,0.09592142701148987,675312000
2003-02-28,0.0929453289648122,0.09653219570798126,0.09019817756088652,0.09630326926708221,1653336000
2003-03-03,0.09744792780208945,0.09920244172387373,0.09347920490747512,0.09470077604055405,702036000
2003-03-04,0.0950056810067845,0.09592140028824608,0.09302132009384359,0.09393703937530518,538392000
2003-03-05,0.09302133074752796,0.09599741534181426,0.09279240431225697,0.09546355158090591,522156000
2003-03-06,0.09470076626567603,0.09561648569921136,0.09347919525868592,0.09386105090379715,548064000
2003-03-07,0.09241147659186769,0.09561649491825931,0.0915717679716543,0.09531064331531525,581148000
2003-03-10,0.09431891716900817,0.09477677691756446,0.09248748499741112,0.09264040738344193,344796000
2003-03-11,0.09332714974880219,0.09485273643159961,0.09225850836771873,0.09332714974880219,417144000
2003-03-12,0.09408999476096505,0.09615035348431981,0.09325027930459724,0.09592142701148987,493920000
2003-03-13,0.0987445548866422,0.10607029545729349,0.0982866952481482,0.10546042770147324,1362732000
2003-03-14,0.10584140803724097,0.10683404597048596,0.10164467250884315,0.10240746289491653,1094220000
2003-03-17,0.10072893275174344,0.11041997038278581,0.10050000630526049,0.10835960507392883,1307808000
2003-03-18,0.1079786784597378,0.10919932849902549,0.10530753086297716,0.10752081871032715,932280000
2003-03-19,0.10774971553089298,0.10881744289012402,0.10423886030087919,0.10805465281009674,712992000
2003-03-20,0.10805465392828353,0.11133566855992427,0.10523149892483062,0.10904637724161148,780060000
2003-03-21,0.11278616456621376,0.1131670990789571,0.10317113294164815,0.10805465281009674,1681800000
2003-03-24,0.10362901407903671,0.1068340252859361,0.10301822516191174,0.1040099486708641,839016000
2003-03-25,0.1043157978141311,0.10858853650234034,0.103933942176472,0.10698603093624115,672828000
2003-03-26,0.10935225273830375,0.11179355968087491,0.10851254412495692,0.10996212065219879,1107840000
2003-03-27,0.10851251871381361,0.11080181014093098,0.10652815776092192,0.10683400928974152,1392732000
2003-03-28,0.10683403197463603,0.10721496659031311,0.10080494377519354,0.10248436778783798,1290684000
2003-03-31,0.09935536753674759,0.10057602447966935,0.09782887262352544,0.09828672558069229,680508000
2003-04-01,0.10034705945903745,0.10225541628933844,0.09813468639635929,0.10118677467107773,533808000
2003-04-02,0.10462076209819601,0.10668112803720783,0.10324718935394127,0.10492569953203201,771900000
2003-04-03,0.10683403684899226,0.10683403684899226,0.10408687824063362,0.1062992587685585,702780000
2003-04-04,0.10660512037974736,0.10675712856408139,0.10172068396574963,0.10217854380607605,513840000
2003-04-07,0.10904640640631187,0.10988611500769081,0.10225544210136506,0.10324716567993164,671256000
2003-04-08,0.10416286154367503,0.10469671842782263,0.10156863283787552,0.10225541889667511,475032000
2003-04-09,0.10263636536283804,0.1053835165574744,0.10156863789611559,0.1017206460237503,694260000
2003-04-10,0.10309421307553922,0.1032471422501912,0.10126278131119813,0.10225541889667511,364104000
2003-04-11,0.10340009314372678,0.10423889437675163,0.10011816324125625,0.1011108011007309,374184000
2003-04-14,0.09958428584840195,0.10317115264211782,0.09927934851097057,0.1028653010725975,445776000
2003-04-15,0.10217847760000638,0.10362897450565738,0.09966025352119737,0.10233139991760254,490212000
2003-04-16,0.10469669485619036,0.10492562803933211,0.10149168487320617,0.10233139991760254,671988000
2003-04-17,0.10309423063801261,0.10439180573925268,0.10095786803764453,0.10416287928819656,520740000
2003-04-21,0.10431578462633644,0.1071389397639672,0.10332314703390694,0.10683400928974152,597144000
2003-04-22,0.10629926259900041,0.10828361731266122,0.104544741775912,0.10820761322975159,787392000
2003-04-23,0.10805466397793242,0.1113356789147247,0.10721494870041118,0.11064889281988144,606204000
2003-04-24,0.11072580627793659,0.11072580627793659,0.10591829017883599,0.1073678731918335,660912000
2003-04-25,0.10675709307349633,0.10858853182595413,0.10240743627034986,0.10340007394552231,884652000
2003-04-28,0.10462074215437524,0.10843654269378762,0.10340009206460479,0.10652818530797958,674988000
2003-04-29,0.10897039788911411,0.11133569380061059,0.10813068249932063,0.10981010645627975,670344000
2003-04-30,0.1091993309876364,0.11217541601531539,0.1087414712277913,0.10935225337743759,466620000
2003-05-01,0.10858853558223848,0.11110676054266455,0.10797866773922746,0.11003903299570084,733368000
2003-05-02,0.11148856993201416,0.1220953229740166,0.11087778807290095,0.12133252620697021,1691088000
2003-05-05,0.12247725003653305,0.13003191941718584,0.12026394837636266,0.12430867552757263,1576164000
2003-05-06,0.12369787131291905,0.12766657981025192,0.1224772214659627,0.1244615688920021,1143864000
2003-05-07,0.1226301856265484,0.1255293391632755,0.12034089328253203,0.12247726321220398,897372000
2003-05-08,0.12095070964736099,0.12743764958779896,0.11942512935341677,0.12255322188138962,1957452000
2003-05-09,0.14369165841125267,0.164295297616072,0.13964693191181954,0.16307373344898224,9230856000
2003-05-12,0.1634555597461002,0.16711843692379885,0.15719846068256324,0.15849512815475464,3007860000
2003-05-13,0.15307774001222163,0.15796126725445833,0.15216203430722677,0.1555190533399582,1824108000
2003-05-14,0.15605388574760348,0.15796132926160494,0.15338274435830776,0.15536710619926453,965580000
2003-05-15,0.15765636808345507,0.1610133877830915,0.15681665263113218,0.1607084572315216,1105656000
2003-05-16,0.15872409087015854,0.16505810967447399,0.15849516440550598,0.16223494708538055,1028916000
2003-05-19,0.16009764835395066,0.16162414303174202,0.15116940790413969,0.15307775139808655,1220484000
2003-05-20,0.1533066917303149,0.15529012506572593,0.15261989875413962,0.1541454792022705,884124000
2003-05-21,0.15422242853077442,0.15963981371233824,0.15338271308684204,0.159563809633255,905472000
2003-05-22,0.1597927132281528,0.16154813429855333,0.15605383159223307,0.1600976437330246,888816000
2003-05-23,0.16025055093336366,0.16330263932513486,0.15857204832210003,0.15925882756710052,867612000
2003-05-27,0.15757945943861323,0.17398636700851292,0.1545273701033068,0.17337559163570404,1677408000
2003-05-28,0.17284170467718293,0.17474914775896366,0.16864496966250012,0.1729177087545395,1235556000
2003-05-29,0.17284175677126234,0.19062225423289894,0.17245990780505266,0.18474608659744263,2297736000
2003-05-30,0.20222062841069355,0.20321326597781394,0.19726109750286752,0.1997023969888687,2142312000
2003-06-02,0.20489182161240488,0.2051207617247875,0.18741718770839869,0.188637837767601,1566144000
2003-06-03,0.1865014886860984,0.19825289397682952,0.18421219647279274,0.19252966344356537,1596804000
2003-06-04,0.19191888021750947,0.1972611762468738,0.18894279479202303,0.19710825383663177,1175604000
2003-06-05,0.1945140029030795,0.20344224424619214,0.19191885252914026,0.20275545120239258,1204404000
2003-06-06,0.21069109146316592,0.21175973347845362,0.19504788129144962,0.1965743899345398,1378836000
2003-06-09,0.19535280611064143,0.200389256996462,0.19123207480817525,0.19420816004276276,720588000
2003-06-10,0.1942081071120244,0.19718419153549055,0.1920717379589599,0.19703218340873718,563304000
2003-06-11,0.19581063278301852,0.1989396397797765,0.19230067756600294,0.19718420505523682,943836000
2003-06-12,0.19855781782975318,0.20069510179732786,0.19359829890553165,0.19420816004276276,1046688000
2003-06-13,0.18581463634877154,0.19115601628195775,0.17780211615562405,0.17909877002239227,1826808000
2003-06-16,0.18123608321176635,0.18520389163682985,0.169254839042596,0.182914599776268,1904868000
2003-06-17,0.18711131146449667,0.18848488368151808,0.18161699530590264,0.18726423382759094,999852000
2003-06-18,0.18543281201484765,0.19817685285745973,0.18390630365029878,0.19443705677986145,1122072000
2003-06-19,0.1952767699047907,0.19626849340910438,0.18161700977602235,0.1826096475124359,1190532000
2003-06-20,0.18459307445419362,0.18466999274952098,0.17780211821856742,0.18070127069950104,937848000
2003-06-23,0.1805492667966435,0.18146498615124385,0.1707053076138842,0.17429125308990479,734784000
2003-06-24,0.1732235713997992,0.17703845795694292,0.16833914225630311,0.17391036450862885,1008816000
2003-06-25,0.17436821779468414,0.18146502024707498,0.17368142473837742,0.17505499720573425,1060620000
2003-06-26,0.17558888286735258,0.17764924856698294,0.17009456523816643,0.17528393864631653,960540000
2003-06-27,0.17734422993927546,0.17894674198675145,0.17131515718695747,0.17215485870838165,709104000
2003-06-30,0.17444417719930558,0.17787811431090236,0.17245981626321788,0.1748260259628296,544128000
2003-07-01,0.17261275712201232,0.18222779025252855,0.1710102447776323,0.1819988638162613,977016000
2003-07-02,0.1836773582658781,0.18604358175729077,0.17894676703759313,0.18146498501300812,846828000
2003-07-03,0.1772673477013739,0.18405923236089872,0.1768864131220797,0.1794046312570572,420912000
2003-07-07,0.1818459691065792,0.1921477831127886,0.1817699650269492,0.1911560595035553,832200000
2003-07-08,0.18589061411727698,0.1915378516106836,0.18543276134338968,0.18901962041854858,602856000
2003-07-09,0.18894272443443025,0.19649739161195048,0.18863779395980368,0.1933692991733551,755352000
2003-07-10,0.18734021940556886,0.18978243310444187,0.18215176213043727,0.1854327768087387,644568000
2003-07-11,0.187646132707504,0.18879077880143674,0.18482205557681827,0.18642456829547882,495000000
2003-07-14,0.19115606650660996,0.1923007125492343,0.1840592637713904,0.18497498333454132,694344000
2003-07-15,0.18772209613542093,0.18856181147192713,0.1771913434358427,0.17894677817821503,1143456000
2003-07-16,0.18230381613746605,0.18314353156021115,0.17245985539262498,0.17673350870609283,880476000
2003-07-17,0.1713921352824789,0.17360450899767602,0.1655919732547156,0.16788126528263092,853764000
2003-07-18,0.16460024309991259,0.16513411375196785,0.15620585882321156,0.16223494708538055,1280832000
2003-07-21,0.1631506092152344,0.16368446603429576,0.15597687750728145,0.1597926765680313,985140000
2003-07-22,0.16429529756423703,0.1655159474988539,0.16154813930334214,0.16246385872364044,582444000
2003-07-23,0.16231094633505752,0.16559196175586471,0.15742743206409127,0.16460023820400238,605328000
2003-07-24,0.1675763284747952,0.1687969785237118,0.15681664815796703,0.15819022059440613,1116828000
2003-07-25,0.15849516930357876,0.16162416311843045,0.1526199174791729,0.1607084572315216,1002084000
2003-07-28,0.16200608656030058,0.1623870213349886,0.15506127596759448,0.15574806928634644,703752000
2003-07-29,0.1416313246455224,0.15384058305416443,0.14010481597904664,0.14552311599254608,2794788000
2003-07-30,0.14498829806803654,0.14666771495658854,0.1430048512819909,0.14392057061195374,788724000
2003-07-31,0.1472776354761293,0.14941491951847188,0.14414954196393012,0.14567512273788452,897600000
2003-08-01,0.14575203287253707,0.151704189013208,0.14430152852503816,0.15048262476921082,767556000
2003-08-04,0.15033060377384236,0.1588769952361261,0.1494148843738446,0.1561298370361328,1428852000
2003-08-05,0.1601745479051697,0.16383742514980398,0.15437440097351757,0.15567196905612946,1063488000
2003-08-06,0.15361158435293829,0.15567194912797666,0.1455990516399553,0.14933793246746063,1025868000
2003-08-07,0.1489570091214906,0.1510933781081386,0.145294132071704,0.1472775787115097,1040340000
2003-08-08,0.12629302948558546,0.1268269001430912,0.11644906859771849,0.11828050762414932,3767580000
2003-08-11,0.12018791757560378,0.12629300898666362,0.11942513422017391,0.12469051033258438,1675752000
2003-08-12,0.12629304966193253,0.1275136999154164,0.12423268383935167,0.12720876932144165,764160000
2003-08-13,0.12774265485807706,0.13010795154855698,0.12453764250125292,0.12804758548736572,693552000
2003-08-14,0.12377478100799966,0.12560621958979168,0.12224827289743581,0.1236218586564064,1527696000
2003-08-15,0.12285907437992567,0.12400372020020861,0.12209536312995051,0.12324000895023346,217716000
2003-08-18,0.1252244208060725,0.12690293788909912,0.12301113233673977,0.12690293788909912,717684000
2003-08-19,0.12972695782640936,0.1373576439127217,0.12965003952165124,0.13659484684467316,1403976000
2003-08-20,0.13468651473522186,0.13720473344530795,0.13171042939450145,0.13468651473522186,870348000
2003-08-21,0.13796840481032221,0.1396469211488778,0.13583112138737108,0.13834933936595917,644748000
2003-08-22,0.14666778560249502,0.1486512333439138,0.13926512274732625,0.1393420547246933,1002396000
2003-08-25,0.14201221816906687,0.14201221816906687,0.13735763095355813,0.13857828080654144,434028000
2003-08-26,0.13682372835147347,0.13888409301564764,0.13262608074363272,0.1363658756017685,768984000
2003-08-27,0.13728160255011837,0.14193618894043888,0.13583109864855625,0.14048661291599274,567816000
2003-08-28,0.14186020806507404,0.14262300505054637,0.13522125986081096,0.13682375848293304,828312000
2003-08-29,0.13659483543181936,0.13926506159505805,0.13606005062639007,0.13865520060062408,532884000
2003-09-02,0.1410965428459062,0.14231810731216324,0.13674688476680516,0.13743367791175842,711456000
2003-09-03,0.13949407168321318,0.13987592067041132,0.13407668469416725,0.1347634643316269,849972000
2003-09-04,0.1352972756641865,0.13926507023816545,0.13430555216740123,0.13606005907058716,740064000
2003-09-05,0.13628899726916174,0.14575202249851718,0.1346864848849893,0.14254701137542725,1198740000
2003-09-08,0.1448363117012857,0.15078846777238103,0.14308087684069365,0.14910905063152313,1508712000
2003-09-09,0.1449882911741788,0.16383742072410734,0.14300484448244147,0.15826618671417236,2489436000
2003-09-10,0.15376451127722693,0.15788524095028114,0.14620984475837823,0.14743049442768097,1380624000
2003-09-11,0.14941492098482786,0.15376457896666837,0.13964696298948787,0.14552311599254608,2612736000
2003-09-12,0.1443015172966243,0.1508644618712448,0.14269901856834152,0.14765945076942444,1162404000
2003-09-15,0.14888011919595573,0.14964383055898436,0.144683397741191,0.14521725475788116,596028000
2003-09-16,0.14552304130247976,0.15017764112286872,0.14552304130247976,0.14971977472305298,620736000
2003-09-17,0.15063555020226346,0.15437443226629455,0.14941490016569506,0.15147526562213898,902784000
2003-09-18,0.15063555181956234,0.1526959172981274,0.14895704883921013,0.15261991322040558,603492000
2003-09-19,0.1543743851698562,0.15536702267287397,0.15002472912107734,0.15139830112457275,648096000
2003-09-22,0.14842222071194214,0.1487280653980718,0.1442254868997697,0.14544613659381866,735504000
2003-09-23,0.1456751094316228,0.14765947088692719,0.1437676799335816,0.14681975543498993,628932000
2003-09-24,0.14369164482316413,0.1449882987061308,0.13545018446248167,0.13567911088466644,1600668000
2003-09-25,0.13674686375232012,0.13918907807721684,0.1331609176907475,0.13377077877521515,736776000
2003-09-26,0.13338979804895967,0.13377073253703822,0.12690285909785265,0.12865827977657318,895908000
2003-09-29,0.12217225102093661,0.1265219067844318,0.1198060416696175,0.12171439826488495,1944996000
2003-09-30,0.12064577019155963,0.12598714975499412,0.12018790373935155,0.12186641991138458,1020888000
2003-10-01,0.12209536440750761,0.12430865200358139,0.1217904339016602,0.12285907566547394,877224000
2003-10-02,0.1220953524012114,0.12652192715806995,0.12171441786437702,0.124766506254673,857628000
2003-10-03,0.12820050791822615,0.13125259784418988,0.12598721942617447,0.12804758548736572,862812000
2003-10-06,0.12827645879013477,0.1295740269782124,0.1259871671487925,0.1270558089017868,377028000
2003-10-07,0.12705586973597185,0.12820051610469818,0.1253004341919728,0.12820051610469818,510588000
2003-10-08,0.128200463918814,0.1293451098215954,0.12293508730791747,0.12369788438081741,739440000
2003-10-09,0.12552931229941827,0.13033683610922714,0.12446158467924773,0.12545330822467804,852408000
2003-10-10,0.1274376661477105,0.1285823120442206,0.12591117142341102,0.12766659259796143,413976000
2003-10-13,0.12911616930328232,0.1316343872859982,0.1281244458869224,0.12896324694156647,434904000
2003-10-14,0.12758965160613972,0.13171038155896225,0.12682686831830658,0.13132944703102112,623556000
2003-10-15,0.1328550527453873,0.13529728059558066,0.12881125395300544,0.1296500414609909,703488000
2003-10-16,0.12980295218315166,0.13171039500392726,0.12781860470862974,0.13125254213809967,446088000
2003-10-17,0.13048975329780818,0.13300797150804772,0.1269798115816055,0.12713181972503662,459696000
2003-10-20,0.12720871508605575,0.13010788100934903,0.12644500393297878,0.12995587289333344,467388000
2003-10-21,0.13232119567292694,0.13644192641361644,0.13048975675589702,0.1339236944913864,758724000
2003-10-22,0.13186331081522631,0.1349153992941121,0.13094760512908907,0.13163438439369202,620952000
2003-10-23,0.12972696276443457,0.13354184883674713,0.12949803630567136,0.13102363049983978,451524000
2003-10-24,0.12972697616174914,0.1317104234782809,0.12850541178883626,0.13056577742099762,447084000
2003-10-27,0.13125254213809967,0.13277903674679403,0.13033682276119013,0.13125254213809967,254460000
2003-10-28,0.13300801904068715,0.14025775938851323,0.1323972435523876,0.13949406147003174,956064000
2003-10-29,0.13537332936593258,0.1411734791500086,0.13529732526705568,0.13949406147003174,494004000
2003-10-30,0.14308083381716424,0.1431568378687887,0.13667081311712737,0.13689973950386047,581256000
2003-10-31,0.1381203920885664,0.13926503769196566,0.1327790128015791,0.13491538166999817,598152000
2003-11-03,0.13422866597740724,0.1400288150226636,0.13361879115396122,0.13743367791175842,773724000
2003-11-04,0.14040973460815118,0.14079159712296374,0.13697579654301958,0.1378915160894394,700896000
2003-11-05,0.13506832708528613,0.13979984629091144,0.13285503955358957,0.138426274061203,882024000
2003-11-06,0.140486639338507,0.1411734186312724,0.1361369689247215,0.13865520060062408,1175280000
2003-11-07,0.1652870193721455,0.16833910811628267,0.16177707774514855,0.16597381234169006,4292820000
2003-11-10,0.1665076828241904,0.1687969747150193,0.1645242357015054,0.1655159592628479,1210056000
2003-11-11,0.16177711429555128,0.1646002635908395,0.15849518413641753,0.16139525175094604,799140000
2003-11-12,0.1608613895265608,0.1640664012638229,0.16009767810706402,0.1635316163301468,617664000
2003-11-13,0.16353160291260208,0.16589782682921325,0.16261588339919536,0.16360852122306824,580332000
2003-11-14,0.164066434467044,0.164066434467044,0.15345875920319407,0.1539166122674942,888420000
2003-11-17,0.1510174718700004,0.1541455525574662,0.14956696692477497,0.15231412649154663,599880000
2003-11-18,0.15605383218557886,0.15796127504489274,0.14956689176240254,0.1501016765832901,991428000
2003-11-19,0.15116940285292188,0.154909185058626,0.15063553226855655,0.15429840981960297,567552000
2003-11-20,0.15185619025855654,0.15521412383994881,0.1495668984896879,0.15017768740653992,738852000
2003-11-21,0.15200906104010625,0.15223800105549132,0.1478883454419345,0.15078841149806976,543240000
2003-11-24,0.15223803101354175,0.16025055106173938,0.1511693893534407,0.15986870229244232,940644000
2003-11-25,0.1605555149146676,0.16398946643729248,0.15872408956722467,0.16261588037014008,822804000
2003-11-26,0.16528701415303457,0.16582087108882115,0.15971670743854707,0.16276879608631134,430032000
2003-11-28,0.1626927836561929,0.16315063650106096,0.1606324185637792,0.16200599074363708,206136000
2003-12-01,0.16383746280431247,0.1655159658121669,0.16192910544992273,0.16429531574249268,526980000
2003-12-02,0.1633026764455645,0.16696554085393495,0.16261588339919536,0.16360852122306824,574740000
2003-12-03,0.1640663845133477,0.16940776545270061,0.16154815249064833,0.16192910075187683,710028000
2003-12-04,0.16246384184995064,0.16536300795085018,0.1572744700267089,0.16109026968479156,521952000
2003-12-05,0.15727454290298779,0.16177713755264334,0.15460340139760714,0.1559009701013565,559848000
2003-12-08,0.1559009122442041,0.1586480704732152,0.15452733995232598,0.15704555809497833,340980000
2003-12-09,0.1567405890145148,0.1582661690703396,0.14880406043648417,0.14888006448745728,598128000
2003-12-10,0.1488801458986141,0.15300087765881434,0.14880414180608018,0.1521620899438858,568656000
2003-12-11,0.15208509501417491,0.16177705919746083,0.15178016453792129,0.15986870229244232,694872000
2003-12-12,0.16200600053613448,0.16307372806261788,0.15643477953921556,0.15902991592884064,700692000
2003-12-15,0.16368445087040392,0.16391339087859383,0.15536700224409897,0.15582485496997833,622752000
2003-12-16,0.15490920499541289,0.15895301763823855,0.15216206012382558,0.15796129405498505,601728000
2003-12-17,0.15666374422704243,0.15719851553028602,0.1523140862948374,0.15490922331809998,499116000
2003-12-18,0.15521404808564104,0.16002156937009387,0.15506112578435172,0.15841905772686005,436728000
2003-12-19,0.16238699716868324,0.16482922576871967,0.15902997670600832,0.1607844978570938,916956000
2003-12-22,0.15841912895769092,0.16139521360095738,0.15681663023916576,0.16101336479187012,371184000
2003-12-23,0.16040352219147128,0.16917885550520595,0.16032660387503844,0.16757634282112122,722760000
2003-12-24,0.1675002553934911,0.16803412582688235,0.1658977571520222,0.16635560989379883,210852000
2003-12-26,0.16765235555772057,0.1745202459728403,0.16696556242263114,0.1735285222530365,363960000
2003-12-29,0.1768095335955678,0.18146503630719812,0.17597073230625412,0.18085426092147827,756624000
2003-12-30,0.17894678163844313,0.18467001097920588,0.17879385926469324,0.18123607337474823,550884000
2003-12-31,0.1811591466585195,0.18199886197226534,0.17413924998870475,0.17703841626644135,497268000
2004-01-02,0.17986255186579206,0.18230385243332334,0.1761227548122406,0.1761227548122406,436416000
2004-01-05,0.17879387396419608,0.18306752727275477,0.1771913614298792,0.18184596300125122,575292000
2004-01-06,0.18131200459422034,0.1917667492258707,0.18047228957887523,0.18924853205680847,1093344000
2004-01-07,0.18711131689418073,0.19184282254815027,0.18581464929183852,0.19092710316181183,673032000
2004-01-08,0.1932924004548653,0.1942081198486989,0.18978245889356907,0.19161389768123627,433752000
2004-01-09,0.19031630396066426,0.19672632521268135,0.1887907101151414,0.19436101615428925,766584000
2004-01-12,0.19504788129144962,0.19718425108974777,0.19321644207075545,0.1965743899345398,541980000
2004-01-13,0.19558173704694096,0.19749009457342892,0.1843642025973483,0.18642456829547882,865800000
2004-01-14,0.18734028632643168,0.19001142738551421,0.1832964732822221,0.18505099415779114,544872000
2004-01-15,0.18367732085790597,0.18688233110354013,0.18039630656312278,0.1853567510843277,609204000
2004-01-16,0.18726423551840277,0.1897824535465548,0.18550880084855517,0.18817995488643646,451728000
2004-01-20,0.19046924045713826,0.19375025538503235,0.18833287129175427,0.1934453248977661,487764000
2004-01-21,0.19184278069601243,0.1926055775484084,0.18421211041224506,0.184517040848732,494460000
2004-01-22,0.18550876287270474,0.18848484679826097,0.17803101497203352,0.1802433878183365,605724000
2004-01-23,0.17932769254440958,0.18291456569422462,0.1758177513326111,0.17619960010051727,482472000
2004-01-26,0.17734427894146407,0.18390630976200228,0.17597070655356,0.1831435263156891,393684000
2004-01-27,0.17948063844628545,0.18238071908829614,0.17131519500238956,0.17268876731395721,934104000
2004-01-28,0.17490203837688775,0.17764919638453414,0.17131517874216431,0.17223088443279266,615204000
2004-01-29,0.17276570756656817,0.1736045087930789,0.16139523787564616,0.16719448566436768,929700000
2004-01-30,0.16681351274086417,0.17360448314589202,0.1658208750357441,0.16978959739208221,466464000
2004-02-02,0.17116321781100083,0.17589381027665707,0.16940778271875043,0.17253679037094116,560844000
2004-02-03,0.17207888433752647,0.1750549689067396,0.16963667034735114,0.17192596197128296,418032000
2004-02-04,0.16948379428888188,0.17085736690948908,0.16704249386372,0.1672714203596115,436800000
2004-02-05,0.16818709866927545,0.1716970402689871,0.16711845689496233,0.16978959739208221,331980000
2004-02-06,0.17200197743258255,0.17612270808673774,0.17108625799329746,0.17368140816688538,471132000
2004-02-09,0.17497804383315388,0.17780212015883262,0.1723838218092187,0.17245982587337494,373992000
2004-02-10,0.17299455763014368,0.17894672518290375,0.17291763935149013,0.178793802857399,509700000
2004-02-11,0.1810831851987646,0.18566176953604568,0.1804723961752524,0.18505099415779114,737808000
2004-02-12,0.18405920872440854,0.18505093207337708,0.17665746399569962,0.17948061227798462,974892000
2004-02-13,0.1747491130055552,0.18230378033979242,0.1732235190782999,0.17780211567878723,1747500000
2004-02-17,0.1784888822244489,0.18032032073422424,0.176046668564276,0.17978554964065552,575976000
2004-02-18,0.18032032073422424,0.18123603998911192,0.1785648862812777,0.17978554964065552,320244000
2004-02-19,0.18199886022777167,0.18520387120808357,0.1793277061775381,0.1797095686197281,631032000
2004-02-20,0.1794045813486577,0.18466995623950377,0.178411943916401,0.1842121034860611,618120000
2004-02-23,0.18390627891602285,0.184212137274216,0.17535988819944698,0.17780211567878723,853332000
2004-02-24,0.17474916119189765,0.1769624492175782,0.16879699079260505,0.17070534825325012,708384000
2004-02-25,0.17177300968339893,0.17497802012766428,0.16986556719131585,0.1716970056295395,652512000
2004-02-26,0.17421524026920876,0.1745201843915786,0.17070529903469328,0.17284166812896729,344976000
2004-02-27,0.1732235349226008,0.17337555670624172,0.16719446096415538,0.16978959739208221,595548000
2004-03-01,0.16933176393773816,0.17261277947418247,0.1691028374718265,0.1723078489303589,506628000
2004-03-02,0.1725367552982595,0.1737574052087982,0.16841602481082896,0.16910281777381897,813348000
2004-03-03,0.16864493819776258,0.16864493819776258,0.1641423592493785,0.1668895035982132,552492000
2004-03-04,0.16856805618769735,0.17085734818625894,0.16719448371761172,0.17055241763591766,413352000
2004-03-05,0.16673660891590505,0.1732235499621111,0.16612674784526937,0.16933175921440125,354888000
2004-03-08,0.16940779120817276,0.17169708347121432,0.16215805186760202,0.16345562040805817,465168000
2004-03-09,0.1648291295308342,0.1649820518681915,0.15956375433228945,0.1623108983039856,371232000
2004-03-10,0.1633796049455054,0.16513412577127665,0.15880102073817629,0.15994566679000854,481692000
2004-03-11,0.15780833539901762,0.16345555987701804,0.15780833539901762,0.15872405469417572,526872000
2004-03-12,0.1608613812729567,0.16406639284577354,0.1591059462704672,0.1620820313692093,377952000
2004-03-15,0.16109021066105272,0.16177700331461703,0.15742734834762326,0.15841905772686005,421224000
2004-03-16,0.16040346927678714,0.1659737890300454,0.15933482764426143,0.16521099209785461,597504000
2004-03-17,0.16788123860448048,0.17085732322594097,0.16719445929239665,0.1692548245191574,524592000
2004-03-18,0.16833909521147694,0.17322352298994811,0.16788122871846212,0.1711631715297699,528048000
2004-03-19,0.17024750040272715,0.1720020076399321,0.16818713471380387,0.16917885839939117,452964000
2004-03-22,0.1665846111076513,0.16917884733507457,0.16406639260599581,0.16788126528263092,576708000
2004-03-23,0.1701705573797419,0.1720019826688105,0.16666060189212237,0.16856804490089417,576036000
2004-03-24,0.16826315388890856,0.17894683218356586,0.16788129131746357,0.1761227548122406,787344000
2004-03-25,0.17810708073553522,0.18726426206893323,0.17780215019538712,0.1863485425710678,997128000
2004-03-26,0.18581467866897583,0.18871384542182515,0.18329646019235787,0.18581467866897583,551604000
2004-03-29,0.18848493103361322,0.19634544539605728,0.18810399637821787,0.19382722675800323,985764000
2004-03-30,0.19252967212054928,0.20054219522822983,0.19237673606278569,0.19962647557258606,724956000
2004-03-31,0.20061817243492644,0.20359425750565036,0.1995504447421786,0.2014578878879547,604752000
2004-04-01,0.2016868162920344,0.20580754740708923,0.1928345787202214,0.19787102937698364,1319508000
2004-04-02,0.202220676764778,0.20351824510861796,0.19611649871297493,0.20069508254528046,649740000
2004-04-05,0.19962638632202828,0.2087075610830321,0.19962638632202828,0.2078678458929062,576744000
2004-04-06,0.2037471683789135,0.20519675849889868,0.19840578752054686,0.1994735151529312,624096000
2004-04-07,0.20100000831062848,0.20107601238046408,0.19489491658612224,0.19840577244758606,447864000
2004-04-08,0.20283144067854803,0.20603645191012318,0.20130494595791795,0.20405209064483643,447096000
2004-04-12,0.20565456856820546,0.20657028785857806,0.1990156207695704,0.2002371847629547,443784000
2004-04-13,0.2020686126558763,0.20222062076738434,0.1945899500222045,0.19558165967464447,442704000
2004-04-14,0.194590028308905,0.20023725473067022,0.19237672654674007,0.1965743899345398,512016000
2004-04-15,0.19390325088403848,0.19474296647601907,0.18543286085932098,0.18627257645130157,828084000
2004-04-16,0.18550884795692457,0.18558576627471246,0.17978561750991673,0.18016746640205383,654864000
2004-04-19,0.18001449922576598,0.18123606332912956,0.17673348417691953,0.17993849515914917,522804000
2004-04-20,0.1803963748319736,0.18238073623777942,0.17223091697501466,0.1723078489303589,513804000
2004-04-21,0.1729946433425021,0.17856495131202935,0.17123922189550922,0.17253679037094116,688812000
2004-04-22,0.17093428576644343,0.1764286035566425,0.1673474249730062,0.1735285222530365,695520000
2004-04-23,0.1756648603626042,0.18032036235510704,0.1751309897324792,0.17734427750110626,443928000
2004-04-26,0.17772519816391366,0.1784888957176242,0.1699415907315795,0.17039945721626282,429912000
2004-04-27,0.17238383843589977,0.17696242194811054,0.16833911188829495,0.1689498871564865,494568000
2004-04-28,0.16902589094812578,0.17162104109533483,0.16696552564199116,0.16826310753822327,468768000
2004-04-29,0.1672713992766951,0.1684160452571394,0.16139523334046538,0.16360852122306824,645048000
2004-04-30,0.16269275027373054,0.1636844598234578,0.1559768715889,0.1565876603126526,512928000
2004-05-03,0.15826624175897297,0.1598687544788775,0.15185621816987036,0.15460337698459625,610668000
2004-05-04,0.1568166352679233,0.16643166882317112,0.156434786446591,0.16444730758666992,772380000
2004-05-05,0.16460018738801196,0.16727134091801754,0.16322661541975053,0.16582083702087402,464280000
2004-05-06,0.16414239649306103,0.1684920540700253,0.16063245437481363,0.16719448566436768,711348000
2004-05-07,0.17207890930129857,0.17528392076881033,0.16757632946733697,0.16849204897880554,956772000
2004-05-10,0.16398946620442353,0.16574488747250377,0.15834314108060416,0.16192910075187683,669072000
2004-05-11,0.16398944447231575,0.1675003001884689,0.16330265153072956,0.16589780151844025,399936000
2004-05-12,0.16498210731580654,0.1652110337828441,0.1578852913208468,0.16360852122306824,482328000
2004-05-13,0.16223494209856473,0.1671184700099327,0.16177708918333322,0.16414238512516022,347952000
2004-05-14,0.16482917814326337,0.16772924530762234,0.16330266972459895,0.16414238512516022,459000000
2004-05-17,0.16177710759604583,0.16391347732340864,0.1591059529400284,0.1615481674671173,308340000
2004-05-18,0.16299773919182553,0.16604982815175567,0.16238695024888003,0.16414238512516022,204420000
2004-05-19,0.1678052548429669,0.17017056450701418,0.16292174041795093,0.16376052796840668,498276000
2004-05-20,0.16345561747982457,0.16620277633341524,0.16055553622003804,0.16139525175094604,421488000
2004-05-21,0.16330268963496883,0.16353161612049602,0.15956382084633694,0.16177710890769958,282096000
2004-05-24,0.16147121777047235,0.16307373013524992,0.15933484845829515,0.1612422913312912,301620000
2004-05-25,0.16192908924499996,0.16902589094812578,0.15864807399134667,0.16826310753822327,681264000
2004-05-26,0.1682630687918092,0.17398629685469302,0.16727134551883793,0.1716970056295395,524568000
2004-05-27,0.17452018959512489,0.1771153258304149,0.1720019580101356,0.17223088443279266,556548000
2004-05-28,0.17436819479413923,0.17993850165344108,0.17299460886271262,0.17894677817821503,637980000
2004-06-01,0.17589372312787016,0.18062522748149756,0.1756647967555142,0.178793802857399,318420000
2004-06-02,0.18314351641297044,0.18398323176626524,0.17726735104934457,0.17742027342319489,643800000
2004-06-03,0.17749625615423317,0.1778781185721582,0.16833909030393898,0.1688738614320755,700824000
2004-06-04,0.17230785461962744,0.17268878925394063,0.16704247750352486,0.16719448566436768,649608000
2004-06-07,0.1699416153202135,0.17314662659571137,0.16780524588058954,0.1712391972541809,571956000
2004-06-08,0.1702474468546876,0.17055237733297127,0.16566885029426826,0.16818708181381226,615000000
2004-06-09,0.1691788043233722,0.16940773073891055,0.15979269847901995,0.16032655537128448,498336000
2004-06-10,0.16292170299189437,0.1632266334645418,0.15727446486864075,0.15872405469417572,564516000
2004-06-14,0.15788526121839205,0.15788526121839205,0.15254296695834313,0.1537645310163498,424752000
2004-06-15,0.1563588300736156,0.15841918236481503,0.15460339474798526,0.15605388581752777,394584000
2004-06-16,0.15559599151687994,0.15658771505858288,0.15300084126404412,0.15361163020133972,252576000
2004-06-17,0.15261986468312266,0.1563587455982301,0.14979578875152155,0.15055949985980988,482376000
2004-06-18,0.1513982859758166,0.1549851447876058,0.14880405092247223,0.15078841149806976,534336000
2004-06-21,0.15101738417690905,0.1533826797264566,0.14712558046186533,0.1481173038482666,266568000
2004-06-22,0.14895710560623704,0.1530009061492934,0.14796446741143768,0.15231412649154663,430308000
2004-06-23,0.15185621966524543,0.1555190981209494,0.15147528499982094,0.15490922331809998,264660000
2004-06-24,0.15902987599161048,0.1595637464434084,0.15239092913544924,0.15353557467460632,590652000
2004-06-25,0.15460338515240327,0.1563588203690811,0.1527719458458298,0.15452738106250763,329124000
2004-06-28,0.15674059844361493,0.1572744552962458,0.1526198686888353,0.1532297432422638,299376000
2004-06-29,0.1541454580949242,0.15872405456704752,0.15353559715011775,0.15849512815475464,363852000
2004-06-30,0.1542984185532913,0.1586480756574198,0.1542984185532913,0.15620584785938263,329268000
2004-07-01,0.15796124874552642,0.15819017514495093,0.14880406996127402,0.14903301000595093,505620000
2004-07-02,0.15063558094403284,0.1507115850364496,0.14582806966138231,0.14697271585464478,294948000
2004-07-06,0.1452172276684101,0.14674372223226387,0.13674684073738147,0.13834933936595917,575388000
2004-07-07,0.14010474557773792,0.14300482540088538,0.1383493112985719,0.13903610408306122,344136000
2004-07-08,0.13773955036306862,0.14002884311178962,0.134534537785807,0.1347634643316269,430056000
2004-07-09,0.13461047176709676,0.13476339412881258,0.1264450153135966,0.12896324694156647,1114500000
2004-07-12,0.12537728262286985,0.1289632415830489,0.12430864095404544,0.12598715722560883,676044000
2004-07-13,0.1275137120411088,0.12972700048730898,0.12438470384832076,0.12575829029083252,567108000
2004-07-14,0.12133256916123623,0.12469051628407708,0.1177457092428914,0.1201879233121872,901608000
2004-07-15,0.12140855544885343,0.1227061233332184,0.11858539388521092,0.1193481907248497,611352000
2004-07-16,0.12301109410512277,0.12316401648688549,0.11583827435970306,0.11583827435970306,464700000
2004-07-19,0.11614320744104394,0.11843249907860418,0.11454069510759907,0.11713584512472153,461088000
2004-07-20,0.11705891598542234,0.11995899657430759,0.11591427013920842,0.11950114369392395,341544000
2004-07-21,0.12133254711952396,0.12148548310819364,0.11187044471310431,0.1122513860464096,613416000
2004-07-22,0.11354899630670452,0.11522751307209547,0.10988612479784675,0.11461763828992844,521460000
2004-07-23,0.11538040619162529,0.1155333285531695,0.1108018162618339,0.11156460642814636,371496000
2004-07-26,0.11301510815355054,0.11400683160743347,0.10736788311435093,0.10843652486801147,503208000
2004-07-27,0.10897039246198964,0.11232832597653938,0.10561245212481239,0.11202247440814972,789888000
2004-07-28,0.11179355191128623,0.1121754075635535,0.10607031557837739,0.10919932276010513,505116000
2004-07-29,0.11072584169930752,0.11919623771422728,0.11019106358479626,0.11637216061353683,747360000
2004-07-30,0.11492249249888432,0.1198060177368708,0.11469356616658938,0.11766964942216873,403956000
2004-08-02,0.1177457095414563,0.11965406666451228,0.1157622625807243,0.11919621378183365,420984000
2004-08-03,0.11973003560047696,0.11980603964792803,0.11209936568889839,0.1130150780081749,741540000
2004-08-04,0.11179355266119242,0.11530441551873816,0.11164154451401123,0.1142357736825943,507816000
2004-08-05,0.11545644099034169,0.11599121228209111,0.1091233357931486,0.11110678315162659,859920000
2004-08-06,0.07714918688479436,0.0778359728538424,0.07096809269548496,0.07195981591939926,5088948000
2004-08-09,0.07379130450595466,0.0768443090523163,0.07257065395599141,0.07516488432884216,1579212000
2004-08-10,0.07936247596721846,0.08188070034801093,0.07806490122355951,0.08111698925495148,2051916000
2004-08-11,0.08004927369831827,0.08004927369831827,0.07821784185798401,0.07875170558691025,963816000
2004-08-12,0.07898064376149919,0.07920957021712222,0.07676735598925342,0.0769202783703804,654384000
2004-08-13,0.07875171483920775,0.0806591509668268,0.0780649218485947,0.08012528717517853,815700000
2004-08-16,0.0792095377901946,0.08134590638121944,0.07875168506638502,0.07936246693134308,531732000
2004-08-17,0.08111699537507824,0.08416999786867828,0.08035420527895824,0.083712138235569,744912000
2004-08-18,0.08409309489891904,0.08928246051073074,0.08340630191282311,0.08928246051073074,872424000
2004-08-19,0.08874858928731053,0.09035109462637107,0.08760393676858741,0.08897751569747925,724404000
2004-08-20,0.08851965074874385,0.09553953944599573,0.08821379924292255,0.0942428857088089,1199040000
2004-08-23,0.09576849126097298,0.09729499274554092,0.0952346274869398,0.09630326926708221,800028000
2004-08-24,0.09767682668277497,0.0981346863174742,0.0908849566881988,0.09271638840436935,939420000
2004-08-25,0.09477677381630656,0.09737100301409776,0.09302133895645555,0.09668421000242233,721308000
2004-08-26,0.09653219514133775,0.09752391861397502,0.0957684906988124,0.09691313654184341,612720000
2004-08-27,0.09699005015999647,0.10011814279726486,0.09691313186247819,0.09874456375837326,565128000
2004-08-30,0.09836363210745311,0.09889749586836145,0.09538754751316679,0.09546355158090591,628056000
2004-08-31,0.09584540566271273,0.09630326534850797,0.09210561670042408,0.09508169442415237,587064000
2004-09-01,0.09386104782269934,0.09828670882442968,0.09264039791050681,0.09691313654184341,591744000
2004-09-02,0.09737101075709757,0.10164466425750905,0.09645529121713035,0.10088186711072922,770088000
2004-09-03,0.09782887250185013,0.09981322719239963,0.0969900712576481,0.09782887250185013,715056000
2004-09-07,0.09843966688047558,0.1005000327310924,0.0947007909237804,0.09599744528532028,727332000
2004-09-08,0.09607432417430435,0.09691312517819341,0.09378503275667559,0.09401395916938782,834984000
2004-09-09,0.09630326583631633,0.10507858350950931,0.09584540614820189,0.10340007394552231,1299324000
2004-09-10,0.10164463779120135,0.10790173690329947,0.10133970049380495,0.1073678731918335,1039344000
2004-09-13,0.10721493236717063,0.1115645883429249,0.10706292426228554,0.10942821949720383,967752000
2004-09-14,0.10843654809527377,0.11064892191215929,0.10759683259697102,0.10988612473011017,683556000
2004-09-15,0.10652815067400993,0.10683400218248239,0.1024074209212338,0.10378099977970123,1163904000
2004-09-16,0.10553644134000659,0.10874145227776699,0.10515458572551348,0.1076728105545044,810024000
2004-09-17,0.10851253480453714,0.11270926951432489,0.10759681536885257,0.11209940165281296,1003800000
2004-09-20,0.10988610574261935,0.11515148901975257,0.1085125334291303,0.1119464710354805,794628000
2004-09-21,0.11446468555223706,0.11583825773986876,0.11309110654197843,0.11492253839969635,503904000
2004-09-22,0.11187045653993614,0.11461760773354793,0.10904638705052927,0.10958116501569748,625920000
2004-09-23,0.11087784235059389,0.11118369395706154,0.10767283080990701,0.11057291179895401,578664000
2004-09-24,0.11103074979844722,0.11118367216038766,0.10561244456889662,0.10721495002508163,476316000
2004-09-27,0.10637615367887215,0.10759680349934325,0.10340006925251699,0.10530751198530197,406020000
2004-09-28,0.10507857475051091,0.10774972176701249,0.10362899856272655,0.10683400928974152,474840000
2004-09-29,0.1067570727661503,0.11248030754496556,0.1053835007857152,0.10942821949720383,537228000
2004-09-30,0.11064890106576662,0.11332004840280743,0.10858853580506532,0.1108018234372139,619680000
2004-10-01,0.11133570175150899,0.11599120406491682,0.11080183790721249,0.1153804287314415,590412000
2004-10-04,0.11637211974696987,0.12018790554189335,0.11614319334005878,0.11866141110658646,673932000
2004-10-05,0.11576225619657943,0.11881434477119017,0.11492254090203036,0.11599118262529373,633180000
2004-10-06,0.11576225766518708,0.11698290753506073,0.11309111043915504,0.11644905060529709,498504000
2004-10-07,0.11858542144575802,0.12125656188517725,0.11652505624290292,0.11713584512472153,798072000
2004-10-08,0.11591426354543173,0.11637213004502449,0.10973317496296202,0.11072581261396408,693420000
2004-10-11,0.11087781935930252,0.11309110682881286,0.10889437936873922,0.11087781935930252,373848000
2004-10-12,0.10713895672063457,0.11011504150500741,0.10538352872620253,0.10927532613277435,827232000
2004-10-13,0.11255724701955518,0.11400683014796044,0.1076728122389139,0.10858853161334991,672816000
2004-10-14,0.1095811645275807,0.1095811645275807,0.10454471500953763,0.10530751198530197,513264000
2004-10-15,0.10553647063569048,0.1056893998639208,0.09981323328023572,0.10240746289491653,1280484000
2004-10-18,0.10179753225109357,0.10530747931946535,0.10095782406297679,0.1042388379573822,573972000
2004-10-19,0.1066050835102989,0.10767281100601143,0.10278929051333038,0.10355208069086075,618480000
2004-10-20,0.10324715406683128,0.10523151523293456,0.10263637199815993,0.10477365553379059,540204000
2004-10-21,0.10584138586267677,0.10851253323667345,0.10500258474304947,0.10713895410299301,1013964000
2004-10-22,0.10813069228284355,0.10835961875823673,0.1010338828514852,0.10133972764015198,686460000
2004-10-25,0.10050000503215932,0.10400994669216795,0.10027107176594882,0.10179757326841354,529164000
2004-10-26,0.11179356188296968,0.11591428613340399,0.10813069057609491,0.11057291179895401,2455776000
2004-10-27,0.10858854638705687,0.11568535544790431,0.10858854638705687,0.11362498998641968,1074036000
2004-10-28,0.11209936389526545,0.11446465893700032,0.1113356528604853,0.11240429431200027,561552000
2004-10-29,0.11133567065288913,0.11286217191197725,0.10942822804732813,0.11041995137929916,742860000
2004-11-01,0.11194648074619067,0.11286220024970177,0.11049690423608775,0.1127861961722374,653892000
2004-11-02,0.11248033961681718,0.11675399275868825,0.11156462015367472,0.11438869684934616,1095756000
2004-11-03,0.11904326942862815,0.11942513186006679,0.11484653512763605,0.11545640975236893,910356000
2004-11-04,0.11629613738368717,0.1190432820696057,0.11385391639726042,0.11759370565414429,995544000
2004-11-05,0.13583109390124593,0.14323375185485013,0.1330839500523675,0.13461044430732727,3849012000
2004-11-08,0.13316090629649863,0.13789149792213334,0.1325501173868672,0.13606005907058716,718620000
2004-11-09,0.1339996653445699,0.1372046758321738,0.1339236612896827,0.13522124290466309,615936000
2004-11-10,0.13506830691773752,0.13651789664249223,0.13445753178294315,0.13522124290466309,645912000
2004-11-11,0.13606007699659978,0.1378915160894394,0.13514435745017997,0.1378915160894394,507000000
2004-11-12,0.14002880003582532,0.14040973467334444,0.13674687013122147,0.13812044262886047,647076000
2004-11-15,0.13674688767973583,0.14117346417463736,0.1359080863385237,0.1401808261871338,536472000
2004-11-16,0.14063867777337458,0.14216517269768775,0.13712872190597356,0.13972295820713043,472728000
2004-11-17,0.14193626568036252,0.14582807095924719,0.1405626929652746,0.14208918809890747,602772000
2004-11-18,0.1433097817662282,0.14514122042615382,0.1403336973551624,0.14392057061195374,532524000
2004-11-19,0.15490921615212083,0.15666373697990052,0.1435387460585505,0.14468340575695038,2126052000
2004-11-22,0.14521723841225484,0.14880409836769104,0.143843666108243,0.14880409836769104,733788000
2004-11-23,0.14758348744771935,0.15101743958334005,0.1463619229615012,0.14941492676734924,676896000
2004-11-24,0.14926193011964406,0.15246694051237486,0.14888006774746165,0.15002472698688507,428580000
2004-11-26,0.1507115017137458,0.15292478878421106,0.14941484805252075,0.15155121684074402,350760000
2004-11-29,0.1526958411251109,0.15376448248624455,0.14727754451135333,0.14857511222362518,704388000
2004-11-30,0.14918599586476855,0.14933800404116135,0.14514126842793207,0.14598098397254944,576540000
2004-12-01,0.1472776279909925,0.14964383840560913,0.14620990025636893,0.14964383840560913,514572000
2004-12-02,0.14819331995669646,0.15277190330285614,0.14704867412015654,0.15162725746631622,758652000
2004-12-03,0.1552901396887492,0.1602505860716929,0.15475628268068026,0.15819022059440613,1347312000
2004-12-06,0.1589529999119454,0.16704245275981366,0.1561298376322993,0.1657448709011078,970500000
2004-12-07,0.17543594381512342,0.1904692924842954,0.17200200558960432,0.17406237125396729,2927052000
2004-12-08,0.17650461738368556,0.17932776687740287,0.17474918211153073,0.1761227548122406,872724000
2004-12-09,0.17299458576289073,0.17635160455125468,0.16963665274257575,0.17452017962932587,869964000
2004-12-10,0.17856489082558005,0.17978555421602258,0.17680946997321234,0.17787811160087585,652848000
2004-12-13,0.17520694182407417,0.177496232987855,0.17215485380123657,0.17299456894397736,738024000
2004-12-14,0.17314659085628656,0.17665745981088982,0.17284166039281834,0.17650453746318817,512988000
2004-12-15,0.17825999031779186,0.17864093855282953,0.17551284566677125,0.17810706794261932,432768000
2004-12-16,0.18329643558744152,0.18970645779952164,0.18016742855095433,0.18047235906124115,1524036000
2004-12-17,0.18383022452083478,0.18459302127560773,0.17391026436283707,0.1759706288576126,1214244000
2004-12-20,0.17803109441354192,0.18077825318111174,0.17314665166477736,0.17406237125396729,898728000
2004-12-21,0.1740623809209224,0.17658061334236497,0.1697896411857487,0.17535994946956635,899400000
2004-12-22,0.1788698917611065,0.17970960724729557,0.17520701348471823,0.17558887600898743,421824000
2004-12-23,0.1745971081375488,0.1780310454180218,0.17375739286403066,0.176046684384346,366972000
2004-12-27,0.17848888781918312,0.1792516847524007,0.17360446034573498,0.17452017962932587,308208000
2004-12-28,0.1749020416132969,0.17627561381990994,0.172917680545708,0.17360447347164154,291612000
2004-12-29,0.17307064242598091,0.17726737771429943,0.17261278946765005,0.17513100802898407,294732000
2004-12-30,0.17520698199710136,0.1766574862278398,0.1736814015744407,0.17444419860839844,259812000
2004-12-31,0.17696238781916368,0.18070125525029063,0.1762755949666848,0.17978554964065552,575964000
2005-01-03,0.18604358662510118,0.18863780873302186,0.17917569815160664,0.17993849515914917,1066716000
2005-01-04,0.18123609575432417,0.18154102630738697,0.16872098008481665,0.17146813869476318,790224000
2005-01-05,0.1696367305202234,0.17513103509562875,0.16872101081677932,0.17307066917419434,724812000
2005-01-06,0.17612271988381598,0.1781830853489013,0.17017056359765773,0.17139212787151337,563568000
2005-01-07,0.17177302559011745,0.17307059366245858,0.165591930522663,0.16811016201972961,763092000
2005-01-10,0.16864497136723375,0.17017056561331448,0.16750032538921214,0.16849204897880554,579552000
2005-01-11,0.166889474271642,0.16780519344209047,0.16078439780012488,0.16330261528491974,1093380000
2005-01-12,0.1647531639006925,0.16536303862436927,0.15796129223246966,0.16192910075187683,1057800000
2005-01-13,0.1623109528538721,0.16788126036734166,0.15872409252378736,0.16360852122306824,898764000
2005-01-14,0.16666060344944533,0.16704246593477506,0.16253987263133815,0.16414238512516022,573912000
2005-01-18,0.16231094155817272,0.16711846525767404,0.16192909272895728,0.16673660278320312,464556000
2005-01-19,0.16750027956069558,0.16788121407927362,0.16223490404431423,0.1629216969013214,336492000
2005-01-20,0.1596397522483771,0.16727133662967147,0.1596397522483771,0.16330261528491974,640080000
2005-01-21,0.16353160291260208,0.16681353269736354,0.16299774590024124,0.16360852122306824,596352000
2005-01-24,0.16269279692442876,0.16505809269565289,0.15612983868530797,0.15704555809497833,463704000
2005-01-25,0.15773231182019953,0.1620059636492447,0.15681659263835745,0.1597926765680313,439704000
2005-01-26,0.16032655202012458,0.16406634746474458,0.1576563260921337,0.16185306012630463,429120000
2005-01-27,0.16215799128317443,0.17558882290317118,0.16116626793111033,0.1748260259628296,1002912000
2005-01-28,0.1755128636528243,0.17619964306333105,0.17078134363231953,0.1745971441268921,671052000
2005-01-31,0.17604666753552578,0.17818303649205458,0.1724598082390167,0.1749020218849182,562968000
2005-02-01,0.17474909715738732,0.17894674518873896,0.17368136980964075,0.17818303406238556,507180000
2005-02-02,0.18520383435593954,0.189553490274772,0.17993845924705,0.18810391426086426,2035404000
2005-02-03,0.18611960113048553,0.18741716937324177,0.18352536523180932,0.18611960113048553,690120000
2005-02-04,0.18619554441571845,0.19733706895188874,0.18611954036965123,0.19680321216583252,806448000
2005-02-07,0.1970322069647034,0.20069507109247262,0.1926825498431782,0.19443705677986145,521628000
2005-02-08,0.1932164261237923,0.19947352682959857,0.19260565078671693,0.19634543359279633,455772000
2005-02-09,0.19687930982647697,0.1974900851808122,0.18848492502927755,0.1894775629043579,783756000
2005-02-10,0.19046922604770194,0.19489488640329478,0.1897824331840518,0.19390316307544708,602376000
2005-02-11,0.192682530478382,0.20099999505898133,0.19199573755364946,0.19955040514469147,556512000
2005-02-14,0.19947346289836135,0.20023717402824334,0.19458994988250253,0.1953527331352234,432900000
2005-02-15,0.19665040083821464,0.2033653552757798,0.19634545660478117,0.19710825383663177,748500000
2005-02-16,0.1964973739640786,0.1993214499063793,0.19291142901962094,0.19642136991024017,466464000
2005-02-17,0.1990925736771458,0.1991685777501345,0.19314040407745808,0.19466599822044373,1017408000
2005-02-18,0.2096232723069149,0.21595637485492492,0.20382311236319822,0.21572744846343994,3132120000
2005-02-22,0.2142779652799721,0.22351115238929456,0.21237052185627125,0.21847470104694366,1420800000
2005-02-23,0.21496465749996385,0.2176357975085156,0.20786784365207298,0.21137778460979462,1107840000
2005-02-24,0.20847870166885946,0.2172540209159289,0.20847870166885946,0.21694909036159515,695496000
2005-02-25,0.21725397994982382,0.22122178791783736,0.2148886842867644,0.22007714211940765,525132000
2005-02-28,0.2190094164010503,0.22129870801653515,0.21710105935169977,0.22122178971767426,758064000
2005-03-01,0.22221440410446064,0.2258772675763298,0.21847460869653842,0.2206878960132599,737148000
2005-03-02,0.21824572471331918,0.21946728892936937,0.21290434399421918,0.2142019122838974,947460000
2005-03-03,0.2136671278835086,0.21504070016203097,0.2081728114789097,0.21130181849002838,761292000
2005-03-04,0.21191260697788966,0.21374404577592168,0.20863067760310341,0.21038611233234406,593124000
2005-03-07,0.21130182695406863,0.21694906595481822,0.20985225054854445,0.2125224769115448,511176000
2005-03-08,0.2119886022356913,0.21244645509354199,0.20038920832833587,0.20176278054714203,1332384000
2005-03-09,0.20046613282902456,0.20420501445417122,0.19588754952782605,0.19649741053581238,910140000
2005-03-10,0.19710816273569715,0.198863597119576,0.19329236352069942,0.19642136991024017,689280000
2005-03-11,0.19817686616215938,0.19848179670459448,0.19024033480725,0.191995769739151,732180000
2005-03-14,0.195963584836594,0.19825287685215534,0.19459001235630854,0.19741316139698029,572148000
2005-03-15,0.19840575673089422,0.2003131994728269,0.193292388892876,0.1934453248977661,378108000
2005-03-16,0.1926825596296306,0.19573464863637977,0.19008740931297954,0.19016432762145996,535356000
2005-03-17,0.19077415362724906,0.19146094648051437,0.1877980694567695,0.1882559359073639,442584000
2005-03-18,0.18840889794944574,0.18901967322922836,0.1810071519308009,0.18444108963012695,639012000
2005-03-21,0.18436417956352136,0.19123205526906917,0.1832195336125967,0.19077420234680176,654456000
2005-03-22,0.1909271196949628,0.19268255455191077,0.1866534665414623,0.18734025955200195,622992000
2005-03-23,0.18711130375727544,0.19268252433869426,0.18673035556801768,0.191384956240654,728784000
2005-03-24,0.19191880661588373,0.19710817824486138,0.19161387614465064,0.19176679849624634,865356000
2005-03-28,0.1918427521043386,0.19458990925460995,0.18779802724138708,0.189629465341568,511188000
2005-03-29,0.18940058435040222,0.1915378675852056,0.18459306159737343,0.1854327768087387,587400000
2005-03-30,0.18550878086677192,0.18810393055890093,0.1790987596262354,0.1854327768087387,858708000
2005-03-31,0.1843641579457945,0.18566172612938014,0.18047235398183284,0.18131206929683685,518316000
2005-04-01,0.18352534511051635,0.18459307255938795,0.17848889565236284,0.17955662310123444,510756000
2005-04-04,0.17856491426695226,0.17909878485752231,0.17452020151075576,0.17848891019821167,421428000
2005-04-05,0.17856496138710007,0.18230384403608293,0.17429130741961946,0.17535994946956635,430128000
2005-04-06,0.1786409018735721,0.18161697236024332,0.17742023852861058,0.17803102731704712,567468000
2005-04-07,0.17894677359600608,0.1831435080616723,0.17589377071499873,0.18131206929683685,506352000
2005-04-08,0.18207487097468605,0.1861195974090963,0.17856491572201447,0.17894677817821503,621540000
2005-04-11,0.18024345455728769,0.1808542435295285,0.1749020734744992,0.17543593049049377,328380000
2005-04-12,0.1749020645971501,0.17787814947361028,0.1710102602475287,0.17757321894168854,512232000
2005-04-13,0.17780208519454693,0.17825993795346987,0.16902584168670964,0.17017050087451935,498408000
2005-04-14,0.17055237618880809,0.1721548747402643,0.16818708068551683,0.16879694163799286,352080000
2005-04-15,0.16666056435710014,0.16788121407927362,0.1613951888407188,0.1629216969013214,630156000
2005-04-18,0.1619291170765482,0.16543997361190718,0.1610133974891819,0.16177710890769958,473100000
2005-04-19,0.16444732711173118,0.16864497652950616,0.16368452996534139,0.16742341220378876,365460000
2005-04-20,0.17024742706673623,0.17131515437786968,0.16215797596662826,0.1623108983039856,564672000
2005-04-21,0.16559195025610976,0.1719259684321502,0.1641423738892286,0.17131519317626953,538152000
2005-04-22,0.17024747736723156,0.1713921233011718,0.16772924539635833,0.16971269249916077,336276000
2005-04-25,0.17116315047053407,0.17368136811389562,0.17032343529703098,0.17238380014896393,318168000
2005-04-26,0.17245979570656988,0.17604665474242623,0.16811013982129488,0.17162099480628967,353148000
2005-04-27,0.16711847161282098,0.16772924691636876,0.1616241547058097,0.16505810618400574,609348000
2005-04-28,0.16452418318497194,0.16780519758983528,0.16292168483101563,0.16559191048145294,372948000
2005-04-29,0.1671944938811358,0.16849206235056238,0.1596398243685419,0.16734741628170013,478356000
2005-05-02,0.16933175298624767,0.1712391959586022,0.16421838453052726,0.16673660278320312,334908000
2005-05-03,0.16688947855019823,0.16994156657091,0.16513405785936913,0.16582083702087402,439512000
2005-05-04,0.16658460116248716,0.17230784453585246,0.1660498299342147,0.17108626663684845,468816000
2005-05-05,0.17207888920520473,0.17658056792651927,0.17116318344593254,0.17444419860839844,619272000
2005-05-06,0.17650455922595454,0.17688640802632252,0.17245983290358902,0.17680948972702026,355728000
2005-05-09,0.17757322231258751,0.1813120907058976,0.17650458043710907,0.18009144067764282,745332000
2005-05-10,0.17780219011190238,0.17787819420596104,0.1710863073468186,0.17307066917419434,735120000
2005-05-11,0.17398628621190754,0.17474908304475337,0.16986555680059642,0.17017050087451935,555420000
2005-05-12,0.1701705814496771,0.17619965667771745,0.1700185596340236,0.17391036450862885,835584000
2005-05-13,0.18962957432371735,0.19436108095954716,0.18161703826447267,0.19329243898391724,2650320000
2005-05-16,0.19100311892450983,0.19527677196960957,0.19092711485211702,0.1939792037010193,664104000
2005-05-17,0.19283450393419221,0.19703215173413793,0.19268249583187547,0.19611643254756927,639804000
2005-05-18,0.19565867718680402,0.19802397355933582,0.19359831140257144,0.19756610691547394,550056000
2005-05-19,0.19802392038321273,0.19886363571118867,0.19497183168710638,0.19718420505523682,452880000
2005-05-20,0.1969552998995242,0.20077108662208093,0.19466600798337144,0.20069508254528046,517008000
2005-05-23,0.2020686682785323,0.20741004921179362,0.20145787932338996,0.20534968376159668,703668000
2005-05-24,0.2043579290076316,0.20901251619882477,0.20336529135625836,0.20824973285198212,522192000
2005-05-25,0.2077918680143797,0.20885959550735012,0.2035942194120972,0.20557858049869537,535272000
2005-05-26,0.20740999085651654,0.21298029668474674,0.20702812847099927,0.21137778460979462,788784000
2005-05-27,0.2119886314352842,0.2119886314352842,0.20779189648991542,0.2100042700767517,322740000
2005-05-31,0.20908853059639906,0.2108439653266171,0.2033653014059309,0.2067992389202118,763176000
2005-06-01,0.20542568604654624,0.21252248818398742,0.20298438600210442,0.20870761573314667,796632000
2005-06-02,0.2079438724923411,0.21649117767810822,0.2079438724923411,0.21649117767810822,684348000
2005-06-03,0.2157274783819494,0.2177118257725664,0.21366711328233576,0.2159564048051834,559620000
2005-06-06,0.2120645384078591,0.21626218566329575,0.21191253032526047,0.2138959765434265,512892000
2005-06-07,0.21244648410797498,0.2159564396678688,0.20794390439915364,0.20870761573314667,974136000
2005-06-08,0.2092414544377019,0.21214153502640945,0.20504473350936897,0.20725710690021515,618720000
2005-06-09,0.20565457930711523,0.21603332310093176,0.20542565288388123,0.2159564048051834,619908000
2005-06-10,0.21572750490887213,0.21595643136025608,0.21206462710570728,0.21351511776447296,465096000
2005-06-13,0.21366714605604956,0.22427481790017662,0.21305727134329538,0.218245729804039,1409916000
2005-06-14,0.21832265177266458,0.22190859779459152,0.19848179437918811,0.20534968376159668,2408412000
2005-06-15,0.20405212186713875,0.20565463455075675,0.19665038840010643,0.20473891496658325,1669788000
2005-06-16,0.20466289088338765,0.20718110925984903,0.20168680593695215,0.20580753684043884,489240000
2005-06-17,0.2083257687057985,0.2087076175534975,0.2048158131152908,0.20534968376159668,456348000
2005-06-20,0.20534963785995275,0.20985221660158776,0.20199170481864806,0.208478644490242,606060000
2005-06-21,0.20985224847630282,0.21145476088732468,0.20786788724493682,0.21046212315559387,428172000
2005-06-22,0.21267539439326585,0.21412497067242575,0.2076389447489779,0.2102331668138504,700668000
2005-06-23,0.2098522536065636,0.21610935373855134,0.2090885423019497,0.21351511776447296,836976000
2005-06-24,0.21313326540216163,0.21320926947399055,0.20557859711492024,0.20672324299812317,475632000
2005-06-27,0.20542566607294158,0.2071050830844063,0.20321329270380004,0.2050447314977646,354588000
2005-06-28,0.20588359365990633,0.20771503311846418,0.20359430115933885,0.2063414603471756,262308000
2005-06-29,0.20641833910688445,0.20679927374727278,0.20275546089191582,0.20443397760391235,283572000
2005-06-30,0.20580751183267934,0.2077149546670219,0.20229757031128792,0.2039000689983368,593232000
2005-07-01,0.20321330614159783,0.20512074913031755,0.20069507422206087,0.2048158049583435,315168000
2005-07-05,0.20557862168088048,0.20885963734679905,0.2035942601967685,0.20802083611488342,388440000
2005-07-06,0.2087076446483302,0.21450687925883383,0.20634143411992356,0.21359117329120636,703632000
2005-07-07,0.21023318495938662,0.21366713625816797,0.20954640561583457,0.21206462383270264,465900000
2005-07-08,0.21336216060874305,0.2154225256258757,0.21061501634940172,0.214735746383667,408132000
2005-07-11,0.21664319570438337,0.2201540651181219,0.21572748996229188,0.2179407775402069,399492000
2005-07-12,0.21778781797982405,0.21839860679778536,0.2122935158950517,0.2167201042175293,564252000
2005-07-13,0.21763584665850075,0.218245721347624,0.21336219360985262,0.21702507138252258,594780000
2005-07-14,0.21931436297790607,0.22358801602285358,0.20710509335062235,0.2074100375175476,1871496000
2005-07-15,0.206799206907945,0.20740999570552004,0.20161074969867973,0.20519670844078064,1223352000
2005-07-18,0.20458683270644887,0.20466283676308303,0.1980238892387144,0.20008425414562225,1044900000
2005-07-19,0.20130496714435564,0.20328932861848745,0.19977938649527632,0.2028314620256424,517896000
2005-07-20,0.20046610443588975,0.20672320326141677,0.19771896030236583,0.20588348805904388,526500000
2005-07-21,0.20321326455419572,0.20412898382433028,0.198176815391082,0.20237354934215546,594528000
2005-07-22,0.2033653552757798,0.20626543661229974,0.19565867710715548,0.19710825383663177,699264000
2005-07-25,0.19481890441352595,0.20435793330084148,0.19397918910668888,0.1982528418302536,974952000
2005-07-26,0.197413104237136,0.20267847980647016,0.1966503209603804,0.20237354934215546,759492000
2005-07-27,0.2026785309679881,0.2074100508611501,0.1992445930721047,0.20649433135986328,807828000
2005-07-28,0.20611242635345875,0.20908851070751344,0.20328927799984534,0.20809678733348846,411240000
2005-07-29,0.20725712847442224,0.2094704163277314,0.20481581474401753,0.20649433135986328,351660000
2005-08-01,0.2077149352009576,0.21053901138611444,0.20634136307717546,0.2096232920885086,389040000
2005-08-02,0.20985225859891712,0.21313327400520218,0.2095464138350506,0.21244648098945618,422652000
2005-08-03,0.21244648098945618,0.21443084231654155,0.21053905161466313,0.21244648098945618,518256000
2005-08-04,0.21084395567802403,0.21175967503564494,0.209775313957667,0.2102331668138504,356424000
2005-08-05,0.2099282173648134,0.2160333081781957,0.20847864121654383,0.2155754417181015,684096000
2005-08-08,0.21702506985194397,0.22106979642258848,0.21481178215471816,0.21633827686309814,725544000
2005-08-09,0.2166432004214837,0.2171779852493055,0.2134381893186153,0.21580441296100616,291900000
2005-08-10,0.21672011192592672,0.2177878257261984,0.2103860943871308,0.21259938180446625,440556000
2005-08-11,0.21259937113112717,0.21595638988776056,0.2105390061738355,0.2155754417181015,701556000
2005-08-12,0.22824253960129548,0.23053183074207154,0.22045894699360663,0.22854748368263245,2295420000
2005-08-15,0.2293112520733778,0.2367130118975505,0.2264111849312485,0.23434771597385406,882804000
2005-08-16,0.23213436014853786,0.2341947112925454,0.2287004097362712,0.2303789258003235,637488000
2005-08-17,0.22938718890252313,0.23320300168524855,0.2292342802113185,0.2303789258003235,607572000
2005-08-18,0.22862448509609865,0.22976911743743694,0.22343511217835416,0.22442683577537537,822732000
2005-08-19,0.22480862146107494,0.2254954143181428,0.22213748138064543,0.22282426059246063,422232000
2005-08-22,0.2224433374535361,0.22602928274649206,0.218398611452052,0.2209928333759308,547224000
2005-08-23,0.22076392646836346,0.22358800293467365,0.22000114309278507,0.2224433571100235,254460000
2005-08-24,0.2209928663175943,0.22732688471024473,0.21992515237338991,0.22259537875652313,514620000
2005-08-25,0.22358801164987369,0.2253425321958079,0.221679654497949,0.22412186861038208,296484000
2005-08-26,0.224350773130382,0.224350773130382,0.21855152698733854,0.2206878960132599,323436000
2005-08-29,0.21862754059403702,0.22129869448967915,0.21687211966292,0.22106976807117462,343392000
2005-08-30,0.22068797419586839,0.2295402260121268,0.22038304362048106,0.22900544106960297,948852000
2005-08-31,0.22847151993389825,0.23701789725530611,0.2277847270124147,0.2341187447309494,906804000
2005-09-01,0.23343188428310366,0.2363310359688039,0.23221033421294066,0.23419468104839325,556884000
2005-09-02,0.23465256407004667,0.23465256407004667,0.22961612893652553,0.2303789258003235,469800000
2005-09-06,0.23121864608856388,0.233507937452569,0.2277087049840869,0.23228728771209717,423096000
2005-09-07,0.23198154990807332,0.24029991821283617,0.23137168869541966,0.2396891564130783,588012000
2005-09-08,0.23823951678970196,0.24548834089556817,0.23823951678970196,0.24251225590705872,646116000
2005-09-09,0.24510743404231208,0.24617517553122525,0.24113871056562977,0.24564129114151,454236000
2005-09-12,0.24587016308078644,0.2466329601178996,0.24190236858245293,0.24480152130126953,556584000
2005-09-13,0.24365690283361172,0.25342485962193256,0.24365690283361172,0.25220420956611633,854724000
2005-09-14,0.25029583097299724,0.25365376435973946,0.2480065120463235,0.24915118515491486,503448000
2005-09-15,0.25296700963123564,0.25640094760431187,0.25144051478089097,0.2535777986049652,759756000
2005-09-16,0.2557140480040158,0.257087633537124,0.25166932274251314,0.2537297010421753,519828000
2005-09-19,0.2534248576845757,0.25426455946601656,0.24877026973120664,0.2501438558101654,428316000
2005-09-20,0.2520512099100017,0.257850469703336,0.25174629308762947,0.25502729415893555,522192000
2005-09-21,0.25403563234427295,0.2590720688660484,0.25060169463071996,0.25281405448913574,625656000
2005-09-22,0.2534248357756645,0.2534248357756645,0.24152049689520114,0.24602310359477997,739152000
2005-09-23,0.24548829317193477,0.25174630670795484,0.24342791444635054,0.24960902333259583,314640000
2005-09-26,0.25151736896108196,0.2534248117009428,0.24701478997974702,0.25166937708854675,406776000
2005-09-27,0.25273814923185206,0.2549514378329982,0.2506017926114044,0.2525092363357544,404160000
2005-09-28,0.25327189696150765,0.2547224148540113,0.2503727442216845,0.254035621881485,353556000
2005-09-29,0.25411163429174827,0.2594530149391926,0.252051255306546,0.25930100679397583,513372000
2005-09-30,0.25945298875918105,0.26395556781200996,0.2589191318405666,0.26159027218818665,458832000
2005-10-03,0.2646424235036848,0.27067059796764315,0.2625060401547536,0.26876315474510193,549888000
2005-10-04,0.2699077437260387,0.2743333909505264,0.2646423675470255,0.2652531564235687,514476000
2005-10-05,0.265558102114897,0.265558102114897,0.2548744398761529,0.2564769387245178,599184000
2005-10-06,0.2561719344713153,0.26013975562122305,0.24785447071152716,0.2555611729621887,685512000
2005-10-07,0.2560190572463141,0.25861419358804466,0.25029582821887747,0.25228017568588257,551952000
2005-10-10,0.25357773126131755,0.2540355840780313,0.24579412421516034,0.24587012827396393,459216000
2005-10-11,0.24678582147144199,0.24892220403356036,0.23999395175027538,0.24281802773475647,540048000
2005-10-12,0.2421312817668282,0.24945703704511377,0.24182543702393325,0.24571722745895386,657660000
2005-10-13,0.24518334025725377,0.24556518902272298,0.23503443757731218,0.24442054331302643,509304000
2005-10-14,0.246175077259623,0.24922806620995447,0.24037581736032573,0.24442054331302643,311256000
2005-10-17,0.24457262094927956,0.2492281370488431,0.24457262094927956,0.24678590893745422,243912000
2005-10-18,0.24770162755799296,0.24815948048695421,0.24113866864869804,0.2427411675453186,299832000
2005-10-19,0.23961304044490997,0.2410626029386198,0.23282114316236718,0.2406807541847229,635952000
2005-10-20,0.24106250411269733,0.24739651869614185,0.23999386293379496,0.24236008524894714,359520000
2005-10-21,0.24648095298919867,0.24724375002943885,0.24205437771385835,0.24373380839824677,298368000
2005-10-24,0.24587009987222874,0.25037267804145813,0.24365681281262602,0.25037267804145813,291012000
2005-10-25,0.248693279537609,0.2527380054592612,0.2476255657736341,0.2519752085208893,334680000
2005-10-26,0.25205124684389274,0.2525851310889614,0.2447255188203276,0.24510736763477325,415344000
2005-10-27,0.24556514939172056,0.24632794621284249,0.23923113304185414,0.23999392986297607,227784000
2005-10-28,0.24060479166666593,0.24785451572225556,0.23465262221279687,0.24739666283130646,464640000
2005-10-31,0.24838838404418195,0.25777449051394646,0.24838838404418195,0.25601905584335327,432420000
2005-11-01,0.2560191274311011,0.25792747135458877,0.2509066585863551,0.25289103388786316,400488000
2005-11-02,0.252967000942602,0.2678473983148369,0.2518223549908916,0.2675424814224243,523668000
2005-11-03,0.26937390586378945,0.27089947270194764,0.26227709043003133,0.264413446187973,465072000
2005-11-04,0.26456633662182094,0.26517619755915434,0.2571636777103148,0.25991082191467285,570276000
2005-11-07,0.26128437564563595,0.2622000811713807,0.2576984308886074,0.25876614451408386,370824000
2005-11-08,0.2597588635992936,0.25998780369792845,0.2528140561752506,0.25395870208740234,538968000
2005-11-09,0.2544934197906201,0.26708454879230525,0.2515933397999356,0.2654051184654236,818880000
2005-11-10,0.27463922838978744,0.28059136947222885,0.250601642139352,0.2555611729621887,2503620000
2005-11-11,0.2577745122493677,0.2628109487324809,0.256629866353637,0.259758859872818,545928000
2005-11-14,0.25983484423346814,0.26708459517590055,0.2558670498744362,0.2652531564235687,493668000
2005-11-15,0.2668556389616694,0.2693738705051666,0.26502420032008117,0.26586300134658813,496200000
2005-11-16,0.266168813112267,0.2676184027989476,0.25975879230542104,0.26494723558425903,455280000
2005-11-17,0.2671605589698319,0.2769285128450608,0.2640315388692011,0.27669957280158997,703260000
2005-11-18,0.2776153202716952,0.27990463918022473,0.27074744541763296,0.27616482973098755,465768000
2005-11-21,0.27647067089131383,0.28150713421830686,0.2746392594529619,0.28104928135871887,454704000
2005-11-22,0.28249892640780805,0.2912742465276784,0.2802856382396685,0.28852710127830505,731700000
2005-11-23,0.28883275165599837,0.29188483908065815,0.28616161229289977,0.28768810629844666,411948000
2005-11-25,0.2890618391877526,0.2909692822284651,0.2870774641939144,0.29051142930984497,116676000
2005-11-28,0.29127420431889556,0.29379243635203667,0.28387247154156114,0.28906184434890747,424524000
2005-11-29,0.2719680130742478,0.27967561455281764,0.26952581347393995,0.2707473635673523,1043136000
2005-11-30,0.2688390529812657,0.2772334209119955,0.26876304892822456,0.27585986256599426,575448000
2005-12-01,0.2781491502378395,0.2804384414093029,0.27517306625683635,0.2791408598423004,562032000
2005-12-02,0.2804385190189663,0.2811253120185719,0.2754780592886438,0.2792178690433502,334476000
2005-12-05,0.27982783502247666,0.27982783502247666,0.2731128658225443,0.27402859926223755,387708000
2005-12-06,0.27448621577668314,0.2789118884989917,0.27410436713279596,0.27517300844192505,375252000
2005-12-07,0.2762417696242381,0.2779202724139535,0.27089946134675946,0.27563098073005676,352668000
2005-12-08,0.2741813192710909,0.2777672912909677,0.2702895298809345,0.2734176218509674,386664000
2005-12-09,0.27425732973249856,0.27769129373410184,0.27044154430240896,0.2773094177246094,262896000
2005-12-12,0.27807321710864236,0.28196500763463495,0.2776153369251641,0.28135421872138977,281136000
2005-12-13,0.28188805264982014,0.2874593007304968,0.27982770115458216,0.28501707315444946,443412000
2005-12-14,0.28288070814478466,0.28425429408858105,0.27898891769137485,0.2823459506034851,287472000
2005-12-15,0.2821170820418635,0.28425436615629973,0.2758599942193801,0.27876007556915283,332724000
2005-12-16,0.2797517722977409,0.2824229133744191,0.27708063122106263,0.2812013626098633,1065600000
2005-12-19,0.28181200248692606,0.28387238093564393,0.2758598617573607,0.2765466272830963,292296000
2005-12-20,0.27624182260887936,0.28043855797204104,0.2727309524632166,0.2763938307762146,304356000
2005-12-21,0.27769130098449973,0.2799805921850056,0.2733416313292363,0.27585986256599426,289380000
2005-12-22,0.2756309153654497,0.2845591671896587,0.2755549113143841,0.2842542231082916,318336000
2005-12-23,0.2850170682180784,0.2868485068990747,0.2831096254731476,0.28646665811538696,214536000
2005-12-27,0.28616178216286187,0.2913511553092637,0.2852460762494428,0.28822213411331177,367968000
2005-12-28,0.2882220888445727,0.29180896243387255,0.28639067730537976,0.2908932566642761,264420000
2005-12-29,0.2907403530564297,0.29165608621861555,0.28318568409833267,0.2844063341617584,310464000
2005-12-30,0.2828039343741888,0.2828808390666523,0.2778444004259695,0.2789890468120575,229608000
2006-01-03,0.28059146765129916,0.2937924627956334,0.2796757617152886,0.29165610671043396,472812000
2006-01-04,0.29386932446610536,0.30027934635650355,0.2908163080071294,0.2998214662075043,510072000
2006-01-05,0.2998974077673025,0.30714715708842755,0.2993635509543417,0.30661237239837646,646092000
2006-01-06,0.3101231629699289,0.3127934015306043,0.29798991770321104,0.31164875626564026,623388000
2006-01-09,0.311496999455051,0.32202775622554974,0.31081023351436127,0.3203483521938324,560484000
2006-01-10,0.31882262430016645,0.3204251229763031,0.3147778979924311,0.3204251229763031,339660000
2006-01-11,0.320730042296337,0.3338550021252567,0.32019618540471273,0.33202359080314636,626304000
2006-01-12,0.33194756286433397,0.3370600022744985,0.3249267530405019,0.32729294896125793,495504000
2006-01-13,0.3265292401858872,0.32920038011395325,0.31981427528059403,0.3243928849697113,421296000
2006-01-17,0.31996732754342394,0.3243169987771281,0.3156936603903418,0.3241640627384186,329232000
2006-01-18,0.3143199803348009,0.32691108165123506,0.31134389638372495,0.3258424401283264,459948000
2006-01-19,0.3301921704463579,0.34843049893878786,0.3295823094599186,0.34392791986465454,914760000
2006-01-20,0.34446262807133726,0.34843042146480757,0.33423682234663554,0.3343128263950348,461604000
2006-01-23,0.3369079811218656,0.3390443363292209,0.3323293987421562,0.33622118830680847,334884000
2006-01-24,0.336984068526735,0.3449205856016169,0.336068362740497,0.337899774312973,388896000
2006-01-25,0.33957830194880456,0.341791589617146,0.3308789878814788,0.33492371439933777,400236000
2006-01-26,0.3398072024695729,0.3466751047297213,0.33767084682670323,0.3463701605796814,448836000
2006-01-27,0.3508727596274498,0.3568249291866077,0.34797267892034195,0.3529331386089325,385044000
2006-01-30,0.35445874269035793,0.35484059155705183,0.34736192649273473,0.3489644527435303,315780000
2006-01-31,0.34720992428168895,0.34911736747394523,0.3404180521669667,0.34308919310569763,384456000
2006-02-01,0.33690808203430084,0.34469169078549533,0.33561050006821563,0.3433181047439575,450852000
2006-02-02,0.3464460172673312,0.3466749572517969,0.3323293251151698,0.3328631818294525,473736000
2006-02-03,0.3307270014309923,0.3400361771404862,0.3296583595621967,0.3359154462814331,504252000
2006-02-06,0.33499968252443413,0.3457593470863745,0.333550092649283,0.34537839889526367,363468000
2006-02-07,0.34606531842826926,0.34606531842826926,0.3329394256298611,0.3330923616886139,399408000
2006-02-08,0.334083937774876,0.34270724654197693,0.334083937774876,0.34270724654197693,393072000
2006-02-09,0.3437758868403836,0.3491172665873485,0.33477072934420293,0.3369080126285553,437100000
2006-02-10,0.3381287337738436,0.3396552285609707,0.32714012725697444,0.3349997401237488,414996000
2006-02-13,0.33393205969896517,0.338510644307857,0.33164276739451926,0.33614444732666016,280740000
2006-02-14,0.3361443353466191,0.3379757467476627,0.3323294498347713,0.33675509691238403,342348000
2006-02-15,0.3360682462827429,0.3441567686976824,0.3352285175684727,0.34324103593826294,493296000
2006-02-16,0.3496512036928062,0.36094568247480896,0.34728590768638146,0.3601819574832916,1305888000
2006-02-17,0.3866618463616236,0.3870436952796452,0.3601820211713101,0.3622424006462097,2356956000
2006-02-21,0.36147942759461155,0.3620902163651867,0.3514065298496268,0.3545355498790741,684060000
2006-02-22,0.34949919537607804,0.3567480194238777,0.341104824777303,0.35392487049102783,939756000
2006-02-23,0.3528562410535819,0.35522246501981686,0.34751485989513187,0.3485065698623657,385128000
2006-02-24,0.350033100216437,0.3542298354686956,0.3465991621226899,0.3484305739402771,416412000
2006-02-27,0.3511016842473336,0.36476052970049866,0.34743880663536936,0.3625481426715851,666468000
2006-02-28,0.36094569050772524,0.36399777961893476,0.35613816643322593,0.35964810848236084,563316000
2006-03-01,0.36094554658990247,0.3754440898208881,0.3586562555225588,0.3733077347278595,703932000
2006-03-02,0.37292596986394916,0.37910707942017263,0.3690341793477972,0.37384170293807983,545460000
2006-03-03,0.37040771506128206,0.38162525948657683,0.3697209221714874,0.3751392066478729,595800000
2006-03-06,0.38246500483905077,0.3849832366262149,0.3725441131202103,0.3743755519390106,529020000
2006-03-07,0.37445253406980517,0.37735168718059925,0.3605638459865792,0.36796557903289795,606204000
2006-03-08,0.3680425378784936,0.3699499811619343,0.35300920269312747,0.3661341667175293,670800000
2006-03-09,0.37056070357790005,0.3767418136267763,0.36781355871757315,0.3680424988269806,536700000
2006-03-10,0.36766064318087044,0.3723152586722327,0.3583505661922112,0.36163249611854553,521580000
2006-03-13,0.3652953222393391,0.36773662229636694,0.36254817741237844,0.3659821152687073,372132000
2006-03-14,0.36628700904083783,0.37765746292065083,0.3649134231711436,0.37613096833229065,627792000
2006-03-15,0.3768936499754532,0.3826938091162798,0.3754440604834976,0.382159024477005,510600000
2006-03-16,0.3828459625086215,0.3833038154019884,0.36788953472384184,0.3691871166229248,568416000
2006-03-17,0.3674316573171251,0.37315488632865956,0.36193734109174686,0.37216317653656006,618588000
2006-03-20,0.37544412582299286,0.3755201298789012,0.3689581007057518,0.3693390488624573,293772000
2006-03-21,0.38757750391960144,0.3945214114345481,0.377428625744518,0.38757750391960144,1235472000
2006-03-22,0.3777334003747397,0.3795648387811953,0.3679654468717726,0.3764358460903168,1158576000
2006-03-23,0.3777334485055471,0.3849831990025918,0.37345980967739956,0.38345667719841003,661992000
2006-03-24,0.384448415726798,0.39711645084002256,0.3838385547626383,0.3964296579360962,687936000
2006-03-27,0.3967347199801721,0.407418383619518,0.39543713784917667,0.4071125388145447,651444000
2006-03-28,0.405281036783064,0.4187878748454567,0.40444223563484505,0.4133704900741577,795204000
2006-03-29,0.4151249166265936,0.43633935504024607,0.4116909795743917,0.43557655811309814,987096000
2006-03-30,0.4360345349012155,0.44091806313758325,0.4281740209950693,0.43855276703834534,1063308000
2006-03-31,0.4382470101983526,0.4443520903365319,0.4342791870571449,0.43695035576820374,835560000
2006-04-03,0.4392394369061424,0.4479387495965832,0.4337451212272034,0.44183364510536194,968916000
2006-04-04,0.442444520842684,0.4632002100116506,0.4419866679354466,0.46251341700553894,1200612000
2006-04-05,0.46167460766052043,0.4685424830187617,0.4518306202317617,0.4662531912326813,1112976000
2006-04-06,0.4650315247496719,0.47067874906596785,0.45862147622185956,0.46716880798339844,789312000
2006-04-07,0.4651844709438172,0.46930517363126445,0.4567900749913777,0.4659472405910492,682674000
2006-04-10,0.4648795518577131,0.467626723517931,0.4543487999348983,0.45785874128341675,634230000
2006-04-11,0.4593852653334999,0.4593852653334999,0.4439700582804643,0.44671720266342163,702072000
2006-04-12,0.44961732037894075,0.4671688844178117,0.4471750926364678,0.46472665667533875,598308000
2006-04-13,0.4548067551203285,0.459995200308207,0.44992232625587353,0.45175376534461975,738360000
2006-04-17,0.450990895811073,0.4642688202507754,0.4493123657403936,0.45297524333000183,443868000
2006-04-18,0.4448858561105103,0.44503879214768666,0.43023437088301125,0.44229164719581604,1165488000
2006-04-19,0.439544331063947,0.44992217307442417,0.43343925417803136,0.44503864645957947,517476000
2006-04-20,0.44107096128903106,0.4523644843761762,0.43374520562500585,0.4444279670715332,552684000
2006-04-21,0.445801528502858,0.4476329673178918,0.42321442899283634,0.4284029006958008,770016000
2006-04-24,0.4311500815003413,0.4458015659611887,0.42351940873423344,0.4415288269519806,676848000
2006-04-25,0.43649237615733805,0.44229163742031447,0.4288608025736785,0.44122299551963806,719766000
2006-04-26,0.4429023423292106,0.44961730859839427,0.4334393309341741,0.438170850276947,330528000
2006-04-27,0.43649231069937644,0.4493123546562361,0.42702929951055096,0.4451916515827179,462966000
2006-04-28,0.44549658913817636,0.45160169454638355,0.4416808027412619,0.44595444202423096,284736000
2006-05-01,0.44900656976671616,0.48029391411001365,0.44900656976671616,0.47159457206726074,902472000
2006-05-02,0.4751044767695203,0.4807517020485728,0.4628952483089658,0.4709837734699249,539700000
2006-05-03,0.46564235614942234,0.47922522487411695,0.4651845305593737,0.4740367531776428,378114000
2006-05-04,0.4647266598685592,0.4761731185685689,0.46228443210930525,0.4709837734699249,511128000
2006-05-05,0.4734259497250264,0.4790731743897157,0.46686296479914585,0.4773937165737152,338184000
2006-05-08,0.47617307258704744,0.4865509430668928,0.4708317198622851,0.47525736689567566,503622000
2006-05-09,0.4746465867507127,0.47708881417850557,0.4601480139368939,0.460758775472641,561648000
2006-05-10,0.45526452437272086,0.46060593190831317,0.44595442189192014,0.45053303241729736,753264000
2006-05-11,0.4551116179950479,0.45938528439759563,0.4309980245304616,0.43450796604156494,1201110000
2006-05-12,0.42413014693313683,0.42626650253685633,0.39284280675707767,0.40184706449508667,1568172000
2006-05-15,0.4010843523096557,0.41115725391845326,0.39757441007867195,0.4076473116874695,553380000
2006-05-16,0.40993660902449836,0.410088617192166,0.39436941709599094,0.39696362614631653,497532000
2006-05-17,0.3955899520922566,0.39787924355387155,0.3739176599781179,0.38093847036361694,841074000
2006-05-18,0.38399059808138236,0.38765344842052063,0.3632349373887731,0.3636927902698517,686730000
2006-05-19,0.36704985647879584,0.3800228107955567,0.36338697851662566,0.37132349610328674,932808000
2006-05-22,0.36933914158453923,0.37010283926299326,0.3562141520660662,0.3662870526313782,734886000
2006-05-23,0.3739177565532992,0.38261707181238946,0.36079276593806653,0.3623192608356476,532314000
2006-05-24,0.36552424891739327,0.37788644112032427,0.3572827874487726,0.36704984307289124,579522000
2006-05-25,0.37391773195039757,0.37941202159962023,0.36308203410101964,0.36506640911102295,423666000
2006-05-26,0.3664399612033403,0.3688812885043236,0.3620133856321264,0.365829199552536,294642000
2006-05-30,0.3664400206730256,0.36659202884760483,0.3504149750483822,0.3505669832229614,448788000
2006-05-31,0.35529851078462366,0.35865644511205774,0.34858354271680414,0.3507198989391327,598422000
2006-06-01,0.3546875460846416,0.369034081697464,0.3491932309652426,0.369034081697464,537126000
2006-06-02,0.3749863400235683,0.3768177788383923,0.36002991264020373,0.3636927902698517,673710000
2006-06-05,0.361708500651383,0.368423440798081,0.3473619319906872,0.3484305739402771,581052000
2006-06-06,0.352856226409502,0.35316207118072673,0.3296583630862843,0.33912044763565063,824130000
2006-06-07,0.3427833044913885,0.34339409340929505,0.33042111254384804,0.3330162763595581,565380000
2006-06-08,0.32920053307915786,0.33347420066492955,0.31378627628656575,0.32691124081611633,730572000
2006-06-09,0.3311847471562652,0.3368310430989514,0.32309529620829597,0.3258424401283264,433824000
2006-06-12,0.3201962827270608,0.3244690222036975,0.30600264963306223,0.30783408880233765,463230000
2006-06-13,0.30768101592321245,0.3139381278323397,0.30020235381666355,0.30310243368148804,532548000
2006-06-14,0.30493401351859056,0.31287053207357196,0.3017289880880243,0.3119548261165619,480492000
2006-06-15,0.32340122964532625,0.3403420051680543,0.3208060931156008,0.3392733633518219,837336000
2006-06-16,0.33698402743578476,0.33789973311036403,0.3273689814001674,0.33057400584220886,503448000
2006-06-19,0.3342368433464031,0.33591534578464294,0.3198902800624781,0.3206540048122406,388044000
2006-06-20,0.3118018933421446,0.32279050139424154,0.31058124315214425,0.3156176805496216,535818000
2006-06-21,0.31424409110290896,0.324164056175211,0.31424409110290896,0.31912761926651,441174000
2006-06-22,0.3226375070340913,0.3235532127577683,0.30768108027923063,0.30981746315956116,532338000
2006-06-23,0.3092076115831905,0.3163804313763061,0.3063075580579911,0.3099704086780548,335202000
2006-06-26,0.30951248260178416,0.31287041553996814,0.3055446887409254,0.307070255279541,281736000
2006-06-27,0.3089016943577501,0.30920753905156645,0.2931824997102297,0.2973032295703888,608514000
2006-06-28,0.29959257782669463,0.3186697090430476,0.29180896943630485,0.31378620862960815,833376000
2006-06-29,0.30523881140039666,0.3279797434806824,0.30417109768848916,0.3279797434806824,687666000
2006-06-30,0.3311848376588457,0.33637328224778557,0.32248552345940956,0.32492682337760925,468240000
2006-07-03,0.3324054439947435,0.3327103608299071,0.3273689809204172,0.32965829968452454,174696000
2006-07-05,0.3244688612716415,0.32736891369730114,0.31485381722450256,0.31485381722450256,459708000
2006-07-06,0.3148538752580674,0.31790686421650166,0.30188182423821874,0.30508682131767273,470634000
2006-07-07,0.3072232021537384,0.30783399097522957,0.2922667766287782,0.2956238090991974,541230000
2006-07-10,0.2963874833599025,0.2985238658968391,0.2802095087525009,0.2828037440776825,449922000
2006-07-11,0.28188807121743314,0.293334557103247,0.2777673679555317,0.2922668159008026,600582000
2006-07-12,0.291198197399349,0.29455613117622514,0.277920298908829,0.27822524309158325,461034000
2006-07-13,0.27395241059752773,0.2808202839609615,0.2696787451434577,0.2710523307323456,540582000
2006-07-14,0.2760888842515865,0.2776153791831269,0.26204818741904473,0.26967886090278625,572148000
2006-07-17,0.26845826581373217,0.2748682904768726,0.2670847066441079,0.27181529998779297,502806000
2006-07-18,0.28112531417589587,0.2895196843876415,0.27105241378224226,0.2866196036338806,979332000
2006-07-19,0.28539892465962363,0.3027975516601692,0.28326164120152614,0.2991347014904022,1055550000
2006-07-20,0.30447603993975786,0.3098174193888415,0.29272463945901106,0.29318249225616455,505602000
2006-07-21,0.28326174616002153,0.2844833243509423,0.2690681112100919,0.2712053954601288,633918000
2006-07-24,0.281278157092601,0.30539174695143556,0.2797516627057832,0.298523873090744,983178000
2006-07-25,0.30218688519325243,0.31225976044363113,0.2977612093389301,0.30905476212501526,574104000
2006-07-26,0.30905476212501526,0.3127176407381622,0.29989756559214775,0.30905476212501526,495318000
2006-07-27,0.3130225242421675,0.3258425707279993,0.30783407899150894,0.3134803771972656,694338000
2006-07-28,0.32156979380888107,0.3465991221500021,0.31973835491199654,0.34598833322525024,815298000
2006-07-31,0.34232544909536644,0.3458363186783653,0.336984068526735,0.337899774312973,594762000
2006-08-01,0.33377906289615533,0.3343898518447407,0.31821187260095785,0.32431697845458984,600966000
2006-08-02,0.33148978992702605,0.3508727952942681,0.3307270200737012,0.34919336438179016,756774000
2006-08-03,0.34797271825207937,0.38063362315616395,0.34308918996133536,0.37117061018943787,890568000
2006-08-04,0.38093858905971145,0.38154937808490225,0.3566720537987096,0.3661341667175293,818232000
2006-08-07,0.3597240349884433,0.3664399013227678,0.35484050788812943,0.36186131834983826,436146000
2006-08-08,0.36476057389183386,0.3792600233770611,0.36384484073264545,0.3714764416217804,619806000
2006-08-09,0.3788021607673046,0.3891800057009821,0.3685763512769152,0.37132349610328674,584706000
2006-08-10,0.3672027390524155,0.3708656167535771,0.36094565273992973,0.36872923374176025,1072140000
2006-08-11,0.34186759678077816,0.3664399451034274,0.3406469468291729,0.357129842042923,1603272000
2006-08-14,0.3615554554256543,0.3652183325357168,0.35331399557326665,0.35529837012290955,809412000
2006-08-15,0.3644556106263933,0.39146928711516155,0.3609456687884629,0.3894849121570587,902172000
2006-08-16,0.3916222361281322,0.41909376835265527,0.38154936190186794,0.4174143373966217,1029246000
2006-08-17,0.4122257497184851,0.4230614446557655,0.4067314342553498,0.4108521640300751,814224000
2006-08-18,0.41131007811591,0.4197035191804255,0.39696351312924527,0.4175671637058258,665898000
2006-08-21,0.4113101198544247,0.4120728896044869,0.4012372199625392,0.4021529257297516,500220000
2006-08-22,0.4009313655369181,0.41268366853961413,0.4006264213873162,0.40154212713241577,473928000
2006-08-23,0.4045942552360367,0.40871498607157364,0.39238499875778676,0.40123724937438965,485412000
2006-08-24,0.40230496978957625,0.4074943425707502,0.3958949469752377,0.4053579866886139,260802000
2006-08-25,0.4023049802601432,0.4113101672834065,0.39833718528628376,0.40413641929626465,238314000
2006-08-28,0.4108522275167581,0.4299293849513748,0.4100885299119711,0.41802504658699036,764562000
2006-08-29,0.4219930226853185,0.43893380339998433,0.4189409329097927,0.43695035576820374,727962000
2006-08-30,0.4393915110204792,0.4505330527563064,0.43832376981723165,0.44595444202423096,681564000
2006-08-31,0.444885746773787,0.44687012138802784,0.4346608672066065,0.4442758858203888,511278000
2006-09-01,0.43771300046699047,0.44122296956578827,0.42397724952868215,0.4256557524204254,605742000
2006-09-05,0.4270293609986426,0.4366443817055028,0.4207722741301142,0.4349658787250519,549354000
2006-09-06,0.4273352104775776,0.4279450715704482,0.4120729365298422,0.4131415784358978,493572000
2006-09-07,0.40642569411577445,0.4306922262070844,0.40200004639229536,0.4213830232620239,742836000
2006-09-08,0.42809787247143144,0.42992931092681086,0.4134463921189002,0.42275649309158325,447978000
2006-09-11,0.4132934802952642,0.4342029747096743,0.40856288941635727,0.42931854724884033,598266000
2006-09-12,0.42733519266573533,0.4433602630729632,0.426266550804222,0.4406130909919739,498432000
2006-09-13,0.44168092052811103,0.4499223838369548,0.44030733421313134,0.44412314891815186,476286000
2006-09-14,0.44198662064676897,0.4502280812573229,0.4366443126076279,0.44244447350502014,428814000
2006-09-15,0.44397014017061687,0.4532802440302298,0.4418337569573426,0.45114386081695557,649764000
2006-09-18,0.4523644909417659,0.4690003228710069,0.4509909322027088,0.46823662519454956,793896000
2006-09-19,0.4651845228806055,0.46854245629572633,0.4522115426799267,0.4560273289680481,708054000
2006-09-20,0.46197944635879745,0.47327302260388,0.4610637406614365,0.47266313433647156,511884000
2006-09-21,0.47220526732690543,0.47693585810768263,0.4644216331300658,0.4688473343849182,539106000
2006-09-22,0.4674737737246279,0.47037382672305794,0.44977020362219106,0.45495864748954773,653334000
2006-09-25,0.4618265033884799,0.4732729595326056,0.44931227898005494,0.4712894856929779,684486000
2006-09-26,0.47083171804856816,0.4720523678669476,0.45541651115779425,0.4613686800003052,516120000
2006-09-27,0.45999518036842346,0.47464669244328217,0.45556953252283705,0.45999518036842346,578142000
2006-09-28,0.44198664782786506,0.4531272616949523,0.44000230026414705,0.4512958228588104,647346000
2006-09-29,0.45434876866949975,0.45785870977648635,0.4491593971289457,0.45160162448883057,373890000
2006-10-02,0.4494643495483614,0.4523644024863738,0.4364922713372286,0.44015514850616455,647442000
2006-10-03,0.43191367387771606,0.43527070622920183,0.42229865574837955,0.43191367387771606,907692000
2006-10-04,0.4325237059973285,0.47449471599004944,0.43130302857816455,0.4743417799472809,1460382000
2006-10-05,0.4725102517091722,0.4772417713169834,0.4596902067548267,0.4609108567237854,662682000
2006-10-06,0.46167463717513296,0.47693598300008194,0.4603010510994678,0.4720524549484253,593610000
2006-10-09,0.4709839759754316,0.5086813018229527,0.4696103894246355,0.5024242401123047,932304000
2006-10-10,0.4998288502568555,0.5018131977957887,0.48533027576689547,0.49097755551338196,624648000
2006-10-11,0.48838262880192945,0.5024242578125013,0.4809048617810116,0.49372491240501404,481944000
2006-10-12,0.4964717458141362,0.5059338548610594,0.48853523053488906,0.49570804834365845,414720000
2006-10-13,0.49402960931778667,0.5182961118149121,0.48594108444451634,0.5153960585594177,584190000
2006-10-16,0.5170755813154443,0.5254690522771639,0.5053232482811973,0.514480471611023,478968000
2006-10-17,0.5060869375297067,0.5095968794585408,0.48990895818792085,0.4947924315929413,526506000
2006-10-18,0.5021181795752302,0.507460460985979,0.4781575469400373,0.48166748881340027,822750000
2006-10-19,0.479836035598235,0.4944875475999658,0.47602027614703996,0.4908246695995331,473040000
2006-10-20,0.4946405035557329,0.4949454477878162,0.47815763194259797,0.48517751693725586,359478000
2006-10-23,0.48410944069283085,0.4958608388230704,0.48075150850563053,0.4819721579551697,280248000
2006-10-24,0.4828879331230896,0.5015081321705912,0.48151434767270024,0.4960137903690338,519288000
2006-10-25,0.5007444782843173,0.5082231683925941,0.4923510104339977,0.5005924701690674,389436000
2006-10-26,0.5018131996746037,0.5181431857484614,0.5018131996746037,0.5164647102355957,366690000
2006-10-27,0.5164648681069874,0.5279113301185445,0.4883825429028762,0.4941827058792114,566988000
2006-10-30,0.4975396021481884,0.5089860616206987,0.4921982485471616,0.5001347661018372,479592000
2006-10-31,0.511123447007716,0.5321849584579468,0.5085283371190141,0.5321849584579468,996174000
2006-11-01,0.5251639456151166,0.5300474726996887,0.4838037629897578,0.4911295175552368,1176540000
2006-11-02,0.49341890661500803,0.5041025418686534,0.4810566865183286,0.48777255415916443,862944000
2006-11-03,0.49326686832979166,0.49815039608184764,0.48533029654949245,0.49753957986831665,548070000
2006-11-06,0.49891324671308335,0.5195168761799727,0.492656131955609,0.5126489996910095,739602000
2006-11-07,0.5164645917383204,0.5259267005336158,0.5135644845115296,0.5204324126243591,553254000
2006-11-08,0.5167697974462433,0.5344742476551576,0.5155491471873656,0.5280642509460449,648324000
2006-11-09,0.5388999053812337,0.5524827221936881,0.5340163768801699,0.5385949611663818,1207758000
2006-11-10,0.5340160460807613,0.536610280831705,0.5123437336496026,0.5256216526031494,1317192000
2006-11-13,0.5266905137734004,0.550957016503547,0.5265375777581194,0.5494305491447449,852282000
2006-11-14,0.5474461543698306,0.5559934874811123,0.5356947516563704,0.5549248456954956,628530000
2006-11-15,0.5532462410415666,0.5608769394789375,0.5427154896728068,0.545767605304718,491892000
2006-11-16,0.5480569765261798,0.5547719157156091,0.5433254570349035,0.552788496017456,457182000
2006-11-17,0.5489726642400582,0.5558405392224888,0.5456147308171662,0.5543140172958374,361608000
2006-11-20,0.5474460445498915,0.5625553777292011,0.5433253421287202,0.5595033168792725,608634000
2006-11-21,0.5611818890278213,0.5620975946815755,0.5469882603610865,0.5508040189743042,387384000
2006-11-22,0.5527884878890205,0.5608770129174013,0.5498883799968933,0.5602661967277527,240258000
2006-11-24,0.5575189708649892,0.5656084221954039,0.552482508267904,0.5643868446350098,144336000
2006-11-27,0.5610299256792002,0.568507634207978,0.5350839658210158,0.5388997793197632,585294000
2006-11-28,0.5370683277510804,0.5538561937538093,0.5286739308110566,0.5489726662635803,480966000
2006-11-29,0.5540088375539148,0.5637767606785383,0.5518724284450314,0.5570608973503113,579792000
2006-11-30,0.557061159001551,0.5691184328322098,0.5503462203961512,0.5645398497581482,583632000
2006-12-01,0.558282873773664,0.5590456436538458,0.5375263088388214,0.5424098372459412,785010000
2006-12-04,0.5494304474117262,0.5714076543919935,0.5474460456708188,0.5643868446350098,621570000
2006-12-05,0.5584346151467694,0.5617925476082415,0.5523304395235182,0.5585875511169434,663354000
2006-12-06,0.5604192054870561,0.5604192054870561,0.5501933955682972,0.557824969291687,478242000
2006-12-07,0.5578246983347568,0.5608768132799327,0.5395103712336977,0.5443938970565796,486894000
2006-12-08,0.5404262483465342,0.5500412949613448,0.5326426677722206,0.5425626039505005,564858000
2006-12-11,0.5427156806314771,0.5584349085690882,0.541494102563325,0.5518728494644165,515484000
2006-12-12,0.5477518307870549,0.5495832416695811,0.5388996112608435,0.5462253093719482,568116000
2006-12-13,0.550651262348196,0.5570612579581502,0.550651262348196,0.5526356101036072,491952000
2006-12-14,0.557061336938717,0.5694235588522506,0.5566035112336809,0.5624036192893982,715380000
2006-12-15,0.5660663872867815,0.5723235011100769,0.5625555176039541,0.5723235011100769,746094000
2006-12-18,0.5729342133253588,0.5891113174065312,0.5726283958834102,0.5822434425354004,688356000
2006-12-19,0.5747656972300854,0.593689919099048,0.5740019996072607,0.5906378030776978,545622000
2006-12-20,0.5875859205638541,0.5946058059248991,0.5834651615097217,0.5839230418205261,306594000
2006-12-21,0.5871278505974105,0.5888063806545837,0.5723234589244844,0.5788863897323608,367920000
2006-12-22,0.5779707231974907,0.5799541975387192,0.5624035061560805,0.5651506781578064,370170000
2006-12-26,0.5682027248383769,0.573239133450891,0.5627083815068846,0.564997673034668,228192000
2006-12-27,0.567439923625737,0.5744598066221569,0.567439923625737,0.5724763870239258,264954000
2006-12-28,0.5730864516073372,0.5736972680212693,0.5657607482181201,0.5683558583259583,213912000
2006-12-29,0.5683555966898853,0.5802599342662654,0.5642348938416847,0.5648447275161743,386094000
2007-01-03,0.5657607122181144,0.5726285894103293,0.5309633913641083,0.5506513714790344,1154820000
2007-01-04,0.5486679603894828,0.5506514354720907,0.5346263322468887,0.5480571985244751,797298000
2007-01-05,0.535083981551761,0.5372212650890681,0.5100546545618729,0.513717532157898,1243344000
2007-01-08,0.5155489549513663,0.5274532379124697,0.5066966785666789,0.5175333023071289,657270000
2007-01-09,0.5182960511871302,0.5218059923326693,0.5068495942331941,0.507460355758667,764166000
2007-01-10,0.5021182230987711,0.5372213563847283,0.494487577038501,0.5324898362159729,1108746000
2007-01-11,0.5324896467216431,0.5366104037189047,0.5218059600724078,0.5305052995681763,924504000
2007-01-12,0.5225698580243873,0.53981555126329,0.5201276301068182,0.5376791954040527,698190000
2007-01-16,0.5417999592505242,0.542104903465376,0.532489854631919,0.5385949611663818,711864000
2007-01-17,0.531116176573642,0.5343212286845026,0.5253169431345156,0.5273004174232483,707934000
2007-01-18,0.5227216786528281,0.5227216786528281,0.47708873870345525,0.48365166783332825,1501638000
2007-01-19,0.47846234846566743,0.49662379860002165,0.47510441536064124,0.4865509271621704,942606000
2007-01-22,0.49112951005037675,0.4990660260436093,0.48471946125827986,0.4865509271621704,730644000
2007-01-23,0.48426158560987437,0.4944874477226733,0.47525735574977973,0.4867038130760193,630354000
2007-01-24,0.49296100965867773,0.5083762188656724,0.49067171780458047,0.5018132328987122,685722000
2007-01-25,0.5063917479032659,0.5082232138866773,0.48182030249095525,0.4842616021633148,616284000
2007-01-26,0.48838242532832793,0.49311394505736905,0.4715945579914501,0.4802938997745514,829584000
2007-01-29,0.47815751304071735,0.4784624026159515,0.4564851913490738,0.4606059491634369,1258284000
2007-01-30,0.46365811942761537,0.4725103441616095,0.4595374152272124,0.46945828199386597,636174000
2007-01-31,0.4671687052175962,0.47220516691147696,0.46136854618401585,0.46777859330177307,467976000
2007-02-01,0.46335324991391724,0.47617329944385106,0.46243754378628793,0.47373107075691223,650898000
2007-02-02,0.47632610713058615,0.48838245548282544,0.47235741153511507,0.4860931634902954,586590000
2007-02-05,0.48838229786273013,0.498150278947379,0.4876195282642211,0.49402952194213867,579906000
2007-02-06,0.5051713095400244,0.5179913584665224,0.49769267021262115,0.5115813612937927,775386000
2007-02-07,0.515701967078045,0.5327947801713909,0.5126489772695859,0.5315741300582886,761058000
2007-02-08,0.523485415979506,0.5321847008654902,0.5189068334961441,0.5247060656547546,726276000
2007-02-09,0.5273004769093935,0.531727052760735,0.49631897617522425,0.4983033239841461,937956000
2007-02-12,0.5019663670450047,0.5201278276000177,0.4966240835523286,0.5092921257019043,789360000
2007-02-13,0.5175334244253682,0.5230277143639377,0.5123440241046011,0.5189070105552673,849732000
2007-02-14,0.5234855848669406,0.5265376466877898,0.510817547019167,0.5120391249656677,1081848000
2007-02-15,0.5117331285168045,0.5176852971349793,0.5068496015500917,0.515091061592102,488682000
2007-02-16,0.5129548251639723,0.5135646589625149,0.4978454873453231,0.49937108159065247,915060000
2007-02-20,0.500134713172807,0.5065447079666363,0.496623843749116,0.5037975907325745,625578000
2007-02-21,0.4996766599792045,0.5050180657463257,0.4912822660084505,0.4963187277317047,655332000
2007-02-22,0.5041025213797371,0.5121911014707182,0.49830328770855775,0.49952393770217896,655452000
2007-02-23,0.5042554941144834,0.5045604383109971,0.49815044252818863,0.4983033239841461,403050000
2007-02-26,0.4996766710182062,0.5034915554772906,0.4899087459807683,0.4906715154647827,494070000
2007-02-27,0.48533012958591165,0.4967766391890346,0.4751043241125349,0.4758680760860443,714630000
2007-02-28,0.4744946927286834,0.48334598857730704,0.4686945308228469,0.47312110662460327,780048000
2007-03-01,0.46289538943611486,0.476020382259023,0.45679028211533385,0.4673210382461548,837228000
2007-03-02,0.4632001512819834,0.46884737605888005,0.4534330695776491,0.4543488025665283,682728000
2007-03-05,0.44641227417799123,0.45526449595024787,0.43740801699095133,0.4389336109161377,663558000
2007-03-06,0.4485487165091748,0.4699160960477618,0.4467172775168189,0.4648796319961548,805974000
2007-03-07,0.4625903644248714,0.4647267204239957,0.44977031809416174,0.45175376534461975,811656000
2007-03-08,0.4612167607420069,0.47556240082793966,0.4609108886752815,0.4703739285469055,770622000
2007-03-09,0.476936031601941,0.4822783137132965,0.4603010980061546,0.46564245223999023,555306000
2007-03-12,0.4603010084809432,0.4696101835034383,0.4596901922864936,0.4628952443599701,428010000
2007-03-13,0.45816376178742063,0.4609108793245428,0.44305439700915167,0.44336026906967163,617070000
2007-03-14,0.4445809293780278,0.447175138235385,0.4279450694162855,0.44122299551963806,971610000
2007-03-15,0.4401552246735084,0.4441230466459891,0.4300823243611071,0.43679729104042053,655752000
2007-03-16,0.4371022285337994,0.4378659261814137,0.4296244648962849,0.4326765537261963,525648000
2007-03-19,0.4349657823103896,0.44183365662017055,0.4334392878237546,0.43481287360191345,461508000
2007-03-20,0.433439350786962,0.4433602428016697,0.4309980508739765,0.4326765537261963,656490000
2007-03-21,0.45022804017144213,0.4645736493425565,0.4416807356140251,0.4574008584022522,1268376000
2007-03-22,0.4578587291729643,0.47022089215493257,0.4557223737110618,0.4674737751483917,810954000
2007-03-23,0.4639638140791668,0.47220527390886596,0.45892735124406975,0.4622843563556671,524640000
2007-03-26,0.4625902636513967,0.46701591072471543,0.45480665604248216,0.4632001519203186,447336000
2007-03-27,0.4621324572247771,0.4630481630704726,0.454043030894825,0.45450088381767273,469020000
2007-03-28,0.45068592428962756,0.45450080978487817,0.44503869952403824,0.4458014965057373,459504000
2007-03-29,0.4525174409104241,0.45312730199181317,0.4308451443987337,0.43801796436309814,719016000
2007-03-30,0.4439700332787538,0.4471750303299666,0.4369501509431836,0.4392394423484802,581244000
2007-04-02,0.4381709492543303,0.44183380037028047,0.4316079896395328,0.43878173828125,400830000
2007-04-03,0.43878165913216816,0.4436651595435273,0.4329814977617593,0.43710222840309143,473724000
2007-04-04,0.4364923073696432,0.44000227612176324,0.43496581277609003,0.43618646264076233,361692000
2007-04-05,0.4380179630949656,0.4720524522835726,0.4380179630949656,0.47159457206726074,1332900000
2007-04-09,0.47159456597728555,0.47693597414870864,0.46213245423636734,0.46304816007614136,640950000
2007-04-10,0.46243747744993335,0.4677788865342249,0.45740103988940467,0.45831677317619324,794220000
2007-04-11,0.4592322216062179,0.4638108036006546,0.44854853613318274,0.45007503032684326,810150000
2007-04-12,0.44763297207070485,0.4642688303084572,0.44473379203312285,0.4628952443599701,743640000
2007-04-13,0.4613686743881003,0.4676267151622761,0.4557223776220616,0.4667109549045563,638694000
2007-04-16,0.4654895729795188,0.4690003886263175,0.45831675223049123,0.46426892280578613,671838000
2007-04-17,0.4760202033516436,0.48685677296037033,0.46640515689351697,0.46869444847106934,1059108000
2007-04-18,0.4679317680757784,0.4786154595424287,0.4654895943198583,0.4744947552680969,683802000
2007-04-19,0.47067872656876636,0.48380371252520904,0.4693051409083881,0.4810565412044525,568056000
2007-04-20,0.4880773988713708,0.4883823429959289,0.4802938188057307,0.4867038130760193,590052000
2007-04-23,0.4844145604691807,0.48533026621253245,0.4773937495093497,0.4787673354148865,595272000
2007-04-24,0.4868567983125931,0.5012024368039667,0.48365180085332843,0.4967767894268036,1028088000
2007-04-25,0.4960139961075584,0.5080703436558615,0.4937247042676819,0.5053231716156006,509640000
2007-04-26,0.5053233177325147,0.5153962484054307,0.5007447327288396,0.5115813612937927,500070000
2007-04-27,0.5099017082805056,0.5155489326807419,0.49662378550618114,0.504713237285614,554058000
2007-04-30,0.5115809224868425,0.5179909141614217,0.5018129444550159,0.5019658803939819,563388000
2007-05-01,0.5111232283673515,0.5144802880682089,0.5031867126293379,0.5073074698448181,544554000
2007-05-02,0.5099015123259807,0.5120387947701208,0.4987608770984838,0.5013551115989685,659658000
2007-05-03,0.5060870539361967,0.5141755815288479,0.5051712933000702,0.5108176469802856,500250000
2007-05-04,0.5135647110713186,0.5170755813154443,0.5086811824761961,0.514480471611023,405246000
2007-05-07,0.5219591089452847,0.5277583434883557,0.5036447714815653,0.5042555332183838,557100000
2007-05-08,0.5012024740920574,0.5092919275794087,0.49143541826756815,0.5080703496932983,737100000
2007-05-09,0.5044074161708938,0.5132596930660513,0.4986081830674786,0.5103595852851868,417870000
2007-05-10,0.5124969220306942,0.5192118615616578,0.496471879062643,0.5008975267410278,802584000
2007-05-11,0.5279111499966789,0.5414939637126303,0.519822625255431,0.5363055467605591,1530630000
2007-05-14,0.5341683541383373,0.5392047638131124,0.5259268919838552,0.5309633016586304,731568000
2007-05-15,0.5324896529405766,0.5356946498107608,0.5250110176177603,0.5262325406074524,621360000
2007-05-16,0.5266907223891596,0.532947838306427,0.5166178459211533,0.532947838306427,523104000
2007-05-17,0.5314211117640757,0.5341682836467143,0.5210432950058033,0.524095356464386,443664000
2007-05-18,0.5280639624244117,0.5359995492971664,0.5236373883519637,0.5344739556312561,604266000
2007-05-21,0.5329477224420887,0.5494306473197851,0.5303534861447381,0.536152720451355,645768000
2007-05-22,0.5366107888493529,0.5439364933560836,0.5279114431099847,0.5390529632568359,401736000
2007-05-23,0.539357518685311,0.5425625155074626,0.5231795440075827,0.5247060656547546,448248000
2007-05-24,0.5271484955438597,0.5286740353193692,0.5036447580243717,0.5057811141014099,607800000
2007-05-25,0.5094438929606045,0.5163117679852693,0.5079182989018867,0.513717532157898,308976000
2007-05-29,0.5115811838356855,0.5208903588063443,0.5100546618777514,0.5192118287086487,316242000
2007-05-30,0.5131066590246789,0.5204324126243591,0.506696610979707,0.5204324126243591,331650000
2007-05-31,0.5242481811877907,0.5318788790245074,0.5218059539805814,0.5286738276481628,481572000
2007-06-01,0.5346261228596809,0.5425626399718,0.5314211253023001,0.5323368310928345,429084000
2007-06-04,0.5274533187897419,0.5382890163144451,0.5253169629815847,0.5352369546890259,322002000
2007-06-05,0.536763493884454,0.5520248410905488,0.5358477879448146,0.5511091351509094,698586000
2007-06-06,0.5472940807795537,0.5640819450824801,0.5450047893421002,0.5552297234535217,950736000
2007-06-07,0.5526352971438984,0.5608767543902569,0.5491253571383248,0.5492773652076721,791862000
2007-06-08,0.5446991056853927,0.5585877937197635,0.5379841111420751,0.557824969291687,533268000
2007-06-11,0.5578247210126486,0.5631661270626073,0.5547717326473542,0.5598081946372986,434634000
2007-06-12,0.5569091329413083,0.5646927130003877,0.5537041358088655,0.5540090799331665,526770000
2007-06-13,0.5601141494685752,0.567439904237265,0.5529404574096975,0.5672869682312012,587232000
2007-06-14,0.564692752209104,0.5794962703905484,0.563929054610486,0.5773599147796631,508548000
2007-06-15,0.583922893143612,0.6081893972358202,0.5837699571197468,0.6036108136177063,1081998000
2007-06-18,0.6097149845108922,0.6118522681493667,0.5990322232469582,0.6039157509803772,685662000
2007-06-19,0.6001000118068672,0.6091051719148196,0.5959793079170451,0.6077316403388977,491952000
2007-06-20,0.6104786794840447,0.613530795609877,0.6042206924955914,0.60834139585495,822792000
2007-06-21,0.6200935715424503,0.6613008677261554,0.6153620531589634,0.6559585332870483,1297326000
2007-06-22,0.6562642569079252,0.669542175615987,0.6463433968920904,0.665726363658905,882618000
2007-06-25,0.6471073469034955,0.6629794519323557,0.6411551778877586,0.648175060749054,819702000
2007-06-26,0.6464967379851101,0.6483282045822006,0.6165830018901012,0.6181095242500305,868482000
2007-06-27,0.6181096668472229,0.6355083033377411,0.6150575493008229,0.6347454786300659,613140000
2007-06-28,0.636576640439365,0.6477172816872876,0.6303185989576207,0.6408493518829346,597534000
2007-06-29,0.6451229772225968,0.6452758586446545,0.6301665238429063,0.6304714679718018,516570000
2007-07-02,0.6394758648173144,0.6570273756205465,0.637492390396385,0.6567224860191345,563850000
2007-07-03,0.6562645303831168,0.6629794692807139,0.6509222495064068,0.6577901244163513,238770000
2007-07-05,0.6579431393948642,0.666947371009795,0.6547380870540728,0.6648110151290894,373290000
2007-07-06,0.6638952536160396,0.670610192756544,0.6626746036860386,0.6680159568786621,282720000
2007-07-09,0.6704580469829922,0.6906038427272937,0.6703051109965074,0.6873987913131714,536784000
2007-07-10,0.6838882779454577,0.6982347932416498,0.6765625208918589,0.694114089012146,552654000
2007-07-11,0.6939610345845196,0.6986925543444363,0.6814468066923755,0.6910618543624878,582612000
2007-07-12,0.6959452276543056,0.7051023930843341,0.6910617008290848,0.7043396234512329,438732000
2007-07-13,0.7023555009294049,0.7107498448311729,0.6993033843812309,0.7000662088394165,372630000
2007-07-16,0.7006767449403887,0.7156331427920717,0.7005238089469997,0.7127330899238586,541710000
2007-07-17,0.7156332631272849,0.7299798297532092,0.7090703320747247,0.7096810936927795,643812000
2007-07-18,0.6994552599961924,0.7015925435160116,0.6829723382394585,0.6967081427574158,550656000
2007-07-19,0.7066290111242313,0.7101389526971602,0.6910617950227212,0.6959453225135803,407376000
2007-07-20,0.7005237830194646,0.7029660102753218,0.6849566242285938,0.6883145570755005,505650000
2007-07-23,0.6858725178662279,0.7093762530653224,0.6843459957828918,0.6951826214790344,360474000
2007-07-24,0.692435234292787,0.6982344663070656,0.6725943832059684,0.6768680214881897,457560000
2007-07-25,0.6770202046634107,0.6866352519579224,0.6580959821177933,0.6736631989479065,437196000
2007-07-26,0.6664894392520154,0.6864832311215144,0.6574852083334285,0.6770201921463013,710268000
2007-07-27,0.6753419041633606,0.7064762913134549,0.675036959918267,0.6753419041633606,615480000
2007-07-30,0.6777839918467674,0.6953346293152233,0.6776310558171778,0.6942669153213501,538158000
2007-07-31,0.721738483721144,0.7315055405522617,0.6974719765128934,0.6983876824378967,711492000
2007-08-01,0.6883146765582504,0.7052554239669004,0.6608431219909824,0.6931982040405273,705828000
2007-08-02,0.7011347819055788,0.7017446156801781,0.6808360447170644,0.6901461482048035,468606000
2007-08-03,0.6878566539643121,0.6928931164180093,0.648938649127849,0.6492435932159424,623412000
2007-08-06,0.6547380685806274,0.6596215964496441,0.6364237338060995,0.6547380685806274,524724000
2007-08-07,0.6547380803391887,0.6759525235696868,0.646038792997465,0.6651159524917603,565764000
2007-08-08,0.6771730997412878,0.7165489923330276,0.6719837548732396,0.6957923769950867,660744000
2007-08-09,0.7005239100296774,0.7234168814426393,0.6844988682473175,0.7040338516235352,1251834000
2007-08-10,0.6463435877146874,0.6759523672591695,0.6316920793552037,0.6713737845420837,1141014000
2007-08-13,0.6767152376516374,0.6812938206811587,0.6501593905831956,0.6640480756759644,700410000
2007-08-14,0.6686266270671626,0.7005238253412988,0.6666422797774514,0.6898401379585266,1092174000
2007-08-15,0.6861775193626511,0.6959454494218887,0.6597746016985913,0.6606903076171875,695142000
2007-08-16,0.6541270625059763,0.6588585804579707,0.6181091680628561,0.6497014164924622,780030000
2007-08-17,0.6677107468898142,0.6886193081992261,0.6469541936604253,0.6880085468292236,728712000
2007-08-20,0.6884666590472488,0.6959452953639732,0.6768681384337555,0.685261607170105,519684000
2007-08-21,0.6893821998478037,0.7278423219438758,0.6791572675446833,0.7223480343818665,715338000
2007-08-22,0.740662693473691,0.7431049215691394,0.7257062910338434,0.7388312816619873,566154000
2007-08-23,0.7423420343602037,0.7510413761828675,0.7293691075727322,0.7325741052627563,667986000
2007-08-24,0.7304376419035654,0.7377633420336572,0.725095306707329,0.7363897562026978,361644000
2007-08-27,0.7363897098100449,0.7608082720571891,0.7330317767985048,0.7530246376991272,635946000
2007-08-28,0.7554667372336955,0.7585188523193114,0.7054072248689642,0.7070866823196411,560022000
2007-08-29,0.7218904354051496,0.7481412884529969,0.7203648411804862,0.7472255825996399,538560000
2007-08-30,0.7400528086982521,0.7614192617459457,0.7397469911971696,0.7429519891738892,465660000
2007-08-31,0.7585189278596538,0.7837011312902197,0.7543981709133201,0.7808019518852234,720834000
2007-09-04,0.784312043076878,0.8082735997677574,0.7721027613133161,0.8049156665802002,683268000
2007-09-05,0.801405705071249,0.8241456834986502,0.7982007079677009,0.7988105416297913,656274000
2007-09-06,0.8087313628334716,0.8160570618256228,0.7989633821102222,0.8023213148117065,425496000
2007-09-07,0.7800385425242484,0.7881279967162714,0.7580613277696392,0.7730186581611633,602304000
2007-09-10,0.7898065206096532,0.8035422728961795,0.7687450119379017,0.7751550078392029,872112000
2007-09-11,0.7845412269714227,0.7975901875748362,0.776299763805837,0.7916380167007446,405424000
2007-09-12,0.8001081619720763,0.8040000068681489,0.7527198306629206,0.7605034112930298,554452000
2007-09-13,0.7749261653646821,0.7758418713507157,0.7552382410503119,0.7607325315475464,452864000
2007-09-14,0.7531775251391117,0.7540932307160237,0.736007813602726,0.7382971048355103,487308000
2007-09-17,0.7394418652020428,0.747225445397933,0.7286822005934273,0.7366946935653687,374828000
2007-09-18,0.7444783762585172,0.8126993002039657,0.7433337031425578,0.8012528419494629,844740000
2007-09-19,0.8085783296916335,0.8241454859377486,0.7788174934899424,0.7866011261940002,521360000
2007-09-20,0.7870591178730435,0.7955294905115501,0.7733233696082742,0.7820226550102234,324172000
2007-09-21,0.7898066900100431,0.8012531527038907,0.782023051713395,0.7895777225494385,457532000
2007-09-24,0.7943847747097244,0.821856267870842,0.7886615196773222,0.8097230195999146,456360000
2007-09-25,0.8049158085244174,0.8234590565731429,0.8026265166203392,0.8200251460075378,360748000
2007-09-26,0.8241457332539158,0.8413154474010842,0.8220854090378283,0.8394840359687805,518032000
2007-09-27,0.8474965616944102,0.8516173194465599,0.8330740187239237,0.842002272605896,378280000
2007-09-28,0.8470387785395408,0.8500148633159442,0.8278086838949306,0.8296401500701904,404292000
2007-10-01,0.8367367873679978,0.8687869211369892,0.8358210817359721,0.8646661639213562,398200000
2007-10-02,0.8626060706028361,0.8642086242151573,0.8438339079042607,0.8564249873161316,284960000
2007-10-03,0.841315566173567,0.841315566173567,0.8065183073991696,0.8200251460075378,467196000
2007-10-04,0.8191092093065998,0.8284952870936663,0.7955294493011237,0.8236877918243408,378976000
2007-10-05,0.8367368155463153,0.8500147386913813,0.827808562526117,0.845436155796051,344840000
2007-10-08,0.8513885830242668,0.8605457515957592,0.8413156539308011,0.8591721653938293,252484000
2007-10-09,0.8591717798265226,0.8630635692648,0.8314713191220692,0.8440624475479126,403008000
2007-10-10,0.8497858285087455,0.8497858285087455,0.8246036208903105,0.8449783325195312,389136000
2007-10-11,0.8371945012895665,0.8477252504200139,0.7982765011341738,0.8074336647987366,529104000
2007-10-12,0.8163623060458013,0.8271219730377197,0.8037711726967525,0.8271219730377197,409952000
2007-10-15,0.8298689764092052,0.8438336930391033,0.8259771862411727,0.8330739736557007,355900000
2007-10-16,0.8321583098826615,0.8555091066484127,0.8291822252663883,0.8406286835670471,276360000
2007-10-17,0.8733656023340193,0.9077049767637012,0.8724498965987646,0.9051867723464966,717944000
2007-10-18,0.9022107159292999,0.9081628852657498,0.8795467117240572,0.9045000076293945,340620000
2007-10-19,0.9024396112982824,0.9028974914618673,0.8557380178533759,0.8559669852256775,505768000
2007-10-22,0.8504726722902753,0.8983189405809681,0.8436047970746725,0.8964874744415283,537656000
2007-10-23,0.9081628185236992,0.9081628185236992,0.8763416498566564,0.9008370637893677,294292000
2007-10-24,0.881378280220973,0.881378280220973,0.8275798883970037,0.8703896999359131,565500000
2007-10-25,0.8436048800811298,0.8516174292449042,0.7689738965643765,0.7943850755691528,806192000
2007-10-26,0.8195672770779044,0.8250616213881562,0.7760707303015707,0.7875171899795532,616580000
2007-10-29,0.7605033354202392,0.7726365853135715,0.7453940012450697,0.768973708152771,813896000
2007-10-30,0.7751547532896105,0.813385967055457,0.7623347111158965,0.7971320152282715,525212000
2007-10-31,0.8019395922123106,0.8104099654116284,0.7769862981715546,0.8099521398544312,455188000
2007-11-01,0.7973610091542461,0.8262060933362554,0.7863723770662822,0.8099521398544312,587236000
2007-11-02,0.8211697962042364,0.8470388557528888,0.8097233362442703,0.8410866856575012,491844000
2007-11-05,0.8339898422756037,0.8612324879356574,0.8287244652359166,0.8410866856575012,436636000
2007-11-06,0.8490991556199019,0.8745102779834927,0.8452073104740615,0.8676424026489258,554620000
2007-11-07,0.867184319575666,0.8706182289329142,0.8195669773972476,0.826434850692749,546768000
2007-11-08,0.8184227010160927,0.83330312666281,0.751117416359107,0.7746971845626831,996824000
2007-11-09,0.790950999575857,0.7966742559744132,0.7474544583546989,0.7637084126472473,871056000
2007-11-12,0.7634792630218945,0.7689735503450589,0.6874747276306152,0.6874747276306152,715732000
2007-11-13,0.6986925165996107,0.7488280221335157,0.6874749706873122,0.7481412291526794,726696000
2007-11-14,0.7671424870054772,0.7744681885618014,0.732574140047324,0.7364659309387207,666720000
2007-11-15,0.7316585097272579,0.7385263863473234,0.7096812390458106,0.7266220450401306,496436000
2007-11-16,0.7325742645301039,0.7449364323541277,0.7266220934797115,0.7428760528564453,423592000
2007-11-19,0.7323450722757172,0.736007949842395,0.6888485308013358,0.6927403211593628,568412000
2007-11-20,0.7057890550951641,0.706933727852199,0.6664132292139837,0.6874747276306152,622628000
2007-11-21,0.6730524097358407,0.6964032067335165,0.6709920308469525,0.6801491975784302,648452000
2007-11-23,0.684956681023184,0.6948006397504699,0.676257340734366,0.6918245553970337,141976000
2007-11-26,0.6913667653160751,0.7055603960363368,0.6744260172370994,0.675799548625946,385896000
2007-11-27,0.6854143819013649,0.706933761356909,0.6801490070476577,0.7048733830451965,458856000
2007-11-28,0.7270796438518844,0.7621058065132378,0.7236456795806682,0.7520329356193542,574548000
2007-11-29,0.7508884201072307,0.7806492680943541,0.747683422502778,0.7582141757011414,489084000
2007-11-30,0.7829386277063616,0.7829386277063616,0.7197541030436709,0.7220433950424194,652656000
2007-12-03,0.7325741052627563,0.7460809436204564,0.7213565587666484,0.7325741052627563,490688000
2007-12-04,0.7357788917163768,0.7382970956668642,0.7176934748276753,0.7318871021270752,371712000
2007-12-05,0.7598165430473047,0.7840830428501305,0.7504304646635749,0.7698894143104553,666704000
2007-12-06,0.768058031182074,0.7879748616725386,0.7611901567170514,0.785456657409668,371152000
2007-12-07,0.7886616075491188,0.7895773131736487,0.7676001052798774,0.7756126523017883,320292000
2007-12-10,0.7781310179137891,0.7932403548879778,0.7758417260868218,0.7840831875801086,336360000
2007-12-11,0.8007953277452705,0.8154468446714994,0.7831677794357599,0.7849991917610168,582436000
2007-12-12,0.8181936355642403,0.8262061840864564,0.7962164235553584,0.8120125532150269,617504000
2007-12-13,0.8021687718383138,0.8074341495647566,0.7664558011890227,0.789806604385376,500364000
2007-12-14,0.7861436539855505,0.8115548342962823,0.7808782767401299,0.8028554916381836,354016000
2007-12-17,0.7943849013145713,0.801939568596002,0.7600454748093337,0.7618769407272339,507408000
2007-12-18,0.7735524922516686,0.7898065036483857,0.7657689103726634,0.7813361287117004,396896000
2007-12-19,0.7785888459212826,0.7959874735561752,0.77538384849457,0.7886617183685303,253536000
2007-12-20,0.8012528771062369,0.8069761337751183,0.7845410418632914,0.8051446676254272,279940000
2007-12-21,0.814759625489889,0.8218564127667289,0.7975899119466131,0.8049156665802002,433408000
2007-12-24,0.8108679190771759,0.8230011707393592,0.8049157496457622,0.8191093802452087,104008000
2007-12-26,0.8207118934358141,0.8300979733467102,0.812699344926228,0.8300979733467102,215340000
2007-12-27,0.8287244072414798,0.8333030454860778,0.802397578466432,0.8044579029083252,241368000
2007-12-28,0.8030842775002769,0.8126993245545586,0.7895774399809578,0.796445369720459,262064000
2007-12-31,0.7900354395699256,0.8044579850407841,0.7785889792423418,0.778817892074585,276236000
2008-01-02,0.7811071838156893,0.7840832689577278,0.7453942166922544,0.7556960582733154,483964000
2008-01-03,0.7600454844448272,0.7751548191992373,0.746996528406295,0.7497437000274658,475308000
2008-01-04,0.7273085263262828,0.7309714032027301,0.6822094400678509,0.686788022518158,736092000
2008-01-07,0.6913667287796741,0.6970899851579931,0.6032289189558718,0.615820050239563,1006800000
2008-01-08,0.6192538918567287,0.6705340624721361,0.6048313506937719,0.6288689374923706,1106956000
2008-01-09,0.6373393068462333,0.6616058608640502,0.6279532286040771,0.6613768935203552,741036000
2008-01-10,0.6432916301312952,0.6579431420891262,0.6348212554825006,0.6476413011550903,554432000
2008-01-11,0.6323027008619119,0.6455805648227934,0.6146751137031116,0.6192536950111389,572612000
2008-01-14,0.6284113371901074,0.661377191430109,0.6183384615416786,0.6604614853858948,539188000
2008-01-15,0.6352790197251711,0.6428336871427087,0.6011685053772459,0.6119282245635986,725692000
2008-01-16,0.5734680322563852,0.5805648187698389,0.5302003565983013,0.542791485786438,1464472000
2008-01-17,0.5512619300292637,0.5659133850546288,0.5320318373161425,0.5334054231643677,1133900000
2008-01-18,0.5350080344365136,0.57163676158342,0.5155490794264042,0.5686606764793396,920428000
2008-01-22,0.5144041947180745,0.5535511106417158,0.5111991981018946,0.5402731895446777,709092000
2008-01-23,0.5182959778668591,0.5663711448534926,0.5132595702682053,0.5501171946525574,929880000
2008-01-24,0.5608767588737433,0.5924690028071581,0.5556113848848409,0.592240035533905,597092000
2008-01-25,0.6149046145471498,0.6286403703901762,0.5684319139057645,0.5711790323257446,688012000
2008-01-28,0.5691186393101703,0.5748418429386349,0.552177832125154,0.5643110871315002,577608000
2008-01-29,0.5743838040189163,0.5839988502263911,0.559503381862231,0.5817095041275024,414484000
2008-01-30,0.5723233610828955,0.5853723158130145,0.5601901119410111,0.5766730308532715,530476000
2008-01-31,0.5640820571436179,0.5734681921085462,0.5455387546097029,0.5629374384880066,588708000
2008-02-01,0.5617927562262024,0.6181094013679759,0.5569852597040238,0.6149044036865234,593104000
2008-02-04,0.6281821779236068,0.6316161424687532,0.5924692195591571,0.5956742167472839,565128000
2008-02-05,0.5837699661715636,0.5839989335627351,0.5581298756801468,0.5583587884902954,494928000
2008-02-06,0.5643108970825319,0.5798781126880489,0.5462254770950558,0.556527316570282,557380000
2008-02-07,0.5405020534470834,0.5778174966069465,0.5288266328919825,0.5620213747024536,664128000
2008-02-08,0.5567563721254005,0.5764442958209977,0.5494306698863387,0.5720946788787842,393932000
2008-02-11,0.576902116579356,0.5862882517708091,0.5700342407368666,0.5739260315895081,503732000
2008-02-12,0.5826253162915315,0.6034578545853452,0.5794202642162355,0.5952163934707642,609688000
2008-02-13,0.5997950132297372,0.6203986945541786,0.5933850178530832,0.6185672283172607,742312000
2008-02-14,0.6004816602324416,0.6009395403255885,0.5162357075071522,0.5176092386245728,2184296000
2008-02-15,0.5155488420160159,0.5295135006267198,0.5015841288243098,0.509825587272644,817364000
2008-02-19,0.5192117414442982,0.520127501638291,0.49792132668265765,0.5022709965705872,558608000
2008-02-20,0.4876196234126979,0.5059339570158349,0.4855592445080391,0.49860820174217224,759016000
2008-02-21,0.5036446460556985,0.506162850455526,0.48441455284296203,0.4873906373977661,644272000
2008-02-22,0.49128226790614016,0.5118859403020396,0.4876194461816244,0.5109702348709106,723052000
2008-02-25,0.5105125594399993,0.5164647289990202,0.497234634334334,0.5107414722442627,671784000
2008-02-26,0.5077653072034234,0.5228746415169402,0.49998172727858525,0.515091061592102,565420000
2008-02-27,0.5125729020024193,0.5272243574736803,0.5093678500653473,0.523103654384613,537816000
2008-02-28,0.5185252788492447,0.519440984949071,0.5034158825874329,0.5034158825874329,503608000
2008-02-29,0.49517442685372137,0.5018133363931013,0.48761975671901686,0.48968008160591125,540576000
2008-03-03,0.48899316328760895,0.4924271281885352,0.4775467045862222,0.4839567542076111,449028000
2008-03-04,0.48075160158971075,0.4816673617591687,0.4603768929869291,0.47914910316467285,778888000
2008-03-05,0.4837277288711812,0.4960899464523711,0.4786913203945982,0.48464348912239075,644656000
2008-03-06,0.4786913565073814,0.48189635388536023,0.45350909390064476,0.45419588685035706,1075284000
2008-03-07,0.4459544167551875,0.46518450978494685,0.43496581165997383,0.4475569427013397,767500000
2008-03-10,0.4420626757696931,0.44755699257481285,0.4212301090533232,0.4219169020652771,776100000
2008-03-11,0.43496582204781326,0.44023119829111196,0.41756719462400255,0.4358815550804138,857940000
2008-03-12,0.44000238796846014,0.44389417921443164,0.42031443702347876,0.4239773154258728,743320000
2008-03-13,0.4173382771595058,0.45740093771199963,0.41482007258703385,0.4509909152984619,1220528000
2008-03-14,0.45328031375102573,0.45373816675464224,0.4161937292287789,0.4193987548351288,1154972000
2008-03-17,0.4010843458236449,0.4230615878229427,0.3962768215778128,0.4088679552078247,800952000
2008-03-18,0.41848286731626866,0.4349657876962437,0.406578557156681,0.4342789947986603,1075256000
2008-03-19,0.4242061334638268,0.4301582750414116,0.40428927540779114,0.40428927540779114,880476000
2008-03-20,0.40909688897271923,0.4248930213812136,0.4017711594584466,0.4239773154258728,633460000
2008-03-24,0.43336324533798526,0.46106368018086463,0.4317607469325593,0.4585454761981964,887440000
2008-03-25,0.4606060446083247,0.47388391740583513,0.456256373096627,0.46518462896347046,735388000
2008-03-26,0.45900346222331906,0.46220845977394026,0.44526768436069963,0.4503041207790375,721652000
2008-03-27,0.4434361758412499,0.4560272785546309,0.43656827434344503,0.44389402866363525,601308000
2008-03-28,0.4519065910134526,0.4622084305824154,0.44732800777858417,0.45053303241729736,561788000
2008-03-31,0.4553405608347183,0.463810962254257,0.44732803960364925,0.45305126905441284,569992000
2008-04-01,0.4665581174691525,0.4818963663883076,0.45991915517036225,0.4807516932487488,676872000
2008-04-02,0.48212519540938437,0.48212519540938437,0.46243727931052386,0.46610015630722046,616536000
2008-04-03,0.46220838120144614,0.46289517407140324,0.4438940229281152,0.4574008584022522,841984000
2008-04-04,0.448243708378329,0.4505330272600663,0.42878472985288413,0.42992937564849854,1535528000
2008-04-07,0.44046023357012415,0.4468702570217129,0.43679735522906915,0.4402312934398651,729496000
2008-04-08,0.43496573402794514,0.4519065051525678,0.43496573402794514,0.4377128779888153,639476000
2008-04-09,0.4427495063293275,0.45099096859067433,0.4386287751986541,0.4464123845100403,675232000
2008-04-10,0.451219775619634,0.4695341622288911,0.4416047567629082,0.4551115930080414,1092184000
2008-04-11,0.44641228745266964,0.4491594318456729,0.42145896597365434,0.4242061376571655,1106280000
2008-04-14,0.4226036784761987,0.42351941161213724,0.40749434099307813,0.4100125730037689,780004000
2008-04-15,0.41207290306271616,0.4164225738253092,0.40314467602401655,0.4148200750350952,439916000
2008-04-16,0.4306161989938865,0.43679728126860773,0.4230615307512225,0.4313029646873474,646836000
2008-04-17,0.4113860958694645,0.4269532838840248,0.41115715579801926,0.42535078525543213,596968000
2008-04-18,0.4383997267722031,0.44229154411168353,0.4294715009368815,0.4354236423969269,573540000
2008-04-21,0.43198973761325643,0.4578587659684654,0.43198973761325643,0.4548826813697815,679892000
2008-04-22,0.4466412973397637,0.451448821540635,0.43679733610829774,0.4464123845100403,587668000
2008-04-23,0.45259346645950216,0.47296818194305434,0.44664129625295573,0.46793171763420105,1020496000
2008-04-24,0.47067887497728417,0.4729681669394091,0.4498463072057427,0.4567141830921173,655764000
2008-04-25,0.46106377630505857,0.4624373622477961,0.446641233068354,0.46129274368286133,552208000
2008-04-28,0.4592323786936461,0.4661002540345624,0.45121983017206635,0.45305126905441284,535700000
2008-04-29,0.4480149915031516,0.468160799064008,0.4480149915031516,0.46243754029273987,573408000
2008-04-30,0.4679316949484636,0.4754863637549729,0.464726697171405,0.47044995427131653,1068320000
2008-05-01,0.47617321813131497,0.49334293706184507,0.4738839259126464,0.49219831824302673,1014624000
2008-05-02,0.5057050443064426,0.5155490040779114,0.4981503762357568,0.5155490040779114,1131016000
2008-05-05,0.5121149575535707,0.5144042488892103,0.5015842064934265,0.5027288794517517,943392000
2008-05-06,0.5013553436065347,0.5169225044050243,0.4935717086262737,0.5157778859138489,729036000
2008-05-07,0.5171513279646993,0.524019200745063,0.4995237387055314,0.5038734078407288,715632000
2008-05-08,0.5077652535834241,0.5093677519527838,0.4809805522111139,0.5024998784065247,1360000000
2008-05-09,0.5038735479519336,0.5363815099841526,0.50295784224279,0.5157778859138489,2030352000
2008-05-12,0.5224171922139027,0.5224171922139027,0.4960902945892481,0.5011267066001892,1006652000
2008-05-13,0.5036447153105351,0.5036447153105351,0.4871617915991004,0.4908246695995331,854108000
2008-05-14,0.4970055972011531,0.5182960109403288,0.4908245163841031,0.5052470564842224,751148000
2008-05-15,0.5041023119370497,0.5466831879442119,0.5018130210494173,0.5443938970565796,1165464000
2008-05-16,0.5535513536886603,0.5599614043164761,0.5409602198497202,0.5588167309761047,1091556000
2008-05-19,0.5590456596649725,0.5794203763045119,0.5432495273546982,0.5471413731575012,1158532000
2008-05-20,0.5322610450721265,0.5384421295997904,0.5267667537787631,0.532947838306427,771404000
2008-05-21,0.534321086865459,0.5549247071214333,0.5274531588657948,0.5285978317260742,1066660000
2008-05-22,0.5361526394877596,0.5457676866446337,0.5276822654933561,0.5414180159568787,693108000
2008-05-23,0.5405023530487203,0.5448520240814957,0.5212722572096211,0.5290558934211731,802672000
2008-05-27,0.5299713390803085,0.5354656260878496,0.5198984158886519,0.5347788333892822,832856000
2008-05-28,0.5494305927356973,0.5508041241881922,0.5336344625122831,0.5398155450820923,751736000
2008-05-29,0.5400442755336129,0.5409599810530715,0.5285978200878675,0.5384417772293091,693460000
2008-05-30,0.553780072486847,0.567286907516844,0.5521775740366452,0.5654554963111877,830244000
2008-06-02,0.5654557376516389,0.5720947016224662,0.5592746539681571,0.5677450299263,734660000
2008-06-03,0.5695764741475773,0.5704922347740938,0.541876052430841,0.5485149621963501,840696000
2008-06-04,0.5363815446278405,0.5560694642605994,0.533405459945143,0.5549248456954956,831724000
2008-06-05,0.5741549351678655,0.5803360724495319,0.5624795627978779,0.5688895583152771,827860000
2008-06-06,0.5620215633305783,0.5627083562161471,0.5475990218956582,0.5508040189743042,784876000
2008-06-09,0.5475990384040049,0.5551537057919983,0.5313450851715722,0.5423336625099182,637916000
2008-06-10,0.5276822775347694,0.5283690705317198,0.5068496839829909,0.5102836489677429,1225208000
2008-06-11,0.5102836701792993,0.5226458354762358,0.48578819781922744,0.48647499084472656,999428000
2008-06-12,0.4974635689689876,0.5070785610873039,0.48533026326445994,0.48945102095603943,825992000
2008-06-13,0.4901378418467452,0.49586104396996494,0.4734260065005506,0.48784855008125305,705748000
2008-06-16,0.4825831022979262,0.48716168515277647,0.47731772655674715,0.48120951652526855,630496000
2008-06-17,0.4880774033718532,0.4883063161461846,0.46838948567297933,0.46953415870666504,687912000
2008-06-18,0.4647266438926664,0.4807516855217877,0.44824372209887703,0.4557984173297882,1065272000
2008-06-19,0.45831664475952,0.464726639518427,0.443665134600273,0.4546537399291992,784928000
2008-06-20,0.4445808934244324,0.4574009382670653,0.4443519533309705,0.4523644745349884,741008000
2008-06-23,0.45579854666534575,0.456256399669423,0.4390866800471305,0.44297847151756287,776616000
2008-06-24,0.44046014215466617,0.4681606095127042,0.44046014215466617,0.45762982964515686,1078928000
2008-06-25,0.46472664966171634,0.4681606144868089,0.4528223383332639,0.46014806628227234,900976000
2008-06-26,0.4464123370758304,0.44984627477142775,0.43656834959983826,0.43656834959983826,845532000
2008-06-27,0.4383997077801713,0.44389402345585444,0.4283268366438443,0.4413757920265198,584140000
2008-06-30,0.4363394246802003,0.4402312151690594,0.42557973170031155,0.42855581641197205,653940000
2008-07-01,0.4235192933622045,0.4297003743193064,0.41573568668727606,0.4292425215244293,881464000
2008-07-02,0.427182169769273,0.4299293138256126,0.4120728092331437,0.41275960206985474,763196000
2008-07-03,0.29715035535998136,0.3005842930756605,0.2838724574012531,0.2859328091144562,2987520000
2008-07-07,0.29028243591193076,0.29211387454068677,0.26922093261699687,0.27700453996658325,2202692000
2008-07-08,0.27883597391499637,0.28570384818967204,0.2701366337517995,0.2754020094871521,1805288000
2008-07-09,0.27608894786636307,0.2802096800608175,0.27059465646743774,0.27059465646743774,1413168000
2008-07-10,0.27196812430081196,0.27517314928218417,0.26487130861182007,0.26990777254104614,1056992000
2008-07-11,0.2644135407222212,0.27379965129159733,0.2591481622879497,0.26716071367263794,807760000
2008-07-14,0.26922092253223456,0.27128127385583944,0.2531958555987835,0.25502729415893555,882316000
2008-07-15,0.25273803846482534,0.2630398784088585,0.2449544575983671,0.2577745020389557,1122484000
2008-07-16,0.25869011914337814,0.26601584461706923,0.25159330638700533,0.259147971868515,1034392000
2008-07-17,0.26326879474346243,0.26326879474346243,0.24999089724233906,0.2600637972354889,862080000
2008-07-18,0.25823251055657914,0.2662450363384327,0.25090675086646347,0.26464253664016724,899720000
2008-07-21,0.268763150294517,0.27265494134509805,0.26395562604405476,0.26624491810798645,571636000
2008-07-22,0.26372661765569233,0.2648712633913661,0.2554851847331456,0.26052162051200867,555924000
2008-07-23,0.26235307300549654,0.2710523865142433,0.26120842720935905,0.268305242061615,594876000
2008-07-24,0.2655581992910575,0.2680764321817834,0.2518224430664181,0.2525092363357544,705628000
2008-07-25,0.255027483869522,0.2655582429561686,0.2497621043261987,0.26464253664016724,1039600000
2008-07-28,0.2612084189411375,0.2726548765401895,0.2600637731812323,0.26395556330680847,734808000
2008-07-29,0.26441342002881374,0.2733416734612618,0.2614373355513311,0.26670271158218384,764636000
2008-07-30,0.2719679892015396,0.27242586917893635,0.2568586595003983,0.2628108263015747,588492000
2008-07-31,0.26212418198326287,0.26761849920721936,0.2591480968982673,0.2618952691555023,487236000
2008-08-01,0.2550272364442902,0.25594296916238174,0.24495436757878125,0.24815936386585236,881060000
2008-08-04,0.2481594428870954,0.2495330287563729,0.2415204809062655,0.24220727384090424,522052000
2008-08-05,0.2467857787022872,0.2561718821525574,0.2440386351260251,0.2561718821525574,685844000
2008-08-06,0.2568588064281894,0.26532920878827576,0.2486173441877593,0.2630399167537689,814864000
2008-08-07,0.2607506184814402,0.2724260184943252,0.2559430944077786,0.2589191794395447,819232000
2008-08-08,0.26097942727104567,0.2632687183382082,0.2509065302012293,0.25182226300239563,853764000
2008-08-11,0.25365379939332555,0.2632688201351016,0.25273806623807704,0.25708773732185364,1196436000
2008-08-12,0.2591480218767088,0.25983481474219583,0.24976191639290002,0.2534247934818268,1410868000
2008-08-13,0.27357063617349314,0.28478815479716446,0.266931673744975,0.28066742420196533,2095260000
2008-08-14,0.2786070699865774,0.3088257425463679,0.2786070699865774,0.2976081967353821,1635304000
2008-08-15,0.3028736336067599,0.3063075991653423,0.2946321708471931,0.29669255018234253,777652000
2008-08-18,0.29875294038330075,0.30539190492379237,0.295547941839973,0.3026447594165802,893968000
2008-08-19,0.2964635668964533,0.3090546993371761,0.2964635668964533,0.30722326040267944,1014140000
2008-08-20,0.31180175114519487,0.32324820696045764,0.3095124599821423,0.322332501411438,1143692000
2008-08-21,0.31660946547631236,0.31912769819877296,0.30539191560142054,0.311801940202713,1021560000
2008-08-22,0.3140911113015556,0.31775398888322937,0.30493394463788054,0.3115728795528412,459264000
2008-08-25,0.3097414308590849,0.3170671578522574,0.3060785537172456,0.3069942593574524,471600000
2008-08-26,0.3085968345209453,0.30882574732235657,0.29646355545930375,0.2996685802936554,613112000
2008-08-27,0.2928007083571856,0.3056207532595941,0.2900535363848761,0.3019578754901886,454620000
2008-08-28,0.3024156667508318,0.3056206909684461,0.29783708411753007,0.3008131682872772,365192000
2008-08-29,0.2966925407959104,0.29760824672221864,0.28845107829707795,0.28936681151390076,516004000
2008-09-02,0.2941742650682929,0.2966924969290847,0.27814922269364456,0.2820410132408142,693928000
2008-09-03,0.27814916701138065,0.27929381266613923,0.2644133918637729,0.2669316232204437,714856000
2008-09-04,0.26395556169724066,0.2667027060461599,0.2616662701913901,0.26326876878738403,716128000
2008-09-05,0.2609796018247207,0.26784747961972166,0.2607506889391996,0.26716071367263794,791100000
2008-09-08,0.26967871461247056,0.26967871461247056,0.2518222404310174,0.2561718821525574,1314840000
2008-09-09,0.2552562975449409,0.270823488232875,0.24655698269369714,0.24747268855571747,1098296000
2008-09-10,0.25044866942266,0.2554851314414739,0.24609902745059484,0.2477015256881714,644284000
2008-09-11,0.23350799411412035,0.2408337500889623,0.2280136907782451,0.23579728603363037,1066976000
2008-09-12,0.2337369022597049,0.23533940092612426,0.22000113897569845,0.2332790493965149,1209200000
2008-09-15,0.22503756985951975,0.22847152083523065,0.21015716111561922,0.21290431916713715,863984000
2008-09-16,0.2053496895739567,0.22114582059081925,0.20145788502559364,0.21954330801963806,1240840000
2008-09-17,0.21450681494234125,0.2339658065345951,0.21244644984243166,0.22892937064170837,1392580000
2008-09-18,0.231676532945659,0.26143735234126636,0.2312186800636825,0.24930410087108612,1611060000
2008-09-19,0.26120835542678833,0.2632687063774282,0.24953296059849325,0.26120835542678833,1107344000
2008-09-22,0.2591481465769658,0.2667028171515653,0.2543406214957155,0.25571420788764954,700072000
2008-09-23,0.25365377107405923,0.2630398779469925,0.24747266166039067,0.2483883947134018,821468000
2008-09-24,0.2451833407330355,0.26258196647038784,0.24380978225303807,0.257545530796051,866036000
2008-09-25,0.25754556767476294,0.26876311363213434,0.2531958969723294,0.262582004070282,588328000
2008-09-26,0.25617199088566955,0.26944991626954834,0.25136449440927683,0.26761847734451294,646852000
2008-09-29,0.2605217480764226,0.26372674678943314,0.22892947755407086,0.23121877014636993,975240000
2008-09-30,0.23488159401580647,0.24747270031468746,0.23236336183982467,0.24518340826034546,659044000
2008-10-01,0.24152049030072495,0.24587016086228783,0.23396582230686058,0.23831549286842346,557208000
2008-10-02,0.23991804734668612,0.23991804734668612,0.2124465135411562,0.21359117329120636,787728000
2008-10-03,0.21702506959220472,0.22320616554865363,0.20534967066733073,0.20672324299812317,915828000
2008-10-06,0.19687926932530933,0.19733712218881633,0.1673473775619875,0.1797095686197281,1677440000
2008-10-07,0.1861195969270338,0.1865774498061536,0.16437129861849364,0.1657448709011078,1059984000
2008-10-08,0.15979274955488038,0.17902282022132596,0.15819023684338104,0.16917885839939117,1219456000
2008-10-09,0.1753598249226246,0.17787805555552796,0.15658763339276963,0.15841905772686005,909636000
2008-10-10,0.14468343387172464,0.167805299554434,0.14376771412221714,0.1559009701013565,1200252000
2008-10-13,0.16917876817727484,0.18451702577477652,0.16711840358713276,0.18428809940814972,916536000
2008-10-14,0.19115607431841197,0.1923007204078135,0.1751310154215323,0.18016746640205383,1209012000
2008-10-15,0.1790228069390625,0.17993852647122804,0.1607084572315216,0.1607084572315216,854064000
2008-10-16,0.1655159605672452,0.17719136021868884,0.15796129180987065,0.17627564072608948,1019820000
2008-10-17,0.1712392169474003,0.1852039095648345,0.16803420530331284,0.17513100802898407,839416000
2008-10-20,0.1810831528736431,0.18245672520057973,0.17421526394844944,0.1785649210214615,595764000
2008-10-21,0.17513096147346352,0.17696240011044514,0.16391343052377147,0.16482914984226227,659116000
2008-10-22,0.1625398489195776,0.16940773716293506,0.15429840213090407,0.1586480587720871,600996000
2008-10-23,0.1581901598445082,0.1620819628393123,0.14330975428764095,0.14971977472305298,832192000
2008-10-24,0.13735768471839302,0.15910597683907057,0.13667089151896025,0.1513223797082901,798336000
2008-10-27,0.15040662804835545,0.16894990404233773,0.14559910396383763,0.159563809633255,698936000
2008-10-28,0.1680341756259229,0.1838302909321036,0.16505809098662264,0.18360136449337006,849920000
2008-10-29,0.18245672842762597,0.20145786947487923,0.18154100897838715,0.18955354392528534,977284000
2008-10-30,0.20031326584287013,0.2014579119846373,0.1854328523546387,0.19756610691547394,657176000
2008-10-31,0.1913849704184638,0.20443394102247683,0.19092710390089493,0.2005421370267868,608672000
2008-11-03,0.20489178106809247,0.20855465839832077,0.19001137261586096,0.19321638345718384,723924000
2008-11-04,0.19985535154527012,0.20557858049869537,0.19458997545001722,0.20557858049869537,619560000
2008-11-05,0.19802390993164123,0.2037471388015281,0.1948188990354538,0.1948188990354538,787620000
2008-11-06,0.1833724389233409,0.1902403139894113,0.17398633208350753,0.17444419860839844,797936000
2008-11-07,0.1987107559169423,0.20763901232552515,0.18543285502325393,0.19962647557258606,1132068000
2008-11-10,0.20718111014697002,0.2083257697541786,0.18245673826543965,0.18680639564990997,576396000
2008-11-11,0.18405923761971849,0.18543280994665515,0.17673349580063105,0.1785649210214615,576484000
2008-11-12,0.17307060204520963,0.17719133228976866,0.1659738009753615,0.168034166097641,646092000
2008-11-13,0.16025055259254037,0.1819988487930494,0.15704554181359465,0.18176992237567902,797228000
2008-11-14,0.17444421217042813,0.17535991800089118,0.16345559210705707,0.16414238512516022,741024000
2008-11-17,0.162539882650596,0.16688954019443983,0.15910594463891772,0.1607084572315216,388224000
2008-11-18,0.16391342908165896,0.16482914839209326,0.15017766671565116,0.15544304251670837,564488000
2008-11-19,0.15406952958205294,0.15796133508037224,0.14193627368326317,0.14262306690216064,500220000
2008-11-20,0.14147831790903168,0.14857513121836177,0.1334657990780795,0.13506829738616943,847036000
2008-11-21,0.13941795886531713,0.1460569053888321,0.1316343532147474,0.1460569053888321,599064000
2008-11-24,0.1549851761614472,0.15750340767844662,0.1465147895897971,0.15567196905612946,600308000
2008-11-25,0.16253982062602298,0.16299768704001402,0.15544302083905082,0.1600216031074524,528256000
2008-11-26,0.15727450933334416,0.1746731535697924,0.15635880342455055,0.17421528697013855,600792000
2008-11-28,0.17146807753776203,0.1739862951314387,0.1687209199076359,0.17101021111011505,175248000
2008-12-01,0.1641423729763481,0.16574487170630717,0.1561298383907882,0.1563587784767151,547112000
2008-12-02,0.159334862817183,0.16711847161282098,0.15727449738836777,0.16505810618400574,479988000
2008-12-03,0.158648108939745,0.1737574487496469,0.15727452266956612,0.1735285222530365,584632000
2008-12-04,0.17009455347862293,0.17856494218144287,0.15819022672891142,0.1620820313692093,466292000
2008-12-05,0.15704557555333312,0.16917884202372108,0.15429843066418383,0.16849204897880554,438484000
2008-12-08,0.17169702059658554,0.1751309577336565,0.15910590411540557,0.16299770772457123,707992000
2008-12-09,0.1609373138443696,0.185203823154871,0.15910587557502023,0.178793802857399,829760000
2008-12-10,0.18222778346901924,0.2003132032302231,0.17925169897256713,0.19573462009429932,961124000
2008-12-11,0.194589975175449,0.20145784990986867,0.18520386878887213,0.18749316036701202,582700000
2008-12-12,0.18199888626825467,0.19802394346268656,0.17833600825509524,0.1968792974948883,679268000
2008-12-15,0.19802390246323912,0.19916854819404656,0.1842881400482961,0.19046923518180847,476996000
2008-12-16,0.1923007231864138,0.2037471978910801,0.1904692976040632,0.20328934490680695,521940000
2008-12-17,0.19962640926433448,0.2163382567269656,0.19687926485515791,0.2133621722459793,674180000
2008-12-18,0.21198864622433197,0.21267543929887492,0.1911560639641846,0.19367429614067078,550808000
2008-12-19,0.19619247134951937,0.2037471389202746,0.1943610326519866,0.19504782557487488,593120000
2008-12-22,0.1980239211671495,0.1984817740446166,0.17650456302110185,0.18360136449337006,522464000
2008-12-23,0.18474603704485526,0.18863784164706326,0.1783360139619578,0.18108317255973816,377452000
2008-12-24,0.17742028809708366,0.18176995913297328,0.17307063070645026,0.17673350870609283,146616000
2008-12-26,0.17673348529774335,0.17902277692167518,0.167118452290077,0.17192596197128296,226156000
2008-12-29,0.17421526226121242,0.17742027342319489,0.16299773001690135,0.17742027342319489,460168000
2008-12-30,0.17970957409913563,0.18634852269393676,0.17558884362091293,0.18360136449337006,409860000
2008-12-31,0.18131214766310877,0.1893246854884815,0.17810713526201175,0.18474608659744263,441580000
2009-01-02,0.18474603422360322,0.2007710916861286,0.18405925481858845,0.1993975192308426,497124000
2009-01-05,0.1971082187729258,0.2076389723157811,0.19573464637676172,0.20306038856506348,705736000
2009-01-06,0.20901253979584547,0.21588042890564096,0.20443395615281884,0.2099282592535019,657904000
2009-01-07,0.20512072855715438,0.20512072855715438,0.1902403059212436,0.19733712077140808,870096000
2009-01-08,0.19481890904787358,0.19481890904787358,0.18039635245117788,0.1923006772994995,1014496000
2009-01-09,0.1923006747067017,0.1923006747067017,0.18108314296741118,0.18154099583625793,761352000
2009-01-12,0.1815410297572867,0.18245674931133735,0.17169706843044205,0.17421528697013855,645532000
2009-01-13,0.16826313178247826,0.1817699714415816,0.16505812013839077,0.17513100802898407,1824424000
2009-01-14,0.1689499153200043,0.17101028097300786,0.16482919765925466,0.16734741628170013,974908000
2009-01-15,0.16826310115883333,0.1760466955506549,0.16482916366055217,0.17329955101013184,998204000
2009-01-16,0.17810707595288347,0.18451709862055896,0.17238384630147888,0.182914599776268,831324000
2009-01-20,0.18245673545377344,0.18314352847846385,0.16368452013462492,0.16505810618400574,705788000
2009-01-21,0.16826315778768688,0.17421531539218466,0.16208206002338366,0.17307066917419434,648472000
2009-01-22,0.1675763311376318,0.1744442207194726,0.16368452658641347,0.16986562311649323,547656000
2009-01-23,0.16505806708616155,0.18176991301790527,0.16482914068057664,0.17650453746318817,633616000
2009-01-26,0.17742026706525596,0.18772209316147706,0.1744441960999073,0.18245671689510345,581748000
2009-01-27,0.18543278959832935,0.19458996927864633,0.18474599668759809,0.19321638345718384,725300000
2009-01-28,0.2000842708948655,0.20443392747461758,0.1936742492357304,0.20122891664505005,723752000
2009-01-29,0.1945899940734712,0.19687928587394055,0.18863782447604652,0.18955354392528534,413128000
2009-01-30,0.18817995946700486,0.19321639564590293,0.1797095721630795,0.1819988638162613,506760000
2009-02-02,0.17925173427425084,0.1939032195689629,0.17833601473767421,0.19184285402297974,577992000
2009-02-03,0.19230065107404554,0.1957346017494012,0.18703527550312007,0.19413208961486816,396948000
2009-02-04,0.1945900379344331,0.2094704516368127,0.1945900379344331,0.19962647557258606,779232000
2009-02-05,0.19436104829207113,0.21656719993949256,0.19230068300286424,0.21427790820598602,919192000
2009-02-06,0.21496477564846447,0.22732695802074096,0.21130189668981975,0.2259533852338791,1157880000
2009-02-09,0.22503758628987094,0.22824259742801778,0.21679613882410403,0.22297722101211548,716128000
2009-02-10,0.2227482785420496,0.22572436302303586,0.20924144198696046,0.2133621722459793,1129664000
2009-02-11,0.19642141415001071,0.20351822946063364,0.17993850543388487,0.1865774542093277,1983400000
2009-02-12,0.1824567014209028,0.19161388091261594,0.17993848354217706,0.19046923518180847,1024020000
2009-02-13,0.18611957732732443,0.19252959883150944,0.18474599154410382,0.1902402937412262,764304000
2009-02-17,0.183143534977981,0.1874931924497864,0.17856493739298335,0.17925173044204712,779576000
2009-02-18,0.17925172350758323,0.19001140353688398,0.17902279704850363,0.1840592473745346,646252000
2009-02-19,0.18772211965497146,0.18932463222732837,0.16986562311649323,0.16986562311649323,743988000
2009-02-20,0.16757633725984267,0.1769624456322905,0.1659738382741968,0.17421528697013855,770056000
2009-02-23,0.1771913604151351,0.17810707990874972,0.16505810782656813,0.16620275378227234,679548000
2009-02-24,0.16711848038951563,0.18131209903157236,0.16688954027242472,0.18108317255973816,659524000
2009-02-25,0.1806252943517332,0.18863782951256117,0.174444211783537,0.1831435263156891,702360000
2009-02-26,0.18955354248905992,0.19550569839613033,0.18680638416215833,0.18909567594528198,1117556000
2009-02-27,0.18428816732610365,0.1939032010752282,0.18291459497487314,0.18955354392528534,755444000
2009-03-02,0.18497499718139726,0.18886678855954886,0.17284172911794707,0.1735285222530365,700064000
2009-03-03,0.17673346978901397,0.18726422125120862,0.17101022758615636,0.18039633333683014,1041372000
2009-03-04,0.18520390735075465,0.19916859980124343,0.1836013947252401,0.19367429614067078,1108668000
2009-03-05,0.19092711482988303,0.19871070962155452,0.1881799701482368,0.18909567594528198,955252000
2009-03-06,0.1890956367977176,0.19893960853055645,0.18657741908666722,0.19207172095775604,974756000
2009-03-09,0.19069813018292497,0.20512068311845336,0.18955348464068872,0.19001133739948273,682768000
2009-03-10,0.19687925479856633,0.21084394349345062,0.19504781618916248,0.20718106627464294,1254800000
2009-03-11,0.20718107663778831,0.27128129472066626,0.20374713930733143,0.21290431916713715,864916000
2009-03-12,0.21221754628104258,0.2277847494190294,0.20947040161538658,0.22549545764923096,1604604000
2009-03-13,0.22229040045188847,0.22755577589115186,0.2186275234618344,0.22435076534748077,1195156000
2009-03-16,0.22664010186093914,0.22686902830717787,0.2138200571285088,0.2156514823436737,699344000
2009-03-17,0.21633824999806614,0.22686900174462463,0.21359110567433567,0.2264111489057541,1005384000
2009-03-18,0.22297719455148957,0.2401469077103463,0.22274826813562892,0.2335079461336136,1359560000
2009-03-19,0.23511050134819828,0.23511050134819828,0.2291583585204254,0.230760857462883,822648000
2009-03-20,0.2341947592526785,0.23442369933356494,0.21221753488167155,0.218169704079628,1093672000
2009-03-23,0.22503761715253776,0.2344237390564608,0.22000118013419817,0.23396585881710052,816048000
2009-03-24,0.22824259910138892,0.23030297803950514,0.2227482962021776,0.223892942070961,1114868000
2009-03-25,0.23076080733801385,0.2380865346912093,0.21885646968725042,0.2275557965040207,1243852000
2009-03-26,0.23121868280056548,0.24220728855061924,0.22870046462937754,0.24174943566322327,1333664000
2009-03-27,0.2392312450417977,0.24518341547442435,0.2357973068592473,0.23946018517017365,731892000
2009-03-30,0.23030297813683276,0.23327906285502936,0.2209168574473831,0.22412186861038208,780052000
2009-03-31,0.22755580804127187,0.23121867190357956,0.22412185696661885,0.22572436928749084,805272000
2009-04-01,0.22297722098183134,0.2335079738122057,0.2145068334289326,0.23144762217998505,887920000
2009-04-02,0.24014692232749643,0.2465569442332773,0.23671298494481113,0.24220727384090424,1002860000
2009-04-03,0.2424361427222664,0.25983476460147054,0.2383154136150338,0.259147971868515,1003208000
2009-04-06,0.254798361020463,0.2621240873847617,0.2513644242287133,0.25983479619026184,887288000
2009-04-07,0.2547984344337307,0.25754557920054505,0.24930411760959031,0.2509066164493561,607804000
2009-04-08,0.2536536897902739,0.2618951481738353,0.2515933115491331,0.26120835542678833,731652000
2009-04-09,0.2678473726305022,0.27654668648741165,0.26578702103119894,0.27563098073005676,904412000
2009-04-13,0.27219702768457676,0.272425967756117,0.2607505699177265,0.26670271158218384,767628000
2009-04-14,0.26303986594128076,0.2747152639780867,0.2618952201451432,0.268305242061615,711960000
2009-04-15,0.2589190937147389,0.26189517776116156,0.24976190153709074,0.26075053215026855,1045368000
2009-04-16,0.2655579785952944,0.2705944401911226,0.2554851099846359,0.2673894166946411,1038772000
2009-04-17,0.26738945028523475,0.2717391197289195,0.26097942977751687,0.26922088861465454,695764000
2009-04-20,0.2589191698507288,0.2612084617456883,0.2515934139544489,0.2529670000076294,590660000
2009-04-21,0.24953303121081472,0.2628109280125694,0.24587015371705181,0.25228017568588257,932184000
2009-04-22,0.24999083859581192,0.27036554660116247,0.24587010898761152,0.25983479619026184,916404000
2009-04-23,0.2623531723946389,0.2646424648541831,0.2477016842792449,0.25571420788764954,753952000
2009-04-24,0.2582323014675944,0.26349767674757824,0.2520511933225459,0.2616662383079529,759508000
2009-04-27,0.2582323447906201,0.26555807248763724,0.25067767701630206,0.25228017568588257,787024000
2009-04-28,0.2490752092443007,0.2582323768241386,0.2467858900588292,0.2529670000076294,634392000
2009-04-29,0.25411176236122895,0.25525640883306006,0.24609923705841114,0.24907532334327698,859668000
2009-04-30,0.2538825760998101,0.270136551163447,0.2518222253635172,0.2628108263015747,1110276000
2009-05-01,0.2621242481238875,0.27334179823003474,0.26189533523836644,0.26716071367263794,840548000
2009-05-04,0.27173917134825815,0.28364348181506543,0.26807629399362165,0.28158313035964966,927704000
2009-05-05,0.27540196974792225,0.27723340808166896,0.2644133670359445,0.27013659477233887,837076000
2009-05-06,0.2731129155800215,0.2756311488848145,0.25937715709684395,0.26464253664016724,935088000
2009-05-07,0.2705946212389195,0.2705946212389195,0.24220735264161344,0.24564129114151,1289196000
2009-05-08,0.24037588013294908,0.24037588013294908,0.20855470471918489,0.21175971627235413,2930564000
2009-05-11,0.2083257554943811,0.221145800306927,0.20649431662251588,0.21588042378425598,1038596000
2009-05-12,0.2206879158519414,0.2206879158519414,0.2014578501941275,0.20557858049869537,1201384000
2009-05-13,0.20420501579307582,0.2053496616258805,0.19069817859167482,0.1923006772994995,1305608000
2009-05-14,0.19207174110269762,0.19916855582169662,0.19069816890217503,0.19504782557487488,1017864000
2009-05-15,0.1964213771354516,0.20695212807181343,0.1941320858267212,0.20008425414562225,780308000
2009-05-18,0.20512075241953037,0.2135911404809925,0.20466288586079265,0.2122175544500351,938320000
2009-05-19,0.21359113219822543,0.21885649508010738,0.2101571808992516,0.21633827686309814,859768000
2009-05-20,0.2202300321118732,0.23465257251019667,0.21931431287868164,0.22274824976921082,1309436000
2009-05-21,0.22000114804356732,0.22435080500417112,0.21519362455564714,0.2213747203350067,965600000
2009-05-22,0.22137465213075072,0.22801359874675056,0.21725392288075063,0.22480858862400055,718260000
2009-05-26,0.2227482874285657,0.23877334260559333,0.22045899578116954,0.23694190382957458,865540000
2009-05-27,0.2357973322148168,0.24449664867082876,0.23350803984694618,0.23739983141422272,814152000
2009-05-28,0.241062611090018,0.2426651096311143,0.23030294683922126,0.24060475826263428,995288000
2009-05-29,0.24083369477357588,0.24129154759421442,0.23053185621142483,0.23877331614494324,834232000
2009-06-01,0.24152050877114986,0.25182234939826575,0.240604802946323,0.2504487633705139,1022764000
2009-06-02,0.2504487463242849,0.2559430627708225,0.24380981131987525,0.2483883947134018,907984000
2009-06-03,0.24518334111748452,0.24609907406275844,0.2346525896351264,0.24060475826263428,735688000
2009-06-04,0.2412915799197137,0.24976195375306262,0.2410626398334706,0.24930410087108612,673180000
2009-06-05,0.2538827421305777,0.2538827421305777,0.24495451338055013,0.24793057143688202,559992000
2009-06-08,0.24609902535314243,0.24999081455137406,0.2403757706268592,0.24655687808990479,473948000
2009-06-09,0.24999089724233906,0.26281094185525333,0.2481594583989927,0.2600637972354889,725032000
2009-06-10,0.2614373399942815,0.2699077407181058,0.2557141110135939,0.268305242061615,833320000
2009-06-11,0.26899196939953074,0.2792938073881838,0.26326874123389266,0.2648712396621704,835156000
2009-06-12,0.26097950815970183,0.264413445824769,0.2550273386240478,0.2634977400302887,595000000
2009-06-15,0.25869011914337814,0.2621240555176553,0.25456939003614554,0.259147971868515,445164000
2009-06-16,0.2591481104000277,0.262353135770281,0.24838844280031774,0.25205129384994507,594912000
2009-06-17,0.2559430634152703,0.26075058690678204,0.24609910363629986,0.25823235511779785,799016000
2009-06-18,0.2573167333578184,0.2621242589286943,0.2504488552797223,0.25319600105285645,566376000
2009-06-19,0.25571400073527606,0.26235295986408463,0.2525090048044697,0.2559429407119751,747564000
2009-06-22,0.256858833933359,0.256858833933359,0.24060484783163213,0.24152055382728577,574864000
2009-06-23,0.2438098114620312,0.24426766434354888,0.23098973974596845,0.2403758466243744,589764000
2009-06-24,0.24335193114811485,0.25411162395530995,0.24335193114811485,0.2483883947134018,515096000
2009-06-25,0.2460991072951435,0.2618952366517362,0.24358087546871982,0.2614373564720154,870444000
2009-06-26,0.26029265712965993,0.26578697254297523,0.2580033658634047,0.2648712396621704,513956000
2009-06-29,0.26555803250014787,0.2696787622375082,0.26212409560076505,0.2648712396621704,510056000
2009-06-30,0.2639555527559658,0.26761842995745283,0.2536537413286035,0.25846123695373535,589844000
2009-07-01,0.2600637945282771,0.2630398792064207,0.255256271025852,0.25960591435432434,696420000
2009-07-02,0.25113551105882587,0.25434050815778564,0.24609907535024345,0.249533012509346,552312000
2009-07-06,0.24930416395240826,0.24953310409658,0.2373998222658111,0.24152055382728577,752456000
2009-07-07,0.24243619377851322,0.24380977953369676,0.23030294390941247,0.2309897094964981,1072996000
2009-07-08,0.2323633279519698,0.23305012092621333,0.22229044165284279,0.23144762217998505,1205860000
2009-07-09,0.23533944941514534,0.24037588652895342,0.23465265633360008,0.236484095454216,714564000
2009-07-10,0.23648412538328153,0.2390023579041463,0.2314476876320697,0.23739983141422272,520008000
2009-07-13,0.2422073016371339,0.2422073016371339,0.2277847575165919,0.2401469498872757,556012000
2009-07-14,0.24197841030047226,0.24609914145639064,0.23923123800285068,0.24518340826034546,452568000
2009-07-15,0.254111589904518,0.2602926711994159,0.2518222985145183,0.2552562355995178,1022808000
2009-07-16,0.25800351603858857,0.26945000632298693,0.2566299568536355,0.26853427290916443,952076000
2009-07-17,0.26853419606891066,0.27723351091307913,0.2657870511945713,0.2763178050518036,850356000
2009-07-20,0.27860701281364325,0.28272774252531896,0.2749441358942638,0.27975165843963623,782756000
2009-07-21,0.2790650376637263,0.28020968399545204,0.26761857434646946,0.27402859926223755,941296000
2009-07-22,0.26853411681607625,0.28341453734897065,0.2667026783435274,0.28089630603790283,600908000
2009-07-23,0.28135421459460114,0.29852392979839665,0.2783781298981963,0.2976081967353821,1046120000
2009-07-24,0.28845108742277575,0.2976082561376209,0.28661964822170366,0.29669255018234253,650592000
2009-07-27,0.29394529024125093,0.30241566253672497,0.2911981188671471,0.29806602001190186,677484000
2009-07-28,0.29600564175895516,0.30172886997619813,0.29348741042716636,0.298523873090744,563180000
2009-07-29,0.29508989483563897,0.29692133306678076,0.28959558014221354,0.29257166385650635,373972000
2009-07-30,0.2976081328738967,0.30149994979820044,0.29234275758557765,0.29486098885536194,468444000
2009-07-31,0.29486105020485076,0.3001264265886965,0.28799317508431543,0.2960056960582733,541560000
2009-08-03,0.3031025531553745,0.30745222437382363,0.29737932309729426,0.3040182590484619,471900000
2009-08-04,0.2987528280175017,0.31134395916332286,0.29829497515359205,0.30607858300209045,695380000
2009-08-05,0.3042472049366439,0.30905472919280524,0.30058432671380536,0.30676543712615967,610768000
2009-08-06,0.3079100431084485,0.31340433243752897,0.2985239359398828,0.30035537481307983,957588000
2009-08-07,0.31660925895606473,0.32576642318751636,0.30951244576048886,0.3138621151447296,1401872000
2009-08-10,0.3161514152285484,0.3207299974749903,0.3017288484036528,0.3035602867603302,693312000
2009-08-11,0.3015000127279051,0.3060785961446158,0.2948610503993687,0.2964635491371155,481884000
2009-08-12,0.2966925082901466,0.31065719952471416,0.29646356818839503,0.3074522018432617,634940000
2009-08-13,0.3097414776172379,0.31775399869537785,0.3042471610750644,0.31660935282707214,564028000
2009-08-14,0.31615151497440885,0.31660936788540517,0.3031025296226898,0.30722326040267944,427148000
2009-08-17,0.2978371027688605,0.29875280843666263,0.29119814116052095,0.29440316557884216,465032000
2009-08-18,0.29440326829122637,0.3085969021276294,0.29417432814914896,0.3051629364490509,636200000
2009-08-19,0.30058419909529654,0.30356028297648785,0.29760811521410524,0.30172884464263916,552996000
2009-08-20,0.3003554799548317,0.315006968778764,0.2996686867256517,0.31363338232040405,819840000
2009-08-21,0.31615138518560426,0.319356381537351,0.30974136519161044,0.3188985288143158,607324000
2009-08-24,0.317067224395853,0.3205011622030756,0.30813896972276705,0.3099704086780548,461456000
2009-08-25,0.3115728838143055,0.3159225544133483,0.3063075347430842,0.3127175569534302,444088000
2009-08-26,0.3120307974142979,0.31706723422965993,0.3108861514430559,0.31638044118881226,434308000
2009-08-27,0.3177539463115815,0.32210358897787233,0.31432000927277115,0.3207300305366516,551072000
2009-08-28,0.32942937211382767,0.3440808544747981,0.32897151925984597,0.3372129797935486,883992000
2009-08-31,0.33332121341290316,0.33492373958329885,0.32805583655856135,0.3324055075645447,431796000
2009-09-01,0.33217645678492685,0.3415625614107083,0.3193564154361283,0.3211878538131714,736856000
2009-09-02,0.3216458911301678,0.3289716488415172,0.3198144517023304,0.3257666230201721,404656000
2009-09-03,0.32576663357198277,0.33400809761893824,0.3248509274736631,0.33355024456977844,534020000
2009-09-04,0.3321765016603105,0.3482015691564668,0.3321765016603105,0.34591227769851685,513048000
2009-09-08,0.34843058444651864,0.355527400970459,0.34568343934678897,0.355527400970459,549712000
2009-09-09,0.3548405632737287,0.36605810968261104,0.349804126675491,0.36537131667137146,571684000
2009-09-10,0.36651595122139186,0.3775045844792581,0.36239522057231965,0.37704670429229736,607952000
2009-09-11,0.3761310233323202,0.377504609402868,0.3708656464492367,0.37361279129981995,712732000
2009-09-14,0.3681184335332854,0.3710945179421839,0.3642266161498372,0.367431640625,490516000
2009-09-15,0.37086559043527056,0.37956490389030384,0.3674316530680607,0.37498632073402405,546136000
2009-09-16,0.3740706004132882,0.3747573933681212,0.3594191447325618,0.3649134337902069,707064000
2009-09-17,0.36399773327835555,0.36399773327835555,0.3427072878249258,0.3488883972167969,923096000
2009-09-18,0.35232239227893514,0.35484059717337463,0.3456834289233822,0.3484305739402771,604740000
2009-09-21,0.34430984109049606,0.3527802435128406,0.34133378325617386,0.34682807326316833,588776000
2009-09-22,0.3493463068893824,0.35140665882794947,0.3447677227676654,0.3475148677825928,361388000
2009-09-23,0.3495750886465121,0.35255117266783575,0.34156256943783503,0.3420204222202301,478936000
2009-09-24,0.3477436385727888,0.3477436385727888,0.33629715655179165,0.3374418020248413,552876000
2009-09-25,0.3356104750367682,0.33721300106254215,0.32942939289188666,0.3319476246833801,377556000
2009-09-28,0.33309225309416174,0.3479726483962401,0.33309225309416174,0.3395022749900818,467708000
2009-09-29,0.3415625228311859,0.3456832518914703,0.3326342719854863,0.33332106471061707,470928000
2009-09-30,0.3401890772398873,0.348201625939875,0.3326344087385643,0.3440808951854706,875956000
2009-10-01,0.3429361445146552,0.3429361445146552,0.3193564131066635,0.3195853531360626,999960000
2009-10-02,0.31638047240195444,0.3239351420155748,0.31454903320918054,0.3170672655105591,612476000
2009-10-05,0.32050117184175003,0.3216458178119147,0.3099704180000299,0.31546473503112793,754276000
2009-10-06,0.3193564448049252,0.32622431888254594,0.3170671534457183,0.3207300305366516,761272000
2009-10-07,0.31844070412413544,0.321874640784945,0.3147778274364042,0.31821176409721375,459608000
2009-10-08,0.32004320762485716,0.32095891316637043,0.30882566464355254,0.32027214765548706,1241524000
2009-10-09,0.31844071693531223,0.3248507377514719,0.31798286415355165,0.3243928849697113,618540000
2009-10-12,0.318898591991185,0.32691111174840914,0.318669651939062,0.3207300305366516,499008000
2009-10-13,0.3225614370657365,0.3262242865026018,0.31660926920638877,0.3195853531360626,602124000
2009-10-14,0.3319476652982154,0.3319476652982154,0.317525093044662,0.31912761926651,1101948000
2009-10-15,0.3186696937948586,0.3216457784108237,0.3076810883692616,0.30974146723747253,1092196000
2009-10-16,0.30584975795990793,0.30676549132265796,0.2971504411116369,0.3026447594165802,1018832000
2009-10-19,0.3051629779780513,0.31615161506389056,0.30264477252508487,0.31363338232040405,695588000
2009-10-20,0.31889855001392764,0.32118784107179055,0.31134388406487956,0.3138621151447296,660180000
2009-10-21,0.31271763771542926,0.3175251351468837,0.304705087415305,0.3063076138496399,503956000
2009-10-22,0.30470508900869503,0.3099704667577889,0.2994397112596011,0.3083679676055908,379328000
2009-10-23,0.3124884735576004,0.3124884735576004,0.2992105823449196,0.30104202032089233,429528000
2009-10-26,0.30333133144472846,0.3079099130484905,0.2955477263440335,0.29715022444725037,481652000
2009-10-27,0.2957767369815097,0.30012637962771993,0.28410134018725286,0.287077397108078,591836000
2009-10-28,0.28066729518286504,0.2870773145742935,0.27379942311144123,0.27517300844192505,773632000
2009-10-29,0.27952278954119864,0.2886799841702978,0.2770045848973938,0.28730639815330505,637100000
2009-10-30,0.28593272760234373,0.2870773731812609,0.2724259206873223,0.27379947900772095,604144000
2009-11-02,0.273341720066889,0.2822699750216327,0.26853419606891066,0.2763178050518036,593136000
2009-11-03,0.267389576205312,0.27631783203182175,0.26464243106273794,0.2749442458152771,876472000
2009-11-04,0.2770046538156521,0.2799807393992401,0.2731128348960657,0.27425748109817505,916840000
2009-11-05,0.2774623691358129,0.2836434501014739,0.27654663625428616,0.28089630603790283,955156000
2009-11-06,0.2985239658334529,0.30745222100040387,0.29486108772026587,0.30127111077308655,1641112000
2009-11-09,0.30539182180088176,0.31248863744584593,0.30516288169987843,0.30813896656036377,818124000
2009-11-10,0.3092835086029204,0.3092835086029204,0.2966924076680623,0.30058419704437256,781472000
2009-11-11,0.30562082365913384,0.3163804920607922,0.3051629433646027,0.30905476212501526,871512000
2009-11-12,0.3118018444333475,0.3170672211418198,0.3072232607373736,0.30813896656036377,505864000
2009-11-13,0.30791011619238456,0.31203084781252555,0.30653652988883184,0.31042832136154175,388524000
2009-11-16,0.31317547126970813,0.3184408486643365,0.31157294493487536,0.3147779703140259,402820000
2009-11-17,0.31500691033694606,0.31500691033694606,0.3083679467405969,0.3143201172351837,350124000
2009-11-18,0.3113439645748701,0.3124886103997939,0.304247149544139,0.30951252579689026,455516000
2009-11-19,0.302873451451953,0.302873451451953,0.2916559374389355,0.29715022444725037,833840000
2009-11-20,0.2902824652683132,0.2966924874719539,0.28959567230176064,0.2953189015388489,426748000
2009-11-23,0.29966857565928234,0.3051628648753297,0.2962346380766252,0.2976081967353821,390924000
2009-11-24,0.2962346074566178,0.29829495887704177,0.2909692315826921,0.29577675461769104,418504000
2009-11-25,0.29921063780784607,0.303331367194996,0.29715025946902,0.29921063780784607,441760000
2009-11-27,0.28845105350399264,0.29623466237065044,0.2868485546254347,0.2928007245063782,279932000
2009-11-30,0.29394532009209745,0.29921069603983486,0.2907402955936667,0.29898175597190857,509836000
2009-12-01,0.30058426499599,0.30836787279871497,0.29898176633647583,0.30493393540382385,461936000
2009-12-02,0.3056207423523293,0.31477790915852316,0.3037893035329885,0.31409111618995667,602292000
2009-12-03,0.31775399869537785,0.3234772280369064,0.3161514999378519,0.31660935282707214,660036000
2009-12-04,0.32256153745514016,0.32782691415551335,0.31752507356490656,0.3264533281326294,824564000
2009-12-07,0.36285305809035096,0.3765888071116918,0.34568334452316746,0.3683473467826843,2732184000
2009-12-08,0.36239530172697604,0.3639978281591864,0.3484306078696809,0.3504909873008728,1075512000
2009-12-09,0.3541537891228442,0.36193737029025097,0.3507198241483873,0.3591902256011963,671588000
2009-12-10,0.3617084471888438,0.36399773891297177,0.35163554722837487,0.35278019309043884,417012000
2009-12-11,0.35575624024549934,0.35621409308390384,0.3472858399277339,0.34820157289505005,416744000
2009-12-14,0.35323796781885963,0.3598769287241838,0.3493461782070511,0.35873228311538696,405488000
2009-12-15,0.3562141404608976,0.3642266617154283,0.35529843466229843,0.35827451944351196,446152000
2009-12-16,0.3710944350999252,0.391240201266128,0.369034056835023,0.38711947202682495,1683400000
2009-12-17,0.38826426378640483,0.40016860324904086,0.3795649492908291,0.38528817892074585,1016132000
2009-12-18,0.3884932652070892,0.38986682416076307,0.38048071517000354,0.38505932688713074,812828000
2009-12-21,0.3873485785922074,0.4003975373853094,0.3868907256555309,0.3987950384616852,427792000
2009-12-22,0.39879485063414066,0.4134463287407113,0.3983369979131072,0.40932559967041016,793044000
2009-12-23,0.41321754779375003,0.4161936325617944,0.40795217124882693,0.4150489866733551,442196000
2009-12-24,0.41619366214744236,0.41688045518742967,0.41253081141836456,0.41413331031799316,136812000
2009-12-28,0.4134464154529716,0.4171092925704558,0.40337351702514307,0.4074942469596863,465760000
2009-12-29,0.4061206987617406,0.4136753659507164,0.40520496581399734,0.41253072023391724,475848000
2009-12-30,0.41642253404317464,0.42992937064865244,0.4134464495510857,0.42741113901138306,704008000
2009-12-31,0.42832696293220085,0.4338212529373202,0.4271823169069249,0.4276401698589325,700340000
2010-01-04,0.4237483738825962,0.4262666061871821,0.41459120519757886,0.42329052090644836,800204000
2010-01-05,0.4216878855269426,0.4340500756297384,0.4216878855269426,0.429471492767334,728648000
2010-01-06,0.42924252709927685,0.43313431684203396,0.42512179731085553,0.43221861124038696,649168000
2010-01-07,0.42992933349638074,0.43176077204790336,0.4205432279763933,0.4237482249736786,547792000
2010-01-08,0.4203142909313786,0.4276400451898939,0.4177960867842067,0.4246639609336853,478168000
2010-01-11,0.4269533323491745,0.42878477125710623,0.4127597012805868,0.4187118709087372,556612000
2010-01-12,0.412530765026476,0.41413326374589277,0.39581890299802763,0.4045182168483734,627432000
2010-01-13,0.40726542817697764,0.4113861590624207,0.3914692976645312,0.4100125730037689,508868000
2010-01-14,0.40497600690358265,0.4079520635957751,0.39673454776542516,0.4036024212837219,608524000
2010-01-15,0.40062640529013355,0.40406034263204516,0.38643277577782575,0.3916981518268585,818192000
2010-01-19,0.3887220225633729,0.4015420647460105,0.38757737691458405,0.3990238606929779,545328000
2010-01-20,0.39398748194256744,0.3990239457026309,0.3887221053782807,0.3974214196205139,719728000
2010-01-21,0.39719246726229485,0.40428928200619296,0.3866617151824153,0.39032459259033203,608632000
2010-01-22,0.3857458976453933,0.392842710833959,0.3745283823891464,0.3768176734447479,1067916000
2010-01-25,0.38299885528007316,0.390553523222632,0.380251710743827,0.38322779536247253,643676000
2010-01-26,0.38139633680519447,0.38391456841901844,0.37086558478984977,0.3710945248603821,714636000
2010-01-27,0.37086568644266726,0.38254108742983906,0.36674495507716454,0.3811675012111664,812504000
2010-01-28,0.38414347453153075,0.3855170603498678,0.3630819708664022,0.3683473467826843,687764000
2010-01-29,0.3724681126310392,0.37658884319032443,0.3468280235023796,0.3523223400115967,774700000
2010-02-01,0.3536959095700775,0.38002279248495985,0.35071982478052466,0.37933599948883057,949832000
2010-02-02,0.37796241908187034,0.3880353187687852,0.376817773250892,0.38322779536247253,849812000
2010-02-03,0.3797938324551498,0.3880352928029097,0.37796239379003566,0.3864327669143677,562296000
2010-02-04,0.3829988538120332,0.3829988538120332,0.35987699719869354,0.3639977276325226,783480000
2010-02-05,0.3635399145468154,0.37223922923908537,0.3571298644677615,0.37132349610328674,604856000
2010-02-08,0.3701788188975528,0.379564925826583,0.3633109437662165,0.3706366717815399,445160000
2010-02-09,0.3765888359883732,0.37842027478975415,0.36399773175332995,0.3676605820655823,930144000
2010-02-10,0.3699498833711837,0.37819131664812966,0.3674316517282093,0.3747573792934418,535828000
2010-02-11,0.38070949030506007,0.3960477633188928,0.37796234629783027,0.391927033662796,695980000
2010-02-12,0.3891800159113148,0.405205059657838,0.3848303448058079,0.3971925377845764,780212000
2010-02-16,0.4024578652506247,0.4061207428582997,0.3976503418018651,0.4045182168483734,457024000
2010-02-17,0.4095546585019498,0.4097835712836318,0.39673461485048117,0.4084100127220154,876560000
2010-02-18,0.38597490776240356,0.3880352864609228,0.3710945131986286,0.3816252648830414,1515508000
2010-02-19,0.38002273415507454,0.38414346420884626,0.3777334427130355,0.37956488132476807,510548000
2010-02-22,0.38116741138281873,0.3868906677514989,0.377733473935916,0.3802517056465149,458084000
2010-02-23,0.38139633680519447,0.3829988354273971,0.36720270740437994,0.3710945248603821,489764000
2010-02-24,0.37429950394094774,0.382540964013063,0.3731548582248488,0.37887808680534363,445868000
2010-02-25,0.3701788271063019,0.37635993669397916,0.3607927199691339,0.3754442036151886,576972000
2010-02-26,0.37361269778042006,0.37635986923386827,0.36857626226660767,0.3708655536174774,393396000
2010-03-01,0.3710945177161466,0.38757741105241966,0.36811843330906086,0.38574597239494324,555868000
2010-03-02,0.38917990799696206,0.3939874034135575,0.38276988681766283,0.38551703095436096,538648000
2010-03-03,0.3878063129866842,0.38986666421718974,0.377504502253147,0.3807094991207123,399300000
2010-03-04,0.3823121187331166,0.3852882037908802,0.37658888873376867,0.38139641284942627,557396000
2010-03-05,0.37864919845468104,0.39581888530340087,0.37864919845468104,0.3930717408657074,632832000
2010-03-08,0.3933007625400285,0.39444540856742877,0.38574606601057004,0.38734859228134155,439312000
2010-03-09,0.39124037405854234,0.4056629191206101,0.39101143394227406,0.4017711281776428,830832000
2010-03-10,0.4006263935000506,0.40703641514107924,0.40039745343445743,0.40268674492836,418520000
2010-03-11,0.3994817629716514,0.40085534883652363,0.3919270952958709,0.39352959394454956,540660000
2010-03-12,0.39787938762854835,0.39902403377383955,0.3928429227568538,0.394903302192688,520352000
2010-03-15,0.394445265510048,0.3983370551336321,0.38917989023554994,0.39284273982048035,358904000
2010-03-16,0.39261399640492933,0.40886798202549557,0.3923850562675348,0.4065786898136139,664988000
2010-03-17,0.408867844011581,0.4198564483774974,0.408867844011581,0.4143621325492859,651168000
2010-03-18,0.4150490562419249,0.4150490562419249,0.3960479258508497,0.3997108042240143,740964000
2010-03-19,0.40566297050032163,0.40680761664561277,0.3898668373209934,0.394903302192688,584612000
2010-03-22,0.389866671999909,0.40291565435528365,0.389866671999909,0.4013131558895111,435336000
2010-03-23,0.4042893136702784,0.4116150417693575,0.4015421417539274,0.40955469012260437,493612000
2010-03-24,0.4061208509526129,0.40726549709836,0.39513221520482067,0.3958190083503723,436252000
2010-03-25,0.40154221040231786,0.4040604426593245,0.3960479202113222,0.39696362614631653,495184000
2010-03-26,0.4003975643383175,0.4045182956268217,0.39375862808332157,0.39696362614631653,344676000
2010-03-29,0.39948186710866457,0.4029158053754965,0.3939875495074242,0.4020000994205475,394456000
2010-03-30,0.40657850526641787,0.4086388564057055,0.39673454776542516,0.4036024212837219,324104000
2010-03-31,0.4020000935323411,0.403831532705929,0.39627683588093593,0.3983372151851654,389840000
2010-04-01,0.4001686785242365,0.4047472630894413,0.3900957761064759,0.39421650767326355,339664000
2010-04-05,0.3967345713281489,0.4008553011419646,0.3962766912339988,0.4001685082912445,413636000
2010-04-06,0.3951320884864012,0.3960478214836344,0.3834566906278612,0.39032459259033203,809260000
2010-04-07,0.38780630458463594,0.3994817007458924,0.3846012804960048,0.39284273982048035,817468000
2010-04-08,0.39032458431167555,0.3933006687311726,0.3843724154726814,0.3864327669143677,1037600000
2010-04-09,0.3855171844004747,0.39032470902109834,0.3834568050099862,0.3889511227607727,817572000
2010-04-12,0.38940883923587377,0.39765029932759144,0.38872204634647956,0.39604780077934265,546460000
2010-04-13,0.39765031362561004,0.405662833945461,0.39604781501974134,0.40428927540779114,648696000
2010-04-14,0.41298847601967786,0.41504882690957834,0.4029155797044418,0.40932559967041016,900720000
2010-04-15,0.4106993396262637,0.4148200702467552,0.4065786090057722,0.41230183839797974,957596000
2010-04-16,0.3955900278456512,0.39719252671755034,0.38185424915512595,0.3905535638332367,1917736000
2010-04-19,0.3875773866310935,0.38986667798606345,0.3756730770433507,0.3887220323085785,1094492000
2010-04-20,0.3914692369955263,0.3955899672423481,0.3850592151994156,0.39009565114974976,678188000
2010-04-21,0.39215595029527256,0.39261380305406657,0.3754440926300205,0.38002267479896545,895908000
2010-04-22,0.3738416575061472,0.3827699106187164,0.3685762816639408,0.3816252648830414,656932000
2010-04-23,0.380480612815889,0.381396345829177,0.36972094776594205,0.3763599097728729,752916000
2010-04-26,0.3768176781969049,0.3846012569679105,0.3761308854134627,0.38002267479896545,491092000
2010-04-27,0.3772756639678815,0.3811674547254727,0.36811849640154354,0.3692631423473358,606704000
2010-04-28,0.36903423346067454,0.3752153439232575,0.36239527003914473,0.36994996666908264,672164000
2010-04-29,0.37109462657595116,0.38162538147773417,0.36560030899177576,0.3811675012111664,987128000
2010-04-30,0.3765888855097049,0.3772756785618495,0.35941919565865466,0.35964810848236084,1068048000
2010-05-03,0.36147945163388456,0.3635398302437559,0.35026190753260067,0.3557562232017517,1078972000
2010-05-04,0.3502620601174435,0.3509488532865887,0.33263448703496085,0.3376709520816803,1311376000
2010-05-05,0.3308029788309758,0.3404179985330704,0.32782689415662253,0.3319476246833801,1330840000
2010-05-06,0.3296583500307446,0.336526225500424,0.2985239430281491,0.3250797390937805,1002888000
2010-05-07,0.3280557248662859,0.3280557248662859,0.3081388701856625,0.3195853531360626,1153712000
2010-05-10,0.33881537922116295,0.3429361082814474,0.3296582156607532,0.33332106471061707,979156000
2010-05-11,0.3301161525211432,0.33629723404176254,0.3271400681473614,0.32965829968452454,829124000
2010-05-12,0.331947601950723,0.3378997436013012,0.32988722318318947,0.336068332195282,901236000
2010-05-13,0.3346946555327366,0.3500329265750027,0.3321764245970062,0.3353814482688904,1252000000
2010-05-14,0.31271762272383696,0.3136333286791153,0.28845108742277575,0.29669255018234253,2493068000
2010-05-17,0.2971503747872271,0.3010421929518469,0.2879932069467342,0.2973793148994446,856060000
2010-05-18,0.299897597893317,0.30172903739714996,0.28593290237842567,0.2875354290008545,674112000
2010-05-19,0.2861616433560815,0.2925716635122857,0.2841012924050342,0.2921138107776642,826520000
2010-05-20,0.2836436071967206,0.2921140114122567,0.2749442901018985,0.2852461338043213,1129136000
2010-05-21,0.2770045627993856,0.29943962644727323,0.2770045627993856,0.2914271056652069,1069600000
2010-05-24,0.2905114455886845,0.2939453836065242,0.28204104331226904,0.2829567492008209,664564000
2010-05-25,0.2740285059154259,0.2918849880657053,0.2712813338226814,0.29051142930984497,966652000
2010-05-26,0.3021867984759332,0.30791002761003045,0.2909692529987972,0.2918849587440491,995028000
2010-05-27,0.2992107997313851,0.30905476212501526,0.2985240065801054,0.30905476212501526,713560000
2010-05-28,0.3085967751381932,0.3085967751381932,0.29623458565397554,0.3008131682872772,545116000
2010-06-01,0.296692476445579,0.300126413860212,0.2877642227932281,0.2879931628704071,527492000
2010-06-02,0.2884511082766337,0.2916561339328493,0.28661966894315594,0.2911982536315918,649088000
2010-06-03,0.2852459928875984,0.29142707422306935,0.2843302599512839,0.2907402813434601,586360000
2010-06-04,0.28226991579031674,0.28730635155151557,0.2754020141098549,0.27700453996658325,671456000
2010-06-07,0.27814919086592027,0.2799806295287022,0.26212412303445876,0.26326876878738403,577248000
2010-06-08,0.2621240198873856,0.2621240198873856,0.24930398158316658,0.2559429407119751,967636000
2010-06-09,0.2573166373771626,0.26418454018401116,0.24884626303178242,0.24976196885108948,697152000
2010-06-10,0.254798361020463,0.26097944178751176,0.2541115682040123,0.25983479619026184,611768000
2010-06-11,0.25708774973216475,0.2669317110605754,0.25640095665520324,0.2657870650291443,442104000
2010-06-14,0.2696788170499196,0.2701366699381286,0.25937700425792026,0.2600637972354889,375080000
2010-06-15,0.2630398441625194,0.2742573611196932,0.26258196404956846,0.272883802652359,528632000
2010-06-16,0.2710523883270902,0.2735706200116385,0.2657870121715402,0.2694498896598816,366480000
2010-06-17,0.2788359528550436,0.28043845127333294,0.26922090776429874,0.27975165843963623,859068000
2010-06-18,0.28135419029104447,0.285017067645681,0.2792938388356287,0.28158313035964966,932832000
2010-06-21,0.28753538002556245,0.28822214584331945,0.27242604080563226,0.2749442458152771,579836000
2010-06-22,0.2783782951233448,0.2818122347441392,0.263268949875639,0.26464253664016724,818164000
2010-06-23,0.26716062443588195,0.27036562208681036,0.25960592863616916,0.26761847734451294,614060000
2010-06-24,0.26601589650563456,0.2673894822394746,0.2534247940106215,0.2543404996395111,725028000
2010-06-25,0.25617193905563923,0.2564008791088901,0.2495330049974346,0.25365373492240906,507220000
2010-06-28,0.2554852037045826,0.2577744953459249,0.24953303452088907,0.2541116178035736,372008000
2010-06-29,0.2486172765663113,0.24884621662369805,0.2383154652130216,0.23991796374320984,660808000
2010-06-30,0.2403758218996035,0.24289405342469295,0.23373688757419586,0.23373688757419586,623072000
2010-07-01,0.23442368623752885,0.2392311820529923,0.22732685796736687,0.23762868344783783,737008000
2010-07-02,0.23854444135546168,0.23900229424898908,0.2266401023806863,0.23465262353420258,737096000
2010-07-06,0.2337369604683908,0.24129163010918342,0.23007408206966848,0.23213446140289307,712020000
2010-07-07,0.23305009494439405,0.24472549233336116,0.23259224210944587,0.24335190653800964,608412000
2010-07-08,0.24495448238501133,0.2451833952039472,0.23305014250394643,0.23602622747421265,783272000
2010-07-09,0.23717084391051782,0.23854442981515916,0.23396581922985776,0.23694190382957458,571516000
2010-07-12,0.23694195582892633,0.24426771254071405,0.2367130429882549,0.24129162728786469,565396000
2010-07-13,0.24518340110285236,0.25159342412598873,0.24380984228465302,0.24999092519283295,723316000
2010-07-14,0.26097961388284435,0.26281105350423395,0.2488463570929752,0.2525092363357544,1355664000
2010-07-15,0.2527380635101195,0.2529670036190887,0.24243624983572903,0.24541233479976654,953088000
2010-07-16,0.24541230929468116,0.24609910225969966,0.22915832738145123,0.23007403314113617,1288604000
2010-07-19,0.23327910189968584,0.24037589110264784,0.23167657558208382,0.23946018517017365,798440000
2010-07-20,0.23327908212515974,0.24678589358204447,0.2312187030159742,0.24541233479976654,1160988000
2010-07-21,0.24770167436015827,0.2479305872226347,0.23511053904635207,0.23739983141422272,624940000
2010-07-22,0.2399180410817757,0.2438098595688561,0.23854448216620183,0.24129162728786469,462612000
2010-07-23,0.24106268107197232,0.24129162119738015,0.23488159788161997,0.23717088997364044,817604000
2010-07-26,0.23648411627015747,0.24243628711345605,0.23282123770650964,0.24152055382728577,683548000
2010-07-27,0.24220733025811103,0.24266518322434813,0.23648409995386033,0.23946018517017365,683472000
2010-07-28,0.23556839834039386,0.23968912969310852,0.2312187268551058,0.2319055199623108,1320808000
2010-07-29,0.21519361891071298,0.21977220219224267,0.2076389510380872,0.20901252329349518,2664476000
2010-07-30,0.20741002769685574,0.21404897628315336,0.2042050166229271,0.21038611233234406,984288000
2010-08-02,0.21404897490113853,0.21496469429424217,0.20924145149865814,0.21015717089176178,917020000
2010-08-03,0.2085546025449895,0.2087835289055062,0.20306030166633804,0.20466279983520508,955444000
2010-08-04,0.2064942975777839,0.21404896517090047,0.20557857822630704,0.2133621722459793,855496000
2010-08-05,0.21404894072598282,0.21656715842101698,0.21015713733797325,0.21610930562019348,800504000
2010-08-06,0.21519361968496778,0.22091684880747176,0.21336218090766468,0.21862755715847015,739904000
2010-08-09,0.22091682242176677,0.2211457624755266,0.21542252039133655,0.2206878960132599,466456000
2010-08-10,0.21702509330159556,0.2174829462467938,0.21061507019727982,0.21153078973293304,772560000
2010-08-11,0.2071811362089026,0.2071811362089026,0.20260255178513925,0.20328934490680695,796148000
2010-08-12,0.1996264402602151,0.20969934104521992,0.19802394138025203,0.2051207572221756,1343584000
2010-08-13,0.2117596768674781,0.21794077235094841,0.21130181036207982,0.21496468782424927,1797392000
2010-08-16,0.2119886546077987,0.216338312412986,0.20672327721542602,0.20947043597698212,814008000
2010-08-17,0.21153077507981222,0.21610935879565474,0.20947040967863192,0.2122175544500351,481224000
2010-08-18,0.2115307471882796,0.21519361094893302,0.21015716133843731,0.2133621722459793,352920000
2010-08-19,0.21565148419743788,0.2268690302573693,0.21450683831114958,0.2261822372674942,1615100000
2010-08-20,0.22457969777797385,0.23373687685372532,0.22435077137126194,0.22824256122112274,1305308000
2010-08-23,0.22892931787400064,0.2346525453627504,0.2241217958672503,0.22480858862400055,748620000
2010-08-24,0.21748287427308613,0.22480861448867712,0.21702502147940952,0.22251932322978973,641332000
2010-08-25,0.22000114207425417,0.2289293821942417,0.21885648260964882,0.22709794342517853,757532000
2010-08-26,0.2300739935878747,0.23259222492985,0.22435076534748077,0.22435076534748077,657596000
2010-08-27,0.22572439262218374,0.23350798766251568,0.22000116298153613,0.23167654871940613,1060416000
2010-08-30,0.22892935588153168,0.23076079444009273,0.2206878960132599,0.2206878960132599,602804000
2010-08-31,0.21748296458939687,0.22435085486340828,0.21290438017022784,0.21359117329120636,931488000
2010-09-01,0.2167961116533696,0.2195432559159114,0.21404895374557453,0.21519359946250916,851440000
2010-09-02,0.21588041407941733,0.21977220445060755,0.21382004885250588,0.2190854251384735,596292000
2010-09-03,0.2243507692084587,0.22732683975752893,0.22160361141864077,0.22664006054401398,566484000
2010-09-07,0.22595327136655058,0.2339657911715366,0.22549541855008112,0.2287004292011261,899820000
2010-09-08,0.22915842279945287,0.23785774030075876,0.22664018997600185,0.2362552136182785,1224156000
2010-09-09,0.23923115920634389,0.23946009925257677,0.23007399400510736,0.23305007815361023,697748000
2010-09-10,0.23465260155561923,0.23533939447683755,0.22847151984567005,0.23053187131881714,609292000
2010-09-13,0.2346525948393168,0.2465569323583503,0.2346525948393168,0.24358084797859192,1015792000
2010-09-14,0.2415205401285361,0.24449662538138547,0.23923124797873122,0.24129162728786469,698536000
2010-09-15,0.23900229104833734,0.2419783757521763,0.23579726625554537,0.24174943566322327,555572000
2010-09-16,0.23854443949338952,0.24403872875385105,0.23854443949338952,0.24197837710380554,365280000
2010-09-17,0.24426772639527997,0.24449663924893505,0.24083378797580388,0.24152055382728577,416884000
2010-09-20,0.24152053005719268,0.24609914145639064,0.23923123800285068,0.24518340826034546,443168000
2010-09-21,0.2438097827288004,0.2625819669827816,0.2438097827288004,0.25846123695373535,1779624000
2010-09-22,0.25754550806546567,0.2630398233720546,0.2559430096683163,0.26075053215026855,999996000
2010-09-23,0.2637265959772701,0.2742573467960398,0.2614373046941032,0.266015887260437,1240872000
2010-09-24,0.2719681101211027,0.28158315727340416,0.2699077584687583,0.28066742420196533,1086976000
2010-09-27,0.2827277954543347,0.28295670824808505,0.27105239696727157,0.27471527457237244,999504000
2010-09-28,0.27494430541140963,0.27792039133200064,0.26922107375278115,0.27402859926223755,723192000
2010-09-29,0.27151027337930095,0.27998067516398206,0.2689920413962047,0.27196812629699707,974904000
2010-09-30,0.27540193450009637,0.2786069579965779,0.26510012589308246,0.2673894166946411,787632000
2010-10-01,0.2712812521627609,0.2717391322340638,0.2577744450314135,0.25983479619026184,999120000
2010-10-04,0.25731655955314636,0.2616662291055991,0.2520511844583368,0.25731655955314636,749500000
2010-10-05,0.26281084825061074,0.2632687009757476,0.25846117913555955,0.259147971868515,753588000
2010-10-06,0.25914810249022546,0.26029274852526835,0.24426770403466844,0.24678590893745422,1057604000
2010-10-07,0.2479305846392153,0.2481595247898239,0.23762876909114164,0.24495452642440796,761488000
2010-10-08,0.24403876685966047,0.2506777303174221,0.2406048287130469,0.24861735105514526,706932000
2010-10-11,0.24976198050128093,0.25182235962659566,0.24632804258293572,0.24747268855571747,442680000
2010-10-12,0.24541230085295862,0.2534248214913699,0.24335192202877623,0.25228017568588257,605208000
2010-10-13,0.2564009168797142,0.2632687920028872,0.25365377228854696,0.25960591435432434,968732000
2010-10-14,0.25983475916906756,0.26029261188463204,0.25434044471079437,0.2554851174354553,599172000
2010-10-15,0.25960588266788676,0.2625819669827816,0.255485179929347,0.25846123695373535,639940000
2010-10-18,0.2586902112803516,0.26120844310126656,0.2541116278172408,0.2600637972354889,448156000
2010-10-19,0.2543405069246891,0.2602926755544789,0.25228015555541927,0.25846123695373535,866136000
2010-10-20,0.25869017701276825,0.26555805129767646,0.25411159415616275,0.25846123695373535,763532000
2010-10-21,0.258690290800234,0.2591481438291844,0.24999097408810234,0.2538827657699585,1014428000
2010-10-22,0.2554851426833702,0.2721969731317424,0.2527379715374989,0.27013659477233887,1322676000
2010-10-25,0.27219694888710194,0.2747151797830171,0.26967871799118676,0.27265480160713196,673136000
2010-10-26,0.2694499523210932,0.2758599757711021,0.2671606601811268,0.27173924446105957,675248000
2010-10-27,0.26922095855704403,0.27654668648741165,0.26853416559377313,0.27563098073005676,496796000
2010-10-28,0.2792937993667531,0.28020950493075386,0.2733416313292363,0.27585986256599426,704448000
2010-10-29,0.2754019211366739,0.2781490917976416,0.27242586507145505,0.27517300844192505,554664000
2010-11-01,0.2770045666565986,0.2813542099397986,0.2733416890461601,0.27563098073005676,473920000
2010-11-02,0.27677563521069015,0.2859328022320894,0.27517313644004743,0.28135421872138977,581036000
2010-11-03,0.28318560262770814,0.28524598118198435,0.27585987589034894,0.2834145426750183,671748000
2010-11-04,0.2861618072378112,0.289137892652974,0.28341466196632115,0.28387251496315,700016000
2010-11-05,0.2859327856106977,0.29119816180002583,0.2845592270116396,0.28867995738983154,735116000
2010-11-08,0.2884511080732959,0.29234289959761944,0.2861618157306917,0.2898246943950653,605156000
2010-11-09,0.2898246603975664,0.29211395247162814,0.2866196351195714,0.28822213411331177,633964000
2010-11-10,0.2902825205159032,0.29165610671043396,0.28616178922282565,0.29165610671043396,521016000
2010-11-11,0.2847881397995615,0.29348745342229815,0.28089634949980036,0.28867995738983154,1089980000
2010-11-12,0.2996684973089551,0.31317533131026054,0.2982949117188214,0.3035602867603302,2142560000
2010-11-15,0.30493395561057535,0.30928359901613417,0.29921072623983463,0.2998974919319153,733548000
2010-11-16,0.2948611335367415,0.2989818652317412,0.2905114889806692,0.2909693419933319,739356000
2010-11-17,0.29074029151797515,0.2992106918454025,0.28799314719390745,0.29577675461769104,551764000
2010-11-18,0.2996685592735558,0.3079100199374979,0.2996685592735558,0.30493393540382385,993120000
2010-11-19,0.30424721552476924,0.31592261638718355,0.3037893625536092,0.3147779703140259,716484000
2010-11-22,0.31271753084156645,0.3168382337200947,0.30997035920187105,0.315006822347641,462668000
2010-11-23,0.3113439913525131,0.31454898902174705,0.3053918216347798,0.3076811134815216,457832000
2010-11-24,0.310886091056265,0.3163803797348058,0.31065715099028113,0.3152357339859009,397784000
2010-11-26,0.31500681535689323,0.31683822668870354,0.3113439381122589,0.3113439381122589,143104000
2010-11-29,0.3099704458905576,0.31592261638718355,0.30859688697707743,0.3147779703140259,468192000
2010-11-30,0.30997038084479994,0.3131754055513918,0.3058496503880443,0.3115728795528412,720936000
2010-12-01,0.3177539829182258,0.32736900227648585,0.31729613005173896,0.3253086507320404,626536000
2010-12-02,0.3253086856889008,0.3312608554643622,0.32507974558580166,0.32920047640800476,529316000
2010-12-03,0.3275979340600812,0.3385865390300751,0.32691114113248626,0.3385865390300751,606044000
2010-12-06,0.3397311738991618,0.3404179668046944,0.3308029479987597,0.3321765065193176,438424000
2010-12-07,0.3399601923067318,0.35094879945600443,0.339273399242931,0.34293627738952637,1026812000
2010-12-08,0.342478340511592,0.3495751276569326,0.3399601089916443,0.34591227769851685,613252000
2010-12-09,0.33767080576319997,0.3424783285735174,0.33286328295288253,0.34018900990486145,942408000
2010-12-10,0.34018904444164416,0.34545442060404363,0.3392733387136219,0.34224942326545715,451900000
2010-12-13,0.3436231481038929,0.34430991403237277,0.3326345111809391,0.33355024456977844,609108000
2010-12-14,0.33996014782613465,0.3461412300105784,0.3335501255535408,0.33400797843933105,755160000
2010-12-15,0.3346948215949884,0.3388155527659535,0.32622441913058253,0.32668229937553406,624176000
2010-12-16,0.33011620752167997,0.331947646463797,0.32622438953573957,0.32714012265205383,631872000
2010-12-17,0.32736912759479064,0.33080309363425126,0.32347733580409427,0.32897165417671204,593156000
2010-12-20,0.33011623772030796,0.3317187367073131,0.32736906541056876,0.3275980055332184,344088000
2010-12-21,0.330802961936715,0.3404179811477661,0.3305740218617223,0.3404179811477661,466952000
2010-12-22,0.33973122433173375,0.3445387480936241,0.33652622668414767,0.3440808951854706,477988000
2010-12-23,0.344080890444267,0.344080890444267,0.3401890725523103,0.3415626585483551,273784000
2010-12-27,0.34064686724699555,0.3459122425229495,0.33446575910667775,0.343394011259079,255500000
2010-12-28,0.3433940078579191,0.3456832990603983,0.3399600710542004,0.3420204222202301,194260000
2010-12-29,0.3417915094742845,0.3445386534591587,0.33881542545296084,0.3420204222202301,177660000
2010-12-30,0.34156263075184184,0.3452255082495342,0.34041798494512654,0.3431651294231415,174488000
2010-12-31,0.3433941138166976,0.3530091616663628,0.342936260893026,0.35255128145217896,391252000
2011-01-03,0.3552984690929105,0.3656002831327592,0.3548405888587287,0.3621663451194763,817448000
2011-01-04,0.36285313657831114,0.36445563551933247,0.3530091755255899,0.3610216975212097,651384000
2011-01-05,0.36766053001045007,0.38917991241197697,0.36399768021680146,0.3887220323085785,1428216000
2011-01-06,0.3987950165284767,0.44274946913275687,0.39765037060448294,0.44252052903175354,3493312000
2011-01-07,0.4374840539394057,0.45625626727394614,0.42764009440091705,0.4548826813697815,2579984000
2011-01-10,0.4466414442812673,0.4731972516018009,0.4432075050910529,0.4722815454006195,1750348000
2011-01-11,0.478691403888733,0.48326998761932916,0.4548827248248142,0.464955598115921,2711088000
2011-01-12,0.46518437622120207,0.5350077769914967,0.4635818780256676,0.5345499515533447,3431896000
2011-01-13,0.5288268153514059,0.545767615719701,0.5123438951047994,0.5354657769203186,2695192000
2011-01-14,0.5263088507986455,0.5489728628129327,0.5231038522304122,0.5400446057319641,1595352000
2011-01-18,0.532718439059748,0.5363813151468205,0.5144041132053817,0.5274530649185181,1813348000
2011-01-19,0.5276820947108591,0.5402731679368538,0.5118859704158634,0.5130305886268616,1197896000
2011-01-20,0.5079944198540718,0.5164647950869418,0.49883719695847806,0.5134887099266052,1111408000
2011-01-21,0.5189828377018113,0.5263085918949507,0.5077652936501327,0.5086809992790222,739244000
2011-01-24,0.5320318634608138,0.5734681354007661,0.5260797487943705,0.5661423802375793,2056900000
2011-01-25,0.5636243374895653,0.5695765090211764,0.5450810842543519,0.5487439632415771,1086856000
2011-01-26,0.5544668581856101,0.5723233628250833,0.5505750684880091,0.5617926120758057,1074660000
2011-01-27,0.5698053687153,0.5711789003173243,0.5494306525494154,0.5601903200149536,657396000
2011-01-28,0.5615638491851563,0.5709499295147178,0.5311162071554324,0.5439362525939941,1094796000
2011-01-31,0.5448518413746446,0.555153624294396,0.5359235894847886,0.5475989580154419,750160000
2011-02-01,0.5524067377523553,0.5643110239830853,0.5487438594578885,0.5601903200149536,654104000
2011-02-02,0.5569852728533086,0.5991082876532012,0.5569852728533086,0.5856014490127563,1606616000
2011-02-03,0.5865171356791833,0.5865171356791833,0.5620216639255405,0.5746127963066101,1030776000
2011-02-04,0.5826252157843061,0.5922402066084759,0.5803359244574546,0.587661623954773,872900000
2011-02-07,0.579649181524656,0.5821673858267744,0.5611058819733759,0.5631662607192993,934236000
2011-02-08,0.5638530562045261,0.5675159335758572,0.5439361707318535,0.5464544296264648,1076584000
2011-02-09,0.5485146675294629,0.554009010012808,0.5233324646111566,0.5331764221191406,1277520000
2011-02-10,0.5212720380814978,0.531344961984185,0.5173802489022331,0.5224167108535767,1042352000
2011-02-11,0.5205853561879308,0.554237989635217,0.5121149832786727,0.5372971892356873,1359276000
2011-02-14,0.5437073508282285,0.5608770675600617,0.5269955143139071,0.5290558934211731,1287828000
2011-02-15,0.5299715182480162,0.5318029296760101,0.5139464226384964,0.5162357687950134,886980000
2011-02-16,0.5231037025124916,0.5427916231982274,0.5212722362969449,0.5352369546890259,1318364000
2011-02-17,0.5201277432801985,0.5954455337522149,0.5176094834482959,0.5878908634185791,3470096000
2011-02-18,0.5846858956025724,0.5940720339616297,0.5775891045446386,0.5867462754249573,1394412000
2011-02-22,0.5675160340120424,0.5691185329116617,0.5295137223174091,0.5313451886177063,1396648000
2011-02-23,0.5313452708756237,0.5363816811738243,0.49860833103215124,0.5061630010604858,1491604000
2011-02-24,0.5086809916359606,0.527453202360691,0.5050181691754372,0.5185250043869019,1246120000
2011-02-25,0.5324900726768654,0.537984365153926,0.5251643129867498,0.5292850732803345,775652000
2011-02-28,0.5379838595041703,0.5382128268037542,0.5068494919558757,0.5187538266181946,903696000
2011-03-01,0.5196695144398458,0.526308474282478,0.4956319332122803,0.4956319332122803,988448000
2011-03-02,0.49494525500997283,0.5043313878779709,0.4635819685510815,0.4750284254550934,1718140000
2011-03-03,0.4860170644750317,0.48876423631611815,0.46335306052912495,0.47777560353279114,1593704000
2011-03-04,0.47823345132839545,0.4830409471438589,0.46999199094401867,0.47525736689567566,959760000
2011-03-07,0.47869134947375414,0.4802938481391973,0.4567141118584267,0.4686184227466583,1019140000
2011-03-08,0.4736548832137856,0.47617308758965204,0.43771295611115013,0.4475569427013397,1947184000
2011-03-09,0.4461833711019601,0.4505330416384156,0.4342790326152475,0.438170850276947,1318976000
2011-03-10,0.42809799681232646,0.4313029945722526,0.409783634229637,0.4102415144443512,1722736000
2011-03-11,0.4136753053984767,0.42466390812937954,0.40428920097842364,0.4132174253463745,1486832000
2011-03-14,0.4164225770564747,0.42695333025761073,0.40978361445905903,0.41665151715278625,1003360000
2011-03-15,0.3962767277974325,0.4111571499676634,0.38940885323756025,0.40428927540779114,1256280000
2011-03-16,0.4006263630354643,0.4200853665444342,0.3960477803958255,0.4013131558895111,1476520000
2011-03-17,0.41207295317803677,0.4127597462546576,0.39375861668422163,0.4088679552078247,1238516000
2011-03-18,0.41527796914163145,0.41665155526412173,0.4029157759107593,0.4033736288547516,886960000
2011-03-21,0.41207298020592353,0.41619371164541374,0.4024579583741237,0.4065786898136139,751832000
2011-03-22,0.4054337913267514,0.40932558020622395,0.39765018627730736,0.3994816243648529,718332000
2011-03-23,0.39879508137855374,0.40886798352201087,0.3900957654834595,0.4077233374118805,782396000
2011-03-24,0.41642263880403774,0.44526775798144447,0.41550693286403145,0.4402312934398651,1780592000
2011-03-25,0.4441230928173141,0.4452677388383685,0.4258087291899305,0.4264955222606659,1196392000
2011-03-28,0.43656838988452484,0.44961737616430886,0.4326765989284987,0.44229164719581604,1204284000
2011-03-29,0.4422916123405453,0.44389411116197375,0.43290550492994684,0.43885767459869385,715764000
2011-03-30,0.44229161604613326,0.44412305498190036,0.4168804383368179,0.42237475514411926,1176320000
2011-03-31,0.42306151714832213,0.4276401005068998,0.4148200561866785,0.42260363698005676,655112000
2011-04-01,0.42809797615814676,0.428555829060259,0.41092826035959507,0.41665151715278625,850072000
2011-04-04,0.41665155347224714,0.4177961994725618,0.39879504311872194,0.4017711281776428,924328000
2011-04-05,0.40772320919905064,0.41092820638336447,0.401542100315648,0.4024578332901001,821076000
2011-04-06,0.4054340346255119,0.4058918875995287,0.3962768386926005,0.3997108042240143,856984000
2011-04-07,0.40062638391451705,0.41688036404852946,0.3990238853652287,0.4143621325492859,1021208000
2011-04-08,0.4175672593562935,0.4175672593562935,0.4006264821773281,0.4017711281776428,746552000
2011-04-11,0.4033735584939625,0.40543393731830435,0.3921560405155223,0.3965056836605072,546208000
2011-04-12,0.3926139539993591,0.4003975357628589,0.3852881978801676,0.3976503908634186,840756000
2011-04-13,0.401771165252456,0.4090968948723742,0.3967347278444195,0.4065786898136139,749588000
2011-04-14,0.40291566261980694,0.4239771650265586,0.4006263712530301,0.4237482249736786,1254704000
2011-04-15,0.420543267223639,0.43359225106446947,0.4184828884269513,0.42832687497138977,969720000
2011-04-18,0.41825404126740423,0.42100118613684073,0.4074943473187996,0.41413331031799316,743584000
2011-04-19,0.4143621315483907,0.41596465738431476,0.40131317583498144,0.41253072023391724,659860000
2011-04-20,0.42764007543060534,0.43382115714413216,0.41825396917970714,0.42512184381484985,650516000
2011-04-21,0.42970054587304135,0.4324477183200946,0.423061609470532,0.4239773154258728,421300000
2011-04-25,0.42580873530125735,0.43771304863297406,0.4255797951775551,0.43061625957489014,619612000
2011-04-26,0.4342789781033869,0.44618331509583525,0.4299293354034195,0.44183364510536194,676000000
2011-04-27,0.4441229637727993,0.4441229637727993,0.43267647959763605,0.44183364510536194,450004000
2011-04-28,0.44183377196025353,0.4555695514560278,0.43679733494309403,0.44664129614830017,684000000
2011-04-29,0.4496172808837784,0.4679316130691902,0.4489304879687239,0.45785874128341675,836000000
2011-05-02,0.4674738394573227,0.4677027522607718,0.4493884180403313,0.45167770981788635,613824000
2011-05-03,0.44641229574787084,0.4477858543246419,0.4246639983986573,0.4301582872867584,808000000
2011-05-04,0.4315318690593497,0.43633939225870216,0.41894076546062553,0.4269532859325409,639356000
2011-05-05,0.42351946813087116,0.4322187839853955,0.4177962376069099,0.4271823465824127,544000000
2011-05-06,0.4361105369409653,0.4464123782688787,0.4326765989284987,0.44229164719581604,841080000
2011-05-09,0.4436651322399678,0.45442482472198215,0.44252048642617975,0.45213553309440613,706328000
2011-05-10,0.45579838219992747,0.45625623503879803,0.44824368755128113,0.4528222978115082,690976000
2011-05-11,0.4551116214506453,0.4596901774533394,0.448701599382059,0.4548826813697815,616000000
2011-05-12,0.4532802047613726,0.469763127252443,0.4521355588822989,0.46930524706840515,1224000000
2011-05-13,0.43954440438448533,0.44068905020486776,0.4148200492061232,0.41802504658699036,2025192000
2011-05-16,0.41688044056895246,0.41779617368699495,0.40497612835849334,0.40520504117012024,728188000
2011-05-17,0.4038313613171998,0.4040602740601743,0.39192702538641605,0.4036024212837219,1420364000
2011-05-18,0.4052050537814167,0.41642260061561,0.4038314949973708,0.41298866271972656,658844000
2011-05-19,0.4161936203237397,0.4164225604108999,0.40085537132777155,0.4070364534854889,650884000
2011-05-20,0.40612078852933764,0.41504901617763446,0.40428934951954243,0.41413331031799316,575820000
2011-05-23,0.40818111080524805,0.41665151220095425,0.40291573426725813,0.4136754274368286,588000000
2011-05-24,0.4157356318367953,0.4319896085892315,0.41459098635537023,0.41527777910232544,720372000
2011-05-25,0.4132175267209114,0.4230615136080891,0.4090967962745724,0.42031434178352356,545312000
2011-05-26,0.4203143295596361,0.43450795927207086,0.4191696837628596,0.43084508180618286,706436000
2011-05-27,0.43267660497762434,0.44709915028972436,0.4322187520276637,0.4464123845100403,658824000
2011-05-31,0.45511162693899476,0.45900344461755754,0.44412302144468985,0.45877447724342346,1200716000
2011-06-01,0.4567141236738953,0.457400916631284,0.4372551172369256,0.438170850276947,762208000
2011-06-02,0.438857758478929,0.44206275673436707,0.43084520825930095,0.43611058592796326,607592000
2011-06-03,0.43107403802583305,0.4349658284225222,0.4205432853849006,0.42260363698005676,549300000
2011-06-06,0.4219168887389442,0.4258086792964113,0.41321754724964727,0.4136754274368286,435988000
2011-06-07,0.4168804236458551,0.41916971541226095,0.41161504712501956,0.41344648599624634,433956000
2011-06-08,0.41138614607182483,0.4139043507124846,0.39902395380586425,0.4022289514541626,569288000
2011-06-09,0.40200006197050264,0.4029157678401451,0.3832278460282156,0.3976503908634186,741632000
2011-06-10,0.3983370545400017,0.4008552857994231,0.38872200957894115,0.391927033662796,493548000
2011-06-13,0.39192699935183145,0.3969634341392591,0.3864326845278635,0.38917985558509827,574760000
2011-06-14,0.39261388641954303,0.40108425977254336,0.39078244770498693,0.39238494634628296,534576000
2011-06-15,0.3871196173565969,0.38940890920558413,0.3759020709222525,0.38391461968421936,935916000
2011-06-16,0.38414350924747387,0.39009567861083594,0.36514238259267484,0.3706366717815399,1024908000
2011-06-17,0.3749862972836932,0.37521523734339335,0.3504908570970488,0.3619373142719269,1467884000
2011-06-20,0.3587322512218286,0.36628691702633126,0.3548404346655231,0.357587605714798,745960000
2011-06-21,0.35896129405065463,0.36811848871632974,0.3555273562849683,0.36537131667137146,704276000
2011-06-22,0.3628531651169973,0.3676606623181746,0.35964813969236364,0.36033493280410767,651720000
2011-06-23,0.3557562496879217,0.37361272918369814,0.3525512251530087,0.3710945248603821,744024000
2011-06-24,0.36926318867574914,0.3724681868098674,0.35804564062530453,0.36033493280410767,529052000
2011-06-27,0.36033486123816305,0.36262415296229095,0.3401890613172252,0.35278019309043884,1142152000
2011-06-28,0.3527801951985665,0.3589612774325465,0.3502619633707734,0.35484054684638977,692200000
2011-06-29,0.35712990737947403,0.36399781120639885,0.3447677405301433,0.36033493280410767,960544000
2011-06-30,0.3612505562247707,0.36880522414691463,0.3557562671671256,0.3649134337902069,652300000
2011-07-01,0.3649133538763854,0.37109446182574735,0.357587627640312,0.3697208762168884,540804000
2011-07-05,0.3692630734118849,0.372697010608201,0.3603348203271588,0.36353984475135803,535296000
2011-07-06,0.3633108655505744,0.3639976583739533,0.35438261342765653,0.35873228311538696,529580000
2011-07-07,0.3605637224289547,0.36239513357510333,0.35369582146888107,0.36010584235191345,986136000
2011-07-08,0.3550695149645204,0.3575877469910953,0.3502619910194273,0.3532380759716034,619516000
2011-07-11,0.3465990298851354,0.3479725882242736,0.33996006906253806,0.3408757746219635,714388000
2011-07-12,0.3392732982279167,0.3424783224745541,0.3305739856877655,0.3362972140312195,867604000
2011-07-13,0.3408759160993867,0.3431652082386037,0.33240554064238675,0.3356105387210846,634368000
2011-07-14,0.33698398122927636,0.33904433235982234,0.32073000305540184,0.322332501411438,1088996000
2011-07-15,0.32416408975131644,0.326224441834937,0.31615156697421176,0.3227905035018921,827736000
2011-07-18,0.3202722591729532,0.3221036708936697,0.3118018571573328,0.3159225881099701,818200000
2011-07-19,0.31683825122042863,0.3262243578299721,0.31683825122042863,0.3255375921726227,602224000
2011-07-20,0.3266822915390526,0.3285137033128703,0.32050118128562094,0.3214169144630432,662956000
2011-07-21,0.32187473148732354,0.33881550682876166,0.31706720789125764,0.33652621507644653,1143420000
2011-07-22,0.3395022216344188,0.34453865687165575,0.3351525519323246,0.343394011259079,737192000
2011-07-25,0.3381287144047877,0.3395023003746551,0.33309227799945795,0.337899774312973,566920000
2011-07-26,0.3282847138841616,0.33652617410532537,0.32485077667376117,0.32965829968452454,698276000
2011-07-27,0.3250796978391552,0.3266822237444522,0.3163803845567891,0.3172961175441742,652212000
2011-07-28,0.3161514999378519,0.32324828794704114,0.3111150362848986,0.31660935282707214,648176000
2011-07-29,0.3134043280215101,0.319585437542769,0.3118018292639841,0.31660935282707214,677656000
2011-08-01,0.3239351940848238,0.3344659506680981,0.32118804849934524,0.33355024456977844,1019620000
2011-08-02,0.3312608583123248,0.3520934254150326,0.3301162123680115,0.3301162123680115,1356432000
2011-08-03,0.3308030460775371,0.3401891276009756,0.3275980206649725,0.3390444815158844,765236000
2011-08-04,0.33286338306022745,0.33286338306022745,0.30676543712615967,0.30676543712615967,979732000
2011-08-05,0.31386220432732986,0.31775399477343197,0.28845102815787177,0.2964635491371155,1270588000
2011-08-08,0.2820409055455395,0.2921138018519338,0.27128121651294784,0.2731126546859741,1084180000
2011-08-09,0.2783781280831581,0.29646354894154037,0.2747152777265118,0.2960056960582733,1329832000
2011-08-10,0.287306359641882,0.295547820058105,0.2808963379059872,0.282498836517334,1140052000
2011-08-11,0.282498819641101,0.3111149893193951,0.282498819641101,0.3069942593574524,1078792000
2011-08-12,0.339731135180449,0.3401889879684541,0.29005346635504803,0.29486098885536194,3195784000
2011-08-15,0.29783712228968245,0.30676537594320924,0.2962346236207444,0.30607858300209045,864152000
2011-08-16,0.3026446918658306,0.30676542285215497,0.2918849978208411,0.2973793148994446,716868000
2011-08-17,0.29829498401656435,0.3033314475407402,0.2893667573882698,0.29325854778289795,553328000
2011-08-18,0.2799806171796489,0.2827277614074003,0.2701366313900693,0.27334165573120117,802564000
2011-08-19,0.26876321308525014,0.28364361497729146,0.26670283337203987,0.26853427290916443,761332000
2011-08-22,0.2760887999589526,0.2792938243000845,0.27036557144675955,0.27334165573120117,611876000
2011-08-23,0.27998055358934054,0.3031024024432758,0.27952267357995564,0.3028734624385834,938312000
2011-08-24,0.30218675006598145,0.30310245566453836,0.2907402663409907,0.298523873090744,687500000
2011-08-25,0.29257177293564296,0.297837149579321,0.2852460445703354,0.2857038974761963,690968000
2011-08-26,0.2845592121976026,0.300813192785764,0.2795227490583927,0.29783710837364197,732660000
2011-08-29,0.3063075217138854,0.30699428736143414,0.299210706838141,0.3058496415615082,601528000
2011-08-30,0.30378921642413437,0.31569352440063014,0.30172883810923,0.3131753206253052,684760000
2011-08-31,0.315464778815541,0.31866977706062954,0.3021868782606439,0.30470508337020874,705808000
2011-09-01,0.3088257832134548,0.315464746455136,0.30378934622044684,0.3040182590484619,762312000
2011-09-02,0.2971503131344713,0.3012710432658265,0.2934874358420429,0.29577675461769104,471356000
2011-09-06,0.2861616597406791,0.30241563742914523,0.2834145158851573,0.30172884464263916,696248000
2011-09-07,0.32622435688972473,0.33515261060513246,0.31729613046482585,0.32622435688972473,1606620000
2011-09-08,0.32301929823202374,0.3308029046574171,0.31935642140942644,0.3246217966079712,880164000
2011-09-09,0.32187473103177594,0.3305740451363634,0.3150068557845507,0.31775400042533875,869828000
2011-09-12,0.3134043124603283,0.3280557952214706,0.3134043124603283,0.3253086507320404,916480000
2011-09-13,0.3280558060041054,0.3342369154216218,0.3230193697261929,0.3326343894004822,853836000
2011-09-14,0.34133367141344134,0.3541537136164482,0.34110473136711783,0.3498040437698364,1547192000
2011-09-15,0.35758771876416773,0.3594191576125163,0.3516355493296624,0.35484054684638977,752908000
2011-09-16,0.3555273693826153,0.36857635520535803,0.3520934314904225,0.35392487049102783,1391588000
2011-09-19,0.34797266064527055,0.35049089239354714,0.337670848150427,0.34659910202026367,968204000
2011-09-20,0.3509488532865887,0.352322439624879,0.3360684528806867,0.3376709520816803,792436000
2011-09-21,0.33950226063513494,0.34545440212999085,0.3310318602966166,0.3312608003616333,715252000
2011-09-22,0.31821186878841856,0.31866972170239216,0.30333147169594993,0.30928361415863037,1314632000
2011-09-23,0.3074521540407348,0.32462184028721947,0.3056207153830083,0.31569358706474304,1011440000
2011-09-26,0.3195854662825973,0.3205011721433858,0.30218683660351453,0.31638044118881226,972124000
2011-09-27,0.3243928073524301,0.32713995067619006,0.314319912111314,0.3168381154537201,781388000
2011-09-28,0.31752507370739774,0.32553762245713463,0.3021868238006972,0.30722326040267944,1236532000
2011-09-29,0.31271756514196286,0.3179829416415681,0.29188497194495316,0.2996685802936554,866416000
2011-09-30,0.2948611276831844,0.29646362684095007,0.285932871306175,0.2863907516002655,677784000
2011-10-03,0.28272784922254335,0.29165610484898047,0.2703656554222107,0.2703656554222107,949896000
2011-10-04,0.2637266434015103,0.2953189015388489,0.26258199755409267,0.2953189015388489,1361548000
2011-10-05,0.29463209634792853,0.30859681331373734,0.28867995456261863,0.3058496415615082,856708000
2011-10-06,0.30745218885928055,0.31889864765323306,0.3069943086751141,0.317982941865921,773192000
2011-10-07,0.31935639034854646,0.3287424942369866,0.31271745745511387,0.32393497228622437,806976000
2011-10-10,0.3294294609316955,0.33835771679878235,0.32874266782030187,0.33835771679878235,534376000
2011-10-11,0.33561053850228406,0.34110485600713186,0.333550186494538,0.33469483256340027,816080000
2011-10-12,0.34110473309498507,0.34133367314246826,0.3342368591565504,0.33446577191352844,612064000
2011-10-13,0.33286336291983526,0.3546116635275689,0.3319476570647888,0.35392487049102783,854832000
2011-10-14,0.3601059031049345,0.36376878059619944,0.3511776767444257,0.35987699031829834,702452000
2011-10-17,0.3557561967256089,0.3557561967256089,0.340188983800146,0.3420204222202301,611780000
2011-10-18,0.3401890631683139,0.35529842683648766,0.33812871152159163,0.3543826937675476,590916000
2011-10-19,0.35484053467101717,0.36102164398341974,0.34637016098986645,0.3472858667373657,557568000
2011-10-20,0.33789988408372784,0.339273470499821,0.31683837125306963,0.32988736033439636,990308000
2011-10-21,0.3340079735731387,0.33950228999410487,0.32599545267175906,0.3314897418022156,628428000
2011-10-24,0.33286331868959135,0.3491173001357109,0.33217652574431,0.3438519239425659,535256000
2011-10-25,0.3390443802598234,0.34179155187600807,0.330116154378745,0.33080294728279114,577996000
2011-10-26,0.3372130648311032,0.33904447670887083,0.3250797837525453,0.33469483256340027,503116000
2011-10-27,0.3470570165111454,0.3525513065676379,0.3392734070921811,0.34911736845970154,577732000
2011-10-28,0.34614123613691944,0.36033486688120053,0.34522553034913184,0.357129842042923,490156000
2011-10-31,0.34568335519331733,0.34774373398442027,0.33881548047065735,0.33881548047065735,519984000
2011-11-01,0.3264533213331297,0.3273690271356387,0.31866971284975976,0.321874737739563,790824000
2011-11-02,0.3250797560283536,0.32668228222050244,0.30974150547181395,0.31638044118881226,961608000
2011-11-03,0.3198142372177395,0.3360682410050442,0.3113438662465108,0.3353814482688904,749372000
2011-11-04,0.33240548802138065,0.34041800924022875,0.32714011147660693,0.3392733633518219,654840000
2011-11-07,0.3367550092829114,0.3424782639386603,0.3296582237243041,0.3374418020248413,613536000
2011-11-08,0.3417915165024403,0.3472858045851661,0.3362972011292101,0.34522545337677,549728000
2011-11-09,0.3372130860475456,0.34156273046668284,0.3264533904908604,0.32782697677612305,532244000
2011-11-10,0.3358393833379104,0.3392733205701182,0.32301934008813166,0.3312608003616333,990484000
2011-11-11,0.3406469853705327,0.3456834223542162,0.32210368180996446,0.34293627738952637,1751560000
2011-11-14,0.3429361752839294,0.34637011229000175,0.33538150841246905,0.3362972140312195,500292000
2011-11-15,0.33309231314268073,0.34316518701608845,0.33217657996931704,0.34064698219299316,505660000
2011-11-16,0.33423688732998835,0.34316511328632787,0.3326343614435363,0.3337790071964264,512420000
2011-11-17,0.33309228391810797,0.33400798972061696,0.3159225681517219,0.321874737739563,657504000
2011-11-18,0.3237060506324362,0.3237060506324362,0.3154645924558013,0.3188985288143158,501352000
2011-11-21,0.3138622085656511,0.3381287119181109,0.3090546849969813,0.33492371439933777,1330788000
2011-11-22,0.3385864923787632,0.34705689183451344,0.33675505392101984,0.34522545337677,1287480000
2011-11-23,0.3415626103896951,0.34408084193054866,0.3303450657783105,0.33057400584220886,825340000
2011-11-25,0.3262244113050848,0.33377908038887966,0.32050118128562094,0.3214169144630432,406620000
2011-11-28,0.3319476073016942,0.3445387110188374,0.3319476073016942,0.3395022749900818,690616000
2011-11-29,0.3390443094022654,0.3456832696998788,0.3358393129072116,0.34133362770080566,623440000
2011-11-30,0.3516354956670097,0.3587323098873832,0.34865941140393353,0.35781657695770264,730324000
2011-12-01,0.3548405888587287,0.36308205100681307,0.3532380899106327,0.3621663451194763,529760000
2011-12-02,0.3660580722056128,0.3674316580874643,0.35644305290417827,0.35987699031829834,546464000
2011-12-05,0.36582917974098167,0.3662870326301966,0.35140660905188537,0.3543826937675476,644696000
2011-12-06,0.3564431566740594,0.3571299225244119,0.345683461144982,0.3493463397026062,573832000
2011-12-07,0.34705695394574554,0.3498040984787526,0.3399601388858437,0.3472858667373657,510016000
2011-12-08,0.3438518809026799,0.34957510924613383,0.3351525683625287,0.3362972140312195,491488000
2011-12-09,0.33377907904402765,0.3438519802120066,0.32920049504690446,0.3411048352718353,555840000
2011-12-12,0.3337790352495764,0.3351526211846933,0.3264533072734755,0.3326343894004822,573208000
2011-12-13,0.33698404542367116,0.34110477576025255,0.32141685709131296,0.32347720861434937,516596000
2011-12-14,0.3207300437413921,0.3225614823622607,0.30745214785322816,0.31088608503341675,636020000
2011-12-15,0.3161515153188296,0.3182118670658133,0.3074522008383769,0.30813896656036377,435148000
2011-12-16,0.3106572001910629,0.31660936994425504,0.3079100554167095,0.30928361415863037,619116000
2011-12-19,0.3106572188815576,0.31432009699474467,0.30012646477402977,0.30127111077308655,463276000
2011-12-20,0.3081388668512041,0.3193564096508169,0.3081388668512041,0.31821176409721375,445208000
2011-12-21,0.3163804078915051,0.31981434544382786,0.30791003405387773,0.31409111618995667,548424000
2011-12-22,0.3150068991787986,0.32851371144278874,0.3150068991787986,0.3275980055332184,576560000
2011-12-23,0.32920038011395325,0.3296582601862176,0.3216457136981402,0.3243928849697113,248948000
2011-12-27,0.3230193836379547,0.3269111742343842,0.32095900464654314,0.321874737739563,195712000
2011-12-28,0.32187463384724985,0.32256142662270915,0.3136331751227425,0.3138621151447296,233960000
2011-12-29,0.31706717997615425,0.3205011173022976,0.3124885968746298,0.3198143243789673,211112000
2011-12-30,0.31866967608949026,0.3221036133885421,0.31683823740522776,0.3172961175441742,186956000
2012-01-03,0.32736905730897753,0.3296583766072765,0.3207301214026049,0.3214169144630432,468044000
2012-01-04,0.32164580135894083,0.32645332510392083,0.3186697165306442,0.3250797390937805,347372000
2012-01-05,0.3234772005117709,0.33835762282405896,0.3221036146704804,0.33675509691238403,563548000
2012-01-06,0.33652605783791767,0.33675497053188574,0.32897139312701934,0.3328631818294525,533252000
2012-01-09,0.33309212181391823,0.3392732011990177,0.3305738911467862,0.3328631818294525,508244000
2012-01-10,0.33789976398142124,0.3381287040662359,0.3292004501161071,0.3314897418022156,546328000
2012-01-11,0.32851355745813376,0.3314896412050243,0.3234771227352043,0.3248507082462311,484272000
2012-01-12,0.32553767600074074,0.3257665888486342,0.315693686697393,0.3227905035018921,652364000
2012-01-13,0.3205012005700146,0.3211879936717769,0.312717618191415,0.3143201172351837,504300000
2012-01-17,0.31912757255865737,0.31912757255865737,0.30905467292502253,0.30951252579689026,627176000
2012-01-18,0.3154646239465032,0.3225614373787269,0.31386212561066323,0.3200432062149048,632676000
2012-01-19,0.3227904815254803,0.3289715919365478,0.3193565434262268,0.3285137116909027,608312000
2012-01-20,0.32805579659409145,0.33194761420178587,0.32439294635636173,0.3255375921726227,546272000
2012-01-23,0.3257664594667435,0.33469471196101164,0.32164572964558164,0.33446577191352844,562792000
2012-01-24,0.332176464591469,0.3433940078579191,0.3319475518455233,0.3420204222202301,730920000
2012-01-25,0.332863284054644,0.3408758039046902,0.32324823840218386,0.33996009826660156,1274152000
2012-01-26,0.3449965573791116,0.3488883748325988,0.33492368551134044,0.33675509691238403,799672000
2012-01-27,0.3346946674031922,0.3431650386748355,0.3319475236516459,0.34133362770080566,449996000
2012-01-30,0.3353815431093274,0.3404179791145097,0.3303450798136368,0.33881548047065735,399076000
2012-01-31,0.33973118458755425,0.3399601246601036,0.33217651697003026,0.3381286859512329,357900000
2012-02-01,0.34202039350637536,0.34568327003903176,0.3372128987590781,0.3417914807796478,428020000
2012-02-02,0.34362302937256517,0.3559851938810065,0.34018906446409786,0.3546116352081299,696236000
2012-02-03,0.35987705311062107,0.36514243018909087,0.35919026004986176,0.3621663451194763,495232000
2012-02-06,0.36033484296647017,0.36079269582997714,0.35621411261388997,0.3594191372394562,278868000
2012-02-07,0.3598770798264501,0.36239528484882433,0.3539249092453558,0.36033493280410767,410296000
2012-02-08,0.36033492258245403,0.3804806986425476,0.358503483433261,0.37338390946388245,847612000
2012-02-09,0.3779624319891432,0.3800227836390607,0.3724681154385128,0.3731549084186554,561944000
2012-02-10,0.36949201668395515,0.3708656025920679,0.36193734877035344,0.3639977276325226,440268000
2012-02-13,0.37315481294853253,0.37452839855739145,0.3621662099491708,0.3697208762168884,610668000
2012-02-14,0.3697209973841127,0.3749863742230024,0.3665159723432392,0.3717813491821289,453756000
2012-02-15,0.3752152822954345,0.38689068092876444,0.36926311293520553,0.37017881870269775,1110856000
2012-02-16,0.3447676246450357,0.3795648758990205,0.3433940388832445,0.3765887916088104,1888588000
2012-02-17,0.3768177699666842,0.3793359743985832,0.35941914257124996,0.362853080034256,1020360000
2012-02-21,0.36262414328093395,0.3736127487214757,0.3619373503239296,0.364684522151947,518176000
2012-02-22,0.36285313818023557,0.3717813660985658,0.36170849217580797,0.3621663451194763,492432000
2012-02-23,0.36285305096759324,0.3662869881555207,0.35712979503054054,0.3642266094684601,323968000
2012-02-24,0.36537122104856834,0.365829101129902,0.3598769329776074,0.36147943139076233,366668000
2012-02-27,0.35690092676409396,0.35850342552685505,0.34911731845988103,0.3541537821292877,745268000
2012-02-28,0.3541538058053667,0.35827453667831244,0.34728590282344907,0.3509487807750702,699884000
2012-02-29,0.3520934504393378,0.3580456206890101,0.34659916043234335,0.34682807326316833,689196000
2012-03-01,0.3482016625471242,0.35323809964732805,0.34682807638774393,0.34911736845970154,449944000
2012-03-02,0.3479726385740229,0.3571298046552842,0.3479726385740229,0.352093368768692,684076000
2012-03-05,0.3495751154714789,0.3502619083430251,0.33767080576319997,0.34018900990486145,514848000
2012-03-06,0.33629730491269555,0.33904444980184484,0.33103192795569364,0.3369840979576111,471400000
2012-03-07,0.33881556867317536,0.34041806773419997,0.3342369843328106,0.3390444815158844,441984000
2012-03-08,0.33996009714135,0.3436229742625924,0.33812865858072877,0.34018900990486145,430852000
2012-03-09,0.341104802231375,0.3436230341020744,0.3374419244722688,0.3392733633518219,367836000
2012-03-12,0.340646940800075,0.3429362325195364,0.3330922726677505,0.33400797843933105,299948000
2012-03-13,0.33538154175530976,0.34041797774015875,0.3337790158274189,0.3385865390300751,553288000
2012-03-14,0.33858667721564406,0.33927347042353617,0.3278270079270649,0.32897165417671204,735708000
2012-03-15,0.32988721709470165,0.33561044585915195,0.32874257134181156,0.3337790071964264,382380000
2012-03-16,0.3340079202270191,0.3356104186932498,0.33217648171253883,0.33423686027526855,428340000
2012-03-19,0.3360684188719401,0.33767091791076737,0.3335501866034152,0.33515268564224243,405400000
2012-03-20,0.33332114966798077,0.33332114966798077,0.32668221531074276,0.32965829968452454,449616000
2012-03-21,0.32965835976550567,0.3340080034418758,0.32599548182397464,0.3310319185256958,467840000
2012-03-22,0.32851362713864496,0.3333211501564537,0.32759792146406574,0.33057400584220886,425372000
2012-03-23,0.32965842319168187,0.3340080677049222,0.3273691035698766,0.3330923616886139,315456000
2012-03-26,0.33629730491269555,0.33858659686873877,0.3330923070904402,0.3369840979576111,288600000
2012-03-27,0.3383576575573007,0.34339409400818877,0.3376708645661544,0.3392733633518219,419968000
2012-03-28,0.3436231061211422,0.35163562901931406,0.34110487372265313,0.347057044506073,892448000
2012-03-29,0.3465989560495577,0.3514064501481619,0.3422492873426326,0.34865930676460266,372700000
2012-03-30,0.3516355756048357,0.3546116605444696,0.3465991388634234,0.35255128145217896,527240000
2012-04-02,0.3516355738023132,0.3546116587266913,0.34591234405947524,0.3509487807750702,407776000
2012-04-03,0.35346691279136316,0.35392476558317293,0.3433940149190266,0.34522545337677,430476000
2012-04-04,0.33996003012258164,0.3443096719673881,0.333321070060429,0.3353814482688904,495896000
2012-04-05,0.33583942017884144,0.3399601507676284,0.3337790412391929,0.33492371439933777,369424000
2012-04-09,0.32965830016762965,0.3317186515806865,0.32416398424863296,0.33057400584220886,365504000
2012-04-10,0.32920049974909016,0.3337790838116122,0.3225615637746386,0.3241640627384186,470360000
2012-04-11,0.3285136830626803,0.3353815859532001,0.3273690371293457,0.32828477025032043,372960000
2012-04-12,0.3287425774091735,0.3378997436013012,0.3273689915641512,0.336068332195282,384868000
2012-04-13,0.33309231803464484,0.3349237571177564,0.323935122619087,0.3241640627384186,311324000
2012-04-16,0.3264532282869594,0.32736893382847265,0.315006772565528,0.32027214765548706,463468000
2012-04-17,0.32118794187339395,0.3250797324350598,0.31981435589138923,0.3209590017795563,460696000
2012-04-18,0.318898555150834,0.3205010534590511,0.3136331801748327,0.3175249695777893,400764000
2012-04-19,0.3134043226301914,0.32530866128819524,0.3111150309329614,0.3127175569534302,667188000
2012-04-20,0.31454898730307146,0.31546472041107154,0.30584967287488274,0.306536465883255,509592000
2012-04-23,0.3012709642772364,0.304247047885738,0.29554773706492565,0.3028734624385834,706244000
2012-04-24,0.30378933007088843,0.306307562078779,0.2918849903505099,0.2934874892234802,730440000
2012-04-25,0.29783705115987846,0.3017288405094315,0.29234273623359586,0.29943954944610596,727112000
2012-04-26,0.29921072740032245,0.3021868121427524,0.2971503484445584,0.2996685802936554,539208000
2012-04-27,0.2992106025432427,0.3010420406428474,0.29394522824081654,0.29715022444725037,475356000
2012-04-30,0.2955478451019918,0.29921072277303007,0.2934874661780915,0.2976081967353821,262268000
2012-05-01,0.29600558978381053,0.3060784860517774,0.29600558978381053,0.3028734624385834,408680000
2012-05-02,0.3017289219466772,0.30287356778728225,0.29257175522183715,0.2941742539405823,684008000
2012-05-03,0.2948610091363274,0.2966924477048209,0.28730634209785777,0.2891377806663513,419536000
2012-05-04,0.28730638663048347,0.28890888539236365,0.28066742420196533,0.28066742420196533,545092000
2012-05-07,0.2857037768278326,0.2905112985355064,0.28318554597324164,0.28547483682632446,604440000
2012-05-08,0.28295681397782313,0.2870775460006883,0.2779203758567744,0.2852461338043213,462312000
2012-05-09,0.280209640535214,0.2886800439086499,0.2774624952232561,0.2863907516002655,520608000
2012-05-10,0.2891378624301469,0.28959571537911766,0.27975175416893494,0.2843303382396698,597092000
2012-05-11,0.3079099845388672,0.31317536006380553,0.30127102329768224,0.302415668964386,1435140000
2012-05-14,0.29989740426255257,0.3051627792025028,0.2937163238071772,0.30058419704437256,437472000
2012-05-15,0.3005842814317869,0.30722324379922994,0.2962346380766252,0.2976081967353821,599940000
2012-05-16,0.2980661301340529,0.30150006832986503,0.29074037348390847,0.29165610671043396,470484000
2012-05-17,0.2928007183298576,0.29554786310522296,0.28959569334983826,0.28959569334983826,335364000
2012-05-18,0.2902824017363713,0.2916559873688499,0.27517306894112137,0.2765466272830963,567288000
2012-05-21,0.27700457530242933,0.28272780469080383,0.27517313644004743,0.28135421872138977,416260000
2012-05-22,0.28112530069885944,0.2815831535833237,0.27379954538539203,0.27792027592658997,410140000
2012-05-23,0.2749442301038401,0.28524607155820525,0.27082349898019686,0.28478819131851196,496000000
2012-05-24,0.286390737071309,0.2868485900516551,0.2751731889549954,0.2772335410118103,520420000
2012-05-25,0.27700463813916654,0.2861618072378112,0.27700463813916654,0.28387251496315,391752000
2012-05-29,0.2884511082766337,0.29302969296506964,0.28730646210452476,0.2911982536315918,310000000
2012-05-30,0.28799313167988655,0.29005348298932065,0.28272775608960354,0.28776419162750244,379792000
2012-05-31,0.287764157076491,0.2889088026199658,0.28089628381564213,0.2845591604709625,358192000
2012-06-01,0.2786071530405016,0.28135429846746046,0.27379962807543495,0.27425748109817505,440984000
2012-06-04,0.27563109088157695,0.27723359024261574,0.26624498031038885,0.26853427290916443,432856000
2012-06-05,0.2671606372769973,0.2770045980930166,0.2671606372769973,0.2763178050518036,365224000
2012-06-06,0.2783781081095453,0.28433027703647873,0.2763177566374187,0.2836434841156006,368968000
2012-06-07,0.28776413202228995,0.28936665747603263,0.27196800852332653,0.2721969485282898,526780000
2012-06-08,0.27311275222210996,0.2783781286160348,0.2726548993379665,0.2774624228477478,370308000
2012-06-11,0.2863906808495549,0.2914271172256826,0.27998065851152404,0.28066742420196533,839080000
2012-06-12,0.28387251914483586,0.28913789691222336,0.2834146661412624,0.2863907516002655,496128000
2012-06-13,0.2861617094004546,0.286848502306145,0.27746239627289354,0.2788359820842743,494276000
2012-06-14,0.27837809379761286,0.28066738522250473,0.2726548652353832,0.2754020094871521,589884000
2012-06-15,0.2774624281953972,0.2815831588131289,0.27494419634830825,0.28135421872138977,385288000
2012-06-18,0.2792939304138277,0.2861618072378112,0.27700463813916654,0.28387251496315,304424000
2012-06-19,0.29554776752454215,0.3074521031854279,0.2941741819358237,0.30310243368148804,960476000
2012-06-20,0.3060785863535805,0.3136332542075916,0.3042471475873795,0.3079100251197815,972720000
2012-06-21,0.307681186028439,0.307681186028439,0.2932586385352285,0.29394543170928955,516376000
2012-06-22,0.2976081967353821,0.3010421616085492,0.2934874661780915,0.2976081967353821,865360000
2012-06-25,0.2978371826567825,0.29875288857020155,0.28707748807628086,0.28822213411331177,494616000
2012-06-26,0.28982460696689544,0.2934874572358203,0.2857038765351595,0.2914271056652069,437152000
2012-06-27,0.2916560030206738,0.30287351955606095,0.2916560030206738,0.3008131682872772,506064000
2012-06-28,0.2980659986736917,0.30493387203627836,0.29554776752454215,0.30310243368148804,545896000
2012-06-29,0.31019935840220825,0.31706723422965993,0.30997041829175476,0.31638044118881226,616508000
2012-07-02,0.31798292468863265,0.31821183747783965,0.3053917934049415,0.3079100251197815,581684000
2012-07-03,0.30791006631504136,0.3166093811504951,0.3076811262046955,0.3159225881099701,219284000
2012-07-05,0.3138622028020452,0.31523576144607734,0.3079100334730433,0.3127175569534302,280076000
2012-07-06,0.3104282880584841,0.31134402125945077,0.30333149902619133,0.30676543712615967,382760000
2012-07-09,0.30493405188767686,0.3063076382865424,0.30012652678216634,0.3026447594165802,306336000
2012-07-10,0.2994396590836695,0.30836791387395335,0.29119819732194774,0.2934874892234802,512028000
2012-07-11,0.29440318644551233,0.2980660639573516,0.2873063715002646,0.28867995738983154,485216000
2012-07-12,0.2854750140973095,0.28593286709413845,0.28135428254481615,0.28387251496315,472160000
2012-07-13,0.2841014901651127,0.28890898816083926,0.28227005066127975,0.2875354290008545,324260000
2012-07-16,0.2857038124366139,0.2907402474830138,0.2829566412381203,0.2884509563446045,334460000
2012-07-17,0.2893668618404455,0.29096936113544813,0.2783782250705208,0.283185750246048,447476000
2012-07-18,0.2824988352154249,0.30310248616102947,0.28112527667938964,0.29898175597190857,616008000
2012-07-19,0.30104216969309255,0.30584966606361275,0.29898179071386044,0.3019578754901886,403036000
2012-07-20,0.3001264228171274,0.302186801701702,0.29005352305928517,0.29325854778289795,451000000
2012-07-23,0.28547483044145744,0.2992106025432427,0.28226983423502355,0.29715022444725037,451584000
2012-07-24,0.29760828315341864,0.2994397225207422,0.29051149312950214,0.29394543170928955,351164000
2012-07-25,0.2930296178235408,0.30264466503608534,0.2916560591435419,0.2996685802936554,415044000
2012-07-26,0.3051627216537095,0.30859668491521913,0.2987527023830535,0.30104202032089233,338440000
2012-07-27,0.30218679757012923,0.309512525381713,0.2998974786328434,0.30859681963920593,376516000
2012-07-30,0.3085969021276294,0.31248869350932984,0.3026447313387819,0.3051629364490509,363552000
2012-07-31,0.3051628848317384,0.3143200796081772,0.30470503191554443,0.3099704086780548,387788000
2012-08-01,0.3118018425600938,0.31477792740269933,0.30516287986651053,0.306536465883255,335912000
2012-08-02,0.30493396872353373,0.31225969717500524,0.2998975048282925,0.3076811134815216,367912000
2012-08-03,0.3124886174569747,0.3172961409464304,0.30516286217961175,0.31409111618995667,326548000
2012-08-06,0.3170671534457183,0.3223325290299953,0.31660930063197806,0.3207300305366516,360324000
2012-08-07,0.32462176503497625,0.3273689087394828,0.322103534053053,0.32393497228622437,407340000
2012-08-08,0.32370627072042935,0.3292005617134226,0.3227905373612513,0.3257666230201721,517064000
2012-08-09,0.32622434490384417,0.3374418898330293,0.32576649205358327,0.33675509691238403,822300000
2012-08-10,0.3456834402825809,0.34843058538974736,0.3303451611274147,0.33469483256340027,1278744000
2012-08-13,0.3351526902846774,0.3392734216491088,0.33377910406636185,0.3390444815158844,447244000
2012-08-14,0.3401890606237748,0.340646940800075,0.3326343924914502,0.33400797843933105,388828000
2012-08-15,0.33515261941619295,0.33789976398142124,0.3298872430800416,0.3314897418022156,594404000
2012-08-16,0.33446589826439005,0.3395023628876,0.3333212521755724,0.33835771679878235,371008000
2012-08-17,0.3383575319318898,0.3383575319318898,0.33240536460589093,0.3353814482688904,309864000
2012-08-20,0.3342368028054675,0.3358393009961594,0.33034498639742954,0.3353814482688904,314392000
2012-08-21,0.3365261504693619,0.3385865017346903,0.3310318349443111,0.33446577191352844,340248000
2012-08-22,0.33240554053417926,0.3365262718415315,0.3312608944649434,0.33515268564224243,313556000
2012-08-23,0.33446588172653824,0.33469482184918786,0.3262244193783488,0.3275980055332184,379040000
2012-08-24,0.3275978990715908,0.33583935874149934,0.32691110621734754,0.33423686027526855,347724000
2012-08-27,0.3340080290240167,0.33492376222479275,0.3282847988585943,0.3285137116909027,340944000
2012-08-28,0.32599547672454465,0.3303451203328749,0.3253086837099369,0.32714012265205383,310764000
2012-08-29,0.32691124348910905,0.32988732891350037,0.32622445034647773,0.32782697677612305,250412000
2012-08-30,0.32714008265119504,0.32828472843874335,0.3200432678521924,0.3216457664966583,307488000
2012-08-31,0.32393499773348444,0.32622428888216254,0.3179828571212233,0.3211878538131714,485064000
2012-09-04,0.3159225994016797,0.3170672454132958,0.30104220125067105,0.3040182590484619,694452000
2012-09-05,0.30516284818917816,0.309512518597012,0.30172891079428704,0.30493393540382385,480256000
2012-09-06,0.30722330066783143,0.3225615798753016,0.3069943605370723,0.3143201172351837,657296000
2012-09-07,0.3063075841709334,0.308825789069935,0.29646359553574053,0.30676543712615967,781064000
2012-09-10,0.3060786382436789,0.3104282821716145,0.30333149327390313,0.3040182590484619,371108000
2012-09-11,0.3037893228001628,0.312488637275884,0.3026446768767919,0.3076811134815216,382808000
2012-09-12,0.31019938015364523,0.3127176123831631,0.3072232949616281,0.3111150860786438,322608000
2012-09-13,0.31386211339694,0.3150067589194973,0.30722315299180636,0.3131753206253052,433836000
2012-09-14,0.31294632680418544,0.32233242939173723,0.31294632680418544,0.3168381154537201,339468000
2012-09-17,0.3175250740533149,0.3175250740533149,0.30470502878838335,0.30813896656036377,493348000
2012-09-18,0.3047048868568019,0.31386207727384063,0.3044759741529377,0.31019920110702515,359952000
2012-09-19,0.3108860313114074,0.31821175723846834,0.3072231547026259,0.3138621151447296,451936000
2012-09-20,0.3131754055513918,0.3147779042594331,0.30905467509463613,0.3115728795528412,320596000
2012-09-21,0.31203088169286175,0.31477802730773535,0.3108862354124544,0.3129465878009796,340136000
2012-09-24,0.3079100334730433,0.31317540983477427,0.3074521805916992,0.3127175569534302,357832000
2012-09-25,0.31683821779695265,0.3182118035477689,0.306536406537349,0.3069942593574524,481544000
2012-09-26,0.3058495740711731,0.3060785140968426,0.2980659952654443,0.30172884464263916,436812000
2012-09-27,0.30241576009030213,0.3044761392855192,0.2998975279485414,0.3040182590484619,558888000
2012-09-28,0.3026447030913698,0.3097415193471884,0.29875288478239675,0.3053918480873108,485508000
2012-10-01,0.30676539722401414,0.30859683609721117,0.29921072892864553,0.30035537481307983,504236000
2012-10-02,0.30241566842222084,0.30241566842222084,0.2980660258127467,0.30149996280670166,295492000
2012-10-03,0.30218675006598145,0.30310245566453836,0.29692137464801693,0.298523873090744,430872000
2012-10-04,0.29921083117144986,0.313633379701728,0.29760830455323684,0.311801940202713,502608000
2012-10-05,0.312717451156027,0.31592244753164267,0.3033313474566517,0.3044759929180145,483068000
2012-10-08,0.3033314013282454,0.3047049597515241,0.2992106714773984,0.30149996280670166,240596000
2012-10-09,0.30104218965015633,0.30195789550795743,0.2941742865545977,0.2950900197029114,366360000
2012-10-10,0.2937164545035964,0.29509004067844763,0.2889089301821316,0.2900535762310028,326568000
2012-10-11,0.29280075277570466,0.2937164587117153,0.28936681457989255,0.29165610671043396,320516000
2012-10-12,0.2895956334858482,0.2918849248738386,0.28730634209785777,0.2891377806663513,260696000
2012-10-15,0.28959569945875,0.2930296373230223,0.28616176159447776,0.2928007245063782,249580000
2012-10-16,0.29531894066178593,0.30218684394663997,0.29257179572215225,0.30127111077308655,367696000
2012-10-17,0.2976081701453657,0.30035534179845136,0.2946320857148613,0.29898175597190857,391752000
2012-10-18,0.29829495560276154,0.29829495560276154,0.29325851984883605,0.29440316557884216,254772000
2012-10-19,0.2900535882045929,0.2921139675519235,0.2756310419353414,0.2772335410118103,709412000
2012-10-22,0.27837824440658665,0.2799807711034196,0.2717393065987862,0.27402859926223755,480840000
2012-10-23,0.2715102328226232,0.28410136356680027,0.27082343990341246,0.2822699248790741,573948000
2012-10-24,0.28410141735167616,0.28524606333689106,0.2758599553419236,0.2786071002483368,332916000
2012-10-25,0.28089633351083815,0.28387241790849155,0.27769133633829274,0.2788359820842743,307356000
2012-10-26,0.2792937993667531,0.28089629774900643,0.27585986256599426,0.27585986256599426,389376000
2012-10-31,0.2770046538156521,0.27929394621987086,0.2735707152093239,0.27425748109817505,347112000
2012-11-01,0.2756309988804011,0.2875353382529743,0.2754020587807319,0.28730639815330505,473220000
2012-11-02,0.29028247992862305,0.2907403328326114,0.28410139749850283,0.2859328091144562,256700000
2012-11-05,0.28524597790109996,0.29921066565427684,0.28524597790109996,0.29806602001190186,444840000
2012-11-06,0.2987528140586761,0.2987528140586761,0.29280067252493946,0.29783710837364197,350804000
2012-11-07,0.2955478322566485,0.2973792710125681,0.2873063715002646,0.28867995738983154,324620000
2012-11-08,0.29188498672231356,0.2994396553615669,0.28959569484923753,0.2902824878692627,839024000
2012-11-09,0.2918849057700942,0.2953188426273301,0.27814915834115056,0.2790648639202118,846280000
2012-11-12,0.2795227368040731,0.280667382505438,0.27013663113667824,0.272883802652359,643624000
2012-11-13,0.27151030159422335,0.2776914121422434,0.2705945956636725,0.27082350850105286,492120000
2012-11-14,0.27242593444569313,0.2751730785157332,0.2639555349015214,0.26418447494506836,619300000
2012-11-15,0.26578688578206094,0.2726547573389447,0.2634975952630997,0.2653290331363678,466688000
2012-11-16,0.2653291435180412,0.2662448491903774,0.255256244669808,0.26052162051200867,624552000
2012-11-19,0.265329184351054,0.2687631220865434,0.2621241594236239,0.2678473889827728,404092000
2012-11-20,0.2668105348488827,0.2679625654281417,0.2619719954293646,0.2647368907928467,336976000
2012-11-21,0.26473691936428306,0.27303152395018854,0.2645065022369335,0.272340327501297,422312000
2012-11-23,0.27349234745036444,0.27740924619523294,0.2721098996737862,0.27418357133865356,276932000
2012-11-26,0.27464450919258837,0.27971344101507567,0.2741837022026515,0.279022216796875,364600000
2012-11-27,0.2778701042225291,0.28432148259231854,0.2755660424809317,0.2801741659641266,451404000
2012-11-28,0.2790221208739728,0.2838606612713817,0.2755660284377039,0.2824782133102417,398332000
2012-11-29,0.28293895853713347,0.28432137859649664,0.27648758252705463,0.2774091958999634,488688000
2012-11-30,0.2771788936583742,0.27925256580639785,0.274183635222202,0.27579647302627563,460504000
2012-12-03,0.2792524738369233,0.2792524738369233,0.2700362294585573,0.2707274258136749,391380000
2012-12-04,0.2711882589548833,0.2792524727547013,0.26957539422165994,0.2787916660308838,528068000
2012-12-05,0.27648768264277995,0.27833091005602706,0.27164914201655027,0.275566041469574,633024000
2012-12-06,0.2748747547698431,0.2778700398331545,0.27395314127339776,0.27602678537368774,412896000
2012-12-07,0.27625726548283286,0.27763971350935057,0.2723403660298091,0.275566041469574,338288000
2012-12-10,0.27556607229740615,0.28685599253276184,0.2748748482068194,0.2847823202610016,513644000
2012-12-11,0.2857039066738379,0.29515057000912276,0.2850126827159863,0.29146406054496765,816724000
2012-12-12,0.2923857954020112,0.2939986335097913,0.2873168363967182,0.2884688675403595,399404000
2012-12-13,0.28800795595935125,0.29422891638197635,0.28593431164066924,0.2886991798877716,377556000
2012-12-14,0.2898512603140994,0.29307693591106626,0.2877775881732632,0.290081650018692,338660000
2012-12-17,0.28939035622505344,0.29100319348174547,0.2845518169884027,0.2889295220375061,445232000
2012-12-18,0.28892961042702814,0.2926161202557389,0.2880079967031419,0.2893904447555542,416436000
2012-12-19,0.29146406054496765,0.2949201528676455,0.2903120297707417,0.29146406054496765,458544000
2012-12-20,0.2926160791823728,0.2928464963142931,0.28800795627659986,0.2912336587905884,334332000
2012-12-21,0.2873167571935438,0.2873167571935438,0.28132618591136416,0.2845518887042999,462172000
2012-12-24,0.2843213958997466,0.28524303679531715,0.28132611105564714,0.28224775195121765,127376000
2012-12-26,0.2815565732109079,0.2861646960265942,0.2808653492952392,0.28201737999916077,196740000
2012-12-27,0.28247822770572406,0.28293906202730956,0.2769484905125232,0.2801741659641266,299804000
2012-12-28,0.27763963548805265,0.28316937110701224,0.2771788012976604,0.2787916660308838,220600000
2012-12-31,0.2778700900618832,0.28363024412233134,0.27717886608131315,0.2824782133102417,326460000
2013-01-02,0.28939047942876733,0.2933073794244601,0.2882384484025879,0.2930769622325897,478836000
2013-01-03,0.2930768276915852,0.2965329191835565,0.28985115328570815,0.29330724477767944,298888000
2013-01-04,0.2937681710896282,0.3039060600736154,0.29284655730316794,0.30298444628715515,524968000
2013-01-07,0.3027539912608616,0.30367560493211365,0.29215529670855583,0.2942289412021637,610732000
2013-01-08,0.29492002248783766,0.29584166317972277,0.2857037803683953,0.2877774238586426,466424000
2013-01-09,0.29008152197015447,0.2914639694538017,0.27948285863962163,0.2813260853290558,695020000
2013-01-10,0.28386071250111844,0.28524316071175565,0.2801742022504765,0.28178706765174866,506368000
2013-01-11,0.2829389498821681,0.28316933948506157,0.27856121782833293,0.2813260853290558,513172000
2013-01-14,0.2831693872882826,0.2831693872882826,0.2778700409951216,0.2810957431793213,305684000
2013-01-15,0.2797132942926212,0.2797132942926212,0.2744139480216204,0.27602678537368774,375888000
2013-01-16,0.27556586127940536,0.2808652052937509,0.27556586127940536,0.27856114506721497,337376000
2013-01-17,0.2794828841976544,0.2833997824707502,0.27879166039262,0.28224775195121765,580736000
2013-01-18,0.2822478225038254,0.2822478225038254,0.27694847529599953,0.28040456771850586,397088000
2013-01-22,0.28017424800501256,0.2827087276495515,0.2776397958270642,0.279022216796875,308224000
2013-01-23,0.2799437376901644,0.2801741273526241,0.276487645554061,0.2794829308986664,421808000
2013-01-24,0.278561368755185,0.28201746187027127,0.27717892052251586,0.2808654308319092,396980000
2013-01-25,0.28132614906330206,0.28616468888566365,0.2799437287330401,0.28593429923057556,393920000
2013-01-28,0.2873166623918851,0.29238561832731497,0.28662543863100165,0.2905423641204834,422492000
2013-01-29,0.2893903841650976,0.2900815805800031,0.28316939669833047,0.2843214273452759,388872000
2013-01-30,0.2845518178510369,0.28846871619104175,0.28293898058945544,0.28386059403419495,287592000
2013-01-31,0.2838606612713817,0.2870863640251814,0.2806349859841632,0.2824782133102417,470544000
2013-02-01,0.2847822452856745,0.2859343034444042,0.2824781839013716,0.2850126624107361,288816000
2013-02-04,0.28339986888231256,0.2891600232363062,0.27994377626991634,0.2801741659641266,511744000
2013-02-05,0.2815565455848108,0.2882383394918911,0.2806349320987329,0.286625474691391,367296000
2013-02-06,0.2797133047574941,0.28662548863916676,0.2781004673450859,0.2843214273452759,530688000
2013-02-07,0.28339983570719934,0.28570389717908073,0.28040455030043776,0.2831694185733795,440000000
2013-02-08,0.2850126624107361,0.287316723795039,0.2831694078099781,0.2850126624107361,307232000
2013-02-11,0.28731676501544245,0.2912336919039688,0.28455189645092793,0.28823840618133545,408308000
2013-02-12,0.2857039383095886,0.2896208378823557,0.28524313144218955,0.2863951623439789,277804000
2013-02-13,0.2866254998864325,0.2919248465636448,0.2840910488436462,0.2850126624107361,856396000
2013-02-14,0.28109571601273287,0.2935376618637736,0.27763962452076163,0.29330724477767944,882096000
2013-02-15,0.29261602098597045,0.2946896923610974,0.2868558684993517,0.29330724477767944,733860000
2013-02-19,0.2935377614462081,0.29376815114388816,0.2875471898411988,0.2893904447555542,433552000
2013-02-20,0.2903119327802677,0.2949200543376416,0.28432136376905315,0.2852430045604706,713012000
2013-02-21,0.2847822561103806,0.28800795865096207,0.2824781946384992,0.2831694185733795,580408000
2013-02-22,0.28501277410943554,0.2886992847557234,0.28339993600165553,0.2884688675403595,370148000
2013-02-25,0.28915997369487223,0.2914640350417176,0.28293901355170525,0.2833998203277588,644444000
2013-02-26,0.2839793640335874,0.28838392658442924,0.28305206879887923,0.28676119446754456,487504000
2013-02-27,0.28676115176507055,0.2941794019977271,0.28606568735137405,0.2920930087566376,476980000
2013-02-28,0.2911657759843154,0.2978885349691391,0.2900066777017539,0.2934839725494385,591392000
2013-03-01,0.29139761193797675,0.29557037175302453,0.2888476120096764,0.2946431040763855,389396000
2013-03-04,0.29255667734233953,0.29626580290056953,0.2902384807772165,0.2934839725494385,353680000
2013-03-05,0.2951066244228985,0.2971929897105071,0.2937156958077758,0.29672935605049133,366168000
2013-03-06,0.2985840389265611,0.30136586964533896,0.2951067436193172,0.2964976727962494,342928000
2013-03-07,0.2981203125459962,0.301133973070551,0.29417938461469134,0.29580211639404297,314824000
2013-03-08,0.2964976433026418,0.2985840092254157,0.2951067142640699,0.29719308018684387,246464000
2013-03-11,0.29417946871011885,0.29557037021785315,0.29186124426038984,0.2944112718105316,299748000
2013-03-12,0.2939476419101819,0.2962658387558625,0.2911658112223824,0.29533857107162476,310856000
2013-03-13,0.29533857107162476,0.30043859860510486,0.292556712748739,0.29533857107162476,485840000
2013-03-14,0.2971931357625441,0.2981204311733593,0.29371584015093716,0.29557040333747864,383304000
2013-03-15,0.2955703975757812,0.2955703975757812,0.291861271275002,0.2930203974246979,355776000
2013-03-18,0.2911657973642262,0.2937157971920548,0.28884760062888115,0.2909339666366577,298312000
2013-03-19,0.29116582153517845,0.2925567231107994,0.2869930615381412,0.2890794277191162,355480000
2013-03-20,0.2918612385329054,0.2934839983793792,0.2893112386678907,0.2925567030906677,340588000
2013-03-21,0.29093395737924116,0.2913975911845405,0.28745666238686984,0.2879202961921692,339032000
2013-03-22,0.28884753686030684,0.29047026868978254,0.2876884387485272,0.28931117057800293,232476000
2013-03-25,0.29093395800782945,0.29116578872852206,0.28560210014765663,0.2876884937286377,362076000
2013-03-26,0.28838381719582457,0.2900065763322544,0.28722471931841653,0.28977474570274353,232540000
2013-03-27,0.28861580584020813,0.29487493227801914,0.28792034120598725,0.29325219988822937,254944000
2013-03-28,0.29255660048388493,0.2976566536953711,0.2904702351774229,0.2974248230457306,349276000
2013-04-01,0.2967294496743033,0.2967294496743033,0.28560210014765663,0.2876884937286377,442828000
2013-04-02,0.28792025731578824,0.2886157217473743,0.28282023087595726,0.2846747934818268,371524000
2013-04-03,0.2842112117040312,0.28583397171058406,0.2791111838358184,0.28119757771492004,353156000
2013-04-04,0.2802702307213998,0.28490662386324594,0.2793429631470637,0.2839793562889099,294676000
2013-04-05,0.2798065540273551,0.28884753584861755,0.2791110896357074,0.28884753584861755,551352000
2013-04-08,0.28907948576827264,0.28907948576827264,0.28282035833338437,0.28815221786499023,326660000
2013-04-09,0.2883838568290279,0.2948748113615932,0.2862974914169891,0.29278844594955444,380584000
2013-04-10,0.293020261783166,0.29788845670993597,0.2923247974693201,0.2974248230457306,384688000
2013-04-11,0.2932522070966885,0.2978886012586774,0.28513851731320794,0.296034038066864,969220000
2013-04-12,0.2974248137802534,0.3066975973157948,0.2948747872539496,0.30345213413238525,770548000
2013-04-15,0.30252493798792424,0.3034522332253334,0.29533854498219314,0.29719308018684387,430420000
2013-04-16,0.2999749490793077,0.3025249488951823,0.2983521892641055,0.3004385828971863,468844000
2013-04-17,0.2981204050792792,0.3009022357980571,0.29464310977203534,0.2964976727962494,532948000
2013-04-18,0.2971930297869095,0.2990475923121352,0.29070207476615906,0.29070207476615906,402548000
2013-04-19,0.2904702446005836,0.29232480695264473,0.28676111989646136,0.2913975119590759,303028000
2013-04-22,0.29116585864118033,0.29441132369964984,0.28884766141796187,0.29186129570007324,245568000
2013-04-23,0.2944112878623898,0.30252497715601423,0.29394765400120015,0.2995113432407379,376948000
2013-04-24,0.3004385800808735,0.31226139431891636,0.300206749356565,0.30971136689186096,556556000
2013-04-25,0.31133410524146393,0.31295683729456636,0.30855224728176533,0.3122613728046417,353224000
2013-04-26,0.31179773399747746,0.31226136777159347,0.3092477067872161,0.3108704388141632,324332000
2013-04-29,0.3113339940970083,0.31573855490232366,0.3099430656137125,0.31457945704460144,269712000
2013-04-30,0.3152749954316879,0.31921592354774475,0.3131886022160724,0.31921592354774475,276712000
2013-05-01,0.3192158551541861,0.3213022479227817,0.31527492788249223,0.31643402576446533,341316000
2013-05-02,0.3162022670062979,0.3210704902711534,0.3143477044465872,0.3201432228088379,323480000
2013-05-03,0.32222971088488195,0.323852443378218,0.3203751476203163,0.32153424620628357,293864000
2013-05-06,0.3215341548919433,0.3233887176298209,0.318752324602668,0.32060688734054565,217116000
2013-05-07,0.3206067836665832,0.3213022479227817,0.3134203657443206,0.31643402576446533,448068000
2013-05-08,0.3168977955223418,0.32408421653172786,0.31573869714244635,0.32222965359687805,334032000
2013-05-09,0.3164341632045341,0.32385238734418004,0.31597052937738473,0.32246148586273193,566800000
2013-05-10,0.3291841705358761,0.3384569831441948,0.3291841705358761,0.33706605434417725,861136000
2013-05-13,0.33474786640032245,0.33613879523482554,0.32872054496424874,0.33011147379875183,289812000
2013-05-14,0.3340523880979635,0.3377615130790797,0.33080692446579585,0.33497968316078186,454140000
2013-05-15,0.333356970580959,0.3419343198514153,0.333356970580959,0.3407752215862274,313172000
2013-05-16,0.3403115534781586,0.34378884792294934,0.33799332954655176,0.339152455329895,308368000
2013-05-17,0.3407751738621297,0.3470342980905643,0.3382251469818036,0.3447161018848419,312116000
2013-05-20,0.34332531921651294,0.34541171327061804,0.34216622062037355,0.3440207839012146,236380000
2013-05-21,0.3460012244492714,0.34903019403457813,0.34204027704177536,0.34763219952583313,357784000
2013-05-22,0.34903017803505415,0.34903017803505415,0.33411833913535605,0.3355163335800171,480404000
2013-05-23,0.33155529353424174,0.3420401942613559,0.3306233159376093,0.34087520837783813,393884000
2013-05-24,0.33901120603892215,0.3418071664445202,0.3350502320409178,0.33877819776535034,283304000
2013-05-28,0.34134128164862615,0.34227325947589715,0.33528334244498065,0.3385452926158905,279300000
2013-05-29,0.3364482820034027,0.33854524571196826,0.3350502876807207,0.3364482820034027,335052000
2013-05-30,0.33598225655688185,0.34437016602839143,0.335050251184795,0.34087520837783813,284504000
2013-05-31,0.3390112487698471,0.3439041731525127,0.3371472656726837,0.3371472656726837,577508000
2013-06-03,0.33761334387435876,0.34017632478334947,0.32969142055822803,0.3366813659667969,444468000
2013-06-04,0.3387782404669056,0.3448361785888226,0.3350502742725788,0.3371472656726837,363676000
2013-06-05,0.3366813107546836,0.339244263467914,0.3289923692886152,0.3299243748188019,464520000
2013-06-06,0.3299242732295018,0.3345842161191821,0.3296912649748376,0.33202123641967773,341044000
2013-06-07,0.3343513656469648,0.33877833014654296,0.332953398785622,0.3366813659667969,274584000
2013-06-10,0.3357492848420617,0.33854524571196826,0.33388530167030483,0.3364482820034027,224148000
2013-06-11,0.33202138474809556,0.3366813574950393,0.33015742897987366,0.33015742897987366,296336000
2013-06-12,0.33178836881226753,0.33458432994214965,0.3254974215507077,0.32736140489578247,312588000
2013-06-13,0.32619648818206404,0.3364483848735474,0.32596350757402076,0.33481740951538086,236256000
2013-06-14,0.3359823338279551,0.33644832273344205,0.3320213586926643,0.3343513309955597,236012000
2013-06-17,0.33691422791096526,0.3406421937793298,0.33505024497678293,0.33761322498321533,255336000
2013-06-18,0.3392442724733467,0.3429722391421362,0.33272034469069506,0.3355163335800171,486772000
2013-06-19,0.3385452296356793,0.36067999055793803,0.3373802436805844,0.34576815366744995,1159588000
2013-06-20,0.3429722092168229,0.34343819806589776,0.33411830998257097,0.3364482820034027,628696000
2013-06-21,0.33831229491854686,0.3394772810313847,0.3303903726859733,0.3359823226928711,714228000
2013-06-24,0.3310892984016122,0.33528325305712936,0.32409938323423493,0.3289923071861267,580772000
2013-06-25,0.3324873281433237,0.33318629751453416,0.3278273564240276,0.3313223421573639,457360000
2013-06-26,0.335050338089394,0.33551635478403896,0.32806042097525856,0.32945841550827026,579752000
2013-06-27,0.3303904644051916,0.3308564534245973,0.3229345567682974,0.3264295160770416,808036000
2013-06-28,0.32642944288157205,0.3303903903215564,0.3222354870963987,0.32712844014167786,431536000
2013-07-01,0.329458323426611,0.3301573204977513,0.32642935463530565,0.3285263180732727,199524000
2013-07-02,0.32666232116216765,0.33318624725452195,0.3252643548551684,0.3282933235168457,256392000
2013-07-03,0.32549742442643526,0.3331863384331367,0.32549742442643526,0.3292253911495209,140388000
2013-07-05,0.3301573267877979,0.3324872985523529,0.3280603355344258,0.3317883014678955,184684000
2013-07-08,0.3327203820489103,0.33435135723383597,0.32829344543618877,0.33015742897987366,262084000
2013-07-09,0.3308562960968009,0.3338852649458132,0.32992431850116066,0.3317883014678955,157364000
2013-07-10,0.3317883515364558,0.3371472929587147,0.3308563460247168,0.3362152874469757,208468000
2013-07-11,0.33807922003703206,0.34134119717615435,0.3373802229518305,0.34087520837783813,239832000
2013-07-12,0.3401764036246368,0.34437036073160887,0.3390114170824485,0.34110838174819946,216360000
2013-07-15,0.34180733324702267,0.34180733324702267,0.33505039554602434,0.3404093384742737,201332000
2013-07-16,0.3418072464402951,0.3441372186195035,0.34017627146994106,0.3422732353210449,162560000
2013-07-17,0.3422733222461169,0.3434383086315856,0.33947736047608523,0.3404093384742737,166100000
2013-07-18,0.33994331924870974,0.3411083055305923,0.33458437679695724,0.3390113413333893,344488000
2013-07-19,0.33691423379482555,0.3385452084749231,0.32829334382106307,0.3317883014678955,480532000
2013-07-22,0.3343513878041938,0.33738035786769316,0.3301574591667729,0.33155542612075806,292384000
2013-07-23,0.335749291738315,0.335749291738315,0.32945837270794615,0.3310893476009369,246792000
2013-07-24,0.3341183168453243,0.3350502945626167,0.33062335874229065,0.3310893476009369,284252000
2013-07-25,0.33085641511821345,0.3366813744005106,0.3285264425154803,0.33225440979003906,243320000
2013-07-26,0.3282934594705532,0.33295340464124407,0.3282934594705532,0.33085641264915466,227360000
2013-07-29,0.33015742897987366,0.33435135723383597,0.32922542332029975,0.33015742897987366,179540000
2013-07-30,0.3313223624268284,0.34017626201687357,0.3310893541051988,0.3357492983341217,266076000
2013-07-31,0.33411830998257097,0.33971023172238407,0.33388530167030483,0.3364482820034027,270160000
2013-08-01,0.3376134221216344,0.3418073792286065,0.3336524734332881,0.34110838174819946,277648000
2013-08-02,0.34040926857955445,0.3446032242612088,0.3380792962870199,0.3439042270183563,209628000
2013-08-05,0.3429722677475012,0.3467002347272192,0.3411082842576422,0.3455352485179901,185188000
2013-08-06,0.345768281402523,0.34646727878889755,0.33971034108789916,0.3404093384742737,206608000
2013-08-07,0.3385451925275123,0.3436711523884347,0.33831221202730416,0.34017619490623474,244380000
2013-08-08,0.3420402112536833,0.34413717483800926,0.3380792368325809,0.34250620007514954,345696000
2013-08-09,0.328992307384554,0.3427391572206262,0.32875932687743986,0.33761322498321533,906224000
2013-08-12,0.3238665154488359,0.3397103355898804,0.30545971419105405,0.33481740951538086,257568000
2013-08-13,0.3352833254700764,0.33738028936300063,0.33318633380169227,0.3359823226928711,197468000
2013-08-14,0.3352833303233986,0.3522921333721309,0.3350503219872742,0.35019516944885254,828508000
2013-08-15,0.34646714719704463,0.3553210459188966,0.3450691529552685,0.35252508521080017,723616000
2013-08-16,0.35182609097184314,0.3588160066870691,0.3511270938452294,0.35392308235168457,660456000
2013-08-19,0.3518260512511842,0.35299103707219665,0.3480980855137633,0.348331093788147,393432000
2013-08-20,0.3482139934036686,0.3524290937762868,0.34774565512126576,0.35008737444877625,234192000
2013-08-21,0.3479799399497019,0.3524292250789155,0.34704326303592364,0.3484483063220978,261540000
2013-08-22,0.3482141450478276,0.3536001074297397,0.3482141450478276,0.3503217101097107,129016000
2013-08-23,0.35079004859607077,0.3536001074297397,0.34961918842241635,0.3503217101097107,245120000
2013-08-26,0.35055581243278566,0.351960855595099,0.3496191356015797,0.35102415084838867,300152000
2013-08-27,0.34774579246299214,0.35008751271536187,0.3454040722106224,0.34657493233680725,277464000
2013-08-28,0.34727745399561966,0.3498533295239219,0.3451698890191825,0.34657493233680725,318824000
2013-08-29,0.34540409349724915,0.34915085729814993,0.3444673885892694,0.3458724319934845,276216000
2013-08-30,0.34610664005203734,0.34704331711176745,0.34376491948720106,0.34540411829948425,378120000
2013-09-03,0.3463407371763739,0.3505558390680736,0.343530678553743,0.3456382155418396,284680000
2013-09-04,0.3456382247418324,0.35102418686261416,0.34516988627817907,0.3489166498184204,222080000
2013-09-05,0.34751155730423494,0.3512583203139338,0.34727740206331825,0.3498532772064209,174904000
2013-09-06,0.3500875048789631,0.3519608866220264,0.34587240293594745,0.3484483063220978,226756000
2013-09-09,0.35125828437584605,0.3543025255203247,0.3503216076770066,0.3543025255203247,246408000
2013-09-10,0.35687848573279274,0.36203026423626883,0.35523925937284156,0.3617960810661316,292132000
2013-09-11,0.3613277544137313,0.36882128111621104,0.35875185112031566,0.3678845763206482,396164000
2013-09-12,0.36601116339791123,0.37233382950278787,0.36601116339791123,0.3676503896713257,303808000
2013-09-13,0.3688211877867535,0.3716312456313511,0.36624528514516486,0.36999204754829407,159696000
2013-09-16,0.37303623011081355,0.37561210443363824,0.3688211300460617,0.3702261447906494,231412000
2013-09-17,0.3716314102711291,0.37444146936063627,0.3699922114618759,0.3713972270488739,168608000
2013-09-18,0.371631330262124,0.37561224877482785,0.36975794863393846,0.37467557191848755,268168000
2013-09-19,0.3763147515287086,0.3770172730935335,0.37139712849043777,0.37303635478019714,227572000
2013-09-20,0.3739730520095403,0.376314772076485,0.36905542870275426,0.3697579503059387,356036000
2013-09-23,0.3695238462184877,0.3725680885401453,0.3641378833287107,0.36624544858932495,271244000
2013-09-24,0.36647952971346015,0.3690554048714623,0.36437196504000013,0.3676503896713257,229732000
2013-09-25,0.36694775436344773,0.3709286714030463,0.36530852859817653,0.36811861395835876,233156000
2013-09-26,0.36905548615478284,0.3697580078673311,0.36484038379500305,0.3669479489326477,148816000
2013-09-27,0.3641376583622618,0.36718189880316915,0.36273264363872343,0.36484017968177795,151920000
2013-09-30,0.3610935882998841,0.36694788841307185,0.35898602350983355,0.36437198519706726,226640000
2013-10-01,0.3648402305582594,0.36647945650421626,0.36203017280382993,0.3641377091407776,226976000
2013-10-02,0.3603911797403956,0.36530877662858147,0.3603911797403956,0.3639037609100342,162036000
2013-10-03,0.36413772194154,0.3674161460332044,0.3585176062351136,0.3601568043231964,436768000
2013-10-04,0.35968855352935547,0.36811875705595815,0.3587518487400076,0.3650745153427124,246228000
2013-10-07,0.36366947211644346,0.367650418619037,0.36179609045325334,0.3650745153427124,169952000
2013-10-08,0.3641377446532944,0.3692895502735921,0.35922015008232905,0.3620302081108093,290712000
2013-10-09,0.36437195029554553,0.3646061334438437,0.35453673263056157,0.35641008615493774,275860000
2013-10-10,0.3589860371327998,0.3613277572669396,0.3564101338190437,0.3603910803794861,223484000
2013-10-11,0.3547708407182985,0.35922012453618773,0.3535999809634064,0.3573467433452606,213704000
2013-10-14,0.35641016049560104,0.36273282766342163,0.35641016049560104,0.36273282766342163,166628000
2013-10-15,0.36273280559245197,0.3648403425764842,0.3606252406929134,0.3608594238758087,208820000
2013-10-16,0.3629669224681507,0.36671368550513517,0.3624985840674035,0.36530864238739014,210072000
2013-10-17,0.3624985040228339,0.3669477876362289,0.3624985040228339,0.3660110831260681,213324000
2013-10-18,0.36530852339585657,0.3713970043688864,0.3639035086512688,0.3702261447906494,255068000
2013-10-21,0.3746755908593329,0.3749097461275026,0.36999215050986106,0.371163010597229,195008000
2013-10-22,0.3711629285135581,0.37139708372994373,0.3660111229360694,0.3692895472049713,179452000
2013-10-23,0.3685870694989976,0.3685870694989976,0.36179606493829397,0.362966924905777,252216000
2013-10-24,0.36390366058069573,0.36624538071483553,0.359688558756143,0.3603910803794861,236436000
2013-10-25,0.3622644207305939,0.36249857596798396,0.35570759952012393,0.35687845945358276,330492000
2013-10-28,0.3564101143615872,0.3580493406983997,0.35125833593083133,0.35617595911026,394024000
2013-10-29,0.35570762575692794,0.3573468242015761,0.3524292009521267,0.35664430260658264,387952000
2013-10-30,0.3578151292137221,0.35945432750530243,0.35336584480457306,0.35641008615493774,204032000
2013-10-31,0.3568784456999504,0.35945432070498723,0.35500506429551343,0.355707585811615,293368000
2013-11-01,0.3575808985469399,0.3589859414190099,0.3547708407182985,0.3573467433452606,206136000
2013-11-04,0.35851769119763055,0.35851769119763055,0.346340724422144,0.3470432460308075,410264000
2013-11-05,0.34493573374324993,0.3482141309303646,0.34118897017325545,0.34657493233680725,422368000
2013-11-06,0.34657492958464636,0.34915083300800065,0.34306234923398526,0.3489166498184204,198044000
2013-11-07,0.3477457539075019,0.348682430738395,0.3400180723483688,0.34072059392929077,553076000
2013-11-08,0.35125834177732473,0.3655428452197048,0.3498532985839577,0.36437198519706726,734532000
2013-11-11,0.36296691847509355,0.36835287981319303,0.36226442483945265,0.3674162030220032,297624000
2013-11-12,0.3690552904680897,0.3711628544882264,0.3639035138335801,0.36811861395835876,316032000
2013-11-13,0.3671819982535132,0.3781881034374237,0.3664795046592223,0.3781881034374237,332792000
2013-11-14,0.3770172918941123,0.3821690704338908,0.3767831087223249,0.3798273503780365,307980000
2013-11-15,0.3812323498660377,0.38170068824040837,0.3749096841077774,0.37865644693374634,450332000
2013-11-18,0.37046046842388486,0.3737388653205627,0.3685870868048525,0.3695237636566162,316948000
2013-11-19,0.3677580157637379,0.37105416791167195,0.36304921094286596,0.363520085811615,206716000
2013-11-20,0.36375543807784794,0.36469721569786584,0.3573985584261391,0.3581048846244812,204776000
2013-11-21,0.3585756837290347,0.3616364112314724,0.35692760832516185,0.36093008518218994,213568000
2013-11-22,0.36140107754661566,0.36140107754661566,0.35669227310692375,0.3573985993862152,158668000
2013-11-25,0.35739865000278753,0.3656390589392961,0.35739865000278753,0.36516818404197693,248208000
2013-11-26,0.3691706920251077,0.37223142120027614,0.3668162892852389,0.368228942155838,753176000
2013-11-27,0.36799340862847285,0.37081871373990316,0.36563900641340646,0.36964151263237,181272000
2013-11-29,0.3696414397721241,0.37058318924584654,0.3649326082034637,0.3672870099544525,116964000
2013-12-02,0.36587444861334567,0.3734085298977807,0.36516812235334195,0.37081870436668396,373872000
2013-12-03,0.37081874729162917,0.37576297555061,0.3682288933940505,0.37058329582214355,290560000
2013-12-04,0.3696413933008591,0.37646914629366945,0.368699615878854,0.37576282024383545,493176000
2013-12-05,0.37646926782938717,0.37646926782938717,0.3691706097360061,0.36964151263237,271812000
2013-12-06,0.37411482383315336,0.37411482383315336,0.3632845636266968,0.3642263412475586,281000000
2013-12-09,0.36422634092119943,0.36540354189620794,0.3573985584261391,0.3581048846244812,385220000
2013-12-10,0.35810493792246095,0.36799342197093216,0.35763406307571266,0.3663453459739685,524268000
2013-12-11,0.3670517310055289,0.36752260592761693,0.36210747415687,0.362813800573349,414156000
2013-12-12,0.3616365972229101,0.3635201249674775,0.35504426415027096,0.35575059056282043,258724000
2013-12-13,0.35645683120211813,0.35904665666935864,0.35316065142560266,0.35363152623176575,184588000
2013-12-16,0.35386689020697293,0.35716304110212976,0.35363143882874176,0.35410231351852417,237620000
2013-12-17,0.35386706281825303,0.3566923404017573,0.35080633374166764,0.35575059056282043,274104000
2013-12-18,0.3564569232329557,0.36140115207421053,0.3519835412527413,0.3606948256492615,426232000
2013-12-19,0.3602237798347212,0.3625781814231823,0.3578693782462601,0.3621073067188263,258544000
2013-12-20,0.3628137422361807,0.3696415257420397,0.36187196447674014,0.3694060742855072,382080000
2013-12-23,0.37152498960494995,0.3745857179137802,0.36846428936280634,0.37152498960494995,168568000
2013-12-24,0.373643973848899,0.373643973848899,0.36869971819468705,0.3724667727947235,79600000
2013-12-26,0.3738794838224076,0.37505668506089024,0.36799344956330304,0.368935227394104,168920000
2013-12-27,0.3708187788953324,0.3717605287201556,0.3686997996894403,0.37105420231819153,210976000
2013-12-30,0.37128966184749007,0.3762339187016058,0.37081878692488235,0.37599846720695496,248180000
2013-12-31,0.37670457567483767,0.37905897699238783,0.3743501743572875,0.3771754503250122,235776000
2014-01-02,0.37482123851826227,0.3762338912497051,0.3701124335023752,0.37340858578681946,260092000
2014-01-03,0.3741149072300893,0.3748212335865171,0.36775802615562136,0.368935227394104,259332000
2014-01-06,0.3727021738256014,0.37670467962323567,0.36917057087476085,0.37387940287590027,409492000
2014-01-07,0.37764636850308964,0.3814134222720354,0.3750565435952851,0.3800007700920105,333288000
2014-01-08,0.38141347860694047,0.387064060094952,0.38000082621826636,0.3851805329322815,308192000
2014-01-09,0.37929453528666557,0.3800008615466693,0.369641503288907,0.37081870436668396,292172000
2014-01-10,0.37199593175174894,0.37458575746599637,0.3670516756487564,0.3703478276729584,218492000
2014-01-13,0.3703477102411497,0.37270211181665924,0.36093010393911173,0.3616364300251007,243332000
2014-01-14,0.3635201281566518,0.3736440653141624,0.36187202382401285,0.37293773889541626,241828000
2014-01-15,0.3745857882763741,0.3783528435281862,0.3729377121287158,0.37694019079208374,175044000
2014-01-16,0.37694012187911646,0.3788236491606722,0.3752920460327627,0.37811732292175293,220652000
2014-01-17,0.3781172405741768,0.3825906204019806,0.37411476351422235,0.3764691650867462,340400000
2014-01-21,0.3769401366661462,0.3802363165548466,0.3738794362885721,0.3778819143772125,246076000
2014-01-22,0.3785882088711861,0.37905908365385765,0.37293762727907126,0.37741100788116455,337940000
2014-01-23,0.3762339187016058,0.3802363976438122,0.37317318960461476,0.37599846720695496,185028000
2014-01-24,0.3729376780285124,0.37435033063544654,0.3663453459739685,0.3663453459739685,246696000
2014-01-27,0.3663452749423029,0.3715249533856109,0.36187189459882657,0.3639908730983734,233812000
2014-01-28,0.36328460806274476,0.367757989158969,0.36187195549200263,0.36752253770828247,167996000
2014-01-29,0.3661098235312364,0.36822880203078323,0.36375542168730696,0.3639908730983734,162944000
2014-01-30,0.3661098241269114,0.37081865588911567,0.3649326232030313,0.3701123297214508,202896000
2014-01-31,0.3649326801355489,0.3717604633992544,0.36469725675405523,0.36964151263237,335348000
2014-02-03,0.372231389868324,0.37270226476332374,0.3632846545965599,0.36469730734825134,431728000
2014-02-04,0.3644617315222982,0.3675224593955921,0.3625782045182187,0.36681613326072693,280692000
2014-02-05,0.36422641214808393,0.3654036133533019,0.36069478046573933,0.363520085811615,214676000
2014-02-06,0.36399101161073516,0.3691706920251077,0.36352013667610034,0.368228942155838,168380000
2014-02-07,0.3691705837947386,0.37411483932562517,0.36587443215193843,0.3736439645290375,157248000
2014-02-10,0.37317316949664914,0.3797655022580193,0.3729377180146854,0.3748212456703186,324372000
2014-02-11,0.3769401585250985,0.3835324906181042,0.3750566591271164,0.38259074091911316,235384000
2014-02-12,0.38376783077764004,0.3990714694481256,0.38376783077764004,0.39624616503715515,744528000
2014-02-13,0.40613489886024967,0.41107915624603353,0.39907169006152804,0.40872472524642944,902836000
2014-02-14,0.4049576534927251,0.42261567357524016,0.40472220199828074,0.4216739237308502,817536000
2014-02-18,0.4219092690450764,0.4233218934561518,0.4179067630469793,0.4214383661746979,428988000
2014-02-19,0.42143830546897626,0.43085594051969067,0.4195547784588334,0.4270888864994049,450340000
2014-02-20,0.42803067953216833,0.4430988690801307,0.4273243813898316,0.442157119512558,398088000
2014-02-21,0.4414508063414994,0.4471013881138787,0.43603567600131005,0.4388609528541565,451052000
2014-02-24,0.43791916112633283,0.44851396935518956,0.4339166836309904,0.4452178180217743,403112000
2014-02-25,0.4446265331432494,0.4465185647829618,0.43847743736253697,0.4432075023651123,242184000
2014-02-26,0.44226160310303014,0.4488837012794941,0.4410790865784265,0.442498117685318,360884000
2014-02-27,0.4424981114680058,0.4469916629209959,0.4363490143490975,0.4375315308570862,388848000
2014-02-28,0.4351664267810574,0.43942349115334733,0.42830781523864225,0.43469342589378357,321692000
2014-03-03,0.4249968441251874,0.43256494402885437,0.42121278007664537,0.43256494402885437,375948000
2014-03-04,0.4346934754964938,0.4398965422370513,0.43398395998791406,0.4370585083961487,260344000
2014-03-05,0.43658547426271677,0.4410790536366606,0.43469347051938856,0.44084253907203674,241472000
2014-03-06,0.44155200924278587,0.44391704187256775,0.43398391046616647,0.43469342589378357,290144000
2014-03-07,0.4365854960279717,0.43729501156379935,0.4309094281281845,0.43422046303749084,268452000
2014-03-10,0.4328015694519375,0.43469360196078877,0.4259429551315296,0.42783498764038086,300888000
2014-03-11,0.42996331576298474,0.4358759253015084,0.42854431315620495,0.4320918619632721,297220000
2014-03-12,0.429963444065243,0.4358760553681059,0.4283079264332831,0.433274507522583,239428000
2014-03-13,0.434220472613582,0.43587601829816286,0.4174287267334839,0.41955727338790894,385172000
2014-03-14,0.41530023424760937,0.42523336800927825,0.41530023424760937,0.42144930362701416,460048000
2014-03-17,0.42263182022229423,0.4257063690087064,0.420976302627586,0.42144930362701416,299656000
2014-03-18,0.4231047147396934,0.43422036155849997,0.42121268315080046,0.43138232827186584,293904000
2014-03-19,0.4346935312271493,0.4472282128410346,0.4335109864322956,0.4389505684375763,366168000
2014-03-20,0.43658547263589437,0.44297108392278783,0.4346934688996162,0.43918702006340027,191800000
2014-03-21,0.4429711257582248,0.4465186753889103,0.43611251288951514,0.4384775459766388,566116000
2014-03-24,0.43871403746969795,0.44226158691364764,0.4299633929532219,0.4363490045070648,306096000
2014-03-25,0.4410790704323311,0.4415520713861743,0.43303794144332836,0.4363490045070648,304424000
2014-03-26,0.44036951105440275,0.4486471255993628,0.4226317374075029,0.4264158010482788,557756000
2014-03-27,0.42546986593370345,0.4290174155805333,0.41600970534873877,0.4207397997379303,540728000
2014-03-28,0.42003023955350494,0.4259428216701761,0.41884772313017066,0.4233412742614746,398820000
2014-03-31,0.4240508460900778,0.4278349104248333,0.42121281193572074,0.42357784509658813,273404000
2014-04-01,0.43705855914953406,0.44628217725191355,0.43185546361135146,0.44107910990715027,656272000
2014-04-02,0.4410789486699012,0.4420249503164384,0.436348884050397,0.4382409155368805,239948000
2014-04-03,0.43918698716336957,0.45361369782896965,0.4389504726173446,0.44297105073928833,599548000
2014-04-04,0.4453361048919896,0.44793765225001037,0.4273618443300999,0.42925387620925903,368032000
2014-04-07,0.4294903972938553,0.43895052926100614,0.4271253643020676,0.43067291378974915,428576000
2014-04-08,0.4306730102566326,0.4472282731007938,0.42996349456148775,0.44604575634002686,470692000
2014-04-09,0.4481741921408538,0.4519582563511147,0.4420250948475345,0.4455726444721222,421968000
2014-04-10,0.4436805555256373,0.44982962344702243,0.4332743950385493,0.43469342589378357,372748000
2014-04-11,0.4313824661183361,0.43800456469882015,0.4228683353443681,0.42854443192481995,353112000
2014-04-14,0.4313824752888773,0.434930025154543,0.4285444410350288,0.433274507522583,290184000
2014-04-15,0.43374745697080164,0.43871403746969795,0.42949039199937866,0.4363490045070648,304636000
2014-04-16,0.43847747637783563,0.43895047728149805,0.43185537914632016,0.43729496002197266,235136000
2014-04-17,0.43563953323092874,0.44297114743718796,0.4346935312271493,0.4389505684375763,153532000
2014-04-21,0.4391870545003771,0.44368063420992165,0.4363490204800119,0.442498117685318,117004000
2014-04-22,0.44320759979497504,0.4491202105413685,0.44084256677378464,0.44628214836120605,255120000
2014-04-23,0.44699172574656226,0.45266782269874517,0.4462822101033617,0.4514853060245514,261580000
2014-04-24,0.45455975666663356,0.46023582419730913,0.45455975666663356,0.45550575852394104,391492000
2014-04-25,0.45455972781965615,0.45881679229421135,0.4420250207486019,0.44297105073928833,313600000
2014-04-28,0.4465186918467107,0.4488837250210049,0.43563952796758987,0.44107910990715027,226788000
2014-04-29,0.442734461537789,0.4436804913689525,0.437058395324443,0.44202494621276855,171300000
2014-04-30,0.441315666952095,0.4417886679937679,0.43587608448930126,0.4368220865726471,305740000
2014-05-01,0.4434440848568574,0.4443900867249964,0.4356394707677553,0.43918702006340027,198104000
2014-05-02,0.4413155632304658,0.4413155632304658,0.4332744346382303,0.4358759820461273,156376000
2014-05-05,0.4354029627111182,0.44391709242527627,0.43492996176997967,0.4406060576438904,239260000
2014-05-06,0.4448630323302007,0.44864706728572645,0.43043632329246834,0.4316188395023346,416188000
2014-05-07,0.4316188610943455,0.43563941077033924,0.42736179688718257,0.4320918619632721,293900000
2014-05-08,0.4304364318091539,0.44439011532605377,0.42830788517872376,0.4375315308570862,432728000
2014-05-09,0.4242872746733629,0.42830782459312056,0.41884769386737863,0.4268887937068939,539532000
2014-05-12,0.4278347954005621,0.440369473421869,0.42759828087069507,0.43942347168922424,299856000
2014-05-13,0.433511038950043,0.4406061676116074,0.43090951902777835,0.4323285222053528,221104000
2014-05-14,0.43256486905759584,0.4342203862193707,0.42783480391343204,0.4280712902545929,214320000
2014-05-15,0.42712535801306295,0.4294903909700279,0.42144926200029714,0.42570632696151733,325896000
2014-05-16,0.4223952789585751,0.4278348602290544,0.4223952789585751,0.4247603118419647,283960000
2014-05-19,0.42925392821422376,0.4408425790637625,0.42736189610584113,0.4384775459766388,360076000
2014-05-20,0.4385961290260288,0.4397840914344013,0.4312307790880743,0.43336910009384155,256200000
2014-05-21,0.4350322418009114,0.4388337328370065,0.4307555714661189,0.43336910009384155,216712000
2014-05-22,0.4324188174021333,0.4376458472518599,0.4324188174021333,0.43526992201805115,130364000
2014-05-23,0.4376459776835426,0.4414474705199011,0.4350324478181372,0.43930912017822266,182656000
2014-05-27,0.4419226329581361,0.4471496641635895,0.4404970661187987,0.4471496641635895,209680000
2014-05-28,0.4488127480714614,0.4538021743971421,0.4445360767042602,0.45095106959342957,224676000
2014-05-29,0.45071349669726685,0.45451498891229136,0.4492879583590827,0.45023831725120544,171884000
2014-05-30,0.45023833460365215,0.45261426024879536,0.447862408958509,0.45142629742622375,239128000
2014-06-02,0.45285192805600777,0.4557030335679177,0.44619932964603687,0.4500008225440979,181500000
2014-06-03,0.4509511956274085,0.45142637517362183,0.4421602465677336,0.44810009002685547,243212000
2014-06-04,0.44691208603175764,0.4519015132945321,0.4466744821187955,0.4485752284526825,161236000
2014-06-05,0.4492879980880906,0.4519014994341646,0.44667446841874736,0.4504759609699249,188696000
2014-06-06,0.45261419936658304,0.4561780873549108,0.4509510573033496,0.4521390199661255,161052000
2014-06-09,0.4516639483758029,0.4568909796750328,0.44857523905067187,0.45261430740356445,247456000
2014-06-10,0.4509511990948214,0.4571286182129124,0.4490504525720801,0.4549902677536011,217608000
2014-06-11,0.4533270057269911,0.4621179525380637,0.4533270057269911,0.4609299898147583,266228000
2014-06-12,0.4609300726141495,0.46591949995435117,0.4568909759707336,0.4637811779975891,337148000
2014-06-13,0.46853283789745975,0.4687704417168191,0.4597418931067893,0.4642561674118042,227852000
2014-06-16,0.46211811611594483,0.4659195811821834,0.4587918023193011,0.46283087134361267,198620000
2014-06-17,0.46330599319198823,0.46782024097056407,0.46093006734573355,0.46591949462890625,157608000
2014-06-18,0.46473157272164056,0.4675827066473952,0.4604549001562814,0.4654443562030792,215536000
2014-06-19,0.45689100573559266,0.45926693176378747,0.4514263702060903,0.45475268363952637,474592000
2014-06-20,0.45594065758068636,0.4576038001756271,0.44619934930231897,0.4497632384300232,353148000
2014-06-23,0.4438233363487939,0.44477369526752786,0.43859627732595463,0.44453611969947815,414200000
2014-06-24,0.44382339046992075,0.4473872793346654,0.4357452253825369,0.43764597177505493,275780000
2014-06-25,0.4388339931713026,0.44239788251066514,0.43479492425134675,0.4421602785587311,215420000
2014-06-26,0.4421601618794962,0.44239776576873024,0.43479480951571453,0.43622034788131714,256908000
2014-06-27,0.43574512896187145,0.4393090170380073,0.433131599710066,0.43669551610946655,302820000
2014-06-30,0.43503243537616904,0.44168503348789584,0.43503243537616904,0.4404970705509186,180512000
2014-07-01,0.44002191015066877,0.4481000754669064,0.43859634323507635,0.44548654556274414,321180000
2014-07-02,0.4438234269618988,0.44572417351069965,0.4412098969168884,0.4438234269618988,179284000
2014-07-03,0.4397841058583679,0.44905022994153676,0.4397841058583679,0.44786226749420166,136892000
2014-07-07,0.44857526773499,0.4488128716687595,0.44358581171201245,0.4442985951900482,127496000
2014-07-08,0.4431105804321952,0.4450113267106106,0.436457982619376,0.4407346546649933,221940000
2014-07-09,0.44453613899735767,0.4559405881335843,0.4412098259908543,0.4540398418903351,387668000
2014-07-10,0.4454864931988624,0.4535646575655672,0.44192260465206373,0.45166391134262085,266308000
2014-07-11,0.4521391278896837,0.4540398742684775,0.45047598542946565,0.45261430740356445,191188000
2014-07-14,0.45451501254262683,0.459504467793841,0.45285187023331147,0.45831650495529175,272636000
2014-07-15,0.45902939357089423,0.46140531979275323,0.45594068381782266,0.46021735668182373,395440000
2014-07-16,0.4621180233784832,0.46568191209472615,0.4571285678464352,0.45974206924438477,319728000
2014-07-17,0.4545149323882806,0.46330587850186405,0.4545149323882806,0.4585539996623993,324832000
2014-07-18,0.4490504102361128,0.452614299009026,0.43740835658396765,0.43812114000320435,567816000
2014-07-21,0.436457982619376,0.44382336382700965,0.436457982619376,0.4407346546649933,243364000
2014-07-22,0.4440608930202464,0.44643681853924355,0.43788350366481377,0.4388338625431061,298816000
2014-07-23,0.439071485071521,0.43930906063955066,0.4290925748093194,0.42956775426864624,297352000
2014-07-24,0.4319436487602929,0.4331316114846326,0.427191797862934,0.43028050661087036,254576000
2014-07-25,0.4288549660901422,0.4298053533213643,0.4219647931993008,0.42267757654190063,266132000
2014-07-28,0.4245783768253377,0.4245783768253377,0.41388670957945756,0.4210144877433777,330352000
2014-07-29,0.42125208901266753,0.42814229152148936,0.4210144850793979,0.4224400520324707,217972000
2014-07-30,0.4250535069201398,0.4307557170785971,0.4238655441101889,0.42956775426864624,246184000
2014-07-31,0.42434083400918404,0.42766711941344426,0.4150747046859879,0.4157874882221222,401880000
2014-08-01,0.4157874293909045,0.42267763150091753,0.41436186252034435,0.4203017055988312,219884000
2014-08-04,0.41982654871597,0.4233904380016643,0.4172130469004255,0.41935136914253235,241724000
2014-08-05,0.4181632674761351,0.42576625142475477,0.414599379371444,0.4195888340473175,298136000
2014-08-06,0.41673780092947144,0.42434078670294356,0.41364911982267905,0.41911375522613525,223456000
2014-08-07,0.42267768408037554,0.4264791490026386,0.4119859878677107,0.414837121963501,407696000
2014-08-08,0.4328940717294533,0.453802223071367,0.4328940717294533,0.45142629742622375,894348000
2014-08-11,0.4519016219146151,0.4538023687053698,0.44786255268630937,0.44905051589012146,344624000
2014-08-12,0.4488129402433252,0.45142644229774564,0.4440610591047999,0.44905051589012146,296152000
2014-08-13,0.4497631651196745,0.4554654037885135,0.44691205994688926,0.45166391134262085,256596000
2014-08-14,0.45332700340962906,0.45332700340962906,0.4447736605162475,0.4466744065284729,255992000
2014-08-15,0.44809999205740075,0.45499016477925736,0.4438233204299565,0.45237666368484497,369796000
2014-08-18,0.4542773285331652,0.45902920737263003,0.44976308187207903,0.4585539996623993,284076000
2014-08-19,0.45867346936046366,0.4646395596293656,0.4570029413263212,0.4622531235218048,248260000
2014-08-20,0.4605825468844695,0.462730356223763,0.45819611102873853,0.459389328956604,221468000
2014-08-21,0.4581960237209793,0.4605824591219828,0.4543777441485061,0.455093652009964,272796000
2014-08-22,0.4546164917162175,0.45915073725504896,0.45175277416191223,0.4553324282169342,251224000
2014-08-25,0.45724155755796747,0.46034392992453327,0.45509374817408654,0.4560483396053314,153380000
2014-08-26,0.4572415494203812,0.4651167934573346,0.4555710500061328,0.4641622304916382,269636000
2014-08-27,0.46129845064789465,0.46487810417787256,0.4581960785655356,0.4589120149612427,182972000
2014-08-28,0.4579575059773489,0.46368494092013157,0.4565256330173728,0.46273037791252136,179704000
2014-08-29,0.46440085700878253,0.4651167934573346,0.4593893303174778,0.4641622304916382,207932000
2014-09-02,0.4653555154800415,0.4653555154800415,0.46105992461830086,0.4653555154800415,192636000
2014-09-03,0.46774188901581126,0.4713215428462107,0.4646395166730865,0.4696510434150696,259456000
2014-09-04,0.4689350995793928,0.4808673072748336,0.4686964446150314,0.4780035614967346,491832000
2014-09-05,0.47752624205660915,0.4796740513474032,0.4734693068831876,0.4765716791152954,253792000
2014-09-08,0.47609443030223353,0.4770489933090253,0.4703669669158007,0.47227612137794495,319288000
2014-09-09,0.4701282730340772,0.47323064503452117,0.46583268322181304,0.46630996465682983,198588000
2014-09-10,0.46893518502574255,0.46965112160072064,0.46368500244161276,0.46798059344291687,172376000
2014-09-11,0.46463941549605864,0.4663099145634421,0.45819601724556674,0.46320754289627075,250720000
2014-09-12,0.46607133496479264,0.46607133496479264,0.4558096555374935,0.4562869369983673,262536000
2014-09-15,0.45771889218721856,0.45843482873162733,0.4481731474579369,0.45008230209350586,294152000
2014-09-16,0.4488890072489098,0.4591506867680036,0.44745713440492146,0.45676425099372864,219936000
2014-09-17,0.4555711229183489,0.4612985585262978,0.453423313228945,0.4570029675960541,173584000
2014-09-18,0.459866638234678,0.4644008549747152,0.4584347653438455,0.4639235734939575,219604000
2014-09-19,0.4653554823298451,0.465832763847469,0.4546164917162175,0.4553324282169342,601316000
2014-09-22,0.4646395175393079,0.4646395175393079,0.45032087374245644,0.4507981836795807,221464000
2014-09-23,0.4484116774102874,0.4539004851369393,0.44674117813223435,0.44888898730278015,196144000
2014-09-24,0.44865028882668945,0.4529458783024486,0.44817300742906163,0.45151400566101074,159592000
2014-09-25,0.4510368725414648,0.4522300906520812,0.4407751911004508,0.44172975420951843,298440000
2014-09-26,0.4431616339596015,0.4460253517782625,0.4412524792643061,0.4426843523979187,241188000
2014-09-29,0.43910454537240184,0.4450706339409356,0.4348089559133466,0.44196826219558716,208540000
2014-09-30,0.44005918706080605,0.4434002143273201,0.4350476603853147,0.44029784202575684,277204000
2014-10-01,0.441013841482246,0.44411618577849965,0.43480909599261164,0.43600231409072876,350976000
2014-10-02,0.43528636558158107,0.4374341467197509,0.42407009300862425,0.4340931475162506,288996000
2014-10-03,0.4367182439730435,0.4426843343725599,0.4350477159023285,0.4350477159023285,239140000
2014-10-06,0.43671828876200963,0.44029794336884176,0.42955895109977943,0.4324226975440979,199032000
2014-10-07,0.4305133945158165,0.43480898425486486,0.4274110225682507,0.42788830399513245,301896000
2014-10-08,0.4274110427512836,0.43791137688130616,0.4240700157082302,0.43576356768608093,260172000
2014-10-09,0.43385445064789274,0.4343317605868049,0.4238314255562569,0.4274110794067383,306956000
2014-10-10,0.4240698838816797,0.42550175623338404,0.4018760331215542,0.4021146595478058,691376000
2014-10-13,0.4047399513411154,0.4128538513020176,0.4002057340457309,0.4006830155849457,397628000
2014-10-14,0.4061717931358196,0.4212063453792203,0.40378535717491665,0.4099901020526886,376620000
2014-10-15,0.4040239913539756,0.4183426358391452,0.40139892881640077,0.4161948263645172,404428000
2014-10-16,0.40879686453958075,0.42120632525362955,0.40784227313169436,0.4164334535598755,351116000
2014-10-17,0.4214450660441497,0.4262179387098894,0.4140471020328272,0.41571760177612305,290716000
2014-10-20,0.41571744595589394,0.4231154071942946,0.41285372911954854,0.41929709911346436,200336000
2014-10-21,0.42239941049632235,0.4376726121879743,0.4212061929476878,0.4371953308582306,351092000
2014-10-22,0.43647956922322173,0.43791144223372647,0.42693382501602173,0.42693382501602173,239512000
2014-10-23,0.4343317577622257,0.4395819110190765,0.4312293854222721,0.4364795386791229,214476000
2014-10-24,0.4391045398020864,0.44363875567723104,0.43647944948581074,0.4410136938095093,210156000
2014-10-27,0.4407751289246263,0.44292290984134397,0.43600225715542285,0.4412524104118347,145092000
2014-10-28,0.44005925705052873,0.4522300932275553,0.43958197549327677,0.45175281167030334,192580000
2014-10-29,0.44984355019065125,0.4524686408051326,0.4448320239079349,0.44888898730278015,168340000
2014-10-30,0.4476958100224789,0.44960493597115625,0.4402978474013948,0.4460252821445465,170260000
2014-10-31,0.45628691227869456,0.46654861959861654,0.4539004766550541,0.46630996465682983,256316000
2014-11-03,0.47704888556528563,0.4787194131227158,0.47179873331658106,0.47418516874313354,308732000
2014-11-04,0.4772875806542926,0.4820604519090665,0.4694123373942044,0.48038995265960693,360196000
2014-11-05,0.48325369817131664,0.4834923246649213,0.4768102992185266,0.48038995265960693,335652000
2014-11-06,0.481344500205186,0.4832536827845754,0.47394653861641406,0.48253774642944336,394088000
2014-11-07,0.48802663857849504,0.49375407351636713,0.46750324944686467,0.47227612137794495,450800000
2014-11-10,0.47179890452835455,0.48086739657839705,0.4706056863820697,0.4777650237083435,293388000
2014-11-11,0.4749012116474705,0.4775262741367137,0.46798053028806047,0.47203749418258667,212992000
2014-11-12,0.47036694667291623,0.4715601646043346,0.4624917026358435,0.46893510222435,204584000
2014-11-13,0.4706055565428653,0.4713214929228236,0.46273031326043734,0.4665486216545105,225328000
2014-11-14,0.46702596794346873,0.47227612137794495,0.462491722539806,0.47227612137794495,160248000
2014-11-17,0.4701283276081085,0.4751398543789305,0.46702595524753104,0.4701283276081085,158732000
2014-11-18,0.47036693477716285,0.48253779719780737,0.46917371687592146,0.4813445508480072,207772000
2014-11-19,0.4817040119102197,0.4831419443969258,0.474514406614593,0.4795471131801605,240300000
2014-11-20,0.4761920154742485,0.4879350555849989,0.474754082866743,0.48745572566986084,220968000
2014-11-21,0.49176945887234697,0.4924884250816253,0.486017786336021,0.49009189009666443,198976000
2014-11-24,0.491290192164267,0.495364296448543,0.489372986785046,0.4932074546813965,136004000
2014-11-25,0.49224899662230603,0.49656279620060356,0.4912903935397728,0.49296796321868896,190240000
2014-11-26,0.49009176342264116,0.5018347989550974,0.4898520699895679,0.5013554692268372,219264000
2014-11-28,0.5030332101073597,0.5054297452948906,0.49847977610967914,0.5025538802146912,124832000
2014-12-01,0.500397060560338,0.5032728686291694,0.4924884883797115,0.4932074546813965,190060000
2014-12-02,0.4927280205377488,0.49608315781060625,0.48817458730292995,0.4939263164997101,245952000
2014-12-03,0.4963229879719622,0.5068677325068973,0.49488505527676385,0.5066280961036682,284424000
2014-12-04,0.5059091269909645,0.5078263324821423,0.49871952069218,0.502074658870697,185332000
2014-12-05,0.5023143537017049,0.507586755122596,0.5020747172719111,0.5049505829811096,165680000
2014-12-08,0.5042314836348822,0.5092641901614048,0.4944056498105578,0.4984797537326813,226944000
2014-12-09,0.4953643079732989,0.49800053685344575,0.487935065533589,0.4968022406101227,239448000
2014-12-10,0.49536438523980847,0.49728164810059644,0.4852989694878666,0.48577824234962463,204364000
2014-12-11,0.4886538640540483,0.492009000962583,0.48457976107398615,0.4855383634567261,135652000
2014-12-12,0.47906786815036256,0.4833816375482676,0.4699610279923308,0.4704403579235077,323964000
2014-12-15,0.47595239709514325,0.4845799650155479,0.4675645227247192,0.46900245547294617,254696000
2014-12-16,0.4685230764513403,0.4759523182356933,0.4634903412353654,0.46372997760772705,185308000
2014-12-17,0.4730765361146605,0.4833816441024511,0.4577386923329158,0.4826626777648926,345596000
2014-12-18,0.4886539349327771,0.4944056072013805,0.48002639796092283,0.48457983136177063,226156000
2014-12-19,0.4879350955530604,0.49129023382012926,0.48338166096894514,0.48937302827835083,325528000
2014-12-22,0.48889363460505814,0.49800050258636475,0.487216065690166,0.49800050258636475,148976000
2014-12-23,0.501834966731227,0.504231501897978,0.4944056677177651,0.49488499760627747,109280000
2014-12-24,0.496083466090371,0.49680243268675395,0.49248869024638825,0.49296796321868896,45644000
2014-12-26,0.492967765237987,0.49608326685845294,0.491769526150528,0.49344709515571594,52636000
2014-12-29,0.4920090288066077,0.4960831320172336,0.489612494145187,0.49272799491882324,82944000
2014-12-30,0.4893729432015435,0.49176947828108886,0.4874556808551653,0.4881746470928192,112120000
2014-12-31,0.4888936086129245,0.4915298371715186,0.4790678034540215,0.4805057644844055,166300000
2015-01-02,0.48242297768592834,0.48601780889920887,0.4747540425228657,0.48242297768592834,113680000
2015-01-05,0.482423051850041,0.48386098455641025,0.47211794363827814,0.47427481412887573,197952000
2015-01-06,0.47499375948049893,0.47547306083844454,0.4594162796490581,0.4598955810070038,197764000
2015-01-07,0.4632506947431268,0.4673248274940038,0.4572593566611941,0.45869728922843933,321808000
2015-01-08,0.4639697094418256,0.4788282522906651,0.46373004446595795,0.4759523868560791,283780000
2015-01-09,0.4776298445116608,0.4814643115875668,0.4711591777499509,0.4778694808483124,209540000
2015-01-12,0.47906789674572625,0.47930756172562017,0.46756452052099945,0.4718782901763916,190732000
2015-01-13,0.47547298844444136,0.485059128419619,0.4678040821780894,0.4711592197418213,236720000
2015-01-14,0.4661266106481847,0.4745144848764987,0.4649283429012827,0.47307655215263367,155260000
2015-01-15,0.4764316512358061,0.4793074877056299,0.4694816821506999,0.46972134709358215,188932000
2015-01-16,0.4690023476275521,0.4788281524867948,0.4675644152099725,0.47834885120391846,181512000
2015-01-20,0.4817041381947049,0.48434031035283426,0.4737955645823983,0.4797869324684143,140308000
2015-01-21,0.4771505990576135,0.4876953704647702,0.4737954328316744,0.48649707436561584,144780000
2015-01-22,0.4874556985928156,0.49632293013390916,0.4824229918840101,0.49488499760627747,159712000
2015-01-23,0.4953643295721843,0.4972815922175158,0.4912902250154842,0.49632298946380615,120416000
2015-01-26,0.49416589736938477,0.49656243188641247,0.4910503967834598,0.49416589736938477,133240000
2015-01-27,0.48649713925614096,0.48697646918731785,0.46948172663010923,0.4704403579235077,357948000
2015-01-28,0.4761919637550636,0.4781091975005222,0.4625316911742654,0.46277135610580444,272728000
2015-01-29,0.46301109918424205,0.476671345501662,0.4608542001432035,0.4740351736545563,235340000
2015-01-30,0.47068005526498385,0.4761920930666331,0.4594163432340233,0.460135281085968,298200000
2015-02-02,0.4630110522412547,0.4721178917192111,0.45390421276329834,0.47020065784454346,259604000
2015-02-03,0.4735559108999107,0.4824231161562444,0.4711593751158119,0.4819437861442566,183468000
2015-02-04,0.4805058760875255,0.4886540857442905,0.47906791472315813,0.48314204812049866,181516000
2015-02-05,0.48362130091648803,0.49129023741555194,0.4831420280964926,0.4910506010055542,140448000
2015-02-06,0.4905711671084786,0.4963228968330926,0.48673669967136973,0.4888935983181,210524000
2015-02-09,0.48601775274779996,0.48985216274842414,0.48290225176887,0.48841428756713867,273944000
2015-02-10,0.4888936854206363,0.5023142952726163,0.4867367863896275,0.502074658870697,226204000
2015-02-11,0.5032729808991506,0.5032729808991506,0.49536440695428197,0.49871960282325745,320832000
2015-02-12,0.5272383342095578,0.5392210119361106,0.5241228322868625,0.5344279408454895,676904000
2015-02-13,0.5332295593876012,0.5353864581754622,0.5250813512617784,0.5346674919128418,310084000
2015-02-17,0.53370883377188,0.5389812334368201,0.5303536963205089,0.5363450050354004,203340000
2015-02-18,0.5356262719071048,0.5365849319999673,0.5291556305388667,0.5301142334938049,170948000
2015-02-19,0.5368244172086709,0.5377830198935313,0.5291554814539721,0.5315520167350769,169432000
2015-02-20,0.5310727619458612,0.5356261391376205,0.5272382939386612,0.5353865027427673,157752000
2015-02-23,0.5351469000497096,0.5351469000497096,0.5284365663300373,0.5310727953910828,125008000
2015-02-24,0.5331175020336619,0.5367261171340942,0.5283059769944837,0.5367261171340942,149356000
2015-02-25,0.5345609913898409,0.5369668116171643,0.5302306411680634,0.5326364040374756,123820000
2015-02-26,0.5331176750806804,0.5372074669557153,0.5297495605736622,0.5340799689292908,152864000
2015-02-27,0.5326365367033424,0.5338394471166178,0.5287873036819573,0.5307119488716125,157492000
2015-03-02,0.5292682658160998,0.5465897787460055,0.5285465313308618,0.5437028408050537,301512000
2015-03-03,0.5396131571426399,0.5422594792072416,0.5319146926809991,0.5335987210273743,160344000
2015-03-04,0.5316743395006261,0.5408162194011665,0.5295091347776287,0.5396133661270142,226840000
2015-03-05,0.5396129693025747,0.5509200456110341,0.5381695005487516,0.5499577522277832,323056000
2015-03-06,0.5468305491144364,0.5494768716777281,0.5420190222586747,0.5425001978874207,257392000
2015-03-09,0.5427407904608609,0.5480334932714498,0.5415378799938474,0.5439436435699463,222388000
2015-03-10,0.5463493984463573,0.5569348038989805,0.5453871045028262,0.5533261299133301,527212000
2015-03-11,0.5533261203288667,0.5605434108172258,0.5489957689790217,0.5504392385482788,262120000
2015-03-12,0.5451463513777345,0.5492361422009221,0.5350421251712135,0.5453869104385376,406972000
2015-03-13,0.5427406659246424,0.5475521919727969,0.5352827603994625,0.5461087226867676,359288000
2015-03-16,0.5504392896773147,0.5559725519681546,0.5468306154189707,0.5526044368743896,236956000
2015-03-17,0.5514014528630062,0.559581036097248,0.5475522203533871,0.5593404769897461,299900000
2015-03-18,0.5593404895785131,0.5622273710072625,0.5451464694739251,0.5501985549926758,413844000
2015-03-19,0.5521233465238478,0.5605434912901187,0.548033553729097,0.5586189031600952,310756000
2015-03-20,0.5631897784522166,0.5680013053388492,0.5578970759337508,0.5646331906318665,462084000
2015-03-23,0.5477925172844971,0.5550098032765823,0.5461084896221329,0.546349048614502,426012000
2015-03-24,0.544665133980472,0.5485143654466174,0.536485552963602,0.5388913154602051,330480000
2015-03-25,0.5386508421958619,0.5386508421958619,0.5044889290028901,0.5061730146408081,542552000
2015-03-26,0.4958283614147322,0.5066542685960476,0.4922196874490092,0.5044890642166138,311920000
2015-03-27,0.5073758897817058,0.5162772070934761,0.4991963071014751,0.5143526196479797,318288000
2015-03-30,0.5167584366951103,0.5191641999326196,0.5100222652153322,0.5165178775787354,253252000
2015-03-31,0.515074507002039,0.5155556253271104,0.5030456885062885,0.5035268068313599,357276000
2015-04-01,0.5054513216018677,0.5071353500203435,0.4967905630511945,0.5054513216018677,330768000
2015-04-02,0.5083382912539662,0.5097817608230094,0.5023239111935214,0.5066542625427246,192204000
2015-04-06,0.5044889452603587,0.5230133716532146,0.49919630116918273,0.5213293433189392,515864000
2015-04-07,0.5213291011956828,0.531673882843124,0.5184421640446251,0.5259000658988953,413964000
2015-04-08,0.5263815742792527,0.5316742771959269,0.5213294878755609,0.5297496318817139,366432000
2015-04-09,0.5256596108311963,0.5437028588450115,0.5254190517807693,0.5420188307762146,379432000
2015-04-10,0.5425001424985795,0.5477927870847878,0.5405754975380248,0.547552227973938,258728000
2015-04-13,0.5463493734856905,0.5494768716777281,0.5400943771016152,0.5425001978874207,236724000
2015-04-14,0.5403349404756155,0.5425001445552283,0.5326364753200488,0.5379291772842407,220276000
2015-04-15,0.5393724501898391,0.548514324043724,0.5367260714927978,0.5444245338439941,243560000
2015-04-16,0.5412971324574711,0.5458680988686166,0.5372073415372542,0.5410565733909607,155284000
2015-04-17,0.5297495605736622,0.5393726711335296,0.52950900145099,0.5340799689292908,293636000
2015-04-20,0.5364857877617878,0.5398538452595145,0.5304713502090523,0.5314337015151978,231624000
2015-04-21,0.5379292392774879,0.5379292392774879,0.5280655689055771,0.5307119488716125,230456000
2015-04-22,0.5338392365253289,0.5374478516257613,0.5256595980724036,0.5367261171340942,207420000
2015-04-23,0.5268627480709155,0.5396133009701908,0.5208483103525725,0.5345611572265625,259380000
2015-04-24,0.5343205473823961,0.5345611065137712,0.5239757590802625,0.5299901962280273,240960000
2015-04-27,0.5316742056288043,0.5434624630085645,0.5271032381505035,0.5340799689292908,248456000
2015-04-28,0.5331175020336619,0.5386507615645072,0.5280653605919927,0.5367261171340942,234484000
2015-04-29,0.5328769631170435,0.5381696643729148,0.5304712002476313,0.5326364040374756,195156000
2015-04-30,0.5299901770542559,0.5367262913524494,0.5287872667250519,0.5340799689292908,218844000
2015-05-01,0.5384103469515512,0.5489957518913445,0.5360045835303117,0.5473117232322693,256968000
2015-05-04,0.5468305828044363,0.5504392568475487,0.5422596148024699,0.5439436435699463,200720000
2015-05-05,0.5420190131656334,0.5427407479176821,0.5275844328405062,0.5299901962280273,292928000
2015-05-06,0.5328769994900763,0.5379291420112281,0.5246974166473365,0.5316741466522217,316484000
2015-05-07,0.5295088778298415,0.5427406015723495,0.5278248496484527,0.5410565733909607,534564000
2015-05-08,0.5054513931213218,0.5254192352259446,0.49294140040490897,0.5011209845542908,1146552000
2015-05-11,0.49414422524711543,0.5013615724471299,0.4902950498843357,0.49630942940711975,544144000
2015-05-12,0.49270084127049313,0.5052107766289817,0.492460224778153,0.5011209845542908,388800000
2015-05-13,0.5047297299922332,0.5085789634787979,0.4991964676099089,0.5040079951286316,308524000
2015-05-14,0.5054513078314824,0.5148338007855904,0.5042483976465335,0.5121874213218689,293052000
2015-05-15,0.5143526327674134,0.516758395814604,0.5093005475756879,0.5124280452728271,215824000
2015-05-18,0.5112252361907506,0.5148339101542907,0.5088194726676993,0.5117064118385315,324972000
2015-05-19,0.5123831857697914,0.5140750673825207,0.5075493864793921,0.5085161924362183,253808000
2015-05-20,0.5087578651137084,0.5148001430384239,0.5080327894578052,0.5085161924362183,196824000
2015-05-21,0.5087576701838162,0.5109328963180905,0.5044072179152677,0.5048906207084656,239692000
2015-05-22,0.5060990836961446,0.5080325795641073,0.5029571096931486,0.504165530204773,212592000
2015-05-26,0.5017489644253152,0.5051326132507138,0.4971568366631616,0.5010238885879517,259732000
2015-05-27,0.5044070820112672,0.5302679431996586,0.502715259126024,0.5278510451316833,432332000
2015-05-28,0.5278510767168871,0.5367935943411527,0.5268843289565285,0.5351017713546753,327656000
2015-05-29,0.5351019259381012,0.538485572888544,0.5341351778984627,0.5348602533340454,335168000
2015-06-01,0.5382439237534351,0.5462196962691965,0.5348602766554559,0.5409024953842163,372660000
2015-06-02,0.5375189503208325,0.5404192527401752,0.5297848489515379,0.5302682518959045,224304000
2015-06-03,0.5317183447041994,0.5358270675980333,0.5235008412931089,0.5244676470756531,250788000
2015-06-04,0.5213257441399729,0.5355854687270462,0.5213257441399729,0.5338936448097229,323712000
2015-06-05,0.5322015898636232,0.5404190917289814,0.5266427169650331,0.5380021929740906,313320000
2015-06-08,0.536310413530362,0.5399357331478962,0.5196337934688221,0.5256760120391846,342812000
2015-06-09,0.526159391367377,0.5322016096677393,0.5251926433541286,0.5283346176147461,256888000
2015-06-10,0.5220505337219118,0.5254341797025831,0.5160082593649424,0.5189085602760315,529460000
2015-06-11,0.5189087731314252,0.528092967078215,0.5189087731314252,0.5244676470756531,283052000
2015-06-12,0.5210837866416823,0.524225760439128,0.5089992941989699,0.5102077722549438,323728000
2015-06-15,0.5075492230580014,0.5116580029929798,0.5036822309695276,0.5092411041259766,306548000
2015-06-16,0.5082741694366193,0.5162499394351331,0.5031987003915285,0.5155248641967773,256892000
2015-06-17,0.5152833363133138,0.5244675868285038,0.5140749156590821,0.5215672850608826,233544000
2015-06-18,0.5259178558903194,0.5336518996361852,0.524467704680648,0.5302682518959045,299404000
2015-06-19,0.5302681977513468,0.5346185933127224,0.523742575597572,0.5285763740539551,355656000
2015-06-22,0.5295430770337586,0.5324433789094701,0.5184253300080887,0.5264011025428772,514236000
2015-06-23,0.5273678923179206,0.5314766152177139,0.5087577741400016,0.5128664970397949,414064000
2015-06-24,0.5121411975408298,0.514799825848861,0.5053739057532535,0.5077908039093018,253368000
2015-06-25,0.5077910813887794,0.51480010715838,0.5077910813887794,0.5116581320762634,350460000
2015-06-26,0.5075489947327172,0.5080323973380207,0.4990898813153179,0.5012650489807129,421296000
2015-06-29,0.495464632139097,0.5005401591067911,0.4855553660030805,0.4862804412841797,391724000
2015-06-30,0.4891808683170016,0.4913560949764048,0.4826552459622167,0.4860388934612274,315916000
2015-07-01,0.49812327110936766,0.5051322362673014,0.48869734988171354,0.4930477440357208,302892000
2015-07-02,0.49280618145609073,0.49667323135787456,0.49038928247040303,0.4935312569141388,145764000
2015-07-06,0.489422479000733,0.4961897723452694,0.48386360620054497,0.48748892545700073,214776000
2015-07-07,0.4845886910755085,0.48652218703373085,0.46307824601737296,0.4783047139644623,594252000
2015-07-08,0.475646182743532,0.4785464557372504,0.4710540574260785,0.4749211072921753,332492000
2015-07-09,0.4824134747315646,0.48458870094643225,0.4662202296638067,0.46912050247192383,357588000
2015-07-10,0.47516273030151923,0.4816883798708397,0.47395428094597175,0.47733795642852783,216708000
2015-07-13,0.4821718090044867,0.4831385570748251,0.4773380110293774,0.48047998547554016,212472000
2015-07-14,0.4812050851813401,0.4816884592408658,0.4744377619128503,0.48072168231010437,249216000
2015-07-15,0.47951315374383113,0.48265512783059555,0.47298753298621593,0.47733795642852783,265732000
2015-07-16,0.4802382790025537,0.4879723787307739,0.4785464554913962,0.4879723787307739,282848000
2015-07-17,0.48628055461191716,0.4867638998296915,0.47878812750224936,0.4850720763206482,220372000
2015-07-20,0.4850720517946105,0.4870056054381939,0.4749210824418921,0.47612953186035156,188412000
2015-07-21,0.4751627398147921,0.4850720362533582,0.4751627398147921,0.4783047139644623,149720000
2015-07-22,0.4749210768998645,0.4749210768998645,0.46331995685568966,0.46912050247192383,356472000
2015-07-23,0.47008730936540843,0.4819301027613039,0.4691205324930301,0.4749211072921753,169916000
2015-07-24,0.4783047190493047,0.47878809304399905,0.46742867451600456,0.46936219930648804,188844000
2015-07-27,0.4652535023713166,0.4720208255183228,0.46138648115281977,0.4667036533355713,192420000
2015-07-28,0.4679121025785211,0.4799965979007885,0.4630783044496141,0.4768546521663666,198308000
2015-07-29,0.4758878154844583,0.48652218731945607,0.4739542907133945,0.4826551377773285,232680000
2015-07-30,0.4814466943476666,0.4886974195317028,0.4814466943476666,0.48386362195014954,190180000
2015-07-31,0.4857970620751907,0.48603873463945646,0.4792714418527678,0.4821717143058777,218340000
2015-08-03,0.48603877560324726,0.49087257303639475,0.47975485622717867,0.49038922786712646,397132000
2015-08-04,0.4886974235348401,0.4937728937500227,0.48676386991233267,0.49232274293899536,260100000
2015-08-05,0.5044071326124652,0.5048905353239124,0.4964313624256925,0.49739816784858704,234628000
2015-08-06,0.49618975385915126,0.4998151306039501,0.48603875659712314,0.49425625801086426,655676000
2015-08-07,0.542835933368466,0.5648296924368384,0.5288178874909847,0.5554038286209106,1405248000
2015-08-10,0.5515370297064818,0.578848000915461,0.54815332417187,0.5747392773628235,662304000
2015-08-11,0.5662799820651817,0.5773977294216347,0.5662799820651817,0.5718388557434082,435008000
2015-08-12,0.5626545162085125,0.5773975795677339,0.5626545162085125,0.5732888579368591,384048000
2015-08-13,0.5740139124894336,0.5752223904907499,0.567004889902646,0.5684550404548645,276884000
2015-08-14,0.5679717476956834,0.5723222001946378,0.5645881008343281,0.5689385533332825,214652000
2015-08-17,0.5679720312146511,0.5679720312146511,0.5583044310001206,0.565313458442688,273880000
2015-08-18,0.5635657926517502,0.5674491134322461,0.5557991510907582,0.5601679086685181,287084000
2015-08-19,0.5594394713397642,0.5657498568660652,0.5519155234280181,0.5579832196235657,249248000
2015-08-20,0.5516732211298578,0.5543429792386613,0.5351691198773673,0.5378389358520508,426932000
2015-08-21,0.5339555244668215,0.5429356710147516,0.5206066204420366,0.5210920572280884,382664000
2015-08-24,0.49196694730634377,0.5298292626584903,0.4854138720695008,0.5026460886001587,682284000
2015-08-25,0.5247326760558195,0.5266743655023843,0.4922099709510803,0.4922099709510803,622684000
2015-08-26,0.5082284224836061,0.5298293396907857,0.5043451030726968,0.5293439030647278,614976000
2015-08-27,0.5349261785507633,0.5494885833419955,0.5317709850594111,0.5492458939552307,463764000
2015-08-28,0.5492461055043971,0.5550710580912744,0.5453627844911872,0.551673173904419,320944000
2015-08-31,0.5490031828619718,0.5528865022259322,0.5434209221261257,0.5456052422523499,219352000
2015-09-01,0.5298294042903257,0.538809548973418,0.5193930074173569,0.5232762694358826,353408000
2015-09-02,0.5375959957852394,0.5392949374151221,0.5286158509419197,0.5390522480010986,344044000
2015-09-03,0.5470615858903908,0.5497314009498998,0.5395376931450933,0.540508508682251,262556000
2015-09-04,0.531285585100933,0.5397803507485719,0.5276450125846998,0.5278877019882202,287972000
2015-09-08,0.5407512324082595,0.5526438826240913,0.5385669117775346,0.5504595041275024,238448000
2015-09-09,0.5521583822270207,0.5567697697725853,0.5383240459927737,0.5395376086235046,289392000
2015-09-10,0.5363824424437857,0.5548281671597093,0.5339553749250026,0.5480323433876038,357076000
2015-09-11,0.5419648516667974,0.5533720663365951,0.5397804729430479,0.5497314929962158,301584000
2015-09-14,0.5524012754676454,0.5541002174849735,0.5477898283543992,0.5507023334503174,192460000
2015-09-15,0.5509448968765203,0.559682352299479,0.5492459552478699,0.556769847869873,327976000
2015-09-16,0.555798955674528,0.563808283885175,0.5516729468790207,0.5606530904769897,173508000
2015-09-17,0.5703615709359608,0.5754584548688825,0.5645366185927803,0.5657501816749573,268712000
2015-09-18,0.557983379828285,0.5701187178377636,0.5545854967588023,0.5652645826339722,326412000
2015-09-21,0.5659929180781842,0.572303307750679,0.5630804127321475,0.5710897445678711,281840000
2015-09-22,0.5587115508296967,0.5625948708782162,0.552643852404036,0.5555563569068909,228356000
2015-09-23,0.5560418489385066,0.5616241117947685,0.5538575279825708,0.5582262277603149,161632000
2015-09-24,0.5548283813869861,0.574730365871795,0.5460909233725365,0.5689054131507874,382440000
2015-09-25,0.5759436931897064,0.5841957696824579,0.567448985151981,0.5730312466621399,369692000
2015-09-28,0.5730313034927281,0.5766718764797061,0.5618667793651644,0.5655073523521423,395584000
2015-09-29,0.5715750868716107,0.5764292230681786,0.563565756360687,0.5754584074020386,380736000
2015-09-30,0.5807978301650356,0.5990008669412282,0.5773999469407982,0.5982727408409119,556380000
2015-10-01,0.5982727359844038,0.5999716775827313,0.5696333024906363,0.5866228342056274,489296000
2015-10-02,0.5834678390405514,0.601913571357727,0.5774001388102441,0.601913571357727,386144000
2015-10-05,0.6057966001871147,0.6244850129768795,0.6026414068486784,0.6169611215591431,482024000
2015-10-06,0.6104082651884064,0.627640432198176,0.6079811969673456,0.6249706745147705,453216000
2015-10-07,0.6264267252935865,0.6378339364725423,0.616233018901443,0.6315235495567322,310152000
2015-10-08,0.6288538731415688,0.6368632025025418,0.6181747287496985,0.6351642608642578,460068000
2015-10-09,0.6317663459008045,0.6378340444597017,0.6208445695069964,0.6327372193336487,423248000
2015-10-12,0.6334655799670263,0.6431739137150322,0.6288541894291428,0.639533281326294,227588000
2015-10-13,0.634436028000524,0.6446296761150128,0.6322516500334836,0.6407464146614075,298444000
2015-10-14,0.6414746122622172,0.6744828042071588,0.6407465439920976,0.6640464067459106,612148000
2015-10-15,0.6652600003679455,0.6793370303847244,0.6584642326811345,0.6657454371452332,526048000
2015-10-16,0.6679296558277396,0.6824920612672088,0.6662306564471984,0.6761816740036011,448396000
2015-10-19,0.6783660643923768,0.6815212580809858,0.6672015417812766,0.6749681234359741,294712000
2015-10-20,0.6720557709725005,0.6771525963208859,0.6669588877582505,0.6739974021911621,264824000
2015-10-21,0.6781234234875321,0.6822494911627721,0.6640464522476583,0.6652599573135376,386280000
2015-10-22,0.6730266104327023,0.6914723391271307,0.6720557947889675,0.6892879605293274,306884000
2015-10-23,0.6953554662614331,0.698510659625838,0.6849190707943669,0.6938992142677307,381776000
2015-10-26,0.6943849121692695,0.6960838541792463,0.6844338917118548,0.6907442808151245,247436000
2015-10-27,0.6873461776195402,0.6946273801401843,0.6868607409718224,0.6902586817741394,208268000
2015-10-28,0.6946274515740558,0.6958410143852234,0.6844337438505153,0.6958410143852234,217036000
2015-10-29,0.6846765347506905,0.6917149911867635,0.6705995061468175,0.6718130111694336,327168000
2015-10-30,0.6790942466016642,0.693413964085119,0.6739973636786524,0.6885597705841064,301160000
2015-11-02,0.6907443113766086,0.6972973902381335,0.6866183009032735,0.6965692639350891,190088000
2015-11-03,0.6924431282312971,0.6963264485232653,0.6839484193418643,0.6917150020599365,376768000
2015-11-04,0.6897732068353786,0.6948700309571357,0.6771524333538647,0.6803076267242432,442264000
2015-11-05,0.683705907920072,0.6856475976688733,0.6705997480456719,0.6725413799285889,478800000
2015-11-06,0.7390429440823428,0.7752062753643006,0.7237524095903974,0.765740692615509,1172272000
2015-11-09,0.7582168600077797,0.7645272490145136,0.7516637236705681,0.7623428702354431,492568000
2015-11-10,0.7523917713082128,0.7565178389705893,0.7317617223256566,0.7477803826332092,552260000
2015-11-11,0.7482659019523877,0.7536054756790355,0.7378295018497647,0.7404993176460266,619896000
2015-11-12,0.7388000237929367,0.7455958474570361,0.7346740148631653,0.7378292083740234,291080000
2015-11-13,0.7385574933938676,0.7417126875839439,0.7196263282534091,0.7232669591903687,292940000
2015-11-16,0.7327323840253387,0.7383146450164066,0.7269073757801526,0.7378292083740234,344280000
2015-11-17,0.7397708970777032,0.7441395953957396,0.7346740148631653,0.7378292083740234,257048000
2015-11-18,0.7408745557293257,0.7569540979162264,0.7328348136786681,0.7559795379638672,350216000
2015-11-19,0.7586596132954276,0.7657247965353811,0.7525688739941218,0.758172333240509,254072000
2015-11-20,0.7637756807469582,0.7691355282245411,0.759146724202027,0.7647501826286316,239744000
2015-11-23,0.7710847136966096,0.7710847136966096,0.7506199370165305,0.7532998323440552,242552000
2015-11-24,0.7532996751862865,0.7659683742472033,0.7498888894654513,0.7593904137611389,195428000
2015-11-25,0.7579286558923982,0.7669429004771533,0.7557359829656448,0.7584158778190613,138300000
2015-11-27,0.7598776151346787,0.7671864663756081,0.755979549522399,0.7647501826286316,86996000
2015-11-30,0.7654812216931498,0.7762009187227343,0.7647503306190601,0.7727900743484497,327244000
2015-12-01,0.7796117074785953,0.7986147592938709,0.7788808164021926,0.7978838682174683,409496000
2015-12-02,0.7991018401648331,0.8073851934537445,0.7900875959285958,0.7917929887771606,294240000
2015-12-03,0.798127443283023,0.806410797661877,0.7861896336866774,0.7900876998901367,246656000
2015-12-04,0.7900878118054135,0.8237085722263079,0.7900878118054135,0.822246789932251,458756000
2015-12-07,0.8220031702413724,0.8220031702413724,0.8042182880510148,0.8066545724868774,333588000
2015-12-08,0.7966656594327358,0.8210285005434392,0.7915494802251667,0.8176177144050598,314488000
2015-12-09,0.8173740445947524,0.8222466124662234,0.7886258593017184,0.7969092130661011,372676000
2015-12-10,0.7993455062524446,0.8078725291689953,0.796665611317799,0.803487241268158,236596000
2015-12-11,0.7954473904196756,0.8010508485847665,0.7898439322545846,0.7915493249893188,227320000
2015-12-14,0.7922802839949153,0.7978837426416983,0.7839968724612437,0.7934983968734741,275892000
2015-12-15,0.8025127460281932,0.8088470964631165,0.7981274577731827,0.8032436370849609,307296000
2015-12-16,0.8049490223992473,0.8107961507968058,0.7978838390615234,0.8081161975860596,236356000
2015-12-17,0.809334206633136,0.8176175594235252,0.7954473956408757,0.7959346175193787,254160000
2015-12-18,0.790331255554827,0.7983709983849507,0.7820479017557878,0.783022403717041,395896000
2015-12-21,0.7915495404041695,0.8022691796907402,0.7844842985192391,0.8015382885932922,284216000
2015-12-22,0.8039745539061056,0.8103089045440212,0.7973965922699927,0.8022691607475281,130012000
2015-12-23,0.8034873685113991,0.8086035482201919,0.8020255862844295,0.805436372756958,122524000
2015-12-24,0.8030000183237914,0.810065259747111,0.801781847212435,0.8081161975860596,52448000
2015-12-28,0.7995891918328463,0.807385265827179,0.7883822737500509,0.807385265827179,142024000
2015-12-29,0.8078726209454228,0.8229776064719909,0.8056799477031149,0.8205413222312927,203660000
2015-12-30,0.8198103762771471,0.8268756175279449,0.8132324150761125,0.813476026058197,180344000
2015-12-31,0.812258068225912,0.8159124659976469,0.8030001521110535,0.8030001521110535,148528000
2016-01-04,0.7866769514293674,0.7937421350456448,0.780586211803641,0.788625955581665,358076000
2016-01-05,0.8034873577211035,0.8146942771965677,0.7917931581479929,0.8012946844100952,490272000
2016-01-06,0.7881386734436936,0.7917931288267107,0.7591468737189501,0.7681611776351929,449344000
2016-01-07,0.7489143551440721,0.7540305919862935,0.7279623020184527,0.7377074956893921,645304000
2016-01-08,0.7472088317265592,0.7479397225763706,0.7204097135472642,0.7218714952468872,398472000
2016-01-11,0.7226023539463736,0.7282058114885638,0.7101772681379804,0.7230895757675171,409372000
2016-01-12,0.7360021064776666,0.7459909119511958,0.7301550362526706,0.7352712154388428,469356000
2016-01-13,0.7408746628841407,0.745747289093922,0.7121265341856726,0.7128574252128601,481672000
2016-01-14,0.6982396788210294,0.7065230912912224,0.6777749038456716,0.6984833478927612,600236000
2016-01-15,0.6704659656732689,0.6785057080426633,0.6490266333263545,0.6604771614074707,841452000
2016-01-19,0.6741203429658962,0.6931233909603539,0.6631570371097727,0.6658369898796082,457140000
2016-01-20,0.6531682562987846,0.6780183723147675,0.6443976236998741,0.6694913506507874,481180000
2016-01-21,0.6768004162047765,0.6877636659267492,0.6629135441590299,0.6772876381874084,481456000
2016-01-22,0.6901998364545248,0.6977523567977536,0.68873805457612,0.6931234002113342,257996000
2016-01-25,0.6928800466446849,0.7009197918768529,0.6909309840542636,0.6923927664756775,270728000
2016-01-26,0.6938544295379662,0.7021377843869037,0.6867891877735909,0.6992142200469971,227944000
2016-01-27,0.6982395151808832,0.7004321877990215,0.6777747450016705,0.6909306645393372,231700000
2016-01-28,0.6965342002145303,0.6989704840335138,0.6699786891619337,0.683378279209137,276776000
2016-01-29,0.6892254554073879,0.7150500795017979,0.6865455602174991,0.713588297367096,310504000
2016-02-01,0.7128573400543443,0.7174862385594346,0.7067666015839177,0.7138318419456482,289884000
2016-02-02,0.7065230591337365,0.7101774561018366,0.6787493749824502,0.6836219429969788,341908000
2016-02-03,0.6889820006536631,0.6931236789174606,0.6711971161814448,0.68703293800354,326772000
2016-02-04,0.6880071365930462,0.7028685076585478,0.680454674632273,0.687276303768158,348140000
2016-02-05,0.6826474599246866,0.6901999231307772,0.6419614635990907,0.6439104676246643,600428000
2016-02-08,0.6341652626690505,0.6373324374319158,0.6054170788478382,0.6144313812255859,608852000
2016-02-09,0.6071225377273349,0.646833970174283,0.6041989738816843,0.621009349822998,425372000
2016-02-10,0.6249074535284334,0.6429359434429325,0.616136819544582,0.6195476055145264,335800000
2016-02-11,0.60371175265922,0.622714803335002,0.60371175265922,0.6163804531097412,340144000
2016-02-12,0.6261254362031742,0.6280744978415957,0.602980714063886,0.6268563270568848,340816000
2016-02-16,0.6358706117310812,0.6585281135069849,0.6339216080507546,0.6575535535812378,485352000
2016-02-17,0.6658370198894444,0.6802111120071171,0.6631570669988213,0.6738767623901367,771468000
2016-02-18,0.7291806230438027,0.754761638261626,0.7284497319159561,0.7318605184555054,1068660000
2016-02-19,0.7279623185028611,0.7481835391945115,0.7223588596058381,0.7416055202484131,525628000
2016-02-22,0.7523251311221648,0.7764443569432858,0.7508633492992632,0.7679173350334167,449668000
2016-02-23,0.7618267238540012,0.7771753182128138,0.7581722689659077,0.7698664665222168,369380000
2016-02-24,0.7666995068189933,0.7764446451413914,0.7455037786907318,0.7752264738082886,336852000
2016-02-25,0.7781498144683493,0.780829709309642,0.7630448311839213,0.776931643486023,349616000
2016-02-26,0.7805862331069148,0.7825352373124034,0.7640194650178633,0.7718155980110168,361964000
2016-02-29,0.7729159564558384,0.7829410967836045,0.766314029089044,0.7668030261993408,323344000
2016-03-01,0.7687591459458823,0.8007907867431641,0.7675365366450116,0.8007907867431641,348700000
2016-03-02,0.7963895821322791,0.8083708869026277,0.7949224740710561,0.8054366707801819,233812000
2016-03-03,0.8044585570663204,0.8078817700843326,0.7875869322382577,0.798345685005188,302004000
2016-03-04,0.8044583754617076,0.8051919292710014,0.7897874158702554,0.7959003448486328,175304000
2016-03-07,0.7914991374314484,0.7968785133851033,0.7804958869844514,0.7907655835151672,239968000
2016-03-08,0.7826964819750474,0.7873423036161669,0.7738938940276897,0.776339054107666,274940000
2016-03-09,0.7831854776786942,0.7844080284769908,0.7658248016246426,0.7758499979972839,222788000
2016-03-10,0.7804959397674783,0.7848972635628159,0.7589785510921299,0.7746275663375854,286084000
2016-03-11,0.7861196407434983,0.788075803652222,0.776828056392996,0.7878312468528748,277400000
2016-03-14,0.7841634788662001,0.7929660655695954,0.7804957101159493,0.7897873520851135,190312000
2016-03-15,0.7856305835325919,0.7907654014672155,0.7719376774097225,0.7858750820159912,226216000
2016-03-16,0.780007012765244,0.8120386583984033,0.776339242606122,0.8093489408493042,363644000
2016-03-17,0.8064146618721173,0.8103268717244803,0.7914991431954078,0.8025023937225342,353680000
2016-03-18,0.8120385468688297,0.837468202722929,0.8069036693513095,0.826709508895874,545512000
2016-03-21,0.8193740288752798,0.829399168783409,0.8105714399889419,0.8291546702384949,337780000
2016-03-22,0.8264649509748714,0.8335558746371159,0.8174178059073433,0.8276875019073486,242012000
2016-03-23,0.83135533769521,0.8479824048070036,0.8276875680104194,0.8418695330619812,429008000
2016-03-24,0.83428961295102,0.8445593112213369,0.8315999536671966,0.8430922031402588,244956000
2016-03-28,0.841624862306446,0.8553177701143291,0.8406468099552858,0.851650059223175,265388000
2016-03-29,0.8479823559222659,0.8672991391217335,0.8460262510679579,0.8653430342674255,261812000
2016-03-30,0.8685217523874296,0.886371427879946,0.8680326970229862,0.8743901252746582,376700000
2016-03-31,0.8783022715260937,0.8802583761182259,0.8643648659898245,0.8712112903594971,379884000
2016-04-01,0.8658318648183342,0.8844151488464711,0.8592299393331838,0.8839260935783386,348292000
2016-04-04,0.8912616271496003,0.89590744843985,0.8719448464874978,0.875368058681488,393940000
2016-04-05,0.8675436410799002,0.8822146014509358,0.8641203703555538,0.8741455674171448,339568000
2016-04-06,0.8631422592049441,0.8758571139794339,0.8467596937360964,0.875368058681488,453376000
2016-04-07,0.8697442995279395,0.877568835541314,0.862653375706613,0.8663210868835449,378104000
2016-04-08,0.8734119523164059,0.8790358258939548,0.8633867559578828,0.8719448447227478,255936000
2016-04-11,0.8770799050723712,0.8917509267608592,0.8743902459398077,0.8773244619369507,387524000
2016-04-12,0.8802584399749652,0.8814810491566475,0.8592300517466332,0.876346230506897,292764000
2016-04-13,0.8802585096359266,0.8985972407319289,0.8802585096359266,0.8983527421951294,350716000
2016-04-14,0.8959075830125662,0.9047101716173414,0.8922398134700685,0.9007979035377502,416564000
2016-04-15,0.900553467619549,0.9159579841747352,0.8976192517815238,0.9078889489173889,436972000
2016-04-18,0.9061772809728568,0.9061772809728568,0.8951740306239016,0.9039766192436218,307320000
2016-04-19,0.9074000071867819,0.9091116138743109,0.882214845746064,0.8878387212753296,309152000
2016-04-20,0.8863714951978116,0.8966411922533349,0.8853934426918624,0.8912618160247803,200172000
2016-04-21,0.8915061354071562,0.8956629597421653,0.8863713170599722,0.8902835845947266,178280000
2016-04-22,0.8932178581123474,0.899330729167849,0.8839262148237729,0.8868604302406311,223540000
2016-04-25,0.8871050491515792,0.896152136851749,0.8846598887380948,0.8912618160247803,191972000
2016-04-26,0.8966410129196912,0.9069107079212134,0.8880829240355543,0.8919951915740967,214536000
2016-04-27,0.8897944254913354,0.9127789727152718,0.8880828195752769,0.9122899174690247,352396000
2016-04-28,0.9066660241425512,0.9120453985418191,0.8829479820269293,0.8851485848426819,381224000
2016-04-29,0.8814810442130782,0.8834371489361419,0.8592300469278532,0.868766188621521,321904000
2016-05-02,0.8770797864414657,0.885637876410776,0.8729230198725614,0.8802585005760193,256076000
2016-05-03,0.870233535119798,0.8739012470563307,0.8621644989027497,0.8697444796562195,224024000
2016-05-04,0.8592301575294984,0.8599637114693752,0.8411359824717941,0.8499385714530945,525764000
2016-05-05,0.8570295556670725,0.865098590724125,0.848715963764773,0.8550733923912048,246884000
2016-05-06,0.8536063471160411,0.8660767067355133,0.8518947405598833,0.8638760447502136,183240000
2016-05-09,0.8660765873122248,0.8697442984847576,0.8555623925618965,0.862653374671936,333336000
2016-05-10,0.8680325226975979,0.8807473766474407,0.8597189912521807,0.8792802691459656,269676000
2016-05-11,0.8819699872707488,0.8915060694532925,0.877079609491189,0.8817254304885864,328176000
2016-05-12,0.8880832142305737,0.8919954830475108,0.8540954626857015,0.8697444796562195,670540000
2016-05-13,0.9582593008690913,1.002516747141502,0.9536135366836535,1.0020277500152588,2110256000
2016-05-16,0.9944472611115921,1.046529279080742,0.9912685480420346,1.0316137075424194,973032000
2016-05-17,1.0269682458352691,1.0411502103751782,1.0137643920408304,1.033814787864685,628392000
2016-05-18,1.0269679101468925,1.0722035060845272,1.0269679101468925,1.0602221488952637,541072000
2016-05-19,1.056065802141836,1.0724484887521561,1.0545988107324626,1.064868450164795,398880000
2016-05-20,1.071470384586725,1.0883420684390337,1.0697587780039637,1.0839407444000244,391084000
2016-05-23,1.0885868064694308,1.0927435162585954,1.0790506605844348,1.0856525897979736,413636000
2016-05-24,1.088961883289357,1.1154382878288915,1.0860200475741608,1.1120060682296753,415788000
2016-05-25,1.1154377124167558,1.1200954801829472,1.098522224229054,1.1073477268218994,458076000
2016-05-26,1.109309076683773,1.1272051010177129,1.106122108642228,1.1191151142120361,309964000
2016-05-27,1.1203410021961362,1.1269600722977016,1.116663650108556,1.1252440214157104,277416000
2016-05-31,1.1301467252245119,1.1477976128682625,1.1294112082533905,1.1453460454940796,412524000
2016-06-01,1.1399530084196283,1.158584433540347,1.1365209068683693,1.147552728652954,387132000
2016-06-02,1.1536813277334304,1.1654486657625485,1.1424043733869809,1.1556426286697388,329208000
2016-06-03,1.1443658456043364,1.1458366461809328,1.1193603654469901,1.1394627094268799,461076000
2016-06-06,1.142404642856774,1.1512301484603682,1.1276955837479945,1.1335792541503906,322512000
2016-06-07,1.1404438250593487,1.1468177644123843,1.1352956702504926,1.1357859373092651,193400000
2016-06-08,1.1360303408429782,1.1401979588562416,1.1227922035847586,1.1321079730987549,234616000
2016-06-09,1.12818595473178,1.1632424926057685,1.125734386459558,1.1615264415740967,472168000
2016-06-10,1.1477979611034117,1.1580942666456189,1.1311276018339123,1.1325985193252563,400024000
2016-06-13,1.133824280586317,1.169371199301784,1.133824280586317,1.1470624208450317,475588000
2016-06-14,1.1443657276013635,1.1546620319590224,1.1316178554077734,1.1492687463760376,298344000
2016-06-15,1.1588296969339313,1.1710871859129512,1.1460818242297717,1.1610360145568848,301036000
2016-06-16,1.152455975544719,1.167655302120873,1.141179018118148,1.1656941175460815,246456000
2016-06-17,1.1671645509150745,1.1674096842730595,1.1406881610008655,1.1453460454940796,471000000
2016-06-20,1.163732417950178,1.1808929215065762,1.1629969009993821,1.1659387350082397,293768000
2016-06-21,1.1708419240639456,1.1740288918903923,1.157113402312644,1.1588295698165894,212508000
2016-06-22,1.1612811750801675,1.1688808955767176,1.1558878891552717,1.1578490734100342,202620000
2016-06-23,1.1688806634444966,1.1899636530149373,1.1681451464342822,1.1887378692626953,297880000
2016-06-24,1.1399527786494592,1.1610357674271043,1.110534671084908,1.1210761070251465,1017684000
2016-06-27,1.1117605673971487,1.1203409382142844,1.0926387584636814,1.109063982963562,449088000
2016-06-28,1.130147040635285,1.1313727077672793,1.1097994465805918,1.1252440214157104,381920000
2016-06-29,1.13505024877012,1.1524560108106054,1.132108413369303,1.1436305046081543,318932000
2016-06-30,1.1455919603770695,1.1595656233895717,1.1362763019326476,1.152456283569336,430940000
2016-07-01,1.1460819143919077,1.1610361058954652,1.139953110971649,1.1438754796981812,218488000
2016-07-05,1.137501608504973,1.1627522239433299,1.128431086464836,1.160791039466858,371084000
2016-07-06,1.1527008424928276,1.1750096187283448,1.1468171732315784,1.1681452989578247,273104000
2016-07-07,1.1759901164705409,1.2027116438369385,1.1705968310770263,1.1985440254211426,395400000
2016-07-08,1.2112918162140203,1.2524772632396561,1.206633931318432,1.2465935945510864,481932000
2016-07-11,1.2644896163345212,1.2845919561796908,1.2630186991632677,1.2752763032913208,448776000
2016-07-12,1.2894955262933059,1.306165770660788,1.2733154319519997,1.294398546218872,436760000
2016-07-13,1.2968497154775824,1.304204302213836,1.2919466966191437,1.293907880783081,324604000
2016-07-14,1.300772252823801,1.3189134116372112,1.2899855641441433,1.3071460723876953,316892000
2016-07-15,1.2904759704048616,1.2978305582304066,1.2708638920663526,1.2919468879699707,428616000
2016-07-18,1.307881876297555,1.3098430609700733,1.2936630828516613,1.2985661029815674,252992000
2016-07-19,1.2978305966005406,1.31719754206698,1.295379028287143,1.312049388885498,382652000
2016-07-20,1.3164621669012382,1.3363194983119067,1.3110688796857557,1.3292100429534912,296460000
2016-07-21,1.3262677923557635,1.330435410875191,1.300281781427017,1.3046945333480835,361308000
2016-07-22,1.3093522864468645,1.3402413129806519,1.2997913833653143,1.3402413129806519,315768000
2016-07-25,1.3483314381453637,1.368188646489764,1.3424477689038286,1.3650016784667969,312528000
2016-07-26,1.3770141656226336,1.395400456860547,1.375052981486102,1.3882911205291748,514508000
2016-07-27,1.4003035392743257,1.4027551072292705,1.3659824061854593,1.3743175268173218,446676000
2016-07-28,1.377504387852551,1.3875555585120303,1.373091636015273,1.3772592544555664,221916000
2016-07-29,1.382407535728456,1.4034905295036386,1.3576473068603403,1.3998132944107056,409588000
2016-08-01,1.4056970876790233,1.410845240641242,1.3816722569581312,1.3907427787780762,301120000
2016-08-02,1.3973620265637579,1.3980975438786474,1.360589433941465,1.373827576637268,282748000
2016-08-03,1.3721116571955156,1.3802016470528542,1.3645119343303698,1.3775049448013306,299828000
2016-08-04,1.3841237950341705,1.409374411442398,1.3814272101118996,1.4030004739761353,272712000
2016-08-05,1.4191801462036882,1.4275152664310446,1.4123159432984755,1.426779866218567,371588000
2016-08-08,1.4463922336267978,1.4498243357730163,1.4248188531402652,1.4400182962417603,305064000
2016-08-09,1.4471276473745,1.457669204261581,1.4400183095625991,1.4436955451965332,372344000
2016-08-10,1.4564432222375678,1.4586495399387738,1.4297216919144418,1.4343795776367188,375740000
2016-08-11,1.4419794502612602,1.4696815171958386,1.43903761508468,1.463552713394165,681064000
2016-08-12,1.51748573065931,1.553768045224588,1.4863515681326909,1.5454329252243042,1425744000
2016-08-15,1.5471492086601952,1.5567101139834318,1.5231243786349236,1.5439622402191162,573304000
2016-08-16,1.541756207204215,1.5442076588978422,1.5299889819009111,1.5346468687057495,287652000
2016-08-17,1.5346464062905154,1.5380785077657773,1.4870870186540277,1.4990993738174438,595212000
2016-08-18,1.496892719433202,1.5248399086552837,1.4910090514297478,1.5223884582519531,331684000
2016-08-19,1.521653511454011,1.5378334876288515,1.5150344409185952,1.5263113975524902,291560000
2016-08-22,1.5309689907614392,1.5348914757821093,1.512827833620245,1.5326850414276123,244748000
2016-08-23,1.5482811326593162,1.5551579859901157,1.5406674066930024,1.545088291168213,339764000
2016-08-24,1.5504911667349695,1.5512279220360856,1.5141418782903404,1.5212643146514893,298448000
2016-08-25,1.521755805690406,1.5224925610901554,1.4922834816735258,1.5111948251724243,406032000
2016-08-26,1.5151248077680017,1.5320713560984458,1.5030901972002542,1.5234752893447876,300024000
2016-08-29,1.529615441534952,1.5357554225126715,1.520036916621038,1.5224928855895996,274652000
2016-08-30,1.5205281055238493,1.5286330023103538,1.5094759522490466,1.5136512517929077,285544000
2016-08-31,1.5165986679507384,1.5207738508215367,1.502108086284877,1.5065288543701172,388544000
2016-09-01,1.5077567952672823,1.5566317630047921,1.5065287521657411,1.55098295211792,428492000
2016-09-02,1.554175931119243,1.555895144768121,1.5183179125996193,1.5357556343078613,323148000
2016-09-06,1.5411587628726358,1.550246000289917,1.5332994513815883,1.550246000289917,306812000
2016-09-07,1.545333910726982,1.5529476368627049,1.5185632523310124,1.5274049043655396,397988000
2016-09-08,1.5259312551223572,1.5409131220073502,1.5084935364736374,1.5384570360183716,315808000
2016-09-09,1.5215106017760471,1.5301066691565888,1.4490576992468114,1.4618290662765503,697760000
2016-09-12,1.4424262935379462,1.4949852678336306,1.4077962078848354,1.4920380115509033,598260000
2016-09-13,1.4883537743488233,1.505546021985956,1.4620742911808993,1.470424771308899,471768000
2016-09-14,1.4738635429424867,1.4883541232746391,1.4615834635621445,1.4834420680999756,319048000
2016-09-15,1.4858981099917086,1.541404343523624,1.4824595660704785,1.5396851301193237,515212000
2016-09-16,1.545088029417183,1.5534385094917436,1.525685398583237,1.5433688163757324,902444000
2016-09-19,1.5595789015512267,1.6028050551298638,1.5524564629041646,1.5637542009353638,417128000
2016-09-20,1.5816826808527957,1.5816826808527957,1.5409126268600775,1.5495086908340454,331112000
2016-09-21,1.5541754783802377,1.5959279984548114,1.5539298932323162,1.5929807424545288,336212000
2016-09-22,1.6023139384676566,1.607225993553979,1.5878233583961103,1.5969105958938599,308732000
2016-09-23,1.5988756081007778,1.6035419611686332,1.588069039413706,1.595191478729248,276132000
2016-09-26,1.5770164143181047,1.5865949370193084,1.5603154544295152,1.5802092552185059,230040000
2016-09-27,1.574069015888581,1.636697785463647,1.5733322605687698,1.6342417001724243,402752000
2016-09-28,1.6366984109276577,1.6413648810741972,1.6192605734564067,1.6401368379592896,319788000
2016-09-29,1.6374350301808365,1.6605217937906604,1.6222076950069177,1.6553640365600586,336684000
2016-09-30,1.6644511695127762,1.6993268369125043,1.6546270609435088,1.6828714609146118,429932000
2016-10-03,1.6828713162309163,1.707186000416307,1.678204847494819,1.6811519861221313,242596000
2016-10-04,1.6836081583696108,1.711852440255309,1.6649422824633275,1.6774680614471436,281624000
2016-10-05,1.6917132706946474,1.7089055208621424,1.6705914235753598,1.6757490634918213,305440000
2016-10-06,1.6556097038682511,1.6659249838862293,1.627365300737281,1.6538904905319214,360212000
2016-10-07,1.6649427230742124,1.6693636080818461,1.6371896041216842,1.641856074333191,286260000
2016-10-10,1.6504519176089198,1.6592936864219123,1.6325229119250786,1.647995948791504,287876000
2016-10-11,1.6425925013371354,1.6450484698220746,1.6116464317936088,1.6241722106933594,388540000
2016-10-12,1.617541010257999,1.6401364833919723,1.6040328902521324,1.6315404176712036,419920000
2016-10-13,1.6123835378189044,1.6160675496361252,1.5644909157445361,1.6050153970718384,390116000
2016-10-14,1.6246634537518354,1.6357156052107098,1.6111553336979958,1.6207338571548462,330636000
2016-10-17,1.6204883152789575,1.635715648889676,1.6091905783701612,1.6114009618759155,195328000
2016-10-18,1.633751267731867,1.6452945927431488,1.6271199984086337,1.635961651802063,269372000
2016-10-19,1.6249094504197656,1.6401367863828094,1.6165588511910993,1.6325230598449707,199060000
2016-10-20,1.6516801667139198,1.6688724190320234,1.6283479330296569,1.6634690761566162,312084000
2016-10-21,1.6575744663478562,1.6617496484542023,1.6430838873351377,1.6588025093078613,279508000
2016-10-24,1.6701001927622061,1.7386233715553883,1.6698544904880706,1.7366585731506348,339836000
2016-10-25,1.7337113932724857,1.7757095026679155,1.7253609118503892,1.7651485204696655,397460000
2016-10-26,1.7504125531463972,1.7916739116693143,1.7486933396339954,1.7722712755203247,333792000
2016-10-27,1.7857791599592399,1.7892175865249003,1.728799302233428,1.7359217405319214,388664000
2016-10-28,1.7442723862607532,1.7707974588376874,1.7297818069904511,1.732974648475647,290856000
2016-10-31,1.7386234698471745,1.7592541470449716,1.737641012032946,1.7477108240127563,252388000
2016-11-01,1.754096295689411,1.7636748190517701,1.6772225236447271,1.6958884000778198,473224000
2016-11-02,1.7089052676904648,1.7319919098653984,1.6858185084029256,1.6887657642364502,295848000
2016-11-03,1.6966252173811296,1.698098845422351,1.636698106451052,1.6691176891326904,309664000
2016-11-04,1.658065713728621,1.6880293309368422,1.6352246523292808,1.6595393419265747,328780000
2016-11-07,1.7081685343023723,1.761464377442855,1.7069404914196147,1.7504122257232666,487580000
2016-11-08,1.7570436462411136,1.7626925737258337,1.7315010313100498,1.7477108240127563,429884000
2016-11-09,1.7003092299721392,1.7413249957715282,1.6877835672829882,1.7182382345199585,456532000
2016-11-10,1.7558155956736674,1.756061180831628,1.6396453838499685,1.664451241493225,869280000
2016-11-11,1.9527887281773841,2.1802169275830385,1.9279827591621768,2.1605687141418457,2175344000
2016-11-14,2.163517800137463,2.165973887452008,2.0537333205015518,2.0542244911193848,1348796000
2016-11-15,2.070187584082432,2.147798125389713,2.0613458145824817,2.116852283477783,626092000
2016-11-16,2.1450958112850214,2.273300369603747,2.1207811294426584,2.2504594326019287,987984000
2016-11-17,2.267160784609888,2.328070350906106,2.2263906055738483,2.2691256999969482,832988000
2016-11-18,2.269125212184432,2.316771999269107,2.2546346377175306,2.2929487228393555,576060000
2016-11-21,2.3108784880174777,2.317264170985581,2.2693714316121825,2.283616542816162,436436000
2016-11-22,2.29147517493476,2.302281622605839,2.2688797049132745,2.3000712394714355,330368000
2016-11-23,2.3052369396303893,2.3428704202241324,2.2818698960489026,2.3113863468170166,443236000
2016-11-25,2.3224553096800475,2.339181276895966,2.2976120771381314,2.3160600662231445,195564000
2016-11-28,2.3089267273381306,2.330326149609626,2.3022854140792948,2.3148300647735596,278736000
2016-11-29,2.3121236484061614,2.3229465091664756,2.2759661262423303,2.2936758995056152,444568000
2016-11-30,2.302285912128321,2.3160604473161115,2.2653903970392246,2.267850160598755,440500000
2016-12-01,2.265389794381926,2.2671115815003606,2.0850933488844428,2.155686855316162,1035524000
2016-12-02,2.121497164180231,2.184219717183366,2.09370249733858,2.1756107807159424,478292000
2016-12-05,2.213489575494441,2.2779339004862798,2.189138489022861,2.2599780559539795,602284000
2016-12-06,2.2680950760475986,2.305482716341283,2.2523529240595144,2.297119617462158,498796000
2016-12-07,2.2835916891393184,2.344100307813604,2.265389772225389,2.3384430408477783,480804000
2016-12-08,2.3413949152989337,2.376568636203618,2.288757251724002,2.2993338108062744,381544000
2016-12-09,2.317043720355963,2.3187655075322438,2.231199962519238,2.258502721786499,382312000
2016-12-12,2.2100466721018144,2.2125064354190154,2.1532274530997415,2.2036514282226562,601332000
2016-12-13,2.215949825492061,2.2700634410794005,2.214966014077576,2.2425146102905273,387796000
2016-12-14,2.276212685854675,2.388621470939262,2.2523534989837994,2.372387409210205,983980000
2016-12-15,2.383455975549591,2.4582312783967066,2.3760769202439715,2.4279768466949463,746548000
2016-12-16,2.455525686760714,2.4769251134575607,2.403871825382681,2.469792127609253,1089528000
2016-12-19,2.452327666505828,2.51996950750262,2.4351095599472945,2.499799966812134,744656000
2016-12-20,2.5723614954414393,2.610486886330503,2.56104672558785,2.586873769760132,848056000
2016-12-21,2.598433520892212,2.60605864347828,2.550961233211306,2.60310697555542,576136000
2016-12-22,2.6274585993632638,2.6778825653182814,2.6203253808706926,2.634591817855835,718612000
2016-12-23,2.6166360517717235,2.7017420745481346,2.6139304530343663,2.700266122817993,647692000
2016-12-27,2.7563473090152124,2.886711693718592,2.7356856289837985,2.885727882385254,1194272000
2016-12-28,2.9418097628392452,2.949926794563311,2.6734558101702732,2.687230110168457,2295764000
2016-12-29,2.580232342021163,2.7423271155334836,2.528578490536404,2.7408511638641357,2175368000
2016-12-30,2.738883741355182,2.7529041103596503,2.61466851240196,2.625491142272949,1212932000
2017-01-03,2.5679340088401847,2.616390360672771,2.444456752900813,2.5091471672058105,1501996000
2017-01-04,2.5433364240118728,2.5949902671628715,2.497339847336833,2.567687511444092,1199220000
2017-01-05,2.5711309372114433,2.6028610762439692,2.485533030984721,2.50250506401062,984296000
2017-01-06,2.5298086433596483,2.5642446262342946,2.4892234867390743,2.5359580516815186,822856000
2017-01-09,2.545796462800636,2.656483214536337,2.545796462800636,2.638773202896118,916248000
2017-01-10,2.651810263209843,2.685754106779769,2.5981885469935286,2.6188502311706543,880920000
2017-01-11,2.6072896445396734,2.6122089368068,2.5617849595450077,2.586627960205078,525664000
2017-01-12,2.5637523826738877,2.5753129873046032,2.4995538818778806,2.544320583343506,625616000
2017-01-13,2.5482565670688433,2.582692552212353,2.5349741726247936,2.5440752506256104,457820000
2017-01-17,2.5334982579387613,2.5384175499612605,2.4737273703081826,2.4870097637176514,580612000
2017-01-18,2.4656100187843895,2.539155196015145,2.4378153539265317,2.5322680473327637,654424000
2017-01-19,2.5352201714050504,2.618604180957231,2.533006478156046,2.586627960205078,644872000
2017-01-20,2.6092566590430595,2.6269666700563827,2.536449461524009,2.5583407878875732,492024000
2017-01-23,2.553175245048988,2.60482908829994,2.550715482376114,2.5849053859710693,369904000
2017-01-24,2.594990197848599,2.6461521340145744,2.580231856810001,2.640002727508545,428052000
2017-01-25,2.682309279530544,2.688458685166492,2.615405435157475,2.6513171195983887,522760000
2017-01-26,2.654023772984051,2.7044477463760166,2.6245073179187,2.697068691253662,458800000
2017-01-27,2.7039558001115758,2.7521660797017424,2.6773910144085673,2.7492144107818604,471996000
2017-01-30,2.7283074865211248,2.7305211800488127,2.654270380989454,2.706170082092285,496004000
2017-01-31,2.679850269317658,2.706906955612821,2.66140228342344,2.6855075359344482,362756000
2017-02-01,2.719943615917994,2.8070172569863177,2.7022338381193776,2.8028359413146973,590004000
2017-02-02,2.786847626321938,2.846864575777649,2.756347363205696,2.8382554054260254,483240000
2017-02-03,2.839731375654223,2.8508000744601367,2.801605987864913,2.8134124279022217,372744000
2017-02-06,2.804065000884692,2.8859732631636184,2.804065000884692,2.885481357574463,506768000
2017-02-07,2.9196731314627993,2.9742786746674548,2.8999954878220606,2.9302499294281006,746224000
2017-02-08,2.9122926959847173,2.934675928799721,2.8626064699079588,2.9174580574035645,449580000
2017-02-09,2.9236080173598533,2.928527544555304,2.8434217414273326,2.86260724067688,842568000
2017-02-10,2.9499258695924704,2.968865526151305,2.769629440696513,2.7947185039520264,1651092000
2017-02-13,2.7890615525981803,2.80357382685647,2.6614027531545723,2.665830373764038,1180724000
2017-02-14,2.656236919298027,2.7093667151400602,2.614421891252086,2.675668716430664,850632000
2017-02-15,2.6786212891952803,2.7007584574799663,2.650580547628329,2.6810808181762695,373020000
2017-02-16,2.690673440564517,2.6919033221776854,2.598926336490382,2.638035774230957,647176000
2017-02-17,2.6245064062408545,2.641970343805507,2.577526023864013,2.637542724609375,563740000
2017-02-21,2.662141227455666,2.7359324941449144,2.661895157262874,2.731997013092041,551952000
2017-02-22,2.7440642173313523,2.75342292595636,2.708845869637881,2.7278096675872803,433772000
2017-02-23,2.5982657220057583,2.6201846784903453,2.4549301724327126,2.4748787879943848,1592888000
2017-02-24,2.3906508812967555,2.5120674862519317,2.356910345720961,2.4987683296203613,1029904000
2017-02-27,2.516992855525954,2.5864440228198635,2.5012308335104962,2.571420907974243,715400000
2017-02-28,2.5810249537287833,2.590876419917496,2.482020114225404,2.4992597103118896,625360000
2017-03-01,2.5561516756302023,2.570436119648671,2.4901484218372127,2.5315237045288086,504804000
2017-03-02,2.5187171501493224,2.532755213880659,2.4354740557425822,2.438183069229126,754332000
2017-03-03,2.427593381195858,2.4325188820608172,2.369717160646537,2.424145460128784,864692000
2017-03-06,2.387942657505123,2.416018794608084,2.3438583449556383,2.405428647994995,883568000
2017-03-07,2.405427692240396,2.451235947557968,2.3926210630228404,2.431779623031616,603400000
2017-03-08,2.4800505604867773,2.4948275295840374,2.4251299813252016,2.4273464679718018,638712000
2017-03-09,2.411338254085188,2.4492653767794295,2.398777771874124,2.426853895187378,478060000
2017-03-10,2.453205744866898,2.4650270835365276,2.4229131388206158,2.4411377906799316,499740000
2017-03-13,2.451481870043635,2.518224016996762,2.450742962953664,2.5083727836608887,774136000
2017-03-14,2.5211803246442033,2.53053880006545,2.4743867731778986,2.5066497325897217,522016000
2017-03-15,2.5182244635217144,2.5364491192450664,2.470692013504071,2.5256128311157227,615036000
2017-03-16,2.53620282156962,2.5571367242259133,2.522164759571124,2.5566439628601074,523100000
2017-03-17,2.57412905419188,2.6135342133957256,2.5566430779169904,2.612302780151367,1119688000
2017-03-20,2.6297899904360813,2.699487547643091,2.613781585619469,2.695546865463257,748568000
2017-03-21,2.6783070848522548,2.7081071707146784,2.600482257454959,2.608363151550293,913484000
2017-03-22,2.5972800660773934,2.666238935272487,2.593339619661885,2.661559581756592,616764000
2017-03-23,2.653679499210097,2.673628354673904,2.627820089231111,2.637424945831299,533940000
2017-03-24,2.683724696894895,2.691605589083107,2.6209230005388866,2.646782398223877,439500000
2017-03-27,2.6002361023902445,2.6699336610431588,2.5509799228403383,2.6659932136535645,506644000
2017-03-28,2.667224770366213,2.681755361618182,2.6418578895756917,2.6522016525268555,432444000
2017-03-29,2.659589558611368,2.6719036606428146,2.6413649036870304,2.6435813903808594,349992000
2017-03-30,2.6507231935062188,2.7090919250544463,2.645058786820256,2.694314956665039,525532000
2017-03-31,2.6847105525590536,2.706383364865729,2.6696874358581932,2.6827402114868164,440808000
2017-04-03,2.683232041807426,2.700471639437295,2.645550837903437,2.669193983078003,445232000
2017-04-04,2.5465465215371452,2.5716672510971565,2.471184567729061,2.482020854949951,1271280000
2017-04-05,2.463303471690987,2.521179679221296,2.4504968435020804,2.463549852371216,747048000
2017-04-06,2.468721891571607,2.493596242380354,2.4236523093317857,2.4815285205841064,635120000
2017-04-07,2.487932621506778,2.505418610296107,2.4559160388553334,2.4709391593933105,429068000
2017-04-10,2.4716765893871786,2.4783260478446323,2.403703016436866,2.4078898429870605,756332000
2017-04-11,2.37784407548092,2.435720287237883,2.372918575364226,2.4165103435516357,618148000
2017-04-12,2.416509753401003,2.4307939586101512,2.391389027812032,2.3965609073638916,414092000
2017-04-13,2.372426212469881,2.3940987902732824,2.351738452911377,2.351738452911377,506892000
2017-04-17,2.364545010954598,2.444093802085736,2.3593731299403737,2.44384765625,497292000
2017-04-18,2.4295631130769184,2.4514823049067753,2.403703709060082,2.4453251361846924,370116000
2017-04-19,2.462810721487885,2.4869461613358403,2.4482801344731557,2.454929828643799,380828000
2017-04-20,2.469460069432984,2.4985212393879817,2.4482797912171486,2.4938418865203857,404016000
2017-04-21,2.483499106717471,2.506895882488209,2.4716777633322677,2.5041868686676025,341896000
2017-04-24,2.535709478884399,2.548516104276336,2.5147758158991715,2.535463333129883,371820000
2017-04-25,2.549994889377937,2.594079188030505,2.528568456980275,2.5795485973358154,388440000
2017-04-26,2.5930946048227397,2.595557238111522,2.5598465892678135,2.561816930770874,327004000
2017-04-27,2.569204794071975,2.6100873170735213,2.5512262828106707,2.6017138957977295,319700000
2017-04-28,2.5948177800126664,2.601713620877698,2.5630473540491034,2.568711996078491,348248000
2017-05-01,2.5795480408062277,2.6315134579593793,2.5724058199239215,2.6263413429260254,307732000
2017-05-02,2.5994966326968756,2.6007280661669334,2.5258584143676903,2.548516273498535,629972000
2017-05-03,2.5416218700529267,2.5770863754645337,2.5268451298067873,2.567481517791748,336904000
2017-05-04,2.57363727551225,2.5847199430591252,2.5497479803499616,2.557629108428955,209788000
2017-05-05,2.5460540543608263,2.565017616157093,2.5305381780191967,2.557875394821167,228428000
2017-05-08,2.569697407512665,2.571174987244706,2.519702319395996,2.531031370162964,365240000
2017-05-09,2.536695815037538,2.5842280360874095,2.528322158484752,2.5352180004119873,847672000
2017-05-10,2.814746786240692,3.00019652625086,2.8080973259094417,2.9871435165405273,2129096000
2017-05-11,2.956604223684555,3.212243996339975,2.9531563037944926,3.115455389022827,1939792000
2017-05-12,3.1186581471570616,3.191803629882451,3.0977242405599097,3.1496894359588623,962620000
2017-05-15,3.1908178702766903,3.3102641139026403,3.186384662235067,3.3078012466430664,1087540000
2017-05-16,3.3587812731950906,3.384887289540112,3.2844046102174786,3.3693714141845703,1120700000
2017-05-17,3.302629558184894,3.3213469746499116,3.141315501262564,3.1455023288726807,1271368000
2017-05-18,3.1893402471947496,3.2861288694259905,3.129001404949158,3.2772626876831055,1156032000
2017-05-19,3.378344164916682,3.40768235370232,3.333720398880428,3.3529505729675293,1018372000
2017-05-22,3.396588244938052,3.4387465497366225,3.385740309750181,3.4244472980499268,836608000
2017-05-23,3.444171142220138,3.4463899636458977,3.345801433016775,3.378344774246216,681248000
2017-05-24,3.4752342782606354,3.477946379458346,3.4042305989631334,3.416311264038086,815996000
2017-05-25,3.4515665062632386,3.45230619160989,3.36379811398494,3.4086685180664062,608228000
2017-05-26,3.4005333105440245,3.5817405008345244,3.3803170432624023,3.4969305992126465,779140000
2017-05-30,3.5427865304355315,3.6066404689891876,3.526761503316545,3.571631908416748,989652000
2017-05-31,3.616502190512127,3.6241449791864877,3.5021074708039275,3.558811902999878,887316000
2017-06-01,3.574590410731282,3.5755767363194138,3.5136949745751664,3.559058427810669,503340000
2017-06-02,3.5560999855360116,3.582233264386071,3.535390674601021,3.5413076877593994,487456000
2017-06-05,3.525036010434045,3.6618658225670244,3.5134486243272063,3.649045705795288,817376000
2017-06-06,3.644362098414073,3.6904652463203975,3.619215140573693,3.632528305053711,758728000
2017-06-07,3.656935286118038,3.6951489978313856,3.641403302313402,3.6764118671417236,612612000
2017-06-08,3.7834099996465405,3.9446475373302308,3.7422377861185647,3.9431684017181396,1161744000
2017-06-09,4.06150724844924,4.15420631413343,3.5193645226717947,3.6882448196411133,3692928000
2017-06-12,3.5965329768704746,3.7400194968939884,3.503587241795311,3.6973679065704346,1697532000
2017-06-13,3.806584815983754,3.8157069752859445,3.5908619011840957,3.7326228618621826,1672504000
2017-06-14,3.735582397741018,3.79820362393312,3.6611271427708183,3.7405130863189697,1184640000
2017-06-15,3.623159636305665,3.7868624383609686,3.6118186534787977,3.756538152694702,963824000
2017-06-16,3.7661525797616067,3.8139814956329006,3.7040244112134193,3.738046884536743,924960000
2017-06-19,3.7821773378940327,3.883752175590543,3.7784793812368624,3.878574848175049,778176000
2017-06-20,3.9207336966107613,3.98754615218414,3.86871377507547,3.8729047775268555,1095444000
2017-06-21,3.900516818004549,3.935278973646364,3.8386350600634325,3.9315807819366455,682652000
2017-06-22,3.9397168249575203,3.9530302217722477,3.8805471651736716,3.904461622238159,469132000
2017-06-23,3.912104496823268,3.9278831201352147,3.7774932709902846,3.792532444000244,1088588000
2017-06-26,3.825322496594565,3.860824343147609,3.6569354244476755,3.7511138916015625,1063960000
2017-06-27,3.7336084666846863,3.7422373445352997,3.608119424973004,3.6137897968292236,999492000
2017-06-28,3.6813428340994694,3.7459364666427075,3.5933277879136165,3.7412521839141846,994948000
2017-06-29,3.7128999205782436,3.7158581920594695,3.5521554141315024,3.61625599861145,1064424000
2017-06-30,3.6335129881961032,3.6470727876498237,3.537855412104623,3.56398868560791,731060000
2017-07-03,3.5760698657803007,3.590862163638048,3.4165580902878263,3.4350485801696777,709072000
2017-07-05,3.4984087258181487,3.555606194187767,3.4794251947778934,3.526761054992676,820188000
2017-07-06,3.4976697327146473,3.5842053967269725,3.4456495841948076,3.537362575531006,746284000
2017-07-07,3.5940668603958397,3.6364718027947545,3.571138495932102,3.61822772026062,654972000
2017-07-10,3.69169690496112,3.7967230542961623,3.665563628924915,3.7893269062042236,958492000
2017-07-11,3.7930253945813677,3.850715918498617,3.7511134935822885,3.8430731296539307,757956000
2017-07-12,3.9027368314466164,4.018610718990753,3.8598388290315797,4.006530284881592,1145208000
2017-07-13,4.018609297375198,4.099967630111991,3.913829790297327,3.960179328918457,1369132000
2017-07-14,3.9764534419475708,4.0681664852549035,3.969550334937282,4.06668758392334,941948000
2017-07-17,4.1007084611352465,4.129553845876933,3.987792854117006,4.0494279861450195,930792000
2017-07-18,3.9885318991083487,4.106132005560571,3.9766978728974585,4.091586112976074,776640000
2017-07-19,4.100707349253731,4.127087265132897,4.058302641964196,4.070383071899414,687044000
2017-07-20,4.09084561689386,4.1297987693603195,4.041044530843994,4.129552364349365,699596000
2017-07-21,4.109089609067599,4.173929867389361,4.094790123867245,4.144344806671143,648332000
2017-07-24,4.1514958655279095,4.161110836425801,4.085669499746062,4.096270561218262,652524000
2017-07-25,4.073342475412102,4.090847112599931,4.032909937619727,4.076547622680664,496556000
2017-07-26,4.133990423259096,4.189462121833369,4.088873379053538,4.123635768890381,640404000
2017-07-27,4.148536634363002,4.1601242552817865,3.884491752001227,3.9875457286834717,782856000
2017-07-28,3.951798224646476,4.077287553729972,3.9268979061373765,4.052879810333252,513348000
2017-07-31,4.066439645192036,4.102434542401838,3.9599343247462575,4.006530284881592,559672000
2017-08-01,3.9971610079276854,4.057070357598832,3.969302186936513,4.055344581604004,431384000
2017-08-02,4.086409715644103,4.090354078453306,3.9759595629273132,4.052879810333252,478444000
2017-08-03,4.052385261440039,4.108103359243933,4.03537391096739,4.104405403137207,442420000
2017-08-04,4.127086714185362,4.19291305746018,4.10440522801529,4.122402667999268,589096000
2017-08-07,4.1514959354084855,4.249618767665108,4.14188049411003,4.249125957489014,717412000
2017-08-08,4.287091917948767,4.30360998909288,4.1593840499443955,4.198584079742432,755336000
2017-08-09,4.152482902021653,4.245675300983936,4.133745766125421,4.2432098388671875,530784000
2017-08-10,4.244440392951123,4.256767697895053,4.051399452891337,4.061507701873779,1328088000
2017-08-11,3.874136632401297,3.919993124872822,3.7698501727080753,3.8450448513031006,1497196000
2017-08-14,3.936512093213958,4.155439938462175,3.9249247068549793,4.151741981506348,1279020000
2017-08-15,4.156918237246325,4.183051274741345,4.0824630155280035,4.116732120513916,764532000
2017-08-16,4.131773364382921,4.1551945478859,4.039320656005508,4.071617126464844,596632000
2017-08-17,4.063233254439787,4.080244134922761,3.9786697810981497,3.9808883666992188,525444000
2017-08-18,4.035127452660243,4.0521388029082015,3.935771452083458,3.981627941131592,601204000
2017-08-21,4.006036415141319,4.017377160659298,3.8798076680545575,3.923691749572754,623672000
2017-08-22,3.9602116504407814,4.016965770877216,3.9409645456509406,4.011043548583984,450456000
2017-08-23,3.9777321521283993,4.102344515279784,3.9690952043589016,4.091240406036377,579520000
2017-08-24,4.123319262043378,4.1277612828873735,4.0497858852047015,4.076188564300537,469700000
2017-08-25,4.100370030956905,4.110487180081496,4.03571930187474,4.042135238647461,357200000
2017-08-28,4.0611368124411555,4.073968219525949,4.005616255761493,4.070760250091553,389496000
2017-08-29,4.012030972141169,4.085811422734201,4.003887740004805,4.064096450805664,324096000
2017-08-30,4.083836751052391,4.0993828776275105,4.053485775773115,4.088278770446777,384400000
2017-08-31,4.108512965871701,4.185007671842753,4.1011105408551645,4.181059837341309,612684000
2017-09-01,4.193645373682579,4.241763027562376,4.185008425187449,4.2062296867370605,445432000
2017-09-05,4.154903616200155,4.1598388803364,4.035966856824408,4.093954563140869,695364000
2017-09-06,4.126773164882351,4.140591526330479,4.056693928407441,4.09148645401001,397672000
2017-09-07,4.108267404294566,4.142813318362402,4.070266898819947,4.110488414764404,352868000
2017-09-08,4.098888580407005,4.113693897659314,4.014990998223004,4.039173126220703,498856000
2017-09-11,4.084822584661707,4.18081120699432,4.079393608851173,4.170200347900391,567444000
2017-09-12,4.194878964163865,4.194878964163865,4.1201115398196215,4.185255527496338,411488000
2017-09-13,4.16008586041196,4.232879365402599,4.127760960038494,4.204009056091309,580960000
2017-09-14,4.165020371431807,4.258048161900318,4.140591616384034,4.180072784423828,513712000
2017-09-15,4.265451378809329,4.444350719451904,4.260269492191347,4.444350719451904,1364792000
2017-09-18,4.568469884983056,4.718005202703507,4.561560702768155,4.627938270568848,1684460000
2017-09-19,4.577599139328865,4.684691912364669,4.555637545702236,4.623002529144287,874280000
2017-09-20,4.626703838446828,4.674081146439339,4.545520491706357,4.585741996765137,724920000
2017-09-21,4.482103637868586,4.508260158034046,4.382660384018477,4.460389137268066,1075600000
2017-09-22,4.449038985845202,4.498637308225439,4.407090181728481,4.4169602394104,491232000
2017-09-25,4.386116582481831,4.3873506341420905,4.198827828334802,4.219555377960205,874580000
2017-09-26,4.35403671827964,4.409063541897769,4.2035144747692925,4.243242263793945,1125620000
2017-09-27,4.33355464879167,4.349594015727894,4.262735094747809,4.336268901824951,713720000
2017-09-28,4.343427093917136,4.347375400009098,4.287659917790014,4.335037708282471,435244000
2017-09-29,4.418933963831018,4.434972863986991,4.373777197721946,4.411284446716309,619092000
2017-10-02,4.461376675610774,4.490494075284112,4.367609009695415,4.4169602394104,503480000
2017-10-03,4.423129370362684,4.455948455610452,4.381920900271138,4.426090717315674,390332000
2017-10-04,4.432259077523877,4.485311988315735,4.395738783234437,4.463103771209717,427848000
2017-10-05,4.487533957389768,4.490988548760033,4.430779351181859,4.460637092590332,437364000
2017-10-06,4.4329977090403165,4.487037557704632,4.416958342710431,4.47371244430542,318800000
2017-10-09,4.510479463025427,4.607702151144036,4.491725843280188,4.574636459350586,563492000
2017-10-10,4.72367906821317,4.761186316278002,4.620781228656902,4.661989688873291,974876000
2017-10-11,4.678523154191402,4.713069532949091,4.632626514945159,4.7115888595581055,529508000
2017-10-12,4.7150435477905255,4.764641871539029,4.686666484024716,4.713809967041016,528292000
2017-10-13,4.775992957846273,4.8117729207262805,4.729109355437377,4.8016557693481445,628728000
2017-10-16,4.831511689209335,4.887032219208488,4.768341643047962,4.884070873260498,576640000
2017-10-17,4.863345996483404,4.9080090668765886,4.845086078867864,4.879631996154785,478596000
2017-10-18,4.888512414050807,4.889252279812874,4.77031556399297,4.875433921813965,567316000
2017-10-19,4.797953034844264,4.885798458987188,4.748848437707955,4.880863666534424,570772000
2017-10-20,4.897890955677958,4.925033966777259,4.849772836939612,4.858656406402588,451620000
2017-10-23,4.880370719317214,4.906773863364467,4.831512736458317,4.851747035980225,428696000
2017-10-24,4.860875706365627,4.90430517196474,4.834966282564694,4.902577877044678,407244000
2017-10-25,4.8630973851669195,4.915903669121941,4.717263784669593,4.778706073760986,828160000
2017-10-26,4.806344879991398,4.840397079965141,4.782409361728145,4.828799724578857,322744000
2017-10-27,4.880863573476666,4.981293775427688,4.854953677993826,4.9810471534729,572192000
2017-10-30,4.981047815313874,5.085425865020742,4.965255065709937,5.029905796051025,504056000
2017-10-31,5.061737718778116,5.1298425725651375,5.056062118190584,5.1031928062438965,411908000
2017-11-01,5.1658697271553615,5.181168764657281,5.0486597843027905,5.11281681060791,502576000
2017-11-02,5.083205793911416,5.127868851709636,5.025217617115734,5.081725120544434,342308000
2017-11-03,5.11281594877186,5.149582862854004,5.0669193146553395,5.149582862854004,353640000
2017-11-06,5.112815097434211,5.181413650526231,5.1004774110165,5.17277717590332,389944000
2017-11-07,5.19547957856975,5.253467745481951,5.183388512989801,5.231999397277832,427700000
2017-11-08,5.227559014398786,5.231260698010852,5.113804135530136,5.161181449890137,522988000
2017-11-09,5.065191742967513,5.0913477917094525,4.944280614060956,5.066425323486328,978564000
2017-11-10,5.257909200419188,5.3958466532719935,5.222129248253797,5.333416938781738,1253256000
2017-11-13,5.333418976702378,5.35883469761431,5.231508059038229,5.246807098388672,582376000
2017-11-14,5.255936801907377,5.300353246142824,5.2122606944962255,5.2850542068481445,529292000
2017-11-15,5.230024519688293,5.231258570608033,5.127620414018454,5.181413173675537,501948000
2017-11-16,5.255441375550552,5.285545726872409,5.2127522447468815,5.221635341644287,441768000
2017-11-17,5.278637513278716,5.313923756026012,5.200415509912734,5.21546745300293,515664000
2017-11-20,5.231013859378572,5.294677643418057,5.194246938064573,5.282586574554443,396100000
2017-11-21,5.322313210280413,5.342794130397142,5.290481560536533,5.331196308135986,399176000
2017-11-22,5.358359740780388,5.358359740780388,5.274650632517011,5.307245254516602,356640000
2017-11-24,5.3235427461240254,5.358359922569232,5.299096543305109,5.357371807098389,180752000
2017-11-27,5.366011772744128,5.367246209926774,5.284524789305427,5.2877349853515625,422896000
2017-11-28,5.292922832387818,5.302306160495451,5.142049202613219,5.203040599822998,512752000
2017-11-29,5.1857549931611935,5.1884711326174875,4.7220223386650035,4.8501787185668945,1396788000
2017-11-30,4.918825857593671,5.004757046867638,4.8558591677924925,4.956111907958984,823768000
2017-12-01,4.921541315397551,4.941789672100705,4.752641893589117,4.88129186630249,811548000
2017-12-04,4.9398147680252995,4.945988370221794,4.555840542977251,4.609177112579346,1240844000
2017-12-05,4.50398499760678,4.758322042474608,4.459044114595156,4.635845184326172,981488000
2017-12-06,4.585470584268819,4.695107099743963,4.564234585032365,4.673377513885498,467032000
2017-12-07,4.740047608922165,4.780544315834879,4.694612681270943,4.740788459777832,542600000
2017-12-08,4.790669944524561,4.809683868173237,4.720048414331491,4.7284440994262695,466876000
2017-12-11,4.742518654400664,4.809683661290111,4.726715400414755,4.80672025680542,372748000
2017-12-12,4.7632609779938075,4.786472271749457,4.688935196712779,4.712393283843994,455016000
2017-12-13,4.753382020939242,4.754616458388995,4.58991490318919,4.597322940826416,554280000
2017-12-14,4.590902437909763,4.675352369434619,4.558307826650252,4.604483604431152,438164000
2017-12-15,4.648437403530416,4.75041908036223,4.583494972862359,4.730170726776123,670036000
2017-12-18,4.770667556389095,4.889687404876546,4.74103634416411,4.886724472045898,477704000
2017-12-19,4.877341701368436,4.882527187648366,4.8141277506400355,4.842524528503418,373100000
2017-12-20,4.881786521877626,4.8909225860625005,4.804003753747096,4.859562873840332,288820000
2017-12-21,4.863019352411665,4.887959137740349,4.828696239545288,4.83709192276001,300904000
2017-12-22,4.800298843351743,4.8311649616097,4.722516093467407,4.821781635284424,466276000
2017-12-26,4.766469589690461,4.88302008893235,4.7365911139468935,4.875365257263184,355080000
2017-12-27,4.862031879793944,4.937838882780134,4.847463065811417,4.868698596954346,329488000
2017-12-28,4.892405923707915,4.92327205952486,4.868206978726918,4.874380111694336,240248000
2017-12-29,4.90055400373004,4.90055400373004,4.778077125549316,4.778077125549316,279964000
2018-01-02,4.834375017324645,4.926232998453694,4.802768516998509,4.9225287437438965,355616000
2018-01-03,5.039819109590374,5.276871112529027,5.031176635257251,5.2464985847473145,914704000
2018-01-04,5.327740403287896,5.384287169511591,5.251932921727809,5.27415657043457,583268000
2018-01-05,5.288970616280123,5.356135123309925,5.212175519795842,5.318849086761475,580124000
2018-01-08,5.4423143725652325,5.555901465342016,5.397373027882378,5.481822967529297,881216000
2018-01-09,5.4872563701388914,5.526764973194895,5.3988558354776055,5.480342388153076,497000000
2018-01-10,5.387991092496916,5.526765268307628,5.333666878139085,5.523308277130127,582664000
2018-01-11,5.555900323333373,5.587260493742609,5.511699838651146,5.5331830978393555,406032000
2018-01-12,5.521331639654908,5.555654749671344,5.46552573671378,5.506021976470947,359916000
2018-01-16,5.532443747287633,5.617880865788269,5.350704010135814,5.435153484344482,702348000
2018-01-17,5.449722781931612,5.5588652570627,5.355889972136408,5.548988342285156,538408000
2018-01-18,5.529727471644802,5.596398410676426,5.498614555155242,5.542074203491211,408632000
2018-01-19,5.632202609560371,5.706281108604967,5.605287537749139,5.682082176208496,609380000
2018-01-22,5.689985059738738,5.772212466195603,5.6324506487519335,5.77048397064209,550944000
2018-01-23,5.8238200022750926,5.92209791736987,5.805300610615454,5.899380683898926,475228000
2018-01-24,5.9025904287862,5.93839524547815,5.767026465621453,5.822585582733154,579972000
2018-01-25,5.8769098979758745,5.920122754728152,5.8213512508338745,5.836166858673096,409884000
2018-01-26,5.879872543227689,6.008769303849789,5.867032225829724,6.0085225105285645,516356000
2018-01-29,5.993954179465622,6.126555205457101,5.941358468062582,6.095441818237305,455116000
2018-01-30,5.95370478502649,6.0848241102499605,5.8870338459000475,5.993460178375244,570832000
2018-01-31,6.068772946829248,6.155198176737527,6.036178331753405,6.06951379776001,478576000
2018-02-01,5.889749623333987,6.096676409437072,5.878391007501542,5.938641548156738,519224000
2018-02-02,5.8522161029264055,5.876168240398628,5.708256484793646,5.766284465789795,718464000
2018-02-05,5.605287154203702,5.759123684891656,5.062043295116447,5.276871681213379,1165204000
2018-02-06,5.0472278136425,5.57318626405171,5.0373504296823395,5.570223331451416,1114800000
2018-02-07,5.66899568719736,5.802090300947284,5.597880113087888,5.649734973907471,802932000
2018-02-08,5.775173819591477,5.808262016728006,5.370950913075161,5.3711981773376465,1144000000
2018-02-09,5.883082992680038,5.898886243549443,5.371199240991339,5.730727672576904,1674604000
2018-02-12,5.811719483311583,5.814682886868104,5.556642120188144,5.630720615386963,1093172000
2018-02-13,5.594422971878374,5.790484735326262,5.562075147582211,5.744308948516846,625524000
2018-02-14,5.704059091960149,5.99024985565589,5.692947269878567,5.961359024047852,744988000
2018-02-15,6.044575827374688,6.132976372293967,5.9638301163965,6.086800575256348,698900000
2018-02-16,6.05963625055315,6.173223333825346,6.01197877048852,6.021115303039551,637656000
2018-02-20,6.043586122082813,6.219399507428301,6.039881867581007,6.150506496429443,686240000
2018-02-21,6.214958132511694,6.22187211656839,5.959880160763324,5.963583946228027,892292000
2018-02-22,5.997432289076396,6.06908595216146,5.917624671658032,5.9831013679504395,534364000
2018-02-23,6.04289490180953,6.076498031616211,5.992243024770804,6.076498031616211,415300000
2018-02-26,6.122703332679039,6.12715073010271,6.030294359867452,6.092559337615967,469312000
2018-02-27,6.065874408051468,6.1501299029866745,6.056732665879377,6.079711437225342,455436000
2018-02-28,6.090581721935456,6.130114872492914,5.967781819998213,5.979394912719727,523116000
2018-03-01,5.97716993297133,6.031033994346544,5.636443397901122,5.737500190734863,1040120000
2018-03-02,5.630021027743416,5.850913006314892,5.481524503696904,5.844488620758057,913428000
2018-03-05,5.794331316354615,5.862031957639764,5.671037022574234,5.822498798370361,620776000
2018-03-06,5.907742143633692,6.002622009590506,5.864749844281016,5.983349323272705,636808000
2018-03-07,5.880561141732676,6.027575476602985,5.879325937048318,5.975440979003906,581208000
2018-03-08,6.002868183974079,6.002868183974079,5.914906608712613,5.959134578704834,411912000
2018-03-09,6.006572947217894,6.074520512230115,5.990512930707261,6.061672687530518,505524000
2018-03-12,6.102937080439439,6.251186182577723,6.094783125334736,6.171131610870361,605060000
2018-03-13,6.213875849328938,6.28824780511237,6.07921591098693,6.120478630065918,619772000
2018-03-14,6.163472458535161,6.190651682452513,6.083664827894919,6.14592981338501,505496000
2018-03-15,6.159517568603028,6.24179558454963,6.1187487450164575,6.160752773284912,401952000
2018-03-16,6.17706093479271,6.207946239466674,6.139504298744164,6.188920974731445,399456000
2018-03-19,6.1320919277643275,6.161000243993237,5.855853764205862,5.954686641693115,713772000
2018-03-20,5.95764945727377,6.205473116533226,5.95764945727377,6.166681289672852,554696000
2018-03-21,6.160259246634437,6.226477725635134,6.111089987723472,6.141481399536133,438688000
2018-03-22,6.078227407471712,6.124678832896503,5.938378766555672,5.9756879806518555,551196000
2018-03-23,5.989279904424311,5.991750786043419,5.7451626442352675,5.75628137588501,735620000
2018-03-26,5.880561753784872,6.041906553384697,5.828674668740064,6.040671348571777,611424000
2018-03-27,6.1214667902168935,6.177060428326292,5.43210709147728,5.572202682495117,1409000000
2018-03-28,5.537858984553236,5.66782412342045,5.3616893596201365,5.469170093536377,945904000
2018-03-29,5.537364800411296,5.818791705378914,5.45310978014229,5.722182750701904,916628000
2018-04-02,5.651763826874527,5.79778944981991,5.37404303062302,5.461757183074951,922092000
2018-04-03,5.628538105455683,5.691543919765226,5.4691698198924845,5.568002700805664,667432000
2018-04-04,5.3125214271173755,5.600372805400798,5.2875661326586005,5.589995384216309,789168000
2018-04-05,5.648304155360375,5.661399398934045,5.3985039130729096,5.469910621643066,701240000
2018-04-06,5.367372845114539,5.47534796151835,5.264586438399381,5.2937421798706055,662988000
2018-04-09,5.3567469184188905,5.484488578032637,5.30238848463379,5.322402477264404,499524000
2018-04-10,5.552438153600226,5.658189342678052,5.495361871773963,5.6312575340271,761676000
2018-04-11,5.616433302065021,5.657696039995497,5.557380497272907,5.589995384216309,460244000
2018-04-12,5.682896387062029,5.814344149524457,5.638668417093566,5.796554088592529,593920000
2018-04-13,5.860053907226452,5.868454808084226,5.671777305690125,5.719958305358887,503036000
2018-04-16,5.726630536526406,5.753068448075414,5.625573706188963,5.719712257385254,350792000
2018-04-17,5.771844745813504,5.890444179180896,5.716251114149959,5.869194984436035,447224000
2018-04-18,5.818790588362269,5.9114464924525745,5.7513373842584405,5.840286731719971,391364000
2018-04-19,5.726134706965807,5.75949088912319,5.603829176994369,5.659175395965576,471996000
2018-04-20,5.650527115954983,5.734782113922835,5.619889234776296,5.651021480560303,386200000
2018-04-23,5.668813827014704,5.719959612708337,5.505739419507193,5.531682968139648,427508000
2018-04-24,5.557377754650719,5.653245379891856,5.4002334197732385,5.465463161468506,414596000
2018-04-25,5.43581313300979,5.4748523883524705,5.196143359985117,5.353287696838379,588492000
2018-04-26,5.514879209123028,5.57294372515703,5.448908157916776,5.564789772033691,375824000
2018-04-27,5.670541953739788,5.690308529277498,5.549965513069116,5.592216491699219,400848000
2018-04-30,5.608524430770249,5.6581880564035085,5.537612076202708,5.556884288787842,327844000
2018-05-01,5.548731068939542,5.614949082504897,5.490172174409011,5.612231254577637,253788000
2018-05-02,5.608770757760308,5.653245194599308,5.565531054308875,5.591722011566162,268248000
2018-05-03,5.623597083286024,5.78296538981157,5.578380851702738,5.756774425506592,443144000
2018-05-04,5.728113020450745,5.909965732782992,5.710817323017908,5.9067535400390625,400660000
2018-05-07,6.011268108792078,6.2015216788325995,6.00138458611721,6.144445419311523,687616000
2018-05-08,6.144693980502453,6.189663266453013,6.095771661461134,6.18694543838501,506616000
2018-05-09,6.206958372783613,6.322098697844663,6.1797791521493535,6.3198747634887695,596760000
2018-05-10,6.372749907244618,6.4364970300968425,6.3549598480978355,6.4273552894592285,994080000
2018-05-11,6.245750302554876,6.4189551572692665,6.190404073614181,6.288989543914795,1214456000
2018-05-14,6.32704047074805,6.386834567735954,6.285777746273571,6.309497356414795,523140000
2018-05-15,6.245997092376111,6.248715391426777,5.967041077748978,6.067356586456299,963528000
2018-05-16,6.028811848736104,6.140493036211497,5.991996521218822,6.078475475311279,553828000
2018-05-17,6.080204169037876,6.214122796023594,6.064143679711127,6.120478630065918,519784000
2018-05-18,6.172366670984366,6.2356194326908225,6.0718037481840215,6.076745510101318,483716000
2018-05-21,6.174095676278785,6.177801761741882,5.942085018079283,6.034740924835205,640624000
2018-05-22,6.048084422250063,6.073286655171677,5.9361558188208825,5.9966912269592285,518264000
2018-05-23,5.940567256332524,6.121296407096076,5.93982548661223,6.120059967041016,442956000
2018-05-24,6.116353956860567,6.16604830327713,6.063198331452358,6.123770713806152,437372000
2018-05-25,6.136378857375659,6.1793977382555845,6.100777203792342,6.163080215454102,292112000
2018-05-29,6.145032496721267,6.214011442333314,6.099294104002322,6.146021366119385,352684000
2018-05-30,6.179644883509454,6.2634573298368625,6.154921265787929,6.2548041343688965,390996000
2018-05-31,6.222912359821981,6.309444806909326,6.212281423275929,6.235026836395264,493868000
2018-06-01,6.279774161543991,6.375454443154054,6.271120967026768,6.3692731857299805,421968000
2018-06-04,6.403393210976503,6.570029725256526,6.3712528343067705,6.548026084899902,642024000
2018-06-05,6.551237673134807,6.591042835589261,6.506488165413327,6.553462982177734,391712000
2018-06-06,6.463470416586725,6.5586560350376475,6.447152895468389,6.555441856384277,371356000
2018-06-07,6.551734163638174,6.5636015387033915,6.409573705424271,6.499814987182617,369448000
2018-06-08,6.427126967372603,6.52700983207383,6.4083370374966515,6.484485626220703,360456000
2018-06-11,6.471876245199073,6.513411580308076,6.430588009495123,6.44344425201416,265372000
2018-06-12,6.469899664971444,6.504017779962381,6.419710654500263,6.491903305053711,319160000
2018-06-13,6.493386194154102,6.568298345834007,6.478304641110039,6.487452507019043,338208000
2018-06-14,6.532449575844525,6.655572522514355,6.517615122268855,6.5989556312561035,430016000
2018-06-15,6.541844213493508,6.613047988906187,6.510939808543376,6.558161735534668,432260000
2018-06-18,6.514152774952469,6.5715114266319565,6.4869572243214195,6.553957939147949,356268000
2018-06-19,6.4508615239808345,6.518109821084411,6.304993169028046,6.432319164276123,594932000
2018-06-20,6.473359734758297,6.538135145663278,6.435038106902227,6.485227108001709,369780000
2018-06-21,6.517122796360544,6.535418061818491,6.349002713364306,6.3566670417785645,359516000
2018-06-22,6.377432479185783,6.3907833922434945,6.1890394577479775,6.204367637634277,434160000
2018-06-25,6.098057763376705,6.101766141284527,5.823379381222565,5.911889553070068,665816000
2018-06-26,6.02512192579646,6.073332713500561,5.931419386754138,5.982844352722168,478884000
2018-06-27,6.026358646530971,6.092617600471763,5.822389396022876,5.827828884124756,453892000
2018-06-28,5.817938898780575,5.966774790451967,5.8102745732667165,5.954907417297363,338012000
2018-06-29,6.019930359813952,6.032539031091034,5.855765818174799,5.857002258300781,392300000
2018-07-02,5.787529237669018,5.9927344469603625,5.767008669583508,5.989026069641113,357572000
2018-07-03,6.0236393295648005,6.0295730166874435,5.847113198684711,5.8555192947387695,222732000
2018-07-05,5.910652225971076,6.006084940429795,5.871836398792618,6.001140594482422,306216000
2018-07-06,5.976664149289937,6.123274736456235,5.9554018109891125,6.114868640899658,296352000
2018-07-09,6.189040085660409,6.198682150756022,6.083717724780583,6.1623382568359375,303880000
2018-07-10,6.174700421702649,6.283236492010072,6.134401049815014,6.261232852935791,360016000
2018-07-11,6.168518424251351,6.203131201326417,6.109181561317353,6.119812965393066,367508000
2018-07-12,6.165058249355427,6.259254534040166,6.155168613242787,6.2112908363342285,345508000
2018-07-13,6.229832974492567,6.229832974492567,6.122038216375358,6.164068222045898,246988000
2018-07-16,6.136377334594727,6.189285838740548,6.124015763731801,6.136377334594727,197036000
2018-07-17,6.08717870889515,6.2871920150318585,6.0617133215949455,6.272110462188721,362136000
2018-07-18,6.264693310372985,6.278538422105761,6.171980104393504,6.222910404205322,277640000
2018-07-19,6.204119209283379,6.264692032320633,6.189038132035599,6.231067657470703,235752000
2018-07-20,6.228598117488264,6.2674139515510445,6.192007121605458,6.202885627746582,222352000
2018-07-23,6.176431310870159,6.178161950133588,6.014739146335825,6.166294574737549,301584000
2018-07-24,6.214257858821427,6.300790287758488,6.131433807610705,6.148987770080566,354620000
2018-07-25,6.1583842471982,6.239724778657198,6.100530899710415,6.227115631103516,319112000
2018-07-26,6.207087376228404,6.337379965364397,6.190275185855378,6.300541877746582,325124000
2018-07-27,6.337133309027177,6.344055865179182,6.176924705176644,6.2308220863342285,295420000
2018-07-30,6.244915885311409,6.250849573296613,6.00089432266595,6.035754680633545,340340000
2018-07-31,6.025370966995068,6.128468031541822,5.986555130624442,6.053802967071533,283988000
2018-08-01,6.085200371609465,6.14033371720076,6.02981945505752,6.093605995178223,283556000
2018-08-02,6.022401883522834,6.200163953398901,5.963560164099082,6.196208477020264,269668000
2018-08-03,6.220685057336201,6.256534276607299,6.203873338146573,6.232799530029297,214288000
2018-08-06,6.220192772340055,6.283979333939428,6.173712605627031,6.280518054962158,207508000
2018-08-07,6.329222590857342,6.371252602861012,6.3025212324926825,6.352709770202637,258132000
2018-08-08,6.353944937733337,6.434048996780976,6.319084589081747,6.389051914215088,262100000
2018-08-09,6.406853724259384,6.409573232602088,6.332930442341758,6.34059476852417,204280000
2018-08-10,6.2587603984752835,6.331694815070367,6.247634793517938,6.299306869506836,256396000
2018-08-13,6.30796013430305,6.452840099767012,6.306229495103313,6.332189083099365,375208000
2018-08-14,6.437510873299413,6.477563142330335,6.354439727543762,6.463470458984375,466220000
2018-08-15,6.484238823873163,6.518110310173274,6.3267501822412875,6.405371189117432,591136000
2018-08-16,6.4750909943011195,6.477563403260773,6.304745648022211,6.364823818206787,801260000
2018-08-17,6.253568622621382,6.2543103925105195,6.025864600772823,6.052813529968262,1143188000
2018-08-20,6.012265666288376,6.2599950599797145,5.90199850904991,6.127477169036865,854388000
2018-08-21,6.143795822264557,6.267413442545277,6.124017021882193,6.26296329498291,673988000
2018-08-22,6.230328803129993,6.5027818850753185,6.226867524545311,6.497837066650391,749856000
2018-08-23,6.4592673179771385,6.6624947963325365,6.445422205811384,6.597224712371826,720684000
2018-08-24,6.605631467323773,6.744824844240702,6.601181319621181,6.73023796081543,531512000
2018-08-27,6.759904840909922,6.89538981824328,6.728506241032562,6.821219444274902,505776000
2018-08-28,6.8152870382966295,6.83803291943394,6.663731611887613,6.7836408615112305,475384000
2018-08-29,6.775971957096754,6.914004818889428,6.755192928225578,6.8890204429626465,420108000
2018-08-30,6.857851907460349,6.96892158076988,6.8353412912755545,6.872199535369873,346608000
2018-08-31,6.852162050917383,6.956057664812607,6.8422670058694015,6.943194389343262,306592000
2018-09-04,6.9300840620367445,7.055500891753382,6.901636512569428,7.0179009437561035,391720000
2018-09-05,7.000337059306588,7.03571095061915,6.80639850765602,6.887288570404053,393156000
2018-09-06,6.870961991910118,6.873435753245805,6.713387216582884,6.7462873458862305,322796000
2018-09-07,6.6542664246592444,6.850431523836252,6.609492424088,6.725014686584473,295420000
2018-09-10,6.7475251346492575,6.825694207721541,6.703740545471441,6.796009540557861,220140000
2018-09-11,6.749749622402886,6.837318780423623,6.728970596124407,6.748265743255615,243112000
2018-09-12,6.708440387526192,6.727982773823479,6.479127925219623,6.634476661682129,419092000
2018-09-13,6.700275756057239,6.802687007359959,6.682959900984516,6.712149620056152,305536000
2018-09-14,6.802440210236953,6.904109292599834,6.765581971288428,6.838061332702637,386936000
2018-09-17,6.812584100065427,6.861563449924384,6.756925640720748,6.776220321655273,205528000
2018-09-18,6.780178095532601,6.882836607123447,6.697556439574552,6.704235076904297,299520000
2018-09-19,6.685680863104906,6.745791886455003,6.635712118195757,6.727981090545654,224860000
2018-09-20,6.606027784289586,6.648328013817437,6.53305348337467,6.58698034286499,430584000
2018-09-21,6.598854869429416,6.644371040128891,6.483827562009334,6.516974925994873,435128000
2018-09-24,6.486052567078255,6.576095483729649,6.398978352286372,6.572632312774658,293912000
2018-09-25,6.638682392191445,6.664656182667533,6.553092029111985,6.639671802520752,280388000
2018-09-26,6.6446175735390725,6.684938982710271,6.5869803086173615,6.602811813354492,268548000
2018-09-27,6.6379397584529185,6.659213730441383,6.583271184911978,6.614686965942383,214428000
2018-09-28,6.746536001719056,6.973869180146489,6.718582919331581,6.951605796813965,709396000
2018-10-01,7.029279026081492,7.224701442580999,6.990689200657039,7.157911777496338,622060000
2018-10-02,7.130453550034417,7.2420172061980805,7.064405589517653,7.086668968200684,383964000
2018-10-03,7.156920774911413,7.164342057346201,6.988956520652215,7.0928521156311035,320552000
2018-10-04,7.056737575588032,7.08097977620803,6.831877717918174,6.908810138702393,391220000
2018-10-05,6.884074376103065,6.946164241261604,6.618150876133432,6.675540924072266,426636000
2018-10-08,6.59242317265542,6.707697717759695,6.433611276027734,6.574365139007568,408612000
2018-10-09,6.55383295047159,6.648328460251058,6.500895969321754,6.568675518035889,273500000
2018-10-10,6.462801951834877,6.508565836912431,6.075419728350444,6.077646255493164,684940000
2018-10-11,5.990568968465793,6.123901981447978,5.794899355925963,5.816420555114746,725436000
2018-10-12,6.073192116198131,6.1728823781893505,5.928232921817246,6.098670959472656,608236000
2018-10-15,6.085313590991073,6.085313590991073,5.821616676578489,5.822606086730957,449760000
2018-10-16,5.935159483401088,6.092239782889113,5.8859329088283365,6.081108093261719,408712000
2018-10-17,6.143199146203947,6.181294510431479,5.963608197714108,6.012587547302246,329668000
2018-10-18,6.081848718427061,6.120190828174798,5.8649046791954245,5.925262928009033,524020000
2018-10-19,5.980428804861731,5.999970717753412,5.6326258798969935,5.668989181518555,613608000
2018-10-22,5.721185164674777,5.8211226836767285,5.617042297973618,5.719700813293457,368844000
2018-10-23,5.452786173586283,5.545797790628044,5.3607644383631605,5.4683709144592285,626436000
2018-10-24,5.4300308801116834,5.4765364745777125,4.918963338483547,4.932816028594971,884288000
2018-10-25,4.835349841273153,5.188594678123856,4.791070324510031,5.1413469314575195,951720000
2018-10-26,4.905603874712344,5.067136769292304,4.777218817229926,4.905109405517578,664784000
2018-10-29,5.046109524275561,5.049572695252985,4.353966966959288,4.5916900634765625,758016000
2018-10-30,4.614696215400488,5.031515318709477,4.591690660137457,5.021620273590088,807192000
2018-10-31,5.186122279178459,5.258849356854251,5.046605057013986,5.2153120040893555,745772000
2018-11-01,5.251674635167855,5.404797289971184,5.125268412199563,5.395397186279297,566528000
2018-11-02,5.385997978722489,5.491625191679545,5.199975165957487,5.316486835479736,452960000
2018-11-05,5.303375339716033,5.3266286019097615,5.0780210135951505,5.238564491271973,379332000
2018-11-06,5.230648964413517,5.314754966188575,5.183895675237758,5.221001625061035,299012000
2018-11-07,5.287543323842536,5.378080715270347,5.223969126281624,5.288532733917236,483812000
2018-11-08,5.229410452945353,5.230152628362469,5.042151055235573,5.095583438873291,511352000
2018-11-09,5.0067778873565185,5.1779581003272765,4.973135585180833,5.087667942047119,413240000
2018-11-12,4.996388890300503,5.018405036415534,4.666891233283571,4.688660144805908,617116000
2018-11-13,4.786370518482442,5.051551263215428,4.780185880484235,4.930339813232422,644712000
2018-11-14,5.1032520397163585,5.117599665092707,4.770044494083222,4.8778977394104,526580000
2018-11-15,4.871960150225753,5.078514687955519,4.836091327532918,5.006529808044434,840708000
2018-11-16,4.040053429877878,4.221623112946388,3.9977527379674234,4.067511558532715,1963520000
2018-11-19,4.002207666726646,4.0029493705978,3.5777197365459137,3.579451322555542,1697820000
2018-11-20,3.316248136809851,3.815936300555295,3.2976954010804183,3.687798500061035,1692032000
2018-11-21,3.8248415064939874,3.8416626558558136,3.5524867085536456,3.579697370529175,1025496000
2018-11-23,3.5450660979424735,3.7004145730867912,3.532202822863743,3.58687162399292,411968000
2018-11-26,3.707836190930004,3.7963947733887093,3.6254617760851735,3.7860052585601807,814832000
2018-11-27,3.760031700190718,3.8839644255744283,3.724163098958527,3.8028268814086914,738060000
2018-11-28,3.9203270967711465,3.9648538567933307,3.787983933272836,3.9596590995788574,804524000
2018-11-29,3.961887935753284,3.999030540692202,3.866307468648602,3.896516799926758,549172000
2018-11-30,3.906173895488522,4.057468510149171,3.8559074239718827,4.046821117401123,729564000
2018-12-03,4.273886762475256,4.325391352126382,4.143639451874544,4.210496425628662,890804000
2018-12-04,4.165925076470357,4.1708775498111645,3.8752215979376574,3.890326499938965,812112000
2018-12-06,3.7499269793302012,3.9244976492330004,3.7343271134482365,3.9195454120635986,692308000
2018-12-07,3.92375518548507,3.933907615271316,3.6058137767639558,3.6550896167755127,681676000
2018-12-10,3.6102699118874186,3.785088276464206,3.6065555573984267,3.760326385498047,629472000
2018-12-11,3.8519455835220526,3.860116975709195,3.5904610335335025,3.6694512367248535,671912000
2018-12-12,3.675145999944551,3.7831074053135567,3.586003613639559,3.6870317459106445,654136000
2018-12-13,3.733831576682287,3.7979645890058,3.6508795452886424,3.686784029006958,471384000
2018-12-14,3.6451839667390646,3.728878911987021,3.6028414121564096,3.6263651847839355,471820000
2018-12-17,3.5964034794123507,3.6684601640487577,3.4973561485793327,3.5552988052368164,662868000
2018-12-18,3.5991271888681555,3.722440974942913,3.5718892969335556,3.638498544692993,564372000
2018-12-19,3.6048222500158973,3.658307868542155,3.3782518207392216,3.4297564029693604,745364000
2018-12-20,3.4213377937059306,3.511223101443563,3.2856430548572284,3.3453190326690674,749588000
2018-12-21,3.3718135142772416,3.4047467940180467,3.1809000985336753,3.208385705947876,863740000
2018-12-24,3.132120241389947,3.2185389209734288,3.0828441687449724,3.1467297077178955,463840000
2018-12-26,3.1927860386286473,3.2967856023218456,3.081853202175488,3.295795202255249,695100000
2018-12-27,3.2435485909181923,3.2779674822041622,3.099682433294884,3.2480056285858154,637044000
2018-12-28,3.2685574277578042,3.4020236512278625,3.226710068592887,3.3094143867492676,628728000
2018-12-31,3.352747616905251,3.385185466316199,3.2749955349610382,3.3057003021240234,465140000
2019-01-02,3.2348818385272353,3.4290142278852103,3.220272371599905,3.3730525970458984,508752000
2019-01-03,3.3128810650449374,3.3468047509537686,3.161834173940892,3.169262647628784,705552000
2019-01-04,3.242309404030075,3.410441967558925,3.2116048783493887,3.3723089694976807,585620000
2019-01-07,3.4295090569356015,3.5877369282498313,3.3782519546193495,3.550841808319092,709160000
2019-01-08,3.632308561774112,3.6345373165933417,3.3898905036888123,3.462442636489868,786016000
2019-01-09,3.5136993844836737,3.577832640427813,3.4631854305185543,3.5305376052856445,617260000
2019-01-10,3.5112225828984993,3.604821995452635,3.450803695822795,3.5961554050445557,523156000
2019-01-11,3.5738701643159874,3.7080792986049738,3.546137071809889,3.685298442840576,874764000
2019-01-14,3.6330510639730837,3.750421983358888,3.609527289244213,3.7251648902893066,730168000
2019-01-15,3.7578503426020893,3.797221699312551,3.6927269296751715,3.7110507488250732,617012000
2019-01-16,3.7382888658650337,3.7712219153154525,3.680098722595817,3.6855461597442627,470104000
2019-01-17,3.6526127323510096,3.7967263343986897,3.6253746048394815,3.75685977935791,493436000
2019-01-18,3.8066308788815384,3.9118685575601817,3.7551262986202842,3.885868549346924,651336000
2019-01-22,3.85565930568807,3.867297332883879,3.653603052745523,3.683812379837036,661552000
2019-01-23,3.7390314439548784,3.8276786281555033,3.6654889238183594,3.696688652038574,591020000
2019-01-24,3.7811268114937553,3.925983108591916,3.7764220564709214,3.908402442932129,708972000
2019-01-25,3.848974150204566,3.9836782623502893,3.746460406726317,3.965602159500122,1154572000
2019-01-28,3.3812235989990995,3.507261112893083,3.2437957746546737,3.4173758029937744,2511528000
2019-01-29,3.371319099478762,3.419604771292612,3.2440434593396374,3.258652925491333,1153932000
2019-01-30,3.3346718522928787,3.4163857793900756,3.255186443907979,3.402024030685425,974228000
2019-01-31,3.398804447009973,3.595165565429852,3.3770139904824843,3.5595085620880127,842852000
2019-02-01,3.5780798883137495,3.634784430377582,3.5305373742978947,3.583775043487549,625048000
2019-02-04,3.5996223824688434,3.7311075595030876,3.577584445320874,3.693964958190918,528592000
2019-02-05,3.7058507771176155,3.7496791731204335,3.672174809486618,3.713031768798828,542424000
2019-02-06,3.746211644358861,3.852935149397066,3.7407642085122244,3.7885544300079346,702464000
2019-02-07,3.7422505305478992,3.7444790489285333,3.6075464299573263,3.6503841876983643,637120000
2019-02-08,3.583280279029312,3.679603673198839,3.5689185302913784,3.6689562797546387,461604000
2019-02-11,3.624879348540675,3.679107648481847,3.57807952137513,3.6263651847839355,495180000
2019-02-12,3.6647458416340464,3.7588406944226036,3.650383860208368,3.7432405948638916,591060000
2019-02-13,3.7727078257234665,3.858631301098717,3.759088760291424,3.785583972930908,605372000
2019-02-14,3.784593687951043,3.8546695815008256,3.741507971816293,3.8264410495758057,827264000
2019-02-15,4.034936256015049,4.057716882991692,3.8732416950886557,3.8960225582122803,1516748000
2019-02-19,3.885373888543268,3.959164132900291,3.8663073863818664,3.878688097000122,551892000
2019-02-20,3.9079063763054944,3.9930869169133465,3.8967637858350845,3.9259824752807617,540988000
2019-02-21,3.9386119879459383,3.963125928417421,3.8425360819180625,3.8571455478668213,448548000
2019-02-22,3.9088975865337567,3.960649654890205,3.895278521746518,3.941830635070801,401740000
2019-02-25,4.025278219081672,4.092630154426869,3.9207832069845323,3.929450035095215,656020000
2019-02-26,3.9247446663612737,3.9807062824177173,3.8566495873057502,3.890078067779541,488464000
2019-02-27,3.875717408161542,3.902212387421229,3.7912795242699078,3.848231792449951,500256000
2019-02-28,3.8420343108237707,3.8643429349671288,3.801383218768535,3.8236916065216064,324944000
2019-03-01,3.8735140741506693,3.920114163022685,3.8152639630606497,3.8779759407043457,357188000
2019-03-04,3.916396067248157,3.9392004003948013,3.829640364654736,3.886155605316162,409992000
2019-03-05,3.870539918606182,3.917883695502126,3.8162557224446934,3.879711389541626,362924000
2019-03-06,3.8707880269861183,3.8792155779351165,3.7661855511122075,3.7689120769500732,403524000
2019-03-07,3.7453636217638,3.7550308023781716,3.6536505745820045,3.6997549533843994,450104000
2019-03-08,3.610520934256211,3.7446204227699456,3.589203729921153,3.733961820602417,422416000
2019-03-11,3.757509503280867,4.017032460304873,3.710413468340198,3.9942283630371094,859728000
2019-03-12,4.02199123748656,4.074788076110104,3.9458941114497335,4.028436183929443,579576000
2019-03-13,4.065864661185233,4.208887435194801,4.058428293901747,4.179638385772705,768900000
2019-03-14,4.188808980129908,4.200706976177281,4.0961042731064214,4.103788375854492,519384000
2019-03-15,4.146919484957192,4.251769956100465,4.1434492744807985,4.209136009216309,661484000
2019-03-18,4.240614399309603,4.294403118729659,4.160799108934964,4.187817573547363,486992000
2019-03-19,4.282256034301148,4.399748130589831,4.2654009372849435,4.3553786277771,854972000
2019-03-20,4.3843812334290755,4.4376740109521435,4.288206307728212,4.322908878326416,719148000
2019-03-21,4.3459598390483,4.585652922155928,4.341002262962438,4.559378147125244,824312000
2019-03-22,4.532113174346897,4.580696104244209,4.385867965071541,4.399748802185059,747644000
2019-03-25,4.3590980863019135,4.423296963469352,4.2413582249487405,4.307540416717529,525212000
2019-03-26,4.449075417579673,4.505094712857802,4.327865357021131,4.3841328620910645,703508000
2019-03-27,4.409663941641556,4.456015819945909,4.305557190848552,4.3749613761901855,474372000
2019-03-28,4.400987718648294,4.459238062152531,4.340506796604897,4.393551826477051,480264000
2019-03-29,4.460230594950168,4.475103328561793,4.40991255062805,4.450811386108398,456896000
2019-04-01,4.542523810574591,4.548472808317169,4.470888573432599,4.518232345581055,483824000
2019-04-02,4.542276137523133,4.580448440193339,4.499393994882644,4.536078929901123,440920000
2019-04-03,4.585654069826234,4.734378080160501,4.5806964924996185,4.675384044647217,783504000
2019-04-04,4.660016045538845,4.708847191535176,4.603749006002984,4.666460990905762,457376000
2019-04-05,4.709588879702584,4.750488167960916,4.673151693013841,4.7331366539001465,481744000
2019-04-08,4.70265067230615,4.778995762583968,4.678606940157051,4.753960609436035,424192000
2019-04-09,4.720496502982226,4.7316508138308535,4.649109008107119,4.691247463226318,439972000
2019-04-10,4.690505058897401,4.78742320116161,4.686043427897053,4.76164436340332,444772000
2019-04-11,4.76412326296289,4.795603363318447,4.698437008956737,4.747763633728027,374600000
2019-04-12,4.786430241363831,4.790396396967213,4.701161914525343,4.709837436676025,471708000
2019-04-15,4.702155077037097,4.707112655182622,4.5385587804801535,4.578218460083008,440092000
2019-04-16,4.617381019632482,4.684058672633451,4.584661771984165,4.665220260620117,394964000
2019-04-17,4.700171840361227,4.720993099487899,4.62010880387607,4.6424174308776855,351004000
2019-04-18,4.649109843021277,4.683068255652355,4.590115806147697,4.61787748336792,380988000
2019-04-22,4.594330109200356,4.687282566990135,4.562850482483871,4.671666622161865,279936000
2019-04-23,4.684802944457456,4.757430076453827,4.675136000252518,4.726197719573975,346856000
2019-04-24,4.736607879880067,4.779242281427009,4.675879222350462,4.738591194152832,318204000
2019-04-25,4.698435048781748,4.720743667774978,4.5534294981062216,4.632996559143066,499296000
2019-04-26,4.479315954390358,4.483778057349987,4.295642123758112,4.414373397827148,868988000
2019-04-29,4.422306222315708,4.4728724787623,4.350175021216706,4.44511079788208,391920000
2019-04-30,4.412887409561635,4.512036616457512,4.393801252241527,4.48650598526001,362920000
2019-05-01,4.53880668205535,4.580945147868897,4.473119958040308,4.473368167877197,354280000
2019-05-02,4.483034721987003,4.582431642632066,4.439904838935968,4.5407891273498535,394684000
2019-05-03,4.549217257378055,4.559131940096443,4.474855009477279,4.536327838897705,336824000
2019-05-06,4.350174987888833,4.470145918397513,4.312994098026153,4.458000183105469,422176000
2019-05-07,4.4096658867279555,4.4096658867279555,4.242847085753459,4.2909345626831055,555220000
2019-05-08,4.263417907341127,4.3910724144750946,4.251519914220429,4.311009407043457,419168000
2019-05-09,4.242101798416919,4.251768743017239,4.099822736698089,4.21855354309082,660248000
2019-05-10,4.187817103269643,4.253255601624408,4.065119682464196,4.184594631195068,569500000
2019-05-13,4.052726536980217,4.075778844553139,3.911686638804407,3.9275505542755127,656912000
2019-05-14,3.967210571591715,4.05173571178523,3.9285425526597293,4.016537666320801,524880000
2019-05-15,3.9610134971586377,3.991997646177927,3.9017719611969133,3.9555604457855225,502320000
2019-05-16,3.9501064795673853,4.013314161077269,3.9077202882386697,3.970679759979248,781088000
2019-05-17,3.9287902508678076,4.057932163280862,3.8405474063361402,3.8799591064453125,1022068000
2019-05-20,3.7813049192360104,3.83633278861379,3.736687676737215,3.761475086212158,572064000
2019-05-21,3.8222043901666933,3.859385271984661,3.783536140697449,3.8435213565826416,361848000
2019-05-22,3.8048539998931146,3.8308805743775762,3.7617238764197856,3.772630453109741,325868000
2019-05-23,3.7104136568987665,3.7104136568987665,3.5919303524941824,3.651667833328247,591844000
2019-05-24,3.670506072343846,3.705704114217534,3.5911867278095704,3.597879409790039,357584000
2019-05-28,3.6154778164753076,3.6481970641758896,3.5507827684198823,3.5527658462524414,428356000
2019-05-29,3.50517475942802,3.540124828463809,3.443950145259975,3.4786524772644043,559800000
2019-05-30,3.4818785056992767,3.5176129997385956,3.413883688106398,3.4520998001098633,394300000
2019-05-31,3.403213198882425,3.4704634892612543,3.359785827593994,3.361522912979126,389720000
2019-06-03,3.3726896529546333,3.4114020408869172,3.2905501343227805,3.3198325634002686,478644000
2019-06-04,3.383857055869999,3.5538441164202785,3.361771221820737,3.548632860183716,641836000
2019-06-05,3.6223354147714772,3.6277949277908506,3.4697194366685933,3.5059502124786377,511616000
2019-06-06,3.510168309378134,3.5925560834584522,3.507686691465688,3.567988634109497,408140000
2019-06-07,3.5739447099018427,3.644917189289571,3.554836534431191,3.6106717586517334,348856000
2019-06-10,3.6667542880905364,3.751871926796755,3.6667542880905364,3.6833808422088623,402780000
2019-06-11,3.7431863298375854,3.780906161129714,3.7014962889274483,3.740952968597412,383872000
2019-06-12,3.6975253781271924,3.7037294219232213,3.6129042560259834,3.6280417442321777,358892000
2019-06-13,3.6501283303631413,3.697526146173898,3.6325092209787107,3.6791627407073975,308080000
2019-06-14,3.5861042821856657,3.6104234768649275,3.5446622539774637,3.5893301963806152,394428000
2019-06-17,3.5875925454851405,3.6359831440619303,3.5647621832656573,3.5990078449249268,276040000
2019-06-18,3.660302133322271,3.849148828276231,3.64938334735258,3.7938101291656494,581920000
2019-06-19,3.8290484894629415,3.840463552055667,3.773709551550996,3.7997660636901855,331644000
2019-06-20,3.890344172326175,3.9042408568463682,3.809693466815564,3.8240864276885986,350168000
2019-06-21,3.809195823753906,3.8583307149583783,3.759564419714578,3.7660164833068848,434428000
2019-06-24,3.7873585064817115,3.8178817434588725,3.7402087138632987,3.788351058959961,282948000
2019-06-25,3.7933139109527065,3.8682570586619445,3.7563386132870105,3.759068250656128,311868000
2019-06-26,3.886373148924366,4.013181086360025,3.8734690190221097,3.952134370803833,584072000
2019-06-27,4.037747898512495,4.0697599636115775,4.001765150254064,4.050652027130127,445440000
2019-06-28,4.09457600138995,4.103757940700078,4.028814780708891,4.075468063354492,397668000
2019-07-01,4.282430761166285,4.316676431741512,4.0861391515964955,4.123610973358154,709756000
2019-07-02,4.106983432433489,4.1280769479164805,4.012684318865418,4.02583646774292,400228000
2019-07-03,4.049162190065574,4.0548699572717775,3.9789342653880677,4.0387396812438965,246636000
2019-07-05,3.9804238132017913,3.9848905356213633,3.912925044092125,3.9762051105499268,396552000
2019-07-08,3.91664803088725,3.935507948974914,3.8712355575910116,3.9012622833251953,329788000
2019-07-09,3.859075097090213,3.931784883171469,3.8464192260403345,3.903743267059326,342860000
2019-07-10,3.9471713022370607,4.029310823195761,3.9332746200195334,3.971987009048462,452076000
2019-07-11,4.044943986198475,4.1670369236067675,4.007720668204289,4.126339435577393,682560000
2019-07-12,4.154134369803797,4.230318592995096,4.154134369803797,4.159345626831055,506392000
2019-07-15,4.180438441294544,4.1965682493733905,4.1226181107263224,4.150907516479492,289840000
2019-07-16,4.13601758306642,4.173240902590646,4.0906048776539645,4.1461920738220215,341444000
2019-07-17,4.1479286938305515,4.218405115242195,4.118646270379244,4.211456775665283,348204000
2019-07-18,4.221879640377553,4.285903767102195,4.165299893357531,4.223120212554932,442192000
2019-07-19,4.261338573691112,4.267790404043498,4.173987294142071,4.179943084716797,344896000
2019-07-22,4.201283033217133,4.264314613440293,4.193838179494945,4.251410484313965,315940000
2019-07-23,4.290619497940688,4.361095460427464,4.274985257379087,4.359110355377197,428176000
2019-07-24,4.402288078405775,4.43926336989703,4.326352390999061,4.433555603027344,366236000
2019-07-25,4.392115629259536,4.4047717408104745,4.279204597934952,4.3025312423706055,392700000
2019-07-26,4.329577935345961,4.3911204237725405,4.329577935345961,4.3444671630859375,274160000
2019-07-29,4.337272389733334,4.35439522088235,4.250169641994567,4.3382649421691895,248160000
2019-07-30,4.291859974102234,4.366058598546031,4.277466779509722,4.353899002075195,197772000
2019-07-31,4.322383745983711,4.32337677198391,4.144704036634304,4.186890602111816,359416000
2019-08-01,4.197312436118388,4.2876413418581345,4.040477778383073,4.092590808868408,421212000
2019-08-02,4.000026702880859,4.069262538224484,3.952629144156264,4.000026702880859,428348000
2019-08-05,3.8166411229256076,3.81788193191472,3.6950446819140272,3.741946220397949,589156000
2019-08-06,3.8166412352682992,3.862053709637955,3.7330126475534997,3.780658483505249,361272000
2019-08-07,3.719859100706024,3.830784979058426,3.702488253086652,3.818873405456543,372560000
2019-08-08,3.876447061037143,3.9285598589107837,3.8191230070421525,3.927319049835205,309300000
2019-08-09,3.8863727250932496,3.8898468953295846,3.775695080435501,3.826070785522461,341816000
2019-08-12,3.7739576725787245,3.826070458327308,3.73648609919122,3.758323907852173,279200000
2019-08-13,3.7568354485894377,3.918385086800619,3.717875040369741,3.872476100921631,351956000
2019-08-14,3.784380838530552,3.795547882888534,3.6804035054272526,3.724078893661499,419880000
2019-08-15,3.7429387166698227,3.7627911868770045,3.657573047446917,3.6918184757232666,477200000
2019-08-16,3.954367973426272,4.00871389430151,3.893073237992671,3.9595792293548584,1007960000
2019-08-19,4.072738797076498,4.253892668551874,4.056608515191072,4.238010406494141,815112000
2019-08-20,4.2325485886198155,4.233045101297317,4.144701343701905,4.165794849395752,463188000
2019-08-21,4.231805651765932,4.304267184161182,4.21021609857475,4.249176502227783,427244000
2019-08-22,4.258854800460947,4.301289372684599,4.216171735153766,4.255380630493164,303488000
2019-08-23,4.178948044178976,4.233294186666591,4.011194401712848,4.0310468673706055,568056000
2019-08-26,4.109713137439281,4.133784308031125,4.0675265839612145,4.105742454528809,318208000
2019-08-27,4.143958599338707,4.146688236942727,3.9858833782095293,4.01516580581665,290968000
2019-08-28,3.988835102822662,4.057393748788544,3.9495873946582023,4.004732608795166,255612000
2019-08-29,4.0961450900854235,4.180601728956362,4.09266748050093,4.148309707641602,357976000
2019-08-30,4.194511174284586,4.244191705549204,4.142843573381755,4.160976886749268,290616000
2019-09-03,4.088195119488883,4.1212324007118895,4.055157838265876,4.078010559082031,296140000
2019-09-04,4.138621628327595,4.19948026916108,4.138621628327595,4.192028045654297,227728000
2019-09-05,4.294121570349542,4.470983604443548,4.292382765536366,4.464773654937744,695676000
2019-09-06,4.4414223309170975,4.498306344795361,4.399691025904709,4.43769645690918,376976000
2019-09-09,4.468747189641803,4.570095333288617,4.467256650349984,4.483651161193848,417524000
2019-09-10,4.4508622737446295,4.5768019505612365,4.441174715633058,4.550223350524902,352812000
2019-09-11,4.564878797911657,4.626979230477164,4.535815651439235,4.578789234161377,361512000
2019-09-12,4.6252394080161,4.679887606082754,4.569348936249866,4.577297687530518,327840000
2019-09-13,4.5107261261983975,4.547738017559722,4.475701304210329,4.519420146942139,324592000
2019-09-16,4.444404304309437,4.510975888289779,4.433971475955046,4.476448059082031,231832000
2019-09-17,4.4831560832659125,4.502034674450324,4.436704875192278,4.497811794281006,223048000
2019-09-18,4.490856414807801,4.506505660522714,4.384291826669806,4.470735549926758,258152000
2019-09-19,4.476695827451891,4.495077881473768,4.38453871342928,4.3952202796936035,245476000
2019-09-20,4.394228442271003,4.417826445218195,4.279466824990864,4.289650917053223,350244000
2019-09-23,4.289899466537312,4.388514828078053,4.286173117129129,4.343057155609131,249712000
2019-09-24,4.374354552305497,4.4039142288683895,4.250153689139878,4.285675048828125,317268000
2019-09-25,4.285177831253533,4.446887589628111,4.24046544693266,4.4272637367248535,308432000
2019-09-26,4.4175769846308155,4.426271008300639,4.354234270706374,4.40515661239624,234564000
2019-09-27,4.363425165093212,4.414099239922448,4.205938261262975,4.2665486335754395,362056000
2019-09-30,4.292381612686943,4.334112916994965,4.261082660667277,4.323928356170654,186184000
2019-10-01,4.347030554081502,4.496071696407756,4.3174708751842825,4.322190284729004,366008000
2019-10-02,4.300331682329208,4.312255051152552,4.226059603195252,4.298344612121582,293372000
2019-10-03,4.302815239189767,4.509982207751677,4.272510290120743,4.503772258758545,450588000
2019-10-04,4.506008647850153,4.549479248546061,4.440927590168033,4.520167827606201,265524000
2019-10-07,4.584999182660187,4.678398096787563,4.576305160004113,4.578789234161377,480984000
2019-10-08,4.487128752025181,4.487128752025181,4.384290543295214,4.402423858642578,444436000
2019-10-09,4.47917972567834,4.538299551257255,4.450365319380643,4.488867282867432,292412000
2019-10-10,4.486631301693356,4.597418240921309,4.481414889051374,4.5464959144592285,309124000
2019-10-11,4.630458465616609,4.703240016207202,4.6115798744227705,4.620025634765625,446404000
2019-10-14,4.61132922970183,4.654302809756783,4.580279015346232,4.633437156677246,200040000
2019-10-15,4.723607756181353,4.950398575300106,4.709696845354287,4.877864837646484,664124000
2019-10-16,4.843834022264547,4.948659778379216,4.812783804173107,4.824210166931152,428944000
2019-10-17,4.868675647397018,4.913636315069785,4.771798617795629,4.826199054718018,263436000
2019-10-18,4.826695280734293,4.859236045172796,4.6575337167856095,4.731805801391602,307440000
2019-10-21,4.793161977748283,4.882338529918192,4.774283384093187,4.868924617767334,261868000
2019-10-22,4.92580670192421,5.030880725953008,4.851286366161707,4.858986854553223,328720000
2019-10-23,4.777014158325373,4.860228515074197,4.745218670685841,4.846069812774658,279916000
2019-10-24,4.887304722909807,4.923571359238547,4.853273895856996,4.890037536621094,232020000
2019-10-25,4.9705200867657355,5.101676207157545,4.962819596834486,5.080810546875,423092000
2019-10-28,5.124529473635931,5.189114005398343,5.095218050520256,5.136701583862305,330792000
2019-10-29,5.122788692384218,5.12924737996355,5.021192759747854,5.040567874908447,211236000
2019-10-30,5.067395601925326,5.073109020316152,4.9744932110349795,5.042555332183838,205960000
2019-10-31,5.021690802605391,5.042556463304775,4.913636149848689,4.993372917175293,209732000
2019-11-01,4.9580980333721625,5.064662581996183,4.933009501701846,5.032370567321777,283640000
2019-11-04,5.1133487811724025,5.241275979201212,5.090247794459039,5.228855609893799,376716000
2019-11-05,5.228608152456501,5.254690221348743,5.158807229667227,5.206748962402344,300868000
2019-11-06,5.182654607627181,5.208239675335266,5.070128351893522,5.157566070556641,269012000
2019-11-07,5.244009765902245,5.2586654740785965,5.130489975417849,5.175202369689941,280340000
2019-11-08,5.158310994282021,5.192838822826329,5.120802086957309,5.161291599273682,189100000
2019-11-11,5.16054684051113,5.194329402705062,5.074351393267429,5.171228408813477,243436000
2019-11-12,5.209481301935524,5.262639448449089,5.174456471002572,5.206748962402344,283504000
2019-11-13,5.17545067895377,5.203023290736433,5.114592510291266,5.180915832519531,300188000
2019-11-14,5.189859028956461,5.213457504585136,5.129994384901085,5.211221694946289,518080000
2019-11-15,5.208986416578582,5.260654044805553,4.98393431532457,5.072117328643799,1053628000
2019-11-18,5.064664384597203,5.29965227975907,5.061683778986319,5.273073673248291,574588000
2019-11-19,5.242022061927123,5.26562005658897,5.108381899695247,5.166507720947266,414564000
2019-11-20,5.1436546329629245,5.329458919900398,5.130985997334681,5.2457475662231445,472588000
2019-11-21,5.241276812771336,5.296918559994119,5.199296763276489,5.220907688140869,288388000
2019-11-22,5.243512616116402,5.289963813904937,5.214946470298649,5.238544940948486,224100000
2019-11-25,5.366472163475753,5.499864084447164,5.353555259338752,5.494895935058594,506476000
2019-11-26,5.477258146344863,5.481978029538474,5.383859229087012,5.390317916870117,385244000
2019-11-27,5.435810281424538,5.470114670923082,5.398771061465771,5.425120830535889,215784000
2019-11-29,5.3942956186363,5.422633919033561,5.363967833757931,5.387832164764404,141556000
2019-12-02,5.380871533007133,5.394295337032082,5.186478142091579,5.20164155960083,372036000
2019-12-03,5.018185224969009,5.166093122255287,4.980897571567401,5.162116050720215,465232000
2019-12-04,5.245640374842385,5.268013062274946,5.17727959619323,5.205866813659668,273424000
2019-12-05,5.227744148479269,5.243404939480599,5.158388607295451,5.18896484375,184884000
2019-12-06,5.258071361957496,5.307042744570594,5.24812773184507,5.274229049682617,232236000
2019-12-09,5.251359459045446,5.3289180670241985,5.242659019766264,5.274229049682617,211880000
2019-12-10,5.304307007637459,5.370928180069909,5.251607009810298,5.319222450256348,256388000
2019-12-11,5.329663470004647,5.408216340025426,5.327177562670897,5.40274715423584,233796000
2019-12-12,5.37391058398652,5.5881907344572985,5.364961698392132,5.570044040679932,404348000
2019-12-13,5.573027443677887,5.692099685136238,5.514112444088463,5.568055629730225,454704000
2019-12-16,5.615534511934864,5.669228766850408,5.58744419410932,5.596890449523926,320976000
2019-12-17,5.615536308968904,5.697569356379753,5.606090050531391,5.674948215484619,321196000
2019-12-18,5.709749502030859,5.7656812284331656,5.701297512416588,5.705275058746338,343548000
2019-12-19,5.739829581300655,5.8666080300170345,5.734857765867444,5.853184223175049,445360000
2019-12-20,5.9195551686378645,5.975735342910943,5.900414205042897,5.950379848480225,603044000
2019-12-23,5.978966489179975,6.011033882420966,5.9260180467716665,5.936707019805908,355060000
2019-12-24,5.921295942461581,5.948888898777331,5.886991083444516,5.931736469268799,138864000
2019-12-26,5.93521671269074,5.973996015905677,5.916324195165126,5.945906162261963,182852000
2019-12-27,5.961070341427527,5.974494148694835,5.861884848842916,5.888235092163086,254644000
2019-12-30,5.86635825956264,5.871578522349653,5.743805834166592,5.775127410888672,258056000
2019-12-31,5.739827956058875,5.858651750920013,5.720686993613066,5.849205493927002,231004000
2020-01-02,5.934968570207183,5.963804244995117,5.8845060207937,5.963804244995117,237536000
2020-01-03,5.844234388573591,5.912098283248919,5.819375789570351,5.86834716796875,205384000
2020-01-06,5.775128603488166,5.8981779512429595,5.749027284163017,5.89295768737793,262636000
2020-01-07,5.921295812236685,6.010040762284661,5.876301978898439,5.964301109313965,314856000
2020-01-08,5.96007489141587,6.0167524399804355,5.920052874364095,5.975487232208252,277108000
2020-01-09,6.0617450225777345,6.113450745883059,5.987418163860891,6.041112422943115,255112000
2020-01-10,6.148255278650215,6.178582596612345,6.059261861441797,6.073431015014648,316296000
2020-01-13,6.156457378912361,6.288952968255434,6.133835764415242,6.263845920562744,319840000
2020-01-14,6.221088269155128,6.246444236201566,6.133834971804429,6.147010326385498,359088000
2020-01-15,6.15968858757517,6.182061279281712,6.078649810796071,6.1045026779174805,263104000
2020-01-16,6.157948519655376,6.193993464647111,6.134581559774977,6.188027381896973,284192000
2020-01-17,6.207168756490065,6.214626478954624,6.149248487016599,6.196728229522705,253792000
2020-01-21,6.160184659407499,6.196975416132284,6.129359984155334,6.163416385650635,217916000
2020-01-22,6.208660534025002,6.303868469663997,6.189768016004906,6.217360973358154,239240000
2020-01-23,6.257382526569026,6.294172814743435,6.168637584590366,6.2857208251953125,244516000
2020-01-24,6.401063843902919,6.450781034287568,6.17236562158241,6.22655725479126,373512000
2020-01-27,5.922289664238681,6.021972504994483,5.772890101483585,5.971012592315674,470536000
2020-01-28,6.036886854345319,6.19647847807783,5.98368948838839,6.164162635803223,310976000
2020-01-29,6.149745001380459,6.185789943729785,6.0639828644708,6.103756904602051,258848000
2020-01-30,6.0060631260830695,6.123892669348195,5.951126138120667,6.110468864440918,290504000
2020-01-31,6.064728033562404,6.07666019690818,5.835532919670474,5.877295017242432,370420000
2020-02-03,5.859148005273648,5.993632572841682,5.852933475492537,5.9742431640625,255564000
2020-02-04,6.115938854061318,6.162424332080712,6.065973200110566,6.143282890319824,271544000
2020-02-05,6.26409483893888,6.274286917530958,6.150242834852348,6.233519077301025,208220000
2020-02-06,6.267822801669854,6.3202738761901855,6.186784032913833,6.3202738761901855,218284000
2020-02-07,6.2802526606422955,6.302376904478737,6.228795373447548,6.254151344299316,189752000
2020-02-10,6.276771965769414,6.537786055878757,6.2718001514092725,6.537040710449219,529608000
2020-02-11,6.645174571161196,6.7739415190338645,6.583276767151044,6.659343719482422,638556000
2020-02-12,6.712046013023903,6.781401561765247,6.673266704068935,6.774938106536865,374644000
2020-02-13,6.717017237996871,6.798304473458511,6.689672728229465,6.731186389923096,528016000
2020-02-14,7.140853290182661,7.332512319115875,7.10953171400664,7.203745365142822,1041924000
2020-02-18,7.100583691147785,7.39068289468149,7.081194275806796,7.372287273406982,620164000
2020-02-19,7.494590248906968,7.8406206663356475,7.494590248906968,7.822970867156982,694332000
2020-02-20,7.774994505818821,7.863242082400725,7.366817815393153,7.673820495605469,810052000
2020-02-21,7.561710423065109,7.586817476808307,7.225374618533113,7.3101420402526855,768180000
2020-02-24,6.716519314840207,7.006866948451461,6.662079222439039,6.793332099914551,856916000
2020-02-25,6.86840412228699,6.930301930876322,6.412499271487127,6.5141706466674805,1055496000
2020-02-26,6.514419911465364,6.847275480502582,6.51292874628162,6.653378963470459,747732000
2020-02-27,6.34022149999743,6.64118950204724,6.190732598799759,6.283012866973877,906416000
2020-02-28,6.030797972715024,6.7769991482412415,6.014132953557164,6.7175517082214355,1133252000
2020-03-02,6.887438388264465,6.904601079529467,6.491951646586333,6.8757476806640625,890744000
2020-03-03,6.931461850860419,6.991157879249086,6.5282644691542515,6.613580226898193,652792000
2020-03-04,6.720784754418788,7.086174529178954,6.646164359026675,7.076722621917725,597408000
2020-03-05,6.877486969671298,7.044138573937588,6.753120114977706,6.797643661499023,540328000
2020-03-06,6.6183077710905955,6.675765493007833,6.417330754575252,6.617312908172607,515412000
2020-03-09,5.967121698181325,6.452152626694076,5.924339753977124,6.104920387268066,614160000
2020-03-10,6.381014650643406,6.4939398765563965,6.118600976007037,6.4939398765563965,580648000
2020-03-11,6.354151057970355,6.382506779809828,6.033533424930338,6.130539417266846,499964000
2020-03-12,5.607950277656812,5.873100416742841,5.367673605207644,5.380359172821045,816540000
2020-03-13,5.733312068605224,5.994979953996098,5.462441346775268,5.990502834320068,634836000
2020-03-16,5.28335358926961,5.623870451229937,4.825434836944395,4.885130882263184,726972000
2020-03-17,4.997308990591307,5.493532962867673,4.750814071544446,5.404237270355225,833632000
2020-03-18,4.977162502437145,5.22191633177499,4.494121689883863,5.044817924499512,874268000
2020-03-19,5.023425510217554,5.39080547512759,4.810261119944137,5.297281742095947,765512000
2020-03-20,5.44726918222169,5.728835787493225,5.102275677674732,5.117697238922119,804636000
2020-03-23,5.11670186259857,5.384588507711456,4.937862326875791,5.290318012237549,643876000
2020-03-24,5.6960015590237685,6.284505766219802,5.672372028631309,6.197946071624756,1101644000
2020-03-25,6.312862785818038,6.512347277962248,6.060646761736831,6.10939884185791,793432000
2020-03-26,6.316345360732154,6.522297184058275,6.218344475721975,6.398427963256836,696108000
2020-03-27,6.2183432436518,6.544681965395406,6.18551039891607,6.286247730255127,638828000
2020-03-30,6.351664371055623,6.615322467118645,6.307638489346079,6.606119155883789,602252000
2020-03-31,6.646165375488359,6.850127441216497,6.41111206661912,6.556621551513672,949960000
2020-04-01,6.358876792283273,6.5051320359178195,6.00144641848549,6.045969486236572,656912000
2020-04-02,6.075071934994346,6.367582918996632,6.027066607171821,6.354400157928467,675764000
2020-04-03,6.316841676132549,6.358380162786701,5.929563462514171,6.066864490509033,663212000
2020-04-06,6.34867806517028,6.712824322906253,6.291220365008649,6.676011562347412,727884000
2020-04-07,6.897386723143072,6.921016732850142,6.3999192267850225,6.442950248718262,784520000
2020-04-08,6.551895173160466,6.664820405786756,6.482000959912944,6.639946937561035,542444000
2020-04-09,6.765558123153106,6.78844139261449,6.477524208175872,6.540453910827637,525564000
2020-04-13,6.480757091589397,6.720785167160998,6.392456735653417,6.7120795249938965,398408000
2020-04-14,6.840176949824809,7.0968700332485595,6.812567493136743,7.062793731689453,530948000
2020-04-15,6.894898243400246,7.068265763838534,6.849628905717081,6.985437393188477,366148000
2020-04-16,7.140647674170319,7.437138127768252,7.127464912267185,7.3301825523376465,745620000
2020-04-17,7.412264162275912,7.433655370807423,7.137164937154515,7.270983695983887,539120000
2020-04-20,7.144628306507121,7.300335493886379,7.095627633607135,7.139902114868164,449388000
2020-04-21,7.0220011645795735,7.08318925121462,6.643925834474063,6.703621864318848,735160000
2020-04-22,6.8956450294305265,7.160297985277611,6.850127091236819,7.117515563964844,483356000
2020-04-23,7.159550611520218,7.291379163219766,7.039163217450033,7.0642852783203125,424160000
2020-04-24,7.054088445216467,7.205069426004072,6.979468044624654,7.203079700469971,352328000
2020-04-27,7.337397099199471,7.54906948075769,7.312772226192204,7.389382362365723,479388000
2020-04-28,7.536630547178379,7.56647879844656,7.241632663051998,7.247104644775391,442904000
2020-04-29,7.381671326882136,7.476439012322255,7.306553724860844,7.423707485198975,379160000
2020-04-30,7.3697314829466665,7.423706940505074,7.2560604626028455,7.269989490509033,375916000
2020-05-01,7.072743452911202,7.1859172806554765,6.985437955761158,7.033692359924316,342096000
2020-05-04,6.986432764934915,7.259045096885763,6.986432764934915,7.245364665985107,317556000
2020-05-05,7.349335472020096,7.468727544198242,7.24536448443354,7.306304454803467,368896000
2020-05-06,7.385651288802493,7.5117592899465135,7.347843653286045,7.407042026519775,323464000
2020-05-07,7.546084248410527,7.646323918023772,7.4948452521720315,7.583145618438721,373732000
2020-05-08,7.654780572992808,7.779147440058237,7.620952864853898,7.7729291915893555,339216000
2020-05-11,7.767953212795398,8.071408625567924,7.739348894683899,8.024646759033203,469060000
2020-05-12,8.082354212800311,8.13110581447116,7.753279478256162,7.762979984283447,493060000
2020-05-13,7.877397272370404,8.037581571057249,7.556281934861087,7.740593910217285,625852000
2020-05-14,7.802030552114325,7.99529675418394,7.648561706335305,7.9898247718811035,602312000
2020-05-15,7.849788147818248,8.457444400932566,7.834117990428447,8.447744369506836,987660000
2020-05-18,8.716126976105572,8.871336954115424,8.636532261563676,8.705928802490234,774460000
2020-05-19,8.745727533174101,9.04147176793053,8.718366667845403,8.760900497436523,717320000
2020-05-20,8.945458854708415,8.997195509235931,8.843726673941868,8.924565315246582,587536000
2020-05-21,9.005655143771433,9.006649532311567,8.693245401400757,8.730804443359375,761068000
2020-05-22,8.780548617812489,9.046943165034369,8.669116398399483,8.980530738830566,1038764000
2020-05-26,9.110368077882535,9.13524201478955,8.628073685053018,8.673591613769531,770780000
2020-05-27,8.581312372243556,8.589022676430485,7.956244482923498,8.482068061828613,1175892000
2020-05-28,8.369641310493597,8.71612780265419,8.336808463910437,8.444013595581055,734896000
2020-05-29,8.511172107077769,8.830546379089355,8.442024146641526,8.830546379089355,745256000
2020-06-01,8.788508028577247,8.79596973608388,8.645485958689513,8.76164436340332,389876000
2020-06-02,8.751697555312681,8.792489306850127,8.614147438930704,8.780550003051758,391320000
2020-06-03,8.777564844600539,8.821341654091105,8.655933498137044,8.725081443786621,365440000
2020-06-04,8.687753825722185,8.902011297144291,8.637486770862257,8.72607707977295,424280000
2020-06-05,8.753947082988638,8.955512705887044,8.667845785384223,8.878868103027344,481748000
2020-06-08,8.836316752947287,8.84875892563933,8.645700047300858,8.764400482177734,387736000
2020-06-09,8.759425488772147,9.067746910502335,8.710900339336797,9.004290580749512,468488000
2020-06-10,9.125477007268065,9.456194614625154,9.111291963518875,9.323558807373047,632180000
2020-06-11,9.10780969358321,9.218546652685198,8.745488699129474,8.755691528320312,583652000
2020-06-12,9.120249640232714,9.144885268344536,8.663116916824086,8.89130973815918,570908000
2020-06-15,8.774602299815214,9.139909650009946,8.703431219632431,9.131448745727539,400004000
2020-06-16,9.18246298281425,9.224020423826694,8.797993526540031,9.026683807373047,535716000
2020-06-17,9.07172781257394,9.256122973976474,9.028427490860382,9.193413734436035,408304000
2020-06-18,9.184457291420609,9.239701427856652,9.072475805499275,9.175498962402344,254408000
2020-06-19,9.19988122589456,9.401446849001816,9.184701341752877,9.218544006347656,524160000
2020-06-22,9.257114800255561,9.487298239825513,9.23048759142056,9.482818603515625,398468000
2020-06-23,9.506958630029597,9.598036991562761,9.364120951569074,9.406424522399902,375108000
2020-06-24,9.432554214069048,9.51243491377942,9.102334014129077,9.192914962768555,449372000
2020-06-25,9.312612597311404,9.461174465881994,9.139912510248717,9.446243286132812,376072000
2020-06-26,9.456195773769487,9.456195773769487,9.082924887962797,9.112786293029785,592084000
2020-06-29,9.127469304571116,9.162059060199192,8.858962505668218,9.15757942199707,342248000
2020-06-30,9.271050909025503,9.482321927341877,9.22377028533174,9.453953742980957,367892000
2020-07-01,9.476848338743391,9.531595028681618,9.369595252046542,9.486055374145508,326648000
2020-07-02,9.59455267019897,9.692598718504767,9.534082792451693,9.567926406860352,364056000
2020-07-06,9.696830190680364,9.86305996516813,9.66771491923515,9.793880462646484,315892000
2020-07-07,9.900389486802665,10.023568630701273,9.805329828732345,9.82623291015625,357800000
2020-07-08,9.947665821219816,10.17785022631622,9.919546347573037,10.168890953063965,365480000
2020-07-09,10.332385556783915,10.521260318665224,10.186311788352297,10.460541725158691,494548000
2020-07-10,10.539922273919666,10.606115335715279,10.330890603183175,10.430927276611328,497676000
2020-07-13,10.546146184871182,10.74248607038914,9.978773838195186,10.005898475646973,457076000
2020-07-14,10.028543640334897,10.354782578911696,9.740378299322161,10.329151153564453,542676000
2020-07-15,10.366227924927914,10.384890705042778,10.009380570559676,10.180089950561523,403984000
2020-07-16,9.968820569091442,10.159685972931204,9.84987143136345,10.088018417358398,344964000
2020-07-17,10.178350410253335,10.201244122022572,10.041235900917167,10.154460906982422,266284000
2020-07-20,10.22687761380154,10.482692610209122,10.109919077942694,10.462286949157715,284852000
2020-07-21,10.464520337675115,10.511304484811653,10.239313961028076,10.280871391296387,277036000
2020-07-22,10.319696888255717,10.55361298706139,10.244047103356172,10.390618324279785,367292000
2020-07-23,10.401816020804677,10.498368886085727,9.984997020400378,10.083043098449707,411660000
2020-07-24,9.829467523808882,10.31695925240339,9.731919815684156,10.147494316101074,473292000
2020-07-27,10.185066298519443,10.393599594490283,10.170632547152719,10.373443603515625,292132000
2020-07-28,10.326414528145886,10.334128352270644,10.162175384539536,10.16839599609375,271636000
2020-07-29,10.342838679361162,10.467759731459614,10.299290598378333,10.417243957519531,284508000
2020-07-30,10.327160428519084,10.574017034136663,10.24777809844735,10.565058708190918,308880000
2020-07-31,10.514541633004042,10.71685531257527,10.384892248538662,10.565804481506348,386080000
2020-08-03,10.683014733089749,11.047576067886391,10.665844208526481,10.959484100341797,412720000
2020-08-04,10.999045814776927,11.175975799560547,10.855709782432935,11.175975799560547,310336000
2020-08-05,11.192154590342838,11.31931498345862,11.114762888879284,11.23470687866211,249924000
2020-08-06,11.297417740727406,11.305629936758018,11.127206664381877,11.283233642578125,244316000
2020-08-07,11.26033652411239,11.451700283827373,10.986604966220375,11.147857666015625,342516000
2020-08-10,11.281988797793014,11.355646995207982,10.806440904133613,11.113518714904785,427796000
2020-08-11,11.022687098568131,11.08539727357645,10.74596911283335,10.799969673156738,354512000
2020-08-12,10.94007327043613,11.41412703456627,10.907722858272763,11.387500762939453,464412000
2020-08-13,11.492759691857554,11.66770001890963,11.303387509274067,11.39023494720459,374460000
2020-08-14,11.476832769368302,11.65077729131371,11.387745994440417,11.510676383972168,366436000
2020-08-17,11.796602846193656,12.352527856575652,11.762760176683678,12.280113220214844,621300000
2020-08-18,12.39259046666804,12.438378830260149,12.030518281471833,12.20421314239502,503448000
2020-08-19,12.239800515615501,12.258214588595601,12.042215177317894,12.082529067993164,622624000
2020-08-20,11.919781339780561,12.317936482744432,11.823974635542019,12.085015296936035,921388000
2020-08-21,12.145486175613579,12.749687580406652,12.139015904821967,12.625015258789062,999868000
2020-08-24,12.824344154765107,12.85296200879442,12.449828743725128,12.661598205566406,490564000
2020-08-25,12.572507468754125,12.702405554694398,12.515770144609954,12.691207885742188,289076000
2020-08-26,12.740230635286169,12.809161420800041,12.619290872485081,12.714101791381836,321244000
2020-08-27,12.722563774605414,12.790748434338262,12.508554997682598,12.57002067565918,317604000
2020-08-28,12.616555911556786,13.087374488755257,12.584205502883087,13.087125778198242,537160000
2020-08-31,13.12196361348135,13.51240499533192,12.977632707337218,13.312829971313477,500840000
2020-09-01,13.421858060233896,13.933392246926287,13.37854573615063,13.761387825012207,511316000
2020-09-02,14.640327660475537,14.663229168155967,13.840044454467082,14.284619331359863,874012000
2020-09-03,13.769101909402469,13.8246113357648,12.823199748148971,12.959360122680664,945128000
2020-09-04,12.728611687105868,13.11817478517767,11.65426602615585,12.568058013916016,1463684000
2020-09-08,11.683887757182136,12.495870675289437,11.653768631335238,11.861618041992188,795728000
2020-09-09,12.346514414990567,12.75399944583385,12.178990048023763,12.66015625,736200000
2020-09-10,12.933224521841012,13.008896928842086,12.114520712963447,12.258646965026855,698684000
2020-09-11,12.431647488239708,12.597926996342265,11.844440927572224,12.112031936645508,636928000
2020-09-14,13.024577957063135,13.25756789875659,12.576767920086505,12.816727638244629,1201744000
2020-09-15,13.222719102887627,13.241388418414578,12.7724202640412,12.934966087341309,727556000
2020-09-16,12.901361990824535,13.036277502029263,12.459775343133906,12.460521697998047,556384000
2020-09-17,12.079921843900053,12.535449042053106,11.982842526145728,12.409743309020996,792512000
2020-09-18,12.539429199310245,12.578011754525583,11.937039210189646,12.136673927307129,698460000
2020-09-21,11.873564364275431,12.468487029467878,11.853152604133797,12.46325969696045,721044000
2020-09-22,12.520761299174337,12.593446389874005,12.103071287394512,12.583240509033203,646452000
2020-09-23,12.521261166367422,12.672108442868153,12.027152299670087,12.071459770202637,647012000
2020-09-24,12.020178955986067,12.515283765429503,11.962179781141215,12.29473876953125,731240000
2020-09-25,12.393812906216654,12.827932265146119,12.192933271803156,12.81822395324707,588016000
2020-09-28,12.984003310472113,12.995454064553032,12.695005420616106,12.978775978088379,573808000
2020-09-29,12.881694558285991,13.384765157763123,12.877463315911573,13.168701171875,621460000
2020-09-30,13.100747146215685,13.563741582725115,13.09352858524547,13.472138404846191,689184000
2020-10-01,13.698661818792418,13.70339063306207,13.402693120056005,13.555780410766602,525004000
2020-10-02,13.167959153584208,13.46118833485087,12.994708902423616,13.005910873413086,552496000
2020-10-05,13.178909786872856,13.585398755238357,13.165716588093956,13.583656311035156,479820000
2020-10-06,13.77034771021102,14.081002250444271,13.606059434041683,13.677250862121582,784420000
2020-10-07,13.939365681751335,14.058350407618336,13.803702868616245,13.903769493103027,418084000
2020-10-08,14.014293230360343,14.023752757482931,13.698661038381376,13.779062271118164,378900000
2020-10-09,13.707618499241777,13.76462158353877,13.601826981115936,13.703386306762695,346892000
2020-10-12,13.929159770375568,14.285117857821534,13.852492225225067,14.164639472961426,434744000
2020-10-13,14.234834452215292,14.28661020379566,13.958282468908806,14.186792373657227,344604000
2020-10-14,14.22885981694376,14.280884353455278,13.899785727248714,14.034452438354492,276100000
2020-10-15,13.751179945542122,13.945338546007145,13.70836519762374,13.909743309020996,267224000
2020-10-16,13.976206063082346,14.060590691280174,13.733009274050568,13.751927375793457,242392000
2020-10-19,13.843032003278086,13.923184432811734,13.348922328803374,13.439530372619629,298068000
2020-10-20,13.524911318681056,13.740229003199504,13.448741340593111,13.586644172668457,229212000
2020-10-21,13.566230372279033,13.7320122878027,13.4193665559545,13.466412544250488,219596000
2020-10-22,13.464172894859765,13.55303754182434,13.174676497160581,13.303369522094727,290480000
2020-10-23,13.391989033555745,13.534621649823457,13.233924151048443,13.531634330749512,233484000
2020-10-26,13.369085896916106,13.633689579571246,12.982261385916676,13.08456802368164,336896000
2020-10-27,13.248608056703024,13.384022089343704,13.134601874770123,13.338967323303223,250520000
2020-10-28,13.141072705641232,13.20280555303319,12.554613504100049,12.572535514831543,376520000
2020-10-29,12.783124891809354,13.135846892018513,12.695006587997323,12.967824935913086,320080000
2020-10-30,12.794575514658112,12.880701638769581,12.246947595239426,12.479938507080078,416820000
2020-11-02,12.603153941396506,12.781381768805504,12.341537577545923,12.52648639678955,299652000
2020-11-03,12.653684234543976,13.048473643303717,12.54839028330013,12.963342666625977,272900000
2020-11-04,13.331499752886495,13.767860047508005,13.279475206935611,13.734752655029297,410228000
2020-11-05,14.101416293227553,14.277154402963731,13.9306557824455,14.098926544189453,319028000
2020-11-06,14.048892379664569,14.52582647377107,13.835069288715122,14.499192237854004,383348000
2020-11-09,14.489731966855251,14.628132371643925,13.552044345915604,13.5719575881958,582976000
2020-11-10,13.54781121416907,13.54781121416907,12.573781115211155,12.714920043945312,644068000
2020-11-11,12.997445519056676,13.377051459709095,12.892400350122854,13.360124588012695,404744000
2020-11-12,13.420860639156922,13.706622415545912,13.25856360652643,13.398706436157227,365812000
2020-11-13,13.568471277334389,13.60979236646862,13.002921392268068,13.239645957946777,346312000
2020-11-16,13.115681861196036,13.590624621708862,13.09925351029278,13.456954002380371,413776000
2020-11-17,13.49404325215184,13.537604353680523,13.246366460979495,13.364355087280273,312028000
2020-11-18,13.407171172523759,13.547065230799866,13.128130360392811,13.370828628540039,510924000
2020-11-19,13.15575975818555,13.429324433422689,13.043496030611196,13.382278442382812,565936000
2020-11-20,13.395967937592868,13.436292933287069,13.008644962843594,13.03129768371582,341088000
2020-11-23,13.114439643775567,13.324777827155184,12.959361156671875,13.083324432373047,361356000
2020-11-24,13.085813935486797,13.105229608148392,12.829424883595962,12.901861190795898,346500000
2020-11-25,12.976287586431019,13.21226485548097,12.963841692206845,13.177664756774902,259916000
2020-11-27,13.317308922458194,13.349669004408476,13.113690805350098,13.204049110412598,167276000
2020-11-30,13.207783104698644,13.354646916335152,12.916295495207995,13.343693733215332,286952000
2020-12-01,13.434054894917562,13.470397438236995,13.171192706053294,13.332245826721191,296948000
2020-12-02,13.292915747982203,13.614522515050519,13.177167128048557,13.486079216003418,283360000
2020-12-03,13.532890281081619,13.605099125266102,13.275430066021904,13.34216022491455,199520000
2020-12-04,13.394449728247713,13.505502343250445,13.33494026054711,13.503759384155273,202244000
2020-12-07,13.546582392900358,13.67605999980221,13.445739649478464,13.5520601272583,223244000
2020-12-08,13.53040088587082,13.544095699558415,13.22812050077017,13.296345710754395,271920000
2020-12-09,13.247044338391767,13.36008781733984,12.816531556571482,12.878780364990234,401300000
2020-12-10,12.817278981162264,13.01622611811567,12.797856623609862,12.920113563537598,207764000
2020-12-11,12.915132393146711,12.96767096745661,12.77146224084269,12.96094799041748,209264000
2020-12-14,13.035399712025068,13.334940779426518,13.024941957047123,13.25526237487793,270156000
2020-12-15,13.38573457742504,13.409887145651437,13.133752090709104,13.306803703308105,193016000
2020-12-16,13.368553568795045,13.383244766098352,13.159397537413051,13.189277648925781,223116000
2020-12-17,13.313028850638311,13.325728231536273,13.12553583695301,13.28763198852539,231384000
2020-12-18,13.325227800290302,13.351123325763458,13.017968362309006,13.218658447265625,342064000
2020-12-21,13.022199838320807,13.316263107075995,12.915380685357526,13.278664588928223,302332000
2020-12-22,13.26572057425923,13.283647883438702,13.001536398216391,13.224884986877441,185580000
2020-12-23,13.202723635386256,13.221647327480651,12.952732952772793,12.956965446472168,179144000
2020-12-24,12.984853442568095,13.079720766259195,12.886750008743377,12.9415283203125,97884000
2020-12-28,13.010000389047383,13.010000389047383,12.711953456949022,12.848153114318848,212564000
2020-12-29,12.873054416539937,13.019961649769133,12.790636670913601,12.891230583190918,170372000
2020-12-30,12.938041984526887,13.160643991606976,12.844918572910682,13.092917442321777,225396000
2020-12-31,13.083702589161886,13.098143976917555,12.863092439192675,13.002530097961426,192424000
2021-01-04,13.051584224791647,13.597631016115521,12.91040358098089,13.060796737670898,560640000
2021-01-05,13.04710135296224,13.389469813350296,13.03440292226786,13.350875854492188,322760000
2021-01-06,13.169357986731624,13.191767596146791,12.53541670344203,12.563801765441895,580424000
2021-01-07,12.915383948161406,13.323985833376165,12.834710106530759,13.29037094116211,461480000
2021-01-08,13.3087946092629,13.367058829260577,12.989582367036666,13.223388671875,292528000
2021-01-11,13.364819940572676,13.904891272024647,13.308796388895459,13.566755294799805,518344000
2021-01-12,13.697226140854115,13.699218908007824,13.291364630760276,13.43055248260498,291476000
2021-01-13,13.435783333016113,13.570240994686895,13.331205784944276,13.477365493774414,210028000
2021-01-14,13.520441735796062,13.545092022114554,13.12752745599619,13.147197723388672,283120000
2021-01-15,13.174837191380403,13.27169633457119,12.796862940233225,12.807818412780762,277780000
2021-01-19,12.963935787634238,13.041373506221632,12.79237828621631,12.972900390625,226188000
2021-01-20,13.059052877089373,13.376522184971396,13.004274570708622,13.312032699584961,258572000
2021-01-21,13.364568959095964,13.942985300241656,13.199734440258004,13.81176471710205,337780000
2021-01-22,13.684778315815404,13.786119751969078,13.572481408125672,13.657388687133789,246820000
2021-01-25,13.726359807474722,13.7729219839982,13.183301270177894,13.598376274108887,251112000
2021-01-26,13.52591884373518,13.589910611709367,13.33369468135409,13.381253242492676,163980000
2021-01-27,13.176825567795346,13.179564910137588,12.742329208441202,12.86583137512207,371272000
2021-01-28,12.94401620453668,13.286135761458496,12.908409501804401,12.99854564666748,228316000
2021-01-29,13.022450189012595,13.281156594741395,12.85960747764064,12.937542915344238,271552000
2021-02-01,13.000787159383922,13.21741272526366,12.850891747211746,13.183798789978027,217204000
2021-02-02,13.34489999474332,13.517452941241546,13.232104423210238,13.502264976501465,220440000
2021-02-03,13.581194289613904,13.87575623581958,13.462175370601546,13.476119041442871,245408000
2021-02-04,13.476614563977568,13.61854173326971,13.284141596115727,13.609329223632812,201340000
2021-02-05,13.66984014110473,13.682040855642152,13.49130982557148,13.536377906799316,169152000
2021-02-08,13.672080435543572,14.41558027564343,13.672080435543572,14.380721092224121,434624000
2021-02-09,14.283115776573176,14.524641498542504,14.165341117261137,14.205927848815918,287560000
2021-02-10,14.405119461071688,14.845093553817506,14.283858920285903,14.704909324645996,485352000
2021-02-11,14.920042971123856,15.210869206423117,14.865014860197656,15.189455032348633,450828000
2021-02-12,14.989511461890103,15.22979187160144,14.715616167747536,14.901118278503418,374756000
2021-02-16,15.003705976694079,15.310717529206354,14.88991497110362,15.268636703491211,321960000
2021-02-17,15.110026568801802,15.162316290720591,14.720598221294038,14.846092224121094,274756000
2021-02-18,14.669800236515742,14.813470372969363,14.516418923223352,14.76939868927002,233868000
2021-02-19,14.964112261833877,15.115999474020326,14.787077053112869,14.866506576538086,271724000
2021-02-22,14.715367473678917,15.072427078711511,14.26742515013621,14.298051834106445,325884000
2021-02-23,14.018679913027913,14.181523573742238,13.335685999500365,14.085162162780762,391780000
2021-02-24,14.06598916049394,14.448445641095974,13.700712460905951,14.440726280212402,448320000
2021-02-25,13.989051767919369,14.316978865969865,13.163135090164083,13.25401782989502,824436000
2021-02-26,13.697230213674716,13.798820525543292,13.307304075978003,13.659383773803711,500932000
2021-03-01,13.819234727310848,13.869033961341506,13.498778190317397,13.786118507385254,353184000
2021-03-02,13.844132533861924,13.864550322327341,13.342158506890337,13.352367401123047,264116000
2021-03-03,13.372286481645268,13.397434477893151,12.747308053363994,12.753284454345703,377592000
2021-03-04,12.749303604657026,12.922853894741422,12.035185217858675,12.320533752441406,573344000
2021-03-05,12.499561345964047,12.499561345964047,11.632310492022057,12.411417007446289,542840000
2021-03-08,12.39995976529484,12.421124127618032,11.520010701011357,11.546653747558594,543112000
2021-03-09,12.085667607908785,12.570379359155847,12.014928455750928,12.474234580993652,521824000
2021-03-10,12.793306731118925,12.932293687337854,12.41171496237117,12.422425270080566,384376000
2021-03-11,12.902406344963806,12.998303141845815,12.68769846594518,12.945746421813965,299916000
2021-03-12,12.601764317389547,12.841380871489648,12.543728924409528,12.808751106262207,243964000
2021-03-15,12.8174670258616,13.158210052490965,12.720325527727177,13.142766952514648,221988000
2021-03-16,13.307410755933141,13.462837548611631,13.068541996245397,13.242401123046875,272128000
2021-03-17,12.991827836219349,13.403808019028105,12.941762456312304,13.292220115661621,243864000
2021-03-18,13.088220142222372,13.135545224725465,12.670261569305001,12.675741195678711,293896000
2021-03-19,12.703138366761953,12.874008237088663,12.566143927350314,12.79853630065918,299208000
2021-03-22,12.865294425332708,13.34527347586825,12.859315959119696,13.137788772583008,297804000
2021-03-23,13.205534747108478,13.295453056393745,12.973391315699493,13.022709846496582,222048000
2021-03-24,13.102913101614503,13.110884070467083,12.590304455981338,12.59653091430664,245840000
2021-03-25,12.45356156367243,12.668020482645497,12.22689771964549,12.489179611206055,295144000
2021-03-26,12.508357423671487,12.808998568705801,12.328022905586126,12.792060852050781,363968000
2021-03-29,12.773130700711981,13.0144907889492,12.653322911949298,12.900660514831543,273520000
2021-03-30,12.794801380172224,12.927561877681123,12.658304817189459,12.824441909790039,200204000
2021-03-31,12.967663184063744,13.42099081099066,12.93478447914414,13.299190521240234,314776000
2021-04-01,13.522369358755661,13.819024583083182,13.46159272623592,13.76098918914795,308276000
2021-04-05,13.816532577415291,13.962493775777086,13.682526408463117,13.936091423034668,255672000
2021-04-06,13.94829577953062,14.00259509902504,13.722877637600922,13.810553550720215,191744000
2021-04-07,13.829732533836207,14.191149339324006,13.66110505727589,14.091517448425293,251284000
2021-04-08,14.200367553011299,14.418313585584368,14.196630537167836,14.264381408691406,244416000
2021-04-09,14.161759195266548,14.355046432497897,14.12290297240524,14.347075462341309,195172000
2021-04-12,14.237231804937178,15.29607580434181,14.087284632452857,15.15310287475586,869324000
2021-04-13,15.175520404329175,15.642298695804206,15.07015897630807,15.62187385559082,676212000
2021-04-14,15.567575372230744,15.662724385304463,15.171536216754417,15.220854759216309,385500000
2021-04-15,15.604938070709537,16.154660479530673,15.574051864074454,16.077943801879883,598480000
2021-04-16,15.993999034973276,16.10633564214932,15.806939219576352,15.854016304016113,335208000
2021-04-19,15.479400214978964,15.749404144258904,15.177015463688035,15.305292129516602,404420000
2021-04-20,15.266932701181231,15.440044046604253,14.908007196915346,15.11549186706543,334132000
2021-04-21,15.063183469763409,15.306038182131777,15.046744591326041,15.304045677185059,216776000
2021-04-22,15.318491630862203,15.381758649575245,14.729165313862191,14.795670509338379,277788000
2021-04-23,14.87936454858827,15.278641899343617,14.845490057951816,15.209148406982422,227500000
2021-04-26,15.129191549679522,15.422110695504312,15.069411647383998,15.421113967895508,197796000
2021-04-27,15.521243816067019,15.612905694192488,15.298067110638453,15.325217247009277,164572000
2021-04-28,15.308031874143953,15.47516571048191,15.15957931715517,15.220603942871094,209416000
2021-04-29,15.343399043611141,15.379764870090474,15.016106605297141,15.268425941467285,173196000
2021-04-30,15.118727772895102,15.308526913285368,14.941879438167428,14.954333305358887,201912000
2021-05-03,15.06941043878628,15.19071284416774,14.733151247079403,14.782219886779785,203912000
2021-05-04,14.583453950082967,14.583702894438511,13.958758495262643,14.298504829406738,405324000
2021-05-05,14.654940249491606,14.75905695265572,14.334622020113388,14.40536117553711,292024000
2021-05-06,14.441974587843967,14.517695473850004,14.165744240795117,14.469622611999512,193380000
2021-05-07,14.753824629308104,14.915726811597322,14.617825960036255,14.75780963897705,229328000
2021-05-10,14.732900795256858,14.751582071904844,14.197625826750052,14.21331787109375,268904000
2021-05-11,13.774188670983172,14.301991547121727,13.69946450914894,14.253669738769531,285584000
2021-05-12,13.958008435105357,14.207837357510233,13.658862883776619,13.707931518554688,303408000
2021-05-13,13.982169938542986,14.028998076504566,13.409532427846457,13.61502456665039,285404000
2021-05-14,13.83895053700073,14.275340485481827,13.697970119526413,14.190652847290039,258616000
2021-05-17,14.104967840462367,14.11717276437191,13.802584080647618,14.113436698913574,216980000
2021-05-18,14.214564048719183,14.35130955439113,13.952530178000735,13.964237213134766,186256000
2021-05-19,13.516637860643087,14.027752884459964,13.49347368536492,14.014053344726562,344000000
2021-05-20,14.249935764831699,14.629784989317054,14.218053780494753,14.558796882629395,321592000
2021-05-21,15.108019017237964,15.16605535919213,14.814850925300101,14.936651229858398,672992000
2021-05-24,15.1565919224637,15.687135189405017,15.120226086990534,15.554624557495117,554816000
2021-05-25,15.708053851798939,15.760360666635048,15.425596101514737,15.590238571166992,435408000
2021-05-26,15.676419257223476,15.735700308133453,15.528963462870717,15.642294883728027,370440000
2021-05-27,15.642050724360203,15.692116100366094,15.403181937159781,15.431078910827637,581476000
2021-05-28,15.444027357726569,16.21767312523201,15.444027357726569,16.18479347229004,644536000
2021-06-01,16.210209658732406,16.32802499412124,15.844806717709917,16.204729080200195,472804000
2021-06-02,16.19252297327209,16.856573649229006,16.175834195760046,16.716588973999023,594168000
2021-06-03,16.639368724927916,17.19556736897667,16.522051333849653,16.907379150390625,580008000
2021-06-04,17.04960345412486,17.596087541905547,17.032667639127915,17.513643264770508,617120000
2021-06-07,17.506668113699998,17.747030491706028,17.12955929852456,17.554241180419922,575756000
2021-06-08,17.462830794677384,17.556734115441593,17.18759528524921,17.392839431762695,323848000
2021-06-09,17.455376379612076,17.514422030951746,17.19627233755803,17.298418045043945,381656000
2021-06-10,17.290194588207186,17.43170530908903,17.1167945825232,17.36493492126465,287772000
2021-06-11,17.41924641470844,17.877412740518896,17.38362021079101,17.763805389404297,416308000
2021-06-14,17.844281675128062,17.977320675326887,17.60187021649912,17.956642150878906,321376000
2021-06-15,17.85324549808425,17.95414617159391,17.666889838521403,17.72718048095703,243032000
2021-06-16,17.729429695958256,17.892863983016543,17.52388945392148,17.74886131286621,307124000
2021-06-17,17.713228953536802,18.770072470549398,17.69504235018329,18.59293556213379,809656000
2021-06-18,18.71925259251508,19.308215040452524,18.519941225336265,18.57450294494629,968856000
2021-06-21,18.37170513870822,18.472607738221978,17.761317116263903,18.363733291625977,672384000
2021-06-22,18.407828248625574,18.89838188023769,18.32262225653675,18.821645736694336,580144000
2021-06-23,18.942232994544018,19.0867336597578,18.84257729781816,18.991561889648438,332356000
2021-06-24,19.161475733042387,19.3530623779209,19.022455001453505,19.139301300048828,320924000
2021-06-25,19.21404094846536,19.278817427102744,18.829371801358914,18.96540069580078,278364000
2021-06-28,19.29450671998994,20.00953399739359,19.252402685926803,19.916107177734375,495436000
2021-06-29,19.81396615542745,20.029470225090638,19.589243331185592,19.957719802856445,367632000
2021-06-30,19.930314776489794,20.093002037862693,19.795281878543864,19.93355369567871,326568000
2021-07-01,20.05562636236661,20.385484736475224,19.94999086175242,20.14232635498047,480136000
2021-07-02,20.369790056845883,20.43456652516882,20.217815593150004,20.416378021240234,342764000
2021-07-06,20.666012792523105,20.77015237695763,20.280098726893023,20.627147674560547,446708000
2021-07-07,20.78161688378112,20.8030424068204,20.261914895907818,20.30152702331543,418428000
2021-07-08,19.78805462577858,20.063600320047218,19.632841227354213,19.834144592285156,503300000
2021-07-09,19.893689311396027,20.011033596944927,19.686157099051567,19.981136322021484,296624000
2021-07-12,20.170231770581537,20.461972057856865,20.118161969430805,20.44179344177246,321984000
2021-07-13,20.33018500975712,20.390726580921946,20.044673461563143,20.180204391479492,290708000
2021-07-14,20.287572800347288,20.347365436416478,19.684658809651104,19.773101806640625,380100000
2021-07-15,19.74345771305895,19.77858591455297,18.79349276060635,18.90087127685547,550564000
2021-07-16,18.964900147522947,19.090963266733112,18.010700300983057,18.09839630126953,688224000
2021-07-19,17.853497190988364,18.976362343498174,17.803917401134495,18.715017318725586,749060000
2021-07-20,18.665435297973314,18.77306281313049,18.10138637367849,18.547842025756836,434687000
2021-07-21,18.816914001718725,19.459691152678595,18.677397187844907,19.343093872070312,371017000
2021-07-22,19.574293617288724,19.818448030291623,19.209554105329772,19.526458740234375,323826000
2021-07-23,19.588247101340414,19.63209605947266,19.183646421770963,19.490585327148438,195672000
2021-07-26,19.244434884003283,19.374981936997983,18.848802099805674,19.227493286132812,203943000
2021-07-27,19.198593120837312,19.554362894991016,18.676399176562164,19.14179039001465,248863000
2021-07-28,19.252409967559455,19.57828250324593,18.929527349738116,19.435775756835938,202191000
2021-07-29,19.45171630566952,19.784566529734352,19.26137470574474,19.59422492980957,190781000
2021-07-30,19.35106921939,19.562338390382465,19.196604690590537,19.431791305541992,183497000
2021-08-02,19.632096019964017,19.892196048997913,19.29426383352367,19.681922912597656,217444000
2021-08-03,19.67195234337209,20.152291150026606,19.153744423297773,19.746694564819336,301811000
2021-08-04,19.921097238700884,20.247967690687908,19.759654974548358,20.204118728637695,231309000
2021-08-05,20.429335766295853,20.66153240927619,20.271879455166875,20.56586265563965,211435000
2021-08-06,20.453255584823058,20.499096555119213,20.140336838007727,20.295799255371094,178497000
2021-08-09,20.375526676723766,20.437313251264435,20.073571547056734,20.225048065185547,146443000
2021-08-10,20.251953978228443,20.359581522672396,19.76663117132434,19.867284774780273,179238000
2021-08-11,19.97391190338551,19.979891738651794,19.363025922279018,19.6310977935791,185925000
2021-08-12,19.801508432244812,19.959958849718042,19.552370188713052,19.836387634277344,151652000
2021-08-13,19.836386591609863,20.14432145963521,19.782571882288952,20.118410110473633,183063000
2021-08-16,20.0655949890892,20.21707147166275,19.385944729446937,19.88123321533203,210876000
2021-08-17,19.617148941747843,19.70185695099313,19.200590439736775,19.390932083129883,204585000
2021-08-18,19.432788353232937,19.566327264099343,18.934511728791065,18.974374771118164,285913000
2021-08-19,19.42680433496521,20.424355275719023,18.697327164065186,19.72975730895996,766555000
2021-08-20,19.922088611384755,20.793076409277884,19.864289880276367,20.744245529174805,675741000
2021-08-23,20.89871719014443,21.92117981464418,20.877789664818607,21.882314682006836,575807000
2021-08-24,21.678021018612597,21.883310344893474,21.46077202046187,21.71788215637207,297299000
2021-08-25,21.66207355456047,22.392546755792843,21.647125866786784,22.136432647705078,347701000
2021-08-26,22.123480715517967,22.262997548429166,21.714894075614353,21.99193572998047,237940000
2021-08-27,22.107532230785125,22.643677862471055,22.090590631749375,22.557973861694336,304722000
2021-08-30,22.751307262334937,22.963572419378465,22.473269615708634,22.60979652404785,262580000
2021-08-31,22.620760614168464,22.620760614168464,22.047642674505877,22.31177520751953,259850000
2021-09-01,22.41144663929597,22.622753028655936,22.283865100248764,22.367589950561523,201767000
2021-09-02,22.444341223157213,22.51909665177635,22.22207110229776,22.32274055480957,187834000
2021-09-03,22.251971049959415,22.910808082103483,22.127379950913973,22.76827621459961,280532000
2021-09-07,22.758309804466514,22.824093892750362,22.448326313698814,22.58786964416504,198107000
2021-09-08,22.439355044930288,22.53603785625392,21.905107228441466,22.26592445373535,254434000
2021-09-09,22.239016490910437,22.464277065145424,22.058608795237394,22.10445785522461,196856000
2021-09-10,22.274896532355616,22.551987038677307,22.197152562012025,22.40447235107422,248376000
2021-09-13,22.609793787016553,22.88887850668766,21.786495670040438,22.07953453063965,297500000
2021-09-14,22.202132041411108,22.336690647857136,22.013751133052175,22.169240951538086,199755000
2021-09-15,22.236022722228473,22.29383355511717,21.894144334606132,22.26791763305664,166538000
2021-09-16,22.11043394136282,22.204126304937887,21.855270869830687,22.169240951538086,156033000
2021-09-17,22.22704684584692,22.24797805503011,21.758585091907275,21.82835578918457,294503000
2021-09-20,21.076826867613953,21.362888683857676,20.594410879277827,21.043935775756836,349440000
2021-09-21,21.3469404733302,21.35491372577289,20.88146906785273,21.17650032043457,204688000
2021-09-22,21.296102923922355,21.888159587451916,21.126658982440958,21.86922264099121,268726000
2021-09-23,22.067570844468374,22.461279102173783,21.81838869165872,22.4084529876709,248555000
2021-09-24,21.997804384215325,22.076546431149566,21.789488429342764,22.00876808166504,217655000
2021-09-27,21.638979428215535,21.72768898320493,21.25524054701434,21.589143753051758,245215000
2021-09-28,21.144601235884615,21.34893052299368,20.58344140631402,20.631284713745117,343069000
2021-09-29,20.871501019861885,20.948248800717536,20.40004683540283,20.44988441467285,218394000
2021-09-30,20.700065269029956,20.99709081329455,20.62032703375371,20.648235321044922,221009000
2021-10-01,20.68212371981342,20.79076641966092,20.13691215457875,20.674150466918945,240978000
2021-10-04,20.43692580745961,20.47480160606298,19.49103082581489,19.667451858520508,345635000
2021-10-05,19.884739402108554,20.580456026751712,19.789052772537165,20.38409996032715,279282000
2021-10-06,20.054183467600772,20.652219202114356,20.014313404708272,20.632286071777344,297202000
2021-10-07,21.02300615012372,21.252255254335836,20.903399740291803,21.00606346130371,256919000
2021-10-08,21.031980471158256,21.136636569891074,20.70704657318885,20.762863159179688,151258000
2021-10-11,20.507697674953654,20.994100339135553,20.44390594615488,20.627304077148438,163388000
2021-10-12,20.759864289713306,20.988115251158046,20.460846442919173,20.603378295898438,162134000
2021-10-13,20.84957888117307,20.92134387928974,20.645249488802904,20.87051010131836,180652000
2021-10-14,21.218361862587606,21.683833248654274,21.052904524091133,21.674863815307617,243589000
2021-10-15,21.738649728412263,21.85925417517758,21.591135085332958,21.79047966003418,226994000
2021-10-18,21.677856826800955,22.218083693968943,21.573198850194263,22.149309158325195,189494000
2021-10-19,22.203125029484273,22.305788712501535,21.964908479415858,22.21708106994629,161473000
2021-10-20,22.232037672694034,22.359619226163996,21.91009429442329,22.030698776245117,146276000
2021-10-21,22.02471815036075,22.636710001159347,22.010764006896952,22.61777114868164,187590000
2021-10-22,22.748339913629675,23.054334844956028,22.48719785150225,22.651657104492188,249384000
2021-10-25,22.897848159028317,23.278598494667374,22.695513113631097,23.09021759033203,230235000
2021-10-26,23.9105273389636,25.17637336256749,23.84573943509634,24.636144638061523,485898000
2021-10-27,24.393941025402942,25.007925176618038,24.202567761764556,24.371015548706055,245990000
2021-10-28,24.796615700863228,24.86838066580957,24.4427774851292,24.85940933227539,234204000
2021-10-29,24.919211901819345,25.624895953536313,24.918215720709906,25.483360290527344,292503000
2021-11-01,25.565094542912135,25.80929200930688,25.144474150231424,25.742511749267578,265740000
2021-11-02,25.73753168250349,26.590730535065173,25.715602386475727,26.31463623046875,294112000
2021-11-03,26.582757025267508,26.696384427226477,26.14918053197211,26.5109920501709,239910000
2021-11-04,27.139925507145282,31.2623950368217,27.029288562062703,29.70351219177246,1153631000
2021-11-05,30.088252938531244,31.29728433418583,29.313794225323047,29.65467643737793,851260000
2021-11-08,30.050377560399664,30.998266887418577,29.80916860642571,30.703235626220703,503101000
2021-11-09,32.17639722764453,32.20430550943804,29.86597932140083,30.556711196899414,646746000
2021-11-10,29.259970949508748,30.74908322904024,28.68386069593988,29.362632751464844,636206000
2021-11-11,30.368332333995184,30.489932984419298,29.679592774599925,30.290586471557617,332172000
2021-11-12,29.911830378451516,30.579638725096128,29.53307238423617,30.290586471557617,413054000
2021-11-15,30.45205718413863,30.543755287298133,29.15132584547051,29.926780700683594,384909000
2021-11-16,29.661652535322734,30.29058701140295,29.608824510774056,30.104198455810547,264484000
2021-11-17,30.31849809734663,30.409201930373957,28.705790752092632,29.165283203125,428508000
2021-11-18,32.261122107751916,32.65283428082638,31.218542338444994,31.57138442993164,781711000
2021-11-19,32.137524780788404,32.97976178244582,31.800631120790957,32.877098083496094,533867000
2021-11-22,33.40735981814446,34.53366450538527,31.79565055921418,31.85146713256836,754335000
2021-11-23,31.431842568314533,32.25414458908274,30.778984519657556,31.642152786254883,532163000
2021-11-24,31.35809177967249,32.74753112029503,30.826834275154358,32.56712341308594,435162000
2021-11-26,32.493355877058754,32.60299664841291,31.2474468349952,31.399946212768555,283069000
2021-11-29,32.26012461188157,33.30270053648563,31.931202291527786,33.26681900024414,454964000
2021-11-30,33.0605021002407,33.24390214799257,31.75977238456129,32.569114685058594,622066000
2021-12-01,33.114390390664795,33.184169646455935,31.281179063188567,31.33600616455078,484368000
2021-12-02,31.115710549250643,32.37573026318309,30.927304613724342,32.024837493896484,472890000
2021-12-03,31.899227266863253,32.027822639120906,30.035115336865402,30.596343994140625,544325000
2021-12-06,29.78590054452752,30.14576373785318,27.94970234622703,29.942407608032227,658938000
2021-12-07,30.859514259780514,32.346816391112846,30.554476224251633,32.32488250732422,593053000
2021-12-08,31.898232211155804,32.188316185516875,31.322051376993954,31.72577667236328,475551000
2021-12-09,31.63405989309718,32.103579151197884,30.332173100678283,30.393978118896484,488507000
2021-12-10,31.051905086156875,31.206417659798845,29.766964720005916,30.102903366088867,488825000
2021-12-13,30.1537389247884,30.19859728465225,28.027454948851968,28.07231330871582,598344000
2021-12-14,27.611769480974516,28.587686497132797,27.16418406880267,28.247760772705078,667035000
2021-12-15,28.31056319651723,30.403950320139508,27.750332756169268,30.363079071044922,698297000
2021-12-16,31.053897441434426,31.061871670056004,28.004530741243016,28.297603607177734,707366000
2021-12-17,27.896871959169967,28.830921489909592,27.672580135131074,27.713451385498047,713758000
2021-12-20,27.219010461900748,28.055367052682545,27.059514491494653,27.63170623779297,461847000
2021-12-21,28.284643989318436,29.028294944690636,27.314706725168943,28.983436584472656,524385000
2021-12-22,28.800017170257917,29.46192565947625,28.359407778692482,29.30741310119629,395184000
2021-12-23,29.661291348376615,29.9643348089571,29.338312319080405,29.546653747558594,343022000
2021-12-27,29.566592584176444,30.989098625583328,29.546655113197424,30.847545623779297,403686000
2021-12-28,31.213393083122995,31.231336047997825,29.917485879079116,30.226511001586914,420591000
2021-12-29,30.177663603854032,30.451797181054715,29.273518478931255,29.906518936157227,343139000
2021-12-30,29.733072483260834,30.36108963663272,29.446977512392152,29.49283218383789,308864000
2021-12-31,29.580552622443367,29.935432431024672,29.23863236196779,29.31838035583496,266530000
2022-01-03,29.72110791823675,30.614286167328913,29.691201708964883,30.02614402770996,391547000
2022-01-04,30.18165478340745,30.372053287940535,28.25972677192673,29.197763442993164,527154000
2022-01-05,28.857830469478007,29.323360707048195,27.44629140730359,27.517066955566406,498064000
2022-01-06,27.55295802996534,28.348445375941616,26.97976990821359,28.089263916015625,454186000
2022-01-07,28.052377508601495,28.33249270432617,26.971789766731415,27.161191940307617,409939000
2022-01-10,26.497291979306667,27.38249602616525,25.563242453455118,27.31371307373047,594681000
2022-01-11,27.236953065488187,27.976616901866414,26.754478046594247,27.72939682006836,404089000
2022-01-12,27.978608560513216,28.504945618330236,27.52105444566208,27.910823822021484,383413000
2022-01-13,28.289633979579637,28.390315762334694,26.41455674867527,26.491315841674805,540171000
2022-01-14,26.21717640732011,27.111352875878474,26.12745967935316,26.857154846191406,395832000
2022-01-18,26.177304414004546,26.554114306336086,25.68884770952801,25.821428298950195,424270000
2022-01-19,25.996874104337753,26.45941170270569,24.973107843056518,24.988059997558594,488315000
2022-01-20,25.22431303336184,25.49844661807642,24.002172240904777,24.073945999145508,435181000
2022-01-21,23.432970816782724,24.74482640351697,23.189739748176777,23.300390243530273,718958000
2022-01-24,22.259678694181396,23.30637129274654,20.82222037714528,23.298397064208984,913982000
2022-01-25,22.47499743870543,22.87074846480711,21.930717378924925,22.25369644165039,664616000
2022-01-26,23.16681347265323,23.98124005243623,22.22977314342867,22.700286865234375,755959000
2022-01-27,23.493779360509365,23.91943467808651,21.606739331750255,21.874893188476562,573353000
2022-01-28,21.94267865750041,22.78601509261585,21.22893388945279,22.7680721282959,543774000
2022-01-31,23.108991809594748,24.43181423649078,22.979402057018028,24.408885955810547,564680000
2022-02-01,25.024941605227585,25.065812851502276,23.81476408120491,24.560409545898438,518925000
2022-02-02,25.712771637079914,25.735698020360548,24.475678597564364,25.16250991821289,543419000
2022-02-03,24.380977535591192,24.998027675942943,23.70511318165473,23.872583389282227,410178000
2022-02-04,23.896509010672386,24.557421239348365,23.557579565128698,24.242416381835938,354829000
2022-02-07,24.29524574603593,25.1026943053942,24.125781045791168,24.65012550354004,376868000
2022-02-08,24.28228698772841,25.150544291203026,23.904480837599923,25.028928756713867,410359000
2022-02-09,25.54131148574977,26.640838580536943,25.27315951224319,26.620901107788086,524282000
2022-02-10,25.913132946632484,26.840202434804148,25.519376491715878,25.7426700592041,513200000
2022-02-11,25.83438755548586,26.06964442204501,23.698136487325115,23.873580932617188,605472000
2022-02-14,23.85862696314563,24.79666354683214,23.680189818886806,24.19057846069336,440424000
2022-02-15,24.870429246985168,26.461403743864466,24.705949858768733,26.411561965942383,699869000
2022-02-16,26.176305909012655,26.498288671486034,25.47153166394175,26.42751121520996,732676000
2022-02-17,25.549283587406155,25.70379613633401,24.088899004953028,24.429821014404297,810595000
2022-02-18,24.590310858620988,24.907310153114818,23.02725016540724,23.567543029785156,761255000
2022-02-22,22.962457916801178,23.98821671585555,22.927568291074294,23.31633949279785,633422000
2022-02-23,23.727040557473366,24.078929495655366,22.230768194872702,22.316495895385742,566511000
2022-02-24,20.94881900592277,23.72504833875335,20.82421265561137,23.6732120513916,735801000
2022-02-25,23.64630098063684,24.14073741705025,23.30737152091748,24.0809268951416,528866000
2022-02-28,23.916440797353353,24.5873216032974,23.632338521046485,24.308202743530273,477319000
2022-03-01,24.214504305072836,24.300233919081215,23.059153777179308,23.403066635131836,412056000
2022-03-02,23.685222229370265,24.336276568768735,23.345238595457605,24.147838592529297,389642000
2022-03-03,24.18971640143085,24.2535268091343,23.399079682408747,23.64335060119629,365095000
2022-03-04,23.314331446054602,23.609449084190494,22.415018401859665,22.867666244506836,431415000
2022-03-07,22.749018838877227,22.964376798114145,21.2664496692882,21.28838348388672,450821000
2022-03-08,21.245514318732305,22.306343532359403,20.588477275477324,21.44990348815918,557467000
2022-03-09,22.320303633914452,23.150822137347905,22.180721331376475,22.945436477661133,492742000
2022-03-10,22.46387362746883,22.72010791806969,21.816807022974896,22.590496063232422,428066000
2022-03-11,22.953410808497686,23.076045454723392,21.980318734826213,22.03415870666504,367209000
2022-03-14,21.80384067249969,22.195669376851416,21.095957034349265,21.266447067260742,385354000
2022-03-15,21.45388943534592,22.96936124008591,21.258474245006287,22.90455436706543,491996000
2022-03-16,23.429986500774472,24.523718332751294,23.10296459283885,24.423019409179688,671422000
2022-03-17,24.048135981074452,24.76798302260017,23.83477288818977,24.692211151123047,471941000
2022-03-18,24.72511591515251,26.489842995481,24.55063805480904,26.374187469482422,730719000
2022-03-21,26.428027300009337,27.071106099040612,25.88963521663449,26.65435028076172,591727000
2022-03-22,26.647369201302396,27.156848316591432,25.994321917033023,26.444974899291992,547007000
2022-03-23,26.048159533733372,26.53271160406256,25.498802493887702,25.557626724243164,502120000
2022-03-24,26.088045093021876,28.23562710130492,25.82981594503605,28.066133499145508,877379000
2022-03-25,27.802915490968033,28.27350932502247,27.18974806430795,27.609493255615234,579016000
2022-03-28,27.67330780734801,28.165835529081235,27.124945266667112,28.13492774963379,425494000
2022-03-29,28.60950676132991,28.85975839254765,27.896636856560235,28.57062339782715,488984000
2022-03-30,28.219671024878537,28.411098411151755,27.421056956130638,27.607500076293945,463487000
2022-03-31,27.69922874957192,28.163840001448694,27.188755016987574,27.2047061920166,523440000
2022-04-01,27.29343862106805,27.41407840137785,26.188740006342908,26.632413864135742,517235000
2022-04-04,26.648371079518313,27.475898220814116,26.53371392218008,27.278488159179688,397120000
2022-04-05,27.172798887898374,27.237605758755578,25.743071345725753,25.853740692138672,436615000
2022-04-06,24.859712215391237,25.224620987328382,23.931486259303167,24.33428192138672,703833000
2022-04-07,24.36818131196346,24.648344247170577,23.40805109513817,24.135875701904297,557992000
2022-04-08,23.845738250132285,23.851720890168128,22.993286209983477,23.05011558532715,524781000
2022-04-11,22.147815823189774,22.253499000395795,21.595465570939584,21.851699829101562,575207000
2022-04-12,22.46985714800616,22.657296773923992,21.218595050115738,21.43993377685547,662258000
2022-04-13,21.663265165709976,22.432964462991524,21.39107781519928,22.13684844970703,516943000
2022-04-14,22.437948470033938,22.70913934444599,21.09994772609378,21.194664001464844,569097000
2022-04-18,21.13684199953331,22.02219506677443,21.016202192088386,21.71810531616211,525701000
2022-04-19,21.655289899939216,22.306344324811956,21.250499340490578,22.131866455078125,512781000
2022-04-20,22.449917550765523,22.60246161145475,21.13684172009428,21.418001174926758,468974000
2022-04-21,21.64431805927398,22.32528363593372,19.940410359200147,20.122865676879883,656209000
2022-04-22,20.24251007228569,20.424965416989473,19.441902979823055,19.456857681274414,624713000
2022-04-25,19.14479141968029,19.885577840769354,19.039108228053102,19.84270668029785,641566000
2022-04-26,19.659254708106264,19.72904585331805,18.614376672651343,18.732025146484375,653143000
2022-04-27,18.542587544483734,19.10989247416375,18.23550655747405,18.36013412475586,499460000
2022-04-28,18.910488306653104,19.977301919519842,18.434910207307524,19.723060607910156,570327000
2022-04-29,19.344195296792407,20.06803212955995,18.46183178332937,18.491743087768555,500435000
2022-05-02,18.48575893149055,19.515680231778166,18.33620622488366,19.474803924560547,572049000
2022-05-03,19.342200337321106,19.7659352569291,19.07599562451621,19.543598175048828,475751000
2022-05-04,19.863641752299557,20.33921986356432,18.695132726502678,20.27341651916504,648855000
2022-05-05,19.807809899114023,19.86563575823811,18.444882087815973,18.787857055664062,626331000
2022-05-06,18.680180965141894,19.453868144607874,17.936403191321382,18.619361877441406,633297000
2022-05-09,17.98027594405844,18.200616338495912,16.776870944823614,16.899505615234375,644455000
2022-05-10,17.636297548198513,18.143781837571737,16.974276274336525,17.542577743530273,761474000
2022-05-11,17.295316703632178,17.70010720962238,16.518638315122686,16.58045196533203,670167000
2022-05-12,16.170677698614824,16.73798268883239,15.520620763164581,16.126808166503906,708728000
2022-05-13,16.73797994693999,17.874582687114945,16.543561257348554,17.653244018554688,670437000
2022-05-16,17.456831495925755,17.734999526687567,17.05503238408511,17.212560653686523,521446000
2022-05-17,18.020150928461515,18.316266948710442,17.581463204511554,18.122844696044922,585830000
2022-05-18,17.652250113395763,18.064019738570103,16.813756162184983,16.887535095214844,545161000
2022-05-19,16.886539645818328,17.634305160902688,16.68414342710916,17.072982788085938,621310000
2022-05-20,17.280361950120188,17.358128675360334,15.708059831340721,16.644262313842773,739105000
2022-05-23,16.2255129579709,16.864603890150594,16.130796688219526,16.847654342651367,639889000
2022-05-24,16.460809506552845,16.547550187898246,15.732984010714674,16.10586929321289,588550000
2022-05-25,15.972272324867756,17.060021530351076,15.952331454150205,16.924427032470703,781132000
2022-05-26,15.988225751012793,18.038100388049628,15.974267519878618,17.797819137573242,996575000
2022-05-27,18.13181926193302,18.82474834379244,18.046075040592772,18.75495719909668,738379000
2022-05-31,18.923450248875827,19.14279599466487,18.295328116993222,18.616369247436523,664100000
2022-06-01,18.668218552747707,18.99623696880328,18.068010839185806,18.26542091369629,544514000
2022-06-02,18.237502324193954,19.56054844841514,18.143782516021254,19.533628463745117,648656000
2022-06-03,19.025147490431646,19.274402636121195,18.466814594887644,18.66422462463379,598779000
2022-06-06,19.081977060607624,19.27938709229923,18.508689459205605,18.73002815246582,422406000
2022-06-07,18.416965795176733,18.9433925831492,18.133811531545238,18.869613647460938,388914000
2022-06-08,18.74694977798298,19.126895395966503,18.483680792749468,18.59636878967285,363252000
2022-06-09,18.42983921014057,18.880587585792014,17.991056747068452,17.998037338256836,395574000
2022-06-10,17.55127599699547,17.648007580932866,16.82229882218963,16.92700958251953,465248000
2022-06-13,15.955702996068341,16.266839478389468,15.562793756532253,15.603680610656738,604153000
2022-06-14,15.687445485050771,16.0215180076979,15.369328457737616,15.792155265808105,469680000
2022-06-15,16.050439932166825,16.821300578805904,15.881908139766276,16.481245040893555,563936000
2022-06-16,15.816089727372347,15.897863432906357,15.358360878066698,15.557806968688965,545749000
2022-06-17,15.604674860098072,15.950714236578374,15.28556115428669,15.83603286743164,630334000
2022-06-21,16.42939011174875,16.960913567479754,16.361577575315028,16.520137786865234,483089000
2022-06-22,16.181077014713374,16.61587073985761,16.135204840649315,16.314706802368164,437135000
2022-06-23,16.473267119438244,16.53908438669256,15.80911149125112,16.180082321166992,463680000
2022-06-24,16.454316515193973,17.092543941061024,16.26484203486428,17.078582763671875,472153000
2022-06-27,17.26407044859053,17.282020263994987,16.579968879448046,16.822296142578125,427968000
2022-06-28,16.853208409572957,17.154372304605772,15.900852604328026,15.937750816345215,461149000
2022-06-29,15.770216310534561,15.776199264816002,15.127999283665375,15.498969078063965,482352000
2022-06-30,15.31847343700277,15.523903457243852,14.820855311845145,15.117033004760742,686070000
2022-07-01,14.857749366858286,15.021294859447558,14.352153126123206,14.482789993286133,577610000
2022-07-05,14.135756008662238,14.92955177197515,14.01608834866183,14.922571182250977,651397000
2022-07-06,14.968442325940817,15.27658681871812,14.748053534921276,15.088109970092773,529066000
2022-07-07,15.413208995404638,15.900854523259023,15.346394102933195,15.814095497131348,492903000
2022-07-08,15.387280900081658,15.99260071355022,15.3463940472355,15.794151306152344,467972000
2022-07-11,15.483014331967349,15.484011966579512,14.996365505258906,15.110050201416016,437321000
2022-07-12,15.22572805239749,15.388276870570849,14.83581079611465,15.040243148803711,458483000
2022-07-13,14.549606661502255,15.332433178961859,14.424952733218012,15.122016906738281,521918000
2022-07-14,15.06617297485196,15.430162236147307,14.687224899011335,15.329442024230957,456235000
2022-07-15,15.615647329390558,15.738305988579,15.40223910380052,15.718361854553223,385935000
2022-07-18,16.25687078128728,16.850222942064924,15.957702040170656,16.056427001953125,670517000
2022-07-19,16.440358091474902,17.062631077163257,16.127228231279975,16.944957733154297,702366000
2022-07-20,16.900084012250357,17.8833544065657,16.754488293525725,17.757701873779297,760538000
2022-07-21,17.835482614701714,18.093764403863,17.49642380939711,18.000024795532227,557049000
2022-07-22,17.843461655137467,17.917256187628578,17.089554175506528,17.27105140686035,536671000
2022-07-25,16.971880453577725,17.076591197104143,16.602905897371375,16.97686767578125,480748000
2022-07-26,16.84224178303558,16.872159411075533,16.43238035984879,16.487228393554688,397865000
2022-07-27,16.984844729606653,17.886343144331377,16.866174710818715,17.740747451782227,569776000
2022-07-28,17.925232053707944,18.089774220465507,17.391713488476277,17.934206008911133,474646000
2022-07-29,17.763685253323978,18.193491806144685,17.643019947154993,18.112716674804688,435460000
2022-08-01,18.13166037008038,18.79382347486427,17.940192505913,18.389944076538086,476469000
2022-08-02,18.071827728649904,18.885568560892924,18.041910100984115,18.474708557128906,489527000
2022-08-03,18.1336539858444,18.915483721167206,18.086783232155426,18.84069061279297,418146000
2022-08-04,18.796814489472666,19.22063704890321,18.708060200093033,19.161800384521484,409652000
2022-08-05,18.75792279078178,19.17576338661587,18.614322361680482,18.93642807006836,386068000
2022-08-08,17.45354724017541,18.18850639909418,17.194266811220928,17.74374008178711,981859000
2022-08-09,17.204242845730334,17.39870273138628,16.677704606882752,17.0387020111084,668263000
2022-08-10,17.64900236749365,18.067839657584745,17.269056663137828,18.046897888183594,597422000
2022-08-11,18.080806109395972,18.655211706632087,17.826510993938886,17.8923282623291,509327000
2022-08-12,18.109723796605994,18.66617953381499,17.903296146751718,18.657203674316406,478094000
2022-08-15,18.64922796080583,19.110945527296405,18.561472236217575,18.979310989379883,457666000
2022-08-16,18.867615667988698,19.089001131232823,18.449775142788685,18.82672882080078,451240000
2022-08-17,18.47171804037453,18.63626023321667,18.09476431039142,18.284236907958984,446799000
2022-08-18,18.2503302730506,18.812767894027008,18.132656951420675,18.721023559570312,415447000
2022-08-19,18.355042477008766,18.468727183536906,17.72080358497965,17.799585342407227,441588000
2022-08-22,17.441578126782925,17.509390657788362,16.91902867077679,16.986841201782227,409593000
2022-08-23,16.941964523094743,17.41664650068236,16.923016122259966,17.133432388305664,369986000
2022-08-24,16.964904394732812,17.35781467913653,16.848229612549492,17.17432403564453,522661000
2022-08-25,16.797366467637275,17.897313400062618,16.78639724119501,17.863407135009766,770691000
2022-08-26,17.80756586241982,17.874379819726403,16.192049758099092,16.21498680114746,769127000
2022-08-29,15.97564814658675,16.29276663412164,15.723348333249264,15.757253646850586,496132000
2022-08-30,15.915812157547325,15.994592953755117,15.139966300020541,15.425174713134766,530181000
2022-08-31,15.3414069074727,15.496975134961382,14.917583393679934,15.052209854125977,573710000
2022-09-01,14.169660919691056,14.340187972290808,13.233261435486058,13.898414611816406,1178865000
2022-09-02,14.060961579559567,14.13176414907431,13.553370076539666,13.60921573638916,743157000
2022-09-06,13.692985344440922,13.740852790055504,13.314037269416279,13.427721977233887,535751000
2022-09-07,13.529469898732927,13.803790627120508,13.313006348581766,13.680096626281738,512657000
2022-09-08,13.425726414837639,13.97336992015191,13.335949711141568,13.955413818359375,624873000
2022-09-09,14.121999969055892,14.438216654464224,14.091077423081934,14.351431846618652,486612000
2022-09-12,14.33347754387466,14.511036991860852,14.162899808803669,14.469141006469727,484159000
2022-09-13,13.767879095556324,13.887582320478687,13.06661696561573,13.09853744506836,714956000
2022-09-14,13.221231803218423,13.257143051448159,12.881075254382225,13.09554386138916,588507000
2022-09-15,12.982824382811994,13.200284898230091,12.758380252068209,12.8970365524292,523625000
2022-09-16,12.710498889536233,13.179337223190453,12.585807914194328,13.165371894836426,670751000
2022-09-19,12.97983368971084,13.429719005503596,12.977838778423196,13.348918914794922,569685000
2022-09-20,13.182329079094677,13.44966616014184,13.024719705664902,13.143424987792969,524818000
2022-09-21,13.180334501882477,13.996312044305188,13.07758850400222,13.228215217590332,807679000
2022-09-22,13.037686800354493,13.116491960905076,12.397274767166287,12.529945373535156,759162000
2022-09-23,12.38929449653901,12.579822277960686,12.22669736982,12.48505687713623,663309000
2022-09-26,12.460121401962885,12.627706312935176,12.183805742416402,12.197771072387695,547343000
2022-09-27,12.476080251525241,12.704514210651315,12.227696230944117,12.382312774658203,553854000
2022-09-28,12.379318359284666,12.791297397761815,12.323457052729534,12.704512596130371,542414000
2022-09-29,12.417223851541646,12.469095333793417,11.916465127536608,12.189787864685059,532763000
2022-09-30,12.057116325939106,12.601766889967653,12.045145910694353,12.108987808227539,565638000
2022-10-03,12.316474670852143,12.64665666780186,12.075072388322885,12.481066703796387,547478000
2022-10-04,12.847159945252836,13.187317472632325,12.847159945252836,13.134448051452637,584182000
2022-10-05,12.879081259534201,13.288067492068219,12.589798244962582,13.17634391784668,507131000
2022-10-06,13.187316594180706,13.62223854641482,13.070605273695971,13.097538948059082,644157000
2022-10-07,12.474084749119333,12.638676791416017,11.992279039061453,12.04614543914795,672478000
2022-10-10,12.00724185114814,12.094026663340596,11.379797153136787,11.641149520874023,698699000
2022-10-11,11.532417118510912,11.816712348676244,11.255104551505667,11.557355880737305,667482000
2022-10-12,11.550374224944592,11.705987738753207,11.316952527256786,11.471569061279297,492590000
2022-10-13,10.943877022867374,12.048140628446744,10.786267640804748,11.930432319641113,850103000
2022-10-14,12.027192471424224,12.081058872016744,11.176301596444594,11.199244499206543,713432000
2022-10-17,11.489524053285416,11.9184612819513,11.488527073512962,11.858609199523926,580774000
2022-10-18,12.313482956867912,12.461116834509994,11.589277945577948,11.93741512298584,659362000
2022-10-19,11.849631206949502,12.3194674213086,11.804742384541735,12.02120590209961,523131000
2022-10-20,12.083054517539724,12.737432910817912,12.075073921985922,12.163854598999023,652398000
2022-10-21,12.068090417832614,12.467102092739703,11.85761257031653,12.4351806640625,609494000
2022-10-24,12.477078338119243,12.678578622776968,12.034175742763328,12.567852973937988,517457000
2022-10-25,12.662617544617813,13.26711930987685,12.63269102706923,13.228215217590332,505482000
2022-10-26,12.837186801922265,13.35490287684184,12.676584561088767,12.864119529724121,532953000
2022-10-27,13.59630304820485,13.803788998303101,13.089558589412318,13.143424987792969,583113000
2022-10-28,13.071604141512527,13.815760155792058,13.028710226197942,13.799798965454102,521040000
2022-10-31,13.743936087967768,13.803788166627177,13.264125332932366,13.463630676269531,486341000
2022-11-01,13.77685473939127,13.890573215216364,13.4855768377865,13.509517669677734,432817000
2022-11-02,13.815759886644688,14.174869538553562,13.17833970749939,13.186319351196289,672628000
2022-11-03,13.010755424842653,13.746930863679363,12.923970612064814,13.38782024383545,500065000
2022-11-04,13.951423355113537,14.1938226319805,13.663137321682004,14.121003150939941,612576000
2022-11-07,14.192823644192917,14.3763687541529,13.919501841346959,14.265643119812012,410061000
2022-11-08,14.76440920283428,14.85418686064914,14.180855378354366,14.565901756286621,595292000
2022-11-09,14.126989761120601,14.175869366228325,13.724986140949703,13.741944313049316,454414000
2022-11-10,14.763411236851555,15.734005334197544,14.511036451418649,15.71106243133545,700819000
2022-11-11,15.767920535169456,16.348481436653724,15.443724222491777,16.28663444519043,655487000
2022-11-14,16.177901866300843,16.499106232735553,15.882633238435714,16.254711151123047,527852000
2022-11-15,16.680661045178866,16.955977806854108,16.341501419582265,16.624799728393555,545876000
2022-11-16,16.122044306055884,16.321548716407033,15.833758273609781,15.87066650390625,649547000
2022-11-17,15.676148882942353,16.225787271704426,15.496593581923413,15.638242721557617,710894000
2022-11-18,15.926526078879489,15.962438276776751,15.082617967788815,15.370903968811035,492072000
2022-11-21,15.109553993521583,15.438738093483565,15.042719242364662,15.279133796691895,404739000
2022-11-22,15.290103580749188,16.018299245315394,15.0846125617215,15.998348236083984,472866000
2022-11-23,16.05820212549382,16.486142404800624,16.008326496462395,16.478160858154297,427241000
2022-11-25,16.277661873589395,16.446242818507432,16.132022884269546,16.229780197143555,167934000
2022-11-28,15.986377823696634,16.31656076749582,15.686123298163908,15.787870407104492,303741000
2022-11-29,15.787871978822768,15.89261289133373,15.481631739149844,15.600337028503418,298384000
2022-11-30,15.662194684583332,16.892461514531075,15.562416984934226,16.88547706604004,565298000
2022-12-01,16.961313400800822,17.22672251600334,16.59812007687738,17.09701156616211,470977000
2022-12-02,16.622065055941654,16.895457726979757,16.408538823613274,16.83858299255371,371389000
2022-12-05,16.64202269753776,16.95732209492753,16.435480895818028,16.57317543029785,352255000
2022-12-06,16.49335453097424,16.53625847140246,15.783930339637903,15.951558113098145,352694000
2022-12-07,15.737030105203344,16.150112680566554,15.632262419910722,16.084259033203125,372388000
2022-12-08,16.236922259213415,17.140913726572844,15.923617339692608,17.130935668945312,515456000
2022-12-09,17.12195815331659,17.544020747196672,16.93736880935287,16.96331024169922,465338000
2022-12-12,16.999225447921326,17.49911405996947,16.75975781514761,17.49612045288086,457328000
2022-12-13,18.48991481040543,18.748341354532826,17.67173314781312,18.031932830810547,656589000
2022-12-14,17.947122938893273,18.21153673692968,17.38138052214265,17.634817123413086,496888000
2022-12-15,17.107987414571323,17.281601445328924,16.662977044280925,16.914417266845703,478542000
2022-12-16,16.826609420854215,17.003217021729515,16.37361555870543,16.534257888793945,478232000
2022-12-19,16.535258005172167,16.572174722426883,16.109204679647327,16.21796226501465,354039000
2022-12-20,16.02838403707244,16.27383892516191,15.816855115740298,16.04933738708496,403260000
2022-12-21,16.078275356146534,16.590138515163844,16.066300925017234,16.46441650390625,325025000
2022-12-22,16.058317929250357,16.102221001275094,14.849005155476785,15.304991722106934,565045000
2022-12-23,15.162309883054668,15.304992495444772,14.850004092190744,15.172287940979004,349326000
2022-12-27,15.040579253955626,15.066521631264365,14.024835696731898,14.089692115783691,464902000
2022-12-28,13.896121418259238,14.230378701946371,13.853216536118653,14.00487995147705,351066000
2022-12-29,14.370069773045314,14.650445953818707,14.195457574978805,14.570623397827148,354923000
2022-12-30,14.302221216588292,14.59656727894766,14.201445300640174,14.5816011428833,310490000
2023-01-03,14.818074155568226,14.962753137456133,14.064747927725566,14.283262252807617,401277000
2023-01-04,14.5347061931835,14.820071447404848,14.209428703147058,14.716301918029785,431324000
2023-01-05,14.458873382334806,14.531711494421922,14.116633408077806,14.23337459564209,389168000
2023-01-06,14.441909831289994,14.976721722809424,14.002885769126838,14.826056480407715,405044000
2023-01-09,15.250113252108315,16.020400961589182,15.107429705260227,15.593350410461426,504231000
2023-01-10,15.472621454131234,15.926612657782302,15.437699200244237,15.873730659484863,384101000
2023-01-11,15.804882316459198,15.992465239813418,15.528496008879637,15.965524673461914,353285000
2023-01-12,16.064309475307514,16.600117791074528,15.457656552133493,16.474397659301758,551409000
2023-01-13,16.24190878461204,16.88448193196626,16.129160360121443,16.86153221130371,447287000
2023-01-17,16.86153118295506,17.688693570535168,16.86153118295506,17.662750244140625,511102000
2023-01-18,17.62783226446367,17.833374940410984,17.243685577032387,17.338476181030273,439624000
2023-01-19,16.998229980422312,17.158874241400532,16.693907773124163,16.72783088684082,452932000
2023-01-20,16.973282837444028,17.81641051877651,16.787696318202407,17.799448013305664,564967000
2023-01-23,18.023952936401,19.202336426570977,17.778499909823832,19.15045166015625,655163000
2023-01-24,18.78526133289635,19.451781589199925,18.778276881927304,19.2222900390625,496204000
2023-01-25,18.871064424684473,19.32705185211304,18.53880260089525,19.280155181884766,449537000
2023-01-26,19.657322688857523,20.121291926493868,19.235260153653364,19.758098602294922,489535000
2023-01-27,19.418849333138702,20.582264478452693,19.361976503519905,20.319847106933594,542142000
2023-01-30,19.905769395745818,20.09534677439952,19.10754194271611,19.119516372680664,488611000
2023-01-31,19.127497873404206,19.64335181995639,18.907986325068734,19.493684768676758,498017000
2023-02-01,19.647346873400746,21.14501874822768,19.56752430206783,20.89657211303711,660477000
2023-02-02,20.953443700486602,21.900339205368454,20.654109551727693,21.660871505737305,564276000
2023-02-03,20.953443971002155,21.696793177822467,20.742911306722025,21.05322265625,429366000
2023-02-06,20.759868575425514,21.52217456940096,20.73991246279001,21.0422420501709,452197000
2023-02-07,21.334595540764557,22.209652016752774,21.10310954039303,22.123842239379883,664150000
2023-02-08,22.337365045310303,22.82727757872674,21.95920561326959,22.15576934814453,559651000
2023-02-09,22.555882109825383,22.96896380674192,22.07095953858251,22.287477493286133,523876000
2023-02-10,21.641914381705053,22.029052780138088,20.764863390521825,21.21785545349121,550737000
2023-02-13,21.490250748186387,21.99912031573908,20.91552751667087,21.739696502685547,474919000
2023-02-14,21.53016116062426,22.997900655540672,21.318631266584543,22.920074462890625,675474000
2023-02-15,22.499008003095835,22.804329348665444,22.056991258302702,22.713531494140625,420575000
2023-02-16,22.0839266243148,22.50000187845595,21.87838398717314,21.953218460083008,412026000
2023-02-17,21.583047035533625,21.691804648830416,20.92850117636332,21.340585708618164,465888000
2023-02-21,20.953441579866375,21.44634583081081,20.5722885301492,20.609207153320312,410015000
2023-02-22,20.661090150563847,21.05720930150761,20.375723053454355,20.707984924316406,513184000
2023-02-23,23.388029834017708,23.835036491709413,22.97394905021416,23.61153221130371,1117995000
2023-02-24,23.173513218327404,23.421961761973428,22.896129634254915,23.234376907348633,589716000
2023-02-27,23.617520428698207,23.827053916300855,23.401999726272685,23.448894500732422,452994000
2023-02-28,23.320187926228545,23.77218472106697,23.154555555065325,23.164533615112305,455963000
2023-03-01,23.14058460599458,23.204443804026024,22.458100964699696,22.647680282592773,460026000
2023-03-02,22.43813935177728,23.32815985965969,22.382261858252154,23.262306213378906,389415000
2023-03-03,23.26830010651087,23.847014191551843,23.078720796703625,23.8370361328125,412393000
2023-03-06,23.83803229096399,24.19423923751773,23.43492676138987,23.501779556274414,437429000
2023-03-07,23.551677824513874,24.07560247170694,23.193411743392723,23.24031639099121,515154000
2023-03-08,23.438907679098733,24.150448993437568,23.37603695159869,24.131486892700195,513573000
2023-03-09,24.125499097663184,24.403929057492398,23.33512096029611,23.38801383972168,501257000
2023-03-10,23.36106942050816,23.578623466893095,22.679467330163575,22.917978286743164,474866000
2023-03-13,22.70541520633813,23.250296778148737,22.251346912588748,22.918975830078125,421890000
2023-03-14,23.447890629973315,24.169409811888126,23.411963139447696,24.013729095458984,474910000
2023-03-15,23.71234578983034,24.236270399989948,23.31216782093887,24.178390502929688,524486000
2023-03-16,23.97780468614888,25.535607427755508,23.845075681386035,25.488704681396484,583253000
2023-03-17,25.9287988632653,26.3449448193976,25.61544073749828,25.672325134277344,848547000
2023-03-20,25.562549518958868,25.970712430849073,25.07854201438664,25.846965789794922,432747000
2023-03-21,26.126395026788483,26.337960836204616,25.329031245204536,26.145355224609375,547408000
2023-03-22,26.37088997719431,27.532507969585293,26.183275210273973,26.413803100585938,797295000
2023-03-23,27.059476076334736,27.442690531752774,26.63534711506696,27.13532066345215,564889000
2023-03-24,26.975651684052345,27.111372891793874,26.301035262211116,26.724166870117188,454920000
2023-03-27,26.782046292352977,26.94471262702747,26.311012675719404,26.476673126220703,361026000
2023-03-28,26.392849502534016,26.45871435039119,25.7970717555382,26.355924606323242,356104000
2023-03-29,26.770070458700065,27.022550738950102,26.542536701119406,26.928743362426758,393694000
2023-03-30,27.17324699449219,27.44269460926943,27.04650622795167,27.32693099975586,364516000
2023-03-31,27.084430325748205,27.777009606558664,27.04950214041425,27.72012710571289,433933000
2023-04-03,27.452670206590867,27.942664002312416,27.280024126142052,27.90773582458496,398716000
2023-04-04,27.908737736009,27.94266851512213,27.25108667754047,27.396787643432617,368592000
2023-04-05,26.774064682882994,26.942717354778598,26.340953337844432,26.825958251953125,515015000
2023-04-06,26.529570152574795,27.02455490537043,26.372892013788857,26.981643676757812,397654000
2023-04-10,26.768077072918704,27.564443419953324,26.614393073942708,27.52252960205078,395279000
2023-04-11,27.667236759205327,27.73310161069259,27.070459671596023,27.113372802734375,314378000
2023-04-12,27.313958486817846,27.4117573972983,26.393845475280525,26.440750122070312,446259000
2023-04-13,26.67925655636213,26.831943139385213,26.275087085274208,26.408811569213867,353615000
2023-04-14,26.44973120006375,26.827954885781043,26.166312310977247,26.703210830688477,395660000
2023-04-17,26.510607005107396,26.950704014318593,26.378877313961777,26.946712493896484,321471000
2023-04-18,27.476628952799295,28.052447248564135,27.30098870725132,27.610353469848633,604812000
2023-04-19,27.304971613615297,27.942663041399932,27.17623606249788,27.873804092407227,358660000
2023-04-20,27.614340416338198,27.972606485594795,26.944714827313312,27.04850196838379,427713000
2023-04-21,26.896811075410813,27.12733896388513,26.667282494525807,27.06346893310547,345103000
2023-04-24,26.957693346171588,27.309969340612152,26.61639260681385,26.98663330078125,339282000
2023-04-25,27.02255529680181,27.191209883551597,26.17130312906319,26.18726921081543,378527000
2023-04-26,26.946713672472086,27.274041202719886,26.65032090270942,26.900806427001953,406337000
2023-04-27,27.30697044349632,27.438700120455238,26.57048075680254,27.170249938964844,377161000
2023-04-28,27.169259042494186,27.70116680186363,27.015573113602102,27.69218635559082,292216000
2023-05-01,27.782996461743867,28.99850296142685,27.723119847489293,28.850805282592773,570329000
2023-05-02,28.621271917225346,28.77695261116226,28.025494279618155,28.152233123779297,402730000
2023-05-03,27.782995617159955,28.30891697061435,27.415749094927655,27.745073318481445,383387000
2023-05-04,27.594382208198148,27.80195650009337,27.184224452575453,27.505565643310547,321850000
2023-05-05,27.769021662211923,28.696118323225086,27.674216876393494,28.621273040771484,361494000
2023-05-08,28.46359870886539,29.16016946274796,28.291951910306917,29.091310501098633,344979000
2023-05-09,28.83982635316878,28.91367423632623,28.3917463228912,28.512496948242188,314869000
2023-05-10,28.94561039227481,29.053390963914687,28.402725530757564,28.825857162475586,369350000
2023-05-11,28.8368313012262,28.890721581405018,28.188162647959096,28.519481658935547,322149000
2023-05-12,28.47058123775665,28.72106862682804,27.988570462268328,28.28196907043457,274222000
2023-05-15,28.449628270125718,28.90968479771039,28.09435819789657,28.89371681213379,293926000
2023-05-16,28.781946830273363,29.808841156723194,28.77296638486964,29.15318489074707,449405000
2023-05-17,29.523423532319487,30.137164031905737,29.369739532230806,30.116207122802734,432535000
2023-05-18,30.347732971846412,31.76282877397273,30.257917101676483,31.613136291503906,748725000
2023-05-19,31.47142600851462,31.51533653819643,30.852696589930833,31.199983596801758,473908000
2023-05-22,30.837723229883725,31.455457092023806,30.617177004038794,31.11216163635254,372000000
2023-05-23,30.936523538862662,31.22393392865523,30.568279631249496,30.62516212463379,356253000
2023-05-24,30.14814019154648,30.54432854642124,29.74496810397816,30.4754695892334,721419000
2023-05-25,38.44412056648187,39.39916178020132,36.55998587698389,37.9022331237793,1543911000
2023-05-26,37.812419131021514,39.08979709643769,37.47311513309701,38.86625671386719,714397000
2023-05-30,40.51188361880298,41.852132355940626,39.867206384616175,40.028873443603516,923401000
2023-05-31,39.40714336242504,40.21249015793831,37.74455429743757,37.75653076171875,1002580000
2023-06-01,38.410189027460895,39.967993574032356,38.2614958531395,39.688568115234375,635873000
2023-06-02,40.01490294369922,40.417077693745,38.97802879731639,39.24647903442383,482731000
2023-06-05,38.82932526473996,39.48398018738729,38.62773924122982,39.090789794921875,396094000
2023-06-06,38.750490280084,39.0798125649745,38.069883785123146,38.57484817504883,388729000
2023-06-07,38.839340474852015,39.42220466810125,37.283369639735355,37.402137756347656,511998000
2023-06-08,37.650652361661095,38.78843525380602,37.43208020342754,38.435123443603516,417772000
2023-06-09,38.961101220453585,39.633790585447805,38.49201760502022,38.69462203979492,427717000
2023-06-12,39.12378588583667,39.453142301230535,38.542916712430916,39.405235290527344,388701000
2023-06-13,40.10786106340082,41.021082803319786,39.66272914194445,40.94223403930664,613208000
2023-06-14,40.74463080916541,42.916398894689806,40.47315646710425,42.91340637207031,740465000
2023-06-15,42.51917264005908,43.20483722073351,42.06505544214176,42.570072174072266,568622000
2023-06-16,43.36552302344678,43.635996039851086,42.57805557607221,42.6089973449707,655709000
2023-06-20,42.91439390339564,43.904465593885135,42.591022593471955,43.722816467285156,451153000
2023-06-21,43.41642607769267,43.530206665673255,41.9981911201456,42.96131134033203,551603000
2023-06-22,42.170846843287116,43.341566542076215,42.15188658669768,42.941349029541016,417737000
2023-06-23,42.38144316710673,42.72576983708017,41.93331479288893,42.12693786621094,358140000
2023-06-26,42.378435975213705,42.68084821314237,40.02202672023089,40.55299377441406,594322000
2023-06-27,40.71968036738126,41.85846093359961,40.369364835566834,41.794586181640625,462175000
2023-06-28,40.58094002022697,41.76363726159132,40.43921783251657,41.037052154541016,582639000
2023-06-29,41.47719909021722,41.51911724853508,40.52106150883683,40.74263000488281,380514000
2023-06-30,41.59897225706065,42.467279866613445,41.420319389366554,42.21976089477539,501148000
2023-07-03,42.434329951938,42.814589668673115,42.11994379587202,42.33053207397461,198209000
2023-07-05,42.05307299440359,43.09304679541421,42.003170973529485,42.23472213745117,323618000
2023-07-06,41.76264195382368,42.09698967937306,41.2656091487607,42.02113723754883,303582000
2023-07-07,42.239708925322894,43.12997664792233,42.097986731680244,42.42035675048828,355881000
2023-07-10,42.57405800948138,42.72775789742395,41.56801476475212,42.097984313964844,353908000
2023-07-11,42.398400353937646,42.67486219078261,41.98520766702778,42.322547912597656,298244000
2023-07-12,42.949329116868,43.84957572671799,42.69382635632928,43.8166389465332,481277000
2023-07-13,44.43144838419821,46.065262910266576,44.40549795947818,45.887611389160156,478204000
2023-07-14,46.49243252940778,47.994507542631396,44.97239476607481,45.38059997558594,772075000
2023-07-17,46.19900003919172,46.40559448511717,45.17399644703976,46.370662689208984,510488000
2023-07-18,46.6101959109385,47.80287207706954,45.64507706670889,47.40165328979492,569164000
2023-07-19,47.37171457968649,47.725026374946644,46.65111827083296,46.98546600341797,427502000
2023-07-20,46.41657614955658,46.99545027981004,44.974385975713794,45.431495666503906,537865000
2023-07-21,45.69896747652268,45.776818736395064,44.01424991772626,44.222843170166016,963769000
2023-07-24,44.644025212328465,45.02129240158318,43.95437069346409,44.5252571105957,382516000
2023-07-25,44.85362675642214,46.09320880823953,44.83566019898798,45.59019088745117,348081000
2023-07-26,45.93152233751283,45.96346161310325,44.54322798421179,45.36362838745117,364237000
2023-07-27,46.428548757899605,47.302844902001375,45.6610430080092,45.810752868652344,455976000
2023-07-28,46.577265904182916,46.93556908272483,46.2908251472219,46.65910720825195,331194000
2023-07-31,46.6630907290073,47.038359066996236,46.415571856481925,46.63813781738281,251055000
2023-08-01,46.36966307349115,46.808809981833214,45.9375063312931,46.41657257080078,237858000
2023-08-02,45.7418854140989,45.75086678713784,43.302637394351734,44.18292236328125,530142000
2023-08-03,43.714841517541664,45.03027980086514,43.714841517541664,44.42845153808594,324176000
2023-08-04,44.897531651391645,45.55325186395774,44.30668368202593,44.59312438964844,362666000
2023-08-07,45.02328860387296,45.451455331655026,44.47635377122551,45.32869338989258,322154000
2023-08-08,44.765791580742274,45.154035175235585,43.97034032891443,44.5771598815918,353843000
2023-08-09,44.18791316298273,44.2258412871121,42.05207472701769,42.47126007080078,586449000
2023-08-10,42.07802662294512,43.489278793199354,41.75365777083557,42.30558395385742,492705000
2023-08-11,41.66982393739307,41.936306917018776,40.55998646089097,40.77556610107422,533085000
2023-08-14,40.407280716905284,43.71483628671642,40.2326217412967,43.66792678833008,690286000
2023-08-15,44.47335418489758,45.179977657425006,43.62500473059862,43.854557037353516,676512000
2023-08-16,44.43344112151487,44.58813853982079,43.32160482572684,43.401451110839844,527451000
2023-08-17,43.88451365983629,43.976333846961566,42.917395846957874,43.25973129272461,452395000
2023-08-18,42.55209903416188,43.49326626137414,41.57899634242321,43.21480941772461,583768000
2023-08-21,44.4074878070853,46.9734880439128,44.13601730847926,46.87567901611328,692573000
2023-08-22,48.041406896438666,48.09330773941367,45.24485683130546,45.57920455932617,755293000
2023-08-23,45.77681789721082,47.10822366199411,45.12009638799368,47.02438735961914,779046000
2023-08-24,50.118361983877634,50.16826400478164,47.067306662299096,47.07129669189453,1156044000
2023-08-25,46.92060245427504,47.712060008928106,44.93646466129562,45.92853546142578,925341000
2023-08-28,46.391620353475034,46.88865315492435,44.800721716075714,46.743934631347656,685192000
2023-08-29,46.575266020642104,48.985571364963455,46.30079918990067,48.68914794921875,701397000
2023-08-30,48.94863563426867,49.829918115562,48.33083976005429,49.168209075927734,735206000
2023-08-31,49.283989932424504,49.64728061160453,48.86280955740575,49.259037017822266,528570000
2023-09-01,49.66524637506185,49.7031706927899,48.0483934780796,48.41468048095703,463830000
2023-09-05,48.1292368066892,48.75601791251672,47.76694364415611,48.45360565185547,382653000
2023-09-06,48.35079314460042,48.4585899209421,46.49325871140174,46.97336196899414,468670000
2023-09-07,45.440229441727205,46.25770462589442,45.067922908266546,46.1548957824707,433330000
2023-09-08,45.8564467422701,46.51920787567737,45.18669486734432,45.48713302612305,473069000
2023-09-11,46.06207096484273,46.0770424255395,44.22949106974816,45.09387969970703,473966000
2023-09-12,44.6546914479524,45.587951736657104,44.44807617569655,44.78644561767578,349256000
2023-09-13,44.51694497475434,45.8444700948222,44.42012548496772,45.400299072265625,398355000
2023-09-14,45.864436629731664,45.90136648262812,45.04696145729557,45.496124267578125,370097000
2023-09-15,45.256567267439614,45.514086250608685,43.7264210191702,43.81825256347656,506831000
2023-09-18,42.668401863830084,44.15961943213608,41.92179358623107,43.884132385253906,500271000
2023-09-19,43.75138559586022,43.88413737856735,42.921931591888146,43.438968658447266,373064000
2023-09-20,43.518804910804434,43.821242053958755,42.144370308781234,42.16033935546875,367108000
2023-09-21,41.50556449339025,42.02160003234205,40.90368675780257,40.940616607666016,450736000
2023-09-22,41.494585230845004,42.03657715904044,41.154220620543846,41.53251647949219,479236000
2023-09-25,41.51355366859355,42.4567936946112,41.1003231092512,42.14337921142578,419091000
2023-09-26,41.92278696484624,42.74026210135053,41.577430601284675,41.83295440673828,402282000
2023-09-27,42.2511801171412,42.79217068875673,41.55148521974545,42.388919830322266,444935000
2023-09-28,42.38093203987961,43.36509601724836,42.036577072071424,43.00876235961914,424663000
2023-09-29,43.74538760189782,44.06179864340564,43.22635545841842,43.417999267578125,397830000
2023-10-02,43.94801356401108,45.09088199561907,43.77932952657343,44.69861602783203,433298000
2023-10-03,44.72456684968937,45.04596969701848,43.16547499563003,43.435970306396484,470850000
2023-10-04,43.660548982906214,44.06080325905543,43.21138616245394,43.95899200439453,361821000
2023-10-05,43.967973455641534,44.816392949836604,43.80627636575413,44.60478591918945,393483000
2023-10-06,44.110713380697035,45.70374229719828,43.944024517632684,45.67679214477539,434436000
2023-10-09,44.75849682767498,45.52007649973999,44.28538045832398,45.18869400024414,409675000
2023-10-10,45.22563248789511,46.17286291728584,45.00404573819931,45.71272277832031,368582000
2023-10-11,46.109980599288626,46.77174808079545,45.96425254771436,46.71884536743164,378137000
2023-10-12,46.68989946190785,47.52035097000379,46.243733198035265,46.85758590698242,481325000
2023-10-13,46.87255982126832,47.02827139098628,45.19568766753486,45.37635040283203,474115000
2023-10-16,44.97909066386404,46.13892572569301,44.82837085700402,46.00917053222656,375099000
2023-10-17,43.91805928121893,44.670656729684794,42.40088950368382,43.85617446899414,812333000
2023-10-18,42.51168892025405,43.13852165493323,41.74711648202066,42.11742401123047,627294000
2023-10-19,42.731286777485096,43.216381906827145,41.8040157217801,42.02260971069336,501233000
2023-10-20,41.81200213030283,42.39092402452541,41.0015137629479,41.309940338134766,477266000
2023-10-23,41.152230295210934,43.1674718539468,40.86875871685224,42.89497756958008,478530000
2023-10-24,42.99678065247912,43.61562500762833,42.61150169448096,43.581687927246094,401463000
2023-10-25,43.31718712471628,43.56872058494652,41.477620479123594,41.701202392578125,398379000
2023-10-26,41.77507276787604,42.1773222832792,39.80574680651837,40.25091552734375,541001000
2023-10-27,41.053411354619094,41.1292700454015,39.94048596248548,40.424583435058594,416784000
2023-10-30,41.01049849985918,41.68823125867914,40.405624059194345,41.08435821533203,388028000
2023-10-31,40.37467987980174,40.802881903079644,39.1569503913023,40.704063415527344,517969000
2023-11-01,40.80786677095721,42.30208077870125,40.79289531240805,42.246185302734375,437593000
2023-11-02,43.24732164549146,43.802286120371775,42.81413164942189,43.424991607666016,409172000
2023-11-03,43.93802957100558,45.22462694220357,43.64158173973637,44.92119598388672,424610000
2023-11-06,45.20067395834923,45.849465106470674,44.815391150878824,45.66580581665039,400733000
2023-11-07,45.63386992886557,46.13193749816825,45.073913725971586,45.86943054199219,343165000
2023-11-08,46.01415021384401,46.77972399420801,45.882396057118896,46.48727035522461,346719000
2023-11-09,47.3786111235174,48.14019083451283,46.662947187934414,46.86257553100586,540496000
2023-11-10,47.41155087354873,48.38174104695151,47.194955890683396,48.2449951171875,421245000
2023-11-13,48.230027897633555,49.02454717798487,48.00943872930376,48.52946853637695,384136000
2023-11-14,49.5874835308016,49.7411960735644,48.94867598251322,49.56352615356445,416954000
2023-11-15,49.84201782618033,49.86696898933371,48.11024794590893,48.796966552734375,475497000
2023-11-16,48.58834849995815,49.432773708589835,48.23999939912895,49.387855529785156,339756000
2023-11-17,49.43178439121729,49.62442581647781,48.9157487529458,49.206207275390625,325205000
2023-11-20,49.22018224237135,50.45388089415767,49.08942564411514,50.31513977050781,414120000
2023-11-21,50.03265822480747,50.42292897370047,49.130342262240724,49.85099792480469,565747000
2023-11-22,49.7591723537565,50.2412708632355,47.6011956303171,48.62528610229492,899420000
2023-11-24,48.37974638442562,48.829906801279186,47.656094105123046,47.68703842163086,294645000
2023-11-27,47.7109937696309,48.43963402417859,47.56327053938668,48.15217208862305,395662000
2023-11-28,48.146180818273855,48.233020614585215,47.38460109717888,47.73195266723633,401491000
2023-11-29,48.288914999950215,48.67120123627393,47.7708804254883,48.050357818603516,382005000
2023-11-30,47.934573676190574,48.02041588268528,46.335559349897565,46.68291091918945,526247000
2023-12-01,46.43837411108703,47.112116530587656,46.1010022026633,46.67792510986328,369317000
2023-12-04,45.99120422189831,45.99120422189831,44.926189637223715,45.42525863647461,437543000
2023-12-05,45.385328820380614,46.51731562556562,45.19067511548695,46.48337936401367,371718000
2023-12-06,47.13122440124437,47.30292009715476,45.331422145943435,45.42226028442383,380590000
2023-12-07,45.618910872891085,46.54626331215597,45.52308054469381,46.51332092285156,350823000
2023-12-08,46.512331790887266,47.656298452065116,46.467409650322935,47.421714782714844,359224000
2023-12-11,47.40673880790064,47.446664942684954,45.74868658721169,46.54426956176758,509728000
2023-12-12,45.96429952454466,47.58142400474077,45.96429952454466,47.57244110107422,372387000
2023-12-13,47.54449647259797,48.507784486050255,47.523533822968744,48.002681732177734,447792000
2023-12-14,48.30413968812158,48.58364165791398,47.337858729747325,48.26420974731445,391232000
2023-12-15,48.10848518903452,49.31633726064535,48.034615184125286,48.80324935913086,479948000
2023-12-18,49.31235079913167,50.34351507731144,49.062794375670336,49.9881477355957,412587000
2023-12-19,49.33630266590499,49.61181391094036,48.80824198487287,49.51598358154297,464444000
2023-12-20,49.5668939044448,49.91028529819524,48.012657344636494,48.025634765625,397894000
2023-12-21,48.724392927903814,49.007889407965415,48.333086371904265,48.903076171875,300425000
2023-12-22,49.107708829124014,49.29537497058781,48.38099994161529,48.74335861206055,252507000
2023-12-26,48.881117433977685,49.51199608268566,48.87313220671744,49.191566467285156,244200000
2023-12-27,49.42315780443188,49.591856680513665,48.997911127361846,49.329322814941406,233648000
2023-12-28,49.55491529927827,49.795484989479434,49.324322381717465,49.43412780761719,246587000
2023-12-29,49.72461182444803,49.90828725509975,48.66449595698359,49.43412780761719,389293000
2024-01-02,49.1566219566508,49.20753015338818,47.51054964423797,48.0825309753418,411254000
2024-01-03,47.40074566328975,48.09850289557728,47.23603751691528,47.484596252441406,320896000
2024-01-04,47.68224124777032,48.413942329548256,47.42370194062123,47.91283416748047,306535000
2024-01-05,48.37600851565981,49.459082326064205,48.22028328844258,49.00988006591797,415039000
2024-01-08,49.424151981929796,52.18225008334284,49.39120958940494,52.16028594970703,642510000
2024-01-09,52.30802056933756,54.228606407883284,51.59827982301823,53.04570770263672,773100000
2024-01-10,53.52087170860792,54.50312317370562,53.39409433002728,54.25356674194336,533796000
2024-01-11,54.90141170121365,55.24779611496442,53.46496584925973,54.72472381591797,596759000
2024-01-12,54.52308221048439,54.872463461679565,54.23359967517569,54.61292266845703,352994000
2024-01-16,54.92038875264721,56.7341625681547,54.80259807749507,56.28196716308594,449580000
2024-01-17,56.24702551752996,56.370806056804064,54.64287831771136,55.953548431396484,474394000
2024-01-18,57.15840851212512,57.49780544166529,56.00745426886676,57.005680084228516,491650000
2024-01-19,57.88610325059809,59.39442372974931,57.12345894632279,59.385440826416016,543501000
2024-01-22,59.942448676756726,60.223949787892636,58.9651857256467,59.54814910888672,452955000
2024-01-23,59.46430561582059,59.803702511682395,58.48105267598879,59.76676940917969,294654000
2024-01-24,60.19700279855746,62.73748534909312,59.831651069260054,61.25312423706055,560271000
2024-01-25,62.239368666397,62.607717226695215,60.742030169454694,61.50767135620117,482777000
2024-01-26,60.85183724757184,61.67337885004867,60.465526677085045,60.92271041870117,390309000
2024-01-29,61.12335395532468,62.37812361839996,60.79893365210522,62.35416793823242,348733000
2024-01-30,62.78839260190601,63.38033889790534,62.14952501071203,62.66261291503906,410735000
2024-01-31,61.330983989988475,62.15851544921119,60.59229912426738,61.41783142089844,453795000
2024-02-01,61.98981538927627,63.07888305643791,61.54061686379006,62.9151725769043,369146000
2024-02-02,63.8604917267368,66.48183193924027,63.57699522405565,66.04261779785156,476578000
2024-02-05,68.10395378778126,69.3737001755538,67.08576682117494,69.20899200439453,680078000
2024-02-06,69.50645284574946,69.630233381063,66.18236704818828,68.1019515991211,683111000
2024-02-07,68.19777661316522,70.09540449820057,67.48005062301553,69.97461700439453,495575000
2024-02-08,69.94966354395652,70.66838724943909,69.33176617612584,69.5174331665039,414422000
2024-02-09,70.40786033375117,72.0569298484953,70.08743069197543,72.0050277709961,436637000
2024-02-12,72.47117717433613,74.4786104438433,71.12357413495056,72.11980438232422,613710000
2024-02-13,70.2750920169868,73.31967588505927,69.49647717607553,72.0000228881836,602580000
2024-02-14,73.0721231436502,74.10428513350574,71.81036588559786,73.76888275146484,504917000
2024-02-15,73.73794078168315,73.84374789733648,72.27154539670707,72.52908325195312,420122000
2024-02-16,73.96851471281462,74.2699807907232,72.37235296886776,72.4841537475586,495327000
2024-02-20,71.81934960299229,71.82833631589585,67.61382690331146,69.32878112792969,704833000
2024-02-21,67.88533642606332,68.76577530674938,66.13045996080022,67.35228729248047,673755000
2024-02-22,74.89189108055353,78.43558804957509,74.08831901858908,78.3986587524414,865100000
2024-02-23,80.64665337566204,82.24780364536768,77.4323654765101,78.67715454101562,829388000
2024-02-26,79.5585907729136,80.50291911362528,78.36571128314377,78.95167541503906,503973000
2024-02-27,79.24014935736925,79.33898034064636,77.0250924240117,78.56135559082031,391705000
2024-02-28,77.48228454390929,78.79295085611872,76.98816006177154,77.52520751953125,393110000
2024-02-29,78.95366047452625,79.84806674793919,78.21097730890395,78.97162628173828,507289000
2024-03-01,79.8580626053772,82.15398495162512,79.29406260115205,82.13301849365234,479135000
2024-03-04,83.98072393894745,87.53940093463996,83.57045769196934,85.08576202392578,615616000
2024-03-05,85.12269695886387,85.94827183043155,83.27290109267872,85.81549835205078,520639000
2024-03-06,87.8699456446009,89.56900130568565,86.87965493223747,88.54676818847656,582520000
2024-03-07,90.00225477502153,92.60674904676837,89.44721547430589,92.50891876220703,608119000
2024-03-08,94.97364703765751,97.23174040772027,86.35655527181379,87.37679290771484,1142269000
2024-03-11,86.27969121669621,88.64359662209651,84.02060015441661,85.62582397460938,678364000
2024-03-12,87.89689583589372,91.80113493638854,86.0011743538899,91.75421905517578,668075000
2024-03-13,90.89770650975179,91.34592838246506,88.28222971094472,90.73099517822266,635713000
2024-03-14,89.4222738585312,90.4894275796175,86.4504111428148,87.7920913696289,602318000
2024-03-15,86.77983369344113,89.39131202190967,86.10799973550625,87.68526458740234,642086000
2024-03-18,90.23185202169164,92.24536587684682,86.9345566695886,88.30219268798828,668976000
2024-03-19,86.55022352343148,90.38758481674583,84.86314816147532,89.24356842041016,672171000
2024-03-20,89.6418701073994,90.25381771221527,88.07059173697641,90.21588134765625,479063000
2024-03-21,92.14054972284487,92.48794810720764,90.24881917443113,91.27703857421875,480372000
2024-03-22,90.9835569272488,94.61427521165601,90.67708804781446,94.1261215209961,586719000
2024-03-25,93.77872640232121,96.59884339661212,93.3484711637127,94.837890625,552136000
2024-03-26,95.68541767838448,96.20851455285562,92.34220396856466,92.4011001586914,513648000
2024-03-27,92.95115660792449,93.07893385392306,88.96904884364167,90.09410095214844,586067000
2024-03-28,89.84454040996891,91.14229792904378,89.03893515637932,90.1999282836914,435212000
2024-04-01,90.14301673764523,92.06568455405531,89.0499070749777,90.20690155029297,452441000
2024-04-02,88.295199136712,89.93835929549583,87.46863424504667,89.29747009277344,433064000
2024-04-03,88.33114383542578,90.21787822523544,88.24728931215489,88.81031036376953,370067000
2024-04-04,90.24980742241583,90.4774179638533,85.73162583573242,85.75658416748047,434965000
2024-04-05,86.71593161708087,88.32814710111496,85.77756069682601,87.85596466064453,399678000
2024-04-08,88.546769676755,88.67654997902457,86.58217465386001,86.98248291015625,283220000
2024-04-09,87.29094090122678,87.4836082761363,82.87857850073121,85.20654296875,501700000
2024-04-10,83.78102010903869,87.24901778988773,83.56439211342133,86.88864135742188,431929000
2024-04-11,87.2689793680449,90.58224601063488,86.77583708331596,90.45945739746094,431637000
2024-04-12,89.54404775764081,90.01923104025528,87.37879585703206,88.03366088867188,426805000
2024-04-15,88.94406648002054,90.45644843108836,85.78054278674153,85.8524169921875,443077000
2024-04-16,86.28368645109244,87.965773191981,85.91532822119116,87.26399230957031,370453000
2024-04-17,88.18739527959683,88.62164902707342,83.80497930154608,83.88983917236328,495400000
2024-04-18,84.82320627802973,86.0410998135889,82.25964198597137,84.52471923828125,447260000
2024-04-19,83.00636595540483,84.17833393456459,75.47539894537725,76.06836700439453,875198000
2024-04-22,77.9690792079323,79.93467971860302,76.26802794241385,79.3806381225586,596341000
2024-04-23,80.62947459576492,82.62601974052421,80.1253496885507,82.2806167602539,438559000
2024-04-24,83.80496541021976,83.93674114541149,79.04620255838257,79.53935241699219,512208000
2024-04-25,78.73176709382612,83.17907377580835,78.08788455699533,82.48927307128906,424641000
2024-04-26,83.67320200791968,88.17840611614359,83.24294682053755,87.58343505859375,551011000
2024-04-29,87.44369261843626,87.84000240637579,85.11871327693655,87.60541534423828,388971000
2024-04-30,87.08929643239856,88.66557118869024,86.15092540038592,86.25274658203125,363709000
2024-05-01,84.93003072487383,85.85143274518,81.11462711525115,82.89754486083984,559863000
2024-05-02,84.30311392551386,86.08802721004574,83.05627099401435,85.66875457763672,377898000
2024-05-03,87.6373400551101,89.12675929539812,86.8896334546632,88.63561248779297,398341000
2024-05-06,89.23557796278553,92.06069095925291,88.90115758999175,91.98082733154297,376203000
2024-05-07,90.94062670307744,91.62244547206083,88.85723403089521,90.39756774902344,437342000
2024-05-08,89.32841761603471,91.03646035901207,89.26552291616532,90.25581359863281,325721000
2024-05-09,90.37260819958134,90.91466942223298,88.07858152551931,88.59368896484375,378013000
2024-05-10,90.14899684375659,91.24310415488777,89.07285618291228,89.72273254394531,335325000
2024-05-13,90.32169428450598,90.84080023922876,88.37606371894472,90.24283599853516,289680000
2024-05-14,89.44421267221655,91.49266969851776,88.78036057605543,91.19818115234375,296507000
2024-05-15,92.31227543086285,94.69814663128652,91.4407822463091,94.46654510498047,417735000
2024-05-16,94.74604980958085,95.65347613046144,93.94043705092355,94.19599914550781,323952000
2024-05-17,94.20597874528181,94.57633241179128,91.64740285082287,92.3192367553711,359691000
2024-05-20,93.5880298154939,95.03552163015486,93.27856783409227,94.61624908447266,318764000
2024-05-21,93.43730641374981,95.23519767784772,93.01903151729087,95.22122192382812,328946000
2024-05-22,95.29408831779949,95.85411617010452,93.0879071432018,94.78596496582031,548648000
2024-05-23,101.85175314144693,106.1363388077003,101.34462744914427,103.61969757080078,835065000
2024-05-24,104.2685576920773,106.29105867121642,102.82206339543845,106.28507232666016,429494000
2024-05-28,110.0535586136133,114.74044777454472,109.69318217417998,113.70423889160156,652728000
2024-05-29,112.85469764744549,115.29247256775368,110.70940819239908,114.62662506103516,557442000
2024-05-30,114.4519291639937,115.61890828928476,109.47354532396147,110.30909729003906,484553000
2024-05-31,112.32561724375552,112.52228313915187,106.75526253688238,109.44361114501953,613263000
2024-06-03,113.42473014133537,114.80134582519531,111.80952128063097,114.80134582519531,438392000
2024-06-04,115.51610755402032,116.39857553569502,113.8479889155611,116.23585510253906,403324000
2024-06-05,118.16651413530396,122.2374646244509,117.26507420610801,122.22848510742188,528402000
2024-06-06,123.83370517037008,125.3700480295792,118.11560338652608,120.78897857666016,664696000
2024-06-07,119.56309618694148,121.48178065904402,117.81812234412239,120.67916870117188,412386000
2024-06-10,120.16207510312671,122.88735502468988,116.80787857180628,121.57962036132812,313434100
2024-06-11,121.56962216023484,122.66781818606155,118.54460929253459,120.71104431152344,222551200
2024-06-12,122.85750238613136,126.6712162731191,122.36831081363356,124.99398040771484,299595000
2024-06-13,129.17711977073668,129.5864488720318,126.95079295611896,129.39675903320312,260704500
2024-06-14,129.7461556011969,132.62140615970972,128.10885485479358,131.66299438476562,309320400
2024-06-17,132.77118307637525,133.5099557271365,129.3667902512595,130.7644805908203,288504400
2024-06-18,130.9242214788469,136.10568428406987,130.474964956118,135.35691833496094,294335100
2024-06-20,139.56996619369176,140.52837801062054,129.30688285479897,130.56480407714844,517768400
2024-06-21,126.91082285827493,130.41504917764772,124.09546355999291,126.36172485351562,649445800
2024-06-24,123.03719724453093,124.2551908621237,117.8457572795687,117.91564178466797,476060900
2024-06-25,121.00055473590018,126.29183629953359,119.12365113611966,125.88250732421875,414192600
2024-06-26,125.92244899462368,127.90917229563556,122.39825886605338,126.19200897216797,362975900
2024-06-27,123.89580747213047,126.2020118359468,122.71774870964305,123.7859878540039,252571700
2024-06-28,124.37501298465715,127.49986001719877,122.54802231076043,123.33672332763672,315516700
2024-07-01,123.26683055595603,124.63457133754859,118.63446631453066,124.09546661376953,284885500
2024-07-02,120.93068793490033,123.20694278300529,120.83085399993702,122.46815490722656,218374000
2024-07-03,121.45983599496338,128.06893920898438,121.16032653936864,128.06893920898438,215749000
2024-07-05,127.17038486367325,128.6379747149119,125.47318537524079,125.62294006347656,214176700
2024-07-08,127.28020581947078,130.55481479101948,126.83094936680692,127.9890365600586,237677300
2024-07-09,130.13552958791902,133.59982130546845,128.4383145629174,131.16383361816406,285366600
2024-07-10,133.80946190177127,134.87770860466375,132.20211043348235,134.68801879882812,248978600
2024-07-11,135.52663558437,135.9259713268732,126.84095369862746,127.19037628173828,374782700
2024-07-12,128.04894535138322,131.70292655352904,127.01066335258953,129.02734375,252680500
2024-07-15,130.3451595951711,131.1737956487568,126.97072416574117,128.22865295410156,208326200
2024-07-16,128.22864042382744,128.82764391824992,124.37499186502798,126.15206146240234,214769500
2024-07-17,121.15030890615485,121.64948612259293,116.52793062400055,117.79583740234375,390086200
2024-07-18,121.64949097287113,122.19858897958201,116.36819489836525,120.89073944091797,320979500
2024-07-19,120.15197050658449,121.3999137142076,117.17687816504188,117.73595428466797,217223800
2024-07-22,120.15196984200875,123.86585002604772,119.66277824004172,123.33672332763672,258068900
2024-07-23,122.57796493987696,124.48482570104972,121.89908357161131,122.38827514648438,173911000
2024-07-24,118.97391446537992,119.75262982559674,113.25334693957731,114.06201171875,327776900
2024-07-25,112.85398925547956,116.43807811661003,106.12508231687993,112.0952377319336,460067000
2024-07-26,115.998801321254,116.00877938122822,111.39638688236367,112.87394714355469,293399100
2024-07-29,113.50293033164324,116.0886649396649,111.11686358531041,111.40637969970703,248152100
2024-07-30,111.33648541055072,111.80571322284378,102.37126667488353,103.55931091308594,486833300
2024-07-31,112.71422275560462,118.14526596856572,110.6975424326974,116.82743835449219,473174200
2024-08-01,117.3365974252001,119.96227450650746,106.63423649015627,109.03028869628906,523462300
2024-08-02,103.58926418951675,108.54110155423277,101.20319756374683,107.0934829711914,482027500
2024-08-05,91.90851250035082,103.239842127859,90.5407717150732,100.28470611572266,552842400
2024-08-06,103.66912407688663,107.53275860175525,100.38454458708775,104.07845306396484,409012100
2024-08-07,107.63260292939728,108.62097943024764,98.52761419555756,98.74725341796875,411440400
2024-08-08,101.83215768316434,105.3263983879788,97.3595262295921,104.79727172851562,391910000
2024-08-09,105.46617163856445,106.42459107060563,103.2598090475883,104.57763671875,290844200
2024-08-12,106.14505996593543,110.88724428013212,106.08516112777683,108.84061431884766,325559900
2024-08-13,112.25498947976828,116.03875418683985,111.39640394640423,115.94889831542969,312646700
2024-08-14,118.33496052966188,118.40484504167927,113.88230026594151,117.88570404052734,339246400
2024-08-15,118.56458490618095,123.03720888953038,117.27670666159618,122.6578369140625,318086700
2024-08-16,121.73933737686731,124.79429938850936,120.9805859038701,124.37499237060547,302589900
2024-08-19,124.07548340044629,129.78607177734375,123.21689800857207,129.78607177734375,318333600
2024-08-20,128.18869746225192,129.66627292631446,125.68283342982758,127.04059600830078,300087400
2024-08-21,127.11051541152283,129.13718177592708,126.45160529458104,128.28857421875,257883600
2024-08-22,129.80605728559254,130.5348518103843,122.89743830728821,123.53638458251953,376189100
2024-08-23,125.6529157045682,129.38676754540884,125.0139693437825,129.15713500976562,323230300
2024-08-26,129.35679802537265,131.04400430992783,124.16535012958609,126.25190734863281,331964700
2024-08-27,124.84424526829238,128.98741074794592,123.67616460225028,128.08889770507812,303134600
2024-08-28,127.90917706049713,128.118838213882,122.43819852070378,125.40331268310547,448101100
2024-08-29,121.16030028839229,124.22524823697073,116.51795043355128,117.39649963378906,453023300
2024-08-30,119.33330911013266,121.54965726206557,117.02711271158417,119.17357635498047,333751600
2024-09-03,115.8191103772934,116.01877823521122,107.1134577156826,107.8222885131836,477155100
2024-09-04,105.23655349888746,113.0836130103624,103.94867525541761,106.03523254394531,372470300
2024-09-05,104.8172363950656,109.46957200218677,104.58761912643209,107.03358459472656,306850700
2024-09-06,107.86222325429438,107.97204286084109,100.78388574677186,102.66079711914062,413638100
2024-09-09,104.70741977949132,106.37467762407766,103.51938307487873,106.29480743408203,273912000
2024-09-10,107.63258781478571,109.21997530676359,104.77729355808466,107.92211151123047,268283700
2024-09-11,109.20999835891277,116.99716652085532,107.24323877137772,116.7176284790039,441422400
2024-09-12,116.6577172050991,120.60155948017247,115.19999582839206,118.95413208007812,366052700
2024-09-13,118.8942191250157,119.77284345041441,117.41652479583126,118.9141845703125,238358300
2024-09-16,116.60779536966285,117.99562620382233,114.1815861384539,116.59780883789062,248772300
2024-09-17,117.98564481894722,118.61466685067687,114.65085910577872,115.40966796875,231925900
2024-09-18,115.70919560695407,117.51636932909096,113.04336298957726,113.19313049316406,310318900
2024-09-19,117.16691844656921,119.47331975028854,117.06707598202318,117.68611145019531,293506400
2024-09-20,116.87737463970251,118.43494609535816,115.2099818009,115.81903076171875,382462400
2024-09-23,116.36816938577523,116.80747774675662,114.68080357526898,116.07862091064453,206228500
2024-09-24,116.33821493002908,121.60998405209612,115.19999404233639,120.68143463134766,354966800
2024-09-25,121.82962567540989,124.74507579152808,121.42026930294443,123.31730651855469,284692900
2024-09-26,126.60216967447258,127.47080742519232,121.60997067496642,123.84647369384766,302582900
2024-09-27,123.77659196922,123.83649592385486,119.07394109309165,121.21060180664062,271009200
2024-09-30,118.1254274144435,121.31045327548797,117.96568098439478,121.25054931640625,226553700
2024-10-01,121.58001370293499,122.24897417258154,115.60934783662292,116.81745910644531,302094500
2024-10-02,116.25834508658102,119.19375323018366,114.96037016184738,118.66458129882812,221845900
2024-10-03,120.73135113827638,124.16598683922703,120.15225416683853,122.65834045410156,277118000
2024-10-04,124.74507834860822,124.84492081095192,121.63992977952229,124.72510528564453,243678100
2024-10-07,124.79500006476454,130.43618698242878,124.7550615549546,127.52074432373047,346250200
2024-10-08,130.0567764001493,133.27175410957346,129.2180905372518,132.68267822265625,285722500
2024-10-09,133.9007832398008,134.31014727855833,131.1750464230449,132.44305419921875,246191600
2024-10-10,131.70420101079952,134.78937641455914,130.79561711338704,134.59967041015625,242311300
2024-10-11,133.80093033986074,135.5681732923908,133.4514855032485,134.58970642089844,170209500
2024-10-14,136.2570740445621,139.382195340542,136.08734111508144,137.85458374023438,232347700
2024-10-15,137.65492238931424,138.35384259997033,128.53917525345673,131.39471435546875,377831000
2024-10-16,133.77097927850218,136.40686011825153,131.37472950963348,135.50827026367188,264879700
2024-10-17,139.12262899690117,140.6702140778628,136.65648092397825,136.7163848876953,306435900
2024-10-18,138.45366668655112,138.6833036103306,137.06583575895257,137.7847137451172,176090200
2024-10-21,137.91451267760561,143.48580932617188,137.78471061125512,143.48580932617188,264554500
2024-10-22,142.6870350476968,144.19467365659466,141.55879320187643,143.365966796875,226311600
2024-10-23,141.80844872502473,142.2078186781856,137.24558530846375,139.34230041503906,285930000
2024-10-24,140.6003278006047,141.1294997806309,138.24400879643727,140.1909637451172,172354900
2024-10-25,140.71013437273555,143.90515439009727,140.5803475394567,141.31918334960938,205122100
2024-10-28,142.77687691949686,142.91665786792092,139.83148285521668,140.30075073242188,173586700
2024-10-29,140.0711387385227,142.03806672701694,138.6833077693045,141.02964782714844,157593600
2024-10-30,139.32228929215535,140.1110653014331,136.59655278062618,139.1226043701172,179418100
2024-10-31,137.38533225522045,137.39531116933003,131.90389188236236,132.55287170410156,270039600
2024-11-01,134.48984636430032,137.09577501351765,134.36005954202903,135.18875122070312,207127800
2024-11-04,136.99593186321135,138.7432015157854,135.3584911981984,135.83773803710938,187528200
2024-11-05,137.23555788662173,140.151000495864,137.11574997671616,139.6917266845703,160537400
2024-11-06,142.73698322061895,146.2614750565614,141.73854326176877,145.38284301757812,242043900
2024-11-07,146.1616447939007,148.69767593000637,145.94198675435769,148.64776611328125,207323300
2024-11-08,148.5378942315628,149.53633403774526,146.03180056765603,147.39967346191406,175665800
2024-11-11,148.44804913905642,148.61779734270107,143.3460354590936,145.03338623046875,182325600
2024-11-12,146.5510310353953,149.416549137237,145.78222792210133,148.0586700439453,198634700
2024-11-13,148.83744386134128,149.09703275189045,145.6723759576151,146.04180908203125,191903300
2024-11-14,147.40965302668107,148.76753177848803,145.32291747893564,146.53102111816406,194463300
2024-11-15,144.64398997756967,145.0134231170618,139.86146934373124,141.7584991455078,250132900
2024-11-18,139.282386032682,141.32919116833153,136.93604583706178,139.93136596679688,221205300
2024-11-19,141.0995149233474,146.90044752125365,140.77002797265112,146.78062438964844,227834900
2024-11-20,147.18003223590216,147.32979212988033,142.50732548898966,145.6623992919922,309871700
2024-11-21,149.11700420524105,152.65147472524168,140.4804899844899,146.44117736816406,400946600
2024-11-22,145.70233282975542,146.93042492260167,140.8798813363258,141.72854614257812,236406200
2024-11-25,141.76848775116036,141.82839170792872,135.60811535874635,135.80780029296875,344941900
2024-11-26,137.48518763604767,139.08269776121745,135.45835561529256,136.70640563964844,190287700
2024-11-27,134.79938868035538,137.00594794359344,131.59440457977618,135.12887573242188,226370900
2024-11-29,136.56660913585418,139.1326070072914,135.83775227020575,138.03431701660156,141863200
2024-12-02,138.61342701841852,140.2308949431091,137.6050081030844,138.4137420654297,171682800
2024-12-03,138.0442734668822,140.32071486351376,137.73475958396023,140.04115295410156,164414000
2024-12-04,141.77844351730124,145.56252344018102,140.07110485324333,144.91354370117188,231224300
2024-12-05,144.89360218968224,146.32146235801875,143.73532840807314,144.8436737060547,172621200
2024-12-06,144.38436733563313,145.4827177885172,141.09926510716357,142.2275848388672,188505600
2024-12-09,138.76276188244717,139.74129618907318,136.9255094433844,138.60299682617188,189308600
2024-12-10,138.80270319338828,141.60852572754877,133.59048602384692,134.86859130859375,210020900
2024-12-11,137.155160163518,139.96096726526153,135.00837248215075,139.1022491455078,184905200
2024-12-12,136.8755708420711,138.23354324797214,135.59748095840345,137.1351776123047,159211400
2024-12-13,138.73281333743972,139.3918327936691,132.34234795745746,134.0498046875,231514900
2024-12-16,133.9798879813558,134.19956111084232,130.22550081237128,131.8031463623047,237951100
2024-12-17,128.89747709842524,131.39374870651014,126.67080709010266,130.19554138183594,259410300
2024-12-18,133.66035727519176,136.49611794642954,128.08867764771298,128.71774291992188,277444500
2024-12-19,131.56349862817564,133.8301176053825,129.3568029702355,130.485107421875,209719200
2024-12-20,129.61640819653473,135.07825184796977,128.02878306565836,134.49911499023438,306528600
2024-12-23,136.0767567466981,139.58151660116854,134.91848306333998,139.46170043945312,176053500
2024-12-24,139.79122163679293,141.6883821217358,138.44322876231024,140.01089477539062,105157000
2024-12-26,139.49166074428362,140.63995487774488,137.52459740894255,139.7213134765625,116205600
2024-12-27,138.34337590905767,138.81267619141968,134.50910636621433,136.8056640625,170582600
2024-12-30,134.628921256616,140.06081067569033,133.82013169900247,137.2849578857422,167734700
2024-12-31,137.82416524884428,137.8641141320975,133.63043143330796,134.08973693847656,155659200
2025-01-02,135.7971917031726,138.67290181477085,134.4292395740467,138.10374450683594,198247200
2025-01-03,139.8011917981673,144.6838985290199,139.52161059265686,144.25454711914062,229322500
2025-01-06,148.36843998355118,151.93312421854984,147.59959906842533,149.20718383789062,265377400
2025-01-07,152.80179213743568,152.90164910642062,139.80120400217487,139.93101501464844,351782200
2025-01-08,142.36739537864082,143.73534764411033,137.35487662508692,139.9010772705078,227349900
2025-01-10,137.24501786219508,139.71133557177419,134.0198390250661,135.7073211669922,207602500
2025-01-13,129.79613768131526,133.29091776199226,129.31684258602223,133.0312957763672,204808900
2025-01-14,135.84711813885167,136.1766278538369,129.85606565410438,131.56350708007812,195590500
2025-01-15,133.45068552943664,136.2465130176968,131.09420431967888,136.03683471679688,185217300
2025-01-16,138.43325045720013,138.5430870275282,133.2909365646461,133.37081909179688,209235600
2025-01-17,136.4861555399997,138.29345383465838,135.25799411499426,137.504638671875,201188800
2025-01-21,138.95247218370304,141.6184885428412,136.88555189361048,140.61997985839844,197749000
2025-01-22,144.44426793757484,147.56958971587568,143.45573886876412,146.85067749023438,237651400
2025-01-23,144.83369562852502,147.0104373660888,143.50567717742842,147.00045776367188,155915500
2025-01-24,148.14874363197046,148.74785499769604,141.66843136501245,142.40731811523438,234657600
2025-01-27,124.6138830305536,128.20850504229963,116.52595684106743,118.24339294433594,818830900
2025-01-28,121.62835222502514,128.80763280108368,116.07664583818587,128.7976531982422,579666400
2025-01-29,126.31135328562937,126.70077107762197,119.8709750783515,123.5155258178711,467120600
2025-01-30,122.91641979157204,124.81358785050304,117.92387627755191,124.464111328125,392925500
2025-01-31,123.59540412169352,127.6593341751579,119.01225290264883,119.89093780517578,388161100
2025-02-03,114.57886776806536,118.39317051235568,112.84146484737198,116.48602294921875,371235700
2025-02-04,116.78557092036435,121.01924546805154,116.52595653802958,118.47305297851562,256550000
2025-02-05,121.57842315704723,124.8135892575584,120.57991444298676,124.64384460449219,262230800
2025-02-06,127.22996749994309,128.57796024161053,125.02326434711814,128.4880828857422,251483600
2025-02-07,129.0273069895586,130.17558600299384,124.81359867926386,129.64637756347656,228186300
2025-02-10,129.89599772289156,134.79867927002743,129.76620194780145,133.37081909179688,216989100
2025-02-11,132.38228609427233,134.27944654160947,130.82461495038982,132.60195922851562,178902400
2025-02-12,129.8261026458349,132.04279313100764,128.88750205027108,130.94442749023438,160278600
2025-02-13,131.36380821970238,136.29644386397356,130.9743904181038,135.08824157714844,197430000
2025-02-14,136.2764682668825,139.04234173663804,135.29793396994222,138.6429443359375,195479600
2025-02-18,141.05932980350207,143.226091877041,137.72429913092634,139.19210815429688,219176600
2025-02-19,139.30195061666387,141.14919790373787,137.01537227663152,139.02236938476562,167536000
2025-02-20,139.82119473321993,140.45026019183956,136.58602053522247,139.9010772705078,143903600
2025-02-21,139.83115735009994,141.24905316966826,133.83012530319377,134.22952270507812,228217600
2025-02-24,136.35634186179794,138.383313247837,129.88600993089565,130.08570861816406,251381100
2025-02-25,129.78615711570163,130.00583024952502,124.25442559786755,126.44115447998047,271428700
2025-02-26,129.79615892181477,133.53057192522448,128.29839578499454,131.084228515625,322553800
2025-02-27,134.7986782828192,134.80865788512716,119.83103458283094,119.9708251953125,443175800
2025-02-28,117.84399213493025,124.90344826210318,116.2264129341289,124.73370361328125,389091100
2025-03-03,123.32581202011416,123.51552349340123,112.11255593535711,113.88990020751953,411381400
2025-03-04,110.4849986041218,119.132080722439,109.94580294596078,115.81703186035156,398163300
2025-03-05,117.40465751759531,118.10361057672029,114.3392360416895,117.12507629394531,284337900
2025-03-06,113.36069823382532,115.17798387118098,110.05563667803439,110.40511322021484,321181900
2025-03-07,111.08409477767312,113.31077256873955,107.39959517379882,112.5219497680664,341755500
2025-03-10,109.73609301585863,111.6831816739289,105.30271254146378,106.82044982910156,366487400
2025-03-11,106.83043665954975,112.0726069900584,104.61374627233778,108.5978012084961,354865700
2025-03-12,113.96030532134075,116.59661034457649,112.72203506897391,115.57803344726562,323857500
2025-03-13,116.86621875800482,117.59520049683546,113.63075517539951,115.41825103759766,299033100
2025-03-14,118.44401014075397,121.70943054003341,117.98465480860956,121.49972534179688,277593500
2025-03-17,122.56822336901756,122.71801496792263,117.86481592318836,119.36271667480469,255501500
2025-03-18,117.83486627342975,118.85343549406599,114.37970924440411,115.26846313476562,299686900
2025-03-19,117.10588726826337,120.28143743378797,115.51811599486,117.35553741455078,273426200
2025-03-20,116.38688818380663,120.0317738155389,116.30699831746894,118.3641128540039,248829700
2025-03-21,116.77634740953133,117.82487338576216,115.25847035053427,117.5352783203125,266498500
2025-03-24,119.71223179694545,122.04896105750126,119.17298658297102,121.24009704589844,228452500
2025-03-25,120.38129943766901,121.12026171196634,118.75357566400419,120.52110290527344,167447200
2025-03-26,118.5638454632065,118.6736845133834,112.55226594608844,113.60079956054688,293463300
2025-03-27,111.19417323533278,114.28983351449122,110.50514401476981,111.27406311035156,236902100
2025-03-28,111.33397804410711,112.71205173921601,108.91736643615505,109.51652526855469,229872500
2025-03-31,104.98287310192077,110.80471613819729,103.50494855407659,108.22832489013672,299212700
2025-04-01,108.36813339033893,110.04578269736857,106.32100673854832,109.99585723876953,222614000
2025-04-02,107.1398479774266,111.82328673498283,106.64054773013802,110.26546478271484,220601200
2025-04-03,103.36515315702636,105.48218161280622,101.45782230020173,101.65754699707031,338769400
2025-04-04,98.77159334909085,99.9898797349743,91.9811059228115,94.17802429199219,532273800
2025-04-07,87.33759621246332,101.60759784636036,86.4987754744505,97.50334930419922,611041300
2025-04-08,103.66472218207363,105.70186824827938,94.3278084260022,96.16523742675781,476243400
2025-04-09,98.75161045127601,114.9389248904037,97.39351305704149,114.17000579833984,612918300
2025-04-10,109.21694044618194,110.70485307181585,99.01124202201945,107.4194564819336,437812400
2025-04-11,108.34816524857224,111.39390013023589,107.32959598741144,110.77476501464844,313417300
2025-04-14,113.95031245540225,114.13006086401796,108.91736463288024,110.55506896972656,264705000
2025-04-15,110.81470199440513,113.46099492172469,110.3453585264742,112.04297637939453,228966900
2025-04-16,104.40369410395131,106.64055727885454,100.30942561460589,104.3437728881836,397016900
2025-04-17,104.30381795694564,104.3237942331935,99.90998190333623,101.34796142578125,292517500
2025-04-21,98.63177356997639,99.3008417327631,94.90699776234818,96.77438354492188,288501100
2025-04-22,98.6417555090913,99.67031279819463,97.14385476914264,98.75160217285156,241004800
2025-04-23,104.37372584399631,104.6533403969428,101.87722447592722,102.5662612915039,247526000
2025-04-24,103.33517578708889,106.39089066307956,102.96569088547095,106.28104400634766,220815000
2025-04-25,106.70046299579266,111.76336727797938,105.58203530029881,110.85464477539062,251064700
2025-04-28,109.53649833991803,110.21554702841466,105.8716284785824,108.57784271240234,207708500
2025-04-29,107.51932238432487,110.04578062718967,107.2896485179105,108.867431640625,170444300
2025-04-30,104.32379376082015,108.76756286621094,103.93434018163836,108.76756286621094,235044600
2025-05-01,112.92174799120272,114.7791455573913,111.14424029465428,111.45380401611328,236121500
2025-05-02,114.02021557227994,115.23850951002053,113.21135153306962,114.33976745605469,190194800
2025-05-05,112.75199823422925,114.50952981770942,112.50234808238875,113.66072082519531,133163200
2025-05-06,111.32399638135878,114.57942879752297,110.66491633937942,113.38111114501953,158525600
2025-05-07,112.89179643623137,117.51531428959993,112.12286973799952,116.89617919921875,206758800
2025-05-08,118.08451525459601,118.51391379663416,115.68787240644632,117.20574951171875,198428100
2025-05-09,117.1857803819228,118.06455379711826,115.0487756801452,116.48676300048828,132972200
2025-05-12,121.79931583574867,122.82787322998047,120.11167839159091,122.82787322998047,225023300
2025-05-13,124.80509195257008,131.0363568449821,124.29580357204036,129.74815368652344,330430100
2025-05-14,133.01361454835225,135.25048567508128,131.49573716816334,135.15061950683594,281180800
2025-05-15,134.10204362723803,136.10924022234616,132.47433530494334,134.64129638671875,226632600
2025-05-16,136.02937003025397,136.15919297953724,133.27323795943153,135.21051025390625,226542500
2025-05-19,132.20473687113784,135.6798627990254,132.20473687113784,135.3802947998047,193154600
2025-05-20,134.10205468200522,134.39165736048994,132.4343936724944,134.1919403076172,161514200
2025-05-21,132.87380141479636,137.20772462329396,130.4072565649854,131.61557006835938,270608700
2025-05-22,132.0449376190489,134.0621148614722,131.3658966044825,132.64410400390625,187344000
2025-05-23,129.8180590665907,132.49430097030302,128.97923834191374,131.1062469482422,198821300
2025-05-27,133.96224703921547,135.47014350181522,133.1234263008756,135.31036376953125,192953600
2025-05-28,135.83961638539918,137.0579101389624,134.60134635659116,134.62132263183594,304021100
2025-05-29,142.0509238917618,143.28919402135628,137.71700129433316,138.99520874023438,369241900
2025-05-30,138.5258751739265,139.42460961066672,132.73398869983464,134.94090270996094,333170900
2025-06-02,135.30038976970178,137.9266987725352,135.21050414256473,137.187744140625,197663100
2025-06-03,138.5857816307834,141.801276586457,137.75694135463795,141.02236938476562,225578800
2025-06-04,141.99101618842522,142.19073325311263,139.34471555965237,141.7213897705078,167120800
2025-06-05,141.97103980754113,143.79848066110154,138.63571759363617,139.79409790039062,231397900
2025-06-06,142.31057053380505,143.0695167658335,141.3119699021351,141.5216827392578,153986200
2025-06-09,142.98961854621228,144.7970831461155,141.74136782943543,142.43040466308594,185114500
2025-06-10,142.49031793007975,144.088069701399,141.33193761060437,143.758544921875,155881900
2025-06-11,144.4176611881815,144.79716064315863,141.6813000562032,142.64002990722656,167694000
2025-06-12,141.78117540604916,144.80714416503906,141.66133988719625,144.80714416503906,162365000
2025-06-13,142.29048989356696,143.3890329315276,140.6626682408541,141.7811737060547,180820600
2025-06-16,143.159329390418,145.98555166191812,143.00951976951112,144.49754333496094,183133700
2025-06-17,144.29781716982143,145.02684191909495,143.58875484653294,143.9282989501953,139108000
2025-06-18,143.81845298832403,145.45627108510786,142.9296373487004,145.2864990234375,161494100
2025-06-20,145.2565234707711,146.00552584195606,142.46024490398213,143.65866088867188,242956200
2025-06-23,142.31046402404658,144.58743022935184,141.84108794116847,143.97824096679688,154308900
2025-06-24,145.36637857516104,147.76319531946535,145.3064608232896,147.70326232910156,187566100
2025-06-25,149.0714471780808,154.24454949233478,149.06145072732096,154.104736328125,269146500
2025-06-26,155.77252682686714,156.51154803915952,153.79516469048193,154.81381225585938,198145700
2025-06-27,155.83244416127852,158.4989061985097,155.05348286000648,157.54017639160156,263234500
2025-06-30,158.18928922556665,158.4489531245615,155.7525477292889,157.77984619140625,194580300
2025-07-01,156.0820975676339,156.99089075003695,151.288494680634,153.09608459472656,213143600
2025-07-02,152.77652287552658,157.3903883520798,152.76654166200262,157.0408477783203,171224100
2025-07-03,158.15932560910457,160.76585430203724,157.56013289394807,159.12803649902344,143716100
2025-07-07,157.98955517353815,159.09807923203843,157.13069855849747,158.02951049804688,140139000
2025-07-08,159.11806346268276,160.00687898854957,158.17931139836438,159.78717041015625,138133000
2025-07-09,161.0055497766517,164.2012901564699,160.9456320255445,162.66334533691406,183656400
2025-07-10,164.10143771292147,164.28119097215313,161.3950357038234,163.88172912597656,167704100
2025-07-11,163.50223698698784,167.66668863474402,163.25256951238498,164.7006378173828,193633300
2025-07-14,165.15003478890583,165.2698855378492,161.80449980139463,163.85177612304688,136975800
2025-07-15,170.96229989605533,172.17068192225182,168.97494134085255,170.4729461669922,230627400
2025-07-16,170.83248932029585,171.52157406474134,168.6753584433782,171.14207458496094,158831500
2025-07-17,171.7911900263939,173.92834287299638,170.60277047944578,172.76988220214844,160841100
2025-07-18,173.40903901870553,174.01822826089457,171.03219980516573,172.18067932128906,146456400
2025-07-21,172.52022673163836,173.1493936504508,170.77255439137573,171.1520538330078,123126100
2025-07-22,171.1120956061046,171.1620321483939,164.3610926233022,166.80783081054688,193114300
2025-07-23,169.30451898143798,171.03221376466186,167.7465962646817,170.5528564453125,154082200
2025-07-24,172.21063723590794,173.59878776513457,171.07215417768242,173.5089111328125,128984600
2025-07-25,173.37908037175941,174.4876045602178,172.72995103806022,173.26922607421875,122316800
2025-07-28,173.78854323017163,176.7645753161742,173.73860668662087,176.51490783691406,140023500
2025-07-29,177.72328828972238,179.14139760883538,174.7871965738649,175.2765350341797,154077500
2025-07-30,176.27521653092245,179.65072563032518,175.80584046425426,179.03155517578125,174312200
2025-07-31,182.6567315862202,183.0562087176856,175.69600066981488,177.6334228515625,221685400
2025-08-01,173.85844036702034,176.3051785902702,170.66269971388826,173.4889373779297,204529000
2025-08-04,174.9270158880054,179.96030526461158,174.28786778877773,179.7605743408203,148174600
2025-08-05,179.38106446129657,180.0202125232638,175.66601158908324,178.0228729248047,156407600
2025-08-06,176.09546439011424,179.66070799076476,176.01556896990587,179.1813507080078,137192300
2025-08-07,181.32851054269395,183.6354356942093,178.5621905082108,180.52957153320312,151878400
2025-08-08,181.30852119793246,183.05619350177665,180.16004168373897,182.4569854736328,123396700
2025-08-11,181.80785936297346,183.59547178906817,180.01025048518693,181.81784057617188,138323200
2025-08-12,182.7166509044063,184.234618174838,179.22130626788388,182.9163818359375,145485700
2025-08-13,182.37709375214726,183.72530422356274,179.11145412417423,181.3484649658203,179871700
2025-08-14,179.51090820642335,182.7765629312542,179.22130065055427,181.77789306640625,129554000
2025-08-15,181.6380820439347,181.658044469753,177.8031781362909,180.20997619628906,156602200
2025-08-18,180.359785616326,182.69666946783065,180.3497891649352,181.7678985595703,132008000
2025-08-19,182.1873495042791,182.25726371442747,175.25659293377495,175.40638732910156,185229200
2025-08-20,174.93701244991922,175.76591033294957,168.57548977611862,175.1667022705078,215142700
2025-08-21,174.61742144674352,176.66468235557974,173.57879631630271,174.7472381591797,140040900
2025-08-22,172.38040151215634,178.35244288234992,170.97227338198675,177.7532501220703,172789400
2025-08-25,178.11278178635797,181.6680441727565,176.33515059315872,179.57083129882812,163012800
2025-08-26,179.82049655621498,182.14739921043056,178.57215920342722,181.52822875976562,168688200
2025-08-27,181.7379436715125,182.24727507184866,178.86178472902657,181.35845947265625,235518900
2025-08-28,180.5794881684096,184.22462699678687,176.17535050737845,179.9303436279297,281787800
2025-08-29,177.87308356836775,177.91302365652732,172.91967451951007,173.94830322265625,243257900
2025-09-02,169.77389508693435,172.15073449446965,166.997593786357,170.5528564453125,231164900
2025-09-03,170.83246833565184,172.18067877773825,168.6553752976972,170.39305114746094,164424900
2025-09-04,170.34313981864827,171.6314173426514,169.18467902530818,171.4316864013672,141670100
2025-09-05,167.8065026792569,168.80517258283567,163.8517783946414,166.7978515625,224441400
2025-09-08,167.32715219255022,170.73262035939155,167.12742125141602,168.0861358642578,163769100
2025-09-09,168.86509051949957,170.75257602974241,166.51822538667548,170.53286743164062,157548400
2025-09-10,176.40506201448144,179.05153132643002,175.23661998400823,177.09414672851562,226852000
2025-09-11,179.45110250300584,180.05034427267074,176.2551819566126,176.94430541992188,151159300
2025-09-12,177.5435664999128,178.37251110105626,176.22524055900428,177.593505859375,124911000
2025-09-15,175.44622258887705,178.62217970015598,174.28769658655634,177.52357482910156,147061600
2025-09-16,176.77453647764895,177.27389957504343,174.15787872389456,174.65724182128906,140737800
2025-09-17,172.42008695754546,172.97937117956877,168.1954794867923,170.0730743408203,211843800
2025-09-18,173.7583871307785,176.87442336525442,172.73969733735942,176.01551818847656,191763300
2025-09-19,175.54609885389235,177.8531538116004,174.95683884616588,176.4449462890625,237182100
2025-09-22,175.07671637070237,184.31493427279133,174.48747153493287,183.37612915039062,269637000
2025-09-23,181.73821238324945,182.18763613663097,175.9855548133895,178.2027130126953,192559600
2025-09-24,179.54100413716742,179.5509859124944,175.17656050171237,176.74456787109375,143564100
2025-09-25,174.25773588995062,180.0303718676576,172.90946471941734,177.46365356445312,191586700
2025-09-26,177.94304916264082,179.54101721374016,174.70717071687335,177.96302795410156,148573700
2025-09-29,180.2001578366391,183.76561762390497,180.09031258631592,181.6183624267578,193063500
2025-09-30,181.848063160254,187.11135435179565,181.2488213615314,186.3423309326172,236981000
2025-10-01,185.00405809785752,187.9003581593927,183.665753326035,187.0015106201172,173844900
2025-10-02,189.35850113919957,190.80665113886596,187.82045419605362,188.64939880371094,136805800
2025-10-03,188.94900408551683,190.11751186051177,185.1438598655547,187.38099670410156,137596900
2025-10-06,185.26372281570642,186.99151499327596,183.09648864167906,185.3036651611328,157678100
2025-10-07,185.99277739696944,188.8191743935438,183.76562222076905,184.80429077148438,140088000
2025-10-08,186.33235229407293,189.35849142592937,186.30237648821537,188.86911010742188,130168900
2025-10-09,191.9851285494953,195.05122522476873,190.816620752273,192.32470703125,182997200
2025-10-10,193.26350393527704,195.37081685366852,181.81811007166195,182.92669677734375,268774400
2025-10-13,187.73057886865314,189.86785248459339,185.72314454487463,188.08013916015625,153482800
2025-10-14,184.5346420566055,184.56460262310264,179.47109296765566,179.80067443847656,205641400
2025-10-15,184.56460739230218,184.63451030281777,177.06416377208902,179.60093688964844,214450500
2025-10-16,181.99786281424815,183.04652832403656,179.5410050089342,181.57839965820312,179723300
2025-10-17,179.9504818191574,183.86550198639478,179.52103686227596,182.9866180419922,173135200
2025-10-20,182.89672994644732,184.96408521149223,181.4985041529273,182.4073486328125,128544700
2025-10-21,182.55715836486127,182.55715836486127,179.5709767314294,180.9292449951172,124240200
2025-10-22,180.9092591258601,183.20633238125785,176.53483359319367,180.05035400390625,162249600
2025-10-23,180.19017423035882,182.7968501503985,179.5609718650331,181.92796325683594,111363700
2025-10-24,183.6058200325102,187.23120099697576,183.26625678365264,186.02273559570312,131296700
2025-10-27,189.74800438556454,191.75543864774096,188.18997864549505,191.24609375,153452700
2025-10-28,192.8040950113927,202.8912204382634,191.66554775855593,200.77392578125,297986200
2025-10-29,207.715080745974,211.9197249544373,204.51915980095313,206.77627563476562,308829600
2025-10-30,204.88867704045037,205.89740027142088,201.1534507471854,202.63156127929688,178864400
2025-10-31,206.18701808603035,207.70508615602077,201.81260775338424,202.23207092285156,179802200
2025-11-03,207.8149540137207,211.07079600988305,205.2981596683369,206.61648559570312,180267300
2025-11-04,202.7414122562426,203.71017785907821,197.67786326579136,198.43690490722656,188919300
2025-11-05,198.51681234435117,202.66152000582164,194.40205001057666,194.9613494873047,171350300
2025-11-06,196.16981228388872,197.3682807609907,186.14260723026618,187.84043884277344,223029800
2025-11-07,184.66444902638756,188.08010568481336,178.682089465448,187.91030883789062,264942300
2025-11-10,194.8614791513322,199.68532876518447,193.5431531870904,198.7964630126953,198897100
2025-11-11,194.91140808059743,195.17107140540628,191.05632435423007,192.91395568847656,176483300
2025-11-12,195.47068348463264,195.64046510157328,190.8865341091802,193.55313110351562,154935300
2025-11-13,190.8066439854392,191.1961465947379,183.61581837719615,186.62197875976562,207423100
2025-11-14,182.62706393415107,190.76667594021126,180.34996953708986,189.92774963378906,186591900
2025-11-17,185.73311754704963,188.75925679396335,184.08522536919267,186.36231994628906,173628900
2025-11-18,183.14641371605563,184.5646030780414,179.42115405263684,181.1289825439453,213598900
2025-11-19,184.5546024199349,187.62069907956393,182.5971076589588,186.28240966796875,247246400
2025-11-20,195.70039225393623,195.7503316108911,179.62090987236718,180.40989685058594,343504800
2025-11-21,181.00913979899244,184.32490281868388,172.70971237567008,178.6521453857422,346926200
2025-11-24,179.2613745727385,183.26626122561635,176.25519889972114,182.31747436523438,256618300
2025-11-25,174.68720886729724,177.9330691207534,169.3340356551,177.593505859375,320600300
2025-11-26,181.39863013804072,182.67699835309762,178.01294919921247,180.03036499023438,183852000
2025-11-28,178.7819702942556,179.0616124091028,176.27517303639212,176.7745361328125,121332800
2025-12-01,174.5373804488289,180.07033197943204,173.45875435362808,179.69081115722656,188131000
2025-12-02,181.52847225165078,185.4235136530611,179.7707195907086,181.22886657714844,182632200
2025-12-03,180.84935949817796,182.21760964702736,178.88186747602086,179.3612518310547,165138000
2025-12-04,181.39873533031871,184.29521152983364,179.7407692190929,183.15660095214844,167364900
2025-12-05,183.66598269849337,184.43504894381925,180.6896172324408,182.1877899169922,143971100
2025-12-08,182.41751577930148,187.7709870845105,182.17780264974235,185.323974609375,204378100
2025-12-09,185.33395229946427,185.4937610485011,183.09669077375298,184.7446746826172,144719700
2025-12-10,184.74467463147755,185.2540478736652,181.8182359713298,183.55612182617188,162785400
2025-12-11,180.060377409269,181.09911899111663,176.40483245042134,180.70957946777344,182136600
2025-12-12,180.88937065842447,182.59729422559735,174.40727135263347,174.80679321289062,204274900
2025-12-15,177.72322484137152,178.20263580820242,174.81676632707214,176.07522583007812,164775600
2025-12-16,176.04526619844617,178.27256047932946,174.686922405521,177.5034942626953,148588100
2025-12-17,175.88546784627562,175.91543007880585,170.10251312474713,170.73175048828125,222775500
2025-12-18,174.3173807251694,175.93540231223645,171.6106906687844,173.9278564453125,176096000
2025-12-19,176.4547863729682,181.22896236326454,176.12518653595592,180.76953125,324925900
2025-12-22,183.6959478478248,183.935660967629,182.1278683380167,183.4662322998047,129064400
2025-12-23,182.74711840334103,189.09937165158402,182.67719635774475,188.97952270507812,174873600
2025-12-24,187.71105179508496,188.67987134928,186.36269028434322,188.38023376464844,65528500
2025-12-26,189.68863982420257,192.45526970950266,187.7709805748158,190.2978973388672,139740300
2025-12-29,187.4813341773615,188.53004285167208,185.68352392965699,187.99070739746094,120006100
2025-12-30,188.01069817319677,188.75978454971104,186.70228116711607,187.31153869628906,97687300
2025-12-31,189.33906392286715,190.32784810299728,186.26281429981768,186.27279663085938,120100500
2026-01-02,189.60873357074172,192.69496568024334,188.03065649528438,188.6199493408203,148240500
2026-01-05,191.52640398377517,193.39413642527967,185.9232371396652,187.89083862304688,183529700
2026-01-06,190.2879203285983,191.935904267691,186.5924305704924,187.0119171142578,176862600
2026-01-07,188.34028795646717,191.13686475404677,186.3327268208183,188.87962341308594,153543200
2026-01-08,188.87962438445808,189.31909080925226,183.4862088297309,184.8145751953125,172457000
2026-01-09,184.8545293482555,186.1129888751533,183.44624341374129,184.63479614257812,131327500
2026-01-12,182.99680052530172,186.89204340473577,182.79704721562317,184.71470642089844,137968500
2026-01-13,184.7746378408776,187.88084992986475,183.17658082293008,185.58364868164062,160128900
2026-01-14,184.0954710990846,184.2352999433054,180.57975484984624,182.91690063476562,159586100
2026-01-15,186.2727952885624,189.46889382188115,186.10300422087673,186.82212829589844,206188600
2026-01-16,188.84966224271636,190.20800608356458,185.85331687968656,186.0031280517578,187967200
2026-01-20,181.67840938923754,182.15783564218773,177.39364202987932,177.85308837890625,223345300
2026-01-21,178.8318922054109,185.15418310637224,178.18267486272933,183.09669494628906,200381000
2026-01-22,184.52493568425237,185.94320399708803,183.70592730123704,184.6148223876953,139636600
2026-01-23,187.27158465782284,189.3690325020707,186.59242035942677,187.44137573242188,142748100
2026-01-26,186.93200550896393,188.88960930416175,185.76343263076708,186.2428436279297,124799600
2026-01-27,187.01190478720812,189.76853699604698,185.47377232125424,188.29034423828125,143711600
2026-01-28,191.0369866951896,192.1156727976695,189.60872088942648,191.28668212890625,148552700
2026-01-29,191.10690928022157,193.244301759811,185.83334250366076,192.27548217773438,171764400
2026-01-30,190.97707539362895,194.25307849059112,189.23918956869622,190.8971710205078,179489500
2026-02-02,186.97193993484487,190.06816944570554,184.65477420739685,185.38388061523438,165794100
2026-02-03,186.01312186532803,186.04308409913696,176.01530661894333,180.12030029296875,204019600
2026-02-04,179.241398362594,179.36124730830178,171.70059231104517,173.97781372070312,207014100
2026-02-05,174.7168961324724,176.60460839935587,170.8216531377948,171.67062377929688,206312900
2026-02-06,176.4747642750831,186.77220252110314,174.38731390455436,185.18414306640625,231346200
2026-02-09,184.03552934237337,193.42408742490235,183.7259094221984,189.80848693847656,196387400
2026-02-10,191.1468699498802,192.24552080983682,187.89083145679504,188.31031799316406,136764800
2026-02-11,192.21556708670826,193.02457795983298,188.54005713468442,189.81849670410156,144192700
2026-02-12,192.79485804306626,193.3741533411549,186.28279615580217,186.7122802734375,189932500
2026-02-13,187.25160463564347,187.27158453858374,181.36878053627944,182.58729553222656,161888000
2026-02-17,181.5285959992061,186.92201173748992,178.9617194034806,184.7446746826172,162276900
2026-02-18,188.52005804720127,190.13807962880853,186.53247684939709,187.75099182128906,164749100
2026-02-19,186.8321237354349,188.20044994409497,185.43383529156333,187.6710968017578,126554500
2026-02-20,186.342734664171,190.09814888521723,185.71349722992974,189.58877563476562,178422300
2026-02-23,191.1668239815537,193.71372053376285,189.34904909171755,191.316650390625,171584800
2026-02-24,191.2567378902843,193.53395924081437,187.171708627792,192.61508178710938,175123600
2026-02-25,194.2131137016724,197.38924768090467,193.5539140704845,195.32176208496094,250637100
2026-02-26,194.03334246429932,194.0533071271398,184.09546670933034,184.66476440429688,360807900
2026-02-27,181.0292033274304,182.36756729714082,176.1651407824763,176.97415161132812,311636500
2026-03-02,174.79680413295333,183.2365228635074,174.42725972943845,182.25770568847656,209095300
2026-03-03,178.27256086028186,180.67961330625172,176.70446619030554,179.83065795898438,178099400
2026-03-04,180.22019302825058,184.47499807110998,179.84065106191534,182.8170166015625,177731200
2026-03-05,180.94928366467312,183.83576224630102,177.6632984882966,183.11663818359375,198779700
2026-03-06,179.62092189230134,182.53736302725528,176.6046117177772,177.6033935546875,189021900
2026-03-09,176.61458806542097,182.68718325690133,175.34613090826778,182.427490234375,177213600
2026-03-10,182.17778352587916,186.21287029543888,181.78825925636124,184.54490661621094,179118500
2026-03-11,185.6935753620157,187.40157611978597,184.23526832414757,185.8134307861328,145280400
2026-03-12,183.83574790315467,184.72471123223085,181.53842231669145,182.9268035888672,155762700
2026-03-13,184.70472270189353,185.87335881208497,179.73052445930352,180.0401611328125,160988400
2026-03-16,182.7570048934839,188.66012868968363,181.19882333613754,183.0067138671875,217307400
2026-03-17,184.8445618023411,185.1841623368753,181.4684917186082,181.71820068359375,182497800
2026-03-18,182.26756764801692,183.16652908726184,180.12007659614625,180.1899871826172,156683100
2026-03-19,177.80276430906588,179.77047215436778,175.5853475010711,178.3521270751953,170968500
2026-03-20,177.79278016290237,178.05247199547227,171.52009228430225,172.4989471435547,241323500
2026-03-23,177.0536408486584,178.16234927411983,174.55655117338722,175.43553161621094,182836300
2026-03-24,174.6264683383626,176.01484951930743,173.777451794472,174.99603271484375,147667800
2026-03-25,176.89383761026875,181.00903649280792,176.64412864426953,178.47198486328125,162602100
2026-03-26,175.86504388946904,176.30451888215924,170.9407749866337,171.04066467285156,186152200
2026-03-27,169.80209026823204,170.77096223786808,166.81556566439232,167.32498168945312,196212700
2026-03-30,168.58352034150624,169.25273855906806,164.07877596313077,164.97772216796875,185627000
2026-03-31,166.77563225072552,174.41672082635512,166.7656493784466,174.1969757080078,226181300
2026-04-01,175.79511913229018,177.16351944386196,174.54657425208924,175.54541015625,168132000
2026-04-02,171.97954556798163,177.28337661769746,171.170490985778,177.18348693847656,143143200
2026-04-06,176.953760088437,177.58301630024127,175.55538077559635,177.43319702148438,107564300
2026-04-07,175.52541836668527,178.0225079733855,173.4578360976707,177.89266967773438,132534900
2026-04-08,184.28522303450282,185.0443328296099,180.09011531444295,181.8680419921875,147732700
2026-04-09,181.6283100364998,183.86570786090292,180.40972906189933,183.69590759277344,116428500
2026-04-10,184.09543736125556,189.77881591864653,184.08545448929232,188.41041564941406,160459500
2026-04-13,185.81343445538195,189.43921351677633,185.52377876103736,189.08961486816406,133648200
2026-04-14,190.61783708872017,196.28123474121094,190.54792650193752,196.28123474121094,161307000
2026-04-15,196.31119931453722,200.166706463506,195.5121427945441,198.63848876953125,185338400
2026-04-16,197.20015246424893,199.6173486077875,195.58204328148997,198.1190948486328,134012900
2026-04-17,199.66727910555997,201.46518667284232,199.03802288778024,201.44520568847656,160324400
2026-04-20,199.7471876833392,201.9346406188145,197.6096795882359,201.82476806640625,119381400
2026-04-21,201.89470437258373,202.51397775047528,198.76834314349978,199.64732360839844,107945300
2026-04-22,200.75603026628932,202.26426696777344,198.76834136586132,202.26426696777344,107501000
2026-04-23,202.22431724671497,203.59271751351986,196.99041179336916,199.4075927734375,113561800
2026-04-24,199.72721882416832,210.70441481695215,199.57738430538978,208.0275421142578,214134400
2026-04-27,209.4059296471886,216.5775789683675,207.13858324348888,216.3578338623047,187172400
2026-04-28,209.24613572912838,214.4800260296235,207.95762889823203,212.92184448242188,180275400
2026-04-29,212.4523894424142,212.47237042757808,207.33835459433345,209.00640869140625,123711800
2026-04-30,209.68560172993963,210.05518135667162,198.46867945247158,199.33767700195312,225239200
2026-05-01,201.0456862731779,202.76368521944246,196.89052532216473,198.21897888183594,128647000
2026-05-04,199.26774870200734,201.49514834231712,194.51329562325486,198.24893188476562,125368100
2026-05-05,199.06798360144137,200.00689171848026,195.80178617585554,196.271240234375,113406600
2026-05-06,199.65729931010404,208.0275486883452,198.37879062945476,207.5880584716797,188362800
2026-05-07,208.0974592073836,213.95063795079753,206.25960488465944,211.2537841796875,168307900
2026-05-08,212.7820061205359,217.5464575316693,212.642169707093,214.94947814941406,136421400
2026-05-11,213.79081709888328,222.04121091513153,213.64099781886503,219.18453979492188,160685800
2026-05-12,218.29558003818886,223.48952345691538,214.6698009927987,220.52297973632812,159176600
2026-05-13,224.6681467194947,227.57476278227756,221.3120728008497,225.56710815429688,150405400
2026-05-14,229.58243343997336,236.26463268418732,229.03307065698914,235.465576171875,180782900
2026-05-15,229.49252726355346,231.23050718880455,223.97896415639156,225.05770874023438,180977600
2026-05-18,229.60240180074675,229.7322553439391,218.1157890335498,222.0612030029297,146280900
2026-05-19,219.36432694236115,224.21866983705235,217.6563261548179,220.35317993164062,140948200
2026-05-20,222.9201831873553,225.8667612103758,220.2433103590018,223.20985412597656,184201600
2026-05-21,222.03121805596584,227.13526994336974,217.6762930684293,219.25445556640625,203381800
2026-05-22,220.64283833374193,220.75271088945502,214.54994865072538,215.07933044433594,169275700
2026-05-26,216.28791550863897,217.92600574795006,211.75320730356688,214.60987854003906,187202600
2026-05-27,213.87072806866348,213.90069192498567,208.53694826896,212.35250854492188,167601200
2026-05-28,211.03403615445995,215.2691056248748,210.97410844231206,214.00057983398438,143996000
2026-05-29,214.33020874183248,217.6063892667686,210.88422794322287,210.8942108154297,289410600
2026-06-01,215.47885750139108,224.60821672379726,215.44889364463796,224.09881591796875,212850700
2026-06-02,226.91551751623658,232.00958636747916,221.09231801448135,222.56060791015625,193362900
2026-06-03,221.46188713313538,222.56061267075634,214.2602739078757,214.5,160907000
2026-06-04,213.91000366210938,221.60000610351562,210.97000122070312,218.66000366210938,169022200
2026-06-05,214.52999877929688,214.8699951171875,204.3300018310547,205.10000610351562,219655500
2026-06-08,210.17999267578125,210.47000122070312,206.0,208.63999938964844,138372800
2026-06-09,210.6199951171875,211.39999389648438,199.33999633789062,208.19000244140625,180962500
2026-06-10,204.42999267578125,207.22000122070312,199.9199981689453,200.4199981689453,161746600
2026-06-11,201.49000549316406,205.66000366210938,199.5399932861328,204.8699951171875,158643200
2026-06-12,204.86000061035156,207.07000732421875,203.44000244140625,205.19000244140625,112001800
2026-06-15,208.9199981689453,212.7100067138672,208.33999633789062,212.4499969482422,149936700
2026-06-16,211.17999267578125,211.49000549316406,207.2899932861328,207.41000366210938,125694100
2026-06-17,208.52999877929688,209.2100067138672,203.0800018310547,204.64999389648438,128363500
2026-06-18,207.3300018310547,211.38999938964844,206.5,210.69000244140625,241272000
2026-06-22,211.44000244140625,213.99000549316406,207.72000122070312,208.64999389648438,122041400
2026-06-23,202.1699981689453,203.77000427246094,200.0,200.0399932861328,153496200
2026-06-24,200.1199951171875,201.6699981689453,196.5800018310547,199.0,151810700
2026-06-25,200.0800018310547,200.8000030517578,192.1300048828125,195.74000549316406,149550000
2026-06-26,193.1199951171875,195.5500030517578,191.22000122070312,192.52999877929688,179304100
2026-06-29,193.85000610351562,196.17999267578125,189.8000030517578,194.97000122070312,148835700
2026-06-30,197.24000549316406,200.6300048828125,195.11000061035156,200.08999633789062,166476700
2026-07-01,196.1999969482422,199.85000610351562,193.4499969482422,197.5800018310547,146147600
2026-07-02,197.13999938964844,200.05999755859375,192.35000610351562,194.8300018310547,142068700
2026-07-06,194.4199981689453,197.5500030517578,193.99000549316406,195.5500030517578,108999000
2026-07-07,192.3699951171875,198.41000366210938,191.13999938964844,196.92999267578125,124154600
2026-07-08,195.17999267578125,205.16000366210938,195.05999755859375,204.1199951171875,147419100
2026-07-09,204.4600067138672,204.58999633789062,198.9600067138672,202.77999877929688,132037400
2026-07-10,202.0,211.0,201.9199981689453,210.9600067138672,148421000
2026-07-13,208.5399932861328,210.57000732421875,203.0,203.52999877929688,121411000
2026-07-14,208.1999969482422,212.5500030517578,203.8000030517578,211.8000030517578,124379600
2026-07-15,211.9600067138672,213.80999755859375,206.0399932861328,212.5,124797200
2026-07-16,210.1699981689453,211.0800018310547,205.85000610351562,207.39999389648438,122986100
2026-07-17,202.63999938964844,206.64999389648438,197.97000122070312,202.80999755859375,144281900
2026-07-20,205.8699951171875,207.74000549316406,202.27999877929688,203.27999877929688,88701500
2026-07-21,207.5399932861328,208.64999389648438,204.00999450683594,207.2899932861328,108685600
2026-07-22,205.80999755859375,214.38999938964844,204.9499969482422,212.05999755859375,137645600
2026-07-23,209.4600067138672,210.8699951171875,205.9600067138672,208.75999450683594,110505300
2026-07-24,207.4499969482422,211.91000366210938,204.80999755859375,206.83999633789062,114836800
2026-07-27,208.1999969482422,208.75,195.44000244140625,196.50999450683594,154353700
2026-07-28,195.0,198.6999969482422,192.74000549316406,197.00999450683594,134111500
2026-07-29,195.85000610351562,197.07000732421875,190.00999450683594,190.00999450683594,147680800
2026-07-30,193.4499969482422,197.25,191.52000427246094,195.0399932861328,129010200
2026-07-31,198.44000244140625,202.0,194.9499969482422,200.75,139961200
2026-08-03,197.69000244140625,208.74000549316406,196.85000610351562,206.63999938964844,128406900
2026-08-04,211.3000030517578,213.05999755859375,209.0500030517578,211.94000244140625,134922000
2026-08-05,216.86000061035156,222.22000122070312,216.39999389648438,219.22000122070312,158187400
2026-08-06,221.52999877929688,223.6300048828125,217.0,218.99000549316406,113940600
2026-08-07,221.5399932861328,224.75999450683594,220.66000366210938,223.9600067138672,105669400
2026-08-10,223.39999389648438,224.13999938964844,216.77000427246094,217.5500030517578,115846600
2026-08-11,222.1699981689453,222.1999969482422,216.1999969482422,217.5,101273100
2026-08-12,221.0399932861328,225.10000610351562,220.1999969482422,224.08999633789062,108783600
2026-08-13,225.05999755859375,227.22999572753906,223.7100067138672,225.3000030517578,98867200
2026-08-14,226.77000427246094,227.49000549316406,224.5,225.16000366210938,75680900
2026-08-17,225.97999572753906,227.9199981689453,224.86000061035156,225.00999450683594,93678700
2026-08-18,220.4499969482422,221.63999938964844,218.69000244140625,219.74000549316406,103128200
2026-08-19,221.6699981689453,222.8699951171875,216.75999450683594,217.55999755859375,96797300
2026-08-20,218.36000061035156,219.86000061035156,215.66000366210938,216.85000610351562,92457000
2026-08-21,218.4199981689453,218.74000549316406,214.5,214.72000122070312,98545600
