date,open,high,low,close,volume
1984-10-17,0.11016415059566498,0.11314214454445479,0.11016415059566498,0.11016415059566498,9868800
1984-10-18,0.11314219236373901,0.11909663809869712,0.11314219236373901,0.11314219236373901,5324800
1984-10-19,0.11314214454445479,0.11314214454445479,0.11016415059566498,0.11016415059566498,3043200
1984-10-22,0.11016415059566498,0.11314214454445479,0.11016415059566498,0.11016415059566498,2326400
1984-10-23,0.11016419592925786,0.11016419592925786,0.10718697309494019,0.10718697309494019,787200
1984-10-24,0.11016415059566498,0.11314214454445479,0.11016415059566498,0.11016415059566498,230400
1984-10-25,0.11016419592925786,0.11314219110352042,0.10718697309494019,0.10718697309494019,1587200
1984-10-26,0.10718697309494019,0.11016419592925786,0.10718697309494019,0.10718697309494019,758400
1984-10-29,0.10718697309494019,0.11016419592925786,0.10718697309494019,0.10718697309494019,614400
1984-10-30,0.10718697309494019,0.11314219110352042,0.10718697309494019,0.10718697309494019,192000
1984-10-31,0.11016415059566498,0.11314214454445479,0.11016415059566498,0.11016415059566498,297600
1984-11-01,0.11016419592925786,0.11016419592925786,0.10718697309494019,0.10718697309494019,352000
1984-11-02,0.10718697309494019,0.11016419592925786,0.10718697309494019,0.10718697309494019,1638400
1984-11-05,0.10718694308929089,0.10718694308929089,0.10420972108840942,0.10420972108840942,534400
1984-11-06,0.10420972108840942,0.10718694308929089,0.10420972108840942,0.10420972108840942,544000
1984-11-07,0.10420972108840942,0.10718694308929089,0.10420972108840942,0.10420972108840942,76800
1984-11-08,0.10420972108840942,0.10718694308929089,0.10420972108840942,0.10420972108840942,44800
1984-11-09,0.10420972108840942,0.10718694308929089,0.10420972108840942,0.10420972108840942,896000
1984-11-12,0.10420972108840942,0.10718694308929089,0.10420972108840942,0.10420972108840942,300800
1984-11-13,0.10420972108840942,0.10718694308929089,0.10420972108840942,0.10420972108840942,464000
1984-11-14,0.10420973621850327,0.10718695865164429,0.10123251378536224,0.10123251378536224,1523200
1984-11-15,0.10123251378536224,0.10420973621850327,0.10123251378536224,0.10123251378536224,156800
1984-11-16,0.10123251159376068,0.10420973396244726,0.09527729451656342,0.09527729451656342,579200
1984-11-19,0.09527729451656342,0.10420973396244726,0.09527729451656342,0.09527729451656342,358400
1984-11-20,0.0952773254499703,0.09825454878526316,0.09230010211467743,0.09230010211467743,179200
1984-11-21,0.09230010211467743,0.09825454878526316,0.09230010211467743,0.09230010211467743,905600
1984-11-23,0.09230010211467743,0.09825454878526316,0.09230010211467743,0.09230010211467743,25600
1984-11-26,0.09527729451656342,0.09825451688525,0.09527729451656342,0.09527729451656342,166400
1984-11-27,0.0982545018196106,0.10123249607149704,0.0982545018196106,0.0982545018196106,147200
1984-11-28,0.0982545018196106,0.10123249607149704,0.0982545018196106,0.0982545018196106,492800
1984-11-29,0.0982545018196106,0.10123249607149704,0.0982545018196106,0.0982545018196106,262400
1984-11-30,0.0982545018196106,0.10123249607149704,0.0982545018196106,0.0982545018196106,556800
1984-12-03,0.09825451688525,0.10123251159376068,0.09527729451656342,0.09527729451656342,380800
1984-12-04,0.0952773254499703,0.09825454878526316,0.09230010211467743,0.09230010211467743,217600
1984-12-05,0.09230010211467743,0.09825454878526316,0.09230010211467743,0.09230010211467743,102400
1984-12-06,0.09230008605496987,0.09527730887224233,0.08932285755872726,0.08932285755872726,630400
1984-12-07,0.08932285755872726,0.09230008605496987,0.08932285755872726,0.08932285755872726,86400
1984-12-10,0.08932285755872726,0.09230008605496987,0.08932285755872726,0.08932285755872726,2099200
1984-12-11,0.08932285755872726,0.09230008605496987,0.08932285755872726,0.08932285755872726,188800
1984-12-12,0.08932285755872726,0.09230008605496987,0.08932285755872726,0.08932285755872726,393600
1984-12-13,0.08932285755872726,0.09230008605496987,0.08932285755872726,0.08932285755872726,102400
1984-12-14,0.08932285755872726,0.09230008605496987,0.08932285755872726,0.08932285755872726,89600
1984-12-17,0.08932285755872726,0.09230008605496987,0.08932285755872726,0.08932285755872726,102400
1984-12-18,0.08932285755872726,0.09230008605496987,0.08932285755872726,0.08932285755872726,214400
1984-12-19,0.08932285755872726,0.09230008605496987,0.08932285755872726,0.08932285755872726,102400
1984-12-20,0.08932285755872726,0.09230008605496987,0.08932285755872726,0.08932285755872726,121600
1984-12-21,0.08932285755872726,0.09230008605496987,0.08932285755872726,0.08932285755872726,704000
1984-12-24,0.08932285755872726,0.09230008605496987,0.08932285755872726,0.08932285755872726,921600
1984-12-26,0.08932285755872726,0.09230008605496987,0.08932285755872726,0.08932285755872726,521600
1984-12-27,0.08932285755872726,0.09527730887224233,0.08932285755872726,0.08932285755872726,947200
1984-12-28,0.08932285755872726,0.09230008605496987,0.08932285755872726,0.08932285755872726,76800
1984-12-31,0.08932285755872726,0.09527730887224233,0.08932285755872726,0.08932285755872726,457600
1985-01-02,0.09230010211467743,0.0952773254499703,0.09230010211467743,0.09230010211467743,179200
1985-01-03,0.09230010211467743,0.10123254446063086,0.09230010211467743,0.09230010211467743,227200
1985-01-04,0.09230010211467743,0.10123254446063086,0.09230010211467743,0.09230010211467743,390400
1985-01-07,0.0982545018196106,0.1042097179836778,0.0982545018196106,0.0982545018196106,2652800
1985-01-08,0.11016415059566498,0.11611936615361752,0.11016415059566498,0.11016415059566498,1190400
1985-01-09,0.11016415059566498,0.11611936615361752,0.11016415059566498,0.11016415059566498,403200
1985-01-10,0.11314219236373901,0.11909663809869712,0.11314219236373901,0.11314219236373901,1062400
1985-01-11,0.11314219236373901,0.12207386096617617,0.11314219236373901,0.11314219236373901,188800
1985-01-14,0.116119384765625,0.12207382893834891,0.116119384765625,0.116119384765625,131200
1985-01-15,0.11909658461809158,0.1250518000187995,0.11909658461809158,0.11909658461809158,320000
1985-01-16,0.11909658461809158,0.1220738061486422,0.11909658461809158,0.11909658461809158,134400
1985-01-17,0.11909658461809158,0.1220738061486422,0.11909658461809158,0.11909658461809158,441600
1985-01-18,0.11909658461809158,0.1250518000187995,0.11909658461809158,0.11909658461809158,556800
1985-01-21,0.11909658461809158,0.1250518000187995,0.11909658461809158,0.11909658461809158,112000
1985-01-22,0.11909658461809158,0.1250518000187995,0.11909658461809158,0.11909658461809158,441600
1985-01-23,0.11909658461809158,0.1250518000187995,0.11909658461809158,0.11909658461809158,156800
1985-01-24,0.1339835673570633,0.13993878732459,0.1339835673570633,0.1339835673570633,1475200
1985-01-25,0.1429160088300705,0.14589323259565035,0.1429160088300705,0.1429160088300705,1110400
1985-01-28,0.1429160088300705,0.14589323259565035,0.1429160088300705,0.1429160088300705,908800
1985-01-29,0.1429160088300705,0.14887122870141667,0.1429160088300705,0.1429160088300705,1660800
1985-01-30,0.14887115359306335,0.15482559812009153,0.14887115359306335,0.14887115359306335,928000
1985-01-31,0.14887115359306335,0.15482559812009153,0.14887115359306335,0.14887115359306335,656000
1985-02-01,0.14887115359306335,0.15482559812009153,0.14887115359306335,0.14887115359306335,208000
1985-02-04,0.15780283510684967,0.16375805252930548,0.15780283510684967,0.15780283510684967,966400
1985-02-05,0.17864495515823364,0.18162217799255131,0.17864495515823364,0.17864495515823364,2320000
1985-02-06,0.18460020422935486,0.18757742756464774,0.18460020422935486,0.18460020422935486,1280000
1985-02-07,0.18460012708990198,0.1905545712722848,0.18162213265895844,0.18162213265895844,1113600
1985-02-08,0.2024642527103424,0.20544148646435775,0.2024642527103424,0.2024642527103424,4268800
1985-02-11,0.20544148981571198,0.20841947324226076,0.20544148981571198,0.20544148981571198,998400
1985-02-12,0.2054414062832472,0.2054414062832472,0.19948694109916687,0.19948694109916687,1472000
1985-02-13,0.19948694109916687,0.2054414062832472,0.19948694109916687,0.19948694109916687,611200
1985-02-14,0.19948704959971822,0.19948704959971822,0.19650983810424805,0.19650983810424805,355200
1985-02-15,0.1965098246715129,0.19948703596347117,0.1935318410396576,0.1935318410396576,304000
1985-02-19,0.1935318383036351,0.1935318383036351,0.18757738173007965,0.18757738173007965,784000
1985-02-20,0.18757742756464774,0.1905546508999406,0.18460020422935486,0.18460020422935486,473600
1985-02-21,0.18460020422935486,0.1905546508999406,0.18460020422935486,0.18460020422935486,281600
1985-02-22,0.19055458903312683,0.1965098061103241,0.19055458903312683,0.19055458903312683,809600
1985-02-25,0.19055458903312683,0.193531822759752,0.19055458903312683,0.19055458903312683,496000
1985-02-26,0.19055458903312683,0.1965098061103241,0.19055458903312683,0.19055458903312683,672000
1985-02-27,0.19055458903312683,0.1965098061103241,0.19055458903312683,0.19055458903312683,1955200
1985-02-28,0.20544148981571198,0.21139668432896577,0.20544148981571198,0.20544148981571198,1049600
1985-03-01,0.20841944217681885,0.21437388617858177,0.20841944217681885,0.20841944217681885,467200
1985-03-04,0.20841944217681885,0.21437388617858177,0.20841944217681885,0.20841944217681885,556800
1985-03-05,0.20841944217681885,0.21437388617858177,0.20841944217681885,0.20841944217681885,441600
1985-03-06,0.20841944217681885,0.21437388617858177,0.20841944217681885,0.20841944217681885,496000
1985-03-07,0.2084194698423269,0.21139668088046487,0.2024642527103424,0.2024642527103424,531200
1985-03-08,0.2024642527103424,0.21139668088046487,0.2024642527103424,0.2024642527103424,19200
1985-03-11,0.20246417369120703,0.2084193884989486,0.19948694109916687,0.19948694109916687,246400
1985-03-12,0.19948694109916687,0.2084193884989486,0.19948694109916687,0.19948694109916687,4275200
1985-03-13,0.19948703596347117,0.19948703596347117,0.1935318410396576,0.1935318410396576,486400
1985-03-14,0.193531822759752,0.1965098061103241,0.19055458903312683,0.19055458903312683,195200
1985-03-15,0.19055458903312683,0.193531822759752,0.19055458903312683,0.19055458903312683,124800
1985-03-18,0.1905546508999406,0.1905546508999406,0.18460020422935486,0.18460020422935486,153600
1985-03-19,0.18460020422935486,0.1905546508999406,0.18460020422935486,0.18460020422935486,604800
1985-03-20,0.18460020422935486,0.1905546508999406,0.18460020422935486,0.18460020422935486,547200
1985-03-21,0.18460020422935486,0.1905546508999406,0.18460020422935486,0.18460020422935486,204800
1985-03-22,0.18460020422935486,0.1905546508999406,0.18460020422935486,0.18460020422935486,192000
1985-03-25,0.18460020422935486,0.1905546508999406,0.18460020422935486,0.18460020422935486,355200
1985-03-26,0.18460020422935486,0.18757742756464774,0.18460020422935486,0.18460020422935486,300800
1985-03-27,0.18460012708990198,0.1875773491810934,0.18162213265895844,0.18162213265895844,76800
1985-03-28,0.18162213265895844,0.1875773491810934,0.18162213265895844,0.18162213265895844,96000
1985-03-29,0.18162217799255131,0.18460017316681387,0.17864495515823364,0.17864495515823364,144000
1985-04-01,0.1786448793871058,0.1786448793871058,0.17269043624401093,0.17269043624401093,838400
1985-04-02,0.16673527733488935,0.16673527733488935,0.16078083217144012,0.16078083217144012,384000
1985-04-03,0.16078083217144012,0.16375805475316474,0.16078083217144012,0.16078083217144012,835200
1985-04-04,0.15184846635130347,0.15184846635130347,0.14589324593544006,0.14589324593544006,1017600
1985-04-08,0.14589324593544006,0.14589324593544006,0.14589324593544006,0.14589324593544006,0
1985-04-09,0.14589323259565035,0.14589323259565035,0.1429160088300705,0.1429160088300705,416000
1985-04-10,0.14291599520647427,0.1458932186882476,0.13993877172470093,0.13993877172470093,1862400
1985-04-11,0.15482565760612488,0.16078087676102262,0.15482565760612488,0.15482565760612488,1139200
1985-04-12,0.16971246898174286,0.1786449074386079,0.16971246898174286,0.16971246898174286,512000
1985-04-15,0.16971246881362742,0.1726904631894582,0.16673524677753448,0.16673524677753448,761600
1985-04-16,0.17269043624401093,0.17566765781555838,0.17269043624401093,0.17269043624401093,1414400
1985-04-17,0.1756676733493805,0.18162211701901088,0.1756676733493805,0.1756676733493805,816000
1985-04-18,0.1756676733493805,0.18162211701901088,0.1756676733493805,0.1756676733493805,332800
1985-04-19,0.1756676733493805,0.18162211701901088,0.1756676733493805,0.1756676733493805,89600
1985-04-22,0.18460020422935486,0.18757742756464774,0.18460020422935486,0.18460020422935486,6096000
1985-04-23,0.18757738173007965,0.19650982189338967,0.18757738173007965,0.18757738173007965,364800
1985-04-24,0.2024642527103424,0.2084194698423269,0.2024642527103424,0.2024642527103424,691200
1985-04-25,0.21437394618988037,0.2203291641984606,0.21437394618988037,0.21437394618988037,2662400
1985-04-26,0.2143738827916468,0.21735111610342756,0.21139664947986606,0.21139664947986603,1532800
1985-04-29,0.21139665281976314,0.21437388617858177,0.20841944217681885,0.20841944217681885,1600000
1985-04-30,0.20841947324226076,0.21437391813154855,0.20544148981571198,0.20544148981571198,393600
1985-05-01,0.20544148981571198,0.20841947324226076,0.20544148981571198,0.20544148981571198,400000
1985-05-02,0.20544148981571198,0.21139668432896577,0.20544148981571198,0.20544148981571198,540800
1985-05-03,0.20841944217681885,0.21437388617858177,0.20841944217681885,0.20841944217681885,368000
1985-05-06,0.20841944217681885,0.21437388617858177,0.20841944217681885,0.20841944217681885,329600
1985-05-07,0.20841944217681885,0.21437388617858177,0.20841944217681885,0.20841944217681885,208000
1985-05-08,0.20841944217681885,0.21437388617858177,0.20841944217681885,0.20841944217681885,387200
1985-05-09,0.20841944217681885,0.21735111953740044,0.20841944217681885,0.20841944217681885,1993600
1985-05-10,0.20841944217681885,0.21735111953740044,0.20841944217681885,0.20841944217681885,435200
1985-05-13,0.21139664947986606,0.21735111610342756,0.21139664947986606,0.21139664947986603,137600
1985-05-14,0.21139664947986606,0.2143738827916468,0.21139664947986606,0.21139664947986603,150400
1985-05-15,0.21139665281976314,0.21437388617858177,0.20841944217681885,0.20841944217681885,675200
1985-05-16,0.20841944217681885,0.21437388617858177,0.20841944217681885,0.20841944217681885,163200
1985-05-17,0.20841944217681885,0.21437388617858177,0.20841944217681885,0.20841944217681885,387200
1985-05-20,0.21139664947986606,0.21735111610342756,0.21139664947986606,0.21139664947986603,425600
1985-05-21,0.22926089167594912,0.23223887611078708,0.22926089167594912,0.2292608916759491,2787200
1985-05-22,0.23223876953125,0.23521598025967444,0.23223876953125,0.23223876953125,1788800
1985-05-23,0.2411705106496811,0.24712570601431372,0.2411705106496811,0.2411705106496811,1129600
1985-05-24,0.24712567031383514,0.2530801379100762,0.24712567031383514,0.24712567031383514,1433600
1985-05-28,0.24712570601431372,0.24712570601431372,0.2411705106496811,0.2411705106496811,723200
1985-05-29,0.2411705106496811,0.24712570601431372,0.2411705106496811,0.2411705106496811,233600
1985-05-30,0.24414841830730438,0.25010286218958067,0.24414841830730438,0.24414841830730438,384000
1985-05-31,0.24414841830730438,0.25010286218958067,0.24414841830730438,0.24414841830730438,412800
1985-06-03,0.2560581564903259,0.26498983639517754,0.2560581564903259,0.2560581564903259,2524800
1985-06-04,0.26498979330062866,0.26796777664730626,0.26498979330062866,0.26498979330062866,1529600
1985-06-05,0.27094507217407227,0.27987752575264574,0.27094507217407227,0.27094507217407227,1433600
1985-06-06,0.2679676969885556,0.2679676969885556,0.2620124816894531,0.2620124816894531,1891200
1985-06-07,0.2620124816894531,0.2679676969885556,0.2620124816894531,0.2620124816894531,1001600
1985-06-10,0.27094507217407227,0.2768995414770014,0.27094507217407227,0.27094507217407227,1088000
1985-06-11,0.2709449876541607,0.2709449876541607,0.26498979330062866,0.26498979330062866,857600
1985-06-12,0.276899516582489,0.28285471225831477,0.276899516582489,0.276899516582489,515200
1985-06-13,0.276899516582489,0.28285471225831477,0.276899516582489,0.276899516582489,1315200
1985-06-14,0.276899516582489,0.2798775005903992,0.276899516582489,0.276899516582489,617600
1985-06-17,0.2768994987682163,0.2798774825845385,0.27392226457595825,0.27392226457595825,512000
1985-06-18,0.27094490711037494,0.27094490711037494,0.2620124816894531,0.2620124816894531,969600
1985-06-19,0.2620126130245775,0.2649898473546207,0.2590353786945343,0.2590353786945343,252800
1985-06-20,0.25308014125669487,0.25308014125669487,0.2501029074192047,0.2501029074192047,649600
1985-06-21,0.2560581564903259,0.2590353679813559,0.2560581564903259,0.2560581564903259,428800
1985-06-24,0.2560581247181598,0.2560581247181598,0.2501029074192047,0.2501029074192047,236800
1985-06-25,0.25308021903038025,0.25605820340700497,0.25308021903038025,0.25308021903038025,198400
1985-06-26,0.2560581564903259,0.2620126021882667,0.2560581564903259,0.2560581564903259,515200
1985-06-27,0.2590353786945343,0.2649898473546207,0.2590353786945343,0.2590353786945343,198400
1985-06-28,0.2679678797721863,0.2739223267932845,0.2679678797721863,0.2679678797721863,259200
1985-07-01,0.2679676969885556,0.27094490711037494,0.2620124816894531,0.2620124816894531,140800
1985-07-02,0.27094507217407227,0.2768995414770014,0.27094507217407227,0.27094507217407227,732800
1985-07-03,0.2709449876541607,0.27392222137689237,0.26498979330062866,0.26498979330062866,444800
1985-07-05,0.2649897145271428,0.2679676969885556,0.2620124816894531,0.2620124816894531,92800
1985-07-08,0.2620126021882667,0.2620126021882667,0.2560581564903259,0.2560581564903259,396800
1985-07-09,0.25605820340700497,0.2590354154435394,0.25308021903038025,0.25308021903038025,256000
1985-07-10,0.25308014125669487,0.2560581247181598,0.2501029074192047,0.2501029074192047,217600
1985-07-11,0.2590353786945343,0.2679678313087628,0.2590353786945343,0.2590353786945343,326400
1985-07-12,0.26498979330062866,0.2709449876541607,0.26498979330062866,0.26498979330062866,963200
1985-07-15,0.26498979330062866,0.27392222137689237,0.26498979330062866,0.26498979330062866,617600
1985-07-16,0.27094507217407227,0.2768995414770014,0.27094507217407227,0.27094507217407227,716800
1985-07-17,0.276899516582489,0.2858319466421126,0.276899516582489,0.276899516582489,755200
1985-07-18,0.276899516582489,0.28285471225831477,0.276899516582489,0.276899516582489,432000
1985-07-19,0.2828546464443207,0.288809113826444,0.2828546464443207,0.2828546464443207,988800
1985-07-22,0.285832017660141,0.28880925278366476,0.285832017660141,0.285832017660141,726400
1985-07-23,0.28583199041294854,0.28583199041294854,0.27987754344940186,0.27987754344940186,1020800
1985-07-24,0.2798775005903992,0.2858319466421126,0.276899516582489,0.276899516582489,467200
1985-07-25,0.27987754344940186,0.28583199041294854,0.27987754344940186,0.27987754344940186,355200
1985-07-26,0.27987754344940186,0.28583199041294854,0.27987754344940186,0.27987754344940186,252800
1985-07-29,0.2798775005903992,0.28285471225831477,0.276899516582489,0.276899516582489,566400
1985-07-30,0.276899516582489,0.28285471225831477,0.276899516582489,0.276899516582489,355200
1985-07-31,0.276899516582489,0.28285471225831477,0.276899516582489,0.276899516582489,262400
1985-08-01,0.276899516582489,0.28285471225831477,0.276899516582489,0.276899516582489,409600
1985-08-02,0.276899516582489,0.28285471225831477,0.276899516582489,0.276899516582489,179200
1985-08-05,0.2768994987682163,0.2798774825845385,0.27392226457595825,0.27392226457595825,252800
1985-08-06,0.2739223267932845,0.2739223267932845,0.2679678797721863,0.2679678797721863,342400
1985-08-07,0.24117044714827338,0.24117044714827338,0.23223876953125,0.23223876953125,1219200
1985-08-08,0.23521597683429718,0.2411704436361831,0.23521597683429718,0.23521597683429718,665600
1985-08-09,0.23521597683429718,0.2411704436361831,0.23521597683429718,0.23521597683429718,438400
1985-08-12,0.23521597683429718,0.24414842666099093,0.23521597683429718,0.23521597683429718,268800
1985-08-13,0.23223875140906397,0.23223875140906397,0.22628353536128998,0.22628353536128998,764800
1985-08-14,0.23223876953125,0.23521598025967444,0.23223876953125,0.23223876953125,259200
1985-08-15,0.23223887611078708,0.23521608820551976,0.22926089167594912,0.2292608916759491,124800
1985-08-16,0.22926089167594912,0.23521608820551976,0.22926089167594912,0.2292608916759491,105600
1985-08-19,0.22330631654202907,0.22330631654202907,0.22032910585403442,0.22032910585403442,1139200
1985-08-20,0.22032910585403442,0.22628354994589842,0.22032910585403442,0.22032910585403442,1529600
1985-08-21,0.25308021903038025,0.2590354154435394,0.25308021903038025,0.25308021903038025,1056000
1985-08-22,0.25308021903038025,0.2590354154435394,0.25308021903038025,0.25308021903038025,662400
1985-08-23,0.25308014125669487,0.2560581247181598,0.2501029074192047,0.2501029074192047,368000
1985-08-26,0.2501029074192047,0.2560581247181598,0.2501029074192047,0.2501029074192047,812800
1985-08-27,0.2501029074192047,0.25308014125669487,0.2501029074192047,0.2501029074192047,1225600
1985-08-28,0.2501029041119557,0.2530801379100762,0.24712567031383514,0.24712567031383514,1104000
1985-08-29,0.24712567031383514,0.2530801379100762,0.24712567031383514,0.24712567031383514,915200
1985-08-30,0.2501029074192047,0.25308014125669487,0.2501029074192047,0.2501029074192047,64000
1985-09-03,0.25010294024253393,0.25010294024253393,0.2411705106496811,0.2411705106496811,880000
1985-09-04,0.2411704436361831,0.24414842666099093,0.23521597683429718,0.23521597683429718,860800
1985-09-05,0.23521597683429718,0.23819321023524015,0.22926078312442108,0.23521597683429718,524800
1985-09-06,0.23521593634769716,0.23819316923618317,0.22926074366286003,0.23819316923618317,793600
1985-09-09,0.23819321023524015,0.23819321023524015,0.22926078312442108,0.23521597683429718,278400
1985-09-10,0.23521598025967444,0.23521598025967444,0.22926078646307468,0.23223876953125,156800
1985-09-11,0.23223875140906397,0.23223875140906397,0.22628353536128998,0.22628353536128998,176000
1985-09-12,0.2262835429467383,0.2262835429467383,0.2024642226365553,0.21139664947986603,1424000
1985-09-13,0.21139665281976314,0.21437388617858177,0.20841944217681885,0.20841944217681885,1955200
1985-09-16,0.20841944217681885,0.21437388617858177,0.20841944217681885,0.20841944217681885,272000
1985-09-17,0.21437397845718464,0.22330640928664053,0.21437397845718464,0.21735121309757233,1795200
1985-09-18,0.21735125006557937,0.22926091756106887,0.21735125006557937,0.22330644726753235,361600
1985-09-19,0.22330644726753235,0.22926091756106887,0.22032923483665212,0.22330644726753235,1446400
1985-09-20,0.22330640928664053,0.22330640928664053,0.21139674381679696,0.21735121309757233,1280000
1985-09-23,0.21437394618988037,0.21437394618988037,0.19055461883544922,0.21437394618988037,3734400
1985-09-24,0.2143739146344802,0.22330634280460265,0.2024642527103424,0.2024642527103424,1504000
1985-09-25,0.20246417369120703,0.2084193884989486,0.19353174900729384,0.19948694109916687,1097600
1985-09-26,0.19948694109916687,0.20246417369120703,0.19353174900729384,0.19948694109916687,752000
1985-09-30,0.19948708188795172,0.19948708188795172,0.18460020422935486,0.18460020422935486,1606400
1985-10-01,0.18460016173202415,0.1935318410396576,0.18460016173202415,0.1935318410396576,1635200
1985-10-02,0.1935318383036351,0.1935318383036351,0.18757738173007965,0.18757738173007965,764800
1985-10-03,0.1905545654920727,0.20841944217681885,0.1905545654920727,0.20841944217681885,2150400
1985-10-04,0.20841953189229342,0.220329197362137,0.20841953189229342,0.21735121309757233,2419200
1985-10-07,0.21735125006557937,0.2262836824143006,0.21735125006557937,0.22330644726753235,780800
1985-10-08,0.22330631654202907,0.22330631654202907,0.21139665601856072,0.22032910585403442,1142400
1985-10-09,0.22032920995998018,0.23223887611078708,0.2143739907145241,0.2292608916759491,1708800
1985-10-10,0.23223883068090145,0.24712570601431372,0.23223883068090145,0.2411705106496811,2864000
1985-10-11,0.2411705106496811,0.2441484945019745,0.23521604219324066,0.2411705106496811,569600
1985-10-14,0.24117055311238214,0.25308021903038025,0.23819331835996266,0.25308021903038025,419200
1985-10-15,0.25308017447075415,0.2590353698353868,0.2411705106496811,0.2411705106496811,2118400
1985-10-16,0.2411704758095069,0.2501029041119557,0.23819324201138636,0.24712567031383514,1926400
1985-10-17,0.24712567031383514,0.2501029041119557,0.24712567031383514,0.24712567031383514,1948800
1985-10-18,0.24712567031383514,0.2530801379100762,0.2411704758095069,0.24712567031383514,3267200
1985-10-21,0.24712570601431372,0.24712570601431372,0.2411705106496811,0.2411705106496811,150400
1985-10-22,0.2411704758095069,0.24712567031383514,0.2411704758095069,0.24712567031383514,1244800
1985-10-23,0.24712570601431372,0.24712570601431372,0.2411705106496811,0.2411705106496811,1190400
1985-10-24,0.24117043538439,0.24712562889050557,0.23819320208531491,0.24414841830730438,812800
1985-10-25,0.24414841830730438,0.24414841830730438,0.23819320208531491,0.24414841830730438,153600
1985-10-28,0.24414841830730438,0.24414841830730438,0.23819320208531491,0.24414841830730438,294400
1985-10-29,0.24414841830730438,0.24414841830730438,0.23819320208531491,0.24414841830730438,396800
1985-10-30,0.24414841830730438,0.24414841830730438,0.24117043538439,0.24414841830730438,387200
1985-10-31,0.24414854226159396,0.24414854226159396,0.22926089167594912,0.2292608916759491,736000
1985-11-01,0.22926078312442108,0.23521597683429718,0.22926078312442108,0.23521597683429718,646400
1985-11-04,0.23521597683429718,0.2411704436361831,0.23521597683429718,0.23521597683429718,278400
1985-11-05,0.23521608820551976,0.23819332301613788,0.22926089167594912,0.2292608916759491,3846400
1985-11-06,0.22926078646307468,0.23223876953125,0.22926078646307468,0.23223876953125,1782400
1985-11-07,0.2292607685732683,0.2292607685732683,0.2203290916532066,0.22628353536128998,2124800
1985-11-08,0.22628365686533097,0.23223887611078708,0.22330642205471285,0.2292608916759491,569600
1985-11-11,0.22926078312442108,0.23521597683429718,0.22926078312442108,0.23521597683429718,1126400
1985-11-12,0.23521597683429718,0.23819321023524015,0.23223876614922895,0.23521597683429718,1225600
1985-11-13,0.23521596190516902,0.23819319511714734,0.22628353536128998,0.22628353536128998,224000
1985-11-14,0.2262835530187752,0.23223876953125,0.2262835530187752,0.23223876953125,864000
1985-11-15,0.23223876953125,0.23223876953125,0.2262835530187752,0.23223876953125,323200
1985-11-18,0.23223876953125,0.23223876953125,0.2262835530187752,0.23223876953125,1878400
1985-11-19,0.23223887611078708,0.23223887611078708,0.22628365686533097,0.2292608916759491,272000
1985-11-20,0.22926078646307468,0.23223876953125,0.22330631957447575,0.23223876953125,246400
1985-11-21,0.23223876953125,0.23223876953125,0.22926078646307468,0.23223876953125,547200
1985-11-22,0.23223875140906397,0.23223875140906397,0.2143738756054326,0.22628353536128998,1392000
1985-11-25,0.2262836824143006,0.22926091756106887,0.22032923483665212,0.22330644726753235,320000
1985-11-26,0.22330631632253517,0.23521597683429718,0.22032910563746694,0.23521597683429718,832000
1985-11-27,0.23521593634769716,0.2411704021246692,0.23223872617508193,0.23819316923618317,1420800
1985-11-29,0.23819316923618317,0.2411704021246692,0.23223872617508193,0.23819316923618317,211200
1985-12-02,0.2381932137039739,0.2381932137039739,0.22926078646307468,0.23223876953125,400000
1985-12-03,0.23223875140906397,0.23223875140906397,0.22628353536128998,0.22628353536128998,57600
1985-12-04,0.2262835530187752,0.23223876953125,0.2262835530187752,0.23223876953125,323200
1985-12-05,0.23223887611078708,0.23223887611078708,0.22628365686533097,0.2292608916759491,128000
1985-12-06,0.22926089167594912,0.22926089167594912,0.22330642205471285,0.2292608916759491,409600
1985-12-09,0.22628364392702824,0.22628364392702824,0.21735121309757233,0.21735121309757233,387200
1985-12-10,0.21735121309757233,0.22330640928664053,0.21735121309757233,0.21735121309757233,320000
1985-12-11,0.21735125006557937,0.22330644726753235,0.21735125006557937,0.22330644726753235,425600
1985-12-12,0.22330642205471285,0.22926089167594912,0.22032920995998018,0.2292608916759491,646400
1985-12-13,0.22926089167594912,0.22926089167594912,0.22628365686533097,0.2292608916759491,227200
1985-12-16,0.22926078646307468,0.23521598025967444,0.2262835530187752,0.23223876953125,515200
1985-12-17,0.23223872617508193,0.23819316923618317,0.23223872617508193,0.23819316923618317,921600
1985-12-18,0.23819316923618317,0.2411704021246692,0.226283510774374,0.23819316923618317,20620800
1985-12-19,0.2381932137039739,0.24117044714827338,0.2262835530187752,0.23223876953125,1440000
1985-12-20,0.23223875140906397,0.23223875140906397,0.22628353536128998,0.22628353536128998,220800
1985-12-23,0.2262835530187752,0.23223876953125,0.2262835530187752,0.23223876953125,2038400
1985-12-24,0.23223876614922895,0.23521597683429718,0.23223876614922895,0.23521597683429718,307200
1985-12-26,0.23521593634769716,0.23819316923618317,0.23223872617508193,0.23819316923618317,915200
1985-12-27,0.23819316923618317,0.2411704021246692,0.23819316923618317,0.23819316923618317,601600
1985-12-30,0.23819320208531491,0.24414841830730438,0.23819320208531491,0.24414841830730438,934400
1985-12-31,0.24414841830730438,0.24712562889050557,0.24117043538439,0.24414841830730438,1312000
1986-01-02,0.24414842666099093,0.24414842666099093,0.23521597683429718,0.23521597683429718,2140800
1986-01-03,0.23521598025967444,0.23521598025967444,0.22926078646307468,0.23223876953125,1276800
1986-01-06,0.23223872617508193,0.23819316923618317,0.226283510774374,0.23819316923618317,1276800
1986-01-07,0.23819331835996266,0.25308021903038025,0.23223887157100867,0.25308021903038025,2992000
1986-01-08,0.25308021903038025,0.25308021903038025,0.2441485374890068,0.25308021903038025,1507200
1986-01-09,0.2501029041119557,0.2501029041119557,0.24414845923159234,0.24712567031383514,678400
1986-01-10,0.24712567031383514,0.2530801379100762,0.24712567031383514,0.24712567031383514,566400
1986-01-13,0.24712567358171456,0.25308014125669487,0.24117047899863747,0.2501029074192047,1049600
1986-01-14,0.2501029041119557,0.2530801379100762,0.24712567031383514,0.24712567031383514,1174400
1986-01-15,0.24712574114576472,0.2739223068255368,0.24712574114576472,0.27094507217407227,54211200
1986-01-16,0.2709449876541607,0.2709449876541607,0.2590353258551654,0.26498979330062866,9974400
1986-01-17,0.26498979330062866,0.2709449876541607,0.26201255957789704,0.26498979330062866,9510400
1986-01-20,0.2649898759628476,0.2739223068255368,0.262012641311383,0.27094507217407227,5548800
1986-01-21,0.27094509192479244,0.279877546154503,0.2649898952794598,0.2679678797721863,5731200
1986-01-22,0.26796777664730626,0.27392222137689237,0.26498979330062866,0.26498979330062866,3977600
1986-01-23,0.2649897145271428,0.2768993727857543,0.2620124816894531,0.2620124816894531,9331200
1986-01-24,0.26201266041096777,0.2679678797721863,0.26201266041096777,0.2679678797721863,1430400
1986-01-27,0.2679678797721863,0.27094509192479244,0.2649898952794598,0.2679678797721863,11043200
1986-01-28,0.2679678797721863,0.27094509192479244,0.26201266041096777,0.2679678797721863,3155200
1986-01-29,0.2679678189073229,0.2798774825845385,0.2679678189073229,0.27392226457595825,6854400
1986-01-30,0.2739223502576351,0.285832017660141,0.2739223502576351,0.285832017660141,6502400
1986-01-31,0.28583184529163363,0.3096511657326031,0.2798774013512516,0.30369672179222107,10428800
1986-02-03,0.3036968683974456,0.30965131521224976,0.3007188840078925,0.30965131521224976,23609600
1986-02-04,0.30965131521224976,0.3126285499775944,0.3036968683974456,0.30965131521224976,8928000
1986-02-05,0.309651332289244,0.3126285672187805,0.3066740973597075,0.3126285672187805,4784000
1986-02-06,0.31262840598088,0.3394257099669927,0.30965117258684977,0.33347049355506897,2729600
1986-02-07,0.3334704146333081,0.3394256296358233,0.31858352427841813,0.33049318194389343,4841600
1986-02-10,0.33049318194389343,0.3334704146333081,0.3245379896572475,0.33049318194389343,2310400
1986-02-11,0.33049328989498505,0.33049328989498505,0.3275160789489746,0.3275160789489746,1584000
1986-02-12,0.32751606504376696,0.3304932758633753,0.3215608483489001,0.32453808188438416,1420800
1986-02-13,0.32453812339882565,0.3304933181395966,0.3126284608253998,0.32156088948249817,4384000
1986-02-14,0.32156088948249817,0.3275161069391478,0.31858365556617074,0.32156088948249817,777600
1986-02-18,0.32156086200126965,0.33049328989498505,0.32156086200126965,0.3275160789489746,2156800
1986-02-19,0.3275160789489746,0.33049328989498505,0.32453809566315683,0.3275160789489746,1312000
1986-02-20,0.327516057703811,0.327516057703811,0.3156063969207589,0.318583607673645,2432000
1986-02-21,0.318583746416607,0.318583746416607,0.3036968683974456,0.30965131521224976,4614400
1986-02-24,0.30965123689363305,0.30965123689363305,0.29476433992385864,0.29476433992385864,1126400
1986-02-25,0.2947642583508153,0.3007187247276306,0.2947642583508153,0.3007187247276306,1881600
1986-02-26,0.30071890059227113,0.3126285672187805,0.29774166566273463,0.3126285672187805,3078400
1986-02-27,0.31560638899877347,0.33644772694909925,0.31560638899877347,0.33347049355506897,5212800
1986-02-28,0.3334704146333081,0.3394256296358233,0.327515971970348,0.33049318194389343,2265600
1986-03-03,0.3304932601610387,0.33347049355506897,0.3304932601610387,0.33347049355506897,2022400
1986-03-04,0.33347050939885936,0.33347050939885936,0.32453808188438416,0.32453808188438416,1088000
1986-03-05,0.32156088948249817,0.32156088948249817,0.3156064443657219,0.32156088948249817,736000
1986-03-06,0.3215608483489001,0.32751606504376696,0.318583614813416,0.32453808188438416,3126400
1986-03-07,0.32453808188438416,0.3304932758633753,0.3215608483489001,0.32453808188438416,2012800
1986-03-10,0.32453808188438416,0.32751606504376696,0.3215608483489001,0.32453808188438416,988800
1986-03-11,0.32453809566315683,0.3275160789489746,0.32156086200126965,0.3275160789489746,944000
1986-03-12,0.327515971970348,0.33049318194389343,0.3245379896572475,0.33049318194389343,2320000
1986-03-13,0.3304932758633753,0.3304932758633753,0.32453808188438416,0.32453808188438416,1779200
1986-03-14,0.3275161097527732,0.3394257724285126,0.3275161097527732,0.3394257724285126,2953600
1986-03-17,0.3394256686120167,0.3394256686120167,0.33347045292566513,0.33644768595695496,528000
1986-03-18,0.33644768595695496,0.3394256686120167,0.33049321989437525,0.33644768595695496,524800
1986-03-19,0.33644772694909925,0.33644772694909925,0.33347049355506897,0.33347049355506897,195200
1986-03-20,0.3334705549207029,0.3394257724285126,0.3334705549207029,0.3394257724285126,457600
1986-03-21,0.33942576159780447,0.36026710271835327,0.33644777812692334,0.36026710271835327,6156800
1986-03-24,0.3602672026712929,0.37217686827123897,0.3572899679983816,0.36919963359832764,7145600
1986-03-25,0.36919955603458754,0.37217679008202303,0.3632451106555962,0.3662223219871521,1481600
1986-03-26,0.3662222973202603,0.36919953116716425,0.35431263502454535,0.36026710271835327,1657600
1986-03-27,0.36026710271835327,0.36324508618923446,0.3572898688714493,0.36026710271835327,1692800
1986-03-31,0.3602671445087253,0.3602671445087253,0.3572899103164673,0.3572899103164673,2332800
1986-04-01,0.3572899103164673,0.3602671445087253,0.3572899103164673,0.3572899103164673,2032000
1986-04-02,0.3572899103164673,0.3632451283250475,0.3572899103164673,0.3572899103164673,2636800
1986-04-03,0.3572898822422967,0.3691995449837066,0.3572898822422967,0.3632450997829437,1216000
1986-04-04,0.36324510068904137,0.3751547634601593,0.36324510068904137,0.3751547634601593,2700800
1986-04-07,0.37217686827123897,0.37217686827123897,0.3662223989254163,0.36919963359832764,1292800
1986-04-08,0.36919961479686114,0.37813204526901245,0.3662223802755653,0.37813204526901245,1158400
1986-04-09,0.37813214269471457,0.37813214269471457,0.3721769452095032,0.3721769452095032,316800
1986-04-10,0.37217676501406827,0.3781319596159753,0.36026710271835327,0.36026710271835327,819200
1986-04-11,0.3602671162006176,0.3632450997829437,0.3572898822422967,0.3632450997829437,1641600
1986-04-14,0.3632450997829437,0.3632450997829437,0.3572898822422967,0.3632450997829437,393600
1986-04-15,0.36324508618923446,0.36324508618923446,0.36026710271835327,0.36026710271835327,502400
1986-04-16,0.3602671162006176,0.3632450997829437,0.35133543704153386,0.3632450997829437,7270400
1986-04-17,0.3632451869683894,0.36919963359832764,0.3602672026712929,0.36919963359832764,1132800
1986-04-18,0.36919963359832764,0.36919963359832764,0.3662223989254163,0.36919963359832764,1216000
1986-04-21,0.36919955603458754,0.36919955603458754,0.3662223219871521,0.3662223219871521,537600
1986-04-22,0.36919970992112305,0.37813214269471457,0.36919970992112305,0.3721769452095032,844800
1986-04-23,0.37217679008202303,0.37515477375348616,0.3632451106555962,0.3662223219871521,492800
1986-04-24,0.36622231102538566,0.36622231102538566,0.3632450997829437,0.3632450997829437,281600
1986-04-25,0.36324508618923446,0.3662222973202603,0.36026710271835327,0.36026710271835327,531200
1986-04-28,0.3602671629320333,0.36324514690064336,0.3453802643012749,0.34835749864578247,739200
1986-04-29,0.348357418774362,0.348357418774362,0.32156086200126965,0.3275160789489746,1756800
1986-04-30,0.3275160095789572,0.33644768595695496,0.3245380269238955,0.33644768595695496,892800
1986-05-01,0.3364477572187594,0.3364477572187594,0.32156086200126965,0.3275160789489746,716800
1986-05-02,0.3275161069391478,0.3304933181395966,0.31858365556617074,0.32156088948249817,1798400
1986-05-05,0.32156088948249817,0.32156088948249817,0.3156064443657219,0.32156088948249817,492800
1986-05-06,0.3156065343671475,0.3156065343671475,0.3036968683974456,0.30965131521224976,1913600
1986-05-07,0.3096513201988031,0.3096513201988031,0.279877540965125,0.29178720712661743,3184000
1986-05-08,0.29178706157173634,0.30369672179222107,0.2888090786197617,0.30369672179222107,1792000
1986-05-09,0.3036967075398497,0.3036967075398497,0.3007187247276306,0.3007187247276306,2192000
1986-05-12,0.3007188378779054,0.3066740334033966,0.3007188378779054,0.3066740334033966,1769600
1986-05-13,0.3066740334033966,0.3066740334033966,0.3007188378779054,0.3066740334033966,467200
1986-05-14,0.3066740973597075,0.3156065517725668,0.3066740973597075,0.3126285672187805,2300800
1986-05-15,0.312628502020676,0.312628502020676,0.3066740334033966,0.3066740334033966,633600
1986-05-16,0.306673993681056,0.3156064450740814,0.306673993681056,0.3156064450740814,3865600
1986-05-19,0.3156064450740814,0.3156064450740814,0.3096512276040657,0.3156064450740814,748800
1986-05-20,0.31560640399380774,0.32453808188438416,0.3126284208344249,0.32453808188438416,3424000
1986-05-21,0.3245380746111677,0.3245380746111677,0.3126284138281156,0.318583607673645,985600
1986-05-22,0.318583746416607,0.318583746416607,0.30667408044690514,0.30965131521224976,947200
1986-05-23,0.3096512276040657,0.3156064450740814,0.306673993681056,0.3156064450740814,921600
1986-05-27,0.3156065343671475,0.3215609811819517,0.30965131521224976,0.30965131521224976,2067200
1986-05-28,0.31858365556617074,0.3275161069391478,0.31858365556617074,0.32156088948249817,3027200
1986-05-29,0.3215607569678328,0.33049318194389343,0.3215607569678328,0.33049318194389343,4307200
1986-05-30,0.33049332097879863,0.3483574515383466,0.3245381261868678,0.3394257724285126,1504000
1986-06-02,0.33942581285442935,0.3602671571222254,0.33942581285442935,0.34240302443504333,3497600
1986-06-03,0.34240293691333457,0.34240293691333457,0.32453808188438416,0.32453808188438416,611200
1986-06-04,0.3245380746111677,0.33049326845669713,0.3126284138281156,0.318583607673645,1747200
1986-06-05,0.3126285672187805,0.3126285672187805,0.3066740973597075,0.3126285672187805,1331200
1986-06-06,0.3126285672187805,0.3185837639862169,0.3066740973597075,0.3126285672187805,7292800
1986-06-09,0.3096511936187744,0.3096511936187744,0.29476429872949667,0.29774153232574463,2124800
1986-06-10,0.2977416540373107,0.3007188888506,0.2888092226891076,0.29178720712661743,2176000
1986-06-11,0.2917872024277437,0.3126285499775944,0.2917872024277437,0.30965131521224976,3248000
1986-06-12,0.3096512276040657,0.31858365628121244,0.3096512276040657,0.3156064450740814,3811200
1986-06-13,0.3156064443657219,0.32453812339882565,0.3156064443657219,0.32156088948249817,755200
1986-06-16,0.3215609989157534,0.3245382338452899,0.309651332289244,0.3126285672187805,2323200
1986-06-17,0.3126285875886765,0.3126285875886765,0.285832017660141,0.285832017660141,2803200
1986-06-18,0.28583199041294854,0.2888092252526647,0.2709450893060262,0.27987754344940186,3692800
1986-06-19,0.2798775701289813,0.285832017660141,0.2798775701289813,0.285832017660141,1891200
1986-06-20,0.2858317689132023,0.28880900144577026,0.2828545363806343,0.28880900144577026,1766400
1986-06-23,0.28880925278366476,0.28880925278366476,0.2798775701289813,0.285832017660141,998400
1986-06-24,0.285832017660141,0.28880925278366476,0.285832017660141,0.285832017660141,675200
1986-06-25,0.28583184529163363,0.3096511657326031,0.28583184529163363,0.30369672179222107,5251200
1986-06-26,0.30369672179222107,0.306673932404475,0.29774150551211837,0.30369672179222107,1206400
1986-06-27,0.30369682181063856,0.3066740334033966,0.3007188378779054,0.3066740334033966,636800
1986-06-30,0.30667391801238425,0.30667391801238425,0.29774149153922297,0.3007187247276306,640000
1986-07-01,0.30369678247392506,0.31858365628121244,0.30369678247392506,0.3156064450740814,2480000
1986-07-02,0.31560641739337203,0.3364477572187594,0.31560641739337203,0.3275160789489746,4230400
1986-07-03,0.327515971970348,0.3334704146333081,0.327515971970348,0.33049318194389343,326400
1986-07-07,0.3304933188813688,0.3334705528043785,0.3156064450740814,0.3156064450740814,1929600
1986-07-08,0.3156065343671475,0.3156065343671475,0.30667408044690514,0.30965131521224976,928000
1986-07-09,0.3096511657326031,0.3156063820127058,0.30369672179222107,0.30369672179222107,2217600
1986-07-10,0.30369672179222107,0.3096511657326031,0.30369672179222107,0.30369672179222107,1670400
1986-07-11,0.30369672179222107,0.3096511657326031,0.30369672179222107,0.30369672179222107,995200
1986-07-14,0.3036968851460574,0.3126285672187805,0.3036968851460574,0.3126285672187805,3200000
1986-07-15,0.30667408810764474,0.30667408810764474,0.27392232414574236,0.27987754344940186,2681600
1986-07-16,0.27987743546913596,0.2858318801353823,0.27689945215413636,0.2828546464443207,2480000
1986-07-17,0.2828545986892464,0.30667391801238425,0.2828545986892464,0.3007187247276306,1680000
1986-07-18,0.3007188888506,0.3007188888506,0.29178720712661743,0.29178720712661743,601600
1986-07-21,0.2947642583508153,0.3007187247276306,0.2947642583508153,0.3007187247276306,451200
1986-07-22,0.3007187247276306,0.3036967075398497,0.29774149153922297,0.3007187247276306,1888000
1986-07-23,0.3007187659219926,0.3007187659219926,0.29774153232574463,0.29774153232574463,1203200
1986-07-24,0.2977415418076899,0.30071877549875153,0.2828546464443207,0.2828546464443207,1452800
1986-07-25,0.2828545363806343,0.28880900144577026,0.2798773265639344,0.28880900144577026,684800
1986-07-28,0.28880900144577026,0.28880900144577026,0.2798773265639344,0.28880900144577026,1174400
1986-07-29,0.28880920699115514,0.28880920699115514,0.2649898759628476,0.27094507217407227,2928000
1986-07-30,0.27094507217407227,0.2739223068255368,0.26796786023849195,0.27094507217407227,300800
1986-07-31,0.27094509192479244,0.2739223267932845,0.2649898952794598,0.2679678797721863,297600
1986-08-01,0.26796777664730626,0.26796777664730626,0.2560581148483109,0.26498979330062866,521600
1986-08-04,0.2560581247181598,0.2560581247181598,0.24414846246010244,0.2501029074192047,1388800
1986-08-05,0.25010282769799236,0.25308006058647836,0.23223872617508193,0.23819316923618317,1382400
1986-08-06,0.23819321046936676,0.23819321046936676,0.21735112282629943,0.22032910585403442,4310400
1986-08-07,0.22032906771327276,0.23819316923618317,0.22032906771327276,0.23819316923618317,3500800
1986-08-08,0.23819316923618317,0.23819316923618317,0.23223872617508193,0.23819316923618317,1212800
1986-08-11,0.23819321023524015,0.23819321023524015,0.22926078312442108,0.23521597683429718,1702400
1986-08-12,0.23521598025967444,0.23521598025967444,0.22926078646307468,0.23223876953125,1628800
1986-08-13,0.23223883068090145,0.25010294024253393,0.22628361260038782,0.2411705106496811,5260800
1986-08-14,0.2501028234308416,0.2649897145271428,0.2501028234308416,0.2620124816894531,6364800
1986-08-15,0.2620126130245775,0.2620126130245775,0.2560581670803729,0.2590353786945343,1888000
1986-08-18,0.2649898759628476,0.27094507217407227,0.2649898759628476,0.27094507217407227,1145600
1986-08-19,0.2709449876541607,0.2709449876541607,0.26498979330062866,0.26498979330062866,1491200
1986-08-20,0.2649897145271428,0.27094490711037494,0.2501028234308416,0.2620124816894531,1756800
1986-08-21,0.2620126130245775,0.2620126130245775,0.2590353786945343,0.2590353786945343,4278400
1986-08-22,0.25903533241440446,0.25903533241440446,0.23819324201138636,0.24712567031383514,2336000
1986-08-25,0.24712570601431372,0.24712570601431372,0.23521604219324066,0.2411705106496811,742400
1986-08-26,0.2411704021246692,0.2441483846368911,0.23521593634769716,0.23819316923618317,2412800
1986-08-27,0.23819316923618317,0.2411704021246692,0.23521593634769716,0.23819316923618317,3094400
1986-08-28,0.23819321023524015,0.23819321023524015,0.22628354972347814,0.23521597683429718,16928000
1986-08-29,0.23521597683429718,0.23819321023524015,0.23521597683429718,0.23521597683429718,1318400
1986-09-02,0.23521597683429718,0.24414842666099093,0.23521597683429718,0.23521597683429718,3084800
1986-09-03,0.23521608820551976,0.23819332301613788,0.22628365686533097,0.2292608916759491,2739200
1986-09-04,0.22926078646307468,0.23223876953125,0.22330631957447575,0.23223876953125,1904000
1986-09-05,0.23521604219324066,0.2411705106496811,0.23521604219324066,0.2411705106496811,1088000
1986-09-08,0.2411704021246692,0.2411704021246692,0.23223872617508193,0.23819316923618317,1545600
1986-09-09,0.23819332301613788,0.23819332301613788,0.22926089167594912,0.2292608916759491,1052800
1986-09-10,0.22926089167594912,0.23521608820551976,0.22330642205471285,0.2292608916759491,1593600
1986-09-11,0.22926087856741592,0.22926087856741592,0.21139674381679696,0.21735121309757233,2579200
1986-09-12,0.2143738827916468,0.2143738827916468,0.20544145594833607,0.21139664947986603,2672000
1986-09-15,0.21139664947986606,0.2143738827916468,0.2084194388839593,0.21139664947986603,1433600
1986-09-16,0.21139665281976314,0.21139665281976314,0.2054414591941459,0.20841944217681885,4016000
1986-09-17,0.21139671199762233,0.2173511803821384,0.21139671199762233,0.21437394618988037,1984000
1986-09-18,0.21437388942243008,0.22032910585403442,0.21437388942243008,0.22032910585403442,3945600
1986-09-19,0.22032920995998018,0.22926089167594912,0.21735122552514222,0.2292608916759491,2089600
1986-09-22,0.22926078646307468,0.23223876953125,0.2262835530187752,0.23223876953125,1715200
1986-09-23,0.2292607685732683,0.2292607685732683,0.22330630214931166,0.22628353536128998,3020800
1986-09-24,0.22628365686533097,0.23223887611078708,0.22628365686533097,0.2292608916759491,816000
1986-09-25,0.22926091756106887,0.22926091756106887,0.22032923483665212,0.22330644726753235,2844800
1986-09-26,0.22330644726753235,0.2262836824143006,0.21735125006557937,0.22330644726753235,4896000
1986-09-29,0.22330630214931166,0.22628353536128998,0.22330630214931166,0.22628353536128998,323200
1986-09-30,0.22628354994589842,0.22628354994589842,0.21735112282629943,0.22032910585403442,9168000
1986-10-01,0.22032910585403442,0.22330631654202907,0.22032910585403442,0.22032910585403442,2710400
1986-10-02,0.22032910585403442,0.22032910585403442,0.21437388942243008,0.22032910585403442,160000
1986-10-03,0.2203291641984606,0.2203291641984606,0.20841950052124503,0.21437394618988037,1286400
1986-10-06,0.2143738827916468,0.2143738827916468,0.20544145594833607,0.21139664947986603,2300800
1986-10-07,0.21139669890295992,0.21139669890295992,0.1875773843819221,0.1935318410396576,2928000
1986-10-08,0.1935318383036351,0.1935318383036351,0.17864494156676963,0.18757738173007965,2835200
1986-10-09,0.18757738173007965,0.18757738173007965,0.1846001591222717,0.18757738173007965,3539200
1986-10-10,0.18757742756464774,0.1905546508999406,0.18162220855398717,0.18460020422935486,2508800
1986-10-13,0.1846001591222717,0.18757738173007965,0.1846001591222717,0.18757738173007965,790400
1986-10-14,0.18757736666444025,0.19055458903312683,0.18460014429575367,0.19055458903312683,486400
1986-10-15,0.19055462005747698,0.19948704959971822,0.18757739720406635,0.19650983810424805,2208000
1986-10-16,0.19650980791818912,0.2084194698423269,0.19650980791818912,0.2024642527103424,448000
1986-10-17,0.2024642838110693,0.20544151802242033,0.19353185426882802,0.19650983810424805,985600
1986-10-20,0.19650986991060115,0.19650986991060115,0.18460020422935486,0.18460020422935486,982400
1986-10-21,0.1846001591222717,0.18757738173007965,0.1816221641745776,0.18757738173007965,2073600
1986-10-22,0.18757736666444025,0.19055458903312683,0.18460014429575367,0.19055458903312683,291200
1986-10-23,0.19055451641525367,0.19948694109916687,0.18757729518114777,0.19948694109916687,681600
1986-10-24,0.19948701895632706,0.2024642527103424,0.19948701895632706,0.2024642527103424,953600
1986-10-27,0.2024642527103424,0.2024642527103424,0.19948701895632706,0.2024642527103424,1257600
1986-10-28,0.2024642838110693,0.2024642838110693,0.19650983810424805,0.19650983810424805,1536000
1986-10-29,0.19650980791818912,0.2024642527103424,0.19650980791818912,0.2024642527103424,12166400
1986-10-30,0.2024642560131292,0.20841947324226076,0.2024642560131292,0.20544148981571198,1836800
1986-10-31,0.20544148981571198,0.20841947324226076,0.20544148981571198,0.20544148981571198,1276800
1986-11-03,0.20544148981571198,0.20841947324226076,0.20544148981571198,0.20544148981571198,211200
1986-11-04,0.20544148646435775,0.2084194698423269,0.2024642527103424,0.2024642527103424,780800
1986-11-05,0.2024642527103424,0.2084194698423269,0.19650980791818912,0.2024642527103424,1875200
1986-11-06,0.2024642560131292,0.20544148981571198,0.19948702221054643,0.20544148981571198,761600
1986-11-07,0.2024642527103424,0.2024642527103424,0.19948701895632706,0.2024642527103424,278400
1986-11-10,0.2024642838110693,0.2024642838110693,0.19353185426882802,0.19650983810424805,758400
1986-11-11,0.19650973122299523,0.20246417369120703,0.19650973122299523,0.19948694109916687,435200
1986-11-12,0.19948701895632706,0.2024642527103424,0.19650980791818912,0.2024642527103424,3756800
1986-11-13,0.2024642527103424,0.20544148646435775,0.19948701895632706,0.2024642527103424,1955200
1986-11-14,0.2024642226365553,0.21139664947986606,0.2024642226365553,0.21139664947986603,598400
1986-11-17,0.21139668432896577,0.21139668432896577,0.2024642560131292,0.20544148981571198,540800
1986-11-18,0.20544148646435775,0.2084194698423269,0.2024642527103424,0.2024642527103424,515200
1986-11-19,0.2024642838110693,0.20544151802242033,0.19650983810424805,0.19650983810424805,1747200
1986-11-20,0.19650973122299523,0.19948694109916687,0.19650973122299523,0.19948694109916687,1760000
1986-11-21,0.19948694109916687,0.20246417369120703,0.19650973122299523,0.19948694109916687,1065600
1986-11-24,0.19948694109916687,0.20246417369120703,0.19948694109916687,0.19948694109916687,1638400
1986-11-25,0.19948701895632706,0.2024642527103424,0.19650980791818912,0.2024642527103424,220800
1986-11-26,0.2024642838110693,0.2024642838110693,0.19353185426882802,0.19650983810424805,1737600
1986-11-28,0.19650983810424805,0.19948704959971822,0.19353185426882802,0.19650983810424805,1289600
1986-12-01,0.1965098246715129,0.19948703596347117,0.1935318410396576,0.1935318410396576,332800
1986-12-02,0.19353182454021997,0.20544148646435775,0.19055459078620463,0.2024642527103424,3945600
1986-12-03,0.20246422583532725,0.20841944217681885,0.19948699247650858,0.20841944217681885,1744000
1986-12-04,0.2084194388839593,0.2203290990390508,0.20544145594833607,0.21139664947986603,6752000
1986-12-05,0.21139665281976314,0.21437388617858177,0.20841944217681885,0.20841944217681885,1235200
1986-12-08,0.2084194698423269,0.21139668088046487,0.2024642527103424,0.2024642527103424,860800
1986-12-09,0.20246422583532725,0.21437388617858177,0.20246422583532725,0.20841944217681885,4758400
1986-12-10,0.2084194388839593,0.21735111610342756,0.20544145594833607,0.21139664947986603,1683200
1986-12-11,0.21139671199762233,0.2173511803821384,0.21139671199762233,0.21437394618988037,4044800
1986-12-12,0.21437388942243008,0.22330631654202907,0.21437388942243008,0.22032910585403442,3008000
1986-12-15,0.220329197362137,0.220329197362137,0.21437397845718464,0.21735121309757233,1868800
1986-12-16,0.21735121309757233,0.220329197362137,0.21735121309757233,0.21735121309757233,969600
1986-12-17,0.2173511803821384,0.2203291641984606,0.21139671199762233,0.21437394618988037,2476800
1986-12-18,0.21437397845718464,0.21735121309757233,0.21437397845718464,0.21735121309757233,268800
1986-12-19,0.2173511803821384,0.2173511803821384,0.21437394618988037,0.21437394618988037,620800
1986-12-22,0.21437394618988037,0.2173511803821384,0.21437394618988037,0.21437394618988037,2195200
1986-12-23,0.21437394618988037,0.2173511803821384,0.20841950052124503,0.21437394618988037,2764800
1986-12-24,0.21437397845718464,0.21735121309757233,0.21139674381679696,0.21735121309757233,2448000
1986-12-26,0.21437394618988037,0.21437394618988037,0.21437394618988037,0.21437394618988037,60800
1986-12-29,0.21437394618988037,0.2173511803821384,0.21437394618988037,0.21437394618988037,393600
1986-12-30,0.2143738827916468,0.21735111610342756,0.2084194388839593,0.21139664947986603,953600
1986-12-31,0.21139659837512023,0.21139659837512023,0.19948694109916687,0.19948694109916687,1417600
1987-01-02,0.19948702221054643,0.20841947324226076,0.19948702221054643,0.20544148981571198,2249600
1987-01-05,0.2054414591941459,0.20841944217681885,0.20246422583532725,0.20841944217681885,598400
1987-01-06,0.20841944217681885,0.21139665281976314,0.2054414591941459,0.20841944217681885,2214400
1987-01-07,0.20841944217681885,0.21139665281976314,0.20841944217681885,0.20841944217681885,3852800
1987-01-08,0.20841947324226076,0.21139668432896577,0.20544148981571198,0.20544148981571198,1596800
1987-01-09,0.20544148981571198,0.20841947324226076,0.20544148981571198,0.20544148981571198,918400
1987-01-12,0.2054414591941459,0.21139665281976314,0.20246422583532725,0.20841944217681885,3580800
1987-01-13,0.2084193884989486,0.2084193884989486,0.19650973122299523,0.19948694109916687,2784000
1987-01-14,0.19948704959971822,0.19948704959971822,0.19650983810424805,0.19650983810424805,761600
1987-01-15,0.19650980791818912,0.20544148646435775,0.19650980791818912,0.2024642527103424,7011200
1987-01-16,0.20246426997130876,0.20544150397914634,0.1935318410396576,0.1935318410396576,1142400
1987-01-19,0.1935318410396576,0.19948703596347117,0.1875773843819221,0.1935318410396576,4182400
1987-01-20,0.1935318383036351,0.1935318383036351,0.18757738173007965,0.18757738173007965,3593600
1987-01-21,0.18757734589547292,0.19055456793451508,0.1667352469427007,0.16971246898174286,2217600
1987-01-22,0.16971245734006452,0.17864489518419568,0.15482557582630294,0.1756676733493805,33859200
1987-01-23,0.17566773232391597,0.18162217799255131,0.1726905094895983,0.17864495515823364,2009600
1987-01-26,0.1786448793871058,0.1786448793871058,0.17269043624401093,0.17269043624401093,1545600
1987-01-27,0.17269043624401093,0.17566765781555838,0.17269043624401093,0.17269043624401093,803200
1987-01-28,0.17269047872614104,0.17566770103008988,0.1637580394744873,0.1637580394744873,2649600
1987-01-29,0.16375802474144152,0.16971246881362742,0.16375802474144152,0.16673524677753448,1504000
1987-01-30,0.16673524677753448,0.16673524677753448,0.16375802474144152,0.16673524677753448,1414400
1987-02-02,0.16673529148101807,0.17864495515823364,0.16673529148101807,0.17864495515823364,2332800
1987-02-03,0.17864494156676963,0.18757738173007965,0.1756677189589617,0.18757738173007965,2873600
1987-02-04,0.18757739720406635,0.19650983810424805,0.18460017435065573,0.19650983810424805,1680000
1987-02-05,0.19650981112384142,0.20544148981571198,0.19650981112384142,0.20544148981571198,2032000
1987-02-06,0.2054414062832472,0.2054414062832472,0.19650973122299523,0.19948694109916687,3574400
1987-02-09,0.19948701895632706,0.20544148646435775,0.19650980791818912,0.2024642527103424,3420800
1987-02-10,0.20246417369120703,0.20246417369120703,0.19650973122299523,0.19948694109916687,1446400
1987-02-11,0.19948694109916687,0.19948694109916687,0.19353174900729384,0.19948694109916687,1030400
1987-02-12,0.19948708188795172,0.19948708188795172,0.18460020422935486,0.18460020422935486,1472000
1987-02-13,0.18460016173202415,0.1935318410396576,0.18460016173202415,0.1935318410396576,1497600
1987-02-17,0.19353182454021997,0.20544148646435775,0.19055459078620463,0.2024642527103424,1782400
1987-02-18,0.2024642527103424,0.20544148646435775,0.19948701895632706,0.2024642527103424,1456000
1987-02-19,0.20246425084769726,0.20246425084769726,0.19055458903312683,0.19055458903312683,864000
1987-02-20,0.19055462005747698,0.19650983810424805,0.19055462005747698,0.19650983810424805,1110400
1987-02-23,0.1965098246715129,0.1965098246715129,0.19055460703182,0.1935318410396576,409600
1987-02-24,0.1935318410396576,0.1965098246715129,0.19055460703182,0.1935318410396576,486400
1987-02-25,0.19353185302770726,0.19353185302770726,0.17864495515823364,0.17864495515823364,3782400
1987-02-26,0.17864495515823364,0.18460017316681387,0.17864495515823364,0.17864495515823364,723200
1987-02-27,0.17864491056776702,0.18460012708990198,0.17864491056776702,0.18162213265895844,2224000
1987-03-02,0.18162213265895844,0.18460012708990198,0.18162213265895844,0.18162213265895844,2275200
1987-03-03,0.18162217799255131,0.18460017316681387,0.16673529148101807,0.17864495515823364,14140800
1987-03-04,0.17864494409233125,0.1935318410396576,0.17864494409233125,0.1935318410396576,7814400
1987-03-05,0.19353174900729384,0.2054414062832472,0.19353174900729384,0.19948694109916687,3238400
1987-03-06,0.19948694109916687,0.20246417369120703,0.19353174900729384,0.19948694109916687,1180800
1987-03-09,0.19948702221054643,0.20544148981571198,0.1935318276972926,0.20544148981571198,1545600
1987-03-10,0.2054414591941459,0.20841944217681885,0.20246422583532725,0.20841944217681885,4924800
1987-03-11,0.2084194388839593,0.21139664947986606,0.20544145594833607,0.21139664947986603,1520000
1987-03-12,0.21139665281976314,0.21437388617858177,0.2054414591941459,0.20841944217681885,3513600
1987-03-13,0.20841944217681885,0.21139665281976314,0.2054414591941459,0.20841944217681885,1760000
1987-03-16,0.20841947324226076,0.20841947324226076,0.2024642560131292,0.20544148981571198,1228800
1987-03-17,0.20544148981571198,0.20841947324226076,0.20544148981571198,0.20544148981571198,1532800
1987-03-18,0.2054414591941459,0.20841944217681885,0.2054414591941459,0.20841944217681885,873600
1987-03-19,0.20841944217681885,0.20841944217681885,0.2054414591941459,0.20841944217681885,1254400
1987-03-20,0.20841944217681885,0.20841944217681885,0.2054414591941459,0.20841944217681885,592000
1987-03-23,0.2084194698423269,0.2084194698423269,0.19650980791818912,0.2024642527103424,1331200
1987-03-24,0.19948703596347117,0.19948703596347117,0.1935318410396576,0.1935318410396576,924800
1987-03-25,0.193531822759752,0.19948701712107209,0.18757736666444025,0.19055458903312683,1072000
1987-03-26,0.19055458903312683,0.1965098061103241,0.19055458903312683,0.19055458903312683,819200
1987-03-27,0.19055458903312683,0.1965098061103241,0.19055458903312683,0.19055458903312683,457600
1987-03-30,0.19055460433788762,0.1935318383036351,0.1816221641745776,0.18757738173007965,976000
1987-03-31,0.18757738173007965,0.1935318383036351,0.1816221641745776,0.18757738173007965,3081600
1987-04-01,0.18757738173007965,0.19055460433788762,0.1846001591222717,0.18757738173007965,524800
1987-04-02,0.18757742756464774,0.1905546508999406,0.18460020422935486,0.18460020422935486,416000
1987-04-03,0.18460020422935486,0.18757742756464774,0.18460020422935486,0.18460020422935486,336000
1987-04-06,0.1846001591222717,0.19055460433788762,0.1846001591222717,0.18757738173007965,7996800
1987-04-07,0.18757742756464774,0.18757742756464774,0.18460020422935486,0.18460020422935486,1833600
1987-04-08,0.18460020422935486,0.18757742756464774,0.18460020422935486,0.18460020422935486,467200
1987-04-09,0.18460020422935486,0.18757742756464774,0.18460020422935486,0.18460020422935486,1878400
1987-04-10,0.18460020422935486,0.18757742756464774,0.18460020422935486,0.18460020422935486,691200
1987-04-13,0.18460017316681387,0.18460017316681387,0.17864495515823364,0.17864495515823364,512000
1987-04-14,0.1786449233340387,0.1786449233340387,0.1637580394744873,0.1637580394744873,1657600
1987-04-15,0.16375802490365854,0.16971246898174286,0.16375802490365854,0.16971246898174286,656000
1987-04-16,0.16971249991661397,0.16971249991661397,0.15482561466811154,0.16078083217144012,2508800
1987-04-20,0.16078083217144012,0.16375805475316474,0.15780283724983615,0.16078083217144012,393600
1987-04-21,0.16078083217144012,0.16078083217144012,0.15780283724983615,0.16078083217144012,1507200
1987-04-22,0.16078083217144012,0.16375805475316474,0.15780283724983615,0.16078083217144012,857600
1987-04-23,0.16078082998801202,0.16375805252930548,0.1548256125655562,0.15780283510684967,2467200
1987-04-24,0.15482559812009153,0.15482559812009153,0.14887115359306335,0.14887115359306335,761600
1987-04-27,0.14887121451013377,0.15184843799190711,0.1339835524210414,0.13993877172470093,8921600
1987-04-28,0.13993878732459,0.13993878732459,0.12802911972973552,0.1339835673570633,1542400
1987-04-29,0.13100630109413336,0.13100630109413336,0.12207386020727345,0.12802907824516296,2524800
1987-04-30,0.1250518000187995,0.1250518000187995,0.10718692615628243,0.11909658461809158,17491200
1987-05-01,0.11909658461809158,0.11909658461809158,0.11016414768683305,0.11909658461809158,27811200
1987-05-04,0.11909660220484733,0.15482558286630155,0.11611938023465633,0.15184836089611053,8681600
1987-05-05,0.1518483900242627,0.16375805252930548,0.1518483900242627,0.15780283510684967,5548800
1987-05-06,0.15780282038360563,0.16078081498691654,0.14291593672623834,0.14887115359306335,2736000
1987-05-07,0.14887113892591952,0.15482558286630155,0.1458931446160078,0.15184836089611053,1865600
1987-05-08,0.15184837585657743,0.15482559812009153,0.14291593672623834,0.14887115359306335,1529600
1987-05-11,0.14887113892591952,0.15184836089611053,0.14887113892591952,0.15184836089611053,1177600
1987-05-12,0.15184837585657743,0.15184837585657743,0.14589315898975244,0.14887115359306335,2057600
1987-05-13,0.14887115359306335,0.15184837585657743,0.14887115359306335,0.14887115359306335,2163200
1987-05-14,0.14887115359306335,0.15482559812009153,0.14887115359306335,0.14887115359306335,713600
1987-05-15,0.14887122870141667,0.15184845246699652,0.1429160088300705,0.1429160088300705,1200000
1987-05-18,0.1429160088300705,0.14589323259565035,0.1369615612989108,0.1429160088300705,1152000
1987-05-19,0.14291599520647427,0.1458932186882476,0.13993877172470093,0.13993877172470093,284800
1987-05-20,0.13993877172470093,0.14291599520647427,0.13696154824292758,0.13993877172470093,3350400
1987-05-21,0.13993877172470093,0.14291599520647427,0.13696154824292758,0.13993877172470093,2768000
1987-05-22,0.13993877172470093,0.14291599520647427,0.13993877172470093,0.13993877172470093,649600
1987-05-26,0.13993878506449065,0.1429160088300705,0.13993878506449065,0.1429160088300705,67200
1987-05-27,0.14291599520647427,0.14291599520647427,0.13993877172470093,0.13993877172470093,96000
1987-05-28,0.13993877172470093,0.14291599520647427,0.13696154824292758,0.13993877172470093,1472000
1987-05-29,0.13993878732459,0.1429160111382539,0.1339835673570633,0.1339835673570633,2233600
1987-06-01,0.1339835524210414,0.14291599520647427,0.1339835524210414,0.13993877172470093,1376000
1987-06-02,0.13993877172470093,0.13993877172470093,0.13696154824292758,0.13993877172470093,1465600
1987-06-03,0.13993879785983374,0.14589324593544006,0.13993879785983374,0.14589324593544006,1440000
1987-06-04,0.14589315898975244,0.15780282038360563,0.14291593672623834,0.14887115359306335,5875200
1987-06-05,0.14887121451013377,0.15184843799190711,0.13696154824292758,0.13993877172470093,2115200
1987-06-08,0.13993878506449065,0.1429160088300705,0.13993878506449065,0.1429160088300705,569600
1987-06-09,0.14291599520647427,0.14291599520647427,0.13993877172470093,0.13993877172470093,262400
1987-06-10,0.13993877172470093,0.14291599520647427,0.13696154824292758,0.13993877172470093,1657600
1987-06-11,0.13993877172470093,0.14291599520647427,0.13696154824292758,0.13993877172470093,300800
1987-06-12,0.13993877172470093,0.14291599520647427,0.13993877172470093,0.13993877172470093,694400
1987-06-15,0.13993871212972692,0.13993871212972692,0.13696148991584778,0.13696148991584778,400000
1987-06-16,0.13696154824292758,0.14291599520647427,0.1339835524210414,0.13993877172470093,918400
1987-06-17,0.13993878732459,0.13993878732459,0.1339835673570633,0.1339835673570633,368000
1987-06-18,0.1339835524210414,0.13993877172470093,0.1339835524210414,0.13993877172470093,2294400
1987-06-19,0.13993877172470093,0.14291599520647427,0.13696154824292758,0.13993877172470093,1164800
1987-06-22,0.13993879785983374,0.14887124231350032,0.13993879785983374,0.14589324593544006,1865600
1987-06-23,0.14589324593544006,0.14887124231350032,0.1429160218976369,0.14589324593544006,1120000
1987-06-24,0.14589317458305834,0.16078083217144012,0.14291595200133372,0.16078083217144012,1987200
1987-06-25,0.16078080270534859,0.16673524677753448,0.15780280832951782,0.16673524677753448,10368000
1987-06-26,0.16673526177843612,0.16673526177843612,0.1637580394744873,0.1637580394744873,2195200
1987-06-29,0.16375805252930548,0.16673527507059896,0.15780283510684967,0.15780283510684967,1164800
1987-06-30,0.15780283510684967,0.16078082998801202,0.1548256125655562,0.15780283510684967,1398400
1987-07-01,0.15780283724983615,0.16673527733488935,0.15780283724983615,0.16078083217144012,4150400
1987-07-02,0.16078082998801202,0.16375805252930548,0.15780283510684967,0.15780283510684967,1472000
1987-07-06,0.15780282038360563,0.16078081498691654,0.14887115359306335,0.14887115359306335,2822400
1987-07-07,0.14887124231350032,0.15184846635130347,0.14589324593544006,0.14589324593544006,1491200
1987-07-08,0.14589315898975244,0.15184837585657743,0.14589315898975244,0.14887115359306335,908800
1987-07-09,0.1488712311057806,0.1488712311057806,0.1310063435433994,0.1339835673570633,3110400
1987-07-10,0.13696148991584778,0.13993871212972692,0.13696148991584778,0.13696148991584778,1350400
1987-07-13,0.1369615612989108,0.1429160088300705,0.1369615612989108,0.1429160088300705,1376000
1987-07-14,0.1429160088300705,0.14589323259565035,0.13993878506449065,0.1429160088300705,611200
1987-07-15,0.1429160088300705,0.14887122870141667,0.1429160088300705,0.1429160088300705,265600
1987-07-16,0.1429160218976369,0.14887124231350032,0.1429160218976369,0.14589324593544006,2297600
1987-07-17,0.14589324593544006,0.14887124231350032,0.1429160218976369,0.14589324593544006,620800
1987-07-20,0.14589315898975244,0.14887115359306335,0.14291593672623834,0.14887115359306335,361600
1987-07-21,0.14887121451013377,0.14887121451013377,0.13993877172470093,0.13993877172470093,2444800
1987-07-22,0.13993878732459,0.1429160111382539,0.1339835673570633,0.1339835673570633,2396800
1987-07-23,0.1339834953621847,0.13993871212972692,0.1339834953621847,0.13696148991584778,1571200
1987-07-24,0.13696156351092612,0.13993878732459,0.1339835673570633,0.1339835673570633,486400
1987-07-27,0.1339835524210414,0.13993877172470093,0.1339835524210414,0.13993877172470093,656000
1987-07-28,0.13993871212972692,0.13993871212972692,0.13696148991584778,0.13696148991584778,1424000
1987-07-29,0.13696148991584778,0.13993871212972692,0.1339834953621847,0.13696148991584778,928000
1987-07-30,0.13696148991584778,0.13993871212972692,0.1339834953621847,0.13696148991584778,435200
1987-07-31,0.13696154824292758,0.13993877172470093,0.1339835524210414,0.13993877172470093,166400
1987-08-03,0.13993878732459,0.13993878732459,0.1339835673570633,0.1339835673570633,1132800
1987-08-04,0.1339835673570633,0.13696156351092612,0.1339835673570633,0.1339835673570633,448000
1987-08-05,0.13398346232448105,0.13696145614382907,0.13100624084472656,0.13100624084472656,1484800
1987-08-06,0.13100630109413336,0.13100630109413336,0.12802907824516296,0.12802907824516296,1644800
1987-08-07,0.12802907890527543,0.13100630176959627,0.10718697417512422,0.1250518560409546,5136000
1987-08-10,0.12505178544421572,0.128029006627776,0.11909657073757846,0.12207379192113876,1609600
1987-08-11,0.12207379192113876,0.128029006627776,0.11909657073757846,0.12207379192113876,2345600
1987-08-12,0.12207386083668108,0.12802907890527543,0.12207386083668108,0.1250518560409546,1340800
1987-08-13,0.12505185539619254,0.12802907824516296,0.12505185539619254,0.12802907824516296,1244800
1987-08-14,0.128029006627776,0.128029006627776,0.12207379192113876,0.12207379192113876,1251200
1987-08-17,0.12207379192113876,0.12505178544421572,0.11909657073757846,0.12207379192113876,2521600
1987-08-18,0.12207379192113876,0.12505178544421572,0.11909657073757846,0.12207379192113876,1248000
1987-08-19,0.12207379192113876,0.12505178544421572,0.12207379192113876,0.12207379192113876,982400
1987-08-20,0.12207386083668108,0.1250518560409546,0.12207386083668108,0.1250518560409546,2835200
1987-08-21,0.12505178544421572,0.12505178544421572,0.12207379192113876,0.12207379192113876,1168000
1987-08-24,0.1220738061486422,0.1220738061486422,0.11909658461809158,0.11909658461809158,4950400
1987-08-25,0.11909658461809158,0.1220738061486422,0.11909658461809158,0.11909658461809158,7820800
1987-08-26,0.11909658461809158,0.1220738061486422,0.11314214155699034,0.11909658461809158,9283200
1987-08-27,0.11909657073757846,0.12207379192113876,0.11611934955401816,0.12207379192113876,598400
1987-08-28,0.12207382893834891,0.12207382893834891,0.116119384765625,0.116119384765625,3251200
1987-08-31,0.116119384765625,0.12207382893834891,0.116119384765625,0.116119384765625,5104000
1987-09-01,0.11611936308754096,0.1220738061486422,0.11611936308754096,0.11909658461809158,3897600
1987-09-02,0.11909658461809158,0.1220738061486422,0.11909658461809158,0.11909658461809158,659200
1987-09-03,0.11909657073757846,0.12207379192113876,0.11909657073757846,0.12207379192113876,1004800
1987-09-04,0.1220738061486422,0.1220738061486422,0.11909658461809158,0.11909658461809158,1206400
1987-09-08,0.11909657073757846,0.12207379192113876,0.11909657073757846,0.12207379192113876,12566400
1987-09-09,0.12207380406586955,0.13100624084472656,0.11909658258611505,0.13100624084472656,17936000
1987-09-10,0.13100635340616715,0.15184846635130347,0.128029129368364,0.14589324593544006,17622400
1987-09-11,0.1458931446160078,0.15780280483649253,0.1399387006756258,0.15184836089611053,15801600
1987-09-14,0.15184836089611053,0.15780280483649253,0.14887113892591952,0.15184836089611053,5024000
1987-09-15,0.15184837585657743,0.15184837585657743,0.14589315898975244,0.14887115359306335,3872000
1987-09-16,0.1488712107913207,0.15780288101352696,0.14589321504382505,0.15482565760612488,5417600
1987-09-17,0.15482565760612488,0.16078087676102262,0.15482565760612488,0.15482565760612488,6089600
1987-09-18,0.1548256125655562,0.15780283510684967,0.1518483900242627,0.15780283510684967,3507200
1987-09-21,0.1578029144269098,0.1578029144269098,0.14589324593544006,0.14589324593544006,2416000
1987-09-22,0.1458931446160078,0.15184836089611053,0.1458931446160078,0.15184836089611053,1507200
1987-09-23,0.15184837585657743,0.15482559812009153,0.14887115359306335,0.14887115359306335,873600
1987-09-24,0.14887115359306335,0.15184837585657743,0.14887115359306335,0.14887115359306335,1334400
1987-09-25,0.14887113892591952,0.15184836089611053,0.14887113892591952,0.15184836089611053,777600
1987-09-28,0.15184845246699652,0.15184845246699652,0.13100634142756462,0.1429160088300705,3468800
1987-09-29,0.14291599520647427,0.14291599520647427,0.13993877172470093,0.13993877172470093,1299200
1987-09-30,0.13993878506449065,0.1429160088300705,0.13993878506449065,0.1429160088300705,4048000
1987-10-01,0.14291593434360605,0.14291593434360605,0.13696148991584778,0.13696148991584778,476800
1987-10-02,0.1369615612989108,0.1429160088300705,0.1369615612989108,0.1429160088300705,1971200
1987-10-05,0.1429160218976369,0.14887124231350032,0.1429160218976369,0.14589324593544006,617600
1987-10-06,0.14589324593544006,0.14887124231350032,0.14589324593544006,0.14589324593544006,1676800
1987-10-07,0.14589324593544006,0.14887124231350032,0.13993879785983374,0.14589324593544006,1545600
1987-10-08,0.14291599520647427,0.14291599520647427,0.13993877172470093,0.13993877172470093,3708800
1987-10-09,0.13993877172470093,0.14291599520647427,0.13993877172470093,0.13993877172470093,198400
1987-10-12,0.13993871212972692,0.13993871212972692,0.13696148991584778,0.13696148991584778,854400
1987-10-13,0.13993878506449065,0.1429160088300705,0.13993878506449065,0.1429160088300705,336000
1987-10-14,0.1429160088300705,0.14589323259565035,0.1369615612989108,0.1429160088300705,224000
1987-10-15,0.14291599520647427,0.1458932186882476,0.13696154824292758,0.13993877172470093,1939200
1987-10-16,0.13993867762358356,0.14291589910333807,0.13100624084472656,0.13100624084472656,492800
1987-10-19,0.13100630190856682,0.13100630190856682,0.11314219236373901,0.11314219236373901,2483200
1987-10-20,0.10718695072985267,0.10718695072985267,0.06848074494012958,0.07443518936634064,2646400
1987-10-21,0.07741318228565053,0.09527729451656342,0.07741318228565053,0.09527729451656342,5116800
1987-10-22,0.0923000779453907,0.0923000779453907,0.08039041538275553,0.08634486049413681,2640000
1987-10-23,0.08634484542486019,0.08932283412172229,0.08039040135267429,0.08336762338876724,3382400
1987-10-26,0.08336762338876724,0.08336762338876724,0.07741317363761269,0.08336762338876724,1529600
1987-10-27,0.08336762338876724,0.08634484542486019,0.08039040135267429,0.08336762338876724,1782400
1987-10-28,0.08336763793844618,0.0893228497107304,0.08039041538275553,0.08634486049413681,1942400
1987-10-29,0.08634488310401686,0.0952773254499703,0.08336765976872401,0.09230010211467743,1228800
1987-10-30,0.09230007214787683,0.09527729451656342,0.08932284410022095,0.09527729451656342,1888000
1987-11-02,0.09527729451656342,0.09527729451656342,0.09230007214787683,0.09527729451656342,1712000
1987-11-03,0.09230010374039123,0.09230010374039123,0.0714579953460922,0.07741320878267288,1014400
1987-11-04,0.07741318782502575,0.08634486124916929,0.07145797600066686,0.08039041608572006,2416000
1987-11-05,0.08039041538275553,0.08634486049413681,0.07741318714809524,0.08634486049413681,10099200
1987-11-06,0.08634484542486019,0.08634484542486019,0.08039040135267429,0.08336762338876724,2400000
1987-11-09,0.08336763866744468,0.08634486124916929,0.08039041608572006,0.08039041608572006,502400
1987-11-10,0.08039043784937586,0.08039043784937586,0.07443521873382394,0.07741320878267288,1014400
1987-11-11,0.07741317824026091,0.08039040613233543,0.07443518936634064,0.07443518936634064,2425600
1987-11-12,0.07443518936634064,0.08039040613233543,0.07145796715323512,0.07443518936634064,1008000
1987-11-13,0.07443518936634064,0.07741317824026091,0.06848074494012958,0.07443518936634064,339200
1987-11-16,0.07443518938568218,0.07741317826037625,0.06252552819038167,0.06848074495792389,2044800
1987-11-17,0.06848076648356055,0.07145798963327361,0.06252554784410773,0.06550353765487671,4124800
1987-11-18,0.06550351706507575,0.06848074495792389,0.06550351706507575,0.06848074495792389,4060800
1987-11-19,0.06848074495792389,0.07145796717180303,0.06550351706507575,0.06848074495792389,3308800
1987-11-20,0.06848074495792389,0.07443518938568218,0.06550351706507575,0.06848074495792389,2614400
1987-11-23,0.0684807806494554,0.07145800441503525,0.0684807806494554,0.07145800441503525,5100800
1987-11-24,0.0714579953460922,0.08634488462483932,0.0714579953460922,0.07741320878267288,3596800
1987-11-25,0.07741317371429737,0.08634484551039251,0.07741317371429737,0.08485623449087143,3171200
1987-11-27,0.08485625667184826,0.09230008605496987,0.08336764526321204,0.08932285755872726,3878400
1987-11-30,0.08932285755872726,0.09230008605496987,0.08634486808048449,0.08932285755872726,7625600
1987-12-01,0.08634486049413681,0.08634486049413681,0.08336763793844618,0.08634486049413681,700800
1987-12-02,0.08634488462483932,0.08932287467368825,0.07741320878267288,0.07741320878267288,3500800
1987-12-03,0.07741317826037625,0.08336762836710354,0.06848074495792389,0.06848074495792389,2876800
1987-12-04,0.06848074495792389,0.07443518938568218,0.06848074495792389,0.06848074495792389,873600
1987-12-07,0.06848074495792389,0.07443518938568218,0.06848074495792389,0.06848074495792389,1856000
1987-12-08,0.07145800441503525,0.07741321860740946,0.07145800441503525,0.07145800441503525,1004800
1987-12-09,0.0714579953460922,0.07741320878267288,0.0714579953460922,0.07741320878267288,1273600
1987-12-10,0.07741321860740946,0.07741321860740946,0.07145800441503525,0.07145800441503525,1225600
1987-12-11,0.07145796715323512,0.07741317824026091,0.07145796715323512,0.07443518936634064,688000
1987-12-14,0.07443518936634064,0.07741317824026091,0.07443518936634064,0.07443518936634064,1993600
1987-12-15,0.0744352044714542,0.08932285755872726,0.0744352044714542,0.08932285755872726,4083200
1987-12-16,0.08932287310041344,0.10123254446063086,0.08634488310401686,0.09230010211467743,4531200
1987-12-17,0.09230008605496987,0.09825453168951478,0.08932285755872726,0.08932285755872726,2198400
1987-12-18,0.08932285755872726,0.09230008605496987,0.08932285755872726,0.08932285755872726,208000
1987-12-21,0.0893228497107304,0.0923000779453907,0.08336763793844618,0.08634486049413681,4070400
1987-12-22,0.08634486049413681,0.0893228497107304,0.08634486049413681,0.08634486049413681,3548800
1987-12-23,0.08634484542486019,0.08932283412172229,0.08336762338876724,0.08336762338876724,6134400
1987-12-24,0.08336763793844618,0.0893228497107304,0.08336763793844618,0.08634486049413681,1353600
1987-12-28,0.08634485951700088,0.08634485951700088,0.07741318627203608,0.07890179753303528,3628800
1987-12-29,0.0789018053583332,0.08932285755872726,0.07741319394969697,0.08932285755872726,4915200
1987-12-30,0.08932283040409988,0.0982545018196106,0.0833676199190011,0.0982545018196106,4953600
1987-12-31,0.09825452305677197,0.10123251795233523,0.08336763793844618,0.08634486049413681,7132800
1988-01-04,0.08634484542486019,0.08932283412172229,0.08336762338876724,0.08336762338876724,768000
1988-01-05,0.08634486049413681,0.0923000779453907,0.08634486049413681,0.08634486049413681,2227200
1988-01-06,0.08634486808048449,0.09081146896736349,0.08336764526321204,0.08932285755872726,368000
1988-01-07,0.08932285755872726,0.08932285755872726,0.08336764526321204,0.08932285755872726,1737600
1988-01-08,0.08932287310041344,0.09230010211467743,0.08634488310401686,0.09230010211467743,1529600
1988-01-11,0.09230008605496987,0.09825453168951478,0.08634486808048449,0.08932285755872726,3020800
1988-01-12,0.08932285755872726,0.09527730887224233,0.08932285755872726,0.08932285755872726,2640000
1988-01-13,0.08932285755872726,0.09527730887224233,0.08932285755872726,0.08932285755872726,1155200
1988-01-14,0.08932287310041344,0.09230010211467743,0.08932287310041344,0.09230010211467743,768000
1988-01-15,0.09230007214787683,0.09527729451656342,0.08932284410022095,0.09527729451656342,3532800
1988-01-18,0.09527729451656342,0.09527729451656342,0.09230007214787683,0.09527729451656342,1100800
1988-01-19,0.09527727990742983,0.0982545018196106,0.09230005799524907,0.0982545018196106,1801600
1988-01-20,0.0952773254499703,0.0952773254499703,0.09230010211467743,0.09230010211467743,1027200
1988-01-21,0.09230010211467743,0.0952773254499703,0.09230010211467743,0.09230010211467743,1001600
1988-01-22,0.09230006074515489,0.10718694308929089,0.09230006074515489,0.10420972108840942,3324800
1988-01-25,0.1042097179836778,0.10718693989585856,0.09527727990742983,0.0982545018196106,1910400
1988-01-26,0.0982545190123804,0.10123251378536224,0.0982545190123804,0.10123251378536224,1264000
1988-01-27,0.10123252742630484,0.10718697309494019,0.09825453225204228,0.10718697309494019,1612800
1988-01-28,0.10718694616678826,0.11909660685198695,0.10123250199406433,0.116119384765625,6966400
1988-01-29,0.11611936615361752,0.11611936615361752,0.11016415059566498,0.11016415059566498,1795200
1988-02-01,0.11016415059566498,0.11909658776278026,0.11016415059566498,0.11016415059566498,1238400
1988-02-02,0.11016415059566498,0.11611936615361752,0.11016415059566498,0.11016415059566498,1545600
1988-02-03,0.11016419592925786,0.11611941393783809,0.10718697309494019,0.10718697309494019,1270400
1988-02-04,0.10718698922859232,0.11314220813354468,0.10718698922859232,0.10867560654878616,486400
1988-02-05,0.11314219236373901,0.11314219236373901,0.11314219236373901,0.11314219236373901,25600
1988-02-08,0.11314214454445479,0.11314214454445479,0.10718692898650224,0.11016415059566498,512000
1988-02-09,0.11016419715630646,0.11463079811850829,0.10718697428882741,0.11314219236373901,659200
1988-02-10,0.11314216267926304,0.11909660685198695,0.11314216267926304,0.116119384765625,3075200
1988-02-11,0.11611938307461447,0.12207382716062566,0.11314216103160887,0.11760798841714859,2304000
1988-02-12,0.11760799012983722,0.11909660685198695,0.116119384765625,0.116119384765625,691200
1988-02-16,0.11611941523121806,0.11909663809869712,0.11314219236373901,0.11314219236373901,2076800
1988-02-17,0.11314219236373901,0.11909663809869712,0.11314219236373901,0.11314219236373901,1606400
1988-02-18,0.11314219236373901,0.11611941523121806,0.11314219236373901,0.11314219236373901,1075200
1988-02-19,0.11314219110352042,0.11314219110352042,0.10718697309494019,0.10718697309494019,633600
1988-02-22,0.10718695865164429,0.11314217585776716,0.10123251378536224,0.10123251378536224,2214400
1988-02-23,0.10123252742630484,0.10718697309494019,0.09825453225204228,0.10718697309494019,4425600
1988-02-24,0.10718697309494019,0.10718697309494019,0.10123252742630484,0.10718697309494019,188800
1988-02-25,0.10718692898650224,0.11314214454445479,0.10718692898650224,0.11016415059566498,748800
1988-02-26,0.11016424820340301,0.11314224479075764,0.11016424820340301,0.11165286600589752,5139200
1988-02-29,0.11165276707921419,0.11314214454445479,0.10718692898650224,0.11016415059566498,1500800
1988-03-01,0.11016415059566498,0.11016415059566498,0.10420970737733949,0.11016415059566498,620800
1988-03-02,0.11016416509017236,0.11016416509017236,0.10123249908752796,0.10420972108840942,1180800
1988-03-03,0.10420972108840942,0.10718694308929089,0.10123249908752796,0.10420972108840942,1347200
1988-03-04,0.10420972108840942,0.10718694308929089,0.10420972108840942,0.10420972108840942,265600
1988-03-07,0.10420972108840942,0.10718694308929089,0.10420972108840942,0.10420972108840942,1212800
1988-03-08,0.10420972108840942,0.10718694308929089,0.10420972108840942,0.10420972108840942,278400
1988-03-09,0.10420972108840942,0.10718694308929089,0.10123249908752796,0.10420972108840942,1632000
1988-03-10,0.10420972108840942,0.10718694308929089,0.10420972108840942,0.10420972108840942,742400
1988-03-11,0.10420973621850327,0.10718695865164429,0.10123251378536224,0.10123251378536224,560000
1988-03-14,0.10123252742630484,0.10718697309494019,0.10123252742630484,0.10718697309494019,131200
1988-03-15,0.10420973396244726,0.10420973396244726,0.09527729451656342,0.09527729451656342,483200
1988-03-16,0.09825453225204228,0.10718697309494019,0.09825453225204228,0.10718697309494019,1408000
1988-03-17,0.10718694616678826,0.12505182336446172,0.10718694616678826,0.116119384765625,4739200
1988-03-18,0.11909663797236025,0.12802907890527543,0.11909663797236025,0.1250518560409546,6054400
1988-03-21,0.12505178544421572,0.128029006627776,0.12207379192113876,0.12207379192113876,2966400
1988-03-22,0.1220738061486422,0.1250518000187995,0.11909658461809158,0.11909658461809158,2038400
1988-03-23,0.11909658461809158,0.1250518000187995,0.11909658461809158,0.11909658461809158,2803200
1988-03-24,0.11909658461809158,0.11909658461809158,0.11611936308754096,0.11909658461809158,518400
1988-03-25,0.11760799012983722,0.11760799012983722,0.116119384765625,0.116119384765625,793600
1988-03-28,0.11314214454445479,0.11314214454445479,0.10718692898650224,0.11016415059566498,1139200
1988-03-29,0.11314219236373901,0.11611941523121806,0.11314219236373901,0.11314219236373901,195200
1988-03-30,0.11314220499545964,0.11909665139519977,0.11314220499545964,0.1146308109164238,656000
1988-03-31,0.11463076804347526,0.116119384765625,0.11314216267926304,0.116119384765625,457600
1988-04-04,0.11611941523121806,0.11611941523121806,0.11016419715630646,0.11314219236373901,572800
1988-04-05,0.11314219236373901,0.11611941523121806,0.11314219236373901,0.11314219236373901,9916800
1988-04-06,0.11314216267926304,0.11909660685198695,0.11314216267926304,0.116119384765625,601600
1988-04-07,0.11611941523121806,0.11909663809869712,0.11314219236373901,0.11314219236373901,1056000
1988-04-08,0.11314219236373901,0.11909663809869712,0.11314219236373901,0.11314219236373901,1974400
1988-04-11,0.11611938307461447,0.11909660511762007,0.11611938307461447,0.11760798841714859,608000
1988-04-12,0.11760796817384858,0.11909658461809158,0.11611936308754096,0.11909658461809158,2256000
1988-04-13,0.11909658461809158,0.1205852010623346,0.11611936308754096,0.11909658461809158,8880000
1988-04-14,0.11909658461809158,0.1220738061486422,0.11611936308754096,0.11909658461809158,1091200
1988-04-15,0.11611936615361752,0.11611936615361752,0.11016415059566498,0.11016415059566498,169600
1988-04-18,0.11016419715630646,0.11314219236373901,0.11016419715630646,0.11314219236373901,192000
1988-04-19,0.11314214454445479,0.11314214454445479,0.11016415059566498,0.11016415059566498,265600
1988-04-20,0.11016419715630646,0.11314219236373901,0.10718697428882741,0.11314219236373901,76800
1988-04-21,0.10718697309494019,0.10718697309494019,0.10718697309494019,0.10718697309494019,224000
1988-04-22,0.10718697309494019,0.11016419592925786,0.10718697309494019,0.10718697309494019,710400
1988-04-25,0.10718697309494019,0.11016419592925786,0.10718697309494019,0.10718697309494019,662400
1988-04-26,0.10718697309494019,0.11016419592925786,0.10718697309494019,0.10718697309494019,883200
1988-04-27,0.10718697309494019,0.11016419592925786,0.10718697309494019,0.10718697309494019,118400
1988-04-28,0.10718697309494019,0.11016419592925786,0.10718697309494019,0.10718697309494019,259200
1988-04-29,0.10718692898650224,0.11016415059566498,0.10420970737733949,0.11016415059566498,601600
1988-05-02,0.11016419592925786,0.11016419592925786,0.10718697309494019,0.10718697309494019,643200
1988-05-03,0.10718692898650224,0.11016415059566498,0.10718692898650224,0.11016415059566498,131200
1988-05-04,0.11016415059566498,0.11016415059566498,0.10718692898650224,0.11016415059566498,355200
1988-05-05,0.11016419592925786,0.11016419592925786,0.10718697309494019,0.10718697309494019,67200
1988-05-06,0.10718697309494019,0.10718697309494019,0.10420975026062251,0.10718697309494019,3017600
1988-05-09,0.10718694616678826,0.116119384765625,0.10718694616678826,0.116119384765625,505600
1988-05-10,0.116119384765625,0.11909660685198695,0.11016416825315022,0.116119384765625,720000
1988-05-11,0.116119384765625,0.11909660685198695,0.11314216267926304,0.116119384765625,2988800
1988-05-12,0.11611941523121806,0.11611941523121806,0.11314219236373901,0.11314219236373901,1353600
1988-05-13,0.11314219236373901,0.11611941523121806,0.11016419715630646,0.11314219236373901,928000
1988-05-16,0.11314219236373901,0.11611941523121806,0.11016419715630646,0.11314219236373901,1158400
1988-05-17,0.11314214454445479,0.11611936615361752,0.11016415059566498,0.11016415059566498,1344000
1988-05-18,0.11016419715630646,0.11314219236373901,0.11016419715630646,0.11314219236373901,1654400
1988-05-19,0.11314219110352042,0.11314219110352042,0.10718697309494019,0.10718697309494019,1568000
1988-05-20,0.10718692898650224,0.11314214454445479,0.10718692898650224,0.11016415059566498,342400
1988-05-23,0.11016421251103793,0.11016421251103793,0.10718698922859232,0.10867560654878616,646400
1988-05-24,0.10718697309494019,0.10718697309494019,0.10718697309494019,0.10718697309494019,278400
1988-05-25,0.10718697309494019,0.11016419592925786,0.10718697309494019,0.10718697309494019,364800
1988-05-26,0.10718697309494019,0.11016419592925786,0.10718697309494019,0.10718697309494019,76800
1988-05-27,0.10718692898650224,0.11016415059566498,0.10718692898650224,0.11016415059566498,1715200
1988-05-31,0.11016419592925786,0.11016419592925786,0.10420975026062251,0.10718697309494019,1209600
1988-06-01,0.10718694308929089,0.1131421594307825,0.10420972108840942,0.10420972108840942,2259200
1988-06-02,0.10420972108840942,0.1131421594307825,0.10420972108840942,0.10420972108840942,278400
1988-06-03,0.10420972108840942,0.10718694308929089,0.1027211044090001,0.10420972108840942,4992000
1988-06-06,0.10420975026062251,0.10718697309494019,0.10420975026062251,0.10718697309494019,662400
1988-06-07,0.10718694308929089,0.10718694308929089,0.10420972108840942,0.10420972108840942,934400
1988-06-08,0.10420972108840942,0.10420972108840942,0.10420972108840942,0.10420972108840942,313600
1988-06-09,0.1042097179836778,0.10718693989585856,0.0982545018196106,0.0982545018196106,992000
1988-06-10,0.0982545018196106,0.10123249607149704,0.0982545018196106,0.0982545018196106,195200
1988-06-13,0.09825454878526316,0.09825454878526316,0.08932287310041344,0.09230010211467743,835200
1988-06-14,0.09230007214787683,0.09825451688525,0.09230007214787683,0.09527729451656342,998400
1988-06-15,0.0952773254499703,0.0952773254499703,0.08932287310041344,0.09230010211467743,524800
1988-06-16,0.09230007214787683,0.09527729451656342,0.09230007214787683,0.09527729451656342,835200
1988-06-17,0.0952773254499703,0.0952773254499703,0.09230010211467743,0.09230010211467743,339200
1988-06-20,0.09230010211467743,0.0952773254499703,0.09230010211467743,0.09230010211467743,204800
1988-06-21,0.09230010211467743,0.0952773254499703,0.08932287310041344,0.09230010211467743,118400
1988-06-22,0.09230010211467743,0.0952773254499703,0.08932287310041344,0.09230010211467743,563200
1988-06-23,0.09230008574341303,0.09527730855063594,0.08932285725722,0.09081146866083145,790400
1988-06-24,0.09081146896736349,0.09230008605496987,0.08932285755872726,0.08932285755872726,265600
1988-06-27,0.08932285755872726,0.09230008605496987,0.08932285755872726,0.08932285755872726,2736000
1988-06-28,0.08932287310041344,0.09230010211467743,0.08932287310041344,0.09230010211467743,793600
1988-06-29,0.09230010211467743,0.09230010211467743,0.08932287310041344,0.09230010211467743,1110400
1988-06-30,0.09230010211467743,0.09230010211467743,0.08634488310401686,0.09230010211467743,358400
1988-07-01,0.09230008574341303,0.09230008574341303,0.08932285725722,0.09081146866083145,361600
1988-07-05,0.09081146896736349,0.09527730887224233,0.08932285755872726,0.08932285755872726,720000
1988-07-06,0.09230010211467743,0.09825454878526316,0.09230010211467743,0.09230010211467743,867200
1988-07-07,0.09230010211467743,0.09825454878526316,0.08932287310041344,0.09230010211467743,883200
1988-07-08,0.09230010211467743,0.09825454878526316,0.09230010211467743,0.09230010211467743,118400
1988-07-11,0.09230005799524907,0.0982545018196106,0.09230005799524907,0.0982545018196106,4201600
1988-07-12,0.09825451688525,0.09825451688525,0.09230007214787683,0.09527729451656342,1590400
1988-07-13,0.09527729451656342,0.09825451688525,0.09527729451656342,0.09527729451656342,1280000
1988-07-14,0.09527727990742983,0.0982545018196106,0.09527727990742983,0.0982545018196106,838400
1988-07-15,0.0982545018196106,0.0982545018196106,0.09527727990742983,0.0982545018196106,1462400
1988-07-18,0.09825452616580793,0.09825452616580793,0.09230008086601207,0.0967659205198288,4899200
1988-07-19,0.09676589654248864,0.0982545018196106,0.09230005799524907,0.0982545018196106,2300800
1988-07-20,0.0982545018196106,0.0982545018196106,0.09230005799524907,0.0982545018196106,134400
1988-07-21,0.09825451688525,0.09825451688525,0.09230007214787683,0.09527729451656342,1945600
1988-07-22,0.09527729451656342,0.09825451688525,0.09527729451656342,0.09527729451656342,1900800
1988-07-25,0.09527729657923938,0.10123251378536224,0.09527729657923938,0.10123251378536224,6547200
1988-07-26,0.10123251378536224,0.10123251378536224,0.09527729657923938,0.10123251378536224,1724800
1988-07-27,0.0982545018196106,0.0982545018196106,0.09527727990742983,0.0982545018196106,953600
1988-07-28,0.09825451688525,0.10123251159376068,0.09527729451656342,0.09527729451656342,3932800
1988-07-29,0.09527729451656342,0.096765911379876,0.09527729451656342,0.09527729451656342,982400
1988-08-01,0.09527727990742983,0.0982545018196106,0.09527727990742983,0.0982545018196106,828800
1988-08-02,0.09825451688525,0.09825451688525,0.09527729451656342,0.09527729451656342,1123200
1988-08-03,0.09527729451656342,0.09825451688525,0.09527729451656342,0.09527729451656342,332800
1988-08-04,0.09527729451656342,0.096765911379876,0.09527729451656342,0.09527729451656342,1379200
1988-08-05,0.09527729451656342,0.096765911379876,0.09527729451656342,0.09527729451656342,1145600
1988-08-08,0.09527729451656342,0.09825451688525,0.09527729451656342,0.09527729451656342,1363200
1988-08-09,0.09527729451656342,0.096765911379876,0.09527729451656342,0.09527729451656342,944000
1988-08-10,0.0923000779453907,0.0923000779453907,0.08634486049413681,0.08634486049413681,185600
1988-08-11,0.08634486808048449,0.09230008605496987,0.08634486808048449,0.08932285755872726,502400
1988-08-12,0.08932285755872726,0.09527730887224233,0.08932285755872726,0.08932285755872726,310400
1988-08-15,0.08932285755872726,0.09081146896736349,0.08932285755872726,0.08932285755872726,1043200
1988-08-16,0.08932285755872726,0.09230008605496987,0.08932285755872726,0.08932285755872726,214400
1988-08-17,0.08932284410022095,0.09527729451656342,0.08932284410022095,0.09527729451656342,611200
1988-08-18,0.09230010211467743,0.09230010211467743,0.08932287310041344,0.09230010211467743,451200
1988-08-19,0.09230008605496987,0.09230008605496987,0.08932285755872726,0.08932285755872726,496000
1988-08-22,0.08932287310041344,0.0952773254499703,0.08932287310041344,0.09230010211467743,352000
1988-08-23,0.09230007956113585,0.09378869086503983,0.08932285127435814,0.09378869086503983,777600
1988-08-24,0.09378871378232387,0.0952773254499703,0.08932287310041344,0.09230010211467743,736000
1988-08-25,0.09230010211467743,0.0952773254499703,0.09230010211467743,0.09230010211467743,2742400
1988-08-26,0.09230008605496987,0.09230008605496987,0.08932285755872726,0.08932285755872726,8838400
1988-08-29,0.08932285755872726,0.09230008605496987,0.08932285755872726,0.08932285755872726,96000
1988-08-30,0.08932285755872726,0.09230008605496987,0.08932285755872726,0.08932285755872726,665600
1988-08-31,0.08932285755872726,0.09081146896736349,0.08932285755872726,0.08932285755872726,342400
1988-09-01,0.08932285755872726,0.09230008605496987,0.08932285755872726,0.08932285755872726,1379200
1988-09-02,0.0893228497107304,0.0923000779453907,0.08634486049413681,0.08634486049413681,1043200
1988-09-06,0.08634486049413681,0.0923000779453907,0.08634486049413681,0.08634486049413681,1059200
1988-09-07,0.08932287310041344,0.0952773254499703,0.08932287310041344,0.09230010211467743,537600
1988-09-08,0.09230010211467743,0.0952773254499703,0.08634488310401686,0.09230010211467743,1126400
1988-09-09,0.09230007214787683,0.09527729451656342,0.08932284410022095,0.09527729451656342,592000
1988-09-12,0.09527727990742983,0.0982545018196106,0.09230005799524907,0.0982545018196106,2044800
1988-09-13,0.09825451688525,0.09825451688525,0.09230007214787683,0.09527729451656342,2147200
1988-09-14,0.09527729451656342,0.09825451688525,0.09527729451656342,0.09527729451656342,3516800
1988-09-15,0.09527729451656342,0.09825451688525,0.09527729451656342,0.09527729451656342,902400
1988-09-16,0.09527729657923938,0.10420973621850327,0.09527729657923938,0.10123251378536224,6812800
1988-09-19,0.10123251378536224,0.10420973621850327,0.10123251378536224,0.10123251378536224,1174400
1988-09-20,0.10123249908752796,0.10420972108840942,0.10123249908752796,0.10420972108840942,4771200
1988-09-21,0.10420973621850327,0.10420973621850327,0.10123251378536224,0.10123251378536224,883200
1988-09-22,0.10123251378536224,0.10420973621850327,0.0982545190123804,0.10123251378536224,7974400
1988-09-23,0.10123251378536224,0.10420973621850327,0.0982545190123804,0.10123251378536224,5228800
1988-09-26,0.10123249607149704,0.10123249607149704,0.0982545018196106,0.0982545018196106,5609600
1988-09-27,0.0982545018196106,0.10123249607149704,0.0982545018196106,0.0982545018196106,2409600
1988-09-28,0.0982545018196106,0.1042097179836778,0.0982545018196106,0.0982545018196106,768000
1988-09-29,0.09825451104800133,0.10123250557959092,0.09825451104800133,0.09974312782287598,668800
1988-09-30,0.09974313374856258,0.10123251159376068,0.09527729451656342,0.09527729451656342,2758400
1988-10-03,0.09527729451656342,0.09825451688525,0.09527729451656342,0.09527729451656342,486400
1988-10-04,0.0952773254499703,0.0952773254499703,0.09230010211467743,0.09230010211467743,2172800
1988-10-05,0.09230010211467743,0.0952773254499703,0.09230010211467743,0.09230010211467743,1360000
1988-10-06,0.09230010211467743,0.0952773254499703,0.09230010211467743,0.09230010211467743,4153600
1988-10-07,0.09230010211467743,0.09825454878526316,0.09230010211467743,0.09230010211467743,2812800
1988-10-10,0.09230010211467743,0.09825454878526316,0.09230010211467743,0.09230010211467743,89600
1988-10-11,0.09230010211467743,0.0952773254499703,0.09230010211467743,0.09230010211467743,1174400
1988-10-12,0.09230010211467743,0.0952773254499703,0.09230010211467743,0.09230010211467743,944000
1988-10-13,0.09230010211467743,0.09230010211467743,0.09230010211467743,0.09230010211467743,51200
1988-10-14,0.09230007214787683,0.09527729451656342,0.09230007214787683,0.09527729451656342,48000
1988-10-17,0.09527729451656342,0.10420973396244726,0.09230007214787683,0.09527729451656342,2809600
1988-10-18,0.10420975026062251,0.11016419592925786,0.10420975026062251,0.10718697309494019,1232000
1988-10-19,0.10718695865164429,0.11016418108478533,0.10123251378536224,0.10123251378536224,1558400
1988-10-20,0.10123249607149704,0.1042097179836778,0.0982545018196106,0.0982545018196106,892800
1988-10-21,0.0982545018196106,0.10123249607149704,0.09527727990742983,0.0982545018196106,662400
1988-10-24,0.0982545190123804,0.10420973621850327,0.0982545190123804,0.10123251378536224,681600
1988-10-25,0.10123251378536224,0.10123251378536224,0.09527729657923938,0.10123251378536224,556800
1988-10-26,0.0982545018196106,0.0982545018196106,0.0982545018196106,0.0982545018196106,131200
1988-10-27,0.0982545018196106,0.0982545018196106,0.09527727990742983,0.0982545018196106,665600
1988-10-28,0.0982545018196106,0.10123249607149704,0.09527727990742983,0.0982545018196106,1216000
1988-10-31,0.09825451688525,0.10123251159376068,0.09527729451656342,0.09527729451656342,214400
1988-11-01,0.09527727990742983,0.10123249607149704,0.09527727990742983,0.0982545018196106,2614400
1988-11-02,0.0982545018196106,0.10123249607149704,0.0982545018196106,0.0982545018196106,496000
1988-11-03,0.0982545018196106,0.10123249607149704,0.0982545018196106,0.0982545018196106,1625600
1988-11-04,0.0982545018196106,0.10123249607149704,0.0982545018196106,0.0982545018196106,332800
1988-11-07,0.0982545190123804,0.10123251378536224,0.0982545190123804,0.10123251378536224,838400
1988-11-08,0.10123249607149704,0.10123249607149704,0.09527727990742983,0.0982545018196106,486400
1988-11-09,0.0982545018196106,0.10123249607149704,0.0982545018196106,0.0982545018196106,876800
1988-11-10,0.0982545190123804,0.10123251378536224,0.0982545190123804,0.10123251378536224,1481600
1988-11-11,0.10123249607149704,0.10123249607149704,0.0982545018196106,0.0982545018196106,275200
1988-11-14,0.0982545190123804,0.10123251378536224,0.0982545190123804,0.10123251378536224,1068800
1988-11-15,0.10123249607149704,0.10123249607149704,0.0982545018196106,0.0982545018196106,310400
1988-11-16,0.0982545190123804,0.10123251378536224,0.09527729657923938,0.10123251378536224,1702400
1988-11-17,0.09527729451656342,0.09527729451656342,0.09527729451656342,0.09527729451656342,470400
1988-11-18,0.09527727990742983,0.0982545018196106,0.09230005799524907,0.0982545018196106,1094400
1988-11-21,0.09230010211467743,0.09230010211467743,0.09230010211467743,0.09230010211467743,144000
1988-11-22,0.09230005799524907,0.0982545018196106,0.09230005799524907,0.0982545018196106,204800
1988-11-23,0.09825454878526316,0.09825454878526316,0.09230010211467743,0.09230010211467743,540800
1988-11-25,0.09230010211467743,0.09825454878526316,0.09230010211467743,0.09230010211467743,268800
1988-11-28,0.09230007214787683,0.09825451688525,0.09230007214787683,0.09527729451656342,1257600
1988-11-29,0.0952773254499703,0.0952773254499703,0.09230010211467743,0.09230010211467743,771200
1988-11-30,0.09230010211467743,0.0952773254499703,0.09230010211467743,0.09230010211467743,1360000
1988-12-01,0.09230010211467743,0.09825454878526316,0.09230010211467743,0.09230010211467743,5084800
1988-12-02,0.09230005799524907,0.0982545018196106,0.09230005799524907,0.0982545018196106,422400
1988-12-05,0.09825451688525,0.09825451688525,0.09230007214787683,0.09527729451656342,1030400
1988-12-06,0.09527729451656342,0.09825451688525,0.09230007214787683,0.09527729451656342,800000
1988-12-07,0.09527729451656342,0.096765911379876,0.09527729451656342,0.09527729451656342,204800
1988-12-08,0.09527729451656342,0.09825451688525,0.09527729451656342,0.09527729451656342,390400
1988-12-09,0.09527729451656342,0.09825451688525,0.09527729451656342,0.09527729451656342,473600
1988-12-12,0.09527727990742983,0.0982545018196106,0.09527727990742983,0.0982545018196106,611200
1988-12-13,0.09825451688525,0.10123251159376068,0.09527729451656342,0.09527729451656342,1459200
1988-12-14,0.09527729451656342,0.09825451688525,0.09527729451656342,0.09527729451656342,1187200
1988-12-15,0.09527727990742983,0.0982545018196106,0.09527727990742983,0.0982545018196106,1196800
1988-12-16,0.0982545018196106,0.10123249607149704,0.09527727990742983,0.0982545018196106,5139200
1988-12-19,0.0982545190123804,0.10123251378536224,0.0982545190123804,0.10123251378536224,1721600
1988-12-20,0.10123249607149704,0.10123249607149704,0.0982545018196106,0.0982545018196106,1056000
1988-12-21,0.0982545018196106,0.10123249607149704,0.0982545018196106,0.0982545018196106,2377600
1988-12-22,0.09825451688525,0.09825451688525,0.09527729451656342,0.09527729451656342,1040000
1988-12-23,0.09527729451656342,0.09825451688525,0.09527729451656342,0.09527729451656342,2803200
1988-12-27,0.0952773254499703,0.09825454878526316,0.09230010211467743,0.09230010211467743,2169600
1988-12-28,0.09230005799524907,0.0982545018196106,0.09230005799524907,0.0982545018196106,2470400
1988-12-29,0.09825450474691781,0.10420972108840942,0.09527728274603635,0.10420972108840942,1996800
1988-12-30,0.10420975026062251,0.10718697309494019,0.09825453225204228,0.10718697309494019,1340800
1989-01-03,0.10718695865164429,0.10718695865164429,0.10123251378536224,0.10123251378536224,364800
1989-01-04,0.10123251378536224,0.10420973621850327,0.10123251378536224,0.10123251378536224,140800
1989-01-05,0.10123251378536224,0.10718695865164429,0.10123251378536224,0.10123251378536224,652800
1989-01-06,0.10123251378536224,0.10718695865164429,0.10123251378536224,0.10123251378536224,243200
1989-01-09,0.10123251378536224,0.10718695865164429,0.10123251378536224,0.10123251378536224,678400
1989-01-10,0.10123251378536224,0.10420973621850327,0.0982545190123804,0.10123251378536224,2675200
1989-01-11,0.10420975026062251,0.10718697309494019,0.10420975026062251,0.10718697309494019,1420800
1989-01-12,0.10718694308929089,0.10718694308929089,0.10420972108840942,0.10420972108840942,1056000
1989-01-13,0.10420975026062251,0.10718697309494019,0.10420975026062251,0.10718697309494019,713600
1989-01-16,0.10718697309494019,0.10718697309494019,0.10420975026062251,0.10718697309494019,272000
1989-01-17,0.10718697309494019,0.10718697309494019,0.10420975026062251,0.10718697309494019,2425600
1989-01-18,0.10718694308929089,0.10718694308929089,0.10420972108840942,0.10420972108840942,51200
1989-01-19,0.10420975026062251,0.11016419592925786,0.10420975026062251,0.10718697309494019,1808000
1989-01-20,0.10718697309494019,0.11314219110352042,0.10718697309494019,0.10718697309494019,140800
1989-01-23,0.10718697309494019,0.11016419592925786,0.10718697309494019,0.10718697309494019,825600
1989-01-24,0.10718697309494019,0.11314219110352042,0.10718697309494019,0.10718697309494019,425600
1989-01-25,0.10718697428882741,0.11314219236373901,0.10718697428882741,0.11314219236373901,1433600
1989-01-26,0.11314219247017103,0.12207386108101015,0.1101641972599371,0.12058525532484055,4188800
1989-01-27,0.12058525446175847,0.12802907824516296,0.11909663735830306,0.12802907824516296,5836800
1989-01-30,0.1250518560409546,0.1250518560409546,0.11909663797236025,0.1250518560409546,816000
1989-01-31,0.12505178544421572,0.12505178544421572,0.11909657073757846,0.12207379192113876,665600
1989-02-01,0.11909658461809158,0.11909658461809158,0.11611936308754096,0.11909658461809158,268800
1989-02-02,0.11909657073757846,0.12505178544421572,0.11611934955401816,0.12207379192113876,5116800
1989-02-03,0.12207380406586955,0.13398346232448105,0.12207380406586955,0.13100624084472656,5984000
1989-02-06,0.13100627314830557,0.13993871212972692,0.1280290509344264,0.13696148991584778,2937600
1989-02-07,0.13696144210733327,0.1458931056312351,0.13398344859318498,0.14440450072288513,15814400
1989-02-08,0.14440461262633236,0.1458932186882476,0.13993877172470093,0.13993877172470093,16214400
1989-02-09,0.13993871212972692,0.14291593434360605,0.13696148991584778,0.13696148991584778,5017600
1989-02-10,0.13696148991584778,0.14291593434360605,0.13696148991584778,0.13696148991584778,5043200
1989-02-13,0.13696154824292758,0.13993877172470093,0.1339835524210414,0.13993877172470093,2947200
1989-02-14,0.13993871212972692,0.13993871212972692,0.13696148991584778,0.13696148991584778,1344000
1989-02-15,0.1369614954014448,0.14291594006769115,0.1369614954014448,0.14142732322216034,4720000
1989-02-16,0.1414273912683086,0.14589323259565035,0.13993878506449065,0.1429160088300705,5216000
1989-02-17,0.14291599163642296,0.15780288101352696,0.14291599163642296,0.15482565760612488,18841600
1989-02-21,0.15482565760612488,0.15780288101352696,0.1518484341987228,0.15482565760612488,7571200
1989-02-22,0.15482558286630155,0.15780280483649253,0.1458931446160078,0.15184836089611053,9836800
1989-02-23,0.15184837585657743,0.15482559812009153,0.14887115359306335,0.14887115359306335,4892800
1989-02-24,0.1488712107913207,0.15482565760612488,0.1488712107913207,0.15482565760612488,5827200
1989-02-27,0.15482559812009153,0.15482559812009153,0.14887115359306335,0.14887115359306335,1603200
1989-02-28,0.14887113892591952,0.15780280483649253,0.14887113892591952,0.15184836089611053,553600
1989-03-01,0.1518484341987228,0.15482565760612488,0.1518484341987228,0.15482565760612488,3267200
1989-03-02,0.15482560022283354,0.16971248408238493,0.15184837791888472,0.1637580394744873,11955200
1989-03-03,0.1637580686467004,0.18460017316681387,0.15780285063812016,0.17864495515823364,9878400
1989-03-06,0.17864489518419568,0.18162211701901088,0.1756676733493805,0.1756676733493805,4659200
1989-03-07,0.17566768522555112,0.1786449072616441,0.16673524677753448,0.16673524677753448,5433600
1989-03-08,0.16673524986324922,0.18162213265895844,0.16375802777205778,0.18162213265895844,24044800
1989-03-09,0.17864495515823364,0.17864495515823364,0.1726905094895983,0.17864495515823364,3852800
1989-03-10,0.178644991255372,0.178644991255372,0.17269054438357673,0.17715637385845184,2128000
1989-03-13,0.17566768539956573,0.17566768539956573,0.16971246898174286,0.16971246898174286,1513600
1989-03-14,0.16971246881362742,0.17566768522555112,0.16673524677753448,0.16673524677753448,156800
1989-03-15,0.1667352469427007,0.17269046336052357,0.1667352469427007,0.16971246898174286,3132800
1989-03-16,0.16971246881362742,0.1726904631894582,0.16673524677753448,0.16673524677753448,947200
1989-03-17,0.16673527507059896,0.16971249761189244,0.1518483900242627,0.15780283510684967,1584000
1989-03-20,0.15780282038360563,0.15780282038360563,0.14887115359306335,0.14887115359306335,3574400
1989-03-21,0.1488712107913207,0.15780288101352696,0.1488712107913207,0.15482565760612488,3190400
1989-03-22,0.15482558629342488,0.16822386347454962,0.15482558629342488,0.16673524677753448,2403200
1989-03-23,0.16673527733488935,0.16673527733488935,0.16078083217144012,0.16078083217144012,1689600
1989-03-27,0.163757985985174,0.16971242864813413,0.163757985985174,0.16524659097194672,4563200
1989-03-28,0.16524664494749253,0.16673526177843612,0.1637580394744873,0.1637580394744873,310400
1989-03-29,0.16375802474144152,0.16673524677753448,0.16375802474144152,0.16673524677753448,1849600
1989-03-30,0.16673524677753448,0.16971246881362742,0.15184836425733192,0.16673524677753448,4608000
1989-03-31,0.1667352469427007,0.17269046336052357,0.1667352469427007,0.16971246898174286,6793600
1989-04-03,0.16971246881362742,0.1726904631894582,0.16673524677753448,0.16673524677753448,6377600
1989-04-04,0.16673524677753448,0.16971246881362742,0.16375802474144152,0.16673524677753448,780800
1989-04-05,0.16673524677753448,0.16673524677753448,0.16375802474144152,0.16673524677753448,8790400
1989-04-06,0.16673526177843612,0.16673526177843612,0.16078081717053846,0.1637580394744873,2960000
1989-04-07,0.163757985985174,0.16673520731665406,0.16078076465369393,0.16524659097194672,4083200
1989-04-10,0.16524663008051935,0.16673524677753448,0.16375802474144152,0.16673524677753448,1072000
1989-04-11,0.16673524677753448,0.16971246881362742,0.16375802474144152,0.16673524677753448,11433600
1989-04-12,0.16822386364119044,0.174179068701076,0.16822386364119044,0.16971246898174286,9289600
1989-04-13,0.16971246881362742,0.1726904631894582,0.16673524677753448,0.16673524677753448,5756800
1989-04-14,0.1667352469427007,0.16971246898174286,0.1667352469427007,0.16971246898174286,10320000
1989-04-17,0.16971246898174286,0.16971246898174286,0.1667352469427007,0.16971246898174286,784000
1989-04-18,0.16971246881362742,0.1726904631894582,0.16673524677753448,0.16673524677753448,3507200
1989-04-19,0.16673522646283256,0.1697124481361865,0.16673522646283256,0.16822384297847748,10886400
1989-04-20,0.16822386347454962,0.16971246881362742,0.16673524677753448,0.16673524677753448,2323200
1989-04-21,0.1667352469427007,0.17269046336052357,0.1667352469427007,0.16971246898174286,3558400
1989-04-24,0.16971246881362742,0.1726904631894582,0.16673524677753448,0.16673524677753448,1113600
1989-04-25,0.16673524677753448,0.1726904631894582,0.16673524677753448,0.16673524677753448,784000
1989-04-26,0.1667353285670547,0.17269054790022212,0.1667353285670547,0.1712011694908142,643200
1989-04-27,0.17120107393644038,0.1756676733493805,0.16673523550524932,0.1756676733493805,3190400
1989-04-28,0.1756677189589617,0.18757738173007965,0.17269049635115372,0.18757738173007965,11036800
1989-05-01,0.18757729518114777,0.2054414062832472,0.18757729518114777,0.19948694109916687,13241600
1989-05-02,0.19948708188795172,0.20246431658118688,0.18460020422935486,0.18460020422935486,4176000
1989-05-03,0.1846001591222717,0.19055460433788762,0.1816221641745776,0.18757738173007965,3833600
1989-05-04,0.18757738173007965,0.19055460433788762,0.1846001591222717,0.18757738173007965,2572800
1989-05-05,0.19055459078620463,0.20544148646435775,0.19055459078620463,0.2024642527103424,13900800
1989-05-08,0.2024642560131292,0.21437391813154855,0.2024642560131292,0.20544148981571198,8387200
1989-05-09,0.20544151670492283,0.2203291641984606,0.20544151670492283,0.21437394618988037,19724800
1989-05-10,0.21437388942243008,0.22032910585403442,0.21437388942243008,0.22032910585403442,10809600
1989-05-11,0.2203291025200734,0.2203291025200734,0.2054414591941459,0.20841944217681885,4499200
1989-05-12,0.2084194388839593,0.2143738827916468,0.2084194388839593,0.21139664947986603,4288000
1989-05-15,0.21139674381679696,0.21735121309757233,0.20841953189229342,0.21735121309757233,14620800
1989-05-16,0.2173511803821384,0.2173511803821384,0.21139671199762233,0.21437394618988037,2873600
1989-05-17,0.21437388617858177,0.21735111953740044,0.20841944217681885,0.20841944217681885,13913600
1989-05-18,0.2084194388839593,0.2143738827916468,0.2084194388839593,0.21139664947986603,406400
1989-05-19,0.21139665281976314,0.21437388617858177,0.20841944217681885,0.20841944217681885,4892800
1989-05-22,0.20841950052124503,0.2173511803821384,0.20544151670492283,0.21437394618988037,3145600
1989-05-23,0.21437394618988037,0.2173511803821384,0.21139671199762233,0.21437394618988037,1424000
1989-05-24,0.21437394618988037,0.21437394618988037,0.21139671199762233,0.21437394618988037,3596800
1989-05-25,0.2143738827916468,0.21735111610342756,0.21139664947986606,0.21139664947986603,3056000
1989-05-26,0.21139671199762233,0.2173511803821384,0.21139671199762233,0.21437394618988037,2281600
1989-05-30,0.21437394618988037,0.2173511803821384,0.21437394618988037,0.21437394618988037,3302400
1989-05-31,0.21437394618988037,0.2173511803821384,0.21437394618988037,0.21437394618988037,2332800
1989-06-01,0.21437391813154855,0.21735115193413132,0.2024642560131292,0.20544148981571198,3987200
1989-06-02,0.2054414591941459,0.21437388617858177,0.2054414591941459,0.20841944217681885,1817600
1989-06-05,0.2084194388839593,0.2143738827916468,0.2084194388839593,0.21139664947986603,4358400
1989-06-06,0.21139668432896577,0.21139668432896577,0.2024642560131292,0.20544148981571198,4348800
1989-06-07,0.20544148981571198,0.20841947324226076,0.2024642560131292,0.20544148981571198,9840000
1989-06-08,0.20544145594833607,0.21139664947986606,0.2024642226365553,0.21139664947986603,5145600
1989-06-09,0.21139671199762233,0.21437394618988037,0.20841950052124503,0.21437394618988037,3286400
1989-06-12,0.21437394618988037,0.21437394618988037,0.20841950052124503,0.21437394618988037,8256000
1989-06-13,0.2143738827916468,0.2143738827916468,0.2084194388839593,0.21139664947986603,21193600
1989-06-14,0.21139674381679696,0.21735121309757233,0.21139674381679696,0.21735121309757233,14009600
1989-06-15,0.21437388617858177,0.21437388617858177,0.20841944217681885,0.20841944217681885,1331200
1989-06-16,0.2084194388839593,0.2143738827916468,0.2084194388839593,0.21139664947986603,1328000
1989-06-19,0.21139665601856072,0.22032910585403442,0.21139665601856072,0.22032910585403442,16236800
1989-06-20,0.220329197362137,0.220329197362137,0.21437397845718464,0.21735121309757233,6137600
1989-06-21,0.21735121309757233,0.21735121309757233,0.21139674381679696,0.21735121309757233,4348800
1989-06-22,0.21735121309757233,0.21735121309757233,0.21139674381679696,0.21735121309757233,892800
1989-06-23,0.21735111610342756,0.21735111610342756,0.21139664947986606,0.21139664947986603,268800
1989-06-26,0.21139665281976314,0.21735111953740044,0.20841944217681885,0.20841944217681885,4220800
1989-06-27,0.2084194388839593,0.21139664947986606,0.20544145594833607,0.21139664947986603,6492800
1989-06-28,0.21139665281976314,0.21139665281976314,0.2054414591941459,0.20841944217681885,2768000
1989-06-29,0.20841944217681885,0.21139665281976314,0.2054414591941459,0.20841944217681885,1171200
1989-06-30,0.20841944217681885,0.21139665281976314,0.2054414591941459,0.20841944217681885,2915200
1989-07-03,0.2084194388839593,0.21139664947986606,0.2084194388839593,0.21139664947986603,156800
1989-07-05,0.21139674381679696,0.21735121309757233,0.20544154762772873,0.21735121309757233,2454400
1989-07-06,0.21735112261265907,0.23521597683429718,0.21437388921171613,0.23521597683429718,23907200
1989-07-07,0.23819324516114734,0.25308014125669487,0.23819324516114734,0.2501029074192047,31993600
1989-07-10,0.2501029041119557,0.2530801379100762,0.24712567031383514,0.24712567031383514,6470400
1989-07-11,0.24712562889050557,0.25010286218958067,0.24117043538439,0.24414841830730438,8899200
1989-07-12,0.2441484945019745,0.24712570601431372,0.23521604219324066,0.2411705106496811,1904000
1989-07-13,0.2411704758095069,0.25605812133216166,0.23819324201138636,0.24712567031383514,12169600
1989-07-14,0.24712559059315192,0.2620124816894531,0.24712559059315192,0.2620124816894531,10848000
1989-07-17,0.26201256967726205,0.26201256967726205,0.24712567358171456,0.2501029074192047,3600000
1989-07-18,0.2501029041119557,0.2501029041119557,0.2411704758095069,0.24712567031383514,2777600
1989-07-19,0.24712571446614442,0.2590353786945343,0.24117051889784094,0.2590353786945343,5008000
1989-07-20,0.25903524885176343,0.27392213994806464,0.2560580387299441,0.2620124816894531,19900800
1989-07-21,0.2620126130245775,0.2679678313087628,0.2590353786945343,0.2590353786945343,2368000
1989-07-24,0.25903533583977195,0.25903533583977195,0.2501029074192047,0.2501029074192047,2108800
1989-07-25,0.2501029074192047,0.2560581247181598,0.24414846246010244,0.2501029074192047,5491200
1989-07-26,0.2501029842779608,0.25308021903038025,0.2501029842779608,0.25308021903038025,1747200
1989-07-27,0.2530801379100762,0.2530801379100762,0.23819324201138636,0.24712567031383514,3766400
1989-07-28,0.24712567358171456,0.25308014125669487,0.2352160113236572,0.2501029074192047,5539200
1989-07-31,0.25010286218958067,0.2530800954886558,0.24414841830730438,0.24414841830730438,3990400
1989-08-01,0.2441484945019745,0.25010294024253393,0.2411705106496811,0.2411705106496811,5798400
1989-08-02,0.24117044714827338,0.24117044714827338,0.22926078646307468,0.23223876953125,4588800
1989-08-03,0.23223879125032026,0.26498979330062866,0.2292608079036427,0.26498979330062866,12496000
1989-08-04,0.2649897145271428,0.2649897145271428,0.25903524885176343,0.2620124816894531,7020800
1989-08-07,0.2620124816894531,0.2649897145271428,0.2560580387299441,0.2620124816894531,20044800
1989-08-08,0.262012641311383,0.2768995414770014,0.2590354066599185,0.27094507217407227,64179200
1989-08-09,0.27094511513411135,0.2947644499391231,0.27094511513411135,0.285832017660141,19212800
1989-08-10,0.285832017660141,0.28880925278366476,0.2828547825366172,0.285832017660141,7305600
1989-08-11,0.285832017660141,0.28880925278366476,0.2798775701289813,0.285832017660141,7782400
1989-08-14,0.2858319466421126,0.2858319466421126,0.2739222821986912,0.276899516582489,3488000
1989-08-15,0.2768994987682163,0.2768994987682163,0.2649898350910007,0.27392226457595825,4384000
1989-08-16,0.2739223068255368,0.2739223068255368,0.27094507217407227,0.27094507217407227,1427200
1989-08-17,0.2709450303837002,0.2798774825845385,0.2709450303837002,0.27392226457595825,3635200
1989-08-18,0.27392226457595825,0.2768994987682163,0.2709450303837002,0.27392226457595825,528000
1989-08-21,0.2739223267932845,0.2768995616617765,0.2679678797721863,0.2679678797721863,3280000
1989-08-22,0.2679678797721863,0.27094509192479244,0.26201266041096777,0.2679678797721863,4000000
1989-08-23,0.26796786023849195,0.27094507217407227,0.2649898759628476,0.27094507217407227,4288000
1989-08-24,0.27094508690103647,0.2977416540373107,0.2679678748036326,0.29178720712661743,10336000
1989-08-25,0.291787128627411,0.3007188079485126,0.291787128627411,0.29476433992385864,11619200
1989-08-28,0.29476429872949667,0.3007187659219926,0.2917870878491249,0.29774153232574463,2441600
1989-08-29,0.29774142595125236,0.29774142595125236,0.2858317689132023,0.28880900144577026,4364800
1989-08-30,0.28583199317560115,0.28583199317560115,0.26201266041096777,0.2679678797721863,7136000
1989-08-31,0.26796783614697783,0.2798775005903992,0.26796783614697783,0.276899516582489,3507200
1989-09-01,0.2768995853811589,0.285832017660141,0.2739223502576351,0.285832017660141,1120000
1989-09-05,0.285832017660141,0.28880925278366476,0.2828547825366172,0.285832017660141,268800
1989-09-06,0.2828546464443207,0.2828546464443207,0.27689945215413636,0.2828546464443207,928000
1989-09-07,0.28285471225831477,0.28285471225831477,0.2709450478148934,0.276899516582489,1267200
1989-09-08,0.2768995414770014,0.2768995414770014,0.26796786023849195,0.27094507217407227,1849600
1989-09-11,0.27094507217407227,0.2768995414770014,0.26796786023849195,0.27094507217407227,643200
1989-09-12,0.27094507217407227,0.2739223068255368,0.26796786023849195,0.27094507217407227,492800
1989-09-13,0.27094507217407227,0.2739223068255368,0.26796786023849195,0.27094507217407227,2745600
1989-09-14,0.2709449876541607,0.27392222137689237,0.26201255957789704,0.26498979330062866,3484800
1989-09-15,0.2649898473546207,0.2649898473546207,0.2501029487961876,0.2590353786945343,5056000
1989-09-18,0.2590353258551654,0.26498979330062866,0.2560581148483109,0.26498979330062866,3708800
1989-09-19,0.26498979330062866,0.2709449876541607,0.2590353258551654,0.26498979330062866,53472000
1989-09-20,0.2649897145271428,0.2649897145271428,0.2620124816894531,0.2620124816894531,16912000
1989-09-21,0.26201265787853617,0.27987754344940186,0.26201265787853617,0.27987754344940186,16745600
1989-09-22,0.27987743546913596,0.2828546464443207,0.27392221846307474,0.2828546464443207,19443200
1989-09-25,0.2828546464443207,0.2858318801353823,0.27987743546913596,0.2828546464443207,4208000
1989-09-26,0.28285475557323236,0.28285475557323236,0.27392232414574236,0.27987754344940186,4211200
1989-09-27,0.2768995414770014,0.2768995414770014,0.2649898759628476,0.27094507217407227,5968000
1989-09-28,0.2709450303837002,0.2798774825845385,0.2679678189073229,0.27392226457595825,4736000
1989-09-29,0.27392232414574236,0.27987754344940186,0.27392232414574236,0.27987754344940186,5408000
1989-10-02,0.2798775701289813,0.28880925278366476,0.2739223502576351,0.285832017660141,3379200
1989-10-03,0.2888091449910652,0.2977415739361856,0.2888091449910652,0.29476433992385864,22505600
1989-10-04,0.2947644192240213,0.2947644192240213,0.2888092226891076,0.29178720712661743,6252800
1989-10-05,0.2917870971414436,0.2917870971414436,0.2828546464443207,0.2828546464443207,9427200
1989-10-06,0.2828545986892464,0.3007187247276306,0.2739221722160851,0.3007187247276306,13254400
1989-10-09,0.3007187659219926,0.3007187659219926,0.29476429872949667,0.29774153232574463,1734400
1989-10-10,0.2977415739361856,0.3007188079485126,0.28583191097873817,0.29476433992385864,3030400
1989-10-11,0.29178723753148716,0.29178723753148716,0.2798775701289813,0.285832017660141,4006400
1989-10-12,0.28583199041294854,0.28583199041294854,0.27689955898545854,0.27987754344940186,2832000
1989-10-13,0.27987743844630153,0.282854649453156,0.26201255957789704,0.26498979330062866,3472000
1989-10-16,0.26498979330062866,0.26498979330062866,0.23521600225717476,0.26498979330062866,10425600
1989-10-17,0.26498979330062866,0.2709449876541607,0.26201255957789704,0.26498979330062866,6486400
1989-10-18,0.2649898473546207,0.2679678313087628,0.2590353786945343,0.2590353786945343,1529600
1989-10-19,0.2620124816894531,0.27392213994806464,0.2620124816894531,0.2620124816894531,12288000
1989-10-20,0.262012641311383,0.27094507217407227,0.262012641311383,0.27094507217407227,1603200
1989-10-23,0.27094509192479244,0.27094509192479244,0.2649898952794598,0.2679678797721863,857600
1989-10-24,0.2679678313087628,0.2679678313087628,0.2560581670803729,0.2590353786945343,2976000
1989-10-25,0.2590353679813559,0.2620126021882667,0.25308017265934724,0.2560581564903259,8745600
1989-10-26,0.25605820340700497,0.26201265019595893,0.25308021903038025,0.25308021903038025,6633600
1989-10-27,0.25308021903038025,0.2590354154435394,0.2501029842779608,0.25308021903038025,4486400
1989-10-30,0.25308014125669487,0.25308014125669487,0.24414846246010244,0.2501029074192047,3811200
1989-10-31,0.2501029074192047,0.2560581247181598,0.24712567358171456,0.2501029074192047,5116800
1989-11-01,0.2560581670803729,0.2679678313087628,0.2560581670803729,0.2590353786945343,2745600
1989-11-02,0.2590353258551654,0.26796777664730626,0.2590353258551654,0.26498979330062866,2198400
1989-11-03,0.2649897145271428,0.2649897145271428,0.25903524885176343,0.2620124816894531,787200
1989-11-06,0.2620126021882667,0.26498983639517754,0.2560581564903259,0.2560581564903259,2227200
1989-11-07,0.2590353786945343,0.2649898473546207,0.2590353786945343,0.2590353786945343,4928000
1989-11-08,0.262012641311383,0.27094507217407227,0.262012641311383,0.27094507217407227,7526400
1989-11-09,0.2709450303837002,0.2768994987682163,0.2679678189073229,0.27392226457595825,8611200
1989-11-10,0.2739222821986912,0.276899516582489,0.2709450478148934,0.276899516582489,4262400
1989-11-13,0.2768995414770014,0.2768995414770014,0.27094507217407227,0.27094507217407227,2819200
1989-11-14,0.2709450303837002,0.2768994987682163,0.2709450303837002,0.27392226457595825,3366400
1989-11-15,0.27392232414574236,0.27987754344940186,0.26796787718219567,0.27987754344940186,11843200
1989-11-16,0.27987754344940186,0.28285475557323236,0.27689955898545854,0.27987754344940186,2553600
1989-11-17,0.27987743546913596,0.2858318801353823,0.27987743546913596,0.2828546464443207,6316800
1989-11-20,0.2828546464443207,0.2858318801353823,0.27689945215413636,0.2828546464443207,2476800
1989-11-21,0.28285475557323236,0.28285475557323236,0.27689955898545854,0.27987754344940186,809600
1989-11-22,0.27987754344940186,0.28285475557323236,0.27392232414574236,0.27987754344940186,2329600
1989-11-24,0.27987743546913596,0.2858318801353823,0.27987743546913596,0.2828546464443207,556800
1989-11-27,0.2828546464443207,0.2858318801353823,0.2828546464443207,0.2828546464443207,1558400
1989-11-28,0.2828547825366172,0.28880925278366476,0.2828547825366172,0.285832017660141,2742400
1989-11-29,0.285832017660141,0.28880925278366476,0.2828547825366172,0.285832017660141,6435200
1989-11-30,0.2858317689132023,0.28880900144577026,0.2828545363806343,0.28880900144577026,1846400
1989-12-01,0.2888091449910652,0.29476433992385864,0.2828546769664112,0.29476433992385864,20380800
1989-12-04,0.2947644192240213,0.2977416540373107,0.29178720712661743,0.29178720712661743,2457600
1989-12-05,0.29178720712661743,0.2947644192240213,0.2858319878758182,0.29178720712661743,5027200
1989-12-06,0.2917869836019845,0.2917869836019845,0.2828545363806343,0.28880900144577026,1625600
1989-12-07,0.288809113826444,0.288809113826444,0.27689945215413636,0.2828546464443207,3494400
1989-12-08,0.28285475557323236,0.28285475557323236,0.27689955898545854,0.27987754344940186,3968000
1989-12-11,0.2798775005903992,0.2798775005903992,0.2739222821986912,0.276899516582489,1808000
1989-12-12,0.27689955898545854,0.27987754344940186,0.27689955898545854,0.27987754344940186,960000
1989-12-13,0.27987754344940186,0.27987754344940186,0.27689955898545854,0.27987754344940186,1475200
1989-12-14,0.2798774825845385,0.2798774825845385,0.2709450303837002,0.27392226457595825,6496000
1989-12-15,0.27392226457595825,0.2768994987682163,0.2679678189073229,0.27392226457595825,3795200
1989-12-18,0.2679677869762172,0.2679677869762172,0.24712567358171456,0.2501029074192047,4009600
1989-12-19,0.2501029487961876,0.2620126130245775,0.23521605023775455,0.2590353786945343,7475200
1989-12-20,0.2590353679813559,0.26498983639517754,0.2560581564903259,0.2560581564903259,12086400
1989-12-21,0.25605820340700497,0.2590354154435394,0.2501029842779608,0.25308021903038025,6336000
1989-12-22,0.2530800562685313,0.2620124816894531,0.2501028234308416,0.2620124816894531,4550400
1989-12-26,0.26201255957789704,0.26498979330062866,0.2590353258551654,0.26498979330062866,240000
1989-12-27,0.26498989271825235,0.27987754344940186,0.26498989271825235,0.27987754344940186,3724800
1989-12-28,0.2798774825845385,0.2798774825845385,0.27392226457595825,0.27392226457595825,3612800
1989-12-29,0.2768993444077202,0.2947641934186844,0.2768993444077202,0.28880900144577026,3164800
1990-01-02,0.2888092226891076,0.29178720712661743,0.2858319878758182,0.29178720712661743,2307200
1990-01-03,0.29178723753148716,0.2947644499391231,0.2828547825366172,0.285832017660141,4316800
1990-01-04,0.2858318801353823,0.288809113826444,0.27689945215413636,0.2828546464443207,1286400
1990-01-05,0.28285473768822605,0.28285473768822605,0.26796786023849195,0.27094507217407227,1171200
1990-01-08,0.2709449876541607,0.27392222137689237,0.26201255957789704,0.26498979330062866,1504000
1990-01-09,0.2649898473546207,0.2679678313087628,0.2590353786945343,0.2590353786945343,3404800
1990-01-10,0.25903524885176343,0.2620124816894531,0.2560580387299441,0.2620124816894531,1142400
1990-01-11,0.2620126021882667,0.2620126021882667,0.25308017265934724,0.2560581564903259,1328000
1990-01-12,0.2530801379100762,0.2530801379100762,0.2411704758095069,0.24712567031383514,6272000
1990-01-15,0.24712574952554128,0.25605820340700497,0.24117055311238214,0.25308021903038025,10822400
1990-01-16,0.25308017265934724,0.2560581564903259,0.24117050892351694,0.2560581564903259,6396800
1990-01-17,0.2560581564903259,0.2590353679813559,0.25308017265934724,0.2560581564903259,3568000
1990-01-18,0.25308014125669487,0.25308014125669487,0.24414846246010244,0.2501029074192047,8252800
1990-01-19,0.2501029074192047,0.2501029074192047,0.24414846246010244,0.2501029074192047,1283200
1990-01-22,0.25010282769799236,0.25010282769799236,0.23223872617508193,0.23819316923618317,4169600
1990-01-23,0.23819319511714734,0.24117042832912566,0.21735110881741093,0.22628353536128998,13718400
1990-01-24,0.2262835530187752,0.23223876953125,0.2084194481608526,0.23223876953125,15958400
1990-01-25,0.23223876614922895,0.2411704436361831,0.23223876614922895,0.23521597683429718,8422400
1990-01-26,0.23521597706549738,0.23819321046936676,0.21735112282629943,0.22032910585403442,5100800
1990-01-29,0.22032913536068013,0.22330634644738515,0.19948702221054643,0.20544148981571198,6060800
1990-01-30,0.20544150397914634,0.20841948761100165,0.1875773843819221,0.1935318410396576,11376000
1990-01-31,0.19353180177936274,0.22032910585403442,0.1905545683754934,0.22032910585403442,15990400
1990-02-01,0.2203291641984606,0.2203291641984606,0.20841950052124503,0.21437394618988037,6451200
1990-02-02,0.21437388942243008,0.22330631654202907,0.21139665601856072,0.22032910585403442,8352000
1990-02-05,0.22032910884605128,0.2381932137039739,0.217351125777876,0.23223876953125,3712000
1990-02-06,0.23521593634769716,0.24712559480950633,0.23521593634769716,0.23819316923618317,5996800
1990-02-07,0.23819321023524015,0.2411704436361831,0.22926078312442108,0.23521597683429718,1862400
1990-02-08,0.23521608820551976,0.23521608820551976,0.22330642205471285,0.2292608916759491,3856000
1990-02-09,0.22926078312442108,0.23521597683429718,0.22628354972347814,0.23521597683429718,5254400
1990-02-12,0.23521593634769716,0.23819316923618317,0.23521593634769716,0.23819316923618317,4259200
1990-02-13,0.23819327642146088,0.2441484945019745,0.23521604219324066,0.2411705106496811,5542400
1990-02-14,0.2411704021246692,0.2411704021246692,0.23521593634769716,0.23819316923618317,2390400
1990-02-15,0.23819327642146088,0.2411705106496811,0.23521604219324066,0.2411705106496811,2368000
1990-02-16,0.2411705106496811,0.2441484945019745,0.23819327642146088,0.2411705106496811,3107200
1990-02-20,0.2411704021246692,0.2411704021246692,0.23521593634769716,0.23819316923618317,8009600
1990-02-21,0.23819316923618317,0.23819316923618317,0.22926074366286003,0.23819316923618317,3232000
1990-02-22,0.23819324516114734,0.2501029074192047,0.23819324516114734,0.2501029074192047,19961600
1990-02-23,0.2501029074192047,0.2501029074192047,0.24414846246010244,0.2501029074192047,2451200
1990-02-26,0.2501029041119557,0.2530801379100762,0.24414845923159234,0.24712567031383514,8694400
1990-02-27,0.24712564094487313,0.25308010783347207,0.2262835530187752,0.23223876953125,44582400
1990-02-28,0.23223890233214162,0.23521611476302187,0.22330644726753235,0.22330644726753235,30070400
1990-03-01,0.22330640928664053,0.22330640928664053,0.21437397845718464,0.21735121309757233,23104000
1990-03-02,0.21735112282629943,0.22032910585403442,0.21437388942243008,0.22032910585403442,36582400
1990-03-05,0.22032910585403442,0.22032910585403442,0.21437388942243008,0.22032910585403442,8736000
1990-03-06,0.220329197362137,0.220329197362137,0.21437397845718464,0.21735121309757233,11852800
1990-03-07,0.217351125777876,0.23223876953125,0.2143738923335765,0.23223876953125,9635200
1990-03-08,0.23223872617508193,0.23819316923618317,0.23223872617508193,0.23819316923618317,5564800
1990-03-09,0.23819316923618317,0.2441483846368911,0.23521593634769716,0.23819316923618317,4019200
1990-03-12,0.23819321023524015,0.2411704436361831,0.23521597683429718,0.23521597683429718,243200
1990-03-13,0.23521597683429718,0.2411704436361831,0.23223876614922895,0.23521597683429718,7958400
1990-03-14,0.23521608820551976,0.23521608820551976,0.22330642205471285,0.2292608916759491,2371200
1990-03-15,0.22926091756106887,0.22926091756106887,0.22330644726753235,0.22330644726753235,3836800
1990-03-16,0.2262835530187752,0.23223876953125,0.2262835530187752,0.23223876953125,1494400
1990-03-19,0.2292607685732683,0.2292607685732683,0.2203290916532066,0.22628353536128998,1334400
1990-03-20,0.2262836824143006,0.2262836824143006,0.21735125006557937,0.22330644726753235,3267200
1990-03-21,0.22330630214931166,0.22628353536128998,0.2203290916532066,0.22628353536128998,2790400
1990-03-22,0.22628364392702824,0.22926087856741592,0.21735121309757233,0.21735121309757233,23584000
1990-03-23,0.2203290916532066,0.22628353536128998,0.2203290916532066,0.22628353536128998,3872000
1990-03-26,0.2262836824143006,0.2262836824143006,0.22330644726753235,0.22330644726753235,412800
1990-03-27,0.22330631632253517,0.23521597683429718,0.22330631632253517,0.23521597683429718,3913600
1990-03-28,0.23521608820551976,0.23521608820551976,0.22926089167594912,0.2292608916759491,1561600
1990-03-29,0.23521598025967444,0.23521598025967444,0.23223876953125,0.23223876953125,537600
1990-03-30,0.23521598025967444,0.23521598025967444,0.22926078646307468,0.23223876953125,1756800
1990-04-02,0.22926078312442108,0.23521597683429718,0.22330631632253517,0.23521597683429718,2451200
1990-04-03,0.23819316923618317,0.2441483846368911,0.23223872617508193,0.23819316923618317,2812800
1990-04-04,0.2411704021246692,0.2441483846368911,0.23521593634769716,0.23819316923618317,4003200
1990-04-05,0.24117043538439,0.24712562889050557,0.24117043538439,0.24414841830730438,3961600
1990-04-06,0.24712567031383514,0.2501029041119557,0.24414845923159234,0.24712567031383514,1273600
1990-04-09,0.24712570601431372,0.25010294024253393,0.2411705106496811,0.2411705106496811,2873600
1990-04-10,0.2411704436361831,0.24414842666099093,0.23521597683429718,0.23521597683429718,2118400
1990-04-11,0.2411705106496811,0.2441484945019745,0.23819327642146088,0.2411705106496811,3440000
1990-04-12,0.24414846246010244,0.2501029074192047,0.24117047899863747,0.2501029074192047,3254400
1990-04-16,0.2501029041119557,0.2530801379100762,0.24414845923159234,0.24712567031383514,4595200
1990-04-17,0.24712567031383514,0.2530801379100762,0.24712567031383514,0.24712567031383514,7257600
1990-04-18,0.24712562889050557,0.25010286218958067,0.24414841830730438,0.24414841830730438,2291200
1990-04-19,0.24414841830730438,0.24414841830730438,0.24117043538439,0.24414841830730438,896000
1990-04-20,0.2411705106496811,0.2441484945019745,0.23819327642146088,0.2411705106496811,1168000
1990-04-23,0.23521593634769716,0.23819316923618317,0.23223872617508193,0.23819316923618317,998400
1990-04-24,0.23819321023524015,0.2411704436361831,0.23521597683429718,0.23521597683429718,700800
1990-04-25,0.23819327642146088,0.2411705106496811,0.23819327642146088,0.2411705106496811,758400
1990-04-26,0.24117043538439,0.24712562889050557,0.24117043538439,0.24414841830730438,1228800
1990-04-27,0.2411704021246692,0.2441483846368911,0.23819316923618317,0.23819316923618317,1888000
1990-04-30,0.2471257042455256,0.2620126021882667,0.2441484927544956,0.2560581564903259,12281600
1990-05-01,0.2590354255424757,0.27094509192479244,0.2590354255424757,0.2679678797721863,11120000
1990-05-02,0.26796787718219567,0.27987754344940186,0.26498989271825235,0.27987754344940186,3782400
1990-05-03,0.2828546940609158,0.2828546940609158,0.27392226457595825,0.27392226457595825,5475200
1990-05-04,0.2798775701289813,0.29178723753148716,0.2798775701289813,0.285832017660141,11257600
1990-05-07,0.29476427218399026,0.306673932404475,0.29178706157173634,0.30369672179222107,37350400
1990-05-08,0.3066740973597075,0.3156065517725668,0.30071890059227113,0.3126285672187805,15411200
1990-05-09,0.3096512677120363,0.3156064859534092,0.3007188378779054,0.3066740334033966,12224000
1990-05-10,0.306673932404475,0.3096511657326031,0.30369672179222107,0.30369672179222107,11753600
1990-05-11,0.3066740334033966,0.312628502020676,0.3066740334033966,0.3066740334033966,10361600
1990-05-14,0.3066740973597075,0.3126285672187805,0.3066740973597075,0.3126285672187805,5904000
1990-05-15,0.3126285672187805,0.3126285672187805,0.3066740973597075,0.3126285672187805,7558400
1990-05-16,0.3126284138281156,0.327516057703811,0.3096511803593543,0.318583607673645,9673600
1990-05-17,0.32453812339882565,0.32453812339882565,0.31858365556617074,0.32156088948249817,12099200
1990-05-18,0.318583607673645,0.3245380746111677,0.318583607673645,0.318583607673645,11516800
1990-05-21,0.3185836283393825,0.3275160789489746,0.3185836283393825,0.3275160789489746,8473600
1990-05-22,0.33347059463734785,0.34240302443504333,0.33049336034085236,0.34240302443504333,29398400
1990-05-23,0.3424030299567673,0.34835749864578247,0.33644783435953163,0.34835749864578247,21696000
1990-05-24,0.3453803164270525,0.357289982510744,0.3453803164270525,0.3543127477169037,11273600
1990-05-25,0.3513354826143925,0.3543126942430182,0.34835749864578247,0.34835749864578247,13379200
1990-05-29,0.3453803164270525,0.3543127477169037,0.34240308163321226,0.3543127477169037,8790400
1990-05-30,0.35133546464783194,0.3602671445087253,0.35133546464783194,0.3572899103164673,11872000
1990-05-31,0.35431263502454535,0.36919953116716425,0.35431263502454535,0.36026710271835327,10528000
1990-06-01,0.3632451283250475,0.3662223398014248,0.3572899103164673,0.3572899103164673,14604800
1990-06-04,0.3632450997829437,0.36622231102538566,0.3572898822422967,0.3632450997829437,8803200
1990-06-05,0.36919961479686114,0.37813204526901245,0.3632451684701527,0.37813204526901245,17158400
1990-06-06,0.37813198508504203,0.37813198508504203,0.3662223219871521,0.3662223219871521,12720000
1990-06-07,0.36622241380059517,0.37217688338827576,0.3513355356389487,0.3543127477169037,9024000
1990-06-08,0.35133532764507613,0.35431253796049417,0.33644768595695496,0.33644768595695496,11971200
1990-06-11,0.33644768595695496,0.3424028789274347,0.33347045292566513,0.33644768595695496,4179200
1990-06-12,0.3424028974966933,0.351335346698761,0.33347047101049865,0.351335346698761,4617600
1990-06-13,0.35133552136844337,0.3751548525683355,0.35133552136844337,0.36919963359832764,11865600
1990-06-14,0.37217679008202303,0.37217679008202303,0.3602671269841331,0.3662223219871521,3059200
1990-06-15,0.3602671162006176,0.36622231102538566,0.3572898822422967,0.3632450997829437,3216000
1990-06-18,0.357289982510744,0.3632452017226402,0.3543127477169037,0.3543127477169037,3872000
1990-06-19,0.3572899679983816,0.36919963359832764,0.35133552136844337,0.36919963359832764,4499200
1990-06-20,0.36919954590465726,0.38110920867577525,0.36919954590465726,0.3751547634601593,12121600
1990-06-21,0.37813204526901245,0.37813204526901245,0.3632451684701527,0.37813204526901245,12384000
1990-06-22,0.3811091329051556,0.40195122033790215,0.37813189953133,0.3900415599346161,22441600
1990-06-25,0.39301884349654703,0.41088369983679196,0.38706437598851634,0.4049285054206848,18537600
1990-06-26,0.4079059096635279,0.4079059096635279,0.39004177276484403,0.39599624276161194,11984000
1990-06-27,0.39301883491067985,0.3959960685996547,0.375154728584647,0.3870643675327301,4652800
1990-06-28,0.3840862654225475,0.39897388219833374,0.3840862654225475,0.39897388219833374,6742400
1990-06-29,0.4049285005427922,0.41088369488716125,0.40195126682464155,0.41088369488716125,2352000
1990-07-02,0.4049287010487805,0.41386113353431636,0.39897423066404164,0.4079059362411499,3568000
1990-07-03,0.41088361343502455,0.4168380796909332,0.4049284202711923,0.4168380796909332,3494400
1990-07-05,0.4168380796909332,0.4227932728547655,0.40790565339914664,0.4168380796909332,3728000
1990-07-06,0.41981531281888756,0.41981531281888756,0.4138608465629789,0.4168380796909332,1948800
1990-07-09,0.41981560391905526,0.41981560391905526,0.4049287010487805,0.4079059362411499,1372800
1990-07-10,0.4079059096635279,0.41386110656867603,0.39301900776322796,0.39599624276161194,3488000
1990-07-11,0.3930187608514513,0.4168380796909332,0.38706429459554265,0.4168380796909332,7532800
1990-07-12,0.419815557574839,0.4555445566643646,0.4138610878474251,0.4495900869369507,10278400
1990-07-13,0.4555446257906596,0.4793639621314582,0.4555446257906596,0.45852258801460266,15769600
1990-07-16,0.4614996016025543,0.46447683548762736,0.4585223677174812,0.4614996016025543,5536000
1990-07-17,0.4614997971773225,0.4644770323240907,0.44363493247987995,0.4466128945350647,3900800
1990-07-18,0.4436348451326238,0.4495900411620583,0.43172517998202803,0.43470314145088196,3363200
1990-07-19,0.428747824104133,0.428747824104133,0.40195126682464155,0.41088369488716125,9750400
1990-07-20,0.4138608465629789,0.42577050598271987,0.41088361343502455,0.4168380796909332,7068800
1990-07-23,0.4079055996765492,0.4108835593202194,0.3870642436178249,0.4019511342048645,5977600
1990-07-24,0.40195142395094763,0.4376804232597351,0.3989741890689699,0.4376804232597351,12300800
1990-07-25,0.4436348903011894,0.4555445566643646,0.4406576554374824,0.4495900869369507,11206400
1990-07-26,0.4525673218006576,0.4525673218006576,0.4436348903011894,0.4495900869369507,1513600
1990-07-27,0.4495898335097548,0.4495898335097548,0.4406574070453644,0.4406574070453644,4284800
1990-07-30,0.4406576554374824,0.4555445566643646,0.4406576554374824,0.4495900869369507,2748800
1990-07-31,0.45256707072257996,0.4585222640544807,0.45256707072257996,0.45256707072257996,7145600
1990-08-01,0.455544559459953,0.455544559459953,0.43172522658742796,0.4376804232597351,4547200
1990-08-02,0.4317249988950744,0.4317249988950744,0.4168381054282021,0.42279329895973206,3625600
1990-08-03,0.4168381141150139,0.4168381141150139,0.3513353680668066,0.3900415599346161,16796800
1990-08-06,0.38706437242757374,0.38706437242757374,0.36622228252505806,0.38110917806625366,6483200
1990-08-07,0.4168381507266913,0.4168381507266913,0.3870643605573799,0.41386091709136963,15225600
1990-08-08,0.41683834156706,0.41981557656544394,0.3870645377664601,0.39599624276161194,35004800
1990-08-09,0.3989739786495491,0.4227932989597321,0.3959960184297999,0.42279329895973206,6044800
1990-08-10,0.4168380796909332,0.4227932728547655,0.41088361343502455,0.4168380796909332,2441600
1990-08-13,0.41386085456013066,0.44363464023084864,0.41386085456013066,0.4406574070453644,5820800
1990-08-14,0.44065739853041513,0.44363463165836947,0.4168380796909332,0.4168380796909332,5923200
1990-08-15,0.42577053227151285,0.4317249988950744,0.4198153387399829,0.42279329895973206,3062400
1990-08-16,0.4168381576175696,0.42577058557924663,0.4168381576175696,0.41981539130210876,4448000
1990-08-17,0.41386087211642136,0.4227932989597321,0.41386087211642136,0.42279329895973206,3884800
1990-08-20,0.4168380247919041,0.4198152575277465,0.38408628397415473,0.4019511342048645,7104000
1990-08-21,0.3959963075391548,0.39897426993305757,0.37515495494872086,0.38408663868904114,5289600
1990-08-22,0.3989740291966901,0.3989740291966901,0.38110917324671983,0.3870643675327301,5302400
1990-08-23,0.3751547920022631,0.3751547920022631,0.35133546464783194,0.3572899103164673,12377600
1990-08-24,0.360267088163738,0.38706437242757374,0.35133540969973964,0.38110917806625366,10800000
1990-08-27,0.39319126389664205,0.4080846905708313,0.39319126389664205,0.4080846905708313,9705600
1990-08-28,0.4051059223643033,0.41702080243384165,0.393191042294765,0.41404226422309875,10284800
1990-08-29,0.414042497576693,0.414042497576693,0.40212761079194626,0.4080846905708313,1324800
1990-08-30,0.40808448685070553,0.41404229088236794,0.39914887164313234,0.40510594844818115,2374400
1990-08-31,0.4080846905708313,0.4080846905708313,0.39914907090250373,0.4080846905708313,3004800
1990-09-04,0.40212761079194626,0.414042497576693,0.40212761079194626,0.4080846905708313,6467200
1990-09-05,0.41702082268283824,0.4259571649755496,0.4080844803901269,0.419999361038208,7731200
1990-09-06,0.4170208311442173,0.4229786352024431,0.39319106936454773,0.39319106936454773,5926400
1990-09-07,0.3961694640336869,0.4110636051617326,0.387233852028483,0.4021272659301758,5088000
1990-09-10,0.417020919364265,0.43787214713917094,0.417020919364265,0.4348936080932617,19516800
1990-09-11,0.4319143405908798,0.4408506849299355,0.4199994572143951,0.42595726251602173,10185600
1990-09-12,0.42595722742801934,0.4348935710309484,0.42595722742801934,0.4289357662200928,12028800
1990-09-13,0.4348934190862825,0.4348934190862825,0.4170207381248474,0.4170207381248474,2268800
1990-09-14,0.4199995388543961,0.44085077062302336,0.41404245962159403,0.4378722310066223,7664000
1990-09-17,0.4348936080932617,0.4438292252309894,0.4348936080932617,0.4348936080932617,3072000
1990-09-18,0.428935786713788,0.443829208612442,0.428935786713788,0.443829208612442,11030400
1990-09-19,0.43787192892821963,0.4468082688393445,0.43787192892821963,0.44085046648979187,8956800
1990-09-20,0.4378719836107748,0.4438290594778538,0.42893564258365713,0.43191418051719666,5081600
1990-09-21,0.4348935710309484,0.4378721098230219,0.42595722742801934,0.4289357662200928,1337600
1990-09-24,0.4289356258300989,0.4319141636473014,0.41999928515202084,0.42297855019569397,5612800
1990-09-25,0.4289355890170948,0.4408504664897918,0.4289355890170948,0.44085046648979187,4713600
1990-09-26,0.4408504945891244,0.4408504945891244,0.4110636626220055,0.4170207381248474,12672000
1990-09-27,0.42297874267812396,0.42297874267812396,0.3425530944295396,0.37829774618148804,24771200
1990-09-28,0.3723400451412291,0.3961698196658998,0.3634044478405758,0.38425493240356445,6070400
1990-10-01,0.39914907090250373,0.4080846905708313,0.39914907090250373,0.4080846905708313,10131200
1990-10-02,0.40510594844818115,0.41702082928489237,0.39914887164313234,0.40510594844818115,6128000
1990-10-03,0.3961696060139943,0.40808448685070553,0.3961696060139943,0.40510594844818115,2844800
1990-10-04,0.4021273247609451,0.4051058625317697,0.39021244645118713,0.39021244645118713,4147200
1990-10-05,0.3902126607039786,0.3902126607039786,0.36936143040657043,0.36936143040657043,3353600
1990-10-08,0.37829761931319694,0.37829761931319694,0.34851005589625217,0.3604249358177185,9324800
1990-10-09,0.3544678594702642,0.3842546956606513,0.34851005589625217,0.3604249358177185,777600
1990-10-10,0.35744649721533656,0.36340432517480853,0.3514894419342973,0.3544679582118988,18979200
1990-10-11,0.3544678298501257,0.3544678298501257,0.3127653899964653,0.3365951478481293,17308800
1990-10-12,0.33957444022263417,0.33957444022263417,0.32468027322238413,0.33361661434173584,16902400
1990-10-15,0.3365951947222529,0.363404244184494,0.333616656382629,0.363404244184494,3820800
1990-10-16,0.35446795125780545,0.357446490202809,0.34255306825104515,0.34851014614105225,5616000
1990-10-17,0.3425530411428099,0.3693613439798355,0.3425530411428099,0.35744646191596985,4307200
1990-10-18,0.35744640824875273,0.3872339725494385,0.35446786998665797,0.3872339725494385,6374400
1990-10-19,0.3931912796570674,0.3931912796570674,0.37531933510291116,0.38425493240356445,4073600
1990-10-22,0.3812763771118953,0.419999577355578,0.3812763771118953,0.4080846905708313,4099200
1990-10-23,0.4021273596012062,0.41404223894326775,0.39914882157232145,0.41106370091438293,4224000
1990-10-24,0.4080843976441299,0.4199992758762684,0.4051058598927089,0.4170207381248474,2451200
1990-10-25,0.4140421424968006,0.41999921716693656,0.4021272659301758,0.4021272659301758,6803200
1990-10-26,0.40510580326524376,0.40510580326524376,0.3961694640336869,0.4021272659301758,6147200
1990-10-29,0.4080845923613776,0.4110638587608078,0.37531922973469695,0.37829774618148804,5222400
1990-10-30,0.3812761867747587,0.40808448685070553,0.3782976483722343,0.40510594844818115,11059200
1990-10-31,0.41702082268283824,0.4378720456236307,0.4140422843274685,0.419999361038208,28723200
1990-11-01,0.42297868863594584,0.43191430501216627,0.4170208838250902,0.4289357662200928,16940800
1990-11-02,0.43191430501216627,0.4378721098230219,0.4170208838250902,0.4289357662200928,9625600
1990-11-05,0.4348936080932617,0.43787214713917094,0.42297872468285413,0.4348936080932617,6752000
1990-11-06,0.44680836622097087,0.44680836622097087,0.4080844605750462,0.41404226422309875,10131200
1990-11-07,0.41404223894326775,0.4199993150010373,0.405105897630091,0.41106370091438293,7561600
1990-11-08,0.4080844356589758,0.4199993150010373,0.405105897630091,0.41106370091438293,5804800
1990-11-09,0.4170207769721525,0.4170207769721525,0.4080844356589758,0.41106370091438293,5801600
1990-11-12,0.41404220270943654,0.45574391314397344,0.41404220270943654,0.4527653753757477,11334400
1990-11-13,0.44978730400576716,0.45574438571929937,0.44085095420825604,0.4557443857192993,9219200
1990-11-14,0.44978730400576716,0.4617021946600443,0.44680876314900103,0.4557443857192993,8192000
1990-11-15,0.45276532774356676,0.47957361929020875,0.4497867902886915,0.4706380069255829,11971200
1990-11-16,0.47361659420624547,0.47361659420624547,0.44978683760752186,0.4527653753757477,5091200
1990-11-19,0.458723301592453,0.46468037873210144,0.44382915429002306,0.4617018401622772,9174400
1990-11-20,0.464680510494834,0.4706383165505058,0.4468085467815399,0.4468085467815399,2345600
1990-11-21,0.4527653753757477,0.45574391314397344,0.44382903484461167,0.4527653753757477,4172800
1990-11-23,0.44680847477356755,0.4527655526423318,0.4408506696780599,0.443829208612442,1555200
1990-11-26,0.44085067651481313,0.4527655596638621,0.43787213753423954,0.4497870206832886,2576000
1990-11-27,0.4617018567724587,0.4795738160610199,0.4557440521918179,0.4795738160610199,8048000
1990-11-28,0.485531443742434,0.49446778374417594,0.47659510374069214,0.47659510374069214,13843200
1990-11-29,0.47361673870705967,0.4795738160610199,0.4646803954494388,0.4795738160610199,4825600
1990-11-30,0.47957382864364506,0.482553094625473,0.4706382123782601,0.482553094625473,5152000
1990-12-03,0.4825529061506586,0.485531443742434,0.46468022614717486,0.47659510374069214,9571200
1990-12-04,0.4706379263157984,0.5123396252206277,0.4706379263157984,0.5093610882759094,46230400
1990-12-05,0.5153185390638504,0.5480846510993109,0.5153185390638504,0.5361697673797607,51196800
1990-12-06,0.5451058784096168,0.5480844162565656,0.5212761211810704,0.5302124619483948,34012800
1990-12-07,0.5302124619483948,0.5361695376422924,0.5242546590280193,0.5302124619483948,12649600
1990-12-10,0.5242548570594945,0.530212662230365,0.5153185129165649,0.5153185129165649,4051200
1990-12-11,0.5093614814435099,0.5212763656455405,0.506382942199707,0.506382942199707,10848000
1990-12-12,0.5093614471248836,0.5182977914810181,0.5004251027687492,0.5182977914810181,3964800
1990-12-13,0.5182977914810181,0.530212674880274,0.5153185252111266,0.5182977914810181,11683200
1990-12-14,0.5212762355804443,0.5212762355804443,0.515318431352568,0.5212762355804443,2688000
1990-12-17,0.5153185252111266,0.5212763305241396,0.5123399861680051,0.5182977914810181,22243200
1990-12-18,0.5153183182606949,0.5302124619483948,0.5063827047198485,0.5302124619483948,6275200
1990-12-19,0.5421273367126256,0.5599992908938746,0.5331909960087647,0.5451058745384216,28041600
1990-12-20,0.5421273367126256,0.5510629501900137,0.5361695338345608,0.5451058745384216,4508800
1990-12-21,0.5451058745384216,0.5480844123642177,0.5421273367126256,0.5451058745384216,4812800
1990-12-24,0.5451061485761075,0.5451061485761075,0.5421276092529297,0.5421276092529297,1532800
1990-12-26,0.5451058745384216,0.5480844123642177,0.5421273367126256,0.5451058745384216,4345600
1990-12-27,0.5480847001844912,0.57191446975773,0.5421276214046089,0.5510632395744324,10928000
1990-12-28,0.5510631555971091,0.5540424217598902,0.5451060777250345,0.5480846166610718,32262400
1990-12-31,0.5510630143213183,0.5540422797203064,0.5480844761488877,0.5540422797203064,6764800
1991-01-02,0.5540422152422825,0.5719141694235315,0.5451058745384216,0.5451058745384216,13142400
1991-01-03,0.545105713291302,0.5540420513517146,0.5004247502154968,0.5093610882759094,17644800
1991-01-04,0.506382942199707,0.5123400206873128,0.48553171303944886,0.506382942199707,12537600
1991-01-07,0.4944680625798737,0.5123400254351281,0.4825531782674289,0.4855317175388336,9670400
1991-01-08,0.4914887915270546,0.506382942199707,0.48553171303944886,0.506382942199707,15081600
1991-01-09,0.5093614433283528,0.521276326638801,0.4855316767074563,0.4914887547492981,9872000
1991-01-10,0.49744652639145454,0.5063828700769019,0.4765953002009827,0.5034036040306091,15174400
1991-01-11,0.5034032871602151,0.5182974263363219,0.5034032871602151,0.5093610882759094,11033600
1991-01-14,0.5034036418118707,0.5212763305241396,0.5034036418118707,0.5182977914810181,7523200
1991-01-15,0.5182978398436009,0.5391483423177902,0.5153185732957128,0.5331912636756897,12646400
1991-01-16,0.5331911947541417,0.5480846166610718,0.5272333896553233,0.5480846166610718,11081600
1991-01-17,0.557021187373394,0.5719146153411431,0.557021187373394,0.5629782676696777,13404800
1991-01-18,0.56595708635814,0.5748926997184753,0.5599992835581199,0.5748926997184753,22672000
1991-01-21,0.5659573800960656,0.5897871492111243,0.5659573800960656,0.5838293433189392,11193600
1991-01-22,0.589787173308896,0.5927657127632666,0.5838293671732845,0.586807906627655,16240000
1991-01-23,0.5838290166854859,0.5987224322433031,0.5838290166854859,0.5957438945770264,6851200
1991-01-24,0.6046804189682007,0.6136167619151829,0.5987226145946609,0.6046804189682007,3948800
1991-01-25,0.6046803249572643,0.6225522808459822,0.6017017868469017,0.607658863067627,4134400
1991-01-28,0.6136167597557213,0.6761697057111469,0.6076589554031484,0.6374465227127075,15292800
1991-01-29,0.6523398116355565,0.6851059109221751,0.6523398116355565,0.6672332286834717,32995200
1991-01-30,0.667233469565499,0.6851061582565308,0.667233469565499,0.6851061582565308,18060800
1991-01-31,0.6851062536490645,0.6880847931033713,0.6553186774253845,0.6553186774253845,20048000
1991-02-01,0.6582971252199831,0.6910632363356953,0.6582971252199831,0.6851061582565308,7180800
1991-02-04,0.6880844197155319,0.7089356390345422,0.6880844197155319,0.7029778361320496,10147200
1991-02-05,0.7059565887301409,0.7089358547009519,0.6999995112419128,0.6999995112419128,14697600
1991-02-06,0.6940417065269879,0.6999995112419128,0.6731912080914929,0.6999995112419128,14169600
1991-02-07,0.6940418720119851,0.6999996781474692,0.6434037923812866,0.6553186774253845,12352000
1991-02-08,0.6582970725095552,0.6642548773384421,0.6463821900784922,0.6523399949073792,12662400
1991-02-11,0.6582971146783072,0.6910632252693176,0.6523400366945367,0.6910632252693176,14851200
1991-02-12,0.7089357765584778,0.7953184812031258,0.6999994340844475,0.7863821387290955,30556800
1991-02-13,0.7714888123053651,0.7863822334040692,0.7595739299810611,0.7834036946296692,21628800
1991-02-14,0.7834038616376456,0.8072336313663432,0.7804253222282733,0.7893609404563904,14896000
1991-02-15,0.7953183912438573,0.8012754674016553,0.7625522906963642,0.7744671702384949,20006400
1991-02-19,0.7744674546255494,0.7744674546255494,0.7536162259635458,0.7565954923629761,13740800
1991-02-20,0.7565954392949092,0.7595739782586213,0.7148929848959376,0.7238293290138245,23052800
1991-02-21,0.726807783334132,0.732765587794466,0.7119143630232957,0.7208507061004639,21635200
1991-02-22,0.7268078022622517,0.7565953708863421,0.7208507248734445,0.7476590275764465,12844800
1991-02-25,0.7506374111542335,0.7804249736228275,0.7506374111542335,0.7744671702384949,19219200
1991-02-26,0.7625526305167906,0.7685104365561323,0.7327657820006578,0.7387228608131409,6000000
1991-02-27,0.7417013420462297,0.7625525707082333,0.7208508406110277,0.7565954923629761,11382400
1991-02-28,0.7506377203961689,0.7506377203961689,0.6999996432872629,0.7178716063499451,28579200
1991-03-01,0.7208507284772168,0.723829267186511,0.7089358464133511,0.7148929238319397,12457600
1991-03-04,0.7208506985359442,0.7357441186904907,0.7059565511547394,0.7357441186904907,20985600
1991-03-05,0.7357439895792717,0.7685100899506777,0.7327654515163795,0.7655308246612549,27878400
1991-03-06,0.7804254177807265,0.7893610371028883,0.7685105314575623,0.7774461507797241,28508800
1991-03-07,0.7774459197591134,0.7834037247637883,0.7536161541938782,0.7536161541938782,5523200
1991-03-08,0.7595738844741535,0.7595738844741535,0.7417011984451175,0.7446804642677307,2428800
1991-03-11,0.7387228359454361,0.7417013752514108,0.7148930670439704,0.7178716063499451,8115200
1991-03-12,0.7148930911094912,0.7506377456649657,0.7119145517032496,0.7387228608131409,95628800
1991-03-13,0.7387229520361777,0.7863824973288344,0.7387229520361777,0.7774461507797241,40502400
1991-03-14,0.783403430673199,0.8042546495218902,0.771488552363441,0.7804248929023743,18483200
1991-03-15,0.7744676110056702,0.7804254177807265,0.7714890712316163,0.7774461507797241,7852800
1991-03-18,0.7714886896080843,0.8340416300556076,0.7714886896080843,0.8310630917549133,18604800
1991-03-19,0.8251055046756122,0.87574430522277,0.8131906211163009,0.8608501553535461,22432000
1991-03-20,0.8697864944399688,0.9174460283818848,0.8578716109544897,0.911488950252533,25446400
1991-03-21,0.9204245414573469,0.9263823466452487,0.8846798920101998,0.8995740413665771,31107200
1991-03-22,0.8936161129463489,0.9353185618305058,0.8787226928705734,0.9234036803245544,20112000
1991-03-25,0.9234041824995264,0.9382976106747962,0.9114892945139006,0.9174463748931885,6803200
1991-03-26,0.9204243631703168,0.9829780330061879,0.9174458247666889,0.979998767375946,19808000
1991-03-27,0.9829776806534016,1.027657922371829,0.9770198787551329,0.9889347553253174,21404800
1991-03-28,0.9859565296232209,0.9919136061780053,0.9174457858837013,0.9353184700012207,32041600
1991-04-01,0.9353185618305058,0.9353185618305058,0.9114887988186031,0.9234036803245544,9708800
1991-04-02,0.9263825938621789,0.9948933720588684,0.9234040540867442,0.9948933720588684,24729600
1991-04-03,1.0008498682944402,1.036594506447813,0.9919135269494658,1.0038284063339233,23411200
1991-04-04,1.0097866892808418,1.0097866892808418,0.9531908035153975,0.962127149105072,12953600
1991-04-05,0.9621269371532957,0.9829781631934912,0.9531905935322532,0.9740418195724487,14188800
1991-04-08,0.9710637219146975,0.9770208022171354,0.9561695667045217,0.968084454536438,11545600
1991-04-09,0.9770202035912746,0.9889350841228756,0.9382970236702204,0.9442541003227234,16006400
1991-04-10,0.9382972377596306,0.9502121210098267,0.9144674712592384,0.9502121210098267,18016000
1991-04-11,0.9591483983551848,0.9740418195724488,0.9531905935322532,0.9740418195724487,24752000
1991-04-12,0.9829779217618813,1.0038284154542259,0.9770201184022602,0.9978713393211365,14768000
1991-04-15,0.9948924265415571,1.021700713496537,0.9948924265415571,1.0187221765518188,18265600
1991-04-16,1.021701528628275,1.0663825273513794,1.0097866441172363,1.0663825273513794,25283200
1991-04-17,1.0842537912689756,1.0872323286691663,1.0395728213606399,1.054466962814331,13603200
1991-04-18,1.0455315577998512,1.078297680164794,1.0395737504484894,1.0514886379241943,20473600
1991-04-19,1.0455304635067988,1.0455304635067988,0.9978709634862754,1.0187221765518188,15612800
1991-04-22,1.0127653261333067,1.0157438658740225,0.9710635880824642,0.9919140934944153,12016000
1991-04-23,1.0038287320223285,1.0068079982549483,0.9353186987537718,0.9502121210098267,14419200
1991-04-24,0.9680838746839433,0.982978020972983,0.9472333788871765,0.9472333788871765,19299200
1991-04-25,0.9412756389701542,0.9412756389701542,0.8817012314403977,0.9234036803245544,32009600
1991-04-26,0.9144670956869869,0.985956365827472,0.9025522173302395,0.9770200252532959,21907200
1991-04-29,0.9829782204472378,1.0097865256451095,0.9561691880226135,0.9561691880226135,26409600
1991-04-30,0.9472335561240531,0.9591484390487158,0.911488907350065,0.9382972121238708,21072000
1991-05-01,0.9412756510722784,0.9680839529986838,0.9353185738560389,0.965105414390564,23683200
1991-05-02,0.9770198787551329,1.0038281692314597,0.9710628040832171,0.9889347553253174,12348800
1991-05-03,0.9889355537536995,0.9978719002027873,0.9799992073046117,0.9919140934944153,11308800
1991-05-06,1.0068076217745217,1.0544671369537537,1.0068076217745217,1.0455307960510254,44137600
1991-05-07,1.0544671134878725,1.0991473625542314,1.0485093106098078,1.0902117490768433,25443200
1991-05-08,1.087232957602262,1.0902122239522416,1.066382456513141,1.0723395347595215,13104000
1991-05-09,1.07531814531453,1.0842544905045186,1.0395734917814141,1.0663825273513794,25875200
1991-05-10,1.0663817991158298,1.0663817991158298,1.048509120941162,1.048509120941162,8662400
1991-05-13,1.060423875456648,1.0663816765723424,1.0187221765518188,1.0187221765518188,13542400
1991-05-14,1.0157429123808428,1.0246792504412554,1.0068073015466878,1.0187221765518188,9478400
1991-05-15,1.0127654075622559,1.0336166418776402,1.0097868675820578,1.0127654075622559,13136000
1991-05-16,1.0157434373276013,1.0246797800064087,1.0097863603594854,1.0246797800064087,8425600
1991-05-17,1.0217017828484416,1.057446445275556,1.0187232427862702,1.0514886379241943,5356800
1991-05-20,1.054467100382898,1.093190273316411,1.048509297578877,1.0872324705123901,13456000
1991-05-21,1.0991474670684072,1.1646796688259895,1.096168928959392,1.1348921060562134,25459200
1991-05-22,1.1438290118057866,1.1557438973454301,1.1289355866879571,1.1468075513839722,13417600
1991-05-23,1.1587224946338035,1.1914886133064655,1.1527654151807396,1.173616647720337,19123200
1991-05-24,1.1767623207015525,1.1797412835243575,1.141012584837178,1.146970510482788,14944000
1991-05-28,1.149949804492216,1.149949804492216,1.1320745790527058,1.141012191772461,12022400
1991-05-29,1.1439916937446382,1.1439916937446382,1.117179570255081,1.1290961503982544,17040000
1991-05-30,1.1320752603617215,1.1737836599349976,1.126117333182925,1.1737836599349976,13539200
1991-05-31,1.173783518177107,1.1767624814067357,1.1588872473682887,1.1678248643875122,7126400
1991-06-03,1.1648455079011035,1.1708034323489402,1.1499499694514195,1.161866545677185,12214400
1991-06-04,1.1588870347241669,1.1588870347241669,1.1171793751712893,1.1499501466751099,23257600
1991-06-05,1.1469701610844472,1.15590777416046,1.0724917492210453,1.081429362297058,21228800
1991-06-06,1.0844084779812644,1.0873874403190127,1.0307842465813166,1.063554286956787,40236800
1991-06-07,1.057596102327497,1.0665337144740243,1.0218463810713274,1.0486584901809692,20032000
1991-06-10,1.0486592817284743,1.0575969006212826,1.042701354020262,1.0516382455825806,11817600
1991-06-11,1.051637576647671,1.0814293782299702,1.0486586146884493,1.0724917650222778,11996800
1991-06-12,1.0784504576362004,1.0784504576362004,1.0516376169846795,1.0695128440856934,12412800
1991-06-13,1.0665345523133183,1.1290964318259675,1.060575897091369,1.126117467880249,8604800
1991-06-14,1.138033245502141,1.1529287820182952,1.1261166708232178,1.1320745944976807,7856000
1991-06-17,1.141012191772461,1.1469701153656393,1.1320745790527058,1.141012191772461,8006400
1991-06-18,1.146970131013835,1.1618663948599868,1.1290956326604493,1.1320745944976807,9942400
1991-06-19,1.1201588126582998,1.1380340509936353,1.1082422295449137,1.126117467880249,7971200
1991-06-20,1.1171789658262195,1.1588866100970168,1.1142000042347204,1.138033151626587,9763200
1991-06-21,1.1410126266143266,1.1529292056720997,1.1320750104884307,1.1439915895462036,12480000
1991-06-24,1.132075079194792,1.1350540423074644,1.0814297969581286,1.0844087600708008,11580800
1991-06-25,1.0873874403190127,1.0963250546623773,1.0546173999435424,1.063554286956787,8777600
1991-06-26,1.0605756562689077,1.1022840513603864,1.0575966929996155,1.096325397491455,13932800
1991-06-27,1.096324763455496,1.0993037250019695,1.0814292283932019,1.0903668403625488,6057600
1991-06-28,1.0844083817831682,1.093345995333675,1.0665338820122094,1.0695128440856934,8857600
1991-07-01,1.0784504465110503,1.1439912481018624,1.0784504465110503,1.1350536346435547,13433600
1991-07-02,1.1201580970997402,1.1588867856456768,1.1201580970997402,1.1350536346435547,14406400
1991-07-03,1.1320746931641126,1.1380333446879014,1.1142001932528673,1.1171791553497314,5344000
1991-07-05,1.1171791885730609,1.1171791885730609,1.099303960800171,1.099303960800171,1523200
1991-07-08,1.084408812066342,1.1201585531234741,1.0814298488108336,1.1201585531234741,12112000
1991-07-09,1.138033016947524,1.1737827338045688,1.1320743671397573,1.1559075117111206,16441600
1991-07-10,1.1618670782469793,1.191658168801812,1.1618670782469793,1.1737836599349976,16592000
1991-07-11,1.1767619283878372,1.188678503036499,1.1678243155688421,1.188678503036499,7289600
1991-07-12,1.1946369149471139,1.2571995029195804,1.185700025805584,1.251240849494934,14595200
1991-07-15,1.2631570144935889,1.2929488171796912,1.257199090354401,1.2869901657104492,9145600
1991-07-16,1.286989796836421,1.286989796836421,1.2601776912347904,1.2631566524505615,12195200
1991-07-17,1.2512408529670493,1.2601784694636735,1.1916579552067137,1.227407693862915,20659200
1991-07-18,1.227407417773255,1.2810323773604533,1.227407417773255,1.2780526876449585,10332800
1991-07-19,1.2840111099526546,1.301885608396055,1.2720945352137203,1.2929487228393555,15996800
1991-07-22,1.292949080913517,1.301885968945232,1.2571993467960492,1.269115924835205,11385600
1991-07-23,1.2720951287194295,1.2720951287194295,1.215491190467992,1.230386734008789,9862400
1991-07-24,1.221449487266021,1.2303863743801395,1.197616333634783,1.2065532207489014,11475200
1991-07-25,1.2065531703602734,1.2333660125732422,1.1976162836193815,1.2333660125732422,5894400
1991-07-26,1.2393243537941223,1.251240934119066,1.2214498469718782,1.2452830076217651,3782400
1991-07-29,1.2393240739925222,1.2423030365686136,1.1708035707613527,1.1767622232437134,20627200
1991-07-30,1.197616115855494,1.203574039514827,1.1678243155688421,1.188678503036499,16832000
1991-07-31,1.2035746229049538,1.2035746229049538,1.188679079206539,1.197616696357727,9046400
1991-08-01,1.1976164341740514,1.2393240928649902,1.1976164341740514,1.2393240928649902,12268800
1991-08-02,1.2452824370872382,1.2452824370872382,1.1856995627608153,1.2035740613937378,16659200
1991-08-05,1.1678246677604083,1.1737833205467423,1.155908089517955,1.1648457050323486,48864000
1991-08-06,1.1618668217979955,1.1678247476617496,1.1142005055669038,1.1439915895462036,46000000
1991-08-07,1.1469706840545595,1.2095332767825286,1.1380337942337193,1.197616696357727,27702400
1991-08-08,1.2035742246234495,1.254219492836959,1.197616300047793,1.224428415298462,13481600
1991-08-09,1.1737827338045688,1.179740656282484,1.1320743671397573,1.1559075117111206,40124800
1991-08-12,1.1618662990184532,1.1618662990184532,1.1082413537217852,1.138033151626587,21651200
1991-08-13,1.1439915895462036,1.1588871315358538,1.1380336636824495,1.1439915895462036,18624000
1991-08-14,1.1469702753394087,1.1737831172383972,1.1380333887031682,1.170803427696228,21388800
1991-08-15,1.1737830279283172,1.2154906777142807,1.1648454146420273,1.2005951404571533,12844800
1991-08-16,1.1916574239730835,1.2035739982128144,1.1618663520387418,1.1916574239730835,11420800
1991-08-19,1.1439911691766036,1.1499498201810638,1.1142000961442948,1.1320745944976807,16284800
1991-08-20,1.143991493978868,1.1559080720411479,1.1320749159165882,1.1499501466751099,9952000
1991-08-21,1.1618670782469793,1.1737836599349976,1.138033914870943,1.1737836599349976,14841600
1991-08-22,1.1767620841268691,1.191657622576553,1.1559078938992564,1.161866545677185,8070400
1991-08-23,1.1559082456419685,1.1916579851979057,1.1559082456419685,1.1857000589370728,7987200
1991-08-26,1.1797414620553506,1.2154912033297551,1.1797414620553506,1.197616696357727,15136000
1991-08-27,1.1976166235618932,1.2989071873506945,1.1976166235618932,1.281032681465149,16924800
1991-08-28,1.2810323025328758,1.3167820310594198,1.2631570746045593,1.2989068031311035,9513600
1991-08-29,1.2989068217524462,1.2989068217524462,1.2571991682052612,1.2571991682052612,5638400
1991-08-30,1.2631574325191166,1.2631574325191166,1.227407693862915,1.227407693862915,9036800
1991-09-03,1.2393245442948635,1.2393245442948635,1.191658215668138,1.1946371793746948,7414400
1991-09-04,1.1976160112491905,1.203573934388126,1.1082413455257,1.1141999959945679,27360000
1991-09-05,1.1320746408568487,1.1380332921053196,1.0546172659369202,1.0724917650222778,42092800
1991-09-06,1.078450890545355,1.138033792582934,1.0724922366764233,1.096325397491455,24348800
1991-09-09,1.0784504162707487,1.084408340189192,1.042700690770006,1.0724917650222778,22512000
1991-09-10,1.066534370550866,1.0784509516333876,0.9592851408081728,1.0218470096588135,54870400
1991-09-11,1.0546172659369202,1.084408340189192,1.0367420395215352,1.0724917650222778,42348800
1991-09-12,1.1082415845920994,1.1916576178409672,1.09632500841369,1.170803427696228,25164800
1991-09-13,1.1737833594476441,1.2214496739971883,1.161866780810258,1.2095330953598022,23846400
1991-09-16,1.215490572452545,1.221449223237396,1.1797408497333526,1.1916574239730835,10633600
1991-09-17,1.179741587113794,1.191658168801812,1.1499504965589613,1.1737836599349976,9996800
1991-09-18,1.1618669550833225,1.2095332767825286,1.1618669550833225,1.197616696357727,7814400
1991-09-19,1.2095326489976652,1.2512402951717376,1.1856995005182034,1.1916574239730835,11228800
1991-09-20,1.1856995005182034,1.221449223237396,1.1856995005182034,1.1916574239730835,20937600
1991-09-23,1.1976159899424177,1.227407059766947,1.1916573395795602,1.2214491367340088,11920000
1991-09-24,1.2095327124913844,1.2333658622219534,1.2035740613937378,1.2035740613937378,5763200
1991-09-25,1.2214494362552886,1.2512405133851237,1.209532859937335,1.2333660125732422,8041600
1991-09-26,1.227407693862915,1.2393242734149823,1.221449767752029,1.227407693862915,12905600
1991-09-27,1.2393240928649902,1.2393240928649902,1.2214495898060704,1.2393240928649902,9228800
1991-09-30,1.2274072876682987,1.2929488171796912,1.2274072876682987,1.2869901657104492,13756800
1991-10-01,1.2869902454060935,1.2869902454060935,1.2512405163670353,1.2571991682052612,9331200
1991-10-02,1.2631574290139336,1.2631574290139336,1.2274076904569353,1.251240849494934,8806400
1991-10-03,1.2393240928649902,1.2512406706809998,1.2154909372329712,1.2393240928649902,6323200
1991-10-04,1.2393240928649902,1.2452827454380895,1.2214495898060704,1.2393240928649902,3955200
1991-10-07,1.2214491367340088,1.2452822835256,1.2154904863711515,1.2214491367340088,7731200
1991-10-08,1.2214494362552886,1.2393239370671703,1.2214494362552886,1.2333660125732422,4598400
1991-10-09,1.2393235080647018,1.28401083562065,1.227406935871772,1.2631566524505615,7494400
1991-10-10,1.275073449885927,1.275073449885927,1.2571989521039153,1.272094488143921,1952000
1991-10-11,1.272095064857224,1.281032681465149,1.2691161017646837,1.281032681465149,2547200
1991-10-14,1.281032027319622,1.3018854856491089,1.2720944152755949,1.3018854856491089,2064000
1991-10-15,1.3048659089819592,1.3435946131975889,1.3018862184035707,1.331678032875061,3571200
1991-10-16,1.3346566752321536,1.388281637455672,1.3346566752321536,1.385301947593689,3577600
1991-10-17,1.3853020073538198,1.4121148532873338,1.3644485414013512,1.3733854293823242,9049600
1991-10-18,1.3733852546502718,1.4180725981904816,1.3674273300876338,1.4091349840164185,3872000
1991-10-21,1.4091349840164185,1.4091349840164185,1.4061560217350995,1.4091349840164185,3145600
1991-10-22,1.4091345738367929,1.4270097969816884,1.4031766510084238,1.4121142625808716,4028800
1991-10-23,1.4121142625808716,1.4121142625808716,1.4061556124226084,1.4121142625808716,4611200
1991-10-24,1.424030835567504,1.4389263699683208,1.4121142625808716,1.4121142625808716,6204800
1991-10-25,1.4121145790634961,1.4150935411453247,1.4091348896516105,1.4150935411453247,1616000
1991-10-28,1.4061558246612549,1.4121144757188893,1.4061558246612549,1.4061558246612549,2633600
1991-10-29,1.4091349840164185,1.4091349840164185,1.4001980971724612,1.4091349840164185,1718400
1991-10-30,1.409135070831708,1.4746766090393066,1.409135070831708,1.4746766090393066,4473600
1991-10-31,1.477655302733183,1.543196829019422,1.477655302733183,1.52532160282135,6377600
1991-11-01,1.525321206408642,1.543196427961158,1.519363284111023,1.519363284111023,7033600
1991-11-04,1.5134050530664271,1.5134050530664271,1.4299890265194588,1.4508432149887085,5408000
1991-11-05,1.450843055071614,1.4568009783603928,1.4180722949934788,1.4538220167160034,2803200
1991-11-06,1.4538227504720418,1.4836145639419556,1.4240316643324455,1.4836145639419556,3398400
1991-11-07,1.4925508645971775,1.4925508645971775,1.4478642530159673,1.4508432149887085,5472000
1991-11-08,1.4538222797758689,1.4597809314727783,1.4448846658955459,1.4597809314727783,5497600
1991-11-11,1.4657390362435667,1.4985098062848072,1.4568014212631972,1.4955308437347412,3318400
1991-11-12,1.4985096242960871,1.5223427764625057,1.4836140860245963,1.5163841247558594,4316800
1991-11-13,1.5014885091406154,1.5193637360096932,1.4955305850709533,1.5134050846099854,3100800
1991-11-14,1.5193637567407907,1.5312803323727575,1.5193637567407907,1.5283006429672241,5929600
1991-11-15,1.5253217182462178,1.5312803698731539,1.4836140661779595,1.5014885663986206,5728000
1991-11-18,1.4985095587106951,1.4985095587106951,1.4597808699678274,1.480634331703186,6806400
1991-11-19,1.4806346970633149,1.4836143871865328,1.4299894202616072,1.4478646516799927,8873600
1991-11-20,1.4478644029939902,1.4478644029939902,1.3853018311056542,1.4091349840164185,9670400
1991-11-21,1.4091350866605925,1.4478645084592914,1.4091350866605925,1.4419058561325073,5478400
1991-11-22,1.444885076728355,1.4478647670890838,1.4180729547938173,1.4329684972763062,6508800
1991-11-25,1.4359474085541362,1.4359474085541362,1.4061556124226084,1.4121142625808716,3945600
1991-11-26,1.418072503227153,1.4270101168026956,1.4121145790634961,1.4150935411453247,3020800
1991-11-27,1.415093797483678,1.4359479904942418,1.415093797483678,1.4299893379211426,2563200
1991-11-29,1.435948187637035,1.438927150667475,1.4299895342458662,1.4329684972763062,822400
1991-12-02,1.4299891276483956,1.4687178180230192,1.418072551584659,1.4597809314727783,6348800
1991-12-03,1.4538224587131312,1.5074474212651767,1.4538224587131312,1.4955308437347412,5849600
1991-12-04,1.4985097473174376,1.522342901440458,1.4895721326887692,1.507447361946106,4508800
1991-12-05,1.5134054606181788,1.5253220390482432,1.5014888821881143,1.5044678449630737,2336000
1991-12-06,1.5014883129878824,1.5193635375217611,1.4895717390752803,1.5104259252548218,2995200
1991-12-09,1.5163835956323841,1.5283001675574517,1.5163835956323841,1.519363284111023,3718400
1991-12-10,1.522342763535632,1.564050415807665,1.516384111879583,1.5491548776626587,2985600
1991-12-11,1.5551135293187075,1.5580924914816934,1.5372383016806384,1.5491548776626587,3657600
1991-12-12,1.5521344593648867,1.5580931133993505,1.5461765326607901,1.5551141500473022,2092800
1991-12-13,1.5551130452747384,1.6176748678748545,1.5551130452747384,1.6146959066390991,6172800
1991-12-16,1.61767579753828,1.6415089557807214,1.6057592184170593,1.6325713396072388,2313600
1991-12-17,1.626612452080277,1.626612452080277,1.5968206582246003,1.6087372303009033,3449600
1991-12-18,1.6087384511138227,1.6087384511138227,1.5789473619806138,1.5908639430999756,3932800
1991-12-19,1.5849052888750994,1.596821869994461,1.5729887077557378,1.5908639430999756,2505600
1991-12-20,1.6027805242193371,1.60575948766658,1.5849052888750994,1.5908639430999756,3321600
1991-12-23,1.5908632518561197,1.632570903986354,1.5908632518561197,1.629591941833496,3116800
1991-12-24,1.635549539076432,1.6742789486391174,1.635549539076432,1.6683202981948853,2345600
1991-12-26,1.6742798316598204,1.7576958905634692,1.6742798316598204,1.7517372369766235,2355200
1991-12-27,1.7517363232127547,1.814298152923584,1.7457784000640726,1.814298152923584,3417600
1991-12-30,1.8083412544695097,1.8560075759887698,1.7934457108273274,1.8560075759887695,3942400
1991-12-31,1.8560069897614462,1.8649446040559121,1.7755699157714844,1.7755699157714844,8854400
1992-01-02,1.7696124704068474,1.7845080133784923,1.7517372369766235,1.7517372369766235,4099200
1992-01-03,1.811320131498473,1.8887782639448132,1.8053622052573834,1.8857985734939575,5900800
1992-01-06,1.894735423907856,1.9364438000488235,1.8887775000762987,1.912610650062561,4588800
1992-01-07,1.9066522706229732,1.9066522706229732,1.882819117240186,1.8947356939315796,2057600
1992-01-08,1.8857974461331501,1.9036726688309376,1.8768605621141323,1.8977140188217163,4451200
1992-01-09,1.9126107215544368,2.0109222870900734,1.9126107215544368,1.9721935987472534,5843200
1992-01-10,1.966235855817299,1.9811314001651381,1.966235855817299,1.9751734733581543,2096000
1992-01-13,1.975173136666876,1.975173136666876,1.9364444370321006,1.9424023628234863,3366400
1992-01-14,1.9424012933350763,2.04369252198987,1.9424012933350763,2.040712833404541,5907200
1992-01-15,2.0615677873967058,2.115192746687695,2.0615677873967058,2.109234094619751,7305600
1992-01-16,2.1032769003424825,2.109234827149466,1.9304861129842572,1.9751734733581543,12243200
1992-01-17,1.975173039353149,1.984110654930141,1.9126111849746443,1.9483609199523926,7436800
1992-01-20,1.9662350797593942,1.9662350797593942,1.9245274265810595,1.9394229650497437,2540800
1992-01-21,1.9394227302155984,1.9543182668806631,1.8768608943583223,1.8828188180923462,7648000
1992-01-22,1.888777740678426,1.9602771997451782,1.8828190887578087,1.9602771997451782,4777600
1992-01-23,1.9900693995708094,2.037735732494661,1.9900693995708094,2.0198612213134766,4681600
1992-01-24,2.0079430408864853,2.0973169803619385,2.001984390345487,2.0973169803619385,2979200
1992-01-27,2.1420059182934095,2.1569014648089158,2.1002975152534087,2.1032772064208984,8454400
1992-01-28,2.097317659261714,2.103276311731523,2.0615679264333893,2.0675265789031982,4316800
1992-01-29,2.0556105977523575,2.0556105977523575,1.966235876083374,1.966235876083374,2896000
1992-01-30,1.9721936034453709,2.001984678447725,1.9721936034453709,1.9960267543792725,5587200
1992-01-31,2.0079438703544947,2.0079438703544947,1.978152060002588,1.984110713005066,1510400
1992-02-03,1.9781521369646167,2.001985295241299,1.9781521369646167,1.98708975315094,2662400
1992-02-04,1.9960268323745165,1.9990057945251465,1.9960268323745165,1.9990057945251465,2953600
1992-02-05,2.013900949877882,2.109233539221214,2.007943026708892,2.1062545776367188,7859200
1992-02-06,2.085401219236079,2.1569006896098877,2.076463603606797,2.0824222564697266,2371200
1992-02-07,2.0854001474934956,2.0854001474934956,2.046671469443936,2.0496504306793213,1446400
1992-02-10,2.0526295872735174,2.150941863366745,2.0496506257546097,2.1420042514801025,3926400
1992-02-11,2.1509423328302573,2.216483137200723,2.1509423328302573,2.198608636856079,6019200
1992-02-12,2.1986091103068155,2.2075459987385773,2.136046527303075,2.159879684448242,7302400
1992-02-13,2.1539208248856525,2.1986081569889455,2.1390252899611952,2.1420042514801025,3468800
1992-02-14,2.136046210600182,2.136046210600182,2.109234094619751,2.109234094619751,3196800
1992-02-18,2.106255888168268,2.106255888168268,2.013902202946129,2.043694019317627,3667200
1992-02-19,2.025818664568547,2.0377352449483617,1.8560075759887698,1.8560075759887695,9072000
1992-02-20,1.8887777714652494,1.9424020029743265,1.8887777714652494,1.9185688495635986,13984000
1992-02-21,1.9275069665028277,1.9572980523688972,1.8649451043198333,1.8857985734939575,3238400
1992-02-24,1.8887777572877442,1.8947356819306442,1.7279036093078204,1.7755699157714844,11350400
1992-02-25,1.7755696242901986,1.8679232597351072,1.7755696242901986,1.8679232597351074,16969600
1992-02-26,1.8619644286737715,1.978151202201843,1.8619644286737715,1.9781512022018433,5616000
1992-02-27,1.978151630880218,2.0198600108589995,1.9304853265216586,1.9334642887115479,6179200
1992-02-28,1.9185681886970998,1.9245268386623366,1.9006936934611305,1.9066516160964966,36227200
1992-03-02,1.9036730369852086,1.9364438000488235,1.9036730369852086,1.912610650062561,5782400
1992-03-03,1.918568847314367,1.9215478096546852,1.8947356939315796,1.8947356939315796,4201600
1992-03-04,1.8947353928903992,1.9126106187524807,1.8828188180923462,1.8828188180923462,5299200
1992-03-05,1.8828189615806656,1.8828189615806656,1.7636532045185982,1.784507393836975,10483200
1992-03-06,1.8113191996044684,1.8411109974734574,1.8053612764286324,1.838131308555603,7168000
1992-03-09,1.8440902602459275,1.8649444494272198,1.8440902602459275,1.8500481843948364,4073600
1992-03-10,1.8560067576654025,1.9275062084197998,1.8530277957164754,1.9275062084197998,5718400
1992-03-11,1.9185693498108827,1.9185693498108827,1.8709030305609227,1.8857985734939575,4028800
1992-03-12,1.879840237315494,1.897714739471175,1.879840237315494,1.8887778520584106,1785600
1992-03-13,1.9066522706229732,1.9096312329632916,1.882819117240186,1.8947356939315796,2387200
1992-03-16,1.8977140048135765,1.9066516160964966,1.8798395095776073,1.9066516160964966,3107200
1992-03-17,1.9066516160964966,1.9185681886970998,1.8977140048135765,1.9066516160964966,3030400
1992-03-18,1.9036734520443488,1.9066524146096326,1.870902681835702,1.900694489479065,2864000
1992-03-19,1.9066530597683748,1.9304862230154796,1.9006951326218093,1.92154860496521,1478400
1992-03-20,1.960277231697433,1.960277231697433,1.9185688495635986,1.9185688495635986,2752000
1992-03-23,1.92154860496521,1.92154860496521,1.9006951326218093,1.92154860496521,2348800
1992-03-24,1.9245275807468873,1.9602773123335464,1.9245275807468873,1.9453810453414917,3984000
1992-03-25,1.9483595689035655,1.951338529586792,1.9364429988409435,1.951338529586792,2460800
1992-03-26,1.9543189026531593,2.010922833190613,1.942402323978445,1.984110713005066,3372800
1992-03-27,1.9900683097957825,1.9900683097957825,1.9126109248759773,1.9185688495635986,1312000
1992-03-30,1.9126102801798313,1.9126102801798313,1.8977140188217165,1.8977140188217163,956800
1992-03-31,1.9006944292722487,1.9066523542140916,1.8887778520584106,1.8887778520584106,3497600
1992-04-01,1.8738812051613054,1.8828188180923462,1.8649443195602695,1.8828188180923462,3203200
1992-04-02,1.8887775000762987,1.9364438000488235,1.8887775000762987,1.912610650062561,5088000
1992-04-03,1.9096305774141797,1.9126102660617335,1.8947350434958936,1.9066516160964966,2188800
1992-04-06,1.9066516160964966,1.9126102660617335,1.9006936934611305,1.9066516160964966,4777600
1992-04-07,1.9006937549025524,1.9006937549025524,1.8530274629592896,1.8530274629592896,1174400
1992-04-08,1.8321747322573054,1.8321747322573054,1.7576962738287571,1.7964249849319458,7561600
1992-04-09,1.8023816349413537,1.864944193913615,1.8023816349413537,1.8589855432510376,5382400
1992-04-10,1.85970139116254,1.8924847706656698,1.85970139116254,1.8656623363494873,3788800
1992-04-13,1.8597013995905591,1.8716225624084473,1.8418200191687444,1.8716225624084473,3203200
1992-04-14,1.86566212496964,1.9222870959748433,1.86566212496964,1.9073858261108398,6326400
1992-04-15,1.919307579932362,1.9371896913765705,1.9014261960983276,1.9014261960983276,2460800
1992-04-16,1.8954652369357556,1.8954652369357556,1.820958137512207,1.820958137512207,4390400
1992-04-20,1.8000960142365006,1.8000960142365006,1.686845304298249,1.6987664699554443,11216000
1992-04-21,1.6987662387987257,1.7166476210462358,1.6868450747636825,1.7136675119400024,5552000
1992-04-22,1.7404897256041671,1.7553909968318357,1.7345295081571062,1.7434698343276978,3212800
1992-04-23,1.7613524059608907,1.7613524059608907,1.686845302581787,1.686845302581787,2041600
1992-04-24,1.6898259065440375,1.6987669652965973,1.6332001712583861,1.6361802816390991,5440000
1992-04-27,1.6510818073266629,1.722608801269835,1.6481009702047076,1.6987664699554443,8432000
1992-04-28,1.6928057700788615,1.7315493822097778,1.6928057700788615,1.7315493822097778,7312000
1992-04-29,1.7345293963027772,1.8000954220423828,1.7285684516301028,1.7643319368362427,4774400
1992-04-30,1.7702939501995705,1.823938846588135,1.7583727812676218,1.8239388465881348,4483200
1992-05-01,1.865662939199241,1.865662939199241,1.820958382486911,1.826918601989746,4646400
1992-05-04,1.8209580283133444,1.8567215212052097,1.8209580283133444,1.847780466079712,2464000
1992-05-05,1.853741172470342,1.8686424440136968,1.835859064530291,1.8388391733169556,5648000
1992-05-06,1.8448005879844052,1.8567217537749179,1.8388396412840404,1.841820478439331,3081600
1992-05-07,1.8418202391068195,1.8448003482646478,1.800095800456735,1.803075909614563,2886400
1992-05-08,1.8000962734222412,1.8000962734222412,1.7524116039276123,1.7524116039276123,3600000
1992-05-11,1.7583720894167723,1.81201696469817,1.7583720894167723,1.803075909614563,7817600
1992-05-12,1.806056735379894,1.806056735379894,1.7792335702924815,1.7851945161819458,716800
1992-05-13,1.779233799428583,1.779233799428583,1.7464511394500732,1.7464511394500732,2051200
1992-05-14,1.752411249990285,1.7583721962783285,1.7285689200584444,1.7553913593292236,1571200
1992-05-15,1.7494316048206289,1.835859891852661,1.7464514946909904,1.8328797817230225,5337600
1992-05-18,1.8388389544444996,1.8835434913635252,1.8388389544444996,1.8835434913635254,2192000
1992-05-19,1.8746024503220724,1.9252679320356036,1.8686422334204507,1.9073858261108398,4064000
1992-05-20,1.9014258848543013,2.014676570892334,1.9014258848543013,2.014676570892334,5801600
1992-05-21,2.00275624162078,2.00275624162078,1.9669927373061233,1.9938151836395264,4179200
1992-05-22,2.0027558789281787,2.0087168257062924,1.9908347129821777,1.9908347129821777,8185600
1992-05-26,1.9818934046212056,1.9818934046212056,1.9252684192852705,1.9312286376953125,2460800
1992-05-27,1.9312285320833518,2.0087164604472987,1.9133471502209605,1.9967952966690063,3923200
1992-05-28,1.9908342649196755,2.0772625166738523,1.975932992743451,2.07428240776062,2700800
1992-05-29,2.074281714656911,2.1338875110550983,2.074281714656911,2.1160061359405518,3705600
1992-06-01,2.0921641634402004,2.1189865943535517,2.0921641634402004,2.095144271850586,3622400
1992-06-02,2.095144617034116,2.110045889151029,2.06832218170166,2.06832218170166,3587200
1992-06-03,2.071301973018893,2.1696513725650988,2.0564007031867297,2.142828941345215,5072000
1992-06-04,2.1487892660139334,2.1487892660139334,2.1100456714630127,2.1100456714630127,2972800
1992-06-05,2.104085309064887,2.104085309064887,2.026597397700773,2.053419828414917,5152000
1992-06-08,2.032558323317465,2.032558323317465,2.0176563262939453,2.0176563262939453,2150400
1992-06-09,2.0236174798586304,2.035538642144086,1.9491103974770319,1.9550706148147583,3529600
1992-06-10,1.9550704792080034,1.975932693663016,1.9133467779079307,1.9282480478286743,2585600
1992-06-11,1.9073864301826673,1.9908345865031591,1.9073864301826673,1.9848743677139282,2944000
1992-06-12,1.984874731519085,2.0146772861480713,1.984874731519085,2.002756118774414,3852800
1992-06-15,2.0027558789281787,2.0057359885121224,1.9848744938142904,1.9908347129821777,2457600
1992-06-16,1.9908338865868338,2.035538422230037,1.9908338865868338,2.0116961002349854,4076800
1992-06-17,2.01169656327218,2.01169656327218,1.9431496898563207,1.9461297988891602,3830400
1992-06-18,1.9342088581118475,1.961032025329694,1.8775838695201363,1.9044063091278076,7779200
1992-06-19,1.9073860605997226,1.931228386357219,1.9014258429653679,1.9133470058441162,4176000
1992-06-22,1.9073860508621119,1.9073860508621119,1.8477802367726708,1.8716225624084473,7248000
1992-06-23,1.859701863319992,1.8775839758108694,1.8239383659484536,1.841820478439331,14185600
1992-06-24,1.841820596004207,1.8477808154748003,1.8120173158204493,1.8179782629013062,7049600
1992-06-25,1.82095873625775,1.82691895691852,1.8000965087242378,1.8239388465881348,4870400
1992-06-26,1.8179785019854777,1.8597022265975511,1.8120175541206909,1.856722116470337,1155200
1992-06-29,1.850760594215679,1.955070964788321,1.8448003758110252,1.949110746383667,2608000
1992-06-30,1.9491102900861865,1.9848737749720802,1.9371891284575553,1.9789128303527832,5590400
1992-07-01,1.9729533267224586,2.0444803223569243,1.9729533267224586,2.0325591564178467,3664000
1992-07-02,2.056401252746582,2.068322417320156,2.02063775902586,2.056401252746582,3721600
1992-07-06,2.050439866741052,2.133888000852606,2.050439866741052,2.12196683883667,4275200
1992-07-07,2.121968029410371,2.1577315355240287,2.0772634648656996,2.080244302749634,15587200
1992-07-08,2.074282284257647,2.104085554445669,2.035538687862236,2.0713021755218506,5139200
1992-07-09,2.0772620853209016,2.1636910467377723,2.0772620853209016,2.1577301025390625,3513600
1992-07-10,2.1517713235049727,2.1517713235049727,2.0623621940612793,2.0623621940612793,9504000
1992-07-13,2.06534148600701,2.1130261421203613,2.06534148600701,2.1130261421203613,4860800
1992-07-14,2.145808608056092,2.1875330281287484,2.1279272334605235,2.1845521926879883,7075200
1992-07-15,2.199455506470671,2.2560804996663086,2.199455506470671,2.205415725708008,9321600
1992-07-16,2.1100463906923927,2.1517708356693928,2.098125224643283,2.1458098888397217,6224000
1992-07-17,2.12196683883667,2.139848945665568,2.1100456768207336,2.12196683883667,2950400
1992-07-20,2.0981247342866043,2.1130260064628286,2.0653413534108602,2.07428240776062,9734400
1992-07-21,2.0802426581016396,2.121966351775461,2.0802426581016396,2.1160061359405518,4224000
1992-07-22,2.1100458975495964,2.1100458975495964,2.0713022988473875,2.07428240776062,963200
1992-07-23,2.068323134045081,2.080244302749634,2.0504410171830547,2.080244302749634,1414400
1992-07-24,2.074281977026502,2.1577301025390625,2.074281977026502,2.1577301025390625,2313600
1992-07-27,2.1577308075812622,2.172632081532187,2.1338884782157237,2.1398494243621826,6851200
1992-07-28,2.139849907376629,2.157731294631958,2.1219677925109863,2.1338889598846436,2265600
1992-07-29,2.1458096560247726,2.2292578093146247,2.139849437452003,2.1994552612304688,5251200
1992-07-30,2.193494315047545,2.2054154798032384,2.181573150291852,2.1994552612304688,3984000
1992-07-31,2.202435854185751,2.202435854185751,2.1696524620056152,2.1934947967529297,3993600
1992-08-03,2.199455038120811,2.2530999102746923,2.1934940925425574,2.2471396923065186,2460800
1992-08-04,2.25906205921191,2.2709832291085155,2.2411799405617687,2.253101110458374,7577600
1992-08-05,2.262040591911458,2.262040591911458,2.2024347840060834,2.214355945587158,5497600
1992-08-06,2.2083958286949885,2.2232978319640497,2.1219675567415024,2.1458098888397217,8649600
1992-08-07,2.098124380260972,2.104085324691683,2.083223110599103,2.095144271850586,6044800
1992-08-10,2.0951445281065695,2.133888125010112,2.089183582946778,2.1249470710754395,3772800
1992-08-11,2.121968035016741,2.1249481452981542,2.0683231395097184,2.0862045288085938,4768000
1992-08-12,2.095145581727726,2.104086640158739,2.0772634648656996,2.080244302749634,1740800
1992-08-13,2.086204531564878,2.095145590031327,2.0564019734905785,2.0623621940612793,3017600
1992-08-14,2.0683231395097184,2.0921654769818163,2.0683231395097184,2.0862045288085938,2972800
1992-08-17,2.0623618396896064,2.092165120253263,2.0593817299163226,2.0653419494628906,4144000
1992-08-18,2.0653404227306593,2.098123788833618,2.0564001000196352,2.098123788833618,3654400
1992-08-19,2.0981245148047973,2.130907892251119,2.0981245148047973,2.12196683883667,3689600
1992-08-20,2.1100456768207336,2.1279277836496315,2.0981245148047973,2.12196683883667,4067200
1992-08-21,2.1338894372110015,2.1338894372110015,2.086204757049862,2.1040868759155273,3740800
1992-08-24,2.0921654714541864,2.0921654714541864,2.0742833545921604,2.080244302749634,2169600
1992-08-25,2.077262879343458,2.124947540720698,2.077262879343458,2.1189873218536377,2921600
1992-08-26,2.1189862438580063,2.1189862438580063,2.0981240332161857,2.1160061359405518,1776000
1992-08-27,2.1219668334486794,2.127927778246505,2.1100456714630127,2.1100456714630127,3676800
1992-08-28,2.121968029410371,2.121968029410371,2.080244302749634,2.080244302749634,1740800
1992-08-31,2.080243820174157,2.080243820174157,2.014677043704117,2.0325591564178467,4950400
1992-09-01,2.020638351925393,2.104086528425933,2.0087171838538875,2.089184522628784,6899200
1992-09-02,2.098124509477346,2.118986724854759,2.0951444008834255,2.1100456714630127,3008000
1992-09-03,2.1100456714630127,2.1428290488260924,2.1100456714630127,2.1100456714630127,3696000
1992-09-04,2.113025780056933,2.1219668334486794,2.1040854542751717,2.1100456714630127,1168000
1992-09-08,2.104086528425933,2.104086528425933,2.0862044125134966,2.089184522628784,1929600
1992-09-09,2.0951448722498287,2.1338884755172987,2.0891839261109073,2.1279282569885254,1753600
1992-09-10,2.1338882561435533,2.1994550188803754,2.1338882561435533,2.1875338554382324,7088000
1992-09-11,2.2024351471048975,2.2530999102746923,2.2024351471048975,2.2471396923065186,8188800
1992-09-14,2.2650213363228193,2.360390655746938,2.2560802807242673,2.3544304370880127,8211200
1992-09-15,2.351449724557241,2.381253002259171,2.2829035683021868,2.3693318367004395,6608000
1992-09-16,2.2769425197187902,2.4319176650399648,2.2769425197187902,2.419996500015259,8764800
1992-09-17,2.449800252944343,2.461721420288086,2.4080758034360867,2.461721420288086,5724800
1992-09-18,2.419995766878128,2.431916928291321,2.38423228263855,2.38423228263855,4588800
1992-09-21,2.39019347563071,2.4199960184569407,2.3842325304994487,2.4080748558044434,1507200
1992-09-22,2.4319176765588613,2.5153658321270576,2.4319176765588613,2.479602336883545,4481600
1992-09-23,2.4736416141981907,2.491522994371924,2.3842325304994487,2.4080748558044434,4627200
1992-09-24,2.408075111499731,2.485563040773833,2.3603904558264692,2.4676809310913086,3483200
1992-09-25,2.4438380288563972,2.4497989732195493,2.2530994509944344,2.282902717590332,4740800
1992-09-28,2.2411785074733794,2.336547805663736,2.1815726961044066,2.229257345199585,5156800
1992-09-29,2.2292578485276966,2.3603906631469727,2.2113764648846965,2.3603906631469727,6377600
1992-09-30,2.3603913748442236,2.4319183862031397,2.3603913748442236,2.3961548805236816,3497600
1992-10-01,2.38423228263855,2.419995766878128,2.38423228263855,2.38423228263855,1241600
1992-10-02,2.384232980599097,2.3961541455020923,2.276942496472137,2.3305881023406982,1806400
1992-10-05,2.3305888219583903,2.3603913796129565,2.133889176518784,2.3484702110290527,5742400
1992-10-06,2.4080746258575325,2.4736413779903144,2.390193247391291,2.437877893447876,5200000
1992-10-07,2.4438388416400323,2.5034446670458865,2.4438388416400323,2.479602336883545,3673600
1992-10-08,2.4974842250835345,2.5570900451617797,2.4796021152550067,2.539207935333252,4300800
1992-10-09,2.5392074085865017,2.563049731671821,2.4319169547025647,2.449799060821533,3449600
1992-10-12,2.46172096146545,2.5690114475620276,2.437878631221766,2.5570902824401855,2640000
1992-10-13,2.5451695980809745,2.5451695980809745,2.479602813720703,2.5034451484680176,2332800
1992-10-14,2.4796023386994723,2.527286999059078,2.4617209548697074,2.521326780319214,3401600
1992-10-15,2.4915234992327635,2.521326775708098,2.461720950367601,2.4974844455718994,2476800
1992-10-16,2.551128855863283,2.6107346702526124,2.485562823840041,2.54516863822937,7835200
1992-10-19,2.54516863822937,2.5928532897408334,2.497483986717907,2.54516863822937,6254400
1992-10-20,2.5451695980809745,2.586893320083618,2.5451695980809745,2.5630509853363037,2988800
1992-10-21,2.56305026336455,2.56305026336455,2.5153656073019537,2.539207935333252,2804800
1992-10-22,2.515366315841675,2.5630509853363037,2.4974849285863456,2.5630509853363037,2384000
1992-10-23,2.539208170952335,2.5749716663178606,2.539208170952335,2.5570902824401855,2227200
1992-10-26,2.47960256371612,2.47960256371612,2.396154400514135,2.425957679748535,10038400
1992-10-27,2.443838113663243,2.479601598253437,2.3484688214227263,2.4319169521331787,11534400
1992-10-28,2.4319176783398673,2.527286999059078,2.4259574596000033,2.521326780319214,5553600
1992-10-29,2.527285575866699,2.539206734243429,2.49152210073651,2.527285575866699,2270400
1992-10-30,2.521326289671243,2.5570897779814024,2.4796018561710413,2.485562801361084,2696000
1992-11-02,2.4796016008732034,2.485562545449512,2.449799060821533,2.449799060821533,2944000
1992-11-03,2.449799060821533,2.4557592777878843,2.4199957931599054,2.449799060821533,3635200
1992-11-04,2.4438393054673155,2.5094060896630577,2.4378790856005996,2.461721420288086,2958400
1992-11-05,2.461720941406814,2.4796023251387873,2.3961541699658473,2.419996500015259,5345600
1992-11-06,2.419995790603114,2.4676804367233722,2.3961534675429847,2.4319169521331787,3091200
1992-11-09,2.4378790917180595,2.52132726333366,2.4378790917180595,2.5034451484680176,2286400
1992-11-10,2.521325360483216,2.527285575866699,2.5094042021064866,2.527285575866699,2504000
1992-11-11,2.527286771317603,2.56305026336455,2.527286771317603,2.539207935333252,2680000
1992-11-12,2.539208159505161,2.539208159505161,2.4796023341646642,2.4974844455718994,2673600
1992-11-13,2.5094058558302508,2.5213270220631494,2.485563523364454,2.4915237426757812,2232000
1992-11-16,2.4915239810943604,2.4974849285863456,2.4557604789733887,2.4557604789733887,3091200
1992-11-17,2.4497992850200907,2.4557595025319037,2.3842325267300035,2.4140357971191406,8424000
1992-11-18,2.4259574551633034,2.4974844455718994,2.3842330136198693,2.4974844455718994,5686400
1992-11-19,2.5153653444812005,2.5272865072512536,2.4796018561710413,2.485562801361084,2672000
1992-11-20,2.5034451484680176,2.574972152709961,2.5034451484680176,2.5630509853363037,4259200
1992-11-23,2.5690099939901354,2.5690099939901354,2.515364417489969,2.527285575866699,2630400
1992-11-24,2.539206734243429,2.5690099939901354,2.5034432591132396,2.527285575866699,3246400
1992-11-25,2.5570907654546318,2.5928542675756034,2.5392086505889893,2.5630509853363037,3812800
1992-11-27,2.5988142512061376,2.6226565837860107,2.5988142512061376,2.6226565837860107,3278400
1992-11-30,2.6464984285722086,2.6464984285722086,2.580932389867593,2.598813772201538,2723200
1992-12-01,2.5988126144752846,2.6464972496032715,2.592852398889181,2.6464972496032715,3718400
1992-12-02,2.6584200769565327,2.6643810238938452,2.628617525100708,2.628617525100708,2806400
1992-12-03,2.598814007743678,2.6226563380899504,2.574971677397406,2.6166961193084717,2275200
1992-12-04,2.6226570467895445,2.7180263939455283,2.6226570467895445,2.712066173553467,2972800
1992-12-07,2.712066173553467,2.7239873419479648,2.7061052255510303,2.712066173553467,2400000
1992-12-08,2.718024963849442,2.7597493950819514,2.6941826396051485,2.706103801727295,5337600
1992-12-09,2.694183820200149,2.7001447676783137,2.664381265640259,2.664381265640259,2228800
1992-12-10,2.6643807800010166,2.670340998782495,2.6107351729168142,2.6166961193084717,1436800
1992-12-11,2.616694680039443,2.616694680039443,2.5868914196942963,2.60477352142334,1217600
1992-12-14,2.6107349586486817,2.6822619438171387,2.5988137944539385,2.6822619438171387,2481600
1992-12-15,2.6763017079870783,2.682261926240333,2.634577269773838,2.640538215637207,1884800
1992-12-16,2.6464984285722086,2.658419592664876,2.5928535539602606,2.598813772201538,2232000
1992-12-17,2.598814007743678,2.6226563380899504,2.586892842570542,2.6166961193084717,2307200
1992-12-18,2.6703398567362795,2.7359066009521484,2.65245848042914,2.7359066009521484,3267200
1992-12-21,2.7418675339012815,2.7418675339012815,2.7180252075195312,2.7180252075195312,2044800
1992-12-22,2.723986641057914,2.783592467693643,2.7180256945892465,2.7776315212249756,3300800
1992-12-23,2.7299463707104064,2.777631023473907,2.7001438265382474,2.7180252075195312,5289600
1992-12-24,2.6703414854802867,2.6703414854802867,2.6464991507884985,2.6524600982666016,2350400
1992-12-28,2.65245961482788,2.65245961482788,2.598814007743678,2.6166961193084717,3936000
1992-12-29,2.6464991508160756,2.694183820200149,2.6464991508160756,2.664381265640259,4139200
1992-12-30,2.670341009760594,2.676301956176758,2.658419844538449,2.676301956176758,1609600
1992-12-31,2.6941840571565323,2.7418687307345238,2.6941840571565323,2.712066173553467,2016000
1993-01-04,2.6822619593661763,2.7537889449492745,2.6822619593661763,2.741867780685425,3851200
1993-01-05,2.735907316110873,2.7418675339012815,2.706104044328656,2.7180252075195312,1912000
1993-01-06,2.7359066009521484,2.747827761026864,2.729945657109857,2.7359066009521484,6035200
1993-01-07,2.765710098205153,2.765710098205153,2.7239863872528076,2.7239863872528076,3728000
1993-01-08,2.7180261548638636,2.723987102341966,2.610735648750816,2.6524600982666016,4376000
1993-01-11,2.6643814999754754,2.712066173553467,2.6405391631864794,2.712066173553467,3022400
1993-01-12,2.712065475730768,2.783592467693643,2.712065475730768,2.7776315212249756,3324800
1993-01-13,2.7955132075162124,2.9445273876190186,2.7895522619548596,2.9445273876190186,4032000
1993-01-14,2.980290666331753,3.051817642323715,2.956448341001099,3.0339362621307373,3163200
1993-01-15,3.051817907992839,3.1948718724300034,3.051817907992839,3.117384672164917,5017600
1993-01-18,3.105462029033173,3.123343402264165,2.9862504487940824,3.0398952960968018,3859200
1993-01-19,3.0518190927773596,3.069701209079288,2.9445285777969055,2.9683709144592285,4409600
1993-01-20,2.9743299748569636,3.0339357786856613,2.962408814091224,3.022014617919922,1700800
1993-01-21,3.027976743786747,3.045858860015869,2.9683709023736222,3.045858860015869,2075200
1993-01-22,3.0339362564815624,3.051817636641245,2.9862516059090427,3.0041329860687256,2393600
1993-01-25,3.010093727719449,3.1293053460922993,3.010093727719449,3.0935418605804443,3888000
1993-01-26,3.099502296898309,3.099502296898309,3.02797532081604,3.02797532081604,2372800
1993-01-27,3.0160551023098727,3.0160551023098727,2.956449270248413,2.956449270248413,3657600
1993-01-28,2.9743292907701737,3.051816454120711,2.9743292907701737,3.0398952960968018,2558400
1993-01-29,3.06970167639156,3.087583067805268,3.051819557367369,3.0756618976593018,1921600
1993-02-01,3.099504229666173,3.123346569894374,3.099504229666173,3.1114253997802734,3020800
1993-02-02,3.1173861025558853,3.171031000029366,3.0816225950367575,3.1591098308563232,2020800
1993-02-03,3.165069338771378,3.2425565393252063,3.123344901850015,3.135266065597534,2406400
1993-02-04,3.111423043988078,3.1829500105165396,3.111423043988078,3.176989793777466,1932800
1993-02-05,3.1829502105550938,3.188911155278724,3.051817430344959,3.0935418605804443,2020800
1993-02-08,3.093541863995959,3.1412265113977464,3.0756597574153,3.087580919265747,5531200
1993-02-09,3.1054651868294587,3.1114254080972006,3.06970167639156,3.0756618976593018,2118400
1993-02-10,3.0756604678941644,3.105463743209839,3.0518181386856824,3.105463743209839,2060800
1993-02-11,3.099502508822045,3.099502508822045,2.938567165438246,2.950488328933716,9294400
1993-02-12,2.765710824276259,2.7776319916222776,2.658420318162094,2.664381265640259,26057600
1993-02-16,2.527287483215332,2.5392086505889893,2.372312307357788,2.4557604789733887,25009600
1993-02-17,2.443838805114074,2.4497997513706533,2.294824607631712,2.3305881023406982,27227200
1993-02-18,2.3723118281123616,2.3723118281123616,2.336548333216195,2.3603906631469727,18908800
1993-02-19,2.354430665574477,2.354430665574477,2.205415725708008,2.205415725708008,15315200
1993-02-22,2.199455744244915,2.199455744244915,2.002756118774414,2.002756118774414,29467200
1993-02-23,2.0027554077509593,2.0325586794094237,1.9073861026199612,2.014676570892334,28924800
1993-02-24,2.0146766358965436,2.2352185249328613,2.0146766358965436,2.2352185249328613,25040000
1993-02-25,2.1934938236803925,2.24117847202127,2.163691282272339,2.163691282272339,12419200
1993-02-26,2.1517701022178386,2.181572643377013,2.098124509477346,2.1100456714630127,2747200
1993-03-01,2.1219677925109863,2.2411794662475586,2.1219677925109863,2.2411794662475586,8313600
1993-03-02,2.2471406411550423,2.300785535960323,2.2471406411550423,2.294825315475464,6131200
1993-03-03,2.3127067006049464,2.408076049083501,2.3127067006049464,2.3961548805236816,10377600
1993-03-04,2.2173359064766056,2.235218011462824,2.1577301025390625,2.1577301025390625,20192000
1993-03-05,2.157731294631958,2.2411794662475586,2.157731294631958,2.2411794662475586,11804800
1993-03-08,2.253100633621216,2.2769429683685303,2.1636922421239433,2.1696524620056152,8694400
1993-03-09,2.2054152446382433,2.24713968063914,2.175612699731954,2.211376190185547,8060800
1993-03-10,2.2173366672073613,2.3365483159819505,2.2173366672073613,2.306745767593384,9563200
1993-03-11,2.360391139984131,2.366352087476116,2.30674625060783,2.3365488052368164,8451200
1993-03-12,2.2769431949254884,2.402115828608784,2.2769431949254884,2.3961548805236816,4243200
1993-03-15,2.479601598253437,2.485562542823448,2.41403557364306,2.4319169521331787,5417600
1993-03-16,2.4319183911163793,2.4676818968680907,2.342509990542294,2.3484702110290527,4428800
1993-03-17,2.336548062975135,2.3603903901483507,2.265021081455488,2.270982027053833,5520000
1993-03-18,2.2709815595144343,2.294823881779101,2.2352180761174347,2.2769417762756348,5801600
1993-03-19,2.276941226479786,2.276941226479786,2.1815719604492188,2.1815719604492188,10988800
1993-03-22,2.157731054888831,2.157731054888831,2.133888722790612,2.1458098888397217,6820800
1993-03-23,2.163691543776771,2.2590608519848914,2.163691543776771,2.2352185249328613,6822400
1993-03-24,2.2054152328110397,2.211376178326376,2.1577305791286387,2.175612688064575,7934400
1993-03-25,2.1875338670430513,2.247139684569973,2.1756127035376673,2.223297357559204,6368000
1993-03-26,2.2176698439898974,2.2653616685918307,2.193823931688931,2.229592800140381,4803200
1993-03-29,2.2295927322457936,2.3368993343324895,2.2176697764583833,2.3190152645111084,2896000
1993-03-30,2.319016358970522,2.4203611671334446,2.319016358970522,2.408438205718994,9270400
1993-03-31,2.4978609986498217,2.5157450784757303,2.450169148820898,2.456130266189575,13971200
1993-04-01,2.4561290156877322,2.4561290156877322,2.3488224082062295,2.3547842502593994,3185600
1993-04-02,2.3488222901199003,2.360745245907311,2.3011304669702577,2.3190152645111084,3744000
1993-04-05,2.313052425579149,2.35478311670433,2.3070913141150693,2.3368983268737793,2377600
1993-04-06,2.3309382208558924,2.3309382208558924,2.289207511730242,2.2951693534851074,2299200
1993-04-07,2.3011304669702577,2.3190152645111084,2.289207511182847,2.3190152645111084,2024000
1993-04-08,2.319015764091853,2.319015764091853,2.16997842078268,2.2236320972442627,5801600
1993-04-12,2.229593841979901,2.3011316123108068,2.2176708802580833,2.2892086505889893,4046400
1993-04-13,2.301130176819477,2.3667067892413787,2.301130176819477,2.3130531311035156,6049600
1993-04-14,2.319015637482999,2.319015637482999,2.175940145022955,2.2355549335479736,8728000
1993-04-15,2.2355546420753685,2.247477598225852,2.2117087297744016,2.229592800140381,4235200
1993-04-16,2.2236315670343174,2.241515636444092,2.2057467699050903,2.217669725418091,5161600
1993-04-19,2.223630659583863,2.3368983268737793,2.211707708936548,2.3368983268737793,10996800
1993-04-20,2.3428616171109033,2.5276671027441897,2.324976816203382,2.5097830295562744,14692800
1993-04-21,2.539590012568694,2.539590012568694,2.462091150692826,2.4799752235412598,11995200
1993-04-22,2.4799742027228735,2.527666014313698,2.462090137235961,2.474013090133667,5366400
1993-04-23,2.4561299575766933,2.4561299575766933,2.348823308944702,2.348823308944702,5523200
1993-04-26,2.3607450753009966,2.4322828048555722,2.3607450753009966,2.4203598499298096,7196800
1993-04-27,2.4561291133178833,2.5813205242156982,2.4561291133178833,2.5813205242156982,8310400
1993-04-28,2.5693970368215604,2.5992040589591054,2.5097822648270856,2.5515122413635254,3960000
1993-04-29,2.5157441447123774,2.5157441447123774,2.479975270616941,2.5097830295562744,2849600
1993-04-30,2.5455523085218847,2.658820063979537,2.5455523085218847,2.575359344482422,3688000
1993-05-03,2.575359460132713,2.718434985695642,2.575359460132713,2.7124738693237305,5843200
1993-05-04,2.7065120779949683,2.7482428042908986,2.6767050401148205,2.742280960083008,4016000
1993-05-05,2.7780486862374625,2.87343233211686,2.7780486862374625,2.867471218109131,14499200
1993-05-06,2.885355234146118,2.93304705619812,2.6945879459381104,2.6945879459381104,19624000
1993-05-07,2.6468964897542504,2.694588318398471,2.5872817039489746,2.5872817039489746,6806400
1993-05-10,2.623049404127482,2.754201874333856,2.623049404127482,2.706510066986084,5676800
1993-05-11,2.7184344804064966,2.8376640628804655,2.7184344804064966,2.831702947616577,3243200
1993-05-12,2.7899707298446854,2.7899707298446854,2.7005489549272266,2.706510066986084,4702400
1993-05-13,2.6111264522905393,2.7184330188230272,2.6111264522905393,2.706510066986084,23646400
1993-05-14,2.7065106598394255,2.7065106598394255,2.6588188420448984,2.6707417964935303,9515200
1993-05-17,2.6826648701466786,2.6886267114956035,2.6588189601898193,2.6588189601898193,5492800
1993-05-18,2.7422789224969133,2.760163714111942,2.7005489549272266,2.706510066986084,6364800
1993-05-19,2.7065109531168723,2.801894599041696,2.7065109531168723,2.795933485031128,6617600
1993-05-20,2.8138175534422367,2.867471218109131,2.807856439434507,2.867471218109131,7134400
1993-05-21,2.8615103365007206,2.8615103365007206,2.8376644170298815,2.8436262607574463,3675200
1993-05-24,2.8436247798533563,2.873431799809138,2.837662939230601,2.861508846282959,6846400
1993-05-25,2.8615095576301948,2.921124340080824,2.8615095576301948,2.9092013835906982,6641600
1993-05-26,2.9032395474842514,2.9032395474842514,2.861508846282959,2.861508846282959,5820800
1993-05-27,2.867471454121184,2.921124395484607,2.861509611903289,2.891317367553711,8907200
1993-05-28,2.8853560790856014,2.8913179224476777,2.8495872020721436,2.8495872020721436,3740800
1993-06-01,2.8376643657684326,2.843626209388299,2.8197802903482283,2.8376643657684326,3830400
1993-06-02,2.831701204592668,2.831701204592668,2.754201659828808,2.778047561645508,3979200
1993-06-03,2.7780480835794576,2.7780480835794576,2.7363181114196777,2.7363181114196777,4041600
1993-06-04,2.736318409820699,2.736318409820699,2.6707417964935303,2.6707417964935303,2116800
1993-06-07,2.658820046078075,2.6647818898618754,2.61112820668654,2.623051166534424,3078400
1993-06-08,2.623050453466013,2.6349734100726767,2.5992045402526855,2.5992045402526855,2892800
1993-06-09,2.5992045402526855,2.617089339022441,2.5813204692024496,2.5992045402526855,1992000
1993-06-10,2.5992038869342404,2.6767034492575443,2.5992038869342404,2.652857542037964,6830400
1993-06-11,2.67670505032172,2.73631985402911,2.67670505032172,2.718435049057007,3574400
1993-06-14,2.7422795833457454,2.7780484474763423,2.736318469850348,2.748241424560547,3945600
1993-06-15,2.760164736223197,2.801894719245833,2.7542028942373933,2.784010648727417,5022400
1993-06-16,2.813818446728362,2.8495873252884683,2.813818446728362,2.8376643657684326,4571200
1993-06-17,2.837662939230601,2.8674706869057145,2.837662939230601,2.861508846282959,3459200
1993-06-18,2.86747109862495,2.86747109862495,2.8495863019080683,2.855548143386841,2320000
1993-06-21,2.8555477333795354,2.861508846282959,2.837662939230601,2.861508846282959,1508800
1993-06-22,2.86747109862495,2.891317009101168,2.843625188148732,2.855548143386841,4475200
1993-06-23,2.843625486754762,2.9330472965709498,2.843625486754762,2.9092013835906982,5537600
1993-06-24,2.8972787081339715,2.962855339050293,2.8972787081339715,2.962855339050293,3236800
1993-06-25,2.9568925411829405,2.9747773357352534,2.9330466335927556,2.9390084743499756,3062400
1993-06-28,2.9449700635110294,3.0403537092927633,2.9449700635110294,3.0343925952911377,3766400
1993-06-29,3.0582377418469933,3.111890665320463,3.0582377418469933,3.0761218070983887,4848000
1993-06-30,3.0761219239884317,3.0761219239884317,3.0582378580574567,3.0641989707946777,2532800
1993-07-01,3.0641996889000396,3.0641996889000396,2.992661952972412,2.992661952972412,5035200
1993-07-02,2.9807394116604646,2.9807394116604646,2.9270864661103677,2.962855339050293,5246400
1993-07-06,2.9926623650313067,3.01650828029052,2.956893492142486,2.986701250076294,3440000
1993-07-07,2.998624314631552,3.052277262018161,2.992662471744369,3.046316146850586,2435200
1993-07-08,3.0522763783695135,3.1536218563547624,3.0522763783695135,3.123814105987549,7569600
1993-07-09,3.111891442782086,3.1178532845015545,3.0820844173431396,3.0820844173431396,1737600
1993-07-12,3.0761231730342917,3.099969089104325,3.040354298929242,3.070162057876587,1739200
1993-07-13,3.0701619965109095,3.117853827697723,3.064200153752762,3.111891984939575,1331200
1993-07-14,3.135737823165656,3.219198525683373,3.135737823165656,3.1774685382843018,3622400
1993-07-15,3.1774680618507185,3.1774680618507185,3.1178532832767787,3.1536221504211426,3416000
1993-07-16,3.1476595235425373,3.1476595235425373,3.0701606945876847,3.0761218070983887,5158400
1993-07-19,3.0701618995996833,3.0880459718704225,2.944970482826233,2.9807393550872803,3270400
1993-07-20,3.004584668630577,3.004584668630577,2.9568928484935837,2.968815803527832,2284800
1993-07-21,2.956893022261333,2.956893022261333,2.8436253066392814,2.867471218109131,6392000
1993-07-22,2.8615103915519238,2.921125191375922,2.8555492754293863,2.8734333515167236,4224000
1993-07-23,2.89131719279982,2.94497013092041,2.8853553509422643,2.94497013092041,4467200
1993-07-26,2.992662304968346,3.0522770919199065,2.992662304968346,3.0284311771392822,6200000
1993-07-27,3.0284303930226755,3.0284303930226755,2.97477746251779,2.9986233711242676,2841600
1993-07-28,3.004583687712078,3.1118902479875095,3.004583687712078,3.105929136276245,4808000
1993-07-29,3.171506221379444,3.171506221379444,3.0463155501847248,3.0820844173431396,6027200
1993-07-30,3.0761228205013076,3.0761228205013076,3.010546922683716,3.010546922683716,2726400
1993-08-02,3.010547112497938,3.064200057029724,2.9688163976669313,2.9807393550872803,4156800
1993-08-03,3.004584789276123,3.052276611328125,2.998623675379349,3.004584789276123,3502400
1993-08-04,3.016507917030781,3.040353829418376,3.010546802793629,3.0224697589874268,2916800
1993-08-05,3.0403541955497335,3.0522771531793405,2.974778292446687,2.986701250076294,3222400
1993-08-06,2.9867011325143014,2.9926622472346733,2.974778175354004,2.974778175354004,3355200
1993-08-09,2.9747769145613088,2.9747769145613088,2.891316249812163,2.9211232662200928,3867200
1993-08-10,2.9151639665085116,2.9151639665085116,2.8317032498682635,2.8376643657684326,7080000
1993-08-11,2.479975334275955,2.6468967510060675,2.479975334275955,2.515744209289551,56286400
1993-08-12,2.6588182596383114,2.706510066986084,2.587280548616653,2.706510066986084,27654400
1993-08-13,2.7184337350819674,2.748241486387752,2.6409348915818844,2.6588189601898193,12168000
1993-08-16,2.6588191954850107,2.736318773562926,2.6588191954850107,2.7303569316864014,3905600
1993-08-17,2.7363185910057504,2.86747109862495,2.7363185910057504,2.855548143386841,6195200
1993-08-18,2.8853557504873297,3.004585326953748,2.8853557504873297,2.962855339050293,5470400
1993-08-19,2.962854863988529,2.9747778197234536,2.867471218109131,2.867471218109131,3556800
1993-08-20,2.8853552878517847,2.8853552878517847,2.855548262374206,2.867471218109131,3307200
1993-08-23,2.825741684955099,2.8317035291629904,2.742280960083008,2.742280960083008,7222400
1993-08-24,2.748241372729228,2.795933190670565,2.6707418047148606,2.766125440597534,5705600
1993-08-25,2.7780498527643975,2.801895774247354,2.7124739325461538,2.718435049057007,2832000
1993-08-26,2.7184340254810633,2.789971762993723,2.7005499549626473,2.784010648727417,2409600
1993-08-27,2.7899718284606934,2.7899718284606934,2.7482418444588594,2.7899718284606934,1563200
1993-08-30,2.778047561645508,2.813816414370557,2.7661246107371578,2.778047561645508,2660800
1993-08-31,2.7780485173317953,2.8615092024018494,2.7720874036865024,2.825740337371826,3187200
1993-09-01,2.825740032221526,2.861508893388887,2.8018941247766187,2.8197789192199707,5691200
1993-09-02,3.004585326953748,3.0105471696368604,2.9568934963671807,2.962855339050293,13056000
1993-09-03,2.962854567998786,2.962854567998786,2.9211238632357217,2.933046817779541,7046400
1993-09-07,2.897279271446323,2.903241115288585,2.8734333515167236,2.8734333515167236,11193600
1993-09-08,2.7601645651193394,2.7661256790161133,2.676703876528336,2.6945879459381104,18147200
1993-09-09,2.7184339756528364,2.736318773562926,2.682665107552141,2.7303569316864014,10651200
1993-09-10,2.766126827549951,2.789972748477106,2.7124738693237305,2.7124738693237305,8289600
1993-09-13,2.7124737292534107,2.7303578051653776,2.623051166534424,2.623051166534424,10214400
1993-09-14,2.6230501480546105,2.6945878793651907,2.5932431238682527,2.664780855178833,12523200
1993-09-15,2.6707417964935303,2.712472500923435,2.6468958875962665,2.6707417964935303,4948800
1993-09-16,2.694587070806416,2.7720866203308105,2.688625958845656,2.7720866203308105,2979200
1993-09-17,2.7482428042908986,2.7542039207790205,2.7243968828988727,2.742280960083008,2451200
1993-09-20,2.730358009798485,2.73631985402911,2.718435049057007,2.718435049057007,2512000
1993-09-21,2.718432807103759,2.7899705125538574,2.718432807103759,2.778047561645508,5870400
1993-09-22,2.795933086540044,2.903239672911572,2.795933086540044,2.89727783203125,5924800
1993-09-23,2.944970292695366,3.0582387447357178,2.9092014227436005,3.0582387447357178,8396800
1993-09-24,3.052277166193182,3.2907363198020243,3.052277166193182,3.278813362121582,15574400
1993-09-27,3.290735241270413,3.3563118508800405,3.2311204724068188,3.2668893337249756,10091200
1993-09-28,3.2549676194774166,3.2907364944167288,3.2072757862250003,3.2728524208068848,8025600
1993-09-29,3.2668898642287103,3.278812819937574,3.2311209971021184,3.2490057945251465,8238400
1993-09-30,3.2549676194774166,3.3682360873117174,3.2072757862250003,3.2728524208068848,10726400
1993-10-01,3.2072754525765,3.2132372949726613,3.076122924775974,3.1416995525360107,15123200
1993-10-04,3.1357369528485397,3.23708242735162,3.1357369528485397,3.2311205863952637,6414400
1993-10-05,3.254968112025448,3.254968112025448,3.1536233148881854,3.225161075592041,5393600
1993-10-06,3.2191992316735196,3.2430451519081385,3.213238115474732,3.225161075592041,2785600
1993-10-07,3.2013151553574226,3.2370840357093504,3.2013151553574226,3.225161075592041,1918400
1993-10-08,3.2370831966400146,3.2668902253472796,3.213237282586385,3.2370831966400146,3155200
1993-10-11,3.2490053815449604,3.3145812657486466,3.1715058154285614,3.2311205863952637,4395200
1993-10-12,3.2430430917977437,3.356311504819433,3.2430430917977437,3.3503496646881104,4992000
1993-10-13,3.2668902253472796,3.2847750247472742,3.17746841150594,3.2370831966400146,10107200
1993-10-14,3.243045289175851,3.3503519347735815,3.243045289175851,3.3384289741516113,4697600
1993-10-15,3.3384275984818936,3.3384275984818936,3.2370828388162827,3.2490057945251465,5038400
1993-10-18,3.249005263438609,3.2966970784783,3.2430434226989746,3.2430434226989746,4494400
1993-10-19,3.2490058619127127,3.284774729781186,3.207275152206421,3.207275152206421,3926400
1993-10-20,3.213236518964939,3.2311205863952637,3.189390610578258,3.2311205863952637,2374400
1993-10-21,3.2191975081144872,3.2191975081144872,3.177467533906009,3.1953516006469727,1550400
1993-10-22,3.1834299564361572,3.2549677082661836,3.17746884097681,3.1834299564361572,2216000
1993-10-25,3.2907356551498435,3.2907356551498435,3.2311208787884333,3.2609286308288574,3521600
1993-10-26,3.2609282171985314,3.278812283978743,3.2072745614192066,3.2430434226989746,2902400
1993-10-27,3.2490052120698083,3.3443888406411153,3.2490052120698083,3.332465887069702,2840000
1993-10-28,3.332465943334603,3.3563118508800405,3.2490052669255705,3.2668893337249756,4745600
1993-10-29,3.278812232138675,3.3384269999957414,3.278812232138675,3.332465887069702,1716800
1993-11-01,3.3086217250584724,3.415928363800049,3.284775805338122,3.415928363800049,7012800
1993-11-02,3.4397724503724265,3.5411171913146973,3.3920806363479863,3.5411171913146973,9513600
1993-11-03,3.541117787361145,3.5709255400033726,3.487464851412369,3.5530407428741455,9118400
1993-11-04,3.553041558187516,3.6424641089144614,3.541118599938565,3.636502265930176,14942400
1993-11-05,3.6126561368284777,3.6126561368284777,3.475542488894446,3.493426561355591,8836800
1993-11-08,3.499386787414551,3.529193803653354,3.469579043456507,3.499386787414551,3256000
1993-11-09,3.4934262556142754,3.5232340107335394,3.4934262556142754,3.5113110542297363,6558400
1993-11-10,3.5291948318481445,3.5947714510293736,3.5291948318481445,3.5768866539001465,9545600
1993-11-11,3.5768868267703224,3.588809782859557,3.5470798004069803,3.570925712585449,3814400
1993-11-12,3.5768876204619535,3.594772422424088,3.511311711279976,3.529195785522461,5984000
1993-11-15,3.529195125125684,3.529195125125684,3.4934262556142754,3.5113110542297363,2424000
1993-11-16,3.5053505897521973,3.5113124342069133,3.4755435506380135,3.5053505897521973,5246400
1993-11-17,3.499386787414551,3.5232326914932894,3.4934249475352455,3.499386787414551,2752000
1993-11-18,3.5053495669447674,3.5411184400768567,3.4993884519492124,3.5232343673706055,3171200
1993-11-19,3.5232343673706055,3.559003240502695,3.5053495669447674,3.5232343673706055,2953600
1993-11-22,3.5291948318481445,3.5291948318481445,3.3622734546661377,3.3622734546661377,5772800
1993-11-23,3.386120663287332,3.4278513874341896,3.380159547106199,3.421889543533325,3576000
1993-11-24,3.4397739080609147,3.517272774833009,3.4397739080609147,3.4755427837371826,5195200
1993-11-26,3.475541949089685,3.4934260187731603,3.4695801073822174,3.4874649047851562,657600
1993-11-29,3.481503493256039,3.481503493256039,3.421888707412614,3.433811664581299,4044800
1993-11-30,3.4397739141313846,3.4755427898707767,3.409966153822071,3.4516968727111816,4403200
1993-12-01,3.4576572658779785,3.594771624763918,3.4576572658779785,3.570925712585449,8596800
1993-12-02,3.559002584490372,3.564963698387146,3.517271876335144,3.5530407428741455,6424000
1993-12-03,3.5411190101818737,3.6066956520080566,3.5351578942266046,3.6066956520080566,3572800
1993-12-06,3.6066938726926745,3.6901545489301326,3.600732031958898,3.666308641433716,6593600
1993-12-07,3.6663100254123644,3.6663100254123644,3.6245793076812247,3.636502265930176,2000000
1993-12-08,3.6365028573017497,3.6543876614434305,3.624579897113875,3.648425817489624,5366400
1993-12-09,3.642464612890264,3.666310532687517,3.5411190898920784,3.564965009689331,3793600
1993-12-10,3.5411183754867097,3.594772048065992,3.499388388120222,3.5888102054595947,6011200
1993-12-13,3.5768879695879576,3.5828498133971314,3.5470809337012517,3.564965009689331,3235200
1993-12-14,3.5768872479663734,3.612656120446037,3.5709261330795496,3.5888102054595947,3547200
1993-12-15,3.582849732747573,3.6424645308987826,3.564964929442358,3.6066956520080566,4129600
1993-12-16,3.6305398491911838,3.7438075480922572,3.6305398491911838,3.696115732192993,9083200
1993-12-17,3.702078407699317,3.725924321025176,3.6782324943734586,3.7080395221710205,3592000
1993-12-20,3.7199616972693654,3.755730559743109,3.696115788953536,3.725923538208008,9230400
1993-12-21,3.7318867180183557,3.7438096787787973,3.6305419154144847,3.6424648761749268,4176000
1993-12-22,3.63650268722381,3.63650268722381,3.5053501312911477,3.6066956520080566,7436800
1993-12-23,3.648423846951731,3.6961156619445643,3.636500893203523,3.666308641433716,2993600
1993-12-27,3.6245787653634585,3.6603476347584927,3.576886939503413,3.654386520385742,4992000
1993-12-28,3.6424645308987826,3.666310450159267,3.582849732747573,3.6066956520080566,2684800
1993-12-29,3.606695733194384,3.6365027690810905,3.529196129993452,3.564965009689331,4588800
1993-12-30,3.5590038935998782,3.5828498133971314,3.5470809337012517,3.564965009689331,3396800
1993-12-31,3.6007315504541992,3.6424622468521997,3.6007315504541992,3.6186163425445557,2736000
1994-01-03,3.606693589630736,3.684192419052124,3.570924731193337,3.684192419052124,3267200
1994-01-04,3.6663087507786116,3.6663087507786116,3.582848072052002,3.582848072052002,3712000
1994-01-05,3.594772692377815,3.618618611638299,3.5768878890725997,3.6066956520080566,5630400
1994-01-06,3.6186162270749045,3.6424621306216283,3.606693275301543,3.6305391788482666,2419200
1994-01-07,3.6722720175154064,3.684194978611236,3.654387939731559,3.6782338619232178,5720000
1994-01-10,3.678231306505535,3.73188423030199,3.6722694662396576,3.684192419052124,2857600
1994-01-11,3.654385757140816,3.7378464349645286,3.654385757140816,3.696115732192993,3156800
1994-01-12,3.7318867498483415,3.7318867498483415,3.6961178672619357,3.719963788986206,1425600
1994-01-13,3.7199621200561523,3.74976987269838,3.702078050646378,3.7438080310821533,2427200
1994-01-14,3.7557301677276045,3.8451526784379086,3.7557301677276045,3.82726788520813,5100800
1994-01-17,3.815346109903111,3.970344545617925,3.815346109903111,3.9464986324310303,6545600
1994-01-18,3.9524604745875136,3.9584215890244776,3.8928456916202774,3.9464986324310303,4387200
1994-01-19,3.958422597049342,4.0061144355680085,3.9405385214646937,3.9524614810943604,8185600
1994-01-20,3.994190150307726,4.000151992003738,3.9345753719449243,3.9882290363311768,5633600
1994-01-21,3.9941909886861695,3.9941909886861695,3.9286150825824726,3.976306915283203,2873600
1994-01-24,3.982267384122058,3.98822922610175,3.904768532422545,3.9107296466827393,2724800
1994-01-25,3.910729771428064,3.910729771428064,3.8272690750866114,3.8511149883270264,6000000
1994-01-26,3.863037702199575,3.9763061468336827,3.863037702199575,3.970344305038452,5364800
1994-01-27,3.9763097692149616,4.077654622582829,3.952463835749565,4.053808689117432,7232000
1994-01-28,4.083616469809247,4.083616469809247,4.0359246028784534,4.053808689117432,4104000
1994-01-31,4.065728543097513,4.1253433311194705,4.047844470550715,4.077651500701904,6400000
1994-02-01,4.0776488322500555,4.11937952041626,4.065725882448154,4.11937952041626,4220800
1994-02-02,4.11341941425566,4.161111233551378,4.0895735046078014,4.12534236907959,3982400
1994-02-03,4.113418695538543,4.125341648279234,4.053803931835086,4.101495742797852,4057600
1994-02-04,4.101497725964507,4.119382527582891,3.99419109941311,4.012075901031494,3699200
1994-02-07,3.9941909886861695,3.9941909886861695,3.9345761978102565,3.976306915283203,5988800
1994-02-08,3.958420438491431,3.9643822789150778,3.8988056728514997,3.9047675132751465,2718400
1994-02-09,3.9166913022958147,4.012074947676298,3.8511146822370015,3.9882290363311768,5681600
1994-02-10,4.000151584535812,4.071689311284119,4.000151584535812,4.041881561279297,6800000
1994-02-11,4.041885722384734,4.089577589315527,4.0359246028784534,4.053808689117432,5179200
1994-02-14,4.0776520290935405,4.101497947392334,4.041883151645352,4.083613872528076,5857600
1994-02-15,4.101500556048225,4.1193853700073415,4.041885722384734,4.053808689117432,5355200
1994-02-16,4.053805585493121,4.089574458306296,4.0180367126799466,4.077651500701904,11875200
1994-02-17,4.0955367940663585,4.0955367940663585,4.006114237407255,4.0299601554870605,5052800
1994-02-18,4.029959017325407,4.029959017325407,3.9643831249860564,3.9882290363311768,8240000
1994-02-22,3.98822922610175,3.98822922610175,3.904768532422545,3.9107296466827393,4992000
1994-02-23,3.9166911830263187,3.928614138335806,3.857076406478882,3.857076406478882,4104000
1994-02-24,3.845152747635215,3.9226515791074723,3.845152747635215,3.9047675132751465,8577600
1994-02-25,3.9166925106984953,3.9643843481029233,3.869000673294067,3.8690006732940674,5182400
1994-02-28,3.8809222010950752,3.9584210444305423,3.8809222010950752,3.9405369758605957,5396800
1994-03-01,3.958421163980147,3.9941900299197273,3.892845273617305,3.9286141395568848,3545600
1994-03-02,3.91073000613338,3.9226529634691523,3.8570770619821855,3.8988070487976074,6176000
1994-03-03,3.9107304910513068,3.9166923343182245,3.8570775402473205,3.8749616146087646,5067200
1994-03-04,3.8689991245080346,3.8988061470940094,3.863037283359202,3.8809220790863037,3076800
1994-03-07,4.00015175506559,4.053804688554394,3.964382890166581,4.0359206199646,11675200
1994-03-08,4.053805045243749,4.095535755157471,4.0478439310957794,4.095535755157471,5907200
1994-03-09,4.143229185081483,4.173036222813122,4.113421419630078,4.161113262176514,6956800
1994-03-10,4.161111233551378,4.178996029646978,4.101496459431731,4.12534236907959,5084800
1994-03-11,4.125341648279234,4.125341648279234,4.065726884575778,4.101495742797852,7463200
1994-03-14,4.1253415315047555,4.1253415315047555,4.053803817085598,4.1134185791015625,8514400
1994-03-15,4.137265331918301,4.304186699776676,4.137265331918301,4.268417835235596,9300000
1994-03-16,4.268417135699765,4.3876466646299255,4.268417135699765,4.339954853057861,5748000
1994-03-17,4.375723606202661,4.423415416624488,4.351877700991747,4.399569511413574,4710400
1994-03-18,4.38764774831829,4.399570704156112,4.339955924967005,4.375724792480469,3585600
1994-03-21,4.387646558808117,4.411492464019031,4.363800653597204,4.399569511413574,2320000
1994-03-22,4.399570000898933,4.5307224941506625,4.363801139103006,4.494953632354736,4546400
1994-03-23,4.50687802956507,4.530723945065414,4.423417325313865,4.447263240814209,7353600
1994-03-24,4.447263485016527,4.447263485016527,4.387648692992177,4.423417568206787,5256800
1994-03-25,4.414349730978621,4.497864455618757,4.4024190560300305,4.485933780670166,5449600
1994-03-28,4.497864093099322,4.497864093099322,4.318903983294309,4.3427653312683105,4002400
1994-03-29,4.247318816660476,4.2831108291604245,4.151873449993949,4.1876654624938965,5220800
1994-03-30,4.187667241463294,4.199597917364899,4.032568454742432,4.032568454742432,5392000
1994-03-31,4.044498297206142,4.092220990978486,3.925191562775283,4.0802903175354,7267200
1994-04-04,3.9848440583275258,4.1876654624938965,3.9729133874942097,4.1876654624938965,5636800
1994-04-05,4.199596861942897,4.306972918072119,4.18766618903965,4.283111572265625,7477600
1994-04-06,4.295040880874253,4.342763557328412,4.247318204420095,4.306971549987793,5462400
1994-04-07,4.354697016418958,4.390489046690894,4.306974309389709,4.3666276931762695,1948800
1994-04-08,4.366626799106598,4.521725565195084,4.354696124792099,4.390488147735596,4340800
1994-04-11,4.41434934775463,4.4859333912317325,4.41434934775463,4.4262800216674805,3572000
1994-04-12,4.43821051088098,4.450141184297327,4.330834450133859,4.354695796966553,2966400
1994-04-13,4.3546945007754045,4.366625170640543,4.199595792528609,4.235387802124023,5600000
1994-04-14,4.211531162261963,4.211531162261963,4.163808429545114,4.211531162261963,5673600
1994-04-15,4.211527076634494,4.211527076634494,4.15187371860851,4.199596405029297,2948000
1994-04-18,4.199597817468226,4.199597817468226,4.092221736907959,4.092221736907959,3466400
1994-04-19,4.044500108063221,4.080292144417763,3.6865797445178035,3.817817211151123,15434400
1994-04-20,3.8894013335602513,3.913262691434854,3.5553423233158123,3.6149957180023193,21404800
1994-04-21,3.6746478050569946,3.8655386001248906,3.6627171303652513,3.7700932025909424,13485600
1994-04-22,3.8655393932937483,3.925192778992726,3.7820246533151796,3.9013314247131348,10876000
1994-04-25,3.877468878946334,3.913260899367377,3.7700928176832047,3.805884838104248,13840800
1994-04-26,3.805885226666173,3.82974657604966,3.710439829132225,3.7700932025909424,6523200
1994-04-28,3.817814383537147,3.8655370633313613,3.7342996938972717,3.746230363845825,6480800
1994-04-29,3.7700927429888624,3.9609835147857666,3.7700927429888624,3.9609835147857666,7330400
1994-05-02,4.008709548215353,4.223461845441175,4.008709548215353,4.211531162261963,6285600
1994-05-03,4.509792104844124,4.5336534387321885,4.402416102347836,4.438208103179932,16616000
1994-05-04,4.581379835518243,4.593310512173238,4.438211715658298,4.557518482208252,15428000
1994-05-05,4.605241878216083,4.748410019507775,4.581380521334134,4.6529645919799805,13461600
1994-05-06,4.581377711682033,4.676823080675409,4.533655027185345,4.569447040557861,8436000
1994-05-09,4.557517463034326,4.593309484995329,4.3427653312683105,4.3427653312683105,7296000
1994-05-10,4.485933118253141,4.497863791439984,4.4024184059452365,4.41434907913208,8087200
1994-05-11,4.4143486154309315,4.438209959298126,4.247319208360572,4.330833911895752,5414400
1994-05-12,4.354695952127851,4.521725385908097,4.354695952127851,4.50979471206665,4016800
1994-05-13,4.4978644792135665,4.617171229325332,4.462072454180037,4.5933098793029785,4580800
1994-05-16,4.593310995332038,4.6052416732419905,4.414350826682737,4.450142860412598,2846400
1994-05-17,4.390487732758393,4.41434907913208,4.295042347263646,4.41434907913208,4637600
1994-05-18,4.509794421494007,4.652962498366833,4.462071729203065,4.58137845993042,7270400
1994-05-19,4.629099982125418,4.724545342581613,4.629099982125418,4.676822662353516,5367200
1994-05-20,4.676823844512303,4.71261586373051,4.569447786857684,4.58137845993042,2877600
1994-05-23,4.617171019470136,4.664893717345796,4.581378996063391,4.605240345001221,4185600
1994-05-24,4.617170640143098,4.760338722008001,4.581378619676873,4.736477375030518,4787200
1994-05-25,4.676822325195928,4.796129017165213,4.652960986802072,4.724545001983643,5140000
1994-05-26,4.7245479553781875,4.7245479553781875,4.557518482208252,4.557518482208252,5199200
1994-05-27,4.581377711682033,4.605239053930377,4.545585698309517,4.569447040557861,2808000
1994-05-31,4.5455871792582725,4.605240554314156,4.533656504247096,4.5933098793029785,3143200
1994-06-01,4.581378996063391,4.6410323684079655,4.545586972656645,4.605240345001221,3875200
1994-06-02,4.605241044523752,4.712617131054099,4.593310368242602,4.700686454772949,5093600
1994-06-03,4.68875468107555,4.796130742474227,4.68875468107555,4.736477375030518,7240800
1994-06-06,4.760340111090405,4.843854849881465,4.748409434120253,4.819993495941162,5276800
1994-06-07,4.81999208945171,4.831922762940452,4.68875468107555,4.736477375030518,4979200
1994-06-08,4.724547304425921,4.772270004470627,4.557517854269449,4.5933098793029785,3416000
1994-06-09,4.5694454395642845,4.5694454395642845,4.438208103179932,4.438208103179932,4777600
1994-06-10,4.485934889225094,4.676825735575098,4.485934889225094,4.664895057678223,4300000
1994-06-13,4.629103235098032,4.736479341066801,4.617172556657057,4.6529645919799805,4207200
1994-06-14,4.676824241187089,4.712616263441071,4.629101544848445,4.6410322189331055,2116000
1994-06-15,4.664893717345796,4.676824391814711,4.605240345001221,4.605240345001221,2004800
1994-06-16,4.652963070929805,4.712616443634033,4.641032396388959,4.712616443634033,2385600
1994-06-17,4.772271376389724,4.772271376389724,4.6529645919799805,4.6529645919799805,4276800
1994-06-20,4.629101904336508,4.652963254358862,4.5455871792582725,4.5933098793029785,1972800
1994-06-21,4.557517557779948,4.557517557779948,4.378557444254557,4.474002838134766,9873600
1994-06-22,4.474003568332266,4.474003568332266,4.306974101781195,4.378558158874512,5864000
1994-06-23,4.37855556466903,4.4620702484638075,4.247318204420095,4.306971549987793,6794400
1994-06-24,4.462072043406032,4.509794739057433,4.41434934775463,4.4262800216674805,12652000
1994-06-27,4.509795246626202,4.533656597137451,4.462072545603702,4.533656597137451,8809600
1994-06-28,4.49786301381283,4.569447040557861,4.485932342688657,4.569447040557861,5983200
1994-06-29,4.569447040557861,4.629100396178721,4.5575163694336895,4.569447040557861,9928800
1994-06-30,4.5813769395992034,4.629099616053362,4.199595527965936,4.306971549987793,67585600
1994-07-01,4.342766339661646,4.438211753720143,4.295043632632397,4.3666276931762695,16532000
1994-07-05,4.378558369933582,4.426281076962831,4.342766339661646,4.3666276931762695,6044800
1994-07-06,4.271180085921555,4.271180085921555,4.175734720873029,4.247318744659424,13730400
1994-07-07,4.259251024182989,4.330835075009594,4.211528323631919,4.318904399871826,6282400
1994-07-08,4.330835440971332,4.330835440971332,4.2473207079498465,4.271182060241699,3516800
1994-07-11,4.2592491418542995,4.2711798117194375,4.175734452798333,4.235387802124023,4450400
1994-07-12,4.2234603094849685,4.2234603094849685,4.092222842241085,4.163806915283203,6405600
1994-07-13,4.1876656588386085,4.271180358587527,4.116081630482394,4.259249687194824,8000800
1994-07-14,4.271181202193263,4.438210634681268,4.271181202193263,4.402418613433838,9676000
1994-07-15,4.4024184059452365,4.4620717718794545,4.390487732758393,4.41434907913208,4424000
1994-07-18,4.4143494963645935,4.438210844993591,4.366626799106598,4.390488147735596,2014400
1994-07-19,4.37855556466903,4.414347572009649,4.295040880874253,4.306971549987793,4144000
1994-07-20,4.318906506129673,4.342767868041992,4.104154248918806,4.175738334655762,10895200
1994-07-21,4.199598951804262,4.211529630644615,3.9848467326779082,4.163806915283203,19199200
1994-07-22,4.223458591398302,4.3427653312683105,4.1995972434243,4.3427653312683105,10840000
1994-07-25,4.318907310874875,4.330837994054087,4.163808429545114,4.211531162261963,5161600
1994-07-26,4.199595792528609,4.2592491418542995,4.104150433607504,4.235387802124023,9790400
1994-07-27,4.259253894978812,4.259253894978812,4.187669795903538,4.211531162261963,6002400
1994-07-28,4.187666378523174,4.19959705196626,4.0802903175354,4.0802903175354,10932000
1994-07-29,4.128013199502296,4.3427653312683105,4.116082525515295,4.3427653312683105,7521600
1994-08-01,4.366626799106598,4.438210844993591,4.366626799106598,4.390488147735596,8552800
1994-08-02,4.450141098692611,4.474002445066297,4.4024184059452365,4.41434907913208,7055200
1994-08-03,4.557517830361712,4.557517830361712,4.450141755824394,4.485933780670166,5590400
1994-08-04,4.342768677233299,4.390491409950148,4.199600479082751,4.211531162261963,13238400
1994-08-05,4.223457132258885,4.2473184719891615,4.163803782933195,4.235387802124023,5606400
1994-08-08,4.271182590060764,4.342766655815972,4.247321234809028,4.2950439453125,3809600
1994-08-09,4.295043632632397,4.402419723448206,4.283112955875084,4.3666276931762695,3177600
1994-08-10,4.366626386384707,4.41434907913208,4.366626386384707,4.41434907913208,4804800
1994-08-11,4.4262800216674805,4.474002717318882,4.40241867384178,4.4262800216674805,2955200
1994-08-12,4.438210425505767,4.438210425505767,4.366626386384707,4.41434907913208,4682400
1994-08-15,4.438210695580331,4.521725412970284,4.4262800216674805,4.4262800216674805,3536000
1994-08-16,4.41434907913208,4.438210425505767,4.366626386384707,4.41434907913208,8115200
1994-08-17,4.402419890005757,4.5575186937186976,4.390489212797069,4.54558801651001,7884000
1994-08-18,4.509796245018845,4.664895057678223,4.438212177637593,4.664895057678223,5904800
1994-08-19,4.664893334098066,4.748408048519259,4.605239966654357,4.736477375030518,6408800
1994-08-22,4.724548287782125,4.81999370773732,4.688756255298927,4.80806303024292,3988800
1994-08-23,4.843854849881465,4.879646880791919,4.796132142000859,4.819993495941162,4445600
1994-08-24,4.819994024455253,4.855786059290317,4.748409954785126,4.843855381011963,5596000
1994-08-25,4.843856239793313,4.855786920186892,4.796133518218994,4.796133518218994,3487200
1994-08-26,4.855784001152206,4.939298713702736,4.796130635044685,4.879645347595215,4061600
1994-08-29,4.891575813293457,4.951229176870207,4.879645140578107,4.891575813293457,4406400
1994-08-30,4.891578094125381,4.891578094125381,4.7961326678985445,4.843855381011963,3097600
1994-08-31,4.855784504037154,5.046675295350655,4.831923155122967,4.9870219230651855,7201600
1994-09-01,4.987022456668672,5.0347451596033,4.927369078000387,5.010883808135986,3108800
1994-09-02,5.022813340891963,5.034744013910708,4.915437283723251,4.939298629760742,1545600
1994-09-06,4.927366526179583,4.951227865289411,4.819990500185355,4.855782508850098,3985600
1994-09-07,4.867714591648268,4.939298629760742,4.855783918629522,4.939298629760742,4575200
1994-09-08,4.927367856245086,5.106327947876263,4.927367856245086,5.0824666023254395,5630400
1994-09-09,5.010884085366892,5.165982878485391,4.998953408973161,5.130190849304199,7456800
1994-09-12,5.130190197026955,5.165982221657375,5.0347447980124995,5.058606147766113,4517600
1994-09-13,5.070536136627197,5.106328156415154,5.010882770313936,5.070536136627197,4456800
1994-09-14,5.058605256774616,5.0824666023254395,5.02281323844838,5.0824666023254395,4688000
1994-09-15,5.058606845361216,5.165982934059921,5.058606845361216,5.154052257537842,4485600
1994-09-16,5.142121581015764,5.154052257537842,5.0943988749274505,5.154052257537842,5988000
1994-09-19,5.1540524688508285,5.213705853906972,5.118260437817142,5.1421217918396,4968800
1994-09-20,5.118259522150147,5.154051546780568,4.998952773382078,5.058606147766113,5821600
1994-09-21,5.058606299538511,5.070536974773271,4.939299547190904,5.0228142738342285,9302400
1994-09-22,5.0108835985994675,5.0347449490689895,4.963160897660425,5.0228142738342285,4680000
1994-09-23,5.010883693511669,5.070537070815379,4.951230316207959,4.963160991668701,4844800
1994-09-26,4.963161244111903,4.975091920179479,4.8557851595037125,4.867715835571289,5564000
1994-09-27,4.855783386137879,4.951228759821179,4.855783386137879,4.915436744689941,4666400
1994-09-28,4.915437044797244,5.130189148696153,4.903506372358415,5.118258476257324,8835200
1994-09-29,5.15405220209166,5.213705584060314,5.010884085366892,5.130190849304199,4219200
1994-09-30,5.130190197026955,5.177912896534182,5.058606147766113,5.058606147766113,4205600
1994-10-03,5.03474411683924,5.08246680988985,4.987021423788632,5.070536136627197,4025600
1994-10-04,5.094398538271586,5.1659825926735286,4.998953132402329,5.010883808135986,5585600
1994-10-05,4.963160664925564,4.963160664925564,4.855784592847847,4.927368640899658,4307200
1994-10-06,4.903506072979529,4.939298088110767,4.819991371006641,4.915436744689941,2801600
1994-10-07,4.927367856245086,5.094397275100851,4.915437183469674,5.0824666023254395,3672000
1994-10-10,5.106328871729192,5.201774271200765,5.094398196795245,5.165982246398926,2291200
1994-10-11,5.189844287104077,5.237566993192391,5.118260227971607,5.154052257537842,4017600
1994-10-12,5.249497088469411,5.2852891140726115,5.201774387665144,5.213705062866211,5950400
1994-10-13,5.237566270918216,5.273358295548637,5.022814123135692,5.058606147766113,5665600
1994-10-14,5.010882831010662,5.09439754486084,4.963160137381989,5.09439754486084,3862400
1994-10-17,5.070537835702129,5.189844608306885,5.058607158441653,5.189844608306885,2076800
1994-10-18,5.177912896534182,5.1898435714109885,5.022814123135692,5.058606147766113,2645600
1994-10-19,5.010882521704804,5.010882521704804,4.951229158351175,4.975090503692627,2987200
1994-10-20,4.987020152448172,5.010881492890507,4.879644120457661,4.951228141784668,2945600
1994-10-21,4.951230568044326,4.951230568044326,4.819993131300982,4.867715835571289,2949600
1994-10-24,4.819992568821942,5.022814038302073,4.819992568821942,4.927368640899658,4320000
1994-10-25,4.855783795147407,4.927367831439507,4.855783795147407,4.891575813293457,3407200
1994-10-26,4.927368871956143,5.0228142738342285,4.915438196721383,5.0228142738342285,2680800
1994-10-27,5.022814540501455,5.094398595710501,4.998953188765106,5.034745216369629,4040000
1994-10-28,4.998952035926476,5.094397420860633,4.987021362809707,5.046674728393555,4381600
1994-10-31,5.046675892237803,5.070537243974153,4.998953188765106,5.034745216369629,2471200
1994-11-01,5.022813426253265,5.022813426253265,4.879645347595215,4.879645347595215,5085600
1994-11-02,4.8796460084747855,4.903507358149478,4.760339260101318,4.760339260101318,7424800
1994-11-03,4.748408223923478,4.748408223923478,4.5813787889110955,4.617170810699463,17600800
1994-11-04,4.629101484628919,4.724546876064567,4.593309462840551,4.617170810699463,15127200
1994-11-07,4.617170810699463,4.664893506417287,4.605240136770007,4.617170810699463,5597600
1994-11-08,4.6171708707637835,4.652962893017767,4.581378848509801,4.6410322189331055,7872800
1994-11-09,4.724547807335249,4.7842011887409965,4.65296374964835,4.700686454772949,7039200
1994-11-10,4.724548662625827,4.736479341066801,4.605241878216083,4.6529645919799805,4421600
1994-11-11,4.6410337018844725,4.688756413471974,4.605241668193846,4.664895057678223,2715200
1994-11-14,4.664891992296492,4.700684002467565,4.6529613222394675,4.676822662353516,2717600
1994-11-15,4.7006880750703575,4.796133518218994,4.7006880750703575,4.796133518218994,7372800
1994-11-16,4.796129161075526,4.855782508850098,4.796129161075526,4.855782508850098,5472800
1994-11-17,4.915438911702373,4.915438911702373,4.796132142000859,4.819993495941162,2460000
1994-11-18,4.831923961639404,4.843854638087897,4.80806260874242,4.831923961639404,2543200
1994-11-21,4.8557863355281965,4.975093125098914,4.736479545957479,4.748410224914551,3444000
1994-11-22,4.748407521198706,4.7603381933625215,4.581378110905284,4.629100799560547,3873600
1994-11-23,4.462073068968288,4.581379835518243,4.4501423923132934,4.557518482208252,5975200
1994-11-25,4.629101693939051,4.6410323684079655,4.605240345001221,4.605240345001221,899200
1994-11-28,4.5933098793029785,4.6887552793923915,4.533656504247096,4.5933098793029785,2557600
1994-11-29,4.6410337018844725,4.700687091368849,4.605241668193846,4.664895057678223,3160800
1994-11-30,4.712617497431637,4.712617497431637,4.533657339301322,4.54558801651001,3988800
1994-12-01,4.462072430772984,4.53365648046453,4.462072430772984,4.485933780670166,6546400
1994-12-02,4.474002690542312,4.533656059749543,4.438210669017973,4.50979471206665,5031200
1994-12-05,4.53365648046453,4.5694485053103024,4.474003105721575,4.485933780670166,3342400
1994-12-06,4.474002867937088,4.485933542251587,4.354696124792099,4.390488147735596,5868800
1994-12-07,4.414351170930617,4.450143207451676,4.092222842241085,4.163806915283203,16528000
1994-12-08,4.163806096809666,4.163806096809666,3.913261890411377,3.913261890411377,34871200
1994-12-09,3.9371208504064756,4.056427542843036,3.877467504188196,3.996774196624756,22524800
1994-12-12,4.128014878762144,4.283113703686734,4.116084199921791,4.163806915283203,10862400
1994-12-13,4.199596330231311,4.271180358587527,4.151873644660501,4.259249687194824,7059200
1994-12-14,4.2473190158021215,4.2950417013729325,4.223457673016717,4.259249687194824,7093600
1994-12-15,4.283115261337237,4.283115261337237,4.163808429545114,4.211531162261963,5357600
1994-12-16,4.271181699320756,4.354696425285129,4.235389673907454,4.318904399871826,6369600
1994-12-19,4.318904777963414,4.378558158874512,4.259251397052318,4.378558158874512,6155200
1994-12-20,4.390489046690894,4.414350400205518,4.330835662904333,4.3666276931762695,6219200
1994-12-21,4.390487939684695,4.426279960932124,4.3666265921864085,4.402418613433838,5200000
1994-12-22,4.402418822050095,4.402418822050095,4.366626799106598,4.390488147735596,4057600
1994-12-23,4.4143486154309315,4.4143486154309315,4.318903239962155,4.330833911895752,2832000
1994-12-27,4.378557473421097,4.390488147735596,4.330834776163101,4.390488147735596,5744000
1994-12-28,4.3546945007754045,4.378555840505681,4.199595792528609,4.235387802124023,4925600
1994-12-29,4.23538938164711,4.402418822050095,4.223458707332611,4.390488147735596,3748800
1994-12-30,4.4024169028961095,4.4024169028961095,4.247318204420095,4.306971549987793,2744800
1995-01-03,4.295043779456097,4.295043779456097,4.104152944813604,4.11608362197876,6892800
1995-01-04,4.116083512907504,4.1757368971525395,4.056430128662467,4.068360805511475,7276000
1995-01-05,4.068359644092315,4.104151664421573,4.044498297206142,4.0802903175354,6524800
1995-01-06,4.092220990978486,4.175735705080088,4.044498297206142,4.0802903175354,12976000
1995-01-09,4.080290132910428,4.318903590975365,4.080290132910428,4.283111572265625,9991200
1995-01-10,4.438211753720143,4.450142430477455,4.306974309389709,4.3666276931762695,9035200
1995-01-11,4.438209959298126,4.450140631231723,4.223457864493378,4.330833911895752,4856000
1995-01-12,4.3546993604125115,4.366630043591724,4.151877746365901,4.211531162261963,4885600
1995-01-13,4.247320115903003,4.247320115903003,4.139944045557141,4.223458766937256,6985600
1995-01-16,4.199596405029297,4.259249763055282,4.1876657334241,4.199596405029297,5084800
1995-01-17,4.2234577482396904,4.283111106265675,4.1876657334241,4.199596405029297,6314400
1995-01-18,4.2473232117996,4.259253894978812,4.199600479082751,4.211531162261963,5168000
1995-01-19,4.22345936850566,4.378558158874512,4.211528692323441,4.378558158874512,10840000
1995-01-20,4.3666276931762695,4.3666276931762695,4.271182279117772,4.3666276931762695,4441600
1995-01-23,4.295040880874253,4.330832888214872,4.271179542647174,4.306971549987793,3944000
1995-01-24,4.2950422451688715,4.306972918072119,4.247319553555884,4.283111572265625,3475200
1995-01-25,4.2592494874937925,4.2592494874937925,4.175734791660581,4.1876654624938965,6011200
1995-01-26,4.199596133327213,4.2592494874937925,4.151873449993949,4.1876654624938965,4840000
1995-01-27,4.211527076634494,4.2234577482396904,4.104151032187723,4.199596405029297,5033600
1995-01-30,4.199597581903985,4.521725805515939,4.199597581903985,4.485933780670166,10353600
1995-01-31,4.4859327335947565,4.652962143888178,4.450140717103309,4.629100799560547,13500800
1995-02-01,4.629099982125418,4.736476012638637,4.581377301897321,4.676822662353516,7759200
1995-02-02,4.688755925413202,4.736478632033183,4.533657128898261,4.557518482208252,5815200
1995-02-03,4.55751767460304,4.760339141797416,4.55751767460304,4.712616443634033,11893600
1995-02-06,4.748406340377499,4.760337009574427,4.629099648408215,4.724545001983643,10712800
1995-02-07,4.664895057678223,4.700687091368849,4.6171723460907215,4.664895057678223,3988800
1995-02-08,4.617171720804902,4.712617131054099,4.605241044523752,4.700686454772949,7611200
1995-02-09,4.676823844512303,4.688754517585039,4.58137845993042,4.58137845993042,10384000
1995-02-10,4.617170810699463,4.676824180346743,4.5336560931932715,4.617170810699463,6481600
1995-02-13,4.629102542138225,4.64103321879322,4.545587805553256,4.557518482208252,1764800
1995-02-14,4.247320349045221,4.438211151249501,4.247320349045221,4.318904399871826,39053600
1995-02-15,4.306972372765634,4.33083371555104,4.2473190158021215,4.259249687194824,15294400
1995-02-16,4.2473232117996,4.271184578158024,4.187669795903538,4.211531162261963,11510400
1995-02-17,4.199597114740416,4.199597114740416,4.068359704904778,4.104151725769043,19148000
1995-02-21,4.10415021981766,4.116080889061315,3.9848435273811,3.996774196624756,22363200
1995-02-22,4.044498476488837,4.175735890180215,4.032567802516893,4.151874542236328,17464000
1995-02-23,4.175736466232611,4.247320519939456,4.0802910612901515,4.092221736907959,10020000
1995-02-24,4.104152525536265,4.139944553375244,4.05642982175096,4.139944553375244,7736000
1995-02-27,4.092221736907959,4.175736466232611,4.044499034436729,4.092221736907959,5749600
1995-02-28,4.092221052147622,4.104151725769043,4.020637010419092,4.104151725769043,8917600
1995-03-01,4.128016380007477,4.259253894978812,4.128016380007477,4.211531162261963,6400800
1995-03-02,4.199598362134851,4.223459716465162,4.11608362197876,4.11608362197876,7816800
1995-03-03,4.139943746633308,4.163805093876151,4.056429031283357,4.104151725769043,7571200
1995-03-06,4.080289022057458,4.080289022057458,4.020635673781763,4.044497013092041,4715200
1995-03-07,4.032567562776453,4.116082275615019,3.9848448697258445,4.056428909301758,8988800
1995-03-08,4.151874358193917,4.151874358193917,4.020636950319971,4.0802903175354,9488000
1995-03-09,4.0564298065456414,4.092221834250456,4.020637778840827,4.032568454742432,9748800
1995-03-10,4.0325676237630566,4.151874358193917,3.996775603433799,4.0802903175354,8998400
1995-03-13,4.092222530717795,4.18766795417477,4.092222530717795,4.12801456451416,4505600
1995-03-14,4.163806915283203,4.199598951804262,4.163806915283203,4.163806915283203,5416000
1995-03-15,4.175734720873029,4.25924941529049,4.080289355824503,4.247318744659424,8839200
1995-03-16,4.2473200276692715,4.533656209309896,4.2473200276692715,4.474002838134766,16135200
1995-03-17,4.474004216232504,4.474004216232504,4.402420148772784,4.450142860412598,9641600
1995-03-20,4.450141098692611,4.4620717718794545,4.37855705957155,4.41434907913208,2881600
1995-03-21,4.390487817215593,4.390487817215593,4.330834450133859,4.354695796966553,7248800
1995-03-22,4.354697016418958,4.378558369933582,4.330835662904333,4.3666276931762695,5648800
1995-03-23,4.3427651235502065,4.354695796966553,4.318903776717513,4.354695796966553,6253600
1995-03-24,4.354695978190378,4.462072043406032,4.354695978190378,4.4262800216674805,7256800
1995-03-27,4.485932342688657,4.593308382806205,4.485932342688657,4.569447040557861,5320800
1995-03-28,4.572313425167055,4.691694976737995,4.560375270009961,4.643942356109619,8994400
1995-03-29,4.643943914763379,4.775263665566457,4.572314959779882,4.620067596435547,15598400
1995-03-30,4.643942483182318,4.655880638666077,4.512622772860967,4.524560928344727,4005600
1995-03-31,4.500684441092179,4.524560751124499,4.429055510995222,4.464869976043701,6808000
1995-04-03,4.45293248117452,4.464870637960511,4.3813035404585765,4.429056167602539,2620000
1995-04-04,4.44099432438853,4.524561421890465,4.345489070100605,4.429056167602539,6729600
1995-04-05,4.393240747372966,4.393240747372966,4.309673667939241,4.333549976348877,5285600
1995-04-06,4.309675408475226,4.345489885553968,4.226108295291495,4.273860931396484,10004800
1995-04-07,4.261921928479121,4.345489025115967,4.261921928479121,4.345489025115967,3857600
1995-04-10,4.321609656458778,4.333547804681039,4.261918915347469,4.285795211791992,5574400
1995-04-11,4.285799090422731,4.309675408475226,4.261922772370237,4.273860931396484,2949600
1995-04-12,4.249983771816715,4.345489025115967,4.249983771816715,4.345489025115967,4062400
1995-04-13,4.357427946553243,4.429056899099324,4.357427946553243,4.3813042640686035,4421600
1995-04-17,4.3693651040395105,4.4290558841493395,4.273859855863783,4.297736167907715,5584000
1995-04-18,4.30967501719565,4.32161317513802,4.130602648060097,4.166417121887207,15420000
1995-04-19,4.106724760267469,4.11866291364034,3.6053223186069063,3.7605183124542236,77760800
1995-04-20,3.6530749888936427,3.74858021736145,3.509817146191931,3.74858021736145,58239200
1995-04-21,3.7843955655585133,3.91571528549903,3.7247047837673697,3.8560245037078857,18575200
1995-04-24,3.8440862473546495,3.879900715497705,3.629199438496315,3.688890218734741,17893600
1995-04-25,3.724704202979502,3.7485805119729605,3.5098174220383767,3.5456318855285645,21304800
1995-04-26,3.4978799285559816,3.593385182577988,3.4381891447922275,3.4620654582977295,25675200
1995-04-27,3.509816367490634,3.581445272949627,3.462063763851306,3.569507122039795,19688000
1995-04-28,3.5695088057173896,3.5695088057173896,3.4501272403087815,3.474003553390503,16064800
1995-05-01,3.43818913673868,3.5217562338121895,3.4143128232891056,3.5098180770874023,19492000
1995-05-02,3.5575690005423577,3.688888661636203,3.4859400944911694,3.6650123596191406,15804000
1995-05-03,3.7008294807408904,3.7127676403561836,3.593386044203252,3.617262363433838,13880800
1995-05-04,3.4381877472254345,3.4859403548257877,3.2829917725242863,3.306868076324463,44124000
1995-05-05,3.3546217058745906,3.402374328022272,3.2591164615792287,3.3904361724853516,34224800
1995-05-08,3.402374560634295,3.474003498752912,3.402374560634295,3.4381890296936035,23605600
1995-05-09,3.485942300269221,3.5336949345194846,3.4620659831440896,3.497880458831787,14768800
1995-05-10,3.545631145661877,3.72470342574581,3.5336929936562815,3.700827121734619,20340000
1995-05-11,3.7366424202919006,3.7366424202919006,3.6769516468048096,3.7247042655944824,7718400
1995-05-12,3.7127676403561836,3.7127676403561836,3.605324203818545,3.617262363433838,7256000
1995-05-15,3.6291979065935465,3.676950510627672,3.5695071515508894,3.6650123596191406,7862400
1995-05-16,3.665013372508529,3.700827835432065,3.6291989095849932,3.6530752182006836,4984800
1995-05-17,3.6530756306418266,3.7366427202316723,3.6530756306418266,3.712766408920288,5903200
1995-05-18,3.7605191550208525,3.7724573110685378,3.6650139066393708,3.688890218734741,10303200
1995-05-19,3.6411386826644243,3.6650150018950107,3.593386044203252,3.617262363433838,6233600
1995-05-22,3.5098179611441207,3.533694273804965,3.4143127105007434,3.4859416484832764,20612800
1995-05-23,3.4620653423998093,3.50981796781222,3.4381890296936035,3.4381890296936035,19688000
1995-05-24,3.4859416484832764,3.5575705864658094,3.462065335822432,3.4859416484832764,27839200
1995-05-25,3.485942300269221,3.5217567759569186,3.438189666018958,3.497880458831787,10592800
1995-05-26,3.5098166927746837,3.5217548447909244,3.426249628661001,3.4501259326934814,7868000
1995-05-30,3.497880458831787,3.509818617394353,3.4620659831440896,3.497880458831787,5754400
1995-05-31,3.4978796779709374,3.557570457458496,3.474003366175914,3.557570457458496,6893600
1995-06-01,3.5814478845879587,3.6411386826644243,3.5695097249726655,3.617262363433838,6764000
1995-06-02,3.6411363617066415,3.7127652737402146,3.5814456016786638,3.700827121734619,7256800
1995-06-05,3.7247046762460414,3.8321480803685235,3.7127665202324325,3.784395456314087,9493600
1995-06-06,3.772456465827094,3.796332772572835,3.748580159081353,3.7605183124542236,7547200
1995-06-07,3.9157136185291668,3.9873425261851883,3.8798991647011563,3.9515280723571777,18305600
1995-06-08,3.963466587009372,3.999281044120903,3.9515284346388624,3.975404739379883,15116000
1995-06-09,3.975403914522769,3.9992802143096924,3.9276513149489216,3.9992802143096924,9519200
1995-06-12,3.987344868211861,3.9992830264999206,3.9157159184835044,3.963468551635742,7086400
1995-06-13,3.9634667174302725,4.058971939537026,3.9157141063768957,4.047033786773682,15579200
1995-06-14,3.8679640531539916,3.8799022138118744,3.784396928548813,3.820211410522461,25392800
1995-06-15,3.844085931777954,3.8918385520484877,3.8202096216426873,3.844085931777954,14764000
1995-06-16,3.8560258924961093,3.8560258924961093,3.808273249864578,3.820211410522461,8520000
1995-06-19,3.8202093861585746,3.9037764664807932,3.7963330774950834,3.891838312149048,7788800
1995-06-20,3.8799004577030645,3.9157149234664774,3.8321478366851807,3.8321478366851807,4287200
1995-06-21,3.891838373699245,4.035096227945843,3.856023910137595,4.023158073425293,17556800
1995-06-22,4.202231099959515,4.2619218826293945,4.154478473823612,4.2619218826293945,36239200
1995-06-23,4.238045409668324,4.238045409668324,4.0589730684147325,4.106725692749023,13220000
1995-06-26,4.226107253584751,4.285798034002615,4.082849380581878,4.106725692749023,30400000
1995-06-27,4.082847912137102,4.166414974666224,3.903775635288983,3.9157137870788574,35934400
1995-06-28,3.820210618239183,3.87990140914917,3.772457985511193,3.87990140914917,25974400
1995-06-29,3.856023028129485,3.9515282424484814,3.8440848763396103,3.9157137870788574,12580000
1995-06-30,3.9157136185291668,3.9515280723571777,3.8560228621491492,3.9515280723571777,14227200
1995-07-03,3.9515282653626937,4.035095328376406,3.9395901135035922,4.011219024658203,5537600
1995-07-05,4.023157348861923,4.070909958343964,3.963466587009372,3.975404739379883,9252800
1995-07-06,3.9634654050991855,3.999279851530805,3.820207619372709,3.867960214614868,25851200
1995-07-07,3.844086347349657,3.8799008164243434,3.8202100346331997,3.8560245037078857,22072800
1995-07-10,3.8799001578173025,3.9037764664807932,3.8202093861585746,3.891838312149048,10256800
1995-07-11,3.9037758251568215,4.011219196491413,3.8918376727863113,3.975404739379883,9295200
1995-07-12,4.023157310764692,4.0947862243094635,3.939590244962458,4.082848072052002,11736000
1995-07-13,4.11866227002211,4.285796391124457,4.11866227002211,4.238043785095215,18412000
1995-07-14,4.261921944243184,4.261921944243184,4.142540377177549,4.249983787536621,11934400
1995-07-17,4.3454892531685205,4.440994511479917,4.3454892531685205,4.393241882324219,17460800
1995-07-18,4.3693651040395105,4.381303260061476,4.285798011885749,4.297736167907715,10394400
1995-07-19,4.226107128782768,4.261921595975843,3.891838768314075,4.13060188293457,17044800
1995-07-20,4.202231283241746,4.27386022556973,4.154478655023089,4.226107597351074,8828000
1995-07-21,4.202231052943639,4.214169209344047,4.178354740142822,4.178354740142822,6537600
1995-07-24,4.13060216075566,4.2619218826293945,4.13060216075566,4.2619218826293945,8751200
1995-07-25,4.345487479955121,4.4171163944598755,4.309673022702744,4.369363784790039,8264800
1995-07-26,4.393240089624958,4.4171163944598755,4.309673022702744,4.369363784790039,6201600
1995-07-27,4.393240089624958,4.4171163944598755,4.35742563237258,4.369363784790039,10260800
1995-07-28,4.381303260061476,4.405179572105408,4.285798011885749,4.297736167907715,5317600
1995-07-31,4.393241416083442,4.393241416083442,4.297736167907715,4.297736167907715,6979200
1995-08-01,4.297735572519882,4.3574263443604355,4.249982955047439,4.3216118812561035,5119200
1995-08-02,4.345488791995579,4.393241416083442,4.249983543819852,4.297736167907715,5758400
1995-08-03,4.273858689277222,4.273858689277222,3.9157141063768957,4.047033786773682,40277600
1995-08-04,4.023157153187729,4.047033456767478,3.915713787078858,3.9157137870788574,18620800
1995-08-07,3.9157164967702536,3.9873454570770264,3.9157164967702536,3.9873454570770264,10954400
1995-08-08,3.987342583049428,3.987342583049428,3.9276518258181485,3.9395899772644043,5018400
1995-08-09,3.963466280156916,3.975404431603172,3.9276518258181485,3.9395899772644043,3325600
1995-08-10,3.9276518258181485,3.987342583049428,3.9276518258181485,3.9395899772644043,4196000
1995-08-11,3.951530393347683,3.9992830264999206,3.939592235059623,3.963468551635742,6788800
1995-08-14,3.963468551635742,4.023159343076039,3.9276540767715638,3.963468551635742,6425600
1995-08-15,3.9634691369747688,4.023159937230413,3.9634691369747688,3.9873454570770264,6223200
1995-08-16,3.963467417235972,4.118663430561477,3.963467417235972,4.094787120819092,8216000
1995-08-17,4.11866360697253,4.166416228502646,4.035096519294826,4.154478073120117,7424800
1995-08-18,4.20223003507,4.261920802613608,4.118662960508949,4.190291881561279,8463200
1995-08-21,4.214169753656688,4.238046069541428,4.154478963944837,4.166417121887207,6047200
1995-08-22,4.166415446737538,4.178353599880053,4.106724681024966,4.1186628341674805,3301600
1995-08-23,4.118663309589691,4.118663309589691,4.023158073425293,4.023158073425293,3148000
1995-08-24,4.04703625733267,4.04703625733267,3.9634691369747688,3.9873454570770264,5063200
1995-08-25,3.9992802143096924,4.011218364203154,3.963465764629307,3.9992802143096924,3133600
1995-08-28,4.05897163209461,4.05897163209461,3.987342720939999,4.011219024658203,4864800
1995-08-29,4.011220333844247,4.035096645355225,3.9634677108222918,4.035096645355225,2398400
1995-08-30,4.058971939537026,4.094786397827058,3.9634667174302725,4.047033786773682,6644800
1995-08-31,4.047034801110714,4.070911112621691,4.011220333844247,4.035096645355225,2963200
1995-09-01,4.058970963777001,4.070909113670463,3.9873420644162305,3.9992802143096924,6571200
1995-09-05,3.999282053147239,4.154478073120117,3.999282053147239,4.154478073120117,6999200
1995-09-06,4.178355976137156,4.226108615864438,4.166417816205335,4.214170455932617,6676000
1995-09-07,4.202230453491211,4.226106762886047,4.1186633706092834,4.202230453491211,7068800
1995-09-08,4.202231365701427,4.417118196902067,4.166416893834653,4.393241882324219,17129600
1995-09-11,4.440993364192238,4.464869672601873,4.309673667939241,4.333549976348877,17967200
1995-09-12,4.3693653384407805,4.381303495103187,4.309674555128748,4.345489025115967,8372800
1995-09-13,4.35742563237258,4.429054546877334,4.345487479955121,4.369363784790039,10701600
1995-09-14,4.405178782058089,4.4648695514626695,4.309673551010759,4.357426166534424,12752000
1995-09-15,4.417118549346924,4.488747498795793,4.38130407462249,4.417118549346924,20004000
1995-09-18,4.440993666011382,4.512622596108339,4.405179200962903,4.464869976043701,14216000
1995-09-19,4.47680830640969,4.524560928344727,4.464870150925931,4.524560928344727,8788000
1995-09-20,4.524562231199009,4.5842530258058565,4.51262407227764,4.548438549041748,17740000
1995-09-21,4.536500482288134,4.6320057555994625,4.524562323124218,4.620067596435547,9044000
1995-09-22,4.560376043121019,4.6081286718448,4.5364997287591295,4.58425235748291,8728000
1995-09-25,4.58425212659334,4.608128439752679,4.512623187115318,4.536499500274658,5924000
1995-09-26,4.536499500274658,4.572313970013669,4.536499500274658,4.536499500274658,5415200
1995-09-27,4.536497821199133,4.536497821199133,4.393239995266529,4.488745212554932,13947200
1995-09-28,4.4648711885724754,4.620067245929272,4.440994872056045,4.596190929412842,8872800
1995-09-29,4.584254272148737,4.7036358938192775,4.584254272148737,4.667821407318115,14333600
1995-10-02,4.620064236901023,4.7871983436623005,4.620064236901023,4.727507591247559,12754400
1995-10-03,4.7036333084106445,4.715571464015748,4.667818841595335,4.7036333084106445,7386400
1995-10-04,4.679759157620944,4.679759157620944,4.620068352039044,4.655882835388184,5639200
1995-10-05,4.6678177235408755,4.739446640014648,4.655879570795246,4.739446640014648,5588800
1995-10-06,4.703631512972773,4.75138411716539,4.667817059828311,4.679755210876465,4779200
1995-10-09,4.63200396375195,4.72750920011797,4.584251345568941,4.691694736480713,6049600
1995-10-10,4.632004200952525,4.643942356109619,4.548437114852867,4.643942356109619,4986400
1995-10-11,4.643940300605316,4.643940300605316,4.548435101621145,4.5723114013671875,2798400
1995-10-12,4.572313425167055,4.655880511266713,4.524560804538678,4.643942356109619,4332000
1995-10-13,4.667820996504564,4.703635479853704,4.643944674271804,4.655882835388184,6705600
1995-10-16,4.6558832451510614,4.667821407318115,4.620068758649899,4.667821407318115,3413600
1995-10-17,4.703630869901633,4.715569019317627,4.679754571069645,4.715569019317627,5727200
1995-10-18,4.739448238961139,4.811077179600351,4.715571925414736,4.799139022827148,9509600
1995-10-19,4.775261460689076,4.846890382599412,4.739446999733908,4.7633233070373535,9998400
1995-10-20,4.763322945505906,4.775261098251534,4.691694029032133,4.739446640014648,3268800
1995-10-23,4.739446542772672,4.858828067779541,4.727508390271986,4.858828067779541,10004800
1995-10-24,4.88270415297342,5.205034255981445,4.87076600101016,5.205034255981445,24648800
1995-10-25,5.169219663531281,5.240848573418551,5.121467056939768,5.1334052085876465,22716800
1995-10-26,5.181159496307373,5.181159496307373,4.978210852442798,5.181159496307373,15798400
1995-10-27,5.049841276056626,5.145346548417035,5.014026798921473,5.0737175941467285,6506400
1995-10-30,5.133408482279412,5.1572848008016425,5.0975940044960675,5.145346641540527,3976800
1995-10-31,5.157284707462087,5.181161025552189,5.0737175941467285,5.0737175941467285,4691200
1995-11-01,5.07371743520101,5.240851656595866,5.07371743520101,5.193099021911621,9884800
1995-11-02,5.205035222094992,5.539303539110266,5.169220759557641,5.491550922393799,19788000
1995-11-03,5.587057236438145,5.587057236438145,5.4676756715569885,5.563180923461914,12976000
1995-11-06,5.539303539110266,5.563179847468501,5.491550922393799,5.491550922393799,8893600
1995-11-07,5.491550922393799,5.575118001647617,5.455736459856448,5.491550922393799,18787200
1995-11-08,5.455736459856448,5.503489076572915,5.384107534781746,5.491550922393799,11869600
1995-11-09,5.539303598840252,5.539303598840252,5.455736518685335,5.479612827301025,7004000
1995-11-10,5.4796144460376945,5.551243393044723,5.41992365686517,5.44379997253418,4720800
1995-11-13,5.49155198453322,5.563180923461914,5.479613828045104,5.563180923461914,4310400
1995-11-14,5.575116747169084,5.598993050154819,5.527364141197615,5.55124044418335,6072800
1995-11-15,5.527364846682601,5.539302999699194,5.443797775566449,5.503488540649414,3369600
1995-11-16,5.503488540649414,5.515426693666007,5.455735928583042,5.503488540649414,4886400
1995-11-17,5.479614236370144,5.63481028228041,5.455737921614719,5.575119495391846,4759200
1995-11-20,5.539304591193964,5.563180904087041,5.252788836477034,5.28860330581665,4812800
1995-11-21,5.264726624186243,5.4796134251734365,5.264726624186243,5.455737113952637,11211200
1995-11-22,5.479613828045104,5.587057236438145,5.4676756715569885,5.563180923461914,8829600
1995-11-24,5.551241994161585,5.575118303813893,5.527365684509277,5.527365684509277,3357600
1995-11-27,5.539304015982864,5.610932947224023,5.431860619121128,5.587056636810303,5096000
1995-11-28,5.622869348130286,5.7541890144348145,5.515425984790217,5.7541890144348145,12792000
1995-11-29,5.754191103957143,5.754191103957143,5.69450032487045,5.718376636505127,6607200
1995-11-30,5.7422520104743855,6.004891395568848,5.718375702738525,6.004891395568848,10000800
1995-12-01,5.981017819229437,5.981017819229437,5.76613095147269,5.849698066711426,12248800
1995-12-04,5.837758369682249,5.837758369682249,5.7303149641052755,5.778067588806152,10139200
1995-12-05,5.7541906804690965,5.933263004550085,5.7541906804690965,5.897448539733887,8262400
1995-12-06,5.873570881917805,5.992952403908005,5.873570881917805,5.981014251708984,7656800
1995-12-07,5.969077647329572,6.004892113213549,5.897448715561617,5.957139492034912,7412000
1995-12-08,5.933264987705686,5.945203146634672,5.837759716273805,5.885512351989746,4216000
1995-12-11,5.969078233926603,6.076521642137282,5.933263764523043,6.028769016265869,6585600
1995-12-12,6.004892703330163,6.040707172733722,5.9571400774587495,6.028769016265869,4578400
1995-12-13,6.028766994175356,6.064581451566497,5.969076231856788,6.052643299102783,5318400
1995-12-14,6.064583066910033,6.100397533840604,5.99295413304889,6.0168304443359375,6510400
1995-12-15,6.0407044208966765,6.207838535308838,6.016828118837797,6.207838535308838,12188800
1995-12-18,6.1600881944219745,6.1600881944219745,5.873572464448859,5.945201396942139,9050400
1995-12-19,5.885508623182403,5.945199380009812,5.718374504065662,5.766127109527588,9767200
1995-12-20,5.706438480687789,5.8377581946785115,5.598995078331742,5.718376636505127,9749600
1995-12-21,5.718377021051222,6.052645406415386,5.706438864431074,5.92132568359375,12664000
1995-12-22,5.921324318493337,6.052644011040568,5.921324318493337,6.004891395568848,6112000
1995-12-26,6.028768721804676,6.0526450335741995,5.945201630611344,5.992954254150391,1830400
1995-12-27,5.98101429044624,6.195901031420355,5.98101429044624,6.172024726867676,3241600
1995-12-28,6.160087647447167,6.267531036646827,6.1242731843806135,6.243654727935791,3443200
1995-12-29,6.219778419224756,6.255592882291309,6.136211338736132,6.243654727935791,3212800
1996-01-02,6.207839183696695,6.207839183696695,6.112333965485977,6.172024726867676,7608800
1996-01-03,6.183964192752434,6.231716812001488,6.1003971090665905,6.195902347564697,8917600
1996-01-04,6.207840206058881,6.2555928230285645,6.136211280604355,6.2555928230285645,6700800
1996-01-05,6.23171631905952,6.23171631905952,5.945200626229197,6.004891395568848,9153600
1996-01-08,6.004893941279598,6.004893941279598,5.8616360341317755,5.885512351989746,1856800
1996-01-09,5.885508685983637,5.885508685983637,5.467673383733278,5.55124044418335,10149600
1996-01-10,5.527365149095141,5.730313761480923,5.491550688085885,5.539303302764893,13175200
1996-01-11,5.5631785956762165,5.610931201647687,5.50348783821188,5.55124044418335,8502400
1996-01-12,5.551241568006607,5.563179721916299,5.3602311054515415,5.419921875,10568000
1996-01-15,5.455737515068873,5.622871705902493,5.443799358580757,5.563180923461914,8028800
1996-01-16,5.622870744029178,5.670623361812865,5.551241817353647,5.658685207366943,6560000
1996-01-17,5.634809194120971,5.718376279627002,5.61093288397639,5.694499969482422,5332800
1996-01-18,5.74225211389286,5.8735718088051705,5.74225211389286,5.790004730224609,6118400
1996-01-19,5.790006433934541,5.825820906721765,5.610934069998421,5.6467485427856445,6225600
1996-01-22,5.622870378453157,5.658684839462412,5.539303302764893,5.539303302764893,3340800
1996-01-23,5.56317930573238,5.575117458748973,5.431859622549855,5.503488540649414,7772800
1996-01-24,5.503489032234113,5.837757346556359,5.503489032234113,5.790004730224609,6166400
1996-01-25,5.778068765265043,5.9093885099301575,5.766130606659123,5.825821399688721,6009600
1996-01-26,5.82582043063256,5.92132568359375,5.82582043063256,5.92132568359375,3581600
1996-01-29,5.921326223045889,6.016831484707919,5.837759119091612,5.909388065338135,6013600
1996-01-30,5.921326223045889,5.933264380753643,5.825820961383858,5.909388065338135,5087200
1996-01-31,5.885510851187536,6.1003976571132466,5.84969638353325,5.992954254150391,7932800
1996-02-01,6.076521642137282,6.100397955072988,5.992954546862309,6.028769016265869,6980800
1996-02-02,6.064582347869873,6.076520502097964,6.028767885185602,6.064582347869873,4912000
1996-02-05,6.016830565919914,6.040706877689438,5.766129292339918,5.992954254150391,13734400
1996-02-06,5.992951982498169,6.064580890655518,5.933261225700378,5.969075679779053,14009600
1996-02-07,6.004890556107025,6.112333925898204,5.945199795111925,5.981014251708984,6124800
1996-02-08,6.004890594998919,6.207839183696695,6.004890594998919,6.172024726867676,6500000
1996-02-09,6.1600871086120605,6.303344948347225,6.148148955300797,6.1600871086120605,8860800
1996-02-12,6.255593003285442,6.470479785841048,6.231716694112596,6.4107890129089355,7567200
1996-02-13,6.351098593179281,6.518232766683999,6.3272222826786075,6.434665679931641,6436000
1996-02-14,6.434665381908417,6.518232464790344,6.3630364537239075,6.398850917816162,6348000
1996-02-15,6.374974608421326,6.434665381908417,6.339160144329071,6.398850917816162,7684000
1996-02-16,6.398848951779879,6.398848951779879,6.172024082220518,6.207838535308838,7568800
1996-02-20,6.183963110107659,6.195901262829875,6.064581582885504,6.124272346496582,7227200
1996-02-21,6.088457358022609,6.160086268116992,6.076519206340211,6.136209964752197,4661600
1996-02-22,6.136209629132198,6.255591139426598,6.136209629132198,6.207838535308838,5648000
1996-02-23,6.231716692333258,6.231716692333258,6.148149610252161,6.219778537750244,2978400
1996-02-26,6.207839721857115,6.25559233510217,6.12427264867827,6.1600871086120605,3413600
1996-02-27,6.112335263878854,6.195902347564697,5.981015560943956,6.195902347564697,3165600
1996-02-28,6.195901128667346,6.231715586058487,6.016828841711643,6.052643299102783,5583200
1996-02-29,6.016829909839007,6.255593001499285,5.969077291506952,6.219778537750244,10796800
1996-03-01,6.2675303387864725,6.589860470495491,6.243654032733953,6.386911869049072,13879200
1996-03-04,6.386911622099508,6.434664232358196,6.303344554146804,6.33915901184082,4637600
1996-03-05,6.339160684842539,6.386913307703876,6.279469906265867,6.291408061981201,4972000
1996-03-06,6.279467441485479,6.3033437435443584,6.148147780161637,6.207838535308838,7897600
1996-03-07,6.183966380882994,6.231719017028809,6.17202822184654,6.231719017028809,5820000
1996-03-08,6.1839624042510986,6.1839624042510986,5.957137528419494,5.969075679779053,7408800
1996-03-11,5.873571880220428,6.100396810554144,5.861633725992338,6.064582347869873,8248000
1996-03-12,6.016829549436778,6.016829549436778,5.849695395285757,6.004891395568848,6305600
1996-03-13,5.945203214290171,6.124275600262766,5.897450578030812,5.985494136810303,8032800
1996-03-14,6.112333925898204,6.160086534694283,5.981014251708984,5.981014251708984,7608800
1996-03-15,6.016831484707919,6.016831484707919,5.885511749922627,5.909388065338135,5534400
1996-03-18,5.933263778686523,5.963109534251024,5.921325622190172,5.933263778686523,3373600
1996-03-19,5.992953241700918,6.052644011040568,5.969076933965058,6.004891395568848,4760800
1996-03-20,5.981017011584658,5.981017011584658,5.801944645968351,5.909388065338135,7455200
1996-03-21,5.885510560266957,6.016830268508208,5.873572404972299,5.957139492034912,5338400
1996-03-22,6.004893941279598,6.004893941279598,5.885512351989746,5.885512351989746,1927200
1996-03-25,5.992953901368428,6.004892056550436,5.849696039184322,5.87357234954834,2296000
1996-03-26,5.8377582467632525,5.897449026382509,5.754191155296294,5.801943778991699,3448800
1996-03-27,5.790007080557864,5.945203146634672,5.730316285912937,5.885512351989746,4989600
1996-03-28,5.861634558610955,5.873572714534807,5.730314843448592,5.801943778991699,3789600
1996-03-29,5.861634194366331,5.933263125458383,5.801943418456286,5.87357234954834,6361600
1996-04-01,6.0414930812099525,6.137010758383233,5.957915113683333,6.125071048736572,7657600
1996-04-02,6.113129796813846,6.125069503448248,5.981793023835423,6.101190090179443,6580000
1996-04-03,6.101190636477132,6.101190636477132,6.029552390256266,6.065371513366699,6389600
1996-04-04,6.053432799339294,6.077312218666076,5.886276864051818,5.969854831695557,5784800
1996-04-08,5.826577186584473,5.874336015982705,5.719119820438447,5.826577186584473,7160000
1996-04-09,5.850458703246694,5.922096973082368,5.7549410101324625,5.814639568328857,3832800
1996-04-10,5.802698270156501,5.814637978531309,5.492265852411503,5.575843811035156,9472000
1996-04-11,5.623602940486028,5.754939739520734,5.4922661414513225,5.743000030517578,9473600
1996-04-12,5.742999302972223,5.814637547915743,5.683300765519289,5.79075813293457,5787200
1996-04-15,5.838518830390296,5.94597623217662,5.802699696461521,5.886277675628662,8429600
1996-04-16,5.886274806039776,5.981792449951172,5.850455689573002,5.981792449951172,4548800
1996-04-17,5.922096973082368,5.934036684721647,5.7907601450502995,5.814639568328857,4269600
1996-04-18,5.802698761224747,5.802698761224747,5.7071810861428585,5.73106050491333,7500000
1996-04-19,5.540025154749553,5.743000214298567,5.540025154749553,5.73106050491333,14465600
1996-04-22,5.731060777833085,5.731060777833085,5.516145998664345,5.528085708618164,14060800
1996-04-23,5.540022909005821,5.635540545367991,5.516143499915279,5.599721431732178,10274400
1996-04-24,5.635541572079638,5.683300398961668,5.563903331756592,5.563903331756592,6092000
1996-04-25,5.563904977352061,5.64748294911486,5.528085846596575,5.611663818359375,5677600
1996-04-26,5.587783519409964,5.70718060315804,5.540024685910733,5.575843811035156,4519200
1996-04-29,5.575843220372354,5.611662341702369,5.504204977712324,5.551963806152344,3952000
1996-04-30,5.575843628655132,5.647481876560766,5.56390392067086,5.587783336639404,4215200
1996-05-01,5.575844921931268,5.587784632684869,5.468387525148867,5.504206657409668,8640000
1996-05-02,5.468386723445012,5.480326432448168,5.384808760422927,5.432567596435547,12440800
1996-05-03,5.432567596435547,5.5400249774639425,5.408688178429237,5.432567596435547,9364800
1996-05-06,5.456448134441418,5.4683878458953386,5.265412751178699,5.360930442810059,10036000
1996-05-07,5.157953196558458,5.313169380714153,5.116164588272081,5.193772315979004,28999200
1996-05-08,5.157953376594227,5.205712204155285,5.110194549033169,5.181832790374756,21213600
1996-05-09,5.217650890350342,5.241530299459497,5.08631414024999,5.217650890350342,10404800
1996-05-10,5.241528707589143,5.2892875113029385,5.0863125955193045,5.098252296447754,10878400
1996-05-13,5.134073962813698,5.253471031716342,5.098254842142905,5.181832790374756,12179200
1996-05-14,5.181832196535887,5.181832196535887,5.098254257882083,5.157952785491943,10517600
1996-05-15,5.157954649491744,5.325110587206754,5.157954649491744,5.253472328186035,8123200
1996-05-16,5.253473385426793,5.313171946624825,5.253473385426793,5.277352809906006,5584800
1996-05-17,5.3728705078228565,5.3728705078228565,5.2654130976664,5.277352809906006,7096800
1996-05-20,5.289289117677807,5.313168526786962,5.193771481241187,5.217650890350342,6544000
1996-05-21,5.217652909632579,5.22959261880794,5.038557272002171,5.086316108703613,11654400
1996-05-22,5.086313964045325,5.205711005454839,5.074374259904373,5.134072780609131,7700800
1996-05-23,5.110194154383161,5.146013272287716,5.050495624542236,5.050495624542236,5720000
1996-05-24,5.062436397776884,5.134074648688821,5.0504966892915615,5.074376106262207,9333600
1996-05-28,5.086315291268486,5.086315291268486,4.954978511446998,5.014677047729492,9030400
1996-05-29,5.0385564160634235,5.0385564160634235,4.907219637445657,4.9549784660339355,10906400
1996-05-30,5.038557668388028,5.193773899878655,4.966919407700047,5.122135639190674,9296000
1996-05-31,5.253471079068195,5.253471079068195,5.146013716087254,5.2415313720703125,6528800
1996-06-03,5.229592471176319,5.313170433044434,5.1937733446614125,5.313170433044434,4240800
1996-06-04,5.301230567483341,5.313170275968663,5.014677563835592,5.074376106262207,19317600
1996-06-05,5.1101971020981605,5.277353082073334,5.1101971020981605,5.2295942306518555,10052000
1996-06-06,5.265412038022822,5.289291457696395,5.217653198675676,5.253472328186035,6555200
1996-06-07,4.990798690307762,5.110195788162015,4.990798690307762,5.038557529449463,13099200
1996-06-10,5.014675548094203,5.014675548094203,4.847519696491063,4.859459400177002,13524000
1996-06-11,4.895281473008713,4.919160894828267,4.799763785730494,4.823643207550049,15109600
1996-06-12,4.847520051263007,5.062434733338707,4.847520051263007,5.026615619659424,16433600
1996-06-13,5.014677047729492,5.074375584011986,4.9430388041905,5.014677047729492,6343200
1996-06-14,5.110195566022225,5.146014693821447,4.990798473358154,4.990798473358154,13653600
1996-06-17,5.014677891890969,5.014677891890969,4.931099927026119,4.990798473358154,7053600
1996-06-18,5.062435876755488,5.062435876755488,4.990797633216495,5.014677047729492,4726400
1996-06-19,5.062434362837958,5.062434362837958,4.775881474375431,4.859459400177002,13540800
1996-06-20,4.680363284491505,4.704242689004216,4.584845666440658,4.608725070953369,23217600
1996-06-21,4.632607093224159,4.680365929236779,4.596787966214694,4.656486511230469,22692000
1996-06-24,4.656483879978793,4.656483879978793,4.584845666440658,4.608725070953369,12801600
1996-06-25,4.584848257211538,4.656486511230469,4.5729085482083836,4.656486511230469,5799200
1996-06-26,4.656484957897302,4.752002598059297,4.596786432796054,4.728123188018799,7352800
1996-06-27,4.7400649439904,4.871401756040512,4.7400649439904,4.811703205108643,7802400
1996-06-28,4.8714020511891585,4.883341762098936,4.799763785730494,4.823643207550049,8937600
1996-07-01,4.823642001432531,4.8833405410542206,4.799762585583855,4.871400833129883,4297600
1996-07-02,4.859460366997205,4.859460366997205,4.752003012444441,4.763942718505859,9641600
1996-07-03,4.763942303079547,4.763942303079547,4.6445452528770526,4.728123188018799,12380800
1996-07-05,4.620667750073462,4.644547169970483,4.584848620227932,4.632607460021973,6032800
1996-07-08,4.608726682291403,4.6564855080146295,4.549028150137369,4.596786975860596,8626400
1996-07-09,4.584846057630565,4.584846057630565,4.346051992128973,4.357991695404053,25338400
1996-07-10,4.381871150711835,4.381871150711835,4.155016785961086,4.226655006408691,36861600
1996-07-11,3.4147565634019914,3.486394812983851,2.8655299832743983,2.961047649383545,116028800
1996-07-12,3.0565643886350236,3.1998408443522903,3.0565643886350236,3.1640217304229736,64288800
1996-07-15,3.1998418245279012,3.1998418245279012,3.080444741523129,3.1162638664245605,27572800
1996-07-16,3.116263155807317,3.1640219781185404,3.032685216762676,3.0685043334960938,24789600
1996-07-17,3.1998418650232763,3.2117815734748554,3.1282036143138,3.175962448120117,14917600
1996-07-18,3.2237212501303123,3.343118333468472,3.1879021251288644,3.271480083465576,10948800
1996-07-19,3.319238860091884,3.3431182763515377,3.2237211950532685,3.259540319442749,13724800
1996-07-22,3.2595400698348502,3.331178313127924,3.175962119326264,3.3072988986968994,6880000
1996-07-23,3.3192380755694946,3.3192380755694946,3.152082201260239,3.199841022491455,8064800
1996-07-24,3.056564743454392,3.140142685658223,3.056564743454392,3.092383861541748,10048800
1996-07-25,3.116262374474452,3.152081482227032,3.0923829693060654,3.104322671890259,10350400
1996-07-26,3.1282027906446315,3.247599843722671,3.1043233800290237,3.199841022491455,11048800
1996-07-29,3.199841022491455,3.223720433107063,3.152082201260239,3.199841022491455,3820800
1996-07-30,3.223720788955689,3.247600202207212,3.16402225582688,3.2237207889556885,19508000
1996-07-31,3.247600202207212,3.2834193220844976,3.1759619624526416,3.2237207889556885,8912800
1996-08-01,3.2237206593803736,3.355057426984759,3.2237206593803736,3.295358896255493,16432800
1996-08-02,3.295359180491166,3.3669974235453215,3.295359180491166,3.355057716369629,11880000
1996-08-05,3.366997974435079,3.486395065727103,3.3550582653058765,3.4744553565979004,23803200
1996-08-06,3.5819142363792245,3.6177333787430164,3.558034808136696,3.5938539505004883,27286400
1996-08-07,3.6057903813380823,3.6535491943359375,3.6057903813380823,3.6535491943359375,11690400
1996-08-08,3.749069690704346,3.796828540267459,3.7251902659227896,3.7490696907043457,18700000
1996-08-09,3.7729478438945976,3.8445860940951277,3.7132493020608224,3.7848875522613525,10524800
1996-08-12,3.796828274587983,3.808767986143291,3.6535517359242857,3.68937087059021,5596000
1996-08-13,3.6296700825260633,3.677428899401406,3.5341524487753775,3.5699715614318848,7092000
1996-08-14,3.6296709831187264,3.7132489333879075,3.605791568756103,3.6057915687561035,9372000
1996-08-15,3.617730084587546,3.6893683040843293,3.617730084587546,3.6535491943359375,7120800
1996-08-16,3.6535504316593674,3.7132489681243896,3.6296710170733584,3.7132489681243896,7407200
1996-08-19,3.737129978313568,3.761009403095124,3.7132505535320113,3.7490696907043457,4779200
1996-08-20,3.701310582145518,3.7371297168114426,3.6416120243689774,3.68937087059021,5800000
1996-08-21,3.7013083696365356,3.808765709400177,3.677428960800171,3.7251877784729004,6341600
1996-08-22,3.7610074748163638,3.8684648312396885,3.7610074748163638,3.844585418701172,6286400
1996-08-23,3.82070654985673,3.8445859657933346,3.761008010015219,3.8087668418884277,6284000
1996-08-26,3.7848888278766806,3.8087682526582367,3.7132505535320113,3.7490696907043457,3828800
1996-08-27,3.749068302046916,3.8445859657933346,3.749068302046916,3.8087668418884277,7619200
1996-08-28,3.7968268394470215,3.8445856676161663,3.772947425362449,3.7968268394470215,5947200
1996-08-29,3.7729475045894123,3.7729475045894123,3.7132489681243896,3.7132489681243896,5450400
1996-08-30,3.701310582145518,3.725190005256134,3.6416120243689774,3.68937087059021,8835200
1996-09-03,3.6535517359242857,3.7490694283667505,3.6296723128136694,3.68937087059021,6464000
1996-09-04,3.677430547313926,3.8804056099903437,3.665490837744725,3.8684659004211426,13727200
1996-09-05,3.820706677361618,3.868465510828638,3.7490684271610872,3.7848875522613525,13128000
1996-09-06,3.7848861786627004,3.7848861786627004,3.641609730259065,3.701308250427246,17397600
1996-09-09,3.7013083696365356,3.749067187309265,3.677428960800171,3.7251877784729004,5265600
1996-09-10,3.7371297168114426,3.7371297168114426,3.6535517359242857,3.68937087059021,4294400
1996-09-11,3.844584882445053,3.904283405464386,3.82070547323732,3.8326451778411865,13612000
1996-09-12,3.8565267440044515,3.975923856821927,3.8445870327227043,3.9401047229766846,14734400
1996-09-13,4.1072592271112764,4.1072592271112764,4.0236812777223845,4.047560691833496,16033600
1996-09-16,4.095320041789565,4.2624759618626085,4.095320041789565,4.107259750366211,16129600
1996-09-17,4.011741972806162,4.131139055330154,4.011741972806162,4.083380222320557,8038400
1996-09-18,4.09531831741333,4.11919772451195,4.0594992067654,4.09531831741333,5683200
1996-09-19,4.09531952005572,4.09531952005572,3.987862156555716,4.047560691833496,6699200
1996-09-20,4.083380589765661,4.083380589765661,3.99980262447806,4.0595011711120605,6060800
1996-09-23,4.035623550415039,4.095322123646031,3.9878646918302456,4.035623550415039,4624000
1996-09-24,4.0117407446509015,4.023680449248077,3.9639819262622,3.975921630859375,5946400
1996-09-25,3.9639841455401794,3.999803279385422,3.9162253004131893,3.9401047229766846,6052800
1996-09-26,3.9401028739721755,4.011741108044397,3.928163168293472,3.952042579650879,7343200
1996-09-27,3.9281627535820007,3.9878612756729126,3.904283344745636,3.9162230491638184,6489600
1996-09-30,3.9162231078734986,3.9759216308593754,3.9042834032763234,3.975921630859375,5727200
1996-10-01,3.987860664999558,3.9998003675893767,3.784885720972634,3.892343044281006,8313600
1996-10-02,3.9162230491638184,4.011740684509277,3.8804039359092712,3.9162230491638184,6798400
1996-10-03,3.9162234626147683,3.975921991008286,3.904283756936065,3.952042579650879,6030400
1996-10-04,4.059499440207758,4.059499440207758,3.9042832851409908,3.904283285140991,8212800
1996-10-07,3.8923440614351916,3.904283767145116,3.820705827175648,3.85652494430542,7222400
1996-10-08,3.8445860940951277,3.880405219195393,3.7729478438945976,3.7848875522613525,7460800
1996-10-09,3.808766131930881,3.8207058376736116,3.737127897474501,3.761007308959961,7480800
1996-10-10,3.7371274828910828,3.77294659614563,3.677428960800171,3.7251877784729004,7228000
1996-10-11,3.725187658494519,3.725187658494519,3.6535494342927013,3.701308250427246,9282400
1996-10-14,3.713249080859053,3.7610079114810344,3.677429957892567,3.737128496170044,8822400
1996-10-15,3.737129978313568,3.7848888278766806,3.7251902659227896,3.7490696907043457,10139200
1996-10-16,3.77294761913653,3.7848873267920253,3.713249080859053,3.737128496170044,6465600
1996-10-17,3.7490697933148738,3.7968286441851267,3.6774315170094938,3.77294921875,5308000
1996-10-18,3.772947717983521,3.8565256737616367,3.737128594078614,3.8087668418884277,10699200
1996-10-21,3.784887527490591,3.8207066523564324,3.6774301528930664,3.6774301528930664,5972000
1996-10-22,3.6893714938961195,3.7013112074685988,3.49833607673645,3.49833607673645,14061600
1996-10-23,3.5222148648623763,3.5460942876750026,3.4625163078308105,3.4625163078308105,13692000
1996-10-24,3.4863951609168256,3.49833487037202,3.3550583569096846,3.3908774852752686,13435200
1996-10-25,3.438636541366577,3.4863953822188907,3.3908777005142636,3.438636541366577,10496000
1996-10-28,3.4625163078308105,3.49833544204975,3.4386368850181843,3.4625163078308105,14592000
1996-10-29,3.4863936319000346,3.5699715614318848,3.4386348150246917,3.5699715614318848,12766400
1996-10-30,3.581912040710449,3.6654899883270264,3.4625149726867677,3.581912040710449,8773600
1996-10-31,3.605791568756103,3.641610690300038,3.5460930328495452,3.6057915687561035,4444800
1996-11-01,3.6177299634406443,3.6654887748392007,3.593850557741366,3.629669666290283,5345600
1996-11-04,3.6416136298403647,3.665493063478662,3.546095895287175,3.5580356121063232,4344800
1996-11-05,3.558032933309022,3.581912348968814,3.5102741019894377,3.546093225479126,9633600
1996-11-06,3.5819113811599874,3.8923437008605193,3.5819113811599874,3.8326451778411865,16116000
1996-11-07,4.083381150474011,4.298295947867381,4.071441439507713,4.238597393035889,26131200
1996-11-08,4.178898224885436,4.190837934099394,4.107259969601686,4.1550188064575195,15860000
1996-11-11,4.166959678584879,4.274417091499675,4.166959678584879,4.2027788162231445,9042400
1996-11-12,4.190837087631226,4.22665620803833,4.119198846817016,4.178897380828857,9847200
1996-11-13,4.214717971103292,4.286356236901082,4.190838549170696,4.238597393035889,4984000
1996-11-14,4.250537646950494,4.262477359441927,4.107261097053287,4.143080234527588,5008000
1996-11-15,4.190837934099394,4.190837934099394,4.107259969601686,4.1550188064575195,3370400
1996-11-18,4.1669570197407,4.202776134523571,4.155017314813076,4.190836429595947,2111200
1996-11-19,3.9639834964976592,4.107260008419262,3.9639834964976592,4.0595011711120605,15438400
1996-11-20,4.071440880438861,4.131139427072862,4.0595011711120605,4.0595011711120605,5372800
1996-11-21,4.059499802858256,4.059499802858256,3.999801276345635,4.023680686950684,6060800
1996-11-22,4.1072611158544365,4.2505376664074985,4.0595022656700825,4.2027788162231445,5603200
1996-11-25,4.19083885869161,4.357994824565349,4.178899146843485,4.310235977172852,5976000
1996-11-26,4.322173183799809,4.334112888727433,4.143077609885452,4.190836429595947,5679200
1996-11-27,4.190837710402732,4.190837710402732,4.095320041789565,4.107259750366211,5535200
1996-11-29,4.0833801518315855,4.13113898401675,4.071440443785294,4.119199275970459,1600000
1996-12-02,4.119199275970459,4.119199275970459,4.047561027692711,4.119199275970459,5141600
1996-12-03,4.202777458125336,4.262476001564616,4.166958332061768,4.166958332061768,8294400
1996-12-04,4.131138996039023,4.334114033416663,4.1191992879579855,4.274415493011475,7412000
1996-12-05,4.322174730147907,4.537089495735373,4.310235020948603,4.465451240539551,18176000
1996-12-06,4.393811631013976,4.680364563471409,4.357992514456797,4.525148391723633,23295200
1996-12-09,4.501268329118427,4.560966848072252,4.465449217746132,4.537087440490723,10473600
1996-12-10,4.513209748455858,4.5729082901021,4.513209748455858,4.5490288734436035,6404000
1996-12-11,4.405749994389555,4.525147013207699,4.405749994389555,4.489327907562256,7061600
1996-12-12,4.4893283175650955,4.51320772350959,4.41769009973161,4.429629802703857,7402400
1996-12-13,4.3699331576597755,4.393812573821851,4.250536076849399,4.274415493011475,5629600
1996-12-16,4.369930888744111,4.537086715089514,4.346051484980482,4.489327907562256,12995200
1996-12-17,4.4415701634175075,4.465449572898247,4.34605252549455,4.417690753936768,8157600
1996-12-18,4.429629398153184,4.501267609444071,4.369930888744111,4.489327907562256,7356000
1996-12-19,4.560966118853143,4.560966118853143,4.429629398153184,4.489327907562256,7063200
1996-12-20,4.560969212849935,4.560969212849935,4.4654515329996745,4.477391242980957,7547200
1996-12-23,4.41769009973161,4.4893283175650955,4.381870990814868,4.429629802703857,3918400
1996-12-24,4.417691639856742,4.537088711204222,4.405751932721994,4.453510761260986,1974400
1996-12-26,4.453511899517428,4.465451609703802,4.393813348585559,4.441572189331055,2872800
1996-12-27,4.42963051990852,4.42963051990852,4.369931995381451,4.381871700286865,2444800
1996-12-30,4.381874248261597,4.381874248261597,4.298296265324727,4.310235977172852,5760000
1996-12-31,4.3102356857723665,4.334115107854208,4.286356263690525,4.298295974731445,4947200
1997-01-02,4.298295131704426,4.346053966501142,4.202777462110994,4.322174549102783,4596000
1997-01-03,4.369933928212812,4.465451609703802,4.346054507840064,4.441572189331055,6853600
1997-01-06,4.441571054126238,4.501269589799978,4.381872518452499,4.453510761260986,7845600
1997-01-07,4.453511531340247,4.465451240539551,4.4415718221409435,4.465451240539551,4583200
1997-01-08,4.441572830325268,4.489331677963174,4.357994846958932,4.369934558868408,17476000
1997-01-09,4.393810984852549,4.417690392378922,4.346052169799805,4.346052169799805,13426400
1997-01-10,4.357992112636566,4.405750930309296,4.298293590545654,4.393811225891113,9239200
1997-01-13,4.36993421366517,4.405753346564064,4.214717971103292,4.238597393035889,11206400
1997-01-14,4.202777458125336,4.214717166813192,4.071440662558919,4.166958332061768,21769600
1997-01-15,4.143077082553153,4.2505344132245595,4.10725797232935,4.226655006408691,11301600
1997-01-16,4.238596732696791,4.274415860015354,4.190837896272037,4.2505364418029785,5828800
1997-01-17,4.2624750922870085,4.286354504568728,4.107258912455829,4.131138324737549,6850400
1997-01-20,4.143079097243561,4.190837934099394,4.119199678815644,4.1550188064575195,4791200
1997-01-21,4.178898044712636,4.369933383899499,4.178898044712636,4.322174549102783,8323200
1997-01-22,4.322172633672165,4.322172633672165,4.226655006408691,4.226655006408691,10483200
1997-01-23,4.238594662653257,4.537087244530246,4.238594662653257,4.357991695404053,13241600
1997-01-24,4.417691042052096,4.537088097242693,4.417691042052096,4.525148391723633,16844800
1997-01-27,4.525148770350428,4.572907596422728,4.393811998651603,4.405751705169678,10623200
1997-01-28,4.429629802703857,4.51320772350959,4.334112178925877,4.429629802703857,9632000
1997-01-29,4.429632479144681,4.48933103007655,4.405753058771933,4.441572189331055,3542400
1997-01-30,4.441571054126238,4.453510761260986,4.357993104183003,4.453510761260986,4828800
1997-01-31,4.513210003192609,4.692305638239934,4.489330585186298,4.656486511230469,16624800
1997-02-03,4.644548042960789,4.668427467346191,4.489331784455673,4.668427467346191,10099200
1997-02-04,4.668424857952349,4.668424857952349,4.501268980685514,4.525148391723633,7872800
1997-02-05,4.441570224813934,4.501268749341003,4.369931995381451,4.381871700286865,11530400
1997-02-06,4.381871101954212,4.42962991505453,4.322172585578814,4.357991695404053,8237600
1997-02-07,4.381873276144425,4.525149786536069,4.357993857745818,4.465451240539551,7291200
1997-02-10,4.513207975940356,4.644544715980948,4.501268272300302,4.572906494140625,6757600
1997-02-11,4.572908922831218,4.596788342793782,4.417692693074544,4.477391242980957,8614400
1997-02-12,4.489330762456193,4.644546985626221,4.45351163403234,4.644546985626221,9929600
1997-02-13,4.6803660357439965,4.919160221241139,4.596788070819996,4.835582256317139,49536000
1997-02-14,4.99079730592925,5.205712022452518,4.94303848003519,5.193772315979004,31451200
1997-02-18,5.110195231718175,5.146014357174144,4.966918729894301,5.074376106262207,15523200
1997-02-19,5.05049637982445,5.05049637982445,4.8714007635186185,4.907219886779785,10573600
1997-02-20,4.847519409253402,4.978856142016425,4.847519409253402,4.943037033081055,9592000
1997-02-21,4.966919094178735,4.9907985129007475,4.871401419290682,4.895280838012695,8929600
1997-02-24,4.871400833129883,4.895280248978558,4.835581709356869,4.871400833129883,5529600
1997-02-25,4.8714007635186185,4.93109930228723,4.859461055764896,4.907219886779785,9164000
1997-02-26,4.907218214920756,4.931097622292634,4.7639417706894935,4.859459400177002,8917600
1997-02-27,4.8594627155000305,4.907221562826812,4.787824444509858,4.799764156341553,5381600
1997-02-28,4.847520477771758,4.883339594602584,4.7639425384998315,4.775882244110107,7132000
1997-03-03,4.775883101488842,4.919159594533507,4.740063978227676,4.907219886779785,9028000
1997-03-04,4.954977573700321,5.026615803681531,4.89527904871598,4.919158458709717,9632000
1997-03-05,4.931097983181335,5.050495028778946,4.88333916494229,5.026615619659424,8964800
1997-03-06,5.002735547973338,5.014675250951795,4.919157627124141,4.943037033081055,5142400
1997-03-07,4.96691692263581,5.146012484750082,4.943037514353907,5.134072780609131,14405600
1997-03-10,5.086315672801431,5.1937730461704765,5.074375964649316,5.146014213562012,10290400
1997-03-11,5.15795306770169,5.265410423278809,5.134073655351219,5.265410423278809,14897600
1997-03-12,5.2415313720703125,5.27735049306396,5.217651958074548,5.2415313720703125,10818400
1997-03-13,5.217651313101803,5.241530724145748,5.146013079969971,5.157952785491943,6525600
1997-03-14,5.157952785491943,5.217651313101803,5.157952785491943,5.157952785491943,8012000
1997-03-17,5.157952785491943,5.193771902057859,5.098254257882083,5.157952785491943,11073600
1997-03-18,5.146012665257034,5.169892074376556,5.014675915099662,5.026615619659424,3904800
1997-03-19,5.026617339304432,5.110195299815432,4.823642292349146,4.883340835571289,6470400
1997-03-20,4.931099051739796,4.990797587475145,4.847521101710308,4.9549784660339355,4644800
1997-03-21,4.954979087437861,4.978858504726718,4.847521709638004,4.883340835571289,5039200
1997-03-24,4.823642093454879,5.2176524624747085,4.8117023853027625,5.146014213562012,10845600
1997-03-25,5.169891020426383,5.169891020426383,4.907217573661071,4.966916084289551,7986400
1997-03-26,4.966919713740726,5.014678557142079,4.895281448638696,4.9788594245910645,7346400
1997-03-27,4.931100605738044,4.966919738467377,4.799763785730494,4.823643207550049,4262400
1997-03-31,4.799762748357818,4.799762748357818,4.5490288734436035,4.5490288734436035,9748000
1997-04-01,4.563846837557279,4.671372024829571,4.563846837557279,4.659424781799316,5733600
1997-04-02,4.647474906797099,4.766947269439697,4.599685961740059,4.766947269439697,8931200
1997-04-03,4.7430512720776585,4.754998504501028,4.635526180267334,4.635526180267334,5724800
1997-04-04,4.635526590513766,4.862524026647173,4.611632123552355,4.7908406257629395,9079200
1997-04-07,4.790842285250673,4.838631235726989,4.778895047631594,4.82668399810791,8301600
1997-04-08,4.8027873039245605,4.814734536023876,4.719156679229357,4.8027873039245605,4453600
1997-04-09,4.87447015813627,4.934206312034998,4.838628465797032,4.886417388916016,9433600
1997-04-10,4.874471201215472,5.0775741679327835,4.874471201215472,5.017838001251221,10495200
1997-04-11,4.898367423822384,5.0656287504894895,4.82668399810791,4.82668399810791,10371200
1997-04-14,4.8266814422607425,4.862523136138916,4.754998054504394,4.778892517089844,10300000
1997-04-15,4.87447288085378,4.87447288085378,4.731106031416904,4.749027252197266,7082400
1997-04-16,4.766945112835278,4.826681267131459,4.611631111665206,4.731103420257568,10671200
1997-04-17,4.743052946426733,4.934208732680707,4.743052946426733,4.814736366271973,7405600
1997-04-18,4.826680767757507,4.8386279973806685,4.444369419816318,4.504105567932129,17688000
1997-04-21,4.444371383254593,4.516054792661925,4.372687973847261,4.420476913452148,13170400
1997-04-22,4.408528053760529,4.444369745254517,4.2890557487805685,4.3010029792785645,10203200
1997-04-23,4.348792618396236,4.3846343158006,4.253214758651263,4.265161991119385,13578400
1997-04-24,4.324897080659866,4.336844310164452,4.193477556109428,4.205424785614014,12798400
1997-04-25,4.217373138063409,4.289056534177801,4.181531440006213,4.2532148361206055,7935200
1997-04-28,4.277109146118164,4.360739771880251,4.241267449362984,4.277109146118164,6157600
1997-04-29,4.444370908940092,4.492159843444824,4.372687507182993,4.492159843444824,12642400
1997-04-30,4.587738115560732,4.7311049316720055,4.539949176856975,4.64747428894043,8033600
1997-05-01,4.623581435736709,4.647475913440775,4.456320091808249,4.551898002624512,9667200
1997-05-02,4.599687071407542,4.70721222372616,4.563845353968003,4.671370506286621,8224800
1997-05-05,4.647474524926166,4.695263466056512,4.623580054360993,4.683316230773926,6556000
1997-05-06,4.707210701339099,4.802788583599791,4.659421760208753,4.683316230773926,16259200
1997-05-07,4.7550005723934365,4.970050849536858,4.7550005723934365,4.82668399810791,9696000
1997-05-08,5.065625850612202,5.113414773731185,4.886417388916016,4.886417388916016,29262400
1997-05-09,4.934207107402661,5.017837736341689,4.7311041514078775,4.838629245758057,15984800
1997-05-12,4.898366525948766,4.970049938523625,4.832657095689168,4.958102703094482,6660000
1997-05-13,5.005888201869451,5.053677110717847,4.946152065808956,4.970046520233154,7500000
1997-05-14,4.981994447638855,4.993941676530076,4.898363845400314,4.934205532073975,10212800
1997-05-15,4.910314494165881,4.934208968590046,4.838631070893387,4.850578308105469,3235200
1997-05-16,4.862525463104248,4.934208885164753,4.802789278053828,4.862525463104248,5787200
1997-05-19,4.874470481037223,4.910312175750732,4.8625232494660535,4.910312175750732,2615200
1997-05-20,4.886415929748462,4.970046520233154,4.838627020900066,4.970046520233154,4697600
1997-05-21,4.970049540201823,4.9939440091451015,4.898366133371989,4.946155071258545,5087200
1997-05-22,4.94615394778368,4.958101179541611,4.8505760937202265,4.898365020751953,4205600
1997-05-23,4.874471664428711,4.9581023057301845,4.8505771954854335,4.946155071258545,6094400
1997-05-27,4.9342066728758756,5.113415147677663,4.922259441222423,5.0536789894104,6719200
1997-05-28,5.077574809767166,5.077574809767166,5.0058914006881,5.065627574920654,4521600
1997-05-29,5.041733419391471,5.149258539710246,5.041733419391471,5.089522361755371,5432800
1997-05-30,5.065627266875411,5.400149822235107,5.029785564515443,5.400149822235107,13831200
1997-06-02,5.376254295816227,5.424043222890149,5.185098587520539,5.268729209899902,18281600
1997-06-03,5.244835289941955,5.268729755955357,5.1253629598749395,5.185099124908447,9929600
1997-06-04,5.185097619856911,5.232886538012274,5.17315039031807,5.197044849395752,10642400
1997-06-05,5.197046995162964,5.197046995162964,5.1373108228047695,5.161205291748047,7160000
1997-06-06,5.161204898930251,5.220941066741943,5.137310431805574,5.220941066741943,5022400
1997-06-09,5.220940841153063,5.328465938568115,5.208993608106947,5.328465938568115,12612800
1997-06-10,5.328466257878712,5.376255192926951,5.292624556592532,5.352360725402832,9052000
1997-06-11,5.364307637706466,5.400149336844816,5.292624239429764,5.328465938568115,6596800
1997-06-12,5.340412938515168,5.412096333663023,5.268729543367313,5.364307403564453,6289600
1997-06-13,5.364307723922899,5.412096656875441,5.352360490684763,5.38820219039917,4525600
1997-06-16,5.137310270349093,5.220940902657101,5.137310270349093,5.173151969909668,12474400
1997-06-17,5.137310663116312,5.208994067717936,5.06562725851469,5.1134161949157715,9574400
1997-06-18,5.065627658395744,5.1014693635259025,4.9581025430052685,4.981997013092041,5741600
1997-06-19,5.029784934465275,5.161204493323038,5.00589046921841,5.137310028076172,18542400
1997-06-20,5.137308876715379,5.244833946228027,5.12536164676953,5.244833946228027,9694400
1997-06-23,5.185099124908447,5.256782522948656,5.149257425888343,5.185099124908447,12539200
1997-06-24,5.053679638041084,5.197046436283385,5.005890705293651,5.173151969909668,15393600
1997-06-25,5.197046599617266,5.250809515248424,5.185099366054928,5.220941066741943,13679200
1997-06-26,5.232888135843959,5.292624301778251,5.077574104414801,5.173151969909668,6684800
1997-06-27,5.256782667977469,5.268729901313782,4.993943534578596,5.017838001251221,16827200
1997-06-30,5.01783542908155,5.035756634500138,4.922257611384758,4.970046520233154,13314400
1997-07-01,4.958100569875617,5.059652391931435,4.952127319331722,4.9939422607421875,10948800
1997-07-02,4.970049067905971,5.017838001251221,4.946154601233347,5.017838001251221,7920800
1997-07-03,4.993944165841588,5.107443261484115,4.993944165841588,5.065627574920654,6220800
1997-07-07,5.089522442537196,5.185100328782026,5.065627970975988,5.077575206756592,5409600
1997-07-08,5.029785234587534,5.059653682528941,4.946154601233347,5.017838001251221,10404800
1997-07-09,4.993943511648067,4.999917492889419,4.778893312581882,4.856550693511963,19432000
1997-07-10,4.850576556663444,4.910312721154373,4.844603304814964,4.8804450035095215,10655200
1997-07-11,4.898366133371989,4.964076287566665,4.880445646265192,4.946155071258545,9782400
1997-07-14,4.922260111959338,4.934207345240793,4.85057671227061,4.856550693511963,8908000
1997-07-15,4.862523967879159,5.059653682528941,4.862523967879159,5.017838001251221,10621600
1997-07-16,5.023811911001517,5.185099194145039,5.023811911001517,5.155231475830078,13470400
1997-07-17,5.161204493323038,5.167178474235359,5.1134155628293065,5.137310028076172,8041600
1997-07-18,5.143284966023648,5.1492582188462315,4.993944165841588,5.065627574920654,5150400
1997-07-21,5.041732868489393,5.143284724516968,5.035759615947288,5.101469039916992,3180800
1997-07-22,5.101469279460187,5.107443261484115,5.053680340074143,5.065627574920654,6504800
1997-07-23,5.208993116424935,5.238861560821533,5.107442009719069,5.238861560821533,11041600
1997-07-24,5.250809683572594,5.465859894588511,5.035759472556679,5.412096977233887,15752000
1997-07-25,5.400150869133767,5.400150869133767,5.292625741208537,5.3165202140808105,10497600
1997-07-28,5.292622866011426,5.310544075530724,5.214966235963926,5.244833946228027,4684000
1997-07-29,5.244836795463991,5.364309159825357,5.226916305410507,5.3165202140808105,5568800
1997-07-30,5.352361585969156,5.447939471432891,5.334441097045404,5.418071746826172,11187200
1997-07-31,5.424045874361406,5.459887587187583,5.328467973491602,5.447940349578857,5134400
1997-08-01,5.430018272135731,5.447938758715064,5.304571949275194,5.400149822235107,3999200
1997-08-04,5.471833388010661,5.746619780858358,5.471833388010661,5.734672546386719,19035200
1997-08-05,5.627145143072853,5.627145143072853,5.424042239819693,5.477805137634277,18918400
1997-08-06,5.501703880378318,5.627149524280592,5.4539149247581005,5.549492835998535,17226400
1997-08-07,5.304573322164601,5.334441779795553,4.8266838336813045,4.850578308105469,65564800
1997-08-08,4.844603942850275,4.9581023057301845,4.689289894718968,4.946155071258545,34592000
1997-08-11,4.970048875664946,4.970048875664946,4.671368053810081,4.754998683929443,21329600
1997-08-12,4.790841348317205,4.826683054164964,4.665395742450732,4.683316230773926,13834400
1997-08-13,4.737077689719829,4.737077689719829,4.599684161843413,4.611631393432617,11359200
1997-08-14,4.683314409349875,4.7430505625303585,4.641499466724082,4.725130081176758,13120800
1997-08-15,4.725130725782406,4.8565502807078165,4.689289028984566,4.772919654846191,13083200
1997-08-18,4.7729212521725435,4.868499142286622,4.755000033175437,4.766947269439697,10767200
1997-08-19,4.772920607447757,4.8625245027253206,4.760973372797326,4.844604015350342,6690400
1997-08-20,4.844602892367966,4.844602892367966,4.719156593016317,4.79681396484375,7590400
1997-08-21,4.802786715710842,4.802786715710842,4.659419948077682,4.725130081176758,8521600
1997-08-22,4.683317081604612,4.75500050632305,4.647475369245393,4.749027252197266,5291200
1997-08-25,4.772920859994011,4.778894113034618,4.659421760208753,4.683316230773926,6372000
1997-08-26,4.671366543563571,4.731102688621928,4.66539329365823,4.695261001586914,8022400
1997-08-27,4.689293253975876,4.707213753920335,4.587741323617789,4.659424781799316,5757600
1997-08-28,4.647473412690704,4.653447393502987,4.575790018150487,4.635526180267334,5492800
1997-08-29,4.64747428894043,4.695263227644188,4.629553801527188,4.64747428894043,2835200
1997-09-02,4.683317306208631,4.808763670082846,4.683317306208631,4.784869194030762,7988800
1997-09-03,4.874472782529634,4.9461562058021284,4.850578308105469,4.850578308105469,11913600
1997-09-04,4.84460284244184,4.94615394778368,4.8087611471680445,4.898365020751953,8820000
1997-09-05,5.1134165143066985,5.1134165143066985,5.01783863553461,5.065627574920654,14274400
1997-09-08,5.095493992352509,5.125361702943962,4.964074461507792,4.987968921661377,5004000
1997-09-09,4.946156540554256,5.149259586905518,4.946156540554256,5.059655666351318,6907200
1997-09-10,5.059652403809336,5.101467345317965,5.023810712858624,5.047705173492432,6588800
1997-09-11,5.053679701260158,5.167178782555753,4.981996301242284,5.017838001251221,12861600
1997-09-12,5.113416115998667,5.1791262671366765,5.065627180335127,5.125363349914551,11602400
1997-09-15,5.161205043773625,5.1731522776712495,5.083548388039713,5.107442855834961,6440000
1997-09-16,5.10744174953861,5.185098388451723,5.095494518228813,5.131336212158203,4095200
1997-09-17,5.143284565389022,5.161205051662205,5.095495629725484,5.125363349914551,5121600
1997-09-18,5.119389698886862,5.232888047648485,5.119389698886862,5.167178630828857,6204800
1997-09-19,5.2328881268099705,5.2328881268099705,5.14925749464634,5.155231475830078,4483200
1997-09-22,5.155231397843358,5.191073096799855,5.095495232915864,5.167178630828857,4034400
1997-09-23,5.173152034623283,5.185099267959595,4.892392415820567,5.017838001251221,13591200
1997-09-24,5.005890028320089,5.077573417747107,4.892391692994551,4.910312175750732,9615200
1997-09-25,4.898365409285934,4.898365409285934,4.707209685996727,4.838629245758057,12204000
1997-09-26,4.838629067708303,4.838629067708303,4.760972422580245,4.772919654846191,4899200
1997-09-29,4.7131831554083155,4.7131831554083155,4.587736861014386,4.677341461181641,17307200
1997-09-30,4.71915636062622,4.796813728629495,4.707209129333496,4.778892517089844,9961600
1997-10-01,4.790839542678049,4.934206312034998,4.784866291888725,4.886417388916016,17733600
1997-10-02,4.814738941192627,4.814738941192627,4.641504281854857,4.659424781799316,16336000
1997-10-03,4.725130788043204,4.784866950160051,4.5877372505738565,4.635526180267334,11002400
1997-10-06,4.671368913158696,4.689290130367401,4.539949327366507,4.605659484863281,7817600
1997-10-07,4.593711022865833,4.874470607470019,4.480211955395237,4.79681396484375,9396000
1997-10-08,5.017838399918353,5.137310742773552,4.952128975948649,5.101469039916992,37399200
1997-10-09,5.029785546444231,5.1074429325458,4.981996610135972,5.023812294006348,9049600
1997-10-10,4.981995648328046,5.023811324125623,4.934206721245762,4.952127933502197,4500000
1997-10-13,4.952129290084255,5.047707170431344,4.946155307961883,4.981997013092041,2460800
1997-10-14,4.993945681101982,5.005892919573518,4.904341757166247,4.964077949523926,4455200
1997-10-15,4.922260754843504,4.964076441390662,4.898366285159797,4.9043402671813965,6392000
1997-10-16,4.946155462122079,5.011865621509416,4.910313755874818,4.940182209014893,6676000
1997-10-17,4.850577584232192,4.9640766854097444,4.838630348803049,4.958102703094482,5032000
1997-10-20,5.065627735372968,5.113416676272713,5.0178387944732235,5.041733264923096,6096000
1997-10-21,5.059652403809336,5.065625654367253,5.023810712858624,5.047705173492432,3932000
1997-10-22,5.113416274202512,5.125363508488032,5.017838399918353,5.101469039916992,6187200
1997-10-23,5.06562555256,5.06562555256,4.928232771277415,4.987968921661377,5952800
1997-10-24,5.053677820986177,5.053677820986177,4.934205532073975,4.934205532073975,3743200
1997-10-27,4.396582447902867,4.57579097159456,4.1098488099961585,4.115822792053223,29982400
1997-10-28,4.062058298211349,4.63552535207648,4.056085047667454,4.539947509765625,28332800
1997-10-29,4.516052886437324,4.6235779551620215,4.510079636108694,4.545921325683594,11971200
1997-10-30,4.492159444173177,4.5638428395589195,4.432423281351725,4.480212211608887,8492800
1997-10-31,4.492160154259961,4.528001857618418,4.348793340826132,4.426450729370117,14307200
1997-11-03,4.510081450530602,4.551896407256438,4.468265764603432,4.486186981201172,7462400
1997-11-04,4.492161539072434,4.69526458738156,4.492161539072434,4.641502380371094,7123200
1997-11-05,4.665394414152156,4.832655660486912,4.629552718508995,4.79681396484375,9143200
1997-11-06,5.113416274202512,5.161205211344591,5.065627337060433,5.101469039916992,26991200
1997-11-07,5.029785870381121,5.071601556944582,4.970049696148567,5.065627574920654,9038400
1997-11-10,5.113416676272713,5.125363911497649,5.005891559248287,5.041733264923096,4887200
1997-11-11,5.065624934760522,5.07757216338024,4.993941563042212,5.029783248901367,3240800
1997-11-12,4.993944248135427,5.041733188308972,4.9162875849540955,4.981997013092041,5165600
1997-11-13,4.970047811832022,5.065625654367253,4.928232870323392,5.047705173492432,2860800
1997-11-14,5.0716018729696035,5.125364068528296,4.9700500058456205,5.089522361755371,3684800
1997-11-17,5.12536215585762,5.179125060554589,5.119388904891912,5.143283367156982,4682400
1997-11-18,5.119390166622865,5.1373106531378125,5.017838312367166,5.023812294006348,2507200
1997-11-19,4.999918538783369,5.089522442537196,4.981997320511762,5.077575206756592,4279200
1997-11-20,5.232887236050438,5.232887236050438,5.1134149247250855,5.143283367156982,6169600
1997-11-21,5.137309289804727,5.137309289804727,5.029784211646024,5.083547115325928,4635200
1997-11-24,5.06562693459647,5.06562693459647,4.970049067905971,5.017838001251221,9050400
1997-11-25,4.993942543572071,4.999916523655367,4.862523002951753,4.874470233917236,11375200
1997-11-26,4.8983665204590645,4.964076679846401,4.886419285043311,4.940182209014893,4096000
1997-11-28,4.940180075891442,5.005889477704694,4.940180075891442,4.976021766662598,1040800
1997-12-01,5.017838312367166,5.047706762160477,4.981996610135972,5.023812294006348,5261600
1997-12-02,5.041731757756948,5.0775734527173055,5.017837294450043,5.0536789894104,2077600
1997-12-03,5.059652391931435,5.059652391931435,4.952127319331722,4.9939422607421875,6133600
1997-12-04,4.993943686624175,4.993943686624175,4.895379373199336,4.922260284423828,4465600
1997-12-05,4.916288995637783,5.065629111931197,4.88642053485816,4.964077949523926,6284800
1997-12-08,4.976022015929499,5.035758170207157,4.970048035901182,5.011863708496094,5107200
1997-12-09,4.946155462122079,4.970049932953588,4.910313755874818,4.940182209014893,3260000
1997-12-10,4.874470374827504,4.946153762692615,4.77889252434069,4.832655429840088,11564000
1997-12-11,4.826681768123191,4.880444677170696,4.7908400718252455,4.8027873039245605,6624800
1997-12-12,4.802787357390438,4.814734589622752,4.671367802834978,4.701236248016357,5380800
1997-12-15,4.707211887987354,4.772922063207245,4.689291395146556,4.719159126281738,5505600
1997-12-16,4.725132307115504,4.784868488436803,4.683316615589878,4.766947269439697,5149600
1997-12-17,4.743050575256348,4.778892267260804,4.731103344588195,4.743050575256348,5060000
1997-12-18,4.743051329707867,4.743051329707867,4.480212213200126,4.533975124359131,16598400
1997-12-19,4.516052886437324,4.569815785400193,4.4921584267207235,4.545921325683594,11340000
1997-12-22,4.563843077288577,4.587737543661816,4.4861864261761735,4.498133659362793,5447200
1997-12-23,4.510081289802569,4.516054542321387,4.372687731454042,4.4383978843688965,11217600
1997-12-24,4.504107077071007,4.51605431069719,4.450344890353819,4.492159843444824,4761600
1997-12-26,4.516053910905727,4.545922356927664,4.516053910905727,4.533975124359131,930400
1997-12-29,4.539949327366507,4.605659484863281,4.52800209229449,4.605659484863281,4611200
1997-12-30,4.587737177208776,4.75499842846118,4.587737177208776,4.701236248016357,5274400
1997-12-31,4.701238302384974,4.838631168494561,4.695264319057685,4.749027252197266,5143200
1998-01-02,4.75500050632305,4.84460515182185,4.72513277729112,4.749027252197266,4058400
1998-01-05,4.749024555190969,4.808760708531729,4.737077324522817,4.743050575256348,6488800
1998-01-06,4.695263851854138,4.778894505703957,4.629554417001425,4.766947269439697,7586400
1998-01-07,4.760973137279169,4.826682560005326,4.731104687529973,4.808762073516846,8560000
1998-01-08,4.808763506280049,4.874472948584226,4.79681626866097,4.82668399810791,9160800
1998-01-09,4.826681267131459,4.838628497990695,4.731103420257568,4.731103420257568,8975200
1998-01-12,4.587738115560732,4.754999401023884,4.587738115560732,4.64747428894043,10134400
1998-01-13,4.64747420946757,4.64747420946757,4.569817550002578,4.587738037109375,8431200
1998-01-14,4.611634310554056,4.725133447046733,4.5937138164350895,4.671370506286621,5257600
1998-01-15,4.587737712454288,4.599684946080472,4.492159843444824,4.492159843444824,12656800
1998-01-16,4.492159152340579,4.665394377869187,4.486185901047089,4.599684238433838,8945600
1998-01-20,4.611632898989052,4.623580134478662,4.522028997417678,4.581765174865723,9444800
1998-01-21,4.563843957030617,4.647474605457879,4.539949486051399,4.581765174865723,7494400
1998-01-22,4.575790802637736,4.64747420946757,4.516054630279541,4.587738037109375,5034400
1998-01-23,4.581762683819133,4.6235776206978185,4.480210872769204,4.522026538848877,9566400
1998-01-26,4.522028283781946,4.5280015359834,4.4503448821568785,4.474239349365234,4848000
1998-01-27,4.468265692392985,4.617606487889134,4.462292439757827,4.587738037109375,8758400
1998-01-28,4.605662552764093,4.677346010945621,4.599688566648044,4.659424781799316,7218400
1998-01-29,4.671367265961387,4.754997881976041,4.66539401513232,4.731103420257568,5391200
1998-01-30,4.790839934930569,4.898365020751953,4.754998239656774,4.898365020751953,7356000
1998-02-02,5.0536797803455435,5.065627013868819,4.976023127044885,5.005890846252441,9916000
1998-02-03,4.970049778048654,4.987970995214413,4.898366367788338,4.981997013092041,6534400
1998-02-04,4.970048035901182,5.017836959323309,4.940180323362903,5.011863708496094,6724800
1998-02-05,4.999916151738169,5.0835467622757164,4.970047711945661,4.987968921661377,5368000
1998-02-06,5.005889491031045,5.005889491031045,4.940180089042865,4.9939422607421875,3493600
1998-02-09,4.970049304716694,5.208993982828074,4.970049304716694,5.179126262664795,10347200
1998-02-10,5.232886538012274,5.322491124154091,5.149255931240389,5.197044849395752,8953600
1998-02-11,5.185098388451723,5.220940082381113,5.1253622319027405,5.131336212158203,4455200
1998-02-12,5.208993920258113,5.376255192926951,5.059653862833004,5.352360725402832,17620000
1998-02-13,5.364308807631426,5.639095227621455,5.364308807631426,5.56143856048584,31290400
1998-02-17,5.537542076256036,5.603251483854188,5.406122531858603,5.430016994476318,10353600
1998-02-18,5.430017420763737,5.6151991559882894,5.430017420763737,5.585331439971924,17975200
1998-02-19,5.567410237245214,5.6331203793240245,5.537542521173892,5.603251934051514,5607200
1998-02-20,5.6331203793240245,5.662988095395347,5.585331450248958,5.603251934051514,6608000
1998-02-23,5.597279948733577,5.704805063476792,5.585332713762109,5.698831081390381,6108000
1998-02-24,5.758567256247723,5.901934075905342,5.668963358562387,5.698831081390381,17188000
1998-02-25,5.734672231122482,5.842197335456028,5.734672231122482,5.782461166381836,8200800
1998-02-26,5.806356349764908,5.842198055627654,5.782461879189744,5.81830358505249,5354400
1998-02-27,5.7944086323882935,5.860118785603662,5.76454091125499,5.800382614135742,2713600
1998-03-02,5.7346740202283835,5.860120379021635,5.7287007660580676,5.848173141479492,6292000
1998-03-03,5.8302505766728006,6.027380315279827,5.8302505766728006,5.997511863708496,13246400
1998-03-04,5.973616462737206,6.200613888321219,5.889985832258884,6.140877723693848,11158400
1998-03-05,6.021404988666963,6.087115129929593,6.0034845050869965,6.057246685028076,7887200
1998-03-06,6.1408769227564335,6.170745730375643,6.105035228654742,6.116982460021973,9938400
1998-03-09,6.1050372336566125,6.200615115983918,6.0990639806118425,6.170747756958008,8960800
1998-03-10,6.212560440957659,6.320085525512695,6.212560440957659,6.320085525512695,12426400
1998-03-11,6.290219360325601,6.320086715792522,6.206588723254622,6.284245014190674,8944000
1998-03-12,6.242431620419375,6.415665815471845,6.242431620419375,6.385798454284668,8256800
1998-03-13,6.379823476850107,6.385797823539147,6.260351127096359,6.2663254737854,5133600
1998-03-16,6.242429810969969,6.272297163499705,6.2125610000378035,6.230482578277588,3982400
1998-03-17,6.242428504694097,6.242428504694097,6.176718009435214,6.212559700012207,5104000
1998-03-18,6.188667717244111,6.296192832022483,6.1767204822687365,6.2663254737854,4529600
1998-03-19,6.290218978416525,6.338007910984162,6.128930601799507,6.19464111328125,5608800
1998-03-20,6.218537481210717,6.224510370406956,6.116985239248295,6.128932476043701,5010400
1998-03-23,6.105038096068676,6.1826958656311035,6.051275894265678,6.1826958656311035,6254400
1998-03-24,6.224508950903867,6.3559285256830265,6.200614482762201,6.338008403778076,7507200
1998-03-25,6.3380072717039955,6.391769086218686,6.278271112019709,6.367874622344971,6143200
1998-03-26,6.34398103028201,6.403717198175437,6.314113675536564,6.379822731018066,5626400
1998-03-27,6.403718242609071,6.427612713663582,6.272298651809257,6.2961931228637695,5865600
1998-03-30,6.239298145052567,6.269180570683159,6.167582074419779,6.2273454666137695,5004000
1998-03-31,6.251249740482757,6.284119600494856,6.143675653170434,6.191486358642578,7468000
1998-04-01,6.071958815868477,6.209415305997301,6.071958815868477,6.173557281494141,6633600
1998-04-02,6.287107790754141,6.597877377369365,6.287107790754141,6.562019348144531,14141600
1998-04-03,6.550065635353006,6.693497729557817,6.514207611801804,6.669592380523682,12502400
1998-04-06,6.669593435819031,6.68752317996492,6.484327681024197,6.562019348144531,6416800
1998-04-07,6.5620175790349276,6.5620175790349276,6.490301539919792,6.514206886291504,4441600
1998-04-08,6.550067233077296,6.7054520397013935,6.550067233077296,6.567996978759766,6123200
1998-04-09,6.573973338828494,6.717405484402933,6.5620206600306235,6.699477195739746,4986400
1998-04-13,6.681545344295788,6.6994750863809545,6.621781969123196,6.6875224113464355,5668000
1998-04-14,6.693500189945616,6.93255376815796,6.651666543292081,6.932553768157959,10496000
1998-04-15,6.86083718409723,6.872789862118305,6.723382116388434,6.75924015045166,7983200
1998-04-16,6.74728762505352,6.777168591248541,6.639713520430527,6.681547164916992,3668800
1998-04-17,6.663617335612317,6.687522686665515,6.6038539579793225,6.675570011138916,2613600
1998-04-20,6.663617335612317,6.7353333887719105,6.6576402683156,6.675570011138916,4704800
1998-04-21,6.6576402683156,6.687522686665515,6.6098295662092035,6.675570011138916,4280000
1998-04-22,6.651664156564424,6.741308486694552,6.651664156564424,6.729355812072754,4682400
1998-04-23,6.705449397282127,6.705449397282127,6.4484676632831714,6.472373008728027,4569600
1998-04-24,6.460423826074574,6.520187221972269,6.388707750997338,6.394683361053467,7247200
1998-04-27,6.2153909138811185,6.263201613218666,6.119769515206024,6.173557281494141,9595200
1998-04-28,6.23929629126429,6.340894757341245,6.203438266601852,6.287106990814209,6624800
1998-04-29,6.454445110278184,6.454445110278184,6.263202292195867,6.3827290534973145,8984000
1998-04-30,6.406636132888522,6.789121872165449,6.3946834535361186,6.717405796051025,11359200
1998-05-01,6.669595043791903,6.7054530816617515,6.591903357940878,6.657642364501953,7000800
1998-05-04,6.657641496206625,6.753262918055194,6.615807853681429,6.663618564605713,4484000
1998-05-05,6.633737040584197,6.783146262022899,6.615808751089244,6.717405796051025,5973600
1998-05-06,6.705449376787458,6.8249761036464145,6.609827995300293,6.6934967041015625,5621600
1998-05-07,6.717403137450955,6.777166510559949,6.645687089720162,6.729355812072754,8633600
1998-05-08,6.723380038657397,6.980361807161683,6.723380038657397,6.9445037841796875,8900000
1998-05-11,6.920601815145917,7.040128616789198,6.884743774652934,6.890720844268799,7950400
1998-05-12,6.890718535148643,6.920599496012477,6.801072734423315,6.8668131828308105,4170400
1998-05-13,6.920598030090332,6.980361398225827,6.884740009209035,6.920598030090332,6102400
1998-05-14,6.944505890620124,7.070009738658873,6.920600534714374,6.956458568572998,10771200
1998-05-15,6.944504821017272,6.944504821017272,6.72338104248047,6.723381042480469,4563200
1998-05-18,6.723379806997125,6.723379806997125,6.460420980856318,6.621781349182129,6199200
1998-05-19,6.609830520672505,6.615807588832315,6.394682330126202,6.418587684631348,5775200
1998-05-20,6.394678939784169,6.478347636192559,6.239294217882871,6.305034637451172,11716000
1998-05-21,6.382729153422749,6.556043689556645,6.3588238007882065,6.502255916595459,7404000
1998-05-22,6.454444865327467,6.4663975410039995,6.293084473227708,6.340895175933838,6080800
1998-05-26,6.370775938034058,6.370775938034058,6.191485808445857,6.215391159057617,7927200
1998-05-27,6.179533151622868,6.22734385298939,6.071959073548196,6.131722450256348,4841600
1998-05-28,5.952431608200073,6.065982375131193,5.785094173431396,5.97633695602417,53719200
1998-05-29,6.048054937273264,6.155629036948085,6.048054937273264,6.1197710037231445,36219200
1998-06-01,6.071961007099378,6.071961007099378,6.000244932212378,6.048055648803711,12657600
1998-06-02,6.0480538094339,6.0480538094339,5.910598405804383,5.946456432342529,11284800
1998-06-03,5.994266331658903,6.071958347320557,5.964384282112122,5.97633695602417,10268800
1998-06-04,5.976336069375157,5.976336069375157,5.8866913931011355,5.952430725097656,4841600
1998-06-05,5.928525450689418,6.095862862604038,5.928525450689418,6.0121941566467285,7752800
1998-06-08,6.0480521734855754,6.11976820716327,5.988288812087497,6.0121941566467285,5479200
1998-06-09,6.012198198052427,6.083914279937744,5.988292837423987,6.083914279937744,7256800
1998-06-10,6.077937719800875,6.1914878070946715,6.060008336287642,6.113795757293701,8200800
1998-06-11,6.113794603483244,6.167581284804908,6.083912546445151,6.101841926574707,6409600
1998-06-12,6.083913246946092,6.167581994939456,6.077937272570502,6.107818603515625,6903200
1998-06-15,6.107818724149727,6.107818724149727,5.988291938941318,6.000244617462158,8744800
1998-06-16,6.024148533447233,6.024148533447233,5.85681107418481,5.922551155090332,7861600
1998-06-17,6.024149191490306,6.054031248675166,5.994267863838952,6.0181732177734375,11317600
1998-06-18,6.0181741600237775,6.131724244224079,6.000244776999002,6.125748634338379,10434400
1998-06-19,6.119769034301036,6.125746100781914,6.0301243448543005,6.0600056648254395,5528800
1998-06-22,6.036101541423227,6.042078244349785,5.940480130866026,5.970362186431885,4661600
1998-06-23,6.024148764148835,6.024148764148835,5.9046220029554055,5.928527355194092,4396800
1998-06-24,5.904621736438711,6.089888572692871,5.892669060858875,6.089888572692871,7944000
1998-06-25,6.089890233055638,6.155629601901366,6.042079517701064,6.125748634338379,7218400
1998-06-26,6.13172564013251,6.239299774169922,6.13172564013251,6.239299774169922,7123200
1998-06-29,6.299062616324706,6.33492065778386,6.245276283669696,6.293087005615234,7296800
1998-06-30,6.197463017678101,6.197463017678101,6.0600065189765715,6.089888572692871,11105600
1998-07-01,6.131723966643275,6.358824854296729,6.119771288345724,6.28113317489624,9270400
1998-07-02,6.233320988307936,6.27515462292737,6.209415637363451,6.221368312835693,5815200
1998-07-06,6.215391159057617,6.221368226243962,6.1795331331399765,6.215391159057617,3695200
1998-07-07,6.215393430279943,6.233323179324038,6.191488070932713,6.209417819976807,9404800
1998-07-08,6.215391159057617,6.215391159057617,6.191485808445857,6.215391159057617,7382400
1998-07-09,6.19746386661231,6.20343947568735,6.155628766818855,6.1616058349609375,3653600
1998-07-10,6.149651629053155,6.1556272366427685,5.988289797200053,6.077935218811035,5412800
1998-07-13,6.14367675971225,6.14367675971225,5.940481224857954,6.000244617462158,4840800
1998-07-14,6.000243512464277,6.018172891710485,5.928527454546376,5.970362186431885,3866400
1998-07-15,5.970360302213491,5.970360302213491,5.86278624928652,5.8807148933410645,6879200
1998-07-16,5.820951530603858,5.892667565888505,5.701424805129446,5.8807148933410645,15615200
1998-07-17,5.886693080129475,5.964385106529988,5.886693080129475,5.940479755401611,5804000
1998-07-20,5.916573917551526,5.916573917551526,5.844857870066053,5.862787246704102,4980800
1998-07-21,5.8627884098495615,5.868764383558938,5.701426906227319,5.725332260131836,9314400
1998-07-22,5.713380311047696,5.7372856679976865,5.55201951640206,5.575924873352051,9272800
1998-07-23,5.5759220073662075,5.581897978765297,5.354797204468636,5.4085845947265625,16610400
1998-07-24,5.4444468738718905,5.492257600625831,5.36675407812984,5.426517486572266,10622400
1998-07-27,5.402610778808594,5.563972306216807,5.360776768075776,5.402610778808594,6753600
1998-07-28,5.42651411275884,5.534088181073443,5.42651411275884,5.516159534454346,10200000
1998-07-29,5.557994238741986,5.569946914524227,5.51616023827086,5.522136211395264,4942400
1998-07-30,5.528113114025407,5.528113114025407,5.223319505786036,5.30698823928833,19011200
1998-07-31,5.306989349095168,5.408587482932489,5.28308399166681,5.402610778808594,10849600
1998-08-03,5.402608029281389,5.510182082961771,5.23527061244524,5.277105331420898,10774400
1998-08-04,5.271131129551282,5.271131129551282,5.026101589202881,5.026101589202881,16819200
1998-08-05,5.079887944755825,5.157580713383566,4.888645104482665,5.05598258972168,15696800
1998-08-06,4.0161000620020495,4.0280527407580085,3.1196491553051637,3.62166166305542,161821600
1998-08-07,3.59775508864804,3.633613112787389,3.4423703173775264,3.472252368927002,61660000
1998-08-10,3.5140867822625665,3.5140867822625665,3.119648469967789,3.1913645267486572,58244000
1998-08-11,2.96426282610212,3.3467483520507812,2.8268074549809428,3.3467483520507812,44596000
1998-08-12,3.4423702609154483,3.5618970060861237,3.2391747941253004,3.334796190261841,39219200
1998-08-13,3.059884999309339,3.143553729759204,3.0001216204165786,3.065861701965332,60422400
1998-08-14,3.0837905804552292,3.1196486104605228,2.9702405168718777,2.9941458702087402,21409600
1998-08-17,3.018051742424777,3.0837911106366587,2.9941463849779812,3.0539097785949707,17489600
1998-08-18,3.149531356794225,3.239176086677137,3.0837912559509277,3.0837912559509277,16209600
1998-08-19,3.10769562768748,3.1256250056908463,3.035979574740846,3.0897669792175293,19796800
1998-08-20,3.077814626829704,3.2033173678946514,3.053909273337953,3.137578010559082,78269600
1998-08-21,3.1136718368174234,3.281009267177158,3.0658611424289277,3.25710391998291,14641600
1998-08-24,3.251128356822216,3.275033712387085,3.2033176456924775,3.275033712387085,17336800
1998-08-25,3.3467487684288475,3.3885834928008762,3.3347960942558874,3.364678144454956,17336800
1998-08-26,3.304915932005921,3.4124900372686775,3.2989392280578613,3.3706552982330322,14724000
1998-08-27,3.3049147023999788,3.3587013702530295,3.2750326528445908,3.3108906745910645,28860800
1998-08-28,3.3288216112454183,3.418466342882858,3.3288216112454183,3.4124903678894043,11284800
1998-08-31,3.3945606159091404,3.561898111059591,3.3945606159091404,3.4543240070343018,13128000
1998-09-01,3.4603002538813517,3.8009511735352173,3.3885841940033288,3.5977556705474854,19870400
1998-09-02,3.5858039953270735,3.627638740039401,3.514087915420532,3.5140879154205322,15600800
1998-09-03,3.5021352354361084,3.5559226601328597,3.460301220257471,3.5140879154205322,13599200
1998-09-04,3.514086951812108,3.514086951812108,3.436394917984368,3.442370891571045,12001600
1998-09-08,3.466275677536473,3.561897075537479,3.4065123037858442,3.5499444007873535,11704000
1998-09-09,3.526039291435564,3.5618973181281293,3.3527258605215433,3.394559860229492,8840000
1998-09-10,3.29893818905479,3.4184649350350362,3.29893818905479,3.4065122604370117,11754400
1998-09-11,3.394560184743669,3.514086951812108,3.3646788577433044,3.442370891571045,7276800
1998-09-14,3.4423703280362212,3.5798264524293533,3.4423703280362212,3.5499444007873535,5613600
1998-09-15,3.5260396106694625,3.609708347193823,3.496158283820363,3.5977556705474854,4095200
1998-09-16,3.5917807761211407,3.6754495377833036,3.57385139099811,3.627638816833496,8716000
1998-09-17,3.585802192567651,3.8069270258759844,3.537991496666749,3.7889976501464844,11760800
1998-09-18,3.7830230665070603,3.9742659203075164,3.699354317969361,3.9443838596343994,10421600
1998-09-21,3.9204771630117827,3.9204771630117827,3.8248557687919833,3.836808443069458,7776800
1998-09-22,3.8368086561915606,3.9025487331359887,3.7710693087805147,3.842785358428955,7280800
1998-09-23,3.920478385489982,3.9802417755126953,3.848762317462726,3.9802417755126953,3858400
1998-09-24,3.9443825722648858,3.956335246726294,3.5858023384226234,3.735211133956909,8156800
1998-09-25,3.681424407071846,3.681424407071846,3.555921667052049,3.5977556705474854,13583200
1998-09-28,3.6336147921853694,3.645567472422821,3.6037334563585928,3.627638816833496,5143200
1998-09-29,3.6276378074634836,3.6276378074634836,3.4662763043889697,3.4961583614349365,3483200
1998-09-30,3.430417060852051,3.436393761961621,3.3347956793648854,3.3467483520507812,9376800
1998-10-01,3.2989386119199606,3.2989386119199606,3.1913645267486577,3.1913645267486572,21282400
1998-10-02,3.239174495031283,3.5260386569528728,3.239174495031283,3.5200626850128174,23016800
1998-10-05,3.4901825459798177,3.6097093454996743,3.436395850962726,3.585803985595703,16000000
1998-10-06,3.4901814711721317,3.657518938968056,3.4901814711721317,3.6336135864257812,9760800
1998-10-07,3.591779584243532,3.7531403491371553,3.591779584243532,3.6336135864257812,10343200
1998-10-08,3.51408620685029,3.51408620685029,3.3347960942558874,3.364678144454956,16084000
1998-10-09,3.358701604785341,3.5678737776792273,3.358701604785341,3.5499444007873535,5900800
1998-10-12,3.573851121767527,3.597756480441557,3.490182366408421,3.5678751468658447,3452000
1998-10-13,3.5678752982682624,3.6694727121773414,3.490182514513953,3.526040554046631,4002400
1998-10-14,3.478229866027832,3.585803985595703,3.478229866027832,3.585803985595703,4800800
1998-10-15,3.5618977524673676,3.842786027244133,3.5379923984239623,3.78302264213562,5260800
1998-10-16,3.7830221739754872,3.8427855516881064,3.705329418182373,3.705329418182373,3022400
1998-10-19,3.777044002306456,3.8129020149865807,3.7710680316263363,3.794973373413086,4093600
1998-10-20,3.6515432953085107,3.657519269216937,3.5858032051146442,3.6037325859069824,10695200
1998-10-21,3.627636534925843,3.663494553082277,3.5618964702057574,3.591778516769409,11272800
1998-10-22,3.615686017645166,3.615686017645166,3.502135194358179,3.526040554046631,13204800
1998-10-23,3.537992365859086,3.5738503965941444,3.4901816582123417,3.4961583614349365,6252000
1998-10-26,3.4961583614349365,3.514087012035714,3.436394976876506,3.4961583614349365,6063200
1998-10-27,3.4961573381860185,3.5379913303662724,3.4423699430590755,3.5200626850128174,7978400
1998-10-28,3.5200630786787244,3.561897075537479,3.4423703280362212,3.5499444007873535,8836000
1998-10-29,3.585801805768694,3.9802400044032504,3.585801805768694,3.932429313659668,20413600
1998-10-30,4.016099153563033,4.195389294347097,4.004146477510763,4.111720561981201,14140800
1998-11-02,4.111719403948102,4.273080849974316,4.075861385890415,4.267104148864746,7996800
1998-11-03,4.219293458121164,4.362725530351911,4.165506795801256,4.350772857666016,6528000
1998-11-04,4.386632416206834,4.4882305344824625,4.362727062440039,4.392609119415283,10311200
1998-11-05,4.207341666151195,4.571898624149744,4.135625615023618,4.4404191970825195,25627200
1998-11-06,4.488229900731221,4.757164727866523,4.476277225535576,4.7511887550354,14715200
1998-11-09,4.733259044816165,4.733259044816165,4.59580365449348,4.703377723693848,7512000
1998-11-10,4.709355033972324,4.7631424486194955,4.643615671107508,4.661544322967529,7771200
1998-11-11,4.637639094342661,4.6436157981485495,4.422490888935012,4.476278305053711,4555200
1998-11-12,4.488230073477261,4.488230073477261,4.326868587358771,4.386631965637207,4068800
1998-11-13,4.362726534857258,4.362726534857258,4.302963157667433,4.332845211029053,5415200
1998-11-16,4.350771991064178,4.416512042508895,4.147576595877115,4.225269317626953,7892000
1998-11-17,4.225270159230734,4.386630875723703,4.1894121411730465,4.350772857666016,10705600
1998-11-18,4.446396234467274,4.649591761311209,4.374680166169415,4.5539703369140625,8120000
1998-11-19,4.631664471601699,4.6555698347337495,4.574889234163079,4.643617153167725,6363200
1998-11-20,4.7093572318553925,4.840836748480797,4.5838544216617265,4.58983039855957,14231200
1998-11-23,4.5898281249999995,4.5898281249999995,4.434443318684895,4.4822540283203125,10240000
1998-11-24,4.482253525623182,4.57787493416981,4.446395497418197,4.488230228424072,2395200
1998-11-25,4.476277857599065,4.50018321136586,4.207342262955874,4.392609119415283,7445600
1998-11-27,4.398583278861097,4.446393966674805,4.338819919093963,4.446393966674805,1281600
1998-11-30,4.398584381695269,4.398584381695269,4.2910103071429395,4.314915657043457,3407200
1998-12-01,4.207341628850764,4.362726404916275,4.207341628850764,4.296987056732178,4432000
1998-12-02,4.291013315320015,4.58983039855957,4.285037338422171,4.58983039855957,6102400
1998-12-03,4.49420583964697,4.506158514752414,4.374679088592529,4.374679088592529,7216800
1998-12-04,4.446395797525498,4.595804623230605,4.440419823854714,4.470301151275635,8753600
1998-12-07,4.530063933873467,4.733259413756973,4.524087960996535,4.583851337432861,7368000
1998-12-08,4.547992768547235,4.727282876449229,4.52408742082697,4.6077561378479,5416000
1998-12-09,4.446395383329372,4.542016789422476,4.111720462003505,4.141602516174316,33112800
1998-12-10,4.422490139340245,4.488230222394461,4.016099153563033,4.111720561981201,29911200
1998-12-11,4.183438272107372,4.356752508147261,4.159532910552473,4.326870441436768,14297600
1998-12-14,4.302963378817536,4.326868730922078,3.9742651521468106,4.111720561981201,10848000
1998-12-15,4.099767935000862,4.189413371232624,4.075862582610186,4.093791961669922,6613600
1998-12-16,4.117695612628281,4.243198296054874,4.111718912233456,4.189411640167236,4785600
1998-12-17,4.171483766434065,4.20734179307963,4.099767713142935,4.165507793426514,7437600
1998-12-18,4.111720462003505,4.207341868096609,4.111720462003505,4.141602516174316,8583200
1998-12-21,4.117696105057673,4.291009494236537,4.105743432371777,4.267104148864746,7389600
1998-12-22,4.2551543862479075,4.338823152269636,4.177462325423175,4.183438301086426,5060000
1998-12-23,4.201364881306941,4.296986264329195,4.183435507223639,4.243198871612549,3352000
1998-12-24,4.231246130807059,4.302962166922433,4.231246130807059,4.267104148864746,1203200
1998-12-28,4.207341997810964,4.344798138074356,4.20136602451262,4.255152702331543,3850400
1998-12-29,4.267103112556717,4.2910084521228615,4.207339763641357,4.207339763641357,3020000
1998-12-30,4.2312477978551755,4.386632603991099,4.219295120460104,4.261129856109619,4600000
1998-12-31,4.261128363755129,4.410536414100289,4.111719583876693,4.117696285247803,5648800
1999-01-04,4.183436403287782,4.3866318857331885,4.183436403287782,4.332845211029053,8197600
1999-01-05,4.3567503434313,4.506158414146937,4.344797668592714,4.4045610427856445,3544000
1999-01-06,4.530066981911659,4.637641131877899,4.518114298582077,4.58983039855957,9819200
1999-01-07,4.565921699803095,4.595803751086812,4.500182354232297,4.512135028839111,16314400
1999-01-08,4.518110275268555,4.53006294795445,4.314914839608329,4.350772857666016,6981600
1999-01-11,4.291010463512419,4.470300594299846,4.2790577881265905,4.416513919830322,5336800
1999-01-12,4.350773681894234,4.4344424065460455,4.267104957242421,4.314915657043457,4710400
1999-01-13,4.207342715214873,4.302964140560665,4.087815933532632,4.105745315551758,14664000
1999-01-14,4.105742517320595,4.2491745575844915,4.063907807477083,4.081837177276611,7566400
1999-01-15,4.135625964965317,4.332845487020855,4.123673288765995,4.320892810821533,7883200
1999-01-19,4.374678838692036,4.374678838692036,4.1535547266395785,4.21929407119751,2730400
1999-01-20,4.195389117531108,4.231247144176673,4.123673064239978,4.165507793426514,5700800
1999-01-21,4.171483847011918,4.183436522791322,3.926454358300857,3.986217737197876,7722400
1999-01-22,4.057931756119491,4.302961121905934,4.034026416553347,4.207339763641357,9796000
1999-01-25,4.1953897021409405,4.201366405514739,4.099768284428326,4.135626316070557,6718400
1999-01-26,4.1117208322849175,4.135626185960993,3.771069907167596,3.950360059738159,23600800
1999-01-27,4.016097127389117,4.117695187342586,4.016097127389117,4.081837177276611,11113600
1999-01-28,4.0818392632111715,4.332845461944212,4.0818392632111715,4.255152702331543,10466400
1999-01-29,4.261128380790969,4.3208917470746195,4.2491757075342385,4.279057025909424,6196000
1999-02-01,4.279060351221185,4.60178277994457,4.279060351221185,4.542019367218018,10325600
1999-02-02,4.470300600883808,4.536040680369394,4.458347925480376,4.494205951690674,11712800
1999-02-03,4.4942047260800475,4.506157398223877,4.464323410487078,4.506157398223877,7556000
1999-02-04,4.45835015696028,4.45835015696028,4.39261077410443,4.398586750030518,5339200
1999-02-05,4.39261055047961,4.398586526101465,4.2850364234825635,4.326870441436768,7929600
1999-02-08,4.279058054591832,4.320892785814067,4.243200026201398,4.255152702331543,4517600
1999-02-09,4.249179540688818,4.2551555179414295,4.016101837158203,4.016101837158203,4452800
1999-02-10,4.016098359051873,4.081838429100625,3.9742643659117354,4.06390905380249,7659200
1999-02-11,4.0698866106035725,4.195389345928728,4.0698866106035725,4.171483993530273,3926400
1999-02-12,4.159531733484749,4.308940565689904,4.069887017788481,4.261129856109619,4804800
1999-02-16,4.261131692170142,4.542019367218018,4.261131692170142,4.542019367218018,7449600
1999-02-17,4.494206957404228,4.512136339288319,4.410538210856809,4.476278305053711,9936000
1999-02-18,4.494205652162209,4.542016350589466,4.482252977555395,4.512135028839111,9178400
1999-02-19,4.577874679514702,4.613732705725,4.494205951690674,4.494205951690674,14034400
1999-02-22,4.494206542251097,4.697402050810322,4.494206542251097,4.679473400115967,16460800
1999-02-23,4.655568046167823,4.733260081732538,4.637638665939961,4.679473400115967,8416000
1999-02-24,4.667520911371237,4.697402240244702,4.422490658754554,4.547994136810303,8765600
1999-02-25,4.524089648751509,4.625687061828448,4.524089648751509,4.571900367736816,9060000
1999-02-26,4.589828078134586,4.721307528289483,4.589828078134586,4.715331554412842,12141600
1999-03-01,4.709355365768997,4.834858855765684,4.697402687175674,4.775095462799072,9242400
1999-03-02,4.727283685846507,5.00219523169944,4.727283685846507,4.966337203979492,12898400
1999-03-03,4.942432337639583,4.966337691801,4.8109528897517935,4.816928863525391,16857600
1999-03-04,4.864742357730866,4.870719064460646,4.781073570251465,4.781073570251465,13155200
1999-03-05,4.804976055817497,4.936455500130911,4.804976055817497,4.930479526519775,8576000
1999-03-08,4.906574123375796,5.0201241866402,4.882668770106081,4.948408126831055,4676800
1999-03-09,4.912552921759628,5.0559851238548,4.912552921759628,5.014151096343994,6381600
1999-03-10,4.948408422278516,5.014148512462024,4.942432448371031,5.002195835113525,2359200
1999-03-11,5.0619585921688435,5.199413999810919,5.050005916307209,5.127697944641113,6697600
1999-03-12,5.1157463116733535,5.145628372185903,5.020124885286935,5.026101589202881,4648800
1999-03-15,5.020122859981386,5.205389663628298,5.020122859981386,5.151602268218994,4201600
1999-03-16,5.145628399835307,5.187462409337361,5.121723043110251,5.163557052612305,2812800
1999-03-17,5.187461577054315,5.229296309377942,5.121722221374512,5.121722221374512,6048000
1999-03-18,5.115745268779479,5.187461323949284,5.0679345653329415,5.127697944641113,8805600
1999-03-19,5.17550864808765,5.211366675672553,5.127697944641113,5.127697944641113,7756000
1999-03-22,5.0918399683341455,5.196426247943412,5.085863995109865,5.1874613761901855,2940800
1999-03-23,5.127699110924291,5.187462503825506,5.008172325121859,5.061959743499756,4888800
1999-03-24,5.067935598480145,5.079888276778447,4.9962195286903315,5.026101589202881,2489600
1999-03-25,5.061959093010145,5.061959093010145,5.014148384833112,5.044029712677002,4916800
1999-03-26,5.020125191080826,5.044030549133592,5.008172512054443,5.008172512054443,2484000
1999-03-29,4.966337506550084,4.996218833370485,4.942432153280369,4.948408126831055,4996000
1999-03-30,4.943196596985125,4.991014698384515,4.943196596985125,4.979060173034668,3477600
1999-03-31,5.026877659916245,5.1464228988007426,5.0029686121393455,5.0328545570373535,5542400
1999-04-01,5.008945294466064,5.104581481472575,4.985036247714436,5.044808864593506,8440800
1999-04-05,5.0209020068444,5.12251586466332,5.014925107373798,5.0866522789001465,7556000
1999-04-06,5.068717984869928,5.068717984869928,4.823650616933993,4.829627513885498,8712800
1999-04-07,4.811696829596246,4.889400879732152,4.751924202704655,4.847560405731201,6340000
1999-04-08,4.590536683363551,4.596514309493092,4.273742198944092,4.273742198944092,37804000
1999-04-09,4.351447178380155,4.674219359194068,4.351447178380155,4.530765056610107,14400800
1999-04-12,4.53076369403511,4.542718215655255,4.429150625086921,4.447082042694092,12843200
1999-04-13,4.435130307207937,4.441107936596183,4.387312190688175,4.399266719818115,19121600
1999-04-14,4.351446973205889,4.614446515542509,4.339492448554225,4.548696994781494,11712800
1999-04-15,4.530765261706429,4.662265045027723,4.494901684436985,4.656288146972656,10268000
1999-04-16,4.632378157243197,4.787786960601807,4.632378157243197,4.787786960601807,10644800
1999-04-19,4.835605705453084,4.919287380074615,4.835605705453084,4.883423805236816,9004800
1999-04-20,4.87744644834198,5.188264114167695,4.871469550360809,5.182287216186523,10848000
1999-04-21,5.176310282062602,5.218151492121891,5.0746971655982165,5.164355754852295,11850400
1999-04-22,5.122513122462939,5.152399063110352,5.044808363416632,5.152399063110352,5704000
1999-04-23,5.176308107486734,5.218149299968467,5.152399063110352,5.152399063110352,12952000
1999-04-26,5.164352732691272,5.248034374193214,5.1284891720475825,5.200216293334961,3506400
1999-04-27,5.20021824666272,5.242059447953262,5.110559676198573,5.230104923248291,18260000
1999-04-28,5.236081519261523,5.4034448554936265,5.200217947211787,5.325740814208984,6328800
1999-04-29,5.4034449438147325,5.4034449438147325,5.283899701694937,5.37355899810791,5450400
1999-04-30,5.367580890655518,5.433331132758356,5.265967808773552,5.367580890655518,3068000
1999-05-03,5.355627524050938,5.511036358454202,5.355627524050938,5.493104934692383,8764000
1999-05-04,5.618625779111846,5.791966726482001,5.54092174486211,5.690352916717529,9639200
1999-05-05,5.8338078585538,5.947376204229923,5.690353566950018,5.785989761352539,9644000
1999-05-06,5.881626823474304,5.887604451329473,5.564832247602225,5.582763671875,6863200
1999-05-07,5.600695214657748,5.75012640932859,5.594717587454845,5.64253568649292,7960800
1999-05-10,5.630582809448242,5.702309978995354,5.606673752932539,5.630582809448242,8779200
1999-05-11,5.6186254070730275,5.768057298679948,5.582761840644902,5.744148254394531,8098400
1999-05-12,5.738171664151278,5.8338078585538,5.648513096722044,5.785989761352539,5289600
1999-05-13,5.785990333157265,5.797944858638996,5.690354129303427,5.702308654785156,5699200
1999-05-14,5.582762273638529,5.606671319778309,5.469194669297668,5.4751715660095215,5898400
1999-05-17,5.469196460754002,5.499082413394894,5.355628089567201,5.403446197509766,9071200
1999-05-18,5.397468901915393,5.499082008997599,5.271946012973785,5.451263904571533,8064800
1999-05-19,5.487126321533776,5.750125840212956,5.487126321533776,5.726216793060303,9416800
1999-05-20,5.881627596341647,6.383717757004958,5.869673068706806,6.371763229370117,15860000
1999-05-21,6.264169201018318,6.264169201018318,5.881624516986665,6.025078773498535,16188800
1999-05-24,6.025079886677006,6.04898893384636,5.702307749890738,5.732194423675537,12136000
1999-05-25,5.738171664151278,5.88162595575506,5.654489994049072,5.785989761352539,7906400
1999-05-26,5.803922135569569,5.809899033126185,5.576786165138709,5.64253568649292,6232000
1999-05-27,5.642537337706094,5.690355450737502,5.594719224674687,5.630582809448242,4520800
1999-05-28,5.690355118772247,5.78001444029882,5.558855315607342,5.57678747177124,5467200
1999-06-01,5.481150996061268,5.61862769178165,5.415400732717207,5.558855056762695,5352000
1999-06-02,5.582761640637375,6.072897030928878,5.576784744603212,5.995193004608154,11141600
1999-06-03,6.072899892926216,6.18646863238132,6.0549684667270185,6.120718002319336,10276000
1999-06-04,6.096809772669283,6.306014759221145,6.090832873009545,6.294060230255127,9160000
1999-06-07,6.311988451204248,6.551078922840772,6.252215833295116,6.491306304931641,11044000
1999-06-08,6.479354995859523,6.51521858439749,6.306015047572588,6.3299241065979,6553600
1999-06-09,6.407625595951103,6.449467164376958,6.156580563273914,6.162558555603027,7104000
1999-06-10,6.3358964920043945,6.443487187151639,6.264169361906232,6.3358964920043945,11698400
1999-06-11,6.4016468284290085,6.682577346815431,6.389692307236136,6.670622825622559,9987200
1999-06-14,6.622807542197138,6.6945346996938575,6.551080384700418,6.646716594696045,10437600
1999-06-15,6.640739917755127,6.694534555069143,6.616830865772737,6.640739917755127,6748800
1999-06-16,6.640740345666668,6.664649399189693,6.479353504739838,6.527171611785889,8080000
1999-06-17,6.443487381846488,6.503259992067699,6.38969276229352,6.431532859802246,5848800
1999-06-18,6.455444959836585,6.503263070650189,6.306014093190538,6.39567232131958,8844000
1999-06-21,6.395672996819738,6.419582054751775,6.276127707159556,6.294060230255127,4631200
1999-06-22,6.31199002820392,6.395671714183896,6.060944970263991,6.1685357093811035,9371200
1999-06-23,6.168536335574729,6.168536335574729,6.060945585535635,6.114741325378418,5632800
1999-06-24,6.114739415251663,6.114739415251663,5.983239650726318,5.983239650726318,4458400
1999-06-25,5.959329972492658,6.048988528547252,5.780012130737305,5.780012130737305,6177600
1999-06-28,5.881625917031996,6.072898304577752,5.869671392810386,6.031057834625244,8649600
1999-06-29,6.054966922932759,6.19842157935967,6.054966922932759,6.1804890632629395,5980800
1999-06-30,6.132672075739878,6.132672075739878,5.989217758178711,5.989217758178711,6258400
1999-07-01,6.037035086316495,6.037035086316495,5.762081013078317,5.8218536376953125,8378400
1999-07-02,5.833807561493225,5.929443751025902,5.821853037801641,5.887603282928467,6248000
1999-07-06,5.905533933639527,6.037033677101135,5.869670367240906,5.977261066436768,4978400
1999-07-07,5.989215740750963,5.989215740750963,5.791966485369663,5.81587553024292,3370400
1999-07-08,5.791967477925708,5.911512722778187,5.791967477925708,5.839785575866699,2699200
1999-07-09,5.83978404687742,5.905533549508421,5.774033814600339,5.791965961456299,4526400
1999-07-12,5.79794383683589,5.8338074069606485,5.5170129023483865,5.5528764724731445,6177600
1999-07-13,5.5289684564255985,5.672422763667175,5.451263675179909,5.600695610046387,6127200
1999-07-14,5.612650937520486,5.612650937520486,5.27194654432267,5.349651336669922,11119200
1999-07-15,5.415398021027517,5.863692924015076,5.409421125341686,5.827829360961914,11784000
1999-07-16,5.780011326193236,5.893578912007261,5.774033700810359,5.851738452911377,6703200
1999-07-19,5.86369572272047,5.887604776167554,5.636559714973176,5.774036407470703,5641600
1999-07-20,5.6544910172026555,6.084853969886156,5.6544910172026555,5.989217758178711,10695200
1999-07-21,5.995195230214702,6.096808337686288,5.750127079268832,5.899559020996094,6060800
1999-07-22,5.893579411506653,6.037033677101135,5.893579411506653,5.977261066436768,5049600
1999-07-23,5.989214581179332,6.0728962220341325,5.917487460446645,5.953351020812988,2715200
1999-07-26,5.94139947493871,6.377740407472932,5.935422576708636,6.311989784240723,8563200
1999-07-27,6.276126328636618,6.276126328636618,6.078877008845516,6.096808433532715,4441600
1999-07-28,6.114740741470807,6.216353853092386,6.072899533405638,6.12669563293457,3488800
1999-07-29,6.120716980856616,6.168535082269559,5.869671948438669,5.947376728057861,3361600
1999-07-30,5.965306739338109,6.043011500565388,5.833806991577148,5.833806991577148,3604000
1999-08-02,5.833806448271781,6.054965459187092,5.833806448271781,5.917488098144531,3470400
1999-08-03,5.738172076397906,5.738172076397906,5.463217997737174,5.481150150299072,15193600
1999-08-04,5.457240310985327,5.49908077817004,5.28389935641556,5.313786029815674,15730400
1999-08-05,5.642536529720634,6.048990432285256,5.528968892356659,6.019104480743408,13562400
1999-08-06,6.001169748017283,6.037033312248462,5.833806448271781,5.917488098144531,7784000
1999-08-09,5.917490728153205,5.917490728153205,5.69035472040591,5.774036407470703,4688000
1999-08-10,5.7680578460674905,5.7680578460674905,5.415399044567274,5.528967380523682,9110400
1999-08-11,5.528968768991858,5.618627351263295,5.4154004045154736,5.499082088470459,8080000
1999-08-12,5.511036819552783,5.857718094535496,5.511036819552783,5.774036407470703,8764000
1999-08-13,5.833808954456927,6.060944958831275,5.780013949823043,6.019104480743408,5465600
1999-08-16,6.019104992394713,6.096809056725832,6.001172836228172,6.037036418914795,7536800
1999-08-17,6.025079817283811,6.108761481412753,6.0191029203834185,6.072897911071777,7013600
1999-08-18,6.072897911071777,6.132670528306736,6.001170770389828,6.072897911071777,4425600
1999-08-19,6.048990390495864,6.048990390495864,5.929445125861559,5.989217758178711,5149600
1999-08-20,5.9951932144591416,6.007147736592015,5.911511559529027,5.977261066436768,5345600
1999-08-23,5.9772637811037574,6.084854529163625,5.9772637811037574,6.037036418914795,4031200
1999-08-24,6.013126654620005,6.037035706924658,5.899559020996094,5.899559020996094,2384000
1999-08-25,5.9234660816619,6.048988199234009,5.911511559529027,5.977261066436768,6424000
1999-08-26,6.00117093841763,6.00117093841763,5.905534748163962,5.91151237487793,2348000
1999-08-27,5.905533576734139,5.995192852135127,5.905533576734139,5.917488098144531,2753600
1999-08-30,5.893579416355324,5.92944298278345,5.726216106357405,5.744148254394531,3537600
1999-08-31,5.732193873186519,5.875648142426064,5.732193873186519,5.81587553024292,3931200
1999-09-01,5.911512592409147,6.072898304577752,5.875649019744317,6.031057834625244,5355200
1999-09-02,6.0250775543880275,6.031055178689553,5.935419027032601,6.013123035430908,4471200
1999-09-03,6.048991057753514,6.138650745765896,6.048991057753514,6.114741325378418,6020000
1999-09-07,6.048990838229656,6.132672529667616,6.025081783533096,6.120718002319336,2349600
1999-09-08,6.120716004859744,6.15657957520072,6.037034340730803,6.072897911071777,4163200
1999-09-09,6.0131257267556,6.025080251063265,5.815876440502254,5.92346715927124,5456800
1999-09-10,5.941397771022424,5.989215861734878,5.738170885494494,5.750125408172607,5199200
1999-09-13,5.833808602939304,5.845763128764999,5.768059075721156,5.803922653198242,6579200
1999-09-14,5.797944243007451,5.947376160485408,5.797944243007451,5.893580436706543,14480800
1999-09-15,5.989216410679373,6.048989029548429,5.8696711729412625,5.905534744262695,5549600
1999-09-16,5.97128617791005,6.0250811807723315,5.857717814639766,5.899559020996094,9317600
1999-09-17,5.929442424789512,5.965305987842674,5.8039203189264725,5.827829360961914,8267200
1999-09-20,5.780012412319436,5.8039214590515815,5.463217178295398,5.54689884185791,13934400
1999-09-21,5.546900529758905,5.5648326850878025,5.301833091004406,5.558855056762695,8744800
1999-09-22,5.558853715658188,5.762080625693003,5.552876818421464,5.738171577453613,9200800
1999-09-23,5.73817196323152,5.947376514214151,5.73817196323152,5.8218536376953125,6416800
1999-09-24,5.797945408739595,5.815877563486732,5.534945823188521,5.5947184562683105,4525600
1999-09-27,5.594717888113132,5.750126718338496,5.594717888113132,5.684377193450928,5522400
1999-09-28,5.654491573219397,5.851741644085166,5.558855352107864,5.756105422973633,10420800
1999-09-29,5.780012864025511,5.92944405295632,5.750126188451593,5.785989761352539,7727200
1999-09-30,5.726217837354563,5.726217837354563,4.59651551819025,4.656288146972656,44358400
1999-10-01,4.656288410174817,4.733992467161085,3.9868349299702186,4.375356674194336,56380800
1999-10-04,4.255810331310746,4.279719378115863,4.004765339857022,4.040628910064697,30089600
1999-10-05,4.016721143722322,4.148220943070373,3.765676072239676,4.106380462646484,37184800
1999-10-06,4.112356185913086,4.231901423875676,4.0167199955430135,4.112356185913086,18813600
1999-10-07,4.160174239985401,4.279719476766591,4.016719955847973,4.094424724578857,20707200
1999-10-08,4.118333677004428,4.160174144090281,3.9987884429788454,4.040628910064697,7894400
1999-10-11,4.088446968914109,4.178106258494096,4.082470072086749,4.148219585418701,5782400
1999-10-12,4.1721274403453235,4.178105065111506,3.897173482958669,3.933037042617798,9325600
1999-10-13,3.8971742395299986,3.909128761737146,3.7955611655923125,3.8374016284942627,12376800
1999-10-14,3.873266534244313,4.130289215383099,3.873266534244313,4.064538955688477,9828800
1999-10-15,4.08247050267447,4.184083596626549,3.921084056267166,4.130288600921631,8841600
1999-10-18,4.130287370210611,4.4470818118789595,4.0346512022132135,4.225923538208008,10751200
1999-10-19,4.291671305894852,4.357421509665983,4.172126144170761,4.207989692687988,6476800
1999-10-20,4.237878438021746,4.447082209393261,4.237878438021746,4.411218643188477,8013600
1999-10-21,4.435128977823499,4.6084699630737305,4.423174452276805,4.6084699630737305,9898400
1999-10-22,4.757901963112774,4.805720073294812,4.459038774475037,4.644334316253662,11749600
1999-10-25,4.620424138875998,4.757900807433473,4.608469614234205,4.680196762084961,5340800
1999-10-26,4.680196541809427,4.787787258521756,4.66824201773028,4.686173439025879,7047200
1999-10-27,4.757900627736513,4.775832778845078,4.704105633703321,4.710082530975342,5039200
1999-10-28,4.710083817725051,4.8296290922866,4.710083817725051,4.775834083557129,9643200
1999-10-29,4.733992664268509,5.134469681245746,4.728015765626733,4.943197250366211,6285600
1999-11-01,5.0687175586290145,5.254013022883104,4.973081378277524,4.991013526916504,9892000
1999-11-02,5.24803526832639,5.349649072285617,5.140444568064574,5.289876461029053,24812000
1999-11-03,5.265969179589718,5.265969179589718,5.020901026565136,5.062742233276367,16022400
1999-11-04,5.044808727044326,5.1165358653435336,4.919286599843802,4.973081588745117,10320800
1999-11-05,5.020901205607541,5.074696940490824,5.014924307090734,5.026878833770752,5796800
1999-11-08,5.044811297745512,5.283901880577052,5.026879868856423,5.254015922546387,10465600
1999-11-09,5.254013485873667,5.254013485873667,5.032854434498943,5.098604679107666,6244000
1999-11-10,5.068720121195299,5.200219935660272,5.050788693136972,5.0866522789001465,6501600
1999-11-11,5.0866502832429035,5.146422902730798,4.996990989187945,5.038832187652588,7606400
1999-11-12,5.0149225404319635,5.128490139061297,5.00296801796329,5.092626571655273,4832800
1999-11-15,5.092626805509636,5.254013231070707,5.092626805509636,5.218149662017822,6517600
1999-11-16,5.236082121290218,5.319763799027733,5.230105223417844,5.2659687995910645,7211200
1999-11-17,5.295856138555015,5.469197167055582,5.265970182054599,5.3914923667907715,10895200
1999-11-18,5.355627923949152,5.5947184562683105,5.289878392384583,5.5947184562683105,14350400
1999-11-19,5.499081047626257,5.511035571642836,5.295854139344417,5.325740814208984,6948000
1999-11-22,5.331718321280046,5.361604999563298,5.20021854205565,5.25999116897583,5176800
1999-11-23,5.355626759427311,5.475171999593099,5.2540136701095115,5.325740814208984,5582400
1999-11-24,5.188264394117307,5.21217344662476,5.062742233276367,5.062742233276367,6660000
1999-11-26,5.062740346766145,5.062740346766145,4.9551496505737305,4.9551496505737305,2566400
1999-11-29,4.949173197838582,4.949173197838582,4.811696529388428,4.811696529388428,6400000
1999-11-30,4.811697029116255,4.9969918153403885,4.757901297859988,4.967105865478516,8896000
1999-12-01,4.913309111452065,5.128490532391572,4.913309111452065,5.05078649520874,6919200
1999-12-02,5.026877293735771,5.259990127756431,5.014922770718142,5.218149662017822,5880800
1999-12-03,5.224127429516571,5.391490779661267,5.140445754444223,5.170332431793213,6028800
1999-12-06,5.152400279454559,5.206196006824219,5.0926276544028815,5.170332431793213,3196800
1999-12-07,5.1703348546873045,5.176311755170183,4.937221142922138,5.014925956726074,5707200
1999-12-08,4.996992152247505,5.074696940490824,4.9551516736906445,5.026878833770752,4776000
1999-12-09,5.116536079066814,5.158377276312196,4.79974156983555,4.829627513885498,4570400
1999-12-10,4.8415837669824695,4.955152146092949,4.728016117518463,4.8714704513549805,5748000
1999-12-13,4.865492004660231,4.8894010562801835,4.680197219428779,4.805719375610352,4732800
1999-12-14,4.853536358246436,4.979059215093142,4.811695892394989,4.973081588745117,5968800
1999-12-15,4.931241976885541,5.056764125823975,4.8057190983007985,5.056764125823975,4660000
1999-12-16,4.961128894565174,5.038833687857493,4.9192884132896575,4.925265312194824,9250400
1999-12-17,4.949174740044354,4.979061425761595,4.829629456468403,4.853538513183594,8908800
1999-12-20,4.835603280079956,4.835603280079956,4.692149052680491,4.745944023132324,7089600
1999-12-21,4.722034985232413,4.781807579982191,4.722034985232413,4.745944023132324,3832000
1999-12-22,4.739969848478658,4.9192877356282985,4.716060796858707,4.805719375610352,6478400
1999-12-23,4.87146911293041,4.901355059445356,4.841582436769193,4.8729634284973145,4181600
1999-12-27,4.889399415855312,4.9910132159712015,4.883422519778787,4.9551496505737305,5304800
1999-12-28,4.943197250366211,4.967106304226153,4.919288196506269,4.943197250366211,5236800
1999-12-29,4.931240914196822,5.00296804946044,4.925263288101778,4.991013526916504,3588800
1999-12-30,4.973083174520923,5.122515125116994,4.967106275913215,5.074697017669678,2928000
1999-12-31,5.068719168270335,5.110560375284438,5.062742269923397,5.080673694610596,1234400
2000-01-03,5.080672613410062,5.170331906705118,5.0627411925387875,5.140445232391357,3431200
2000-01-04,5.104582970001044,5.188264658033847,5.062742490807849,5.074697017669678,5997600
2000-01-05,5.080673657833769,5.1822874958136325,5.032855552818862,5.062742233276367,10562400
2000-01-06,5.068717591583321,5.307808044016497,5.056763068961662,5.248035430908203,15300000
2000-01-07,5.499080856333766,5.881625611556984,5.439308238330138,5.863694190979004,16160800
2000-01-10,5.911511119246058,5.917488015044279,5.72023877936584,5.762079238891602,9336000
2000-01-11,5.642536613511743,5.86369572272047,5.612650661526092,5.774036407470703,9988000
2000-01-12,5.726216535978947,5.833807243335546,5.690352966860081,5.720239639282227,6378400
2000-01-13,5.750127079268832,5.923468073300746,5.720241128711203,5.899559020996094,6981600
2000-01-14,5.929444009343702,6.007148781547341,5.881625912494156,5.893580436706543,9292800
2000-01-18,5.762080934088109,5.8338080826452225,5.5708085379358065,5.64253568649292,5514400
2000-01-19,5.594716733243285,5.78001220354772,5.594716733243285,5.690352916717529,7730400
2000-01-20,5.690352721292465,5.833806991577148,5.594716541102676,5.833806991577148,8457600
2000-01-21,5.833808719218416,5.833808719218416,5.522991041555139,5.582763671875,12880800
2000-01-24,5.487125440819992,5.55287567475962,5.218149068347943,5.277921676635742,9503200
2000-01-25,5.307807615956593,5.373557849896221,5.218149068347943,5.277921676635742,8416000
2000-01-26,5.212173070508071,5.3855140535018,5.212173070508071,5.2659687995910645,8797600
2000-01-27,5.265968895447292,5.289877946664656,5.152400537341651,5.182287216186523,9053600
2000-01-28,4.996990985372004,5.22412693925255,4.996990985372004,5.0328545570373535,12754400
2000-01-31,5.032855806485662,5.283900870467132,5.0268789078807385,5.068719387054443,4790400
2000-02-01,5.116537469171467,5.301832999350181,5.080673888780079,5.2061967849731445,3984000
2000-02-02,5.248036550995487,5.403445378245923,5.248036550995487,5.343672752380371,6660000
2000-02-03,5.295854091644287,5.355626711188805,5.265968146695146,5.295854091644287,13720800
2000-02-04,5.319764545835587,5.433332917817089,5.319764545835587,5.4273552894592285,7199200
2000-02-07,5.355628099902285,5.594718640076494,5.337696674212431,5.56483268737793,11616800
2000-02-08,5.355627536773682,5.463218268539224,5.331718485270228,5.355627536773682,8325600
2000-02-09,5.403445032965701,5.421377184402657,5.140445495962945,5.158377647399902,7526400
2000-02-10,5.534945487976074,5.78001363358437,5.457241434501531,5.534945487976074,20888000
2000-02-11,5.463218268539224,5.654490680566855,5.343673011021955,5.355627536773682,18896000
2000-02-14,5.415401968065199,5.499083676180997,5.391492908603542,5.4393110275268555,7276000
2000-02-15,5.5827619532534944,5.875648116480657,5.570807430869654,5.678398132324219,16885600
2000-02-16,5.708285384169572,5.977261800362789,5.672421813367395,5.863694190979004,16412800
2000-02-17,5.929441402731075,6.186464289955068,5.917486883773956,6.013123035430908,12419200
2000-02-18,5.941399368302611,5.977262945978482,5.47517285851629,5.534945487976074,15170400
2000-02-22,5.546899449937716,5.7023082707333845,5.517013503069382,5.624604225158691,5828800
2000-02-23,5.5708077505686395,5.594716796708419,5.439307996799852,5.4751715660095215,9806400
2000-02-24,5.415399321467746,5.427353845356196,4.967105040473996,5.0328545570373535,13012000
2000-02-25,5.032854552385284,5.0567636001400835,4.835605273231304,4.901354789733887,9658400
2000-02-28,4.877445058537012,5.014922428686488,4.829626969727825,4.919286251068115,8533600
2000-02-29,4.8953804963046395,4.967107677718285,4.877448336127918,4.889402866363525,7711200
2000-03-01,4.889399708544908,5.295853474047418,4.763877586962796,5.22412633895874,12564800
2000-03-02,5.236082683290754,5.259991736639114,4.973083096458798,5.020901203155518,7538400
2000-03-03,5.014924356219072,5.289878472553052,4.979060775827683,5.2061967849731445,3794400
2000-03-06,5.194242204754326,5.194242204754326,4.996992149807158,5.020901203155518,4090400
2000-03-07,4.925263920608832,4.937218444687979,4.674218914946731,4.686173439025879,8610400
2000-03-08,4.6742194018026035,4.7280151305851295,4.435128895316537,4.55467414855957,10363200
2000-03-09,4.5546755292622345,4.745947992433352,4.506857413469455,4.692152976989746,6700000
2000-03-10,4.686173525723544,4.877445914528586,4.64433305549557,4.8654913902282715,6710400
2000-03-13,4.686173147428847,4.829627427452179,4.686173147428847,4.787786960601807,6282400
2000-03-14,4.76985481077579,4.823650530607639,4.692150773919585,4.787786960601807,3949600
2000-03-15,4.751922940235963,4.949172191750792,4.733990792109453,4.919286251068115,12876000
2000-03-16,4.841583015249787,5.086651162326351,4.757901333504729,4.985037326812744,11164000
2000-03-17,5.068719905456099,5.164356130087347,4.8953796131352085,4.937220096588135,9671200
2000-03-20,4.961128645348099,5.104582967623225,4.943197219886915,5.068719387054443,5468800
2000-03-21,5.068719537169845,5.200219336483214,5.068719537169845,5.164355754852295,4168800
2000-03-22,5.1404462891024005,5.254014653335991,4.97308292155023,5.062742233276367,5897600
2000-03-23,5.020899456207485,5.22412633895874,4.996990411177926,5.22412633895874,6003200
2000-03-24,5.218150843055839,5.50505946041571,5.206196317332511,5.493104934692383,8687200
2000-03-27,5.433331305916448,5.439308202854721,5.29585392058163,5.331717491149902,4664800
2000-03-28,5.259990519917577,5.373558861875278,5.254013622786242,5.295854091644287,3800800
2000-03-29,5.301831766175827,5.349649862242142,5.2121724712283655,5.325740814208984,3594400
2000-03-30,5.322629218538776,5.537926580187535,5.316649101290424,5.478121757507324,5237600
2000-03-31,5.478123930765148,5.711363196767321,5.400377995457509,5.705382347106934,7032800
2000-04-03,5.681460320420414,5.980484547810962,5.6754802008924115,5.938621520996094,7430400
2000-04-04,5.9326399187001675,5.9326399187001675,5.525967021047333,5.813030242919922,8253600
2000-04-05,5.735283748250095,5.830971479357171,5.651556983531403,5.7412638664245605,5006400
2000-04-06,5.735284541725293,5.9326401494180105,5.705381756597562,5.902738094329834,5516000
2000-04-07,5.890776547012955,5.914698480746938,5.765186029889806,5.908717632293701,5463200
2000-04-10,5.992445608874356,6.147938209503831,5.9864654892545754,6.11205530166626,7511200
2000-04-11,6.028329818614263,6.261569499969482,5.938622894666683,6.261569499969482,10399200
2000-04-12,6.219701714278584,6.59049162416827,6.195779784608282,6.4948039054870605,10133600
2000-04-13,6.524710739142313,6.560593653949478,6.058232481629305,6.35127592086792,13784000
2000-04-14,6.291468491974713,6.291468491974713,5.920678523816507,6.118034839630127,5155200
2000-04-17,6.064212832731359,6.177842797309516,5.908720195994658,6.100095748901367,5120800
2000-04-18,6.028328625453001,6.237646321654205,5.974504627745563,6.207743167877197,4708000
2000-04-19,6.0761717665022825,6.2914691912996075,6.064210798457987,6.1898016929626465,5062400
2000-04-20,6.070191716858843,6.536669840936207,6.070191716858843,6.42303991317749,9542400
2000-04-24,6.458924697183802,6.674222187089929,6.45294494139285,6.644320487976074,5580000
2000-04-25,6.638336509138673,6.638336509138673,6.458922008891682,6.5306878089904785,12896000
2000-04-26,6.554608872793568,6.620394910862805,6.411077291637505,6.440980434417725,8431200
2000-04-27,6.482845454110043,6.55461127094521,6.399118667802349,6.417060852050781,7212800
2000-04-28,6.506767350828551,6.506767350828551,6.333334024642058,6.38117790222168,5775200
2000-05-01,6.321372325863938,6.363234983876204,6.171859495639326,6.177840709686279,6320800
2000-05-02,6.219700972239176,6.231661935647328,5.998423514207994,6.02832555770874,12139200
2000-05-03,5.980484826224191,5.992445795876639,5.76518737248012,5.860875129699707,15127200
2000-05-04,6.165878866403923,6.165878866403923,5.932639293184829,5.974503040313721,17708000
2000-05-05,6.070193254513825,6.11205628873184,6.010388398459697,6.034310340881348,11467200
2000-05-08,6.03430822688973,6.339312520894137,5.992444477298043,6.315390586853027,8276000
2000-05-09,6.2436236439488875,6.530686799992514,6.219701714278584,6.4948039054870605,8402400
2000-05-10,6.530688777484231,6.698142335881263,6.482844903656508,6.542649745941162,10783200
2000-05-11,6.608433741998547,6.757945071053295,6.578530600140375,6.620394706726074,12660000
2000-05-12,6.704127175756791,6.8596198497876895,6.620400351278615,6.829716682434082,12364000
2000-05-15,6.889518086035647,7.176581339620466,6.889518086035647,7.140698432922363,13902400
2000-05-16,7.415797903518047,7.415797903518047,7.1347159710853205,7.236383438110352,12806400
2000-05-17,7.164620370721098,7.24834715301667,7.104815526224261,7.140698432922363,8849600
2000-05-18,7.152657881090718,7.517468084998508,7.146678127951999,7.415799140930176,13567200
2000-05-19,7.355995595747827,7.409820683805072,7.236385911264123,7.308151721954346,8583200
2000-05-22,7.35599581356231,7.421781872015882,7.134718620754914,7.3021721839904785,7230400
2000-05-23,7.272268929872282,7.338054987402492,7.188542149429673,7.218445301055908,6759200
2000-05-24,7.320111459943303,7.583252721575252,7.320111459943303,7.451682090759277,19460000
2000-05-25,7.463642133326477,7.541389135587993,7.302169836442913,7.326091766357422,22335200
2000-05-26,7.27226780195409,7.4217806167376885,7.194522247926622,7.2603068351745605,6431200
2000-05-30,7.332074313296792,7.50550910131817,7.260308496200902,7.266289710998535,7100800
2000-05-31,7.278249553245514,7.320112210028039,7.128736727412927,7.13471794128418,7738400
2000-06-01,7.122753194170448,7.373933381822433,7.092850060839401,7.27226448059082,9206400
2000-06-02,7.248347664516239,7.302172758401314,7.134719181993348,7.164620876312256,7372800
2000-06-05,7.164618247884717,7.296188866794119,7.146677529891006,7.170599460601807,5560800
2000-06-06,7.152657798039242,7.236384561561441,6.937360406125018,7.021087169647217,8763200
2000-06-07,7.021090054957288,7.146680981891496,6.997168112691675,7.0450119972229,7371200
2000-06-08,7.074915667929048,7.188544171887474,7.0629546959292355,7.08089542388916,6693600
2000-06-09,7.092851813193915,7.439719777076923,7.092851813193915,7.361974239349365,4442400
2000-06-12,7.361974458611637,7.690900255844003,7.272266493861825,7.6460466384887695,11328000
2000-06-13,7.655016069441757,7.942079172045823,7.655016069441757,7.726781845092773,18617600
2000-06-14,7.726784396462325,7.971984940940607,7.678940530230359,7.846394062042236,8972000
2000-06-15,7.852375275360695,7.954042761064157,7.846394062042236,7.846394062042236,10037600
2000-06-16,7.834430508569298,7.882274359003309,7.678937994658762,7.726781845092773,9452000
2000-06-19,7.804531622560626,7.834433309733868,7.649039053054458,7.6550188064575195,8903200
2000-06-20,7.678941943060436,7.83443453692303,7.661001219962041,7.672962188720703,5228800
2000-06-21,7.643058667067843,7.7985512534088155,7.595214794347543,7.756688594818115,3891200
2000-06-22,7.732765870691588,7.930121095517932,7.649039101960629,7.690901756286621,8808800
2000-06-23,7.702865060319736,7.738747972091412,7.6011975403396965,7.643060207366943,5790400
2000-06-26,7.655018773572198,7.798550375576677,7.631096839904785,7.631096839904785,8347200
2000-06-27,7.702863880577758,7.720806063755347,7.583254192991147,7.672962188720703,8472000
2000-06-28,7.690904118531221,7.971987658501701,7.451684705824184,7.895735740661621,8736000
2000-06-29,7.942080930221912,8.51620726252711,7.906198034452837,8.229144096374512,19946400
2000-06-30,8.229145016684129,8.420520482188412,8.193262116902076,8.205223083496094,8524000
2000-07-03,8.175323763936753,8.426504135131836,8.163362793879845,8.426504135131836,4158400
2000-07-05,8.450425951718582,8.605918560185426,8.372678917445494,8.516210556030273,7004800
2000-07-06,8.348752723402807,8.797289595458729,8.330812007761436,8.77934741973877,13102400
2000-07-07,8.707586155628428,8.749450280647084,8.480327725742521,8.587976455688477,12748000
2000-07-10,8.516205521612209,8.534147695868322,8.25306433976464,8.360713005065918,6252800
2000-07-11,8.360714229159976,8.540128697596886,8.348753264597516,8.390617370605469,8452000
2000-07-12,8.390620191649456,8.641800531911477,8.366698254481644,8.540131568908691,13590400
2000-07-13,8.444442415376447,8.52816918153457,8.157379217120024,8.205223083496094,9004000
2000-07-14,8.205222914204795,8.276988712288219,7.966003587260048,8.085613250732422,11498400
2000-07-17,8.085614715895193,8.378659174543404,8.025809873322004,8.318854331970215,8053600
2000-07-18,7.942083862808731,8.067674774413884,7.81051319640678,7.966005802154541,18284000
2000-07-19,8.085612439109143,8.15737822998881,8.013846648229476,8.03178882598877,5704800
2000-07-20,8.037771323292525,8.163362230258597,7.9062006617505345,8.121498107910156,4423200
2000-07-21,8.21718683944029,8.229147810094496,8.04973325028139,8.13346004486084,3734400
2000-07-24,8.085616113233412,8.1394412108908,7.8284559757664365,7.876299858093262,5619200
2000-07-25,7.876297252543274,7.888258219168185,7.535408973693848,7.535408973693848,10554400
2000-07-26,7.535409123466938,7.649039038701555,7.475604289153708,7.481585502624512,11900800
2000-07-27,7.4995282981231925,7.9062012839863325,7.4995282981231925,7.83443546295166,11498400
2000-07-28,7.828453938603111,7.888258775948899,7.738745952544912,7.768649101257324,4742400
2000-07-31,7.804533033219439,7.989927323408617,7.768650126078382,7.828454971313477,5440000
2000-08-01,7.780612204781773,8.043753561344918,7.780612204781773,7.983948707580566,3895200
2000-08-02,7.894236731422322,8.10953409682475,7.828452155366488,8.001885414123535,9508800
2000-08-03,7.918159997472363,8.133457399216324,7.834433230127489,8.127477645874023,12517600
2000-08-04,8.181299760723068,8.42051905197228,8.181299760723068,8.390617370605469,9188000
2000-08-07,8.444445803974356,8.564055517911669,8.414544105529785,8.414544105529785,6219200
2000-08-08,8.468366458498199,8.48630864289907,8.31287385403425,8.324834823608398,6905600
2000-08-09,8.324832086034045,8.432480776801727,8.181300498343804,8.40855884552002,6224800
2000-08-10,8.396599843781942,8.486307837109788,8.306893310533251,8.456404685974121,4545600
2000-08-11,8.408562158827536,8.851118061923723,8.408562158827536,8.82719612121582,11681600
2000-08-14,8.851117246291217,9.03053178506739,8.851117246291217,8.946805000305176,7801600
2000-08-15,8.863078389270882,8.922883236701859,8.809254756622643,8.904942512512207,5898400
2000-08-16,8.93484024457799,8.93484024457799,8.767386746018294,8.821211814880371,3748800
2000-08-17,8.77337182091802,9.054453872931063,8.77337182091802,8.881020545959473,4786400
2000-08-18,8.886999911714025,8.886999911714025,8.635819564276616,8.743468284606934,8038400
2000-08-21,8.743467608034502,8.845136566074455,8.719545672034409,8.785331726074219,4527200
2000-08-22,8.779351430780748,9.0066098465639,8.779351430780748,8.946805000305176,4323200
2000-08-23,8.934843787416387,8.94082500191879,8.689644654481382,8.743468284606934,5681600
2000-08-24,8.76739116564189,8.83317723184942,8.707586314580212,8.731508255004883,4443200
2000-08-25,8.713567370665098,8.731508095616418,8.540132575712496,8.587976455688477,8910400
2000-08-28,8.611897468566895,8.695624249511294,8.587975531154209,8.611897468566895,4236000
2000-08-29,8.647776662810776,8.809250401076813,8.64179691106388,8.683659553527832,4428000
2000-08-30,8.683662398765827,8.707584333748652,8.611896593817349,8.671701431274414,4172800
2000-08-31,8.659738423036414,9.17405990396261,8.65375867073941,9.043984413146973,6971200
2000-09-01,9.090334013748706,9.138177876978963,8.934841458250373,8.988666534423828,4242400
2000-09-05,8.994646125439777,9.078372884586157,8.84513478557493,9.030529022216797,3391200
2000-09-06,8.898959092836122,8.970724891971898,8.851115226745605,8.851115226745605,6530400
2000-09-07,8.851116320034928,8.892980438074643,8.767389544034597,8.785331726074219,4832800
2000-09-08,8.647785194670956,8.749454215381363,8.647785194670956,8.659746170043945,5390400
2000-09-11,8.659741738263298,8.98866912272591,8.659741738263298,8.946805000305176,6009600
2000-09-12,9.042491760671785,9.215926525803582,8.731506594299475,8.749448776245117,7288000
2000-09-13,8.665726506446513,8.809258196324881,8.581999687350796,8.755433082580566,8502400
2000-09-14,8.940828185510039,9.150144486200242,8.922885995693308,9.042495727539062,7286400
2000-09-15,9.030529977879594,9.15013964646078,8.773369920469523,8.869057655334473,7742400
2000-09-18,8.863075273032946,8.934841064717423,8.713563937063004,8.72552490234375,7361600
2000-09-19,8.869060676821851,9.162103734639386,8.815235577583849,9.024553298950195,7596800
2000-09-20,8.964745340211024,8.994647027150105,8.761408904756834,8.833174705505371,5052800
2000-09-21,8.958764404608765,9.108277224177781,8.952784651067082,9.036511421203613,5604800
2000-09-22,9.03651460357344,9.40132350045993,8.982689502347846,9.359460830688477,15180800
2000-09-25,9.377399588943739,9.592697028485814,9.215927239326785,9.311614990234375,6460800
2000-09-26,9.186027859747407,9.395345630862284,9.150144938420269,9.323579788208008,4830400
2000-09-27,9.365439428358663,9.49701009721172,9.347498703554729,9.377400398254395,9971200
2000-09-28,9.425243707107077,9.56279558261844,9.38936079959271,9.514951705932617,10519200
2000-09-29,9.526911409892941,9.67642277464082,9.437203422980973,9.449164390563965,8254400
2000-10-02,9.473086486774168,10.166822618381367,9.305632937765534,10.136920928955078,10532800
2000-10-03,10.047217617519472,10.32830122138281,9.939568857331762,10.077120780944824,8753600
2000-10-04,9.939565738614972,10.214668039443065,9.784073133799094,9.813976287841797,7397600
2000-10-05,9.766128934521342,10.14289861286062,9.742207003830632,10.02927017211914,8195200
2000-10-06,10.035254508846762,10.047215479655875,9.77211315104625,9.849860191345215,5328000
2000-10-09,9.849857114789046,9.95750581844751,9.772110098773993,9.855836868286133,4176000
2000-10-10,9.915642068405782,10.28045230759654,9.89770134717557,10.130939483642578,12500000
2000-10-11,10.011326924319517,10.24456645367093,9.897698495719597,10.095053672790527,13369600
2000-10-12,10.118978934922241,10.190744742971335,9.640540214594948,9.712306022644043,10779200
2000-10-13,9.72426540842986,10.011328593918563,9.72426540842986,9.939562797546387,6508000
2000-10-16,10.083095280993513,10.429963327433384,10.083095280993513,10.423983573913574,15316000
2000-10-17,10.717028250239695,10.717028250239695,10.166823674892568,10.220648765563965,11013600
2000-10-18,10.148879825572685,10.154859578205974,10.017309206773787,10.02927017211914,18152000
2000-10-19,10.029277783807132,10.107023387517323,9.790058295345183,10.005355834960938,10554400
2000-10-20,9.963490804040143,10.124964674361584,9.903685937269193,10.077120780944824,8279200
2000-10-23,10.017316809384035,10.142906310786614,9.933589988422352,10.005355834960938,4642400
2000-10-24,10.011332708674047,10.328299169633567,10.011332708674047,10.20270824432373,8260000
2000-10-25,10.047212536825517,10.298392850246156,9.885740208237472,9.999368667602539,18965600
2000-10-26,10.095057930667618,10.376141434843124,10.095057930667618,10.2804536819458,13609600
2000-10-27,10.453883458489594,10.645258899377275,10.382117668156713,10.495747566223145,13244000
2000-10-30,10.669183332344582,11.195465918244986,10.597417525176345,11.099778175354004,16620000
2000-10-31,10.968211669921876,11.016055559430804,10.412027184420399,10.465850830078125,14316800
2000-11-01,10.471827820317491,10.477807574053113,10.035251774692423,10.154861450195312,15431200
2000-11-02,10.2983967554655,10.33427967098977,9.97545051574707,9.97545051574707,9264800
2000-11-03,10.059173709793,10.29839306079878,10.035251774692423,10.154861450195312,9104000
2000-11-06,10.238588805026863,10.477808169630293,10.178783963876004,10.435945510864258,16323200
2000-11-07,10.435950030937414,10.441929787602918,10.226632266209043,10.406046867370605,11733600
2000-11-08,10.525648194740262,10.812711327324086,10.49574651513541,10.573492050170898,7455200
2000-11-09,10.501729499388842,10.8904616744513,10.483788778119614,10.872519493103027,16479200
2000-11-10,10.812712669372559,10.956244253479273,10.788790738688105,10.812712669372559,7906400
2000-11-13,10.860562215465675,10.860562215465675,10.37016237974531,10.519675254821777,12493600
2000-11-14,10.591438597576083,10.992130322152489,10.4598679408365,10.842618942260742,11344000
2000-11-15,11.004089570927858,11.111738273252152,10.914383049030432,10.998109817504883,15515200
2000-11-16,11.051933255474893,11.285172836685103,11.004089388568074,11.028011322021484,9970400
2000-11-17,11.004092486265439,11.279194798422074,10.968209575984138,11.0459566116333,10740000
2000-11-20,10.908402567324432,11.159582889598349,10.842617974863654,11.004090309143066,18385600
2000-11-21,11.004089388568074,11.129680269237944,10.962226735064082,11.028011322021484,8228000
2000-11-22,10.94428830939196,10.95026952484665,10.561537242833989,10.782815933227539,14561600
2000-11-24,10.848599836078677,11.135663117297959,10.78879498582466,11.0100736618042,4035200
2000-11-27,10.950265768337378,11.135660022561824,10.699085467076586,11.028011322021484,13892800
2000-11-28,11.183504996827287,11.434685322959236,11.07585628562788,11.135661125183105,11324000
2000-11-29,11.051933643429777,11.350957822094003,11.022031955602854,11.315074920654297,8297600
2000-11-30,11.34497913615144,11.524393660233336,11.183505334438166,11.225369453430176,11784000
2000-12-01,11.213408100076588,11.279192693274597,11.01007164643325,11.099778175354004,9815200
2000-12-04,11.13566023678703,11.386840542879971,11.004089600262157,11.183504104614258,6685600
2000-12-05,11.279192035276258,11.632041296642004,11.243309133785454,11.327035903930664,7825600
2000-12-06,11.303117715629043,11.572240296040905,11.171547033224895,11.267234802246094,10204800
2000-12-07,11.315079554245354,11.470572190825894,10.992133309039621,11.171547889709473,6588000
2000-12-08,11.338998878526988,11.530374387025333,11.243311124277815,11.410764694213867,7756800
2000-12-11,11.410762214473786,11.638020581428716,11.410762214473786,11.524392127990723,8472800
2000-12-12,11.410763852593627,11.410763852593627,11.267232231806286,11.321057319641113,6848000
2000-12-13,11.572236427831188,11.57821618135644,11.237329348205176,11.30311393737793,9902400
2000-12-14,11.147625077567573,11.273216004296648,10.890464928672012,11.03399658203125,10673600
2000-12-15,11.243311882019043,11.404785708236654,11.195468001670026,11.243311882019043,18532800
2000-12-18,11.219390287271084,11.721751046402625,11.111741553171468,11.566258430480957,8542400
2000-12-19,11.338995960828532,11.428703937393514,11.039971805743392,11.201445579528809,11905600
2000-12-20,10.956248638359385,11.524395449536698,10.944287668230173,11.279194831848145,11152800
2000-12-21,11.458611791729094,11.554299572870882,11.327041092659137,11.548319816589355,7305600
2000-12-22,11.590177328516749,11.655963378790355,11.30311411294977,11.434684753417969,6125600
2000-12-26,11.434686987740653,11.769594138009207,11.291155351911273,11.721750259399414,4935600
2000-12-27,11.697831110787831,11.76959694582334,11.315079990598454,11.64998722076416,5977600
2000-12-28,11.673907577514647,11.984892820358276,11.506453985214232,11.960970878601074,5698800
2000-12-29,12.104504264784927,12.140387182565911,11.733714114381437,11.745675086975098,3029200
2001-01-02,11.76959460714589,11.901165278567236,11.123702220168372,11.279194831848145,4878000
2001-01-03,11.470572966695483,11.602143668086152,10.908407242571721,10.944290161132812,7880400
2001-01-04,10.956247336435823,11.171544773178011,10.107018558174968,10.178784370422363,25899600
2001-01-05,10.370160045380663,10.573496516858716,10.250550356275927,10.32231616973877,8884800
2001-01-08,10.286430358886719,10.609376428293627,10.214664565685183,10.286430358886719,6092000
2001-01-09,10.40604017409137,10.57349369413422,10.226625688331174,10.394079208374023,5587200
2001-01-10,10.394078882394638,10.944283288137047,10.394078882394638,10.812712669372559,7573200
2001-01-11,10.621339767834941,10.776832354526219,10.406042340108558,10.597417831420898,8792800
2001-01-12,10.513690763691306,10.633300442459124,10.286432374032449,10.370159149169922,6419200
2001-01-16,10.370155174601758,10.609374440451855,10.190740725214184,10.274467468261719,8226800
2001-01-17,10.31035198152843,10.406039702934727,9.951523026254819,10.083093643188477,11669600
2001-01-18,10.08309543874275,10.17878317718871,9.831915125322114,9.999368667602539,10007200
2001-01-19,9.999371388753255,10.095059153238932,9.664464213053385,9.86780071258545,13198000
2001-01-22,10.142901938917946,10.681145555959583,10.095058061847578,10.585457801818848,10538000
2001-01-23,10.585455772204277,11.243308955787594,10.585455772204277,11.195465087890625,10196800
2001-01-24,11.07585849262657,11.470570512342205,10.944287819388025,11.42272663116455,5084800
2001-01-25,11.422721152463236,11.614096585384086,11.350955365117917,11.578213691711426,8775200
2001-01-26,11.482531508681916,11.673907033826614,11.350960835144935,11.446648597717285,4901600
2001-01-29,11.446166915555542,11.446166915555542,11.218429643167898,11.245222091674805,4058800
2001-01-30,11.067249171191177,11.095955067649651,10.83951178373883,10.923717498779297,8954000
2001-01-31,10.86055891350578,10.86055891350578,10.510341421030136,10.795491218566895,7565600
2001-02-01,10.870124637079131,11.080638055056893,10.697887182412984,10.858642578125,8748000
2001-02-02,11.463389934381958,11.878674317250761,11.453820577694025,11.693039894104004,18066800
2001-02-05,11.671990873927967,11.968622722619218,11.608836614960145,11.943743705749512,9640000
2001-02-06,12.02795159143604,12.052830614380946,11.654769897460938,11.654769897460938,9046400
2001-02-07,11.846140548331112,12.316923976199778,11.838485355185426,11.840398788452148,9883200
2001-02-08,11.855714054995154,11.865282685346365,11.589702189017128,11.654769897460938,8996800
2001-02-09,11.367703852701846,11.45382223503906,11.147621757743462,11.205034255981445,9462800
2001-02-12,11.358133701550974,11.576302347684992,11.10551814291103,11.314117431640625,10798000
2001-02-13,11.62606337371721,11.62606337371721,11.201209466200764,11.212692260742188,6012400
2001-02-14,11.463391631167292,11.495925112595662,10.88735102316576,10.908402442932129,7660000
2001-02-15,11.147620612250435,11.252876969877528,10.762956256547218,10.764869689941406,11206400
2001-02-16,10.764873176062254,11.061505090905811,10.764873176062254,10.891180992126465,7935200
2001-02-20,11.166763967605894,11.195470594479472,10.573500005897278,10.831856727600098,7041200
2001-02-21,11.004088625387203,11.027053475498711,10.699801623761875,10.80888557434082,7615200
2001-02-22,10.889269024406454,10.898837655843481,10.336193074853025,10.537137985229492,8439600
2001-02-23,10.544791802075192,10.544791802075192,10.1371624336854,10.397433280944824,7837600
2001-02-26,10.579237678246836,10.908403780318238,10.468240265015075,10.753389358520508,7338400
2001-02-27,10.965815530092195,11.214603523332627,10.85290396077021,10.98686695098877,8135200
2001-02-28,11.099778035239611,11.384927826672644,11.090209407079207,11.335169792175293,7023200
2001-03-01,11.482526856948855,11.578214580756763,11.009829267725188,11.289237976074219,10278400
2001-03-02,11.358133539472616,11.671989914856413,11.272015164377484,11.63371467590332,6264400
2001-03-05,11.63371452320777,11.63371452320777,11.252877032184248,11.482527732849121,6898800
2001-03-06,11.520803693632326,11.606922803036088,11.348565474824799,11.580129623413086,6894000
2001-03-07,11.578213691711426,11.67390140817185,11.511232582204865,11.578213691711426,6291600
2001-03-08,11.568648172637099,11.861452430021018,11.557165380764177,11.76959228515625,5147600
2001-03-09,11.81743543254469,11.865279300692643,11.620318929387755,11.671990394592285,5487200
2001-03-12,11.520801445357959,11.597351182080859,11.310288026781437,11.417458534240723,5508400
2001-03-13,11.434685397909185,11.478701672505595,11.120829714672482,11.272016525268555,9993200
2001-03-14,11.195461243856599,11.386836649734489,11.071066938020275,11.118910789489746,6459600
2001-03-15,11.11891302779915,11.252875984889135,11.032794661849303,11.082551956176758,5696400
2001-03-16,11.071073989304582,11.072988153404484,10.650048412248962,10.682581901550293,10479200
2001-03-19,10.745736344407172,10.965817766761795,10.563929444173553,10.86056137084961,7978400
2001-03-20,10.850992740319358,11.120832209494827,10.774442235997924,10.86056137084961,5508400
2001-03-21,10.669180978689752,10.784005952812365,10.372549187173519,10.39168643951416,12255200
2001-03-22,10.429962077783776,10.468237313985359,9.67402890045028,10.08548641204834,17008000
2001-03-23,10.234758173279694,10.567751751302147,10.137157022674812,10.429961204528809,8599600
2001-03-26,10.47780934951726,10.9753853919077,10.47780934951726,10.736166000366211,5816000
2001-03-27,10.78401220446916,10.860562718287994,10.745737677599548,10.782098770141602,9350000
2001-03-28,10.764872619367049,11.000264413039117,10.688322122057912,10.736166000366211,10938800
2001-03-29,10.818501225336982,11.103803614438704,10.79935372772971,11.065507888793945,6665200
2001-03-30,11.201458152943616,11.431231799602877,11.136355631897331,11.346981048583984,11462400
2001-04-02,11.34697507426994,11.488668979742588,11.14783870041446,11.201452255249023,7739600
2001-04-03,11.297192548532902,11.450374674291417,11.105714708727259,11.149754524230957,9202000
2001-04-04,11.163161542334889,11.580583427197398,11.086570819780533,11.461867332458496,8889200
2001-04-05,11.659087444738544,11.680150127410888,11.459950283656509,11.488672256469727,15155600
2001-04-06,11.488669462169742,11.526965173129629,11.149753625384143,11.2857027053833,7660800
2001-04-09,11.392932986015925,11.479098171491978,11.325916025329043,11.44654655456543,6402800
2001-04-10,11.009975658814001,11.440800793289332,10.81849782126941,11.32591438293457,21452800
2001-04-11,11.203372319314095,11.335492546182483,10.971684220899173,11.071252822875977,10278400
2001-04-12,11.0712524454707,11.35463965816116,11.057849050510562,11.188054084777832,6153200
2001-04-16,11.333573075141176,11.477181454995408,11.027208823624145,11.149754524230957,6614000
2001-04-17,11.124865653914819,11.502077349163525,11.101888510525978,11.304855346679688,8026800
2001-04-18,11.306768272872846,11.62079186823252,11.278047030134408,11.618877410888672,12273200
2001-04-19,11.61887827662726,11.678236684731097,11.490587712126754,11.565264701843262,7152800
2001-04-20,11.526968522935803,11.593985488768684,11.440803330843421,11.52888298034668,6340000
2001-04-23,11.628452206093087,11.871629214756659,11.412081985239166,11.438889503479004,7620800
2001-04-24,11.494421278173242,11.666751727945275,11.488677173324316,11.634200096130371,4900400
2001-04-25,11.634191162002516,12.139693183005239,11.536537802408612,12.063101768493652,7560000
2001-04-26,12.177997191198006,12.493936097325525,12.06885481935695,12.421175003051758,10723200
2001-04-27,12.685414619771432,12.905614561947187,12.371390887939546,12.488192558288574,12341200
2001-04-30,12.541798503249892,12.714128851191735,12.398190123441687,12.537969589233398,7725200
2001-05-01,12.359900883581187,12.694987258850972,12.359900883581187,12.668180465698242,7168400
2001-05-02,12.44606330490036,12.447978492911261,12.10140323638916,12.10140323638916,21074800
2001-05-03,11.871628714762817,12.103316777279952,11.77206012821319,11.795037269592285,15918000
2001-05-04,11.66291683203125,11.760570222663626,11.450376283115386,11.708871841430664,14088400
2001-05-07,11.680152876504508,11.70504521010606,11.534629981727546,11.641857147216797,6767600
2001-05-08,11.603561890296763,11.603561890296763,11.209117834737741,11.318260192871094,10938400
2001-05-09,11.268475377051102,11.555692259019407,11.212947334997592,11.335493087768555,11662000
2001-05-10,11.335496443398117,11.383365937896901,10.9621142402215,10.994665145874023,14080800
2001-05-11,11.2206091137029,11.291456490810374,10.97934718506839,11.191887855529785,6279600
2001-05-14,11.306766160922122,11.4312270474981,11.201453496358592,11.32591438293457,4814000
2001-05-15,11.325916545890864,11.526968167622334,11.258898851693626,11.350808143615723,6251200
2001-05-16,11.201457287160828,11.72802151860856,11.182309789098458,11.636112213134766,5676800
2001-05-17,11.354633868113432,11.373782087171016,11.009973959805494,11.176559448242188,13045200
2001-05-18,11.029125270549589,11.163159928682578,10.732334711388765,10.860625267028809,14292000
2001-05-21,10.715107854270062,10.923818886922506,10.533203622621144,10.623198509216309,14784000
2001-05-22,10.627020885081436,10.655742855321241,10.244065177510933,10.397247314453125,22848400
2001-05-23,10.052586876261374,10.27278669048482,10.052586876261374,10.154069900512695,27742800
2001-05-24,10.167470921521957,10.62318829155251,10.129175945738924,10.588722229003906,21636000
2001-05-25,10.358955227967975,10.569581379204974,10.358955227967975,10.425972938537598,10410000
2001-05-29,10.560002502108386,10.565746603208483,10.167472370522912,10.301506996154785,9436800
2001-05-30,10.349381441382004,10.701700843789617,10.311085711253508,10.573410987854004,13345200
2001-05-31,10.818498536814815,11.094226378161125,10.69403764200688,11.009976387023926,14947200
2001-06-01,10.962108955691317,10.96785305852433,10.701698914285544,10.856796264648438,9252800
2001-06-04,10.85679887805539,10.962111594448743,10.717020075507074,10.868287086486816,6000400
2001-06-05,10.86637109218084,11.008065063054088,10.764888036423258,10.937217712402344,8168800
2001-06-06,10.962108348503941,11.274217489409729,10.879772803783824,11.182308197021484,9837200
2001-06-07,11.182309735561665,11.297196184246316,10.923814130375858,11.063592910766602,5886400
2001-06-08,11.065504537671272,11.220601120438648,10.996572398472443,11.149754524230957,4761200
2001-06-11,11.14401264868757,11.14401264868757,10.770630640400974,10.858710289001465,7986400
2001-06-12,10.85871014588421,10.952534626282139,10.627022091798676,10.875943183898926,7834400
2001-06-13,10.971685792528822,11.099976391879176,10.883606115619845,11.029129028320312,5786800
2001-06-14,11.119121716366262,11.239752999208138,11.009979370605116,11.14018440246582,8593200
2001-06-15,10.971682192172544,11.038699887296078,10.874028796414999,10.941045761108398,8583600
2001-06-18,10.952534600835813,11.220603187693992,10.918068524886458,11.182308197021484,7112400
2001-06-19,11.373787848830508,11.373787848830508,11.011893994829974,11.111462593078613,4019200
2001-06-20,11.130609854134661,11.41208185331231,11.029126076618203,11.258899688720703,5333600
2001-06-21,11.373789032906952,11.708875401531294,11.35081115600574,11.595903396606445,8900800
2001-06-22,11.431228874330646,11.789292283240997,11.412080649258106,11.712700843811035,7057200
2001-06-25,11.814186367490358,11.96545408112277,11.795038139570313,11.92715835571289,7188400
2001-06-26,11.758655622199653,11.902264020482711,11.758655622199653,11.823758125305176,5282000
2001-06-27,11.795035907424086,12.156929677109318,11.793121450209487,12.043957710266113,7210000
2001-06-28,11.990345456454985,12.097573339501619,11.883118303838547,11.97694206237793,8438800
2001-06-29,11.976940270721089,12.051616520959465,11.74525223012764,11.823758125305176,10572800
2001-07-02,11.867801758060894,12.047790745428177,11.728022959824019,11.959711074829102,6340400
2001-07-03,11.957791175397672,11.996086889231664,11.881199747729685,11.925239562988281,5186000
2001-07-05,11.680151019742953,11.90035088032001,11.680151019742953,11.854395866394043,8037600
2001-07-06,11.856307983398438,11.888859597343187,11.775887637940862,11.856307983398438,9109600
2001-07-09,11.98651645008365,12.216290080046804,11.909925727049421,12.158846855163574,11081600
2001-07-10,12.043957710266113,12.177991628190194,11.969280731155463,12.043957710266113,4155600
2001-07-11,12.061191245336211,12.248839468614399,12.028639627902288,12.155014991760254,5451200
2001-07-12,12.082253386662922,12.478612521813114,11.975026246211923,12.459465026855469,6953600
2001-07-13,12.446060506119112,12.635623172479178,12.423082637736645,12.597328186035156,7370000
2001-07-16,12.587753705231236,12.587753705231236,12.216286931652926,12.388616561889648,10996400
2001-07-17,12.461376718517526,12.63753596008201,12.400103875327279,12.633707046508789,6964400
2001-07-18,12.637537396794503,12.815611845820099,12.56094596888436,12.706469535827637,4762000
2001-07-19,12.819440113914558,12.907521201132202,12.679662116316813,12.758167266845703,5118000
2001-07-20,12.700733007498636,12.848170388929221,12.472873775335971,12.603078842163086,4970000
2001-07-23,12.7332814800422,12.876889917787036,12.53031535550488,12.589673042297363,3278000
2001-07-24,12.541804659223322,12.637543626087622,12.321604743263292,12.447980880737305,3979200
2001-07-25,12.254584116916508,12.43648751555788,12.120549457051707,12.342663764953613,5373200
2001-07-26,12.342667432842294,12.564782537180607,12.302457242062571,12.447980880737305,3200800
2001-07-27,12.541801027151255,12.685409435859095,12.19331134712131,12.446062088012695,7972800
2001-07-30,12.492017089957704,12.974542189116706,12.486272987015873,12.742854118347168,9415600
2001-07-31,12.790722784298525,13.02049565264821,12.681580452703386,12.909438133239746,5433600
2001-08-01,12.637539966289815,12.924756783705492,12.37904512278776,12.446062088012695,13364400
2001-08-02,12.59924488656142,12.708387217979045,12.074595182374663,12.245010375976562,10416400
2001-08-03,12.398191641273922,12.398191641273922,12.065019837941572,12.310111999511719,3914800
2001-08-06,12.254587080343518,12.300541372853832,12.12629722245272,12.162677764892578,2504800
2001-08-07,12.235437280338685,12.348408532537587,12.177993329852919,12.327345848083496,3202800
2001-08-08,12.32734390908976,12.424998025211204,12.149270174056065,12.191394805908203,3197600
2001-08-09,12.14352831393054,12.31202980430213,12.015238468932516,12.185653686523438,4291600
2001-08-10,12.168419581582016,12.39053390144577,12.158845833311114,12.327345848083496,2673200
2001-08-13,12.42116889258207,12.582009588440366,12.371384241590654,12.497758865356445,3058800
2001-08-14,12.516911757089073,12.62796783689294,12.42117280014262,12.541803359985352,2083600
2001-08-15,12.503507988414775,12.627967460042541,12.497762424046588,12.522655487060547,3250400
2001-08-16,12.522657235076123,12.756260549400118,12.48436077157834,12.71413516998291,3902400
2001-08-17,12.599245359191544,12.773489474089939,12.467125151676047,12.564779281616211,3858000
2001-08-20,12.564778432479434,12.729449518559619,12.48435661633174,12.65477180480957,2973600
2001-08-21,12.702641536586649,12.874971916398428,12.687324416828021,12.7792329788208,3092400
2001-08-22,12.733279164403495,12.941989354757462,12.696897899315616,12.901779174804688,6982400
2001-08-23,12.970712330383353,13.164105415344237,12.928586959316585,13.164105415344238,8267200
2001-08-24,13.259844866972307,13.269419346527306,13.022412674785143,13.041560173034668,5888000
2001-08-27,13.041561367764329,13.267505373872467,13.041561367764329,13.11623764038086,3996000
2001-08-28,13.208147592852672,13.30197136481397,13.077942548537553,13.198573112487793,5410400
2001-08-29,13.298139776216042,13.317288735200398,13.181338138541708,13.259844779968262,7060800
2001-08-30,13.301970610669493,13.403453668997074,13.102833409426847,13.160277366638184,15083600
2001-08-31,13.160277547997474,13.192828442464235,12.892208178751217,13.031986236572266,7135600
2001-09-04,13.03198573896267,13.097088986270844,12.978372159332691,13.018582344055176,7621600
2001-09-05,13.001347593756966,13.21197295742798,13.001347593756966,13.0779390335083,7783600
2001-09-06,13.079853141521562,13.079853141521562,12.800295620014145,12.802210807800293,11350400
2001-09-07,12.637537705914779,12.69498164346749,12.379042908647616,12.503503799438477,9340000
2001-09-10,12.522657235076123,12.760089465319542,12.503509733757586,12.71413516998291,6265600
2001-09-17,12.637542243439295,12.637542243439295,12.260330521526223,12.352240562438965,7342800
2001-09-18,12.359899369744584,12.359899369744584,11.9443919354775,11.967369079589844,10604400
2001-09-19,12.149270640832794,12.216287601192853,11.661002232756411,11.823758125305176,11763200
2001-09-20,11.82375996869973,11.965453931819184,11.737594770210208,11.758657455444336,11702000
2001-09-21,11.412081576129825,11.584411963628595,11.258899415258785,11.47909927368164,9954400
2001-09-24,11.869711167525066,11.871625624462407,11.662914757653853,11.79694938659668,10732000
2001-09-25,11.87163095896545,12.197143566829594,11.852483459268269,12.06119441986084,13761600
2001-09-26,12.156933436137404,12.589673213020724,11.976943724247725,12.560951232910156,10426400
2001-09-27,12.731365747309507,12.867314887256793,12.59924698362018,12.635626792907715,14284000
2001-09-28,12.694984235928379,12.819443691275268,12.503506352797395,12.73327922821045,13672800
2001-10-01,12.737102499562866,12.947729246371093,12.694978611060888,12.80986499786377,10371200
2001-10-02,12.809872993244257,12.878805160522461,12.66626455489143,12.878805160522461,6199600
2001-10-03,12.926674639973402,13.089430577934491,12.781151013401576,12.878805160522461,10845600
2001-10-04,12.905613131984094,13.135386070010348,12.790726662970966,13.039647102355957,9160400
2001-10-05,13.08751466266916,13.257929883178647,12.953480711996695,13.139214515686035,4912400
2001-10-08,13.030074082106944,13.139216446798523,12.90752832037818,13.039647102355957,4842800
2001-10-09,13.039643200059926,13.093256772164057,12.87880248374753,13.03581428527832,5490000
2001-10-10,13.035814553811838,13.25792813722732,13.007092579347168,13.1966552734375,5781200
2001-10-11,13.244525396373568,13.353667736027612,12.892206777441352,12.959223747253418,10624400
2001-10-12,12.972625675631878,12.972625675631878,12.620307096502897,12.8462495803833,7058800
2001-10-15,12.654770452323193,13.093254905756186,12.654770452323193,13.06261920928955,5676400
2001-10-16,13.21197313941473,13.269417085234538,13.077939213648817,13.135381698608398,5624400
2001-10-17,13.152617956362008,13.202401160578411,12.834763928150105,13.030072212219238,8776400
2001-10-18,13.158365052247921,13.173683638964546,12.800300757266221,12.984119415283203,8037200
2001-10-19,12.938160564072717,13.110490951853135,12.886462178168753,12.945819854736328,4982400
2001-10-22,12.945822034828861,13.305799991477329,12.936247554671914,13.18325424194336,5991200
2001-10-23,13.269424795325845,13.273253712203822,12.99369603255718,13.022418022155762,5245600
2001-10-24,13.03964508056544,13.03964508056544,12.637541770935059,12.637541770935059,12027200
2001-10-25,12.72945031332637,12.924757111341433,12.560948841220501,12.73327922821045,13698400
2001-10-26,12.63754614306455,13.173685048629867,12.618398638050287,12.907530784606934,11688000
2001-10-29,13.01283631638177,13.116234545032706,12.836677020543998,12.882631301879883,4933600
2001-10-30,13.068369930899356,13.10666493609613,12.733283522414757,12.79647159576416,4770000
2001-10-31,12.844339022504744,12.85774241825984,12.543718751259975,12.589673042297363,6725200
2001-11-01,12.723709626732052,12.723709626732052,12.369475699333252,12.488192558288574,12727200
2001-11-02,12.58009781359942,12.762002700436051,12.488189236993119,12.551377296447754,7049600
2001-11-05,12.635624843118052,12.777319525587519,12.597329851610796,12.658602714538574,4936000
2001-11-06,12.77157368851136,13.139212319063242,12.580095813356106,12.7792329788208,10031200
2001-11-07,12.972628701167968,12.98220318123261,12.417342457211547,12.61839485168457,7729600
2001-11-08,12.63754054192827,12.63754054192827,12.214374586963913,12.290966033935547,12485200
2001-11-09,12.331177135608216,12.3330923236621,12.063107781622298,12.164590835571289,7875600
2001-11-12,12.235436004691422,12.384788507350741,11.952048118493083,12.335003852844238,5857600
2001-11-13,12.33500794305666,12.514997665360443,12.312031526327274,12.436491012573242,4131600
2001-11-14,12.465210205916886,12.562864337753874,12.285221984736586,12.45372200012207,3448000
2001-11-15,12.453721214198389,12.670090687888196,12.449890838601608,12.474783897399902,2955200
2001-11-16,12.580098605942002,12.61456468955529,12.490105211764513,12.530315399169922,3953600
2001-11-19,12.694986573821783,12.917100199510537,12.530315447134676,12.905611991882324,9357200
2001-11-20,12.905610515410073,13.566208673946782,12.905610515410073,13.545145988464355,17129600
2001-11-21,13.545144782519138,13.74811232811015,13.422599056546593,13.570037841796875,8177200
2001-11-23,13.570037479516715,13.669605331388631,13.499190140105762,13.637054443359375,1906800
2001-11-26,13.432168180048986,13.690662922069976,13.33642927849605,13.6810884475708,10623600
2001-11-27,13.548974508029092,13.629394862928223,13.499189852722871,13.621735572814941,6812800
2001-11-28,13.621739541842885,13.82470567597325,13.5547225598999,13.72896671295166,6678000
2001-11-29,13.690667348889308,13.748111292739207,13.520252165890827,13.652372360229492,3621600
2001-11-30,13.652367945792683,13.686834008786128,13.527907081601924,13.6810884475708,4274800
2001-12-03,13.504934408622065,13.70024266091914,13.476212434947758,13.658117294311523,4538400
2001-12-04,13.642800951598133,13.669607741862256,13.50876700027751,13.650460243225098,4272400
2001-12-05,13.757686780138902,13.859169833086337,13.510680114602092,13.778749465942383,6498000
2001-12-06,13.786410779523505,13.8764056391831,13.65620573039358,13.822792053222656,5562000
2001-12-07,13.824702507517214,13.882146456508961,13.746197335479488,13.813214302062988,7320800
2001-12-10,13.767256760383006,13.797892454628924,13.60641461779706,13.694494247436523,4570400
2001-12-11,13.939593261443989,13.939593261443989,13.642801898947209,13.736625671386719,12632800
2001-12-12,13.547062604986275,13.548977793194016,12.984117062476834,13.346010208129883,11105200
2001-12-13,13.307712030410768,13.491530611211056,13.23877988000313,13.403450965881348,5158400
2001-12-14,13.346003505435204,13.60449973181607,13.143037483166221,13.587265968322754,6288800
2001-12-17,13.441745453478376,13.68109278321168,13.405365652743827,13.58535385131836,6554400
2001-12-18,13.556637555831374,13.677268121616986,13.464727509856179,13.594932556152344,7292400
2001-12-19,13.690665066823694,13.707897370590146,13.202396008068527,13.292390823364258,14377200
2001-12-20,13.403452031037073,13.403452031037073,13.2119741448794,13.261758804321289,8088400
2001-12-21,13.259846935128701,13.334523212551545,13.035818102860171,13.284738540649414,11612400
2001-12-24,13.307713921928906,13.543232379440912,13.284736048240282,13.453237533569336,3302000
2001-12-26,13.545142687730953,13.554717164566334,13.411108777195981,13.449403762817383,3177600
2001-12-27,13.451323170675659,13.525999438668931,13.347924924024854,13.508767127990723,2908400
2001-12-28,13.508765431490083,13.604504374418118,13.480043456439605,13.556634902954102,3930800
2001-12-31,13.600672716192646,13.774918277104774,13.514508260026115,13.550888061523438,4166400
2002-01-02,13.403449207970887,13.535569389067524,13.240693331188961,13.483869552612305,4607200
2002-01-03,13.34791821559248,13.458975698127094,13.250264121580333,13.332599639892578,5070000
2002-01-04,13.357496685896331,13.485786508820457,13.317286508301914,13.403450965881348,2894800
2002-01-07,13.44174497607253,13.49344481554041,13.135380697066966,13.317285537719727,3896800
2002-01-08,13.278993396362914,13.298140896099282,13.12006637291594,13.280908584594727,5042000
2002-01-09,13.259843791404492,13.457065783011913,13.252184500553868,13.319201469421387,6437600
2002-01-10,13.263676012100209,13.566211502229068,13.263676012100209,13.518342018127441,5205200
2002-01-11,13.527910536013843,13.792149445865034,13.445575001219186,13.73853588104248,5914800
2002-01-14,13.740454551644307,14.023841026358625,13.740454551644307,13.882147789001465,7298800
2002-01-15,13.901290354043493,13.920437845130756,13.767256455572715,13.91086483001709,5045600
2002-01-16,13.993202872570743,14.152129852805409,13.924270723574024,13.977884292602539,7812000
2002-01-17,13.939592123794515,13.977887120602656,13.786409214840976,13.851511001586914,5668000
2002-01-18,13.849599084198584,14.06213970423745,13.80555851733961,13.897468566894531,5612000
2002-01-22,13.853426221381932,14.016182149479647,13.815131224486173,13.891722679138184,5226800
2002-01-23,13.95873694323463,13.97788443796391,13.740452289428394,13.862998008728027,5626400
2002-01-24,13.977894065967318,14.263195878272633,13.977894065967318,14.232560157775879,17440400
2002-01-25,14.188516985322472,14.322552438009705,14.073630497919806,14.207664489746094,8096000
2002-01-28,14.180856953780923,14.207663750751857,14.006612773469849,14.169368743896484,4985200
2002-01-29,14.169364643449462,14.2574443024163,13.939591747089056,13.96831226348877,11738800
2002-01-30,13.968312259899365,13.97022744794567,13.750027570154936,13.882147789001465,6111200
2002-01-31,14.052566688050437,14.238300534007433,13.930020916444738,14.236385345458984,8150000
2002-02-01,14.238297085830627,14.360842827758661,14.211490296087648,14.355098724365234,5052800
2002-02-04,14.26511023365046,14.358934039568926,14.10235423456627,14.150223731994629,3544800
2002-02-05,14.150216364254593,14.483387483839179,14.150216364254593,14.360841751098633,9528800
2002-02-06,14.353182416463495,14.46040956706968,14.178938296728443,14.284250259399414,4558400
2002-02-07,14.28425067651215,14.402967497335892,14.234466014765365,14.379989624023438,5109200
2002-02-08,14.379985434617778,14.397219199796407,14.132978846697286,14.25169563293457,4526400
2002-02-11,14.245956420898438,14.330205705693949,14.087029409178442,14.245956420898438,5208400
2002-02-12,14.32254409794488,14.50444747533775,14.303395143810812,14.468066215515137,6916400
2002-02-13,14.468068699583478,14.469983887497728,14.265102606483321,14.399136543273926,4550400
2002-02-14,14.45850113203189,14.502540244638277,14.19809099022238,14.270852088928223,6866400
2002-02-15,14.265109578222086,14.265109578222086,14.087034997536012,14.228728294372559,5624800
2002-02-19,14.171276795107854,14.244037855831166,14.10234464879729,14.132980346679688,2720800
2002-02-20,14.039160887304863,14.245957389321637,13.863001553376757,14.146388053894043,7030800
2002-02-21,14.131063885916644,14.3646656022621,14.102341920367493,14.345518112182617,7390800
2002-02-22,14.39914028441022,14.39914028441022,14.274680793993875,14.309146881103516,6266800
2002-02-25,14.351264671623316,14.379986642092803,14.22105967157373,14.240208625793457,6018800
2002-02-26,14.24211960967837,14.286160150697956,14.073619655360462,14.11191463470459,7226400
2002-02-27,13.95873924497568,14.12341035634947,13.7481138465019,13.96831226348877,7901600
2002-02-28,14.044907784750942,14.10043656731134,13.750031557116873,13.880236625671387,8864000
2002-03-01,13.901298118343888,13.947252414792189,13.610252293023658,13.642803192138672,8964000
2002-03-04,13.5585510117627,13.594932283941597,12.991776545369252,13.045390129089355,18821600
2002-03-05,13.030071471823081,13.301969734886237,13.024325907791816,13.164105415344238,11461600
2002-03-06,13.250264194762066,13.50110112543905,13.250264194762066,13.409191131591797,7760800
2002-03-07,13.405370736860746,13.537489519595947,13.273250493264824,13.518342018127441,9818000
2002-03-08,13.671521685433783,13.728964176116138,13.61024881885638,13.684925079345703,7263200
2002-03-11,13.684922741306984,14.020008992716615,13.652371856062192,13.993202209472656,7952800
2002-03-12,13.939591047912593,14.110006254018707,13.864914787298021,14.042987823486328,7435600
2002-03-13,14.044902470859983,14.221061773177698,14.004692290604437,14.102346420288086,6050000
2002-03-14,14.083200493857934,14.245956420898438,14.014268331204935,14.245956420898438,6421600
2002-03-15,14.284248385962501,14.337861954233958,14.224890715499127,14.274675369262695,8298400
2002-03-18,14.274672993462996,14.414450993069659,14.142552821597583,14.347434043884277,5922400
2002-03-19,14.393393558459938,14.433603742620617,14.22872244569118,14.42020034790039,5578400
2002-03-20,14.477645919734421,14.494878231644691,14.368503561720846,14.418288230895996,3534400
2002-03-21,14.328295439707684,14.471903903115752,14.328295439707684,14.425948143005371,4208800
2002-03-22,14.412537502150833,14.454662863985758,14.268929110910008,14.299566268920898,4612800
2002-03-25,14.182771752989096,14.299573419810281,14.182771752989096,14.236385345458984,4145200
2002-03-26,14.236376641525208,14.312968067166985,14.217229150329747,14.242120742797852,6843200
2002-03-27,14.213400618658167,14.529467110211705,14.177006110711314,14.443267822265625,6808800
2002-03-28,14.596497096950841,14.711431318720788,14.483480296712887,14.638639450073242,7059600
2002-04-01,14.558190093267815,14.586923655478675,14.391536601604574,14.537118911743164,2827600
2002-04-02,14.673124418896032,14.864679571783578,14.61565874989967,14.75357723236084,6759200
2002-04-03,14.755493451438236,14.807214162035319,14.548613531949625,14.682703018188477,5457200
2002-04-04,14.682701701141514,14.793804032543513,14.619488154504198,14.719096183776855,4071200
2002-04-05,14.749748268903835,14.90299299134257,14.73059304396149,14.834033012390137,5567600
2002-04-08,14.721012588870451,14.93172295590745,14.70568782653509,14.765070915222168,4983600
2002-04-09,14.874260667920728,14.874260667920728,14.757411886109232,14.80721664428711,5236400
2002-04-10,14.84551961953446,14.94129716546694,14.79763084656822,14.931718826293945,5315600
2002-04-11,14.9413006447934,15.067727736360588,14.866594258485408,15.008344650268555,7431600
2002-04-12,15.010260868351704,15.010260868351704,14.61565774811417,14.711435317993164,8284400
2002-04-15,14.74974638496349,14.74974638496349,14.510302450142655,14.653968811035156,7513600
2002-04-16,14.7976335046034,14.7976335046034,14.56010555723055,14.7210111618042,6786000
2002-04-17,14.9317189493071,15.358887450722861,14.835941402585568,15.24203872680664,15121200
2002-04-18,15.401035050401685,16.243878040896778,15.362723141795161,16.140438079833984,25330800
2002-04-19,16.22472630746171,16.477579135632922,16.019762283576338,16.43160629272461,12965200
2002-04-22,16.43160395354251,16.807051950321142,16.377968734209865,16.471830368041992,13741200
2002-04-23,16.47373844178109,16.53503601473439,16.272605004133066,16.310916900634766,11564800
2002-04-24,16.312840671148827,16.738091965050565,16.312840671148827,16.471830368041992,7490000
2002-04-25,16.607837033228233,17.178672233372144,16.57718895790157,16.66530418395996,13598000
2002-04-26,16.667212058397403,16.837696005011836,16.3971186270388,16.481403350830078,10620800
2002-04-29,16.481396279166294,16.56759546500401,16.28409481626515,16.47373390197754,9427200
2002-04-30,16.556108119655093,16.996685454677486,16.542699320490907,16.820453643798828,9374800
2002-05-01,17.029254416173096,17.573270381851803,17.029254416173096,17.165258407592773,13777200
2002-05-02,17.167177042721903,17.297434633329967,17.019678724669316,17.226558685302734,9292000
2002-05-03,17.239965876884494,17.412365827943344,17.057989043875164,17.153766632080078,6946400
2002-05-06,17.054159563475142,17.488990694589585,17.050329102436567,17.192079544067383,5678800
2002-05-07,17.192071438485886,17.38362655200662,16.74191721400207,16.96220588684082,8957200
2002-05-08,16.962204147908224,17.278268883655457,16.54078206449627,17.222719192504883,9952000
2002-05-09,17.224635086608668,17.498558951510375,16.952627182006836,16.952627182006836,8422000
2002-05-10,16.96413212464328,17.2323097614369,16.879848810157124,16.895172119140625,5848400
2002-05-13,16.8568489637803,16.914316078918425,16.571432271213048,16.831947326660156,6313200
2002-05-14,16.831955461105036,16.831955461105036,16.452675533086133,16.741924285888672,8843200
2002-05-15,16.70360188106386,17.153757474469376,16.70360188106386,16.93155288696289,7772800
2002-05-16,17.0962992089518,17.178667991889906,16.91432237898273,17.048410415649414,6234800
2002-05-17,16.954543506926047,17.21697307712175,16.79938287118857,16.96220588684082,6108800
2002-05-20,16.665296272913533,16.70169221519643,16.377963578552958,16.646141052246094,7725200
2002-05-21,16.648057854893427,16.79938512883589,16.523546722082155,16.7036075592041,7406000
2002-05-22,16.559941907657084,16.72276495210207,16.473742675909566,16.544618606567383,4470400
2002-05-23,16.73234044995132,16.864513958395367,16.638478844690162,16.85685157775879,7124000
2002-05-24,16.780221262919852,17.07713216040555,16.76106605115119,16.943042755126953,5966800
2002-05-28,16.895157904336575,17.086712989244923,16.83769225573366,17.025415420532227,4355200
2002-05-29,17.048414742682564,17.28402830856903,17.029259512789846,17.21889877319336,6769200
2002-05-30,17.268699907473327,17.542623875523255,17.22081111209012,17.466001510620117,10878800
2002-05-31,17.29742618496185,17.488981285741275,17.15759031835512,17.393203735351562,5923600
2002-06-03,17.23995897163836,17.527291621165663,17.21122541439574,17.310834884643555,7082800
2002-06-04,17.310841378435565,17.431520610385473,17.067565492164352,17.239965438842773,8448800
2002-06-05,17.2591208499793,17.644147158141585,17.228472782155684,17.579017639160156,7126400
2002-06-06,17.60776229053316,17.71503424906214,17.374064597798018,17.52730941772461,9927200
2002-06-07,17.623073959782687,18.12111706200832,17.584763514015265,18.080890655517578,16947600
2002-06-10,18.08088554648534,18.285849442469992,18.006179175333422,18.20539665222168,7187200
2002-06-11,18.56169411405113,18.730262117992666,18.51380532710128,18.609582901000977,13393600
2002-06-12,18.609575966582007,18.751326313927695,18.48506487461856,18.588504791259766,8467200
2002-06-13,18.488899466003783,18.638313686628603,18.23604676706501,18.283935546875,6043600
2002-06-14,18.331823122678983,18.446757355833924,17.46024826425058,17.573265075683594,16908800
2002-06-17,17.91040605179807,18.195822808551267,17.908490091142742,18.006183624267578,11331200
2002-06-18,17.935308204819975,18.494650354658337,17.93339370555995,18.272445678710938,7998000
2002-06-19,18.475499729808952,18.695788517293902,18.389300468443242,18.638322830200195,7468800
2002-06-20,18.525299282132732,18.598089716551073,18.331828162017015,18.416112899780273,9300800
2002-06-21,18.24563178438418,18.42760862967463,17.824210952422018,17.9295654296875,12666800
2002-06-24,17.9295612565094,17.931477217162858,16.876007960372686,17.243793487548828,12966400
2002-06-25,17.291687607022766,17.416198781804667,16.856857937358548,17.192079544067383,12705600
2002-06-26,16.85684572995364,17.469821353735924,16.780223411618564,17.43151092529297,12123200
2002-06-27,17.433435919661857,17.623075123194603,17.115453645290863,17.613496780395508,9781200
2002-06-28,17.52730214784741,17.835706160479656,17.205489328642038,17.536880493164062,14964400
2002-07-01,17.77631757217269,17.814628015583295,17.39320729226767,17.69011688232422,10658000
2002-07-02,17.62307477195507,17.766741142378617,17.019675723886195,17.287853240966797,15376800
2002-07-03,17.289768839311655,17.690118415002967,16.68445384312113,17.278274536132812,10966000
2002-07-05,17.584766722622426,17.602005987928383,17.347237238884105,17.60009002685547,4461200
2002-07-08,17.872097855763933,18.025341114123833,17.741840282360542,17.883590698242188,7991600
2002-07-09,17.948723722445557,18.05024921775568,17.58476996969177,17.607755661010742,9804000
2002-07-10,17.51771715725937,17.6269035297784,16.833865358545506,16.904741287231445,12147200
2002-07-11,16.85685205144756,17.209312801936512,16.441177755017755,17.17291831970215,16940400
2002-07-12,17.795477573764238,17.910410396316887,17.45067764465616,17.64606475830078,14453600
2002-07-15,17.693944062527216,17.722676156661674,16.858763759200876,17.688196182250977,13169200
2002-07-16,17.3357459469426,17.609669946882683,17.14419074310898,17.192079544067383,11535200
2002-07-17,17.42960053222015,17.718849182128906,17.287850147969014,17.718849182128906,12235200
2002-07-18,17.9697848484389,18.44675813644737,16.822370120202542,17.182493209838867,23974000
2002-07-19,17.33574976969089,17.475585742363098,16.858777616172947,16.895172119140625,17581600
2002-07-22,16.895159715065503,17.010093947487977,15.611741093209654,15.791803359985352,20810400
2002-07-23,15.85118803666809,16.28218710715151,15.607913648810895,16.046573638916016,15755200
2002-07-24,15.784151026775117,17.000526428222656,15.715191028009393,17.000526428222656,15815200
2002-07-25,16.761074122403162,17.431517087299287,16.148098281935148,16.71126937866211,14739600
2002-07-26,16.56951482329983,16.688279501912287,16.15192468027777,16.42201805114746,12287600
2002-07-29,16.674872653705467,16.895159857658967,16.310917658011334,16.69594383239746,11758000
2002-07-30,16.569524300314786,17.090554662434165,16.07339704877253,16.34923553466797,17766800
2002-07-31,16.39712614329108,16.933481330904232,16.10979332023767,16.791730880737305,13916800
2002-08-01,16.732342118205775,16.76107568309533,16.180663810415542,16.51780128479004,11552000
2002-08-02,16.49289428344259,16.49481024370253,16.079136015712432,16.299423217773438,8817200
2002-08-05,16.186409979506337,16.272609211385326,15.717100452254414,15.734339714050293,10998800
2002-08-06,15.946962637915103,16.335819270809523,15.899073861224666,16.148096084594727,10178400
2002-08-07,16.473741163309924,16.521629945761404,15.889497432821974,16.372217178344727,10469200
2002-08-08,16.263032879207447,16.99094158808885,16.263032879207447,16.89324951171875,8567200
2002-08-09,16.808964077087815,17.044577549924217,16.35880977586032,16.91431999206543,7523200
2002-08-12,16.732344984230018,17.153767264744523,16.684456188361327,17.09630012512207,7393200
2002-08-13,16.97178438933378,17.19015712272312,16.596336506288072,16.6289005279541,7125600
2002-08-14,16.628903973957577,17.239965438842773,16.59442398462189,17.239965438842773,7322000
2002-08-15,17.469825151184164,17.506221089130843,16.84727105424082,16.8836669921875,10296400
2002-08-16,16.856852721948567,17.19015826429025,16.761075149664766,16.97370147705078,6504800
2002-08-19,17.02159552957148,17.23996834502579,16.95646600031393,17.192079544067383,5017600
2002-08-20,17.067571910266565,17.431527165349685,17.010106214064297,17.086727142333984,5895200
2002-08-21,17.268699572988577,17.35489881842869,16.95646369780988,17.100130081176758,4560800
2002-08-22,17.239960043141995,17.766736600015776,17.190155304922605,17.619239807128906,10267600
2002-08-23,17.57135652065215,17.722683820026024,17.211231862987802,17.285938262939453,5392400
2002-08-26,17.45066928900183,17.45066928900183,17.19398615691983,17.310834884643555,4666000
2002-08-27,17.26869634944479,17.293597991791323,16.839613240425244,16.904741287231445,6842400
2002-08-28,16.83769689133429,17.00818084692286,16.51396824104939,16.579097747802734,4984800
2002-08-29,16.50438704334989,16.828114147495324,16.43351113484087,16.724674224853516,5432400
2002-08-30,16.780230430621742,17.241879032142947,16.749582367337432,16.92389678955078,5183600
2002-09-03,16.85110502833611,16.85302098884297,16.140435671055638,16.19023895263672,6598400
2002-09-04,16.23812555312029,16.626983642578125,16.096375185103575,16.626983642578125,8457200
2002-09-05,16.483324602312084,16.590595040515915,16.339658210524764,16.521635055541992,7490400
2002-09-06,16.607836839572816,16.75341921466537,16.483327116856504,16.596343994140625,8617600
2002-09-09,16.59633373482052,16.998599152233385,16.512049023218978,16.941133499145508,4929600
2002-09-10,16.948811318416716,17.171014676719995,16.868356992482912,17.010108947753906,4556400
2002-09-11,17.052248028649583,17.151857578911816,16.95263993983795,17.006275177001953,2970800
2002-09-12,16.954548376320457,17.32808037038552,16.839615567488895,17.174837112426758,5632800
2002-09-13,17.17483468737236,17.60966421551381,16.98327954588366,17.584762573242188,7474400
2002-09-16,17.584763571359087,17.71502113342285,17.446843627826887,17.71502113342285,6383200
2002-09-17,17.79164845133968,17.893173946378898,17.475583504944282,17.525386810302734,6578000
2002-09-18,17.38362909009916,17.60200183448029,17.31850104348888,17.584762573242188,7571600
2002-09-19,17.431520967509424,17.460254536119496,17.14418820430872,17.16334342956543,9670000
2002-09-20,17.105875010945105,17.272527051551602,17.105875010945105,17.243793487548828,9586800
2002-09-23,17.245714201731708,17.42003013299968,17.000523782697783,17.19974136352539,7859600
2002-09-24,16.895163415597104,16.971785766844782,16.477573135819544,16.544618606567383,9770400
2002-09-25,16.828112654113614,16.89515663651064,16.62889520538445,16.730419158935547,9602400
2002-09-26,16.856852985473388,16.87600820793965,16.52163147723954,16.76873779296875,13634000
2002-09-27,16.76107951304212,17.08097633700014,16.738092363587892,16.741924285888672,9158000
2002-09-30,16.703601780690033,16.81853599364714,16.550358599162596,16.707433700561523,10308000
2002-10-01,16.770657545119686,16.948803931085425,16.703612059155603,16.946887969970703,12082800
2002-10-02,16.85110687260716,17.239963595427614,16.847274951174057,17.14418601989746,9407200
2002-10-03,17.354896915824877,17.634567269411683,17.293599324099684,17.542621612548828,9960800
2002-10-04,17.492821374239856,17.54071017579674,17.11545738413959,17.21506690979004,8780400
2002-10-07,17.19207566068443,17.621158811143456,17.144186870543248,17.287853240966797,10882000
2002-10-08,17.36447406434301,17.623073215983247,17.169086999406108,17.567522048950195,9143200
2002-10-09,17.460248802323214,17.766736690132632,17.374048124800563,17.427684783935547,9857200
2002-10-10,17.429607284895116,17.92956647513352,17.429607284895116,17.65755844116211,13088400
2002-10-11,17.7667369438321,18.04832319715118,17.7667369438321,17.90848731994629,9843200
2002-10-14,17.877831604765756,18.18623532522789,17.85484447465312,18.149839401245117,12294400
2002-10-15,18.485074576994485,18.577021704975056,18.30884416493591,18.479328155517578,11356800
2002-10-16,18.479330716524764,18.839453973003103,18.44101879895246,18.768579483032227,12774400
2002-10-17,19.140193770104403,19.247465667690275,18.54254252711921,18.714941024780273,16254000
2002-10-18,18.703441241745054,19.251288985512414,18.67279318341342,19.103792190551758,11264000
2002-10-21,19.13636136490973,19.347071755101044,18.91990309212371,19.025259017944336,9056000
2002-10-22,19.02717144126551,19.347068158081914,18.86434987281911,18.952465057373047,9114000
2002-10-23,18.960125536458484,19.239795823242495,18.77048492425841,19.22638702392578,7117600
2002-10-24,19.09804243067375,19.155509543885167,18.778145772038723,18.826034545898438,9154800
2002-10-25,18.827958210952172,19.107628589367412,18.101963926769127,18.59809112548828,15302400
2002-10-28,18.600003809985424,18.600003809985424,18.025338389729747,18.32033348083496,11838000
2002-10-29,18.24562472698202,18.293513505792998,17.822288097666934,18.136438369750977,7964800
2002-10-30,18.27053078440679,18.4946514341454,18.09430038651054,18.260953903198242,5423200
2002-10-31,18.38929995626205,18.485077560200917,17.048413501117942,17.421945571899414,22192400
2002-11-01,17.42193823515144,17.906573934609934,17.16333910570814,17.755245208740234,13972000
2002-11-04,18.061735503798126,18.195823525962247,17.801220379493692,17.89316749572754,8641600
2002-11-05,17.881670477166434,18.054070380516997,17.314667487274285,17.471742630004883,9198800
2002-11-06,17.623074641262257,18.2360505659436,17.54645228531462,18.105792999267578,11367600
2002-11-07,18.130695058740407,18.40844943888688,18.038747944620653,18.2034854888916,7851200
2002-11-08,18.205395667608247,18.205395667608247,16.57143100719815,16.632728576660156,38267600
2002-11-11,16.914325429969754,17.000524688882578,16.377970263655893,16.854942321777344,17381200
2002-11-12,16.856852246080262,17.239962524400266,16.717016351455577,17.109704971313477,10819200
2002-11-13,17.061819146256102,17.431520687425433,17.059903185326213,17.2763614654541,8793200
2002-11-14,17.43151726539611,17.594338837673057,17.32041493647313,17.37405014038086,8702800
2002-11-15,17.35489940498974,17.90083138794528,17.316588952710433,17.79547691345215,7656400
2002-11-18,17.824200794759395,17.981275902044008,17.71884491608405,17.808876037597656,6014400
2002-11-19,17.810811896153528,17.824220708288287,17.349162935676585,17.52730941772461,7996000
2002-11-20,17.067568369285485,17.322337141132255,16.914325083088723,17.192079544067383,18701600
2002-11-21,17.22464220730736,17.238051012050693,15.922067801762207,16.261119842529297,37980400
2002-11-22,16.39328526210145,16.66529314428328,16.138516636849037,16.209392547607422,16452400
2002-11-25,15.885664973066637,15.885664973066637,14.374295306113522,14.644387245178223,56801200
2002-11-26,14.845524862084947,15.284186352738605,14.845524862084947,15.152012825012207,30924400
2002-11-27,15.515964299387353,15.542781898544405,15.284182785844523,15.399115562438965,14601600
2002-11-29,15.399119128464267,15.66921260438472,15.399119128464267,15.602167129516602,5710000
2002-12-02,15.678789246063486,15.749665179994732,14.634814229128143,14.682703018188477,20198000
2002-12-03,14.684618170441126,15.165420533890638,14.609910319086449,15.119447708129883,16115600
2002-12-04,15.113704149973705,15.99485769476031,15.023672980614302,15.91440486907959,21419200
2002-12-05,15.916316056505229,16.014009588187758,15.420188939933679,15.956543922424316,15631200
2002-12-06,15.956546699030444,16.228554697412328,15.862683610819083,15.966123580932617,9826400
2002-12-09,15.96804172120243,16.184498572873586,15.477660872803959,15.502562522888184,11081600
2002-12-10,15.502554557763343,15.845438367806208,15.502554557763343,15.673038482666016,8882000
2002-12-11,15.841615842074864,16.033171058842157,15.803305383301536,15.912491798400879,5769600
2002-12-12,15.956533989002747,16.059972415273364,15.879911687568088,16.044649124145508,6933600
2002-12-13,16.107871152449825,16.128942334937623,15.563855251909724,15.6921968460083,8337200
2002-12-16,15.692199064473197,15.841611862182617,15.594506980709319,15.841611862182617,12798400
2002-12-17,15.745833055991842,15.889499421325525,15.724761872160247,15.776482582092285,5204400
2002-12-18,15.786057801595652,15.887581779182883,15.569599585317654,15.70943546295166,5330800
2002-12-19,15.80329996783559,16.052322248878383,15.468078453366351,15.70752239227295,9201600
2002-12-20,15.630904317411227,15.78223310358996,15.349317934360307,15.533210754394531,11512800
2002-12-23,15.592592676127662,16.05807184383291,15.554280761459468,16.03700065612793,7364000
2002-12-24,16.08871974668278,16.215146871596932,16.027422145301703,16.14235496520996,2969600
2002-12-26,16.20173886286483,16.20173886286483,15.89908130179349,15.935477256774902,3905200
2002-12-27,16.042747758442147,16.042747758442147,15.753499001591349,15.755414962768555,3376800
2002-12-30,15.774567428580763,16.065732095635383,15.61174583182715,16.01401138305664,6438400
2002-12-31,16.015922290627312,16.079135825412074,15.824367187485207,15.994851112365723,4596800
2003-01-02,15.996771159784032,16.41819190979004,15.860767177178005,16.41819190979004,10068400
2003-01-03,16.473747939543614,16.68445837671284,16.418196753675772,16.584850311279297,8318000
2003-01-06,16.55037352244462,16.613587104280146,16.128951104991657,16.16726303100586,9381600
2003-01-07,16.169165441234785,16.169165441234785,15.851183298346303,16.048484802246094,8544400
2003-01-08,16.090633324617464,16.282188483243864,16.036998114034052,16.186410903930664,5682400
2003-01-09,16.186410903930664,16.349232496473125,15.996771706096496,16.186410903930664,7050800
2003-01-10,16.09063885599122,16.12511885485493,15.889505285711177,15.985282897949219,6765200
2003-01-13,15.860767677031133,16.05998375540149,15.736256531962253,15.83203411102295,7900000
2003-01-14,15.83203733390488,15.83203733390488,15.65963736421069,15.755414962768555,7093200
2003-01-15,15.85118875561691,15.90673992481722,15.592589593887746,15.70752239227295,9206400
2003-01-16,15.72668040967362,15.799472315363989,15.515969998283246,15.757329940795898,8652000
2003-01-17,15.755408410082596,16.253451423156996,15.707519630720643,16.155757904052734,8505600
2003-01-21,16.15576413816189,16.314755297742217,15.918236110076297,15.929730415344238,7129600
2003-01-22,15.956540736677182,16.251534310556398,15.803296069004025,15.851184844970703,11032000
2003-01-23,15.994861732409719,16.30134980864485,15.994861732409719,16.241968154907227,15162000
2003-01-24,16.243874075343214,16.48331796524244,16.18449099686253,16.24578857421875,13107600
2003-01-27,16.21706505317047,16.21706505317047,15.776487478171603,15.809051513671875,8908400
2003-01-28,15.922064127255908,16.15576017578564,15.841609855913127,16.119365692138672,8867600
2003-01-29,16.121285481275027,16.471830368041992,15.985280010388527,16.471830368041992,10755200
2003-01-30,16.429683825846734,16.588674943869645,16.368386239090277,16.416275024414062,8853600
2003-01-31,16.35881196073266,16.83961585106033,16.35881196073266,16.83769989013672,9518400
2003-02-03,16.83961007506141,17.000515662654447,16.33965113133387,16.477569580078125,14044000
2003-02-04,16.47948560088083,16.47948560088083,16.004429754523418,16.148096084594727,13009600
2003-02-05,16.150022830486783,16.42203239906344,16.077232360839844,16.077232360839844,7538400
2003-02-06,16.079141952348596,16.286020431871265,16.008266011057028,16.094465255737305,7111600
2003-02-07,16.282181466024408,16.335816653492376,16.150007995871746,16.215137481689453,7011200
2003-02-10,16.25920148019493,16.454588562113504,16.215144611737724,16.39712142944336,5423200
2003-02-11,16.42584628649473,16.473735051178387,15.969945772827986,15.983354568481445,11144800
2003-02-12,15.994854389711652,16.067644817698607,15.190323376246177,15.370384216308594,20561200
2003-02-13,15.180743169635068,15.466159887530212,15.083049649810714,15.276520729064941,12744400
2003-02-14,15.278440971713085,15.32058334350586,15.017925820130467,15.32058334350586,11654800
2003-02-18,15.343568683411197,15.776483772830476,15.343568683411197,15.71135425567627,6559600
2003-02-19,15.707523067273653,15.918233450276372,15.644309513937872,15.68836784362793,6644000
2003-02-20,15.688364358665458,15.803297136458884,15.42976524326786,15.61174201965332,8484400
2003-02-21,15.611743950602294,15.897160700738667,15.389539286128521,15.743917465209961,10335200
2003-02-24,15.563857221157752,15.565773182021722,15.286102815329372,15.372302055358887,9526800
2003-02-25,15.2956771566087,15.510219432796543,15.176913908864277,15.477655410766602,9771200
2003-02-26,15.477647526318503,15.812868840031907,15.439335642167602,15.741992950439453,7871600
2003-02-27,15.803298669933593,15.904822657860002,15.634730676909527,15.830116271972656,8824000
2003-02-28,15.803298613300049,15.994853748006717,15.784143392119322,15.879920959472656,6041200
2003-03-03,15.956539543454547,16.153841051851234,15.948877164498931,16.058063507080078,7499200
2003-03-04,16.05997933843919,16.136601672904348,15.791803359985352,15.791803359985352,7731200
2003-03-05,15.839695275335217,16.128942489624023,15.784144108375507,16.128942489624023,9066400
2003-03-06,15.983360049929486,16.27260723557192,15.981444089479313,16.188323974609375,9167600
2003-03-07,16.090640421549946,16.418199711900293,16.071485189528683,16.35881805419922,8483200
2003-03-10,16.358806940614226,16.404779758523084,16.014007152673948,16.05423355102539,6504800
2003-03-11,16.10020889463566,16.144265755121104,15.889497087271776,15.996768951416016,4983200
2003-03-12,15.95654227267615,16.075305513178176,15.743915970000437,16.02358627319336,8335600
2003-03-13,16.088716814372695,16.41819190979004,16.073393512907806,16.41819190979004,8240400
2003-03-14,16.446927842540934,16.498647098011173,15.994857501626855,16.02167510986328,9812000
2003-03-17,16.07913475626876,16.653800027484092,16.04848524030825,16.605911254882812,11094400
2003-03-18,16.588674210568506,16.78022934339597,16.52546066598752,16.71126937866211,7786400
2003-03-19,16.68062218074538,16.808963775634766,16.53887032287227,16.808963775634766,6547600
2003-03-20,16.655724549696025,16.87218286744778,16.5043972232814,16.740009307861328,6178800
2003-03-21,16.933477183838786,17.220809936523438,16.868347666609623,17.220809936523438,7850400
2003-03-24,17.222718009370336,17.222718009370336,16.822367130704016,17.10586929321289,7697200
2003-03-25,17.107785854261262,17.487065602857324,17.01967068187923,17.36638641357422,8354000
2003-03-26,17.320417623172276,17.418111166272297,17.144187222581984,17.165258407592773,6722400
2003-03-27,17.165258627159645,17.228472183000594,16.885588258789014,17.18824577331543,7393200
2003-03-28,17.18823908312495,17.655790328979492,17.128837607834278,17.655790328979492,9069200
2003-03-31,17.533158040493134,17.76118537244667,17.41435360178972,17.565732955932617,7777600
2003-04-01,17.565736334553872,17.657714218005523,17.14992291202158,17.491004943847656,11131600
2003-04-02,17.571481298429163,17.812921916854165,17.51016320856837,17.565732955932617,9322800
2003-04-03,17.64813145962641,17.941308658730122,17.456512222362413,17.820589065551758,8679600
2003-04-04,17.628972627223643,17.98346798005719,17.627056025203853,17.69220733642578,8158000
2003-04-07,17.826335986894055,18.108016477114912,17.699868060595314,17.71136474609375,9087200
2003-04-08,17.70944154262199,18.010283550502127,17.604051886984397,17.954713821411133,10516800
2003-04-09,17.95472989583648,18.046707813697008,17.661552566936358,17.709457397460938,7107200
2003-04-10,17.70944887994288,17.70944887994288,17.412439950703238,17.559986114501953,10178000
2003-04-11,17.55998758718333,17.87424303368072,17.370284942978657,17.80717658996582,6285200
2003-04-14,17.807172917996347,18.169333101315566,17.619385452378946,18.039031982421875,6379200
2003-04-15,18.03902989742084,18.071604807894534,17.648126585921457,17.966215133666992,12858000
2003-04-16,18.012209318383732,18.22490680069422,16.900817094814304,17.255313873291016,32850400
2003-04-17,17.255313592216453,17.711366868891375,17.215072264271505,17.60022735595703,13449200
2003-04-21,17.602139136511365,17.818668297695556,17.096264585366843,17.153749465942383,11239600
2003-04-22,17.054113839587515,17.55998856012129,17.015790573038164,17.49483871459961,10440000
2003-04-23,17.494839345613947,17.521665925553876,17.293638534125545,17.389448165893555,6598400
2003-04-24,17.50441152336723,17.59830451073737,17.14033479474603,17.456506729125977,13541200
2003-04-25,17.44692206614792,17.686445974458913,17.353027641494712,17.379854202270508,7132800
2003-04-28,17.354950404846686,17.437346717042114,17.178661096594563,17.40477180480957,7626000
2003-04-29,17.40477244704871,17.485252160924166,17.26488978650838,17.343454360961914,7396800
2003-04-30,17.297467280247318,17.686455545881966,17.207407470012342,17.653879165649414,15325200
2003-05-01,17.653867742637008,17.684527501384714,17.34152912556802,17.423925399780273,7833200
2003-05-02,17.247650049435588,17.80142959540535,17.140342269421634,17.753524780273438,12119600
2003-05-05,17.791845358677378,18.06969412161384,17.77076712624983,17.885738372802734,9244000
2003-05-06,17.885739010548452,18.060113219223286,17.85699729433943,18.027538299560547,5408800
2003-05-07,18.027530581188806,18.063937226779217,17.75926346989755,17.774593353271484,6044800
2003-05-08,17.774595847476093,17.95471688561163,17.628964858864475,17.669204711914062,5580400
2003-05-09,17.7516022770868,17.914478302001953,17.70369747788008,17.914478302001953,3480800
2003-05-12,17.878067970283524,18.10417863449417,17.807168355747443,18.052440643310547,4229200
2003-05-13,18.006460439634928,18.03137041484536,17.851249321133782,17.939393997192383,4456800
2003-05-14,17.925974829884485,18.01220287589803,17.84932686568449,17.941303253173828,5080800
2003-05-15,17.92597957610553,18.010291043303994,17.67495739033951,17.856996536254883,7245600
2003-05-16,17.856990100648122,18.424182642386594,17.84740855781253,18.282384872436523,19221200
2003-05-19,18.234487178770816,18.46442967693403,18.067777917342298,18.06969451904297,8457200
2003-05-20,18.188493711035576,18.74227306983791,18.155918798620956,18.347537994384766,17442800
2003-05-21,18.347545475165152,18.820845315588798,18.203831019746104,18.7595272064209,12160000
2003-05-22,18.60621542154806,18.763343034393177,18.50848926540726,18.54681396484375,8098000
2003-05-23,18.46442745093006,18.58131528762077,18.226820036547988,18.29580307006836,5964400
2003-05-27,18.270885752052962,18.537236254938215,18.270885752052962,18.272802352905273,7092800
2003-05-28,18.347548610416784,18.43760991844609,18.155929303780578,18.29197883605957,7568800
2003-05-29,18.29197446792826,18.452935407273564,18.113768496834677,18.213411331176758,6176800
2003-05-30,18.21340828309997,18.395445965693334,18.037117481522,18.383949279785156,6593200
2003-06-02,18.408858229152745,18.48358960727599,18.044781422280817,18.077356338500977,9913600
2003-06-03,18.014126494727414,18.408861690516073,17.95472353181342,18.393531799316406,8828400
2003-06-04,18.39545740961448,18.433780694442,18.22299970401142,18.270904541015625,6177600
2003-06-05,18.27280023681069,18.606217111534225,18.144415771397444,18.588972091674805,7504000
2003-06-06,18.58897981547403,18.874492026635675,18.58897981547403,18.751855850219727,7203600
2003-06-09,18.753770723480173,18.95113825602653,18.564066672057397,18.61580467224121,6990000
2003-06-10,18.77868078715773,19.133175999425575,18.77868078715773,18.937725067138672,7956800
2003-06-11,18.937734689508034,19.401453018188477,18.937734689508034,19.401453018188477,9931600
2003-06-12,19.401444108064897,19.593063309132205,19.29222122193407,19.54899024963379,6752400
2003-06-13,19.5489917825504,19.688874453551243,19.28072604957114,19.334379196166992,5492800
2003-06-16,19.621807027824598,19.765521432625164,19.497254251276406,19.736778259277344,5888800
2003-06-17,19.876660474086805,20.141094446647045,19.876660474086805,20.09893798828125,8028000
2003-06-18,20.120023681997935,20.18517353314224,19.92840440883605,19.982057571411133,6985200
2003-06-19,19.98204623006495,20.024202680143787,19.06227511809208,19.135089874267578,8929800
2003-06-20,19.292223302342567,19.56432224633514,19.069944303404196,19.388032913208008,11751400
2003-06-23,19.296058411679418,19.311388302959017,18.985636153931466,19.288394927978516,6885200
2003-06-24,19.326724056558795,19.729124322104376,19.25007603885027,19.361215591430664,5043000
2003-06-25,19.223236844604514,19.39952614635927,18.874489981594714,19.16575050354004,7099800
2003-06-26,19.165754997628532,19.453183846471987,18.9856339131383,19.376537322998047,3667000
2003-06-27,19.545164282645512,19.545164282645512,19.161925767299522,19.246238708496094,3061000
2003-06-30,19.468519034197023,19.514507253184583,19.16192847104808,19.25773811340332,3873600
2003-07-01,19.257723027281795,19.28454958917073,18.970294325382067,19.280717849731445,3967600
2003-07-02,19.207915595883527,19.775108470884508,19.18108901450733,19.7291202545166,4742800
2003-07-03,19.72528762625764,19.78660573264019,19.457020362606855,19.51067352294922,2006200
2003-07-07,19.571987475371333,20.008879073363477,19.56049078972059,19.920734405517578,4246400
2003-07-08,19.92073581923905,20.08936022248429,19.736781526079117,20.005048751831055,4300800
2003-07-09,20.00504656183485,20.30780527578179,19.844085659228924,20.028039932250977,4942000
2003-07-10,19.985885907476582,20.093192206489498,19.579652621024042,19.759775161743164,4005400
2003-07-11,19.545157223267,19.928395600193806,19.491504084407392,19.62180519104004,5327000
2003-07-14,19.621811637733973,19.78277110719561,19.08911035269827,19.10443878173828,9717200
2003-07-15,19.165756914239562,19.250069852818818,18.997132499019923,19.17342185974121,7472200
2003-07-16,19.20024935597537,19.25773571901667,18.452935408072147,18.62922477722168,8215600
2003-07-17,18.87449890206842,19.989723042677543,18.10802178929407,19.847925186157227,17773400
2003-07-18,19.943726620577866,20.104686046312413,19.6218063071703,20.097021102905273,6584200
2003-07-21,20.097019239560172,20.20432697537237,19.253896010085526,20.116182327270508,5512000
2003-07-22,20.215824983673993,20.311634580753015,20.06252904357218,20.246484756469727,4936000
2003-07-23,20.599066872253964,21.17392455240989,20.21199667753533,20.89032745361328,11104200
2003-07-24,20.909486810867225,20.928648437728597,20.40744400024414,20.40744400024414,4639200
2003-07-25,20.411284022129294,20.767695981720646,20.21966475189476,20.737037658691406,5298000
2003-07-28,20.61822973965654,21.078116203762757,20.606733053183987,20.95164680480957,4351000
2003-07-29,20.951645301704954,21.44219151046377,20.951645301704954,21.135601043701172,6255600
2003-07-30,21.365538157284533,21.55715733358305,20.848166966053856,20.9822998046875,14137600
2003-07-31,20.510915838254363,20.549239086929784,19.86707531932732,19.9628849029541,12282200
2003-08-01,19.96672583094942,20.46493706461652,19.7751065755202,20.12002182006836,7297400
2003-08-04,19.966715265276864,20.21198901046484,19.606471781995914,20.081687927246094,5352200
2003-08-05,20.081693518215435,20.081693518215435,19.487672805786133,19.487672805786133,5949200
2003-08-06,19.430185446327393,19.434017186734074,18.207654123289064,18.698200225830078,19397000
2003-08-07,18.778679468944073,19.21940416370482,18.778679468944073,19.150421142578125,8590800
2003-08-08,19.15042723354835,19.575822178484326,19.000964460881928,19.112102508544922,5909600
2003-08-11,19.115930382677423,19.75593776144959,19.115930382677423,19.460844039916992,6006000
2003-08-12,19.54515774660553,19.65246402719797,19.28455552636238,19.606475830078125,4338600
2003-08-13,19.755936407912735,19.824919427022092,19.288386620762736,19.330541610717773,4183800
2003-08-14,19.5451592451771,19.74444339722722,19.29605368962982,19.625638961791992,3394200
2003-08-15,19.625638961791992,19.660130477761022,19.35354003689105,19.625638961791992,1746800
2003-08-18,19.775106588206636,20.085530308499127,19.64097369409569,19.7981014251709,3114400
2003-08-19,19.70995278083958,19.859415536214154,19.575819913692804,19.725282669067383,2950400
2003-08-20,19.725287262908196,19.729119004888222,19.223244271065877,19.276897430419922,5701400
2003-08-21,19.27689003314648,19.41485608250776,18.966467884021984,19.000959396362305,6664000
2003-08-22,19.123600769871395,19.1427624015168,18.709702509024474,18.74419403076172,5652400
2003-08-25,18.705873743387293,18.77485679783629,18.606230903876956,18.66371726989746,4573600
2003-08-26,18.47209246706025,18.88598920786145,18.376282860345142,18.87066078186035,7245800
2003-08-27,18.778688841422298,18.863001789755298,18.64455593447347,18.7595272064209,3869000
2003-08-28,18.80933790823218,19.085268511275594,18.667538673762063,18.702030181884766,4282200
2003-08-29,18.60622924210494,18.985636007688594,18.602397500284006,18.943479537963867,3753600
2003-09-02,18.970304400590404,19.19641515798408,18.817008426719223,19.085275650024414,4537000
2003-09-03,19.142759762056254,19.280725829982057,18.931978919142313,18.989463806152344,6917200
2003-09-04,18.970304680879188,19.123600657015338,18.882160006279474,19.112102508544922,4987400
2003-09-05,19.112105332453446,19.181088385713423,18.943480903339605,19.008630752563477,4534000
2003-09-08,19.046951970797956,19.526000051240867,19.027790339967982,19.35737419128418,4746400
2003-09-09,19.353532594581704,19.468503782954002,19.20790164294321,19.280717849731445,3455200
2003-09-10,19.18107835713323,19.495333674595894,19.123593484097803,19.161916732788086,2882600
2003-09-11,19.165754885674716,19.33821248636115,18.96263896816554,19.169588088989258,3250600
2003-09-12,19.12360191345215,19.322884648807904,18.98563581825288,19.12360191345215,6627200
2003-09-15,19.253901710865136,19.27689508382418,19.008627857771447,19.17725372314453,3561800
2003-09-16,19.16191949648435,19.242399207504363,19.085271526110727,19.19257926940918,3594600
2003-09-17,19.207907567935855,19.53749281502357,19.131259598065014,19.422521591186523,4220800
2003-09-18,19.35737313600052,19.503004153858807,19.311384932127925,19.388032913208008,6927000
2003-09-19,19.449349890361812,19.47234472194879,19.13892624266111,19.146591186523438,5179800
2003-09-22,19.150425851076555,19.16192253677825,18.85533206857753,19.046951293945312,5354600
2003-09-23,19.161920039606347,19.17724992650327,18.912814494316073,18.993295669555664,4412600
2003-09-24,18.93197825530269,19.00862476862849,18.79401219221459,18.79784393310547,4239400
2003-09-25,18.778683304786682,18.813174822395467,18.357121611291404,18.395444869995117,5348400
2003-09-26,18.41460388049474,18.598558127600814,18.395442253867976,18.52191162109375,5627000
2003-09-29,18.594727023394636,18.771016333495247,18.464425911159736,18.694368362426758,5646400
2003-09-30,18.759530389075877,19.36121489422084,18.702044012379773,19.28456687927246,7696800
2003-10-01,19.284555404100825,19.870909664961285,18.970300045553795,19.83641815185547,8299600
2003-10-02,19.836426262328658,20.189006480673257,19.686963465072424,20.024213790893555,6571600
2003-10-03,20.292474779242017,20.34229618354782,20.158340454101562,20.158340454101562,5902600
2003-10-06,20.158339928583587,20.196664647026854,19.61797382501101,19.736778259277344,4800000
2003-10-07,19.545156412923202,19.832585183701486,19.545156412923202,19.794261932373047,4290400
2003-10-08,19.794273881224925,19.890083529320034,19.614151274985577,19.64097785949707,3131000
2003-10-09,19.890076988174314,19.928400250033505,19.67163117931174,19.767440795898438,3717000
2003-10-10,19.767441949394797,20.039540925513613,19.767441949394797,19.99355125427246,2811000
2003-10-13,20.215826769880824,20.415110924845923,20.15450868080991,20.2924747467041,4213000
2003-10-14,20.292470227373425,20.292470227373425,19.966716763907595,20.10085105895996,3228400
2003-10-15,20.012716735805586,20.208167745112227,19.660136523920823,19.671634674072266,5604600
2003-10-16,20.139182918628226,20.69487903700978,20.081698020688737,20.457271575927734,8438000
2003-10-17,20.61822571446378,20.73703014526208,20.541577741753215,20.691041946411133,5051600
2003-10-20,20.848169995684714,21.08194419671252,20.767688818870806,21.0397891998291,6224000
2003-10-21,21.039788664090054,21.32338426031695,20.618225548543617,21.28889274597168,5840400
2003-10-22,21.288884766969105,21.288884766969105,20.96313283508445,21.07810401916504,2948000
2003-10-23,20.92481556879283,21.00146353939872,20.652716661983455,20.68720817565918,5065800
2003-10-24,20.687207302330346,20.936312830798656,20.461096602654585,20.790681838989258,4088800
2003-10-27,20.120011173277085,20.694868635370714,19.556650392605125,20.081687927246094,23816200
2003-10-28,20.12001877763834,20.445770877834157,19.970556014914642,20.062532424926758,11444600
2003-10-29,20.062533928673975,20.288644691314566,19.997384088527106,20.031875610351562,6759400
2003-10-30,20.19666747988576,20.20433242464953,19.399530767718815,19.56432342529297,9547600
2003-10-31,19.755937398492456,19.90540012674417,19.47617356782724,19.499168395996094,8392000
2003-11-03,19.660128058334486,19.690787829617683,19.28072289130428,19.322877883911133,8052800
2003-11-04,19.32288709165272,19.499177936660484,18.970308325515305,19.039291381835938,9676400
2003-11-05,18.962632623334503,19.21173812563604,18.874487981796264,19.161916732788086,6968000
2003-11-06,19.161922250096534,19.1810838799589,18.713533971174826,18.817007064819336,7779600
2003-11-07,18.820832726043523,18.820832726043523,18.23447860797561,18.33795166015625,13116400
2003-11-10,18.307304186471253,18.587068129273,18.307304186471253,18.4874267578125,7621400
2003-11-11,18.48742507060398,18.80168050983519,18.464430235316772,18.74802589416504,5906800
2003-11-12,18.433768738848887,19.066112761960735,18.433768738848887,19.023956298828125,6597800
2003-11-13,19.0239590838354,19.165756920817373,18.935814403444507,19.12360191345215,5786200
2003-11-14,19.12360433110317,19.25773723953826,18.951146690301584,19.039291381835938,4433200
2003-11-17,19.039288937986345,19.154260196450206,18.71353679534892,19.10443878173828,4000200
2003-11-18,19.1235989903718,19.165753991293546,18.7786838050946,18.817007064819336,4141400
2003-11-19,19.12360005548072,19.84792052296597,18.970304084166507,19.767440795898438,12004800
2003-11-20,19.69845358233524,19.752106722348408,19.388029964052514,19.468509674072266,5793000
2003-11-21,19.755935607276086,19.832583565617806,19.38419542151679,19.821086883544922,7094400
2003-11-24,19.90922957325287,20.242646478142216,19.886234749421924,20.234981536865234,5820400
2003-11-25,20.23499168420504,20.6757165260465,19.98588754650496,20.629728317260742,6366400
2003-11-26,20.65655282211277,20.66038456331938,20.407447247462184,20.606731414794922,4981400
2003-11-28,20.60672805454167,21.039787837203995,20.464930262001026,20.65654945373535,2435200
2003-12-01,20.714037231249087,20.95547785594604,20.65655234285175,20.943981170654297,4232600
2003-12-02,20.943983637642,21.074284780071512,20.779190973335886,21.047456741333008,5649400
2003-12-03,21.078114815808217,21.131767965065542,20.73703282815351,20.88649559020996,4901200
2003-12-04,20.886491141777327,20.90565276786835,20.537744283942615,20.76385498046875,4582000
2003-12-05,20.748527623960047,20.748527623960047,20.34229583833469,20.449602127075195,4418000
2003-12-08,20.449610719673235,20.6450617508529,20.330806234406126,20.6029052734375,3248600
2003-12-09,20.675714246178458,20.710205764449167,20.41511198856391,20.464933395385742,3681400
2003-12-10,20.40745094122263,20.426612574601254,20.13918368810516,20.3997859954834,3880400
2003-12-11,20.49559122826241,20.80601488539413,20.468764654898525,20.59906578063965,4780000
2003-12-12,20.714023940709158,20.890313157785364,20.602884514402895,20.874984741210938,3349800
2003-12-15,21.078116045080368,21.124104252563146,20.84050860082413,20.87883186340332,4600600
2003-12-16,20.87883084612829,21.043623498679406,20.82134595506033,21.02829360961914,4246600
2003-12-17,21.032125809742784,21.45368750522317,20.99763429197158,21.430692672729492,7271600
2003-12-18,21.430691426249783,21.66830029571512,21.4115297979222,21.572490692138672,5528600
2003-12-19,21.595487684911134,21.633812409935427,21.273567304400988,21.48051643371582,6463200
2003-12-22,21.57631672816738,21.683624449918632,21.38853077349445,21.622304916381836,4738400
2003-12-23,21.576323321412115,21.626144726666006,21.40003399443816,21.469017028808594,3728400
2003-12-24,21.469017194235473,21.62997663438101,21.32338618033813,21.541831970214844,1288800
2003-12-26,21.59548682078206,21.72962116009161,21.549498614531878,21.652973175048828,1457400
2003-12-29,21.729618521940047,22.323637775510118,21.652970546202948,22.266151428222656,5714000
2003-12-30,22.266157821827846,22.266157821827846,21.95190234681369,22.155019760131836,3737800
2003-12-31,22.342804082489046,22.48460191703475,22.20483798966021,22.296815872192383,5115200
2004-01-02,22.630227920063536,22.73370246666232,22.38878731133304,22.62639617919922,6243600
2004-01-05,21.84459055911311,22.51525781312097,21.2505712836653,21.538000106811523,16714000
2004-01-06,21.557168459937213,21.917412171014103,21.52267693192375,21.760284423828125,8181800
2004-01-07,21.959559055174626,21.97105720078362,21.614645387611564,21.96339225769043,5916400
2004-01-08,21.96339785428288,22.208670248010268,21.96339785428288,22.00938606262207,5619200
2004-01-09,22.009380879177304,22.017045822418456,21.633807431991464,21.810096740722656,4552400
2004-01-12,21.90206988140765,21.96338795219454,21.633802773488224,21.729612350463867,4224400
2004-01-13,21.844586758105997,21.867581586254435,21.53033141643568,21.65679931640625,5563000
2004-01-14,21.825426368350428,22.22016143798828,21.729616771880004,22.22016143798828,5012800
2004-01-15,22.189505645792597,22.473101264847102,21.867585306637086,22.34280014038086,6498800
2004-01-16,22.457769558838926,22.53441753089766,22.20100053367141,22.480764389038086,4826200
2004-01-20,22.515251095593825,22.68770863041579,22.304470313895045,22.44626808166504,4150800
2004-01-21,22.457768124066437,22.496092838616566,22.227825684519175,22.39645004272461,4043400
2004-01-22,22.879329816724383,23.304724619679966,22.76435860396462,23.251070022583008,9719200
2004-01-23,23.251078300159907,23.251078300159907,22.519092848605965,22.867839813232422,5273200
2004-01-26,22.867832284077018,22.994301644854115,22.588068456163892,22.955978393554688,3292600
2004-01-27,22.9828174485742,22.990482395386167,22.683890370663903,22.787364959716797,3593000
2004-01-28,22.80268010738675,22.975137644284032,22.71070226706214,22.77202033996582,4438400
2004-01-29,22.955985504101648,23.377547246726117,22.737539687767672,23.343055725097656,6065400
2004-01-30,23.300896543675602,23.366047837800302,23.086283955826254,23.33155632019043,4653400
2004-02-02,23.30473092819554,23.350719133360645,22.86783786234163,23.001972198486328,8136800
2004-02-03,23.013480604257055,23.078631934864053,22.76437635930882,23.028810501098633,4115000
2004-02-04,23.028800275217385,23.093950114955334,22.906164078819906,23.021135330200195,3396800
2004-02-05,22.70687821643284,22.760531365650092,22.27381835756142,22.65705680847168,5426600
2004-02-06,22.534417497589608,22.898494267876597,22.361959926196988,22.84867286682129,3985600
2004-02-09,22.898492065525673,22.963641885153258,22.668549633743424,22.82184410095215,3283400
2004-02-10,22.77202001016849,23.07094689044061,22.768188270265455,22.994298934936523,11177200
2004-02-11,22.994306725028537,22.994306725028537,22.377292593996753,22.76436424255371,10029200
2004-02-12,22.87933859384873,22.97897995994873,22.664724508944076,22.687719345092773,8163000
2004-02-13,22.745203614370734,22.99047747403292,22.64939399263886,22.867839813232422,6720000
2004-02-17,22.9943034274519,23.270235536401625,22.87933220270233,23.185922622680664,4619800
2004-02-18,23.262579446566285,23.385215661231218,23.070960178409955,23.109283447265625,6803200
2004-02-19,23.358384273820754,23.684136377875763,23.274071345361893,23.39670753479004,6757200
2004-02-20,23.51167482286414,23.65347408085227,23.132269632526636,23.392871856689453,5626600
2004-02-23,23.492516497328527,23.546169645972345,23.30089727392138,23.458024978637695,4608600
2004-02-24,23.435036858284466,23.75312408020232,23.431203654271815,23.73012924194336,5143400
2004-02-25,23.703297918486037,23.848928941106788,23.53084178283945,23.71479606628418,5036600
2004-02-26,23.626646794681573,23.871919124832093,23.185922071359705,23.753114700317383,6991400
2004-02-27,23.760784149169922,23.875755392987845,23.661142794378033,23.760784149169922,4890400
2004-03-01,23.760782151573444,23.89874821733146,23.553833052936422,23.62281608581543,5242000
2004-03-02,23.634318438289135,23.74162621624423,23.415872602433947,23.48485565185547,5216000
2004-03-03,23.550009532255512,23.891091612803883,23.550009532255512,23.883426666259766,7821800
2004-03-04,23.933246203032322,23.952407836914062,23.703302210634572,23.952407836914062,5388400
2004-03-05,23.741619526953002,24.3279738198895,23.733954583405914,24.209169387817383,6338600
2004-03-08,24.21300284686114,24.21300284686114,23.914077355052992,23.933238983154297,4818400
2004-03-09,23.703300007344257,23.722463101383685,23.454195866158674,23.53467559814453,5029400
2004-03-10,23.63814337338798,23.74161791132443,23.50017732280605,23.615148544311523,5235000
2004-03-11,23.61514896931664,23.668802109522236,23.224245639612157,23.228078842163086,4574600
2004-03-12,23.41970212013052,23.760784109730984,23.300897673283938,23.691801071166992,4629800
2004-03-15,23.55000317091216,23.933241622963006,23.55000317091216,23.806772232055664,3550200
2004-03-16,23.952399903004455,24.293481843713085,23.902578501863434,24.109527587890625,5380600
2004-03-17,23.89491018358988,24.412282825585123,23.88341350108052,24.274316787719727,3813200
2004-03-18,24.274325246408537,24.60390910934335,24.266660301418593,24.55792236328125,4089600
2004-03-19,24.354800768779675,24.465940259027118,24.224499650336803,24.324142456054688,5538200
2004-03-22,24.32414301023877,24.431449300128804,24.013719363421608,24.124858856201172,4611000
2004-03-23,24.144021468181744,24.580913051314855,23.802939494049355,24.412288665771484,4958400
2004-03-24,24.373961051764784,24.373961051764784,23.65347393019858,23.756948471069336,6591600
2004-03-25,23.933237715798256,24.048208940256416,23.546166123731712,23.871919631958008,4577800
2004-03-26,23.837430505306454,23.933240112271562,23.718626066371833,23.787609100341797,3785800
2004-03-29,24.086530274044808,24.304976021680474,23.9945538865868,24.239826202392578,4554400
2004-03-30,24.604075905018682,24.604075905018682,24.19381636845939,24.400863647460938,3783800
2004-03-31,24.489050661763024,24.730605825878378,24.339517000092812,24.70760154724121,3800000
2004-04-01,24.673088897221703,24.92231260835807,24.66158675944469,24.910810470581055,4411800
2004-04-02,24.941492985260922,25.20605101687183,24.807293533053553,24.968332290649414,4385000
2004-04-05,25.209880287967508,25.689155578613278,25.16003671083547,25.68915557861328,5603400
2004-04-06,25.593304056468877,25.777347080620594,25.497448985096334,25.758174896240234,4191000
2004-04-07,25.68916522146354,25.69300024430223,25.374760629793556,25.635486602783203,3334200
2004-04-08,25.68532692365299,25.769679863756885,25.332580924368482,25.497451782226562,2611600
2004-04-12,25.66998751383705,26.153097903363264,25.597139647155217,26.103254318237305,3295200
2004-04-13,26.26429619938634,26.26429619938634,25.739009222303082,25.838699340820312,5088600
2004-04-14,25.842522250423002,26.168428837707957,25.23671762801417,25.65081214904785,5099000
2004-04-15,24.768950016497087,24.99900160421397,23.668534199618524,24.51972770690918,22416800
2004-04-16,24.538900928684235,25.248227948601023,24.251335683426216,25.079524993896484,9732400
2004-04-19,25.01433206504844,25.202210061998997,24.945316314697266,24.945316314697266,7295400
2004-04-20,24.849466657731682,24.895478143032705,24.270502696033546,24.347187042236328,6904400
2004-04-21,24.443040072109973,24.93765252813026,24.400863612082055,24.83412742614746,6768400
2004-04-22,24.699941921339505,25.436108400848795,24.699941921339505,25.38626480102539,6527400
2004-04-23,25.305741781944377,25.37092253598579,25.17154525148706,25.286569595336914,2523800
2004-04-26,25.290393926277854,25.340237495015085,24.38935711667206,24.50054931640625,9575400
2004-04-27,24.768949852850927,24.99133432045599,24.38936458936272,24.7382755279541,24536600
2004-04-28,24.73828162336425,24.75361878959168,24.193825385984617,24.28968048095703,7985400
2004-04-29,24.289665410264792,24.335676880398943,23.848733124550797,23.879405975341797,6735600
2004-04-30,23.879423191258617,23.94843898358514,23.388645523721394,23.57268714904785,8378400
2004-05-03,23.58034600880422,23.96759982815486,23.28894725453002,23.948429107666016,7755200
2004-05-04,23.714537818590085,23.79122214799163,23.54966702229794,23.580341339111328,7168200
2004-05-05,23.637864936213525,24.009781677562174,23.584184859116178,23.979108810424805,6424400
2004-05-06,23.80657144914174,23.898592983886342,23.384809616257943,23.65703773498535,6344200
2004-05-07,23.49983536552933,23.810404936243945,23.181595749090825,23.20843505859375,6557200
2004-05-10,23.208431303846567,23.208431303846567,22.47226499778149,23.135581970214844,8979600
2004-05-11,23.13557675015211,23.54200272073589,23.10873745104708,23.51516342163086,7510800
2004-05-12,23.396311481068913,23.82957691478296,23.342632862537247,23.72605323791504,6470400
2004-05-13,23.695371673508244,24.02894688873579,23.66086379175145,23.89091682434082,5878200
2004-05-14,23.84873927943388,24.178480920669497,23.60718411810023,23.971433639526367,5716400
2004-05-17,23.77206360623938,24.17082115324685,23.584186976115564,24.00211524963379,5237600
2004-05-18,24.048120485109106,24.335685695772373,24.009777579441295,24.140140533447266,5195400
2004-05-19,24.174648808189637,24.523561210931792,24.040452292762776,24.21299171447754,7940400
2004-05-20,24.174652616606476,24.178487639155588,23.699212204795298,24.0174503326416,7510600
2004-05-21,24.059623053591487,24.36635899123033,23.956099400394816,24.232162475585938,7680200
2004-05-24,24.232164607554864,24.58874416087251,24.18231955623054,24.431543350219727,6141800
2004-05-25,24.393199920654297,24.496723580752892,24.189987622663956,24.393199920654297,5592400
2004-05-26,24.393205603554364,24.527403622042257,23.96377516218518,24.159318923950195,9423800
2004-05-27,24.186154738863483,24.707606613500527,24.151646851199782,24.703771591186523,11126800
2004-05-28,24.688433425850235,25.045014429701645,24.61558263116361,25.01817512512207,7110800
2004-06-01,25.11403649323638,25.305746695474827,24.80346690169507,25.075695037841797,7209000
2004-06-02,25.167711083537355,25.25206402704995,24.845639399505703,25.183048248291016,5960600
2004-06-03,25.26738770189319,25.286556953652262,24.987489713786445,25.14469337463379,7407400
2004-06-04,25.1523762974223,25.18688565269782,24.818802439595878,24.903152465820312,5353400
2004-06-07,24.922328666694533,25.22523116613703,24.87631716067571,25.121706008911133,3784600
2004-06-08,24.692260513585534,24.99899490660775,24.5618961294716,24.945316314697266,6408600
2004-06-09,24.92231869272422,25.102526695929342,24.776620036538954,24.788122177124023,4101200
2004-06-10,24.90315248716464,24.949163985816323,24.420043452383354,24.485225677490234,5122600
2004-06-14,24.347192799964418,24.58874657307332,24.193824071289555,24.366363525390625,4372800
2004-06-15,24.443045491820552,24.57340699698311,24.23599816721099,24.431543350219727,4098400
2004-06-16,24.46221160888672,24.634751013570458,24.36252298764288,24.46221160888672,3614000
2004-06-17,24.481380377244204,24.61941188998776,24.38936034383654,24.443038940429688,4181000
2004-06-18,24.446875055008263,24.607912324256404,24.393196452802954,24.538896560668945,4981000
2004-06-21,24.538904732547913,24.538904732547913,23.78740112614548,23.86025047302246,9431600
2004-06-22,23.86024360755286,23.940761514506722,23.44998402911296,23.54200553894043,7446000
2004-06-23,23.553511743272054,23.657035411203566,23.29278579351104,23.565013885498047,6658600
2004-06-24,23.568846228068523,23.73371707351268,23.338793171279477,23.503664016723633,6023400
2004-06-25,23.61869208672996,23.88708661416309,23.56117991397233,23.668537139892578,5434800
2004-06-28,23.70304723207934,23.829576656647045,23.120248092302393,23.292787551879883,6539200
2004-06-29,23.388640842803973,23.729884712882694,23.388640842803973,23.54584312438965,4138400
2004-06-30,23.657035213215117,23.883253271772386,23.553511546150013,23.867916107177734,4474600
2004-07-01,23.503661499002323,23.814232434214492,23.38863571424559,23.695371627807617,5915400
2004-07-02,23.515164980950807,23.54967139983221,23.258272649097954,23.369464874267578,3731400
2004-07-06,23.273620372818076,23.300459685883567,22.752168354460796,23.035900115966797,7073200
2004-07-07,23.062737981780938,23.568852800159853,23.02439506364146,23.492168426513672,4909200
2004-07-08,23.480664498237445,23.622529627992122,23.1049112421856,23.131752014160156,4545800
2004-07-09,23.158585939553223,23.38863752689599,22.909362167738287,23.101072311401367,6050800
2004-07-12,23.19692785181382,23.334959392060664,22.93236837476227,23.212265014648438,4823600
2004-07-13,23.484493054500447,23.89475265289093,23.46915589167799,23.768224716186523,6332400
2004-07-14,23.88708228623842,24.105631720911564,23.67236787330045,23.733715057373047,6228600
2004-07-15,23.7375543945428,25.221390776045833,23.7375543945428,25.194551467895508,15104200
2004-07-16,25.305744734218347,25.332584043440995,25.022014475969577,25.167713165283203,9925000
2004-07-19,25.114027942992436,25.21755012983952,24.66925902109643,25.048847198486328,6634400
2004-07-20,25.15237898992227,25.282743453979492,24.872483721215367,25.282743453979492,5850600
2004-07-21,25.344073563387656,25.344073563387656,24.657751083374023,24.657751083374023,5563000
2004-07-22,24.454548648035423,24.680768168208765,24.078796892949942,24.51589584350586,6478200
2004-07-23,24.420040771339632,24.423875793789232,23.848745287480064,24.11713981628418,7330400
2004-07-26,24.00977674661299,24.50438924282891,24.00977674661299,24.42003631591797,7167400
2004-07-27,24.42386603726446,24.42769959555017,23.03205035844339,23.580341339111328,16582800
2004-07-28,23.772055971856176,23.84874031590473,23.242935606816552,23.695371627807617,7769600
2004-07-29,24.055790191109296,24.98750017160402,23.963768675835844,24.542734146118164,31397000
2004-07-30,24.32418568695477,24.48905654910733,23.829574563129594,24.11713981628418,12278400
2004-08-02,23.814239386138343,24.239836230348743,23.791233637418205,24.174654006958008,6589800
2004-08-03,24.155476276054777,24.228325598593695,23.86791108229222,23.89091682434082,6757400
2004-08-04,23.944602451406624,24.14398121975869,23.726052957039144,23.906259536743164,5282600
2004-08-05,23.925427365090087,24.136308238092788,23.75672149658203,23.75672149658203,4996400
2004-08-06,23.35029491988844,23.687703702830255,23.27744413284126,23.5228328704834,6629200
2004-08-09,23.580345454191715,23.657029796975685,23.469153230286565,23.530500411987305,4370000
2004-08-10,23.73371856551704,24.18231964111328,23.73371856551704,24.18231964111328,6317400
2004-08-11,23.944599321180927,24.680767097522686,23.91776001574147,24.615583419799805,6553000
2004-08-12,24.46221517359964,24.70760539748233,24.366360097321714,24.64242172241211,5930200
2004-08-13,24.665424656280944,24.922315514132425,24.665424656280944,24.883974075317383,6019600
2004-08-16,24.814957974117014,25.048844550516176,24.65392217814966,25.006668090820312,3798400
2004-08-17,24.91465229337493,25.00667234597674,24.71143707786821,24.922319412231445,5296000
2004-08-18,24.86096786197036,25.091022354551676,24.788120002899703,24.949155807495117,3572400
2004-08-19,24.922315514132425,24.945319792368593,24.58107173572929,24.883974075317383,3655400
2004-08-20,24.88398012764071,25.17538039898558,24.880145105247166,25.140871047973633,2773200
2004-08-23,25.06419190769933,25.24823205645921,24.799630902933398,24.9069881439209,3346200
2004-08-24,24.922317081518397,25.179207955525964,24.82646201582025,24.914649963378906,3101200
2004-08-25,24.91465707755457,25.02201431374916,24.76128834359146,24.987504959106445,3121400
2004-08-26,24.987505087454778,25.129371679020778,24.88398287352548,25.037351608276367,2476000
2004-08-27,25.03735164199185,25.252066115773047,25.018179453147685,25.167713165283203,2054200
2004-08-30,25.075685509342037,25.248223455687796,24.960658261601914,24.983665466308594,2512400
2004-08-31,25.09485160870503,25.367082532409604,25.01816873670581,25.35557746887207,4267400
2004-09-01,25.298083017880742,25.639326990291412,25.27891082494111,25.562641143798828,3915000
2004-09-02,25.46677375127934,25.880868346893116,25.248224313360602,25.823354721069336,3614600
2004-09-03,25.689161127370486,25.946052036580628,25.66615684453521,25.704498291015625,3393800
2004-09-07,25.70449881345926,26.164602031105574,25.70449881345926,26.141597747802734,5462800
2004-09-08,26.23361751112552,26.475174184147267,26.2029431835569,26.30263328552246,6229200
2004-09-09,26.302638352468854,26.41383061737653,26.23362256477669,26.298803329467773,4603200
2004-09-10,26.222111618747373,26.452163192075254,26.1070843694512,26.40615463256836,2878000
2004-09-13,26.455994309296596,26.705218029147126,26.390813576105177,26.459829330444336,4433200
2004-09-14,26.605537243660038,26.820251698661853,26.344811294615667,26.81641960144043,5230200
2004-09-15,26.628537802987175,27.04646743759738,26.586361337331155,26.94677734375,7341000
2004-09-16,26.94678373663962,26.954453782359263,26.68989278507301,26.75507354736328,3947200
2004-09-17,26.486672729995234,26.824081511650743,26.37931552334414,26.770402908325195,5174400
2004-09-20,25.754332231260054,26.839412019244232,25.754332231260054,26.74355697631836,2920600
2004-09-21,26.89693966930068,27.23051352062762,26.728233769608245,27.034971237182617,4668200
2004-09-22,27.03879871010522,27.123151645524057,26.781907806976786,26.954448699951172,4616600
2004-09-23,27.1001398800367,27.1001398800367,26.64770392657494,26.873920440673828,4094400
2004-09-24,26.835588100003314,27.521910842307417,26.812583816268923,27.34937286376953,4486400
2004-09-27,27.349370337547086,27.85548500980943,27.176829449681584,27.828645706176758,6643600
2004-09-28,27.832483511066968,28.660672922038504,27.744298463301572,28.246578216552734,8995000
2004-09-29,28.24657685983672,28.24657685983672,27.58709338098299,27.69061851501465,11144000
2004-09-30,27.928335726142283,28.4497876144354,27.81714640350868,28.273414611816406,8119600
2004-10-01,28.411445567362577,28.660669364278856,28.07020171129403,28.281084060668945,7091400
2004-10-04,28.281079120709574,28.549472131882883,28.07403182983398,28.074031829833984,5804800
2004-10-05,28.07786188997992,28.583976425376576,28.0203482762445,28.300243377685547,5189200
2004-10-06,28.30409153093966,28.629998259632988,28.300256508174254,28.603158950805664,3495600
2004-10-07,28.603149894440673,28.829369361729622,28.480455532182642,28.71434211730957,6549400
2004-10-08,28.718177715891276,28.75268413475202,27.847812097943436,28.143047332763672,8382600
2004-10-11,28.200560386497653,28.373098327845028,28.00885026266086,28.085533142089844,3205800
2004-10-12,28.08937162372189,28.08937162372189,27.686779143967083,27.828645706176758,6306400
2004-10-13,27.95901464731137,27.962849670355727,27.452899840279546,27.610103607177734,7235600
2004-10-14,28.44978046394966,28.710506342566127,27.855480850741834,27.859315872192383,12697200
2004-10-15,27.855487327692547,28.269581982709344,27.180666733435356,28.12388038635254,12027400
2004-10-18,28.00885604346895,28.24657477392067,27.924503103528682,28.12388038635254,6348000
2004-10-19,27.832480172892765,27.832480172892765,24.77278759717395,25.497451782226562,43429800
2004-10-20,25.516627027812344,27.387717397490785,25.23289384521708,26.785747528076172,21949800
2004-10-21,26.689887903902367,26.935276667277016,25.696827783928406,26.16843605041504,15085200
2004-10-22,26.153103326716348,26.93528123972746,26.153103326716348,26.785747528076172,10189800
2004-10-25,26.590196046337716,26.839419815390695,26.25278725032521,26.532682418823242,6794200
2004-10-26,26.90460989960333,27.311037529909324,26.90460989960333,27.2266845703125,10955200
2004-10-27,27.406881662407102,28.07403210037007,27.222838649211564,27.912996292114258,7764400
2004-10-28,27.97051025319252,28.054863188858267,27.406884858567807,27.855485916137695,8391400
2004-10-29,27.778803280349408,27.89383055584037,27.56792384230282,27.759634017944336,6300200
2004-11-01,27.6829484697637,27.805642866392407,27.445229721757237,27.69061851501465,7565400
2004-11-02,27.797981061006627,28.19290363424462,27.56792938900316,27.579431533813477,8684200
2004-11-03,28.660666605605247,29.43134220564613,28.660666605605247,28.959733963012695,11935400
2004-11-04,28.948227112699552,29.86843624173224,28.852372056034984,29.810922622680664,11276200
2004-11-05,29.9259577013253,30.547096759079825,29.918287656634657,30.4742488861084,7749200
2004-11-08,30.328553578895914,30.61995390700442,30.282545002271004,30.466585159301758,4736400
2004-11-09,30.769467780934114,30.945840703163903,30.37838050560087,30.4090518951416,9697200
2004-11-10,30.462742504521877,31.24108819219737,30.378392493419366,31.04170799255371,7204200
2004-11-11,31.041709231058533,31.51714961605787,30.846164045792825,31.325439453125,6447000
2004-11-12,31.325443127450388,31.325443127450388,30.52026093374128,31.248760223388672,9760200
2004-11-15,31.191223082045692,31.371430988606974,30.98801090665125,31.31008529663086,6983200
2004-11-16,31.2640978617257,31.340780766946263,30.757983081580118,30.968862533569336,4560400
2004-11-17,31.816232582125373,31.816232582125373,30.911360019154703,31.168251037597656,3888400
2004-11-18,31.38294894626579,31.747199962936463,31.2679246188418,31.643674850463867,4480800
2004-11-19,31.804721999903407,31.881407837449768,30.97653543126188,31.33311653137207,4417600
2004-11-22,31.09537343162046,31.524805050666938,30.942004787299318,31.432785034179688,4220000
2004-11-23,31.344620313033563,31.70886855329279,31.126070783824876,31.63602066040039,4670800
2004-11-24,31.636029619389017,31.74722192717887,31.42131212750291,31.54017448425293,2930000
2004-11-26,31.59383638334119,32.28782625787412,31.59383638334119,32.16129684448242,1899600
2004-11-29,32.23798882584234,32.34151104958919,31.75871331258445,31.816226959228516,5391800
2004-11-30,31.816207731997732,31.92356491404671,31.517137535236387,31.766361236572266,10285800
2004-12-01,31.440456309130365,31.80853934903485,31.256413326546138,31.4941349029541,10310000
2004-12-02,31.45962225740735,31.543972227233102,31.264077175633734,31.382936477661133,5520000
2004-12-03,31.394453416908767,31.781708742757502,31.375284156880767,31.559324264526367,5222800
2004-12-06,31.07621357505183,31.237249383908498,30.61994252469347,31.14522933959961,7039600
2004-12-07,30.999533441521415,31.09538852509153,30.389896514142702,30.5585994720459,9265400
2004-12-08,30.66596108416405,31.67052053567858,30.64678889643043,31.64751625061035,6558800
2004-12-09,31.574656254233474,32.5217047173339,31.37144399459122,32.49486541748047,7172600
2004-12-10,32.418179157307975,32.571544897462026,32.05776323236519,32.50252914428711,5186000
2004-12-13,32.57921294422427,33.3843947317734,32.46418572088991,32.87061309814453,12231200
2004-12-14,32.87444129528866,33.56459870292439,32.74791487494166,33.319210052490234,7446600
2004-12-15,33.31923072847735,33.334567894304776,32.77860660280539,33.062339782714844,4992200
2004-12-16,33.20419605170084,33.242537495096826,32.74792790233879,32.993316650390625,6913400
2004-12-17,32.71725762371018,33.20420015811581,32.609900398818546,32.728759765625,7738800
2004-12-20,32.89745784054612,33.158183721378364,32.41051249643706,32.49486541748047,5266200
2004-12-21,32.744098941393915,32.93580911912425,32.506377267912846,32.67508316040039,4816000
2004-12-22,32.93578932098576,32.93578932098576,32.60988279980395,32.77475357055664,4714800
2004-12-23,32.75559578827164,32.89746234995135,32.59072494506836,32.59072494506836,2610400
2004-12-27,32.82078260922588,33.089178619478425,32.70192323234082,32.84762191772461,2981600
2004-12-28,32.96263642550535,33.40740235476534,32.7977656156751,33.349891662597656,3184400
2004-12-29,33.18503335025517,33.61063018416045,33.11218254572168,33.49176788330078,3312000
2004-12-30,33.5109413106923,33.817675855081305,33.45342766947395,33.68347930908203,3060400
2004-12-31,33.68346760748696,34.032381431138134,33.625953986248774,33.75248336791992,3056800
2005-01-03,33.43424216212346,33.641289432873094,33.15818205972143,33.21186065673828,6252600
2005-01-04,33.204186780339334,33.42273616446358,32.68657012586231,32.87061309814453,5582000
2005-01-05,32.87828428456445,33.392065981794104,32.81310354839606,32.98564147949219,4577600
2005-01-06,33.05084598074891,33.77934551692311,33.05084598074891,33.71416473388672,4837600
2005-01-07,33.702645911106586,34.0170504490148,33.20419833686107,33.44575500488281,6653200
2005-01-10,33.43424347235656,33.9326909502054,33.41507421567884,33.58761215209961,5375200
2005-01-11,33.56845682628946,33.71799054664757,33.39975091603295,33.55311965942383,4238600
2005-01-12,33.74098338733699,33.93269352021959,33.57994757777908,33.775489807128906,4137400
2005-01-13,33.94037197841504,34.404313229233516,33.80234332786541,33.89436340332031,6493400
2005-01-14,33.89434919353167,34.38896164529796,33.863674872818045,34.339115142822266,4235600
2005-01-18,34.086067124540165,34.22409867413183,33.77932969761092,34.047725677490234,5881800
2005-01-19,34.04771924824498,34.10522994532766,33.587613194733144,33.84833908081055,4284600
2005-01-20,34.45030411516695,34.484813454033976,32.7709247054132,33.21569061279297,13230600
2005-01-21,33.2195248234956,34.19341245114421,33.2195248234956,34.0668830871582,9431400
2005-01-24,34.4311558653524,34.4503251317382,33.744832943001015,33.83685302734375,6587800
2005-01-25,33.836844137251546,34.30078238572201,33.57995321810314,33.64513397216797,4913600
2005-01-26,33.76016555009794,33.982547146775836,33.56462033768127,33.664310455322266,4652600
2005-01-27,33.280871010787735,34.00936697354105,33.280871010787735,33.9173469543457,5150800
2005-01-28,33.836837686992645,33.91352056830216,33.533935332870556,33.79849624633789,3807600
2005-01-31,33.89434945228517,34.18958174693099,33.8713422489422,34.0860595703125,4454400
2005-02-01,34.10523624768223,34.891249072723156,34.05155763697615,34.7685546875,6627400
2005-02-02,34.62285502142428,34.73787935879469,34.31228258241511,34.50782775878906,5495000
2005-02-03,34.50782358372621,34.879741705948675,34.37746209875907,34.722537994384766,4504400
2005-02-04,34.526993496316244,35.197978910762316,34.526993496316244,35.18647384643555,4584800
2005-02-07,34.84523695132685,34.84523695132685,34.02855273869354,34.09756851196289,9093200
2005-02-08,34.41198243075919,34.431154621718235,33.90203257401121,34.0745735168457,6125600
2005-02-09,34.277771970482846,34.36979201418848,33.319221316527866,33.426578521728516,5712600
2005-02-10,33.836836289034025,33.94035846705132,33.472588229966,33.75248336791992,5493400
2005-02-11,33.779330502673474,34.07839789216146,33.53777674776356,33.64513397216797,5457600
2005-02-14,33.64895657407348,34.30843976657559,33.553101526913615,34.105224609375,4230800
2005-02-15,34.23941220451068,34.6074951076004,34.212572917574846,34.58448791503906,5515600
2005-02-16,34.42346414203563,34.55766062329524,34.185745496736835,34.45797348022461,3695200
2005-02-17,34.362126959707254,34.454147008939195,34.02471523708243,34.13207244873047,4055600
2005-02-18,34.16273920111169,34.220252816107525,34.028542716297395,34.14356994628906,3898600
2005-02-22,33.75247374851167,33.894340250432194,33.223355019499905,33.319210052490234,7393400
2005-02-23,33.31923234171106,34.063065906131456,33.31923234171106,33.87519073486328,4139200
2005-02-24,33.87900972847336,34.23942565917969,33.595279594334365,34.23942565917969,4709200
2005-02-25,34.354460202329925,35.07912437554259,34.29694656908378,35.0407829284668,5175200
2005-02-28,34.860579391343684,35.23249761885165,34.661202085757246,34.95260238647461,4779200
2005-03-01,34.77238008868407,34.98709447209958,34.599839237498834,34.82222366333008,3699800
2005-03-02,34.588352722091706,35.52773442436493,34.573015555596776,35.06379318237305,4695800
2005-03-03,35.10213221594746,35.243995865208376,34.83373623105512,35.13663864135742,4119400
2005-03-04,35.35135737978389,35.90731867829818,35.2440001429026,35.769287109375,3647600
2005-03-07,35.6734169228468,35.87662916743419,34.9104115190283,34.96792221069336,5007800
2005-03-08,34.96409573057443,35.07145293927799,34.60751475865788,34.64202117919922,5869600
2005-03-09,34.56533821471457,34.80305691193396,34.201087200008665,34.60367965698242,4079400
2005-03-10,34.680369844052635,35.217158924626084,34.680369844052635,35.05228805541992,4433000
2005-03-11,35.27467206617325,35.40120148325685,34.553842864003414,34.61518859863281,4051400
2005-03-14,34.61519087990212,35.04462275166952,34.46182214532339,34.68804168701172,3561000
2005-03-15,34.89124771766091,34.9832677716883,34.49249024985587,34.53850173950195,5361200
2005-03-16,34.51166243519126,34.584510303883256,34.277775815370376,34.53850173950195,4420000
2005-03-17,34.757046559232364,35.22098471486095,34.362124166233244,34.92958450317383,5190800
2005-03-18,35.02544395363832,35.18264768136544,34.634356533262036,34.98710250854492,6771200
2005-03-21,35.25548777892879,35.26699284265929,34.78388255022174,35.13279342651367,4991000
2005-03-22,35.22865102149504,35.81145143144734,35.22865102149504,35.2938346862793,5078200
2005-03-23,35.08294803017831,35.58139545645036,34.92957936630507,35.42035675048828,5375600
2005-03-24,35.42037786939717,35.834472631174,35.33985993104041,35.6005859375,4111200
2005-03-28,35.77312880392491,35.94566683462477,35.48172844571111,35.7041130065918,5015000
2005-03-29,35.86897493375691,35.891979218685634,35.58140967108734,35.696434020996094,5135600
2005-03-30,35.91120120754797,36.73965713400821,35.63121590132872,36.7089729309082,6992600
2005-03-31,36.6514583761344,37.069522796994995,36.547902798718475,36.582420349121094,7575800
2005-04-01,36.72433592104854,36.9161079101924,36.26408431758662,36.75502014160156,6994800
2005-04-04,36.64379532187978,37.10404696660339,36.544073059246514,37.01199722290039,7468400
2005-04-05,37.01197613549082,37.56044387817383,36.97745859859663,37.56044387817383,6652400
2005-04-06,37.56044818833441,37.93632243726518,37.47223181802576,37.602638244628906,5697400
2005-04-07,37.771400151007136,38.258499559623466,37.587297812963406,38.00152587890625,5129200
2005-04-08,38.20097419394987,38.220152560607325,37.57963491067584,37.74072265625,5506200
2005-04-11,37.73304355297734,37.89029793873832,37.24594414270271,37.284297943115234,6149400
2005-04-12,37.288140504164446,37.37252063505997,36.570912317760396,37.28046798706055,7787200
2005-04-13,37.31882092953378,37.548946673741696,36.05312494707882,36.80487060546875,8299600
2005-04-14,35.746285570603156,36.89308378644076,35.47780604667879,36.01860427856445,14320400
2005-04-15,35.401108586096335,36.43283984598224,35.37809395873482,35.77314376831055,10236000
2005-04-18,35.51614954705342,35.84599739576953,34.34634290209159,34.967681884765625,11377400
2005-04-19,34.940854197578474,35.765474297453075,34.90250038679067,35.74629592895508,9370400
2005-04-20,35.995594163930214,35.995594163930214,35.20933093046143,35.343570709228516,6901200
2005-04-21,35.5928820201088,35.74629726901124,35.017566058099774,35.45096969604492,6278600
2005-04-22,35.31289750034179,35.31673375984719,34.77593529172279,35.002227783203125,5440200
2005-04-25,34.913994281942706,34.91783053957031,34.38470485141391,34.806602478027344,9156000
2005-04-26,34.67238343006569,35.052091228164976,34.51512896169804,34.54197692871094,5553800
2005-04-27,34.55731676035788,35.627404962715175,33.98200071131904,35.550697326660156,8586400
2005-04-28,35.573694547791526,35.62739045640857,35.03673253541354,35.47397232055664,6771000
2005-04-29,35.56220458254473,36.321620158561636,35.477824423829766,36.248748779296875,7281400
2005-05-02,36.07613606942435,36.5517325829194,36.07613606942435,36.313934326171875,5504800
2005-05-03,36.475030901493135,37.19225917764308,36.2525746969707,37.09253692626953,9787800
2005-05-04,37.299642588753066,37.798250806695016,37.28046422413699,37.31882095336914,8295200
2005-05-05,37.55662007864302,37.652506058986496,37.20376037326892,37.28046798706055,5563200
2005-05-06,37.5489368347952,37.93631687386804,37.5182526299523,37.744544982910156,6171200
2005-05-09,37.779069646415195,38.02837373693759,37.39552579213687,37.8135871887207,5509400
2005-05-10,37.652493678964575,37.955493628369474,37.44537967837615,37.53359603881836,5778000
2005-05-11,37.49139435437261,37.70234454679778,37.034976443237795,37.5872802734375,5226600
2005-05-12,37.75988969664789,37.959334131168625,37.587296139957516,37.602638244628906,5875200
2005-05-13,37.58729040665064,37.59112666378514,35.98024103349031,36.57857131958008,8465000
2005-05-16,36.82021703717481,37.17691300677076,36.728167313920096,37.1462287902832,3817400
2005-05-17,36.89692776519937,37.36868812332234,36.70515578528418,37.34567642211914,4482000
2005-05-18,37.54895290136804,37.594976302118205,36.5479029681387,36.74351119995117,14641800
2005-05-19,36.82020162610359,37.09251734948518,36.71280983955386,37.05032730102539,8047200
2005-05-20,36.97364340687486,37.123225337720456,36.95446503575779,37.01199722290039,5964800
2005-05-23,37.08868519601446,37.48373777768393,36.965951294062954,37.36100387573242,6754800
2005-05-24,37.49140730697028,37.58729325916202,37.2075857078207,37.32264709472656,5595800
2005-05-25,37.3955415903405,37.4914275944183,36.962137905343965,37.08103561401367,3908200
2005-05-26,37.20375800697657,37.38018784844205,37.115541623139976,37.25745391845703,3173400
2005-05-27,37.303482992329066,37.58730467770001,37.14239231979233,37.499088287353516,3509200
2005-05-31,37.70236892895834,37.89414089110725,37.203760656888015,37.26512908935547,4026300
2005-06-01,37.357184850463796,38.009208456683496,37.211436262897976,37.76374053955078,4609700
2005-06-02,37.95551274720611,38.814650462026066,37.84812089862966,38.64589309692383,7376100
2005-06-03,38.91437757273379,39.37463217202947,38.73027807398253,38.81465530395508,5586200
2005-06-06,39.08311584094022,39.121469637696535,38.77627961447544,39.113800048828125,4030000
2005-06-07,39.88855565717918,40.026631660858285,39.113798459830434,39.666099548339844,7512100
2005-06-08,39.88857148606979,39.965279106905896,38.89135778415968,39.259559631347656,6118900
2005-06-09,39.1444771798566,39.919237252735925,38.96804739251943,39.696781158447266,4789300
2005-06-10,39.69679173375622,39.69679173375622,38.745601620140675,38.96038818359375,4118600
2005-06-13,39.06778181804332,39.4129719126659,39.04477012047106,39.2672233581543,3163300
2005-06-14,39.42830129160637,40.01128654283129,39.42830129160637,39.627742767333984,4838900
2005-06-15,39.949939924116386,39.949939924116386,39.159837383697244,39.55872344970703,4267500
2005-06-16,39.58172132295244,39.79650785343535,39.2442038124895,39.53569793701172,3961400
2005-06-17,39.888551390558355,39.888551390558355,39.58938772332224,39.77348709106445,5565800
2005-06-20,39.735157754271384,39.88857593927955,37.69470379442581,39.57406997680664,4142800
2005-06-21,39.62009532592136,40.27211893824772,39.19819459607775,39.78885269165039,4175200
2005-06-22,39.82719785235257,39.942262194802936,39.40530014038086,39.40530014038086,4268800
2005-06-23,39.50502149179748,39.942261301396485,39.482009794305235,39.65843963623047,4397400
2005-06-24,39.6200869535821,39.93459284178201,39.343934871024565,39.35160446166992,5233300
2005-06-27,39.336247711708026,39.604730103680744,39.27488223076438,39.3669319152832,3162900
2005-06-28,39.62008149777227,40.502230610903254,39.58172477120394,40.417850494384766,4676900
2005-06-29,40.509905014804765,41.146586323851665,40.49456290870384,40.76304244995117,5446800
2005-06-30,40.763044201663526,41.13891850176979,39.89623419006083,39.99595642089844,6069000
2005-07-01,40.65565622217848,40.65565622217848,40.03431400761222,40.509910583496094,3879900
2005-07-05,40.69401241468493,41.169606092235526,40.46388663046419,40.832088470458984,4410600
2005-07-06,41.000830777450766,41.80627213237442,40.08032511773511,41.0391845703125,13158300
2005-07-07,41.04686383799962,41.80628199105654,40.84742231236258,41.031524658203125,10788600
2005-07-08,41.23863951819593,41.23863951819593,40.694007873535156,40.694007873535156,7231200
2005-07-11,40.701668867008365,40.9241220457661,40.21840286254883,40.21840286254883,6785600
2005-07-12,40.29513028021445,40.578954937058654,39.62776456312709,39.71981430053711,6813700
2005-07-13,39.735143729798466,39.8118542583319,39.04476653024233,39.42831039428711,7432600
2005-07-14,39.65842776392315,39.926907241651996,38.54615020751953,38.54615020751953,11669800
2005-07-15,38.77629578130795,39.50502992833443,38.63055012238599,38.9834098815918,8325200
2005-07-18,39.15216839700789,39.27490234796808,38.975738525390625,38.975738525390625,5178800
2005-07-19,39.1675029291073,39.19051462602031,38.316035028834236,38.79930114746094,6622100
2005-07-20,38.6228605019234,38.76860902251631,37.93248339955099,38.1626091003418,7005900
2005-07-21,37.5873109014752,38.162626884661044,36.6284509294988,37.710044860839844,13331400
2005-07-22,38.00152648209689,39.1521580660636,37.978511860596505,38.968055725097656,8936700
2005-07-25,39.121473854868036,39.351599586419894,38.82231011122988,38.968055725097656,6013500
2005-07-26,39.2058573988526,40.187728833259406,39.2058573988526,39.88856506347656,8586200
2005-07-27,40.0036452488298,40.272124911086834,39.20587292925338,39.443668365478516,6974900
2005-07-28,39.804177096888104,40.83974716467365,39.70445488453681,40.594276428222656,7996600
2005-07-29,40.594280237222414,40.60962234257811,40.0419790754543,40.11868667602539,6310200
2005-08-01,40.14937119147861,40.647979377597416,39.911572945971464,40.36415481567383,5474800
2005-08-02,40.36417063530217,40.69401871670968,40.2874630040854,40.67867660522461,5143300
2005-08-03,40.724700682328205,40.84743464119708,40.57895502061154,40.77839660644531,4557000
2005-08-04,40.78605721930855,40.88577945337506,40.517577657830756,40.624969482421875,4969400
2005-08-05,40.640312594710615,40.640312594710615,39.69679492163128,39.934593200683594,6605800
2005-08-08,40.11102768318591,40.11102768318591,39.159837383294196,39.259559631347656,4793400
2005-08-09,39.29791650068207,39.75049852174325,39.13682872866243,39.71981430053711,5291600
2005-08-10,39.90391096645466,40.19540517360176,39.58940505981445,39.58940505981445,3871700
2005-08-11,39.727476779213426,40.34114641721072,39.71213467248754,40.172386169433594,3648300
2005-08-12,40.655653232668485,40.94714741480691,39.6814513795332,39.957603454589844,2854800
2005-08-15,40.06497513036172,40.080317229728365,39.597051341400594,39.87320327758789,2574500
2005-08-16,39.88857679538247,40.06500668775548,39.19819641113281,39.19819641113281,3179200
2005-08-17,39.397625749858285,39.62008189084906,39.17516960886751,39.32091522216797,3490000
2005-08-18,39.42831499916246,39.666110349869825,39.31325065602755,39.35160446166992,2489300
2005-08-19,39.35160936159261,39.65844569735333,39.259559631347656,39.259559631347656,3139900
2005-08-22,39.551039266064706,39.65843106609826,39.27488725100294,39.397621154785156,2955400
2005-08-23,39.32091474333388,39.58172468189006,39.159827026457016,39.16749954223633,3124400
2005-08-24,39.38228958935055,39.45899720241299,38.707251474811216,38.8376579284668,3521900
2005-08-25,38.9603898097019,38.983401507165055,38.584515502626665,38.8453254699707,3349100
2005-08-26,38.883688250252305,39.04477894830314,38.53082848539503,38.699588775634766,3848200
2005-08-29,38.546158062884686,39.014082041891,38.42342414430987,38.968055725097656,2925600
2005-08-30,38.968059259560434,39.02942768751777,38.64588379140751,38.722591400146484,4216600
2005-08-31,38.92970807344011,39.52036606432001,38.661228498589196,39.50502395629883,4497100
2005-09-01,39.5050203395557,40.157043776618714,39.5050203395557,39.926918029785156,5597500
2005-09-02,40.11868660260401,40.50223045717232,40.0343064864058,40.29511642456055,3555500
2005-09-06,40.38716271291143,40.83974450726328,40.348805992513384,40.801387786865234,4053500
2005-09-07,40.885755884917046,41.03917394284178,40.74001033930188,41.00082015991211,3663900
2005-09-08,41.26165129757533,41.44575072123164,40.770715599548375,41.292335510253906,5456300
2005-09-09,41.34602854210887,42.09010162743585,41.34602854210887,41.81394958496094,5095100
2005-09-12,42.00572365149996,42.0210657575532,41.49944585657308,41.629852294921875,4839700
2005-09-13,41.32303065655456,41.54548688377517,40.6556649011013,40.67867660522461,5865000
2005-09-14,40.6939992503245,40.870429058692935,40.51756944195607,40.609619140625,4075700
2005-09-15,40.678654121409295,41.28465402218394,40.678654121409295,40.96247863769531,4587700
2005-09-16,41.05453453849049,41.46876260365707,40.801394189930676,41.461090087890625,6548500
2005-09-19,41.46875465850163,41.49943593706692,40.770705094073556,41.0391845703125,2731200
2005-09-20,41.269318555078556,41.33835656659951,40.203067097527416,40.36415481567383,4785000
2005-09-21,40.701669040145525,40.92412221984953,40.134022929580794,40.34113693237305,5282900
2005-09-22,40.34881365936395,41.315345843393885,40.34114406955116,41.138916015625,5339400
2005-09-23,41.330689490103396,42.55802874043002,41.14658713945061,42.18982696533203,12424900
2005-09-26,42.565703974717024,42.8111718404564,42.26653727002737,42.496665954589844,5999200
2005-09-27,42.41996644931154,42.880221011921506,42.3892822265625,42.3892822265625,5005300
2005-09-28,42.88020802716356,42.88020802716356,42.08243603451688,42.45063781738281,5539800
2005-09-29,41.92901247063087,42.94924048958309,41.92901247063087,42.74212646484375,4683300
2005-09-30,42.74213828136955,43.46319984646091,42.70378154580062,43.1103401184082,6656300
2005-10-03,43.118008409314236,43.662640093952604,43.07198500995256,43.55524826049805,5065000
2005-10-04,43.7623622726846,44.49109633233513,43.63195873973862,43.77003479003906,6347800
2005-10-05,43.76237185976429,44.214953917961694,43.11034819977877,43.302120208740234,5651600
2005-10-06,43.2637461212161,43.72399755659206,42.9185560815805,43.27141571044922,4698700
2005-10-07,43.13335750827178,43.40184006162795,43.06431947183259,43.24074935913086,3217500
2005-10-10,43.24074725315757,43.54758360598964,42.86487579345703,42.86487579345703,3310600
2005-10-11,42.88020401863353,43.11032974563615,42.28187361697785,42.32789993286133,4149500
2005-10-12,42.27420182251816,42.65007314090289,41.9520234805526,42.212833404541016,4996500
2005-10-13,41.88298611749611,42.06708844805139,41.43807678514902,41.57615280151367,6319800
2005-10-14,42.57336288782925,43.56290661940362,42.29721087657993,43.2867546081543,8061000
2005-10-17,43.34046373310312,43.36347543232708,42.90322389060031,43.294437408447266,4411000
2005-10-18,42.95690823063994,43.57057776297908,42.95690823063994,43.348121643066406,4658100
2005-10-19,43.3711427931411,44.69820427109369,43.363470276840005,44.644508361816406,5653200
2005-10-20,44.79026707226675,44.797939590809975,43.78538368252941,43.80839538574219,5228900
2005-10-21,43.885078646618844,44.353002526852386,43.348116768872046,43.831382751464844,6067300
2005-10-24,44.26095200504716,44.345332103329994,43.75467434155693,43.86973571777344,4277400
2005-10-25,43.73933708888304,43.77769088520751,42.31255362643889,42.91088104248047,7084300
2005-10-26,42.995269702457165,43.34812938076218,41.30000640232392,41.40739822387695,9077400
2005-10-27,42.53500923729045,42.61938934392768,41.74490699658398,41.890655517578125,5078400
2005-10-28,42.38159071666886,43.51688003540039,42.38159071666886,43.51688003540039,8224300
2005-10-31,43.69331970144469,44.62916773917519,43.424840146132354,44.40671157836914,6624200
2005-11-01,44.583155681009174,45.588042058178885,44.49110593634136,45.25819396972656,10326600
2005-11-02,44.682874855644094,45.94089867523197,44.682874855644094,45.695430755615234,8163400
2005-11-03,45.94856952454228,45.94856952454228,44.214949113241694,44.23796081542969,13835900
2005-11-04,44.52944709235933,44.836283388958556,44.2993213330138,44.50643539428711,8213600
2005-11-07,44.87462615966797,45.02804427024158,44.498751935072974,44.87462615966797,3732600
2005-11-08,44.529446253434,44.70587609648194,44.32233219606268,44.5447883605957,3639700
2005-11-09,44.54479575874214,44.78259406993119,43.80071953196368,44.00016403198242,5127500
2005-11-10,44.45273509389705,45.54967079559292,44.29931696073957,45.48063278198242,7370000
2005-11-11,45.56501440521194,45.85650564900235,45.33488573477754,45.75678634643555,3442800
2005-11-14,45.83349792842714,45.84116751921007,45.357904292273716,45.36557388305664,3739900
2005-11-15,45.65706245071341,45.925541988141184,45.58035192130013,45.833492279052734,4435700
2005-11-16,46.009939891793934,46.47786406035732,45.94857437075095,46.316776275634766,5215500
2005-11-17,46.60058963597166,46.784692018361376,46.06362752406041,46.77701950073242,4555800
2005-11-18,46.830695713413384,47.29095001261323,46.52386244015369,46.76165771484375,4937200
2005-11-21,46.79235322591322,46.9457713627151,46.44716314966087,46.63893508911133,5542000
2005-11-22,46.500865094960545,46.66962535997041,46.332107756158635,46.53921890258789,3744800
2005-11-23,46.53921937810305,46.61592992034948,46.29375149533042,46.431827545166016,3035500
2005-11-25,46.52387693969215,46.56990033561089,46.14800262451172,46.14800262451172,1713200
2005-11-28,46.07128561743234,46.14799321245729,44.79792022705078,44.79792022705078,6060800
2005-11-29,44.87462175310964,46.324416756940096,44.87462175310964,46.078948974609375,6894500
2005-11-30,46.39347467871113,46.5238811400727,45.871854685680916,45.91788101196289,5491600
2005-12-01,46.34744094986611,47.18356672342461,46.30141755714299,47.15288543701172,5504000
2005-12-02,47.15289025525901,47.6668377012347,47.15289025525901,47.536434173583984,3443700
2005-12-05,47.390677481881305,47.881613144923016,47.068502050337955,47.820247650146484,4634600
2005-12-06,48.24214150055131,49.23168526437196,47.36766205390317,48.510623931884766,5650200
2005-12-07,48.29585002819933,48.32653424429513,47.597800206163384,48.02737045288086,5074000
2005-12-08,48.02736927768657,48.34954476018534,47.689848761307466,48.29584884643555,3976400
2005-12-09,48.441593923768295,49.05526355551217,47.67450615253654,48.840476989746094,2972600
2005-12-12,48.848155590779584,48.93253572431889,47.567117331625354,48.47995376586914,4086300
2005-12-13,48.456931432692734,48.832805715162515,48.02736416839301,48.656375885009766,5316300
2005-12-14,48.69472071092501,48.8941651264777,48.28049270281432,48.32651901245117,3095100
2005-12-15,48.4492673141239,48.67172348751955,47.97367367799461,48.579673767089844,4109900
2005-12-16,48.86349202289545,49.08594818070993,48.34954169022779,48.433921813964844,4788000
2005-12-19,48.13474645923923,48.441582666912375,46.81535486293442,47.444366455078125,12231700
2005-12-20,47.44438385659443,48.94787831419195,47.406030048119725,48.372562408447266,7769200
2005-12-21,49.00156746566852,49.47716106274749,48.64870486827998,48.93252944946289,13802700
2005-12-22,48.96321244919034,49.18566859880801,48.53364225608804,48.9018440246582,8951700
2005-12-23,49.05526000682432,49.17032140846089,48.55665182111025,48.82513427734375,3908300
2005-12-27,49.553876835255366,49.56154935288016,48.487625129640975,48.78678894042969,4856800
2005-12-28,48.710080035293615,48.97855962091045,48.51830806665073,48.67172622680664,3890200
2005-12-29,48.656364740358896,48.671706842885165,48.134744959293116,48.24980926513672,3556600
2005-12-30,47.95832997045852,48.13475981465016,47.65916619438541,47.66683578491211,3388100
2006-01-03,48.01969868520347,48.01969868520347,46.48552297096428,47.352333068847656,8070500
2006-01-04,47.475069188559786,47.712867488619246,47.25261299749204,47.46739959716797,5585200
2006-01-05,47.73586808242313,48.23447626691573,47.16822481284216,47.32164001464844,5624200
2006-01-06,48.134744959293116,48.272820955822695,47.5824409731748,48.24980926513672,5577600
2006-01-09,48.24981749343545,48.24981749343545,46.991791207605026,47.099185943603516,8828900
2006-01-10,47.13754866955802,48.150104391056146,47.12987615243012,48.02737045288086,6237800
2006-01-11,48.019682149810066,48.096392664831825,47.26793665983849,47.444366455078125,5515800
2006-01-12,47.48272128699907,48.25747843755662,47.35998739405312,47.96598434448242,5374100
2006-01-13,47.05317039658727,47.05317039658727,45.80281634028051,46.746334075927734,11002500
2006-01-17,46.17868494493271,46.792354583740234,46.00992469693277,46.792354583740234,6332500
2006-01-18,46.79234877702595,47.375334129995395,46.470173353960355,46.838375091552734,7104900
2006-01-19,47.030151512737426,47.63614861784999,45.480633889894726,47.15288543701172,13389600
2006-01-20,47.099198859089675,47.099198859089675,45.55735052083495,45.62638854980469,10087400
2006-01-23,45.64938433835581,45.89485507617774,44.27629968157523,44.48341369628906,9610500
2006-01-24,44.52944500403367,45.02805323107192,44.52944500403367,44.72888946533203,8250200
2006-01-25,45.05105422317264,45.16611853321183,44.069183035344224,44.475738525390625,6529400
2006-01-26,44.48342211289244,44.88997770413905,43.81605363047429,44.40671157836914,9949700
2006-01-27,44.67518967062486,45.08941481152301,44.498756921659336,44.90531539916992,6418600
2006-01-30,44.79791750189699,45.028043199179976,44.22260179558602,44.31465148925781,6738800
2006-01-31,44.62148562506432,45.98690358381697,44.49875172243333,45.580345153808594,10652700
2006-02-01,45.48830548914134,45.83349558084953,45.29653354110431,45.6417236328125,7522900
2006-02-02,45.81815394204746,45.825826458723654,45.06640824920564,45.534332275390625,6235200
2006-02-03,45.53433454213581,45.94089015998092,45.32722047468418,45.7337760925293,5392400
2006-02-06,45.51898498402588,45.71842650177629,44.68285926021982,44.90531539916992,4891600
2006-02-07,44.8746393201394,45.31955167866247,44.260969624079934,44.28398132324219,5174300
2006-02-08,44.122894049727435,44.55246430467841,42.38160425672257,44.17658996582031,7318700
2006-02-09,44.87463902246021,45.403928583136434,44.521779315342734,44.55246353149414,5747900
2006-02-10,44.60615258480481,45.089415746912614,44.03083678840341,44.95133972167969,4224000
2006-02-13,44.874634164412996,45.089417801804956,44.62149379788025,44.94367218017578,3357500
2006-02-14,44.87463666532965,45.61871277377374,44.87463666532965,45.603370666503906,4771900
2006-02-15,45.56503035356409,45.83350999476546,45.04341025676546,45.25819396972656,4335100
2006-02-16,45.442272290928216,45.465283983341784,44.59080455714138,44.87462615966797,5087600
2006-02-17,44.68284547740016,44.797909769283784,44.36067014205639,44.49107360839844,7065300
2006-02-21,45.10476426492876,45.28886663348133,44.445068256409876,44.621498107910156,4688800
2006-02-22,44.75189935958039,45.871846769976514,44.75189935958039,45.67240524291992,5297100
2006-02-23,45.933218657285856,45.933218657285856,45.54200223742459,45.603370666503906,4772500
2006-02-24,45.33489681923791,45.61104895031279,44.882314810244814,45.17380905151367,5348000
2006-02-27,45.258184528962225,45.38091847165346,45.120108477658576,45.212158203125,3247000
2006-02-28,45.20447675680641,45.27351476435265,44.39136277084045,44.66751480102539,5301200
2006-03-01,44.52944394182678,44.84394980679566,44.36835621430291,44.82093811035156,5289900
2006-03-02,44.49110177834582,44.65986206630553,43.89277410460991,44.16892623901367,5964400
2006-03-03,43.99248350501491,44.23795136326632,43.332790464844045,43.41716766357422,6531000
2006-03-06,43.18703734273879,43.555239091157496,43.141013953066064,43.493873596191406,5800300
2006-03-07,43.125668064891414,43.96946329855932,43.03361544120584,43.279083251953125,6308800
2006-03-08,43.28676438117133,43.99248374595737,43.20238425577133,43.87742233276367,6063300
2006-03-09,44.107553303691,44.38370540995957,43.17170514938263,43.21773147583008,5283100
2006-03-10,43.25607866535094,43.56291494229643,43.07197924014972,43.087318420410156,6983600
2006-03-13,43.00294584505196,43.0336271350773,41.30767947576338,42.74980545043945,12402100
2006-03-14,42.53502757980734,43.677986991119916,42.53502757980734,43.63963317871094,7598000
2006-03-15,43.64728854751393,44.122882072178726,43.378806113723535,43.984806060791016,6608100
2006-03-16,43.946473161955886,43.98482697753427,43.30978870376219,43.394168853759766,6071300
2006-03-17,43.647285229105435,43.65495481750735,43.07196953413238,43.4861946105957,6645800
2006-03-20,43.40181726124982,43.654954644406615,43.07196936334329,43.363460540771484,4382400
2006-03-21,43.524558511859496,43.65496201965455,42.619394768339085,43.11800003051758,5928000
2006-03-22,42.18985177368607,43.65499014550571,42.18985177368607,43.4478759765625,4434600
2006-03-23,43.14869961928143,43.378825432009236,42.84186325150537,43.24074935913086,5577500
2006-03-24,43.094979352424104,43.555230717914974,42.53500578480105,42.788143157958984,4938800
2006-03-27,42.5426907183567,42.765146893275286,42.05942748813644,42.13613510131836,11124700
2006-03-28,41.852299940865954,42.06708352956186,40.80906035084538,41.66819763183594,12203500
2006-03-29,42.67307937750222,43.37879848835555,42.419939092387445,42.941558837890625,9507000
2006-03-30,42.788073524257605,43.724423334681454,42.76504948884608,43.17949676513672,8091100
2006-03-31,43.17951079110608,43.47883798756933,42.59621259158756,42.87251281738281,9771000
2006-04-03,43.44044923961395,43.44044923961395,42.473401631766606,42.573177337646484,7603400
2006-04-04,42.51945109865557,42.74970024194975,42.212450289078866,42.44269943237305,6934400
2006-04-05,42.34292373009411,42.77272427794616,42.25082465833178,42.44269943237305,5678600
2006-04-06,42.481071701506266,42.496422034003906,41.230050344602674,41.83637237548828,12065600
2006-04-07,41.943840477499755,42.38898857623937,41.176341130630796,41.20703887939453,8073100
2006-04-10,41.13795134853211,41.16097831284549,39.472479676110765,40.2399787902832,19075000
2006-04-11,40.408833693910395,40.53163344771381,39.050359770585594,39.56458282470703,14551300
2006-04-12,39.564575436453204,41.1149238685712,39.564575436453204,41.03049850463867,12100500
2006-04-13,41.03048708802089,41.29143680948721,40.72348931015069,41.061187744140625,7685500
2006-04-17,40.70048040970619,40.70048040970619,39.48783323277969,39.656681060791016,10399800
2006-04-18,40.4472015714937,40.623726006247146,37.998877664602,38.12167739868164,41589900
2006-04-19,38.121666825065404,38.3749428532291,36.410144725144484,37.7455940246582,41951500
2006-04-20,37.87609660661447,38.97362105202511,37.64584735765502,38.467071533203125,19329200
2006-04-21,38.76638925320633,38.95059037769736,37.97586589277439,38.04494094848633,8944100
2006-04-24,37.97584225377053,38.70496673736223,37.684191874778705,38.49774169921875,11713600
2006-04-25,38.52845406897051,38.797077573541046,37.753278365307054,37.88375473022461,8586000
2006-04-26,38.06029475397562,38.3749693858283,37.45396953501286,37.58444595336914,12356600
2006-04-27,37.216041113981056,37.216041113981056,35.734767279764746,36.64809036254883,29892500
2006-04-28,36.8399502938981,38.29819949747538,36.77854897140903,38.17539978027344,15281800
2006-05-01,37.83770884649821,38.54380961189336,37.83770884649821,38.221458435058594,10991400
2006-05-02,37.83771174733365,38.37496179806196,37.18533856787749,37.28511428833008,11589500
2006-05-03,37.07788133618078,37.08555503870264,35.55055688998886,35.77313232421875,23876600
2006-05-04,35.76545565796009,36.18758249065324,35.3663587161392,35.71173095703125,11609000
2006-05-05,35.83452384226618,35.98035051215103,35.24354931723152,35.60427474975586,13241300
2006-05-08,35.42010894899796,35.80385876240951,34.445384071599165,34.59888458251953,19356900
2006-05-09,34.291858898466664,34.383957967671066,33.24038598570126,33.616458892822266,30915600
2006-05-10,34.37626726896246,35.63496466094992,34.00786824651066,35.4354133605957,29520300
2006-05-11,34.614213902678195,34.798415005040056,33.71624121407925,34.05393981933594,30196200
2006-05-12,33.716236236492655,35.43543260843518,33.46296012410883,35.182159423828125,17054700
2006-05-15,35.189821629261345,35.934296461817226,34.99794691388309,35.84219741821289,11640200
2006-05-16,36.12618253092469,36.76320819151717,35.9880324582125,36.08013153076172,10947600
2006-05-17,35.903596505726924,36.59434666568622,35.45844867980106,35.98802185058594,8631500
2006-05-18,35.38171426880495,35.45846595050368,34.276516402338856,34.76771545410156,17695600
2006-05-19,34.767696390064806,34.8444480296786,33.92344884874281,34.0922966003418,15505500
2006-05-22,34.099989706990165,34.207439126598665,33.29411613214931,33.40156555175781,12017300
2006-05-23,33.76996039022162,33.87740979574623,32.810586515499416,32.86431121826172,12139900
2006-05-24,32.8259347758808,32.8259347758808,31.805159632305177,32.30403518676758,20166900
2006-05-25,32.311701164146356,32.75685191281484,32.311701164146356,32.55730056762695,12934600
2006-05-26,32.61871387726212,33.31713798669947,32.58033950531483,33.09456253051758,8613600
2006-05-30,32.85662234692878,33.6241210923838,32.848945719920025,33.25572204589844,8673000
2006-05-31,33.57808371334233,33.885084506974934,33.355508284347515,33.7392578125,9254900
2006-06-01,33.87741115606936,35.22821126547359,33.83136308201076,35.09006118774414,11753300
2006-06-02,35.5198523247468,36.35642634106231,35.5198523247468,36.05710220336914,12669300
2006-06-05,35.84220749433339,36.156881998905384,35.335658220442454,35.47380828857422,7065100
2006-06-06,35.53520667442975,35.857557809167204,34.99795673505176,35.44310760498047,6846900
2006-06-07,35.68102869469552,35.98035282699395,35.450776659595576,35.51985168457031,5290700
2006-06-08,35.85755546602697,36.034079890843245,35.14378113693973,35.496829986572266,6128300
2006-06-09,35.304961498395066,35.535210661742255,35.01331099667426,35.12843704223633,5693100
2006-06-12,35.12842643392876,35.42007684757511,34.575826266551694,34.66025161743164,4526700
2006-06-13,34.39931011755458,35.03633578866107,34.345585413699425,34.86748504638672,6359800
2006-06-14,34.35326303849799,34.744689271588186,34.19208890853243,34.52211380004883,5954700
2006-06-15,34.53745964519138,34.65258568178605,33.92346094816555,34.345584869384766,7777500
2006-06-16,34.460717274783164,34.529792323950616,33.92346721767826,33.9925422668457,7265100
2006-06-19,34.146048509438884,34.15372221497284,33.24039901198817,33.38622283935547,6743700
2006-06-20,33.654835578868365,33.90043506551266,33.38621205528143,33.547386169433594,5288500
2006-06-21,33.38620667955487,34.2304544129848,33.38620667955487,33.82368087768555,5706300
2006-06-22,33.923466374083326,34.69096560006812,33.923466374083326,34.09999084472656,5785900
2006-06-23,33.87741871635403,35.05936834390938,33.8467180416124,34.713993072509766,6156800
2006-06-26,34.6218895033624,35.07471415008114,34.268840572775474,34.49141311645508,4391200
2006-06-27,34.322565676319506,34.51444047920094,33.900438767758644,33.93881607055664,4393100
2006-06-28,34.14604185228544,34.23046430781093,32.92571796585853,34.09999084472656,7270400
2006-06-29,34.099968685208246,35.16679144761882,34.099968685208246,34.54511642456055,5401800
2006-06-30,34.55280762784712,34.767706425241705,33.984857041877326,34.36860656738281,7551500
2006-07-03,34.42231674531419,34.59116740219367,34.07694466027934,34.54511642456055,2175800
2006-07-05,34.53745802649164,34.72165909085463,33.99253439140671,34.621883392333984,5041600
2006-07-06,34.406978607177734,35.02097716865522,34.176726584819605,34.406978607177734,5323200
2006-07-07,34.55279915920447,34.99027327683684,34.545122531020986,34.83677291870117,4568800
2006-07-10,34.8828304635811,36.03407897440704,34.8828304635811,35.934303283691406,6973100
2006-07-11,36.02639462981635,37.56906894351796,35.99569690121154,36.909019470214844,15099500
2006-07-12,37.13929392926084,37.56141799588008,36.67111884658618,36.88602066040039,6576000
2006-07-13,36.8936729069949,37.407898706630355,36.694124475709046,36.84762191772461,5419500
2006-07-14,36.732505075162585,36.770879442184295,36.04943138773597,36.49457931518555,5044400
2006-07-17,36.31805871978069,37.146959188307214,36.27968434870672,36.57133483886719,4742500
2006-07-18,36.563663954854604,37.461639603563704,36.364115437239974,37.14696502685547,9171400
2006-07-19,38.30586920093375,39.2498924773545,38.10632077922343,39.08871841430664,17651000
2006-07-20,39.25758002351054,39.86390208566116,37.96818130498671,38.536128997802734,10538600
2006-07-21,38.68194733810262,38.68194733810262,37.87607111740275,38.37494659423828,7790900
2006-07-24,38.451691409340945,39.05034250627143,38.32121800951011,38.98894119262695,7216400
2006-07-25,38.99662838831602,39.65667512220378,38.74335229256161,39.51852798461914,5764600
2006-07-26,39.334330970178776,39.46480441879574,38.589855866635084,38.78173065185547,5497400
2006-07-27,37.37722341031044,38.02959676488798,36.37947472128327,37.96052169799805,15388600
2006-07-28,38.0526026893351,38.789401043398136,36.43317929412111,36.72482681274414,10645700
2006-07-31,37.0701989893808,37.338825380647485,36.27967600158627,36.709476470947266,6357800
2006-08-01,36.45621322610274,36.83996283900908,36.4255125544037,36.701812744140625,4002600
2006-08-02,37.60746788452141,38.06796632015959,37.17766719755549,37.277442932128906,7799900
2006-08-03,37.33115260105345,37.43092829539983,36.555979863777715,36.663429260253906,5074900
2006-08-04,37.062546388496365,37.684219023012645,36.77089579939541,37.269771575927734,5253900
2006-08-07,36.947415058907005,37.56141390047826,36.947415058907005,37.216041564941406,2977800
2006-08-08,37.47697653940277,38.15237353273464,37.43859924824252,37.9297981262207,4884300
2006-08-09,38.27518736948959,38.35193905234261,37.53071507636797,37.59211349487305,3533400
2006-08-10,36.38712545306144,36.72482394031651,35.68870151894158,36.379451751708984,10786800
2006-08-11,36.133852985781644,36.640402189891844,36.05710133196118,36.509925842285156,3743600
2006-08-14,36.83229382123635,36.94741696308934,36.4638915695296,36.579017639160156,4225700
2006-08-15,37.06253516115978,37.06253516115978,36.648084911846254,36.939735412597656,3074000
2006-08-16,37.06251750032996,37.22369154455779,36.71714245714493,36.947391510009766,4098200
2006-08-17,36.94741026849699,37.89911054537296,36.93205993347577,37.638160705566406,5228300
2006-08-18,37.56908695708321,38.02191160860086,37.23906206219184,37.9912109375,5029900
2006-08-21,37.62280791302359,38.32123200809404,37.62280791302359,38.03725814819336,3092200
2006-08-22,37.99122150849915,38.513121351322994,37.95284712283404,38.098670959472656,3905500
2006-08-23,38.10634759327245,38.3365968350411,37.95284712283404,38.098670959472656,2213900
2006-08-24,38.13703773802659,39.372712033300566,38.098663360015934,39.265262603759766,5342400
2006-08-25,38.95057069384378,39.19617011719864,38.490072506997436,39.05034637451172,2908200
2006-08-28,38.78939657889914,39.71806958043236,38.73567188808489,39.395721435546875,4092200
2006-08-29,38.95055997484677,39.59525901567938,38.835433995929236,39.16545867919922,3936000
2006-08-30,39.35734553757947,39.9713470447687,39.12709643627159,39.71807098388672,4515800
2006-08-31,39.71807021333887,39.93296898002027,39.33432074267859,39.8715705871582,4325200
2006-09-01,39.87158816021732,39.92531287556638,39.395739426649655,39.75646209716797,4312600
2006-09-05,39.83320033795662,39.894598737157345,38.87382656226187,38.912200927734375,4540100
2006-09-06,38.76637498756842,39.21919953553903,38.15237634483957,38.69729995727539,4551300
2006-09-07,38.75870443883075,39.004303915904174,38.351930853886024,38.536128997802734,2410100
2006-09-08,38.8354636561072,39.24224027858534,38.635915125059014,39.06571578979492,3330700
2006-09-11,38.551470711304056,39.71806943044942,38.536120381447084,39.602943420410156,3799000
2006-09-12,39.633649205668924,40.424172264991476,39.633649205668924,40.31672286987305,5188400
2006-09-13,40.11718833602613,40.508611686644564,39.85623845968803,39.94833755493164,3840300
2006-09-14,39.94833161647467,40.06345766424838,39.52620765426607,39.76413345336914,3341600
2006-09-15,39.940643991714204,40.20159373830788,39.83319461272434,40.07111740112305,5922000
2006-09-18,40.02507397368124,40.55464722905422,39.8562232569929,39.97902297973633,5669200
2006-09-19,39.75646357610941,40.02509009062501,39.234563812351844,39.81018829345703,4244500
2006-09-20,39.7103942175951,39.90226894183831,39.49549253555507,39.549217224121094,2802900
2006-09-21,39.4341044994394,39.833204381979776,38.39030525706869,38.597530364990234,4932000
2006-09-22,38.605218616587706,38.605218616587706,37.530721230451206,37.58444595336914,7753300
2006-09-25,37.929797525270715,38.01422288004365,37.070199502428146,37.46929931640625,5900000
2006-09-26,37.960502856214006,37.960502856214006,37.26207882778158,37.31580352783203,5621500
2006-09-27,37.315805760155335,37.85305572057603,36.77088209688691,37.66885757446289,6510100
2006-09-28,37.76097313130382,37.99889608454178,37.60747265735087,37.96052169799805,3614400
2006-09-29,37.83771219333128,38.183087439140266,37.538387956222586,37.760963439941406,5875600
2006-10-02,37.6918966075819,38.05262226826221,37.239071837200754,37.937496185302734,4923600
2006-10-03,37.93747484240393,38.20609831448306,37.56907568307701,38.0526008605957,4814500
2006-10-04,37.868407401766376,38.14470755854622,37.62280791302359,38.03725814819336,5259800
2006-10-05,37.7763004304604,38.935222592773066,37.684198445597865,38.8891716003418,5942600
2006-10-06,38.83545655108089,40.37813151122107,38.80475880961257,39.526206970214844,9803400
2006-10-09,39.5185142490159,39.52618794874587,38.85078818926199,38.92753982543945,3768100
2006-10-10,39.104094758250326,39.12711880320992,38.03727106771449,38.106346130371094,5325500
2006-10-11,38.083310473081966,38.658934888028455,37.83771095692697,38.45170974731445,4648900
2006-10-12,38.374944311338346,38.374944311338346,37.66884674134215,38.08329391479492,5007900
2006-10-13,37.799353418594755,37.91447952397598,37.23907908981499,37.41560363769531,7707300
2006-10-16,36.187587561484484,38.65125923025171,36.187587561484484,36.48691177368164,32185700
2006-10-17,36.27968075349518,36.57900491709754,35.773131493296596,35.865230560302734,15103400
2006-10-18,36.080147709084486,36.862997496224125,35.80385036754524,36.83997344970703,9840300
2006-10-19,37.76095465599911,39.165476425199834,37.44628015585647,38.87382888793945,21289100
2006-10-20,39.027324024151895,39.487825193151224,38.820101865045075,38.912200927734375,12075800
2006-10-23,38.96592941920619,39.28060393116402,38.628230871278205,38.866153717041016,6835900
2006-10-24,38.75870845862428,38.981283922736324,38.24448541510024,38.252159118652344,7961900
2006-10-25,38.25980206331093,38.29817933354913,37.177629210300886,37.323455810546875,13030300
2006-10-26,37.83770900741554,38.10633547721643,37.53071109192783,37.89143371582031,7951800
2006-10-27,37.79932704293021,38.30587628314573,37.553727588751556,37.92212677001953,5413500
2006-10-30,38.098652799451294,38.21377882934887,37.40790540339551,37.63047790527344,5325600
2006-10-31,37.68420190748624,37.83002859969362,37.26207801863771,37.438602447509766,6353500
2006-11-01,37.8683859654527,38.02188629096859,36.73248824107544,37.070186614990234,5523200
2006-11-02,36.9167036647597,37.76095438856613,36.90902996237102,37.31580352783203,5651900
2006-11-03,37.415574105137296,37.415574105137296,36.43317637834207,36.709476470947266,6676300
2006-11-06,36.717146991466606,37.39254683401629,36.709473290792864,37.15462112426758,6218100
2006-11-07,37.423265447078826,38.37496588935701,37.108590843897204,38.04494094848633,9393900
2006-11-08,37.17767215232925,37.361873307800124,36.356447978401775,36.83997344970703,15683000
2006-11-09,36.83995840994117,36.83995840994117,34.62956008556718,34.744686126708984,21445100
2006-11-10,34.882832156456054,35.68870556758823,34.752355796453344,35.389381408691406,10615800
2006-11-13,35.489153898306775,35.96500244311102,35.15145247547208,35.880577087402344,9117500
2006-11-14,36.08780803333283,36.471557583332824,35.9650082944439,36.41015625,8889300
2006-11-15,36.37177946885664,36.90135568651919,36.34107880422589,36.80925369262695,7700300
2006-11-16,36.993448662613694,37.06252368277319,36.4561988311261,36.54829788208008,5271300
2006-11-17,36.53295916960102,36.5943605082797,35.980361760377754,36.26433563232422,5714800
2006-11-20,36.62506373025916,36.74018685663991,35.865238213926624,35.926639556884766,6017800
2006-11-21,36.07245429691501,36.07245429691501,35.450779030564405,35.558231353759766,6131700
2006-11-22,35.48148795571054,35.82686318409897,35.47381425186952,35.734764099121094,4855300
2006-11-24,35.6119725423425,36.072471001031786,35.45079544680123,35.84989547729492,1842400
2006-11-27,35.84220747629622,35.98803124690564,35.44310760498047,35.44310760498047,5616900
2006-11-28,35.49682674642666,36.83994992061578,35.49682674642666,36.33340072631836,9759500
2006-11-29,36.42549521397962,36.54062121415647,36.02639545521594,36.50224685668945,8221000
2006-11-30,36.80158276383135,37.97585546057704,36.763208394039175,37.66885757446289,11434700
2006-12-01,37.945146379396135,38.25214712521042,37.21602473169538,37.47697448730469,7665800
2006-12-04,37.492347720742984,38.01424759153557,37.3158231950011,37.53839874267578,7844100
2006-12-05,37.68419045998419,37.73791514254781,37.36184236460243,37.515342712402344,4601200
2006-12-06,37.63046644721554,37.71489178639698,37.392543685277666,37.615116119384766,9797200
2006-12-07,37.668857436319676,38.56682998282577,37.60745610265597,37.9835319519043,10122900
2006-12-08,37.89141617325845,38.3365668971235,37.82234116189234,38.30586624145508,6141000
2006-12-11,38.29820698396603,38.612881503794256,37.876080128777275,38.44403076171875,4475300
2006-12-12,38.30587920642206,38.6589280827744,38.1907531725879,38.40565490722656,7116500
2006-12-13,38.70497834978467,38.80475404870198,38.09865338157606,38.15237808227539,6556600
2006-12-14,38.37494820032641,38.536122280101495,38.06027374219478,38.14469909667969,7522900
2006-12-15,38.12167961119068,38.49008176258756,37.714906017401624,38.44403076171875,7423600
2006-12-18,38.52845683362815,38.781730023571924,38.35960608848108,38.68195724487305,5465300
2006-12-19,38.75871344473347,40.31673603839538,38.751039740194194,40.163238525390625,13074400
2006-12-20,40.33974741937152,41.21469578761918,40.170896706981175,41.10724639892578,10252900
2006-12-21,41.36052705474133,41.79800131835211,41.16097857202179,41.39122772216797,8171700
2006-12-22,41.26073464644771,41.375860638804234,40.60836183049566,41.02281188964844,4569100
2006-12-26,41.19934854088135,41.31447456754334,40.66977525934447,40.853973388671875,2317000
2006-12-27,40.170886259548155,41.13793343406043,39.948310910697344,40.969085693359375,4915000
2006-12-28,40.57766565041994,41.25306549599205,40.57766565041994,41.183990478515625,3626100
2006-12-29,40.98446250965438,41.47566157785171,40.98446250965438,41.237735748291016,4410400
2007-01-03,41.690546848662834,41.70589718051253,40.15554879701022,40.3474235534668,8360300
2007-01-04,40.29370104871371,40.67745058251098,39.94832588274084,40.608375549316406,5152500
2007-01-05,40.52394413523397,40.71581887349528,39.85622086586192,40.332069396972656,6215700
2007-01-08,40.25533031219211,41.05353011715983,40.07880586205485,40.92305374145508,4344100
2007-01-09,40.94608112106166,40.94608112106166,40.239983262874546,40.43185806274414,5483900
2007-01-10,40.53930518040936,40.869330051668456,40.06345652352898,40.54698181152344,5075600
2007-01-11,40.7618688468882,41.82869189653925,40.63906913457821,41.79031753540039,5491000
2007-01-12,41.7519603262946,42.47340856652038,41.63683426780726,42.289207458496094,8345700
2007-01-16,42.28918383028014,42.94155958424466,41.99753638654488,42.78805923461914,8213400
2007-01-17,42.941568075808064,43.20251784344075,42.6115432835733,42.71131896972656,6731900
2007-01-18,41.905445316166535,41.905445316166535,40.953748171028586,41.291446685791016,13144300
2007-01-19,41.291453825837195,41.291453825837195,40.73885642683326,40.830955505371094,8131200
2007-01-22,40.83093870946812,40.86931306575876,39.94831387590483,40.055763244628906,8795700
2007-01-23,40.063455475334564,40.255330259289444,39.44945675223432,39.50318145751953,7639300
2007-01-24,39.426437172722395,40.14788836931383,38.95826214372857,39.75646209716797,8157300
2007-01-25,39.75644144254003,40.21694252771631,39.75644144254003,39.986690521240234,4976800
2007-01-26,39.95599215807214,40.017390545124016,39.3573410496053,39.55689239501953,4097600
2007-01-29,39.41106264568577,39.91761174218887,39.41106264568577,39.70271301269531,5026500
2007-01-30,39.92529366217622,40.31671681817874,39.764119593691426,40.07111740112305,5881200
2007-01-31,40.29370195359077,40.29370195359077,39.480151869671054,40.109500885009766,4265600
2007-02-01,40.117171339288454,40.84629594318228,39.74109555739755,40.52394485473633,4694500
2007-02-02,40.562324551261156,41.02282574848385,40.48557581561234,40.608375549316406,4959500
2007-02-05,39.87158798068229,40.54698816345729,39.802512928719196,40.163238525390625,6472500
2007-02-06,39.75645716403662,39.825532207739656,38.76638251355211,39.13478469848633,10969400
2007-02-07,39.44175797450447,39.44175797450447,39.134760249224094,39.33430862426758,5172000
2007-02-08,39.35734644600528,39.648996875874275,39.27292109042929,39.3266487121582,4105700
2007-02-09,39.357344189817255,39.54154522122144,38.95057069384378,39.05034637451172,4438700
2007-02-12,39.487827954316465,39.90227815706315,39.434103253343004,39.61830139160156,4360200
2007-02-13,39.863907061541305,40.06345849143225,39.49550779994695,39.610633850097656,6080700
2007-02-14,39.68737261451586,39.856223331519935,39.3803747709714,39.63364791870117,5125200
2007-02-15,39.98668969823647,41.560064713819145,39.89459065420714,41.14561462402344,8389500
2007-02-16,41.06888036134509,41.65985508887281,41.00748194860012,41.40658187866211,6276000
2007-02-20,41.867078693805624,42.17407952965966,41.14563053565868,41.30680465698242,6237000
2007-02-21,41.314472930430554,41.544722046854275,40.83862143834165,41.08422088623047,4792000
2007-02-22,41.30679022216114,41.44494025724068,41.022816451286936,41.23004150390625,3893100
2007-02-23,41.50636958326187,41.66754375702574,40.58536970381735,40.70049285888672,4587700
2007-02-26,40.80791857090603,40.946068618852465,40.42416908833844,40.838619232177734,4700700
2007-02-27,40.84629143697143,41.19934022002558,39.09639199512198,39.6873664855957,8615400
2007-02-28,39.925311199446185,40.46256125815963,39.6873853787621,40.04811096191406,7015300
2007-03-01,39.95599810147884,40.830946473490386,39.32664916975908,40.47789764404297,8698200
2007-03-02,41.43727939894266,42.273853569409646,40.67745397051685,41.58310317993164,13175700
2007-03-05,41.3682140747281,42.09733607867373,40.62373880543653,40.64676284790039,9355200
2007-03-06,41.7596284438767,41.82870348417264,41.09190500620046,41.429603576660156,13281200
2007-03-07,41.299123315544946,41.444947075329,40.761873416050214,41.291446685791016,6584300
2007-03-08,41.575425353626656,41.636826687715576,40.76187817138574,40.930728912353516,6038300
2007-03-09,41.061217038136604,41.29146626774816,40.55466756188005,40.677467346191406,4786100
2007-03-12,40.98445359090843,41.14562770112885,40.42417666490586,40.88467788696289,6895600
2007-03-13,40.88469253117515,41.46031706909295,40.65444330156359,40.677467346191406,10299700
2007-03-14,40.60070319836107,41.406576660605594,40.47022683008292,40.96142578125,8599100
2007-03-15,40.961418800244935,41.621468376300506,40.815595051399995,41.48331832885742,6508200
2007-03-16,41.682878510316776,41.92847799596245,40.59302823095937,40.77722930908203,12425700
2007-03-19,41.09190713734429,41.844055988588266,40.930733010887096,41.67520523071289,7729800
2007-03-20,41.6751983956878,42.14337329099316,41.35285019564077,41.521697998046875,9084100
2007-03-21,41.483313641941926,42.319887533483524,40.90768948522365,42.2354621887207,13092400
2007-03-22,42.47341890998579,43.15649293965585,41.943845353088086,42.742042541503906,12849200
2007-03-23,42.56549876515935,43.547899589780215,42.419674992276754,43.37137222290039,8674100
2007-03-26,43.34067142960879,43.82419371350656,43.13344633889126,43.65534591674805,9689000
2007-03-27,42.979948420646984,43.44812332724472,42.1357006049235,42.86482238769531,15167800
2007-03-28,42.96459226844928,43.54789312899423,41.897769161661294,42.066619873046875,12456100
2007-03-29,41.26800262508236,41.26800262508236,40.200591867840124,40.576873779296875,26372300
2007-03-30,40.576855006296185,40.87634305778389,40.331121070235525,40.67668533325195,8706200
2007-04-02,41.00689923498915,41.429254340775664,40.79956063482918,41.260311126708984,8847400
2007-04-03,41.52908456831814,42.12037995708536,41.46764960724196,41.93608093261719,9027800
2007-04-04,41.93607481691305,42.542731786858305,41.77481246167588,42.281639099121094,8705200
2007-04-05,42.09733882790012,42.926693137819136,42.020548064113484,42.48897933959961,9043800
2007-04-09,42.35075978073057,42.527380906631315,42.08966704475114,42.1434211730957,8099000
2007-04-10,42.12037150882755,42.30467342570971,41.398528437246604,41.65194320678711,8314800
2007-04-11,41.36781651822613,41.62890922673368,40.62293670552104,40.80723571777344,10239700
2007-04-12,40.63063057394637,40.97619501941444,40.51544144899663,40.791893005371094,5216000
2007-04-13,40.96848947971857,40.96848947971857,40.08538412864533,40.66132354736328,6946800
2007-04-16,40.66898863945686,41.35243606567383,40.50772635606648,41.35243606567383,6470900
2007-04-17,42.081989482082356,42.350763074086316,41.53676732111451,41.943763732910156,12462200
2007-04-18,41.6366023453707,42.19718331121529,41.36782872324958,41.62892150878906,7377000
2007-04-19,39.54785964698842,40.30810134466392,39.35587974578945,39.97021484375,19605100
2007-04-20,40.30809512847101,41.35246316925425,40.01628490342404,40.85331726074219,13710900
2007-04-23,40.853313068830964,41.490684653840034,40.699728601440086,41.42925262451172,7865400
2007-04-24,41.390863744239724,41.75178393053683,40.96850566019972,41.6442756652832,9378500
2007-04-25,40.89169291282696,41.39084150980554,40.19288663468433,40.65363693237305,14426200
2007-04-26,40.77650828248821,41.175826617369744,40.0700240257296,40.477020263671875,14477500
2007-04-27,40.484709147878675,40.89170546676606,40.484709147878675,40.81491470336914,6330800
2007-04-30,41.12976352748982,41.12976352748982,40.500069862889724,40.74580383300781,7393900
2007-05-01,40.638300193770526,40.69973516238244,40.269699170240656,40.507755279541016,9132800
2007-05-02,40.77652631342832,41.42925967863488,40.48471899801795,41.306392669677734,7340900
2007-05-03,41.42924714406004,41.467642523483626,40.692045313360346,40.84562683105469,7602000
2007-05-04,40.81491878867499,41.3447821396612,40.69972970267008,41.13744354248047,5999900
2007-05-07,41.152797250213496,41.40620910730366,40.822591702050715,40.89170455932617,8083500
2007-05-08,40.699734774035754,40.891714655045355,40.53079154134554,40.78420639038086,8615500
2007-05-09,40.56918303606097,41.08368762450848,40.50007017334921,40.76884078979492,6941500
2007-05-10,40.515434793489256,41.14513152922419,39.931817215422114,40.71509552001953,4780800
2007-05-11,40.72274671307915,41.314044739333426,40.59220187930574,41.15278244018555,7440700
2007-05-14,41.052978183325706,41.076017761660495,40.53079265823945,40.569190979003906,5883800
2007-05-15,40.71509130685531,40.80724082451337,40.33113156566962,40.45399856567383,6632000
2007-05-16,40.58453999425628,41.32942276573603,40.38488223487393,41.314064025878906,6847500
2007-05-17,41.137451898488315,41.46765755410293,40.884039958935674,41.19888687133789,4840800
2007-05-18,41.26029612043252,41.31405022728891,40.80722369880072,41.060638427734375,5922600
2007-05-21,41.03759155914304,41.65960702272219,40.791857705986025,41.08366775512695,6847900
2007-05-22,41.14512555613076,41.73642095504961,40.96850150469447,41.3831787109375,6655700
2007-05-23,41.38317336152829,41.659624796621394,41.1681568806247,41.41389083862305,6721000
2007-05-24,41.30639667750074,41.79786476101486,41.214244214806214,41.62892150878906,8538300
2007-05-25,41.92838956374303,41.936070396637916,41.49067582887668,41.78248596191406,4909800
2007-05-29,41.774820087226054,42.07430821001482,41.774820087226054,41.905364990234375,5129700
2007-05-30,41.76713925211951,42.15877981990504,41.64427225483745,41.905364990234375,4266900
2007-05-31,42.04360884288191,42.48132289237508,41.85930680286194,42.05896759033203,7238100
2007-06-01,42.18948532036917,42.59648454166516,42.09733582452352,42.39682388305664,6150700
2007-06-04,42.158769699034764,42.58112471771268,42.158769699034764,42.38914489746094,4580400
2007-06-05,42.19718314954378,42.33540891367514,41.721073811636224,42.00520324707031,5617800
2007-06-06,41.705687951695936,41.951421832740174,41.32940629857129,41.44459533691406,4652900
2007-06-07,40.753487487700546,41.65195482282686,40.753487487700546,40.9761848449707,6274200
2007-06-08,41.11439837320706,41.3447735680754,40.707399168580814,41.21422576904297,5842100
2007-06-11,41.237267317562434,41.237267317562434,40.73811859691678,40.84562683105469,4416600
2007-06-12,40.930107913786046,40.930107913786046,40.52311152464328,40.692054748535156,6583200
2007-06-13,40.89939256135832,40.89939256135832,40.200585911658585,40.78420639038086,7285000
2007-06-14,40.8533033536026,40.8533033536026,40.546134491867946,40.66132354736328,4175300
2007-06-15,40.791880350442796,40.89171069913664,40.53078762035291,40.62294006347656,7574800
2007-06-18,40.55382600116784,40.8456332743225,40.43863691534669,40.59989929199219,4328700
2007-06-19,40.46166273057367,40.64596463268024,40.39254988345613,40.50006103515625,5666400
2007-06-20,40.53846444298335,40.53846444298335,39.46337614799013,39.547847747802734,12729100
2007-06-21,39.62464396819317,39.76286970884573,39.263723804827336,39.755191802978516,7153500
2007-06-22,39.68607441035905,39.85501761398979,39.18692563383914,39.394264221191406,7963200
2007-06-25,39.58624313061394,39.762864235049406,39.325150426365866,39.547847747802734,6007200
2007-06-26,39.770545959472656,39.970203712188045,39.44034038702105,39.770545959472656,5170500
2007-06-27,39.27139493207906,39.747504106934514,39.20228207368231,39.73982620239258,4839800
2007-06-28,39.57087319867224,40.20056667267782,39.509441189426845,40.00858688354492,6556300
2007-06-29,40.315767462795144,40.699727152917,38.933513164232444,39.27139663696289,10126000
2007-07-02,39.61698256387031,40.100772857666016,39.53251091724454,40.100772857666016,6847500
2007-07-03,40.10075304441099,40.2696933248098,39.73982997965787,40.0393180847168,2751200
2007-07-05,40.03932956864672,40.3541765039324,39.70144598155848,40.27738571166992,6866000
2007-07-06,40.338813645792875,40.83796253273791,40.01628883592487,40.71509552001953,4825800
2007-07-09,40.6997508886035,40.75350504221905,39.885754816254035,39.90879440307617,7362800
2007-07-10,39.73982713464135,40.300407919507805,39.52481064986515,39.58624267578125,7001600
2007-07-11,39.49408798485358,39.85501097636229,39.27907152831878,39.478729248046875,12962500
2007-07-12,39.45569932765156,40.776518694816225,39.2637194789389,40.76884078979492,12038400
2007-07-13,40.69972305643225,40.761158006770614,40.21593307534646,40.684364318847656,4476300
2007-07-16,41.39084739694856,41.39084739694856,40.5998886032646,40.66132354736328,6168300
2007-07-17,40.4386485659049,41.02226620973725,40.384894424869586,40.69974136352539,5691200
2007-07-18,41.4753290177094,41.54444188673792,40.807239903353874,41.14512634277344,9001700
2007-07-19,39.89340821330035,40.16217879649745,39.39425949664327,39.84733200073242,17658500
2007-07-20,39.6783735990086,39.85499754808632,38.99492615297048,39.409603118896484,9549000
2007-07-23,39.54784071875251,39.6707076795385,39.20995730893587,39.29442596435547,6810200
2007-07-24,39.2944319079032,39.5939229164123,39.1331695467382,39.16388702392578,8679200
2007-07-25,39.15620167309321,39.48640423723647,38.93350439990277,39.32514190673828,8547700
2007-07-26,38.787607134404674,39.2560384314213,38.24238507007188,38.55723190307617,8703200
2007-07-27,38.326846976981386,38.6954478397455,37.704831373291114,37.72787094116211,10559500
2007-07-30,37.93520762490387,38.58793773827731,37.43605899982127,37.58196258544922,7892100
2007-07-31,37.75090734912388,37.80466145819585,36.95995151902547,37.19032669067383,10434800
2007-08-01,37.04442349505868,37.5282104818812,36.36865377886656,36.85244369506836,11590900
2007-08-02,36.47617778382183,37.474472589924005,36.47617778382183,37.13658905029297,10394800
2007-08-03,37.820040331388775,37.820040331388775,36.399390241962024,36.47618103027344,10970100
2007-08-06,36.668140214743076,37.282474962307965,36.483838325784035,37.24407958984375,9647900
2007-08-07,37.136572978827836,37.681794907749314,35.18605750787518,36.85244369506836,9495000
2007-08-08,37.09049937442944,37.09049937442944,36.053809553501885,36.5299186706543,10244600
2007-08-09,36.69887088165449,36.82941578085358,35.347331021608746,35.57770919799805,14537200
2007-08-10,35.63145648439674,36.913880301831526,35.362682973333065,36.46080780029297,11879500
2007-08-13,36.74495663710537,38.3883072631138,36.70656123781039,37.658782958984375,12146600
2007-08-14,37.85074108952996,37.91985394021667,36.99066940778884,37.22872543334961,6202000
2007-08-15,37.512857204580285,38.47275634419984,37.4360664451626,37.72019577026367,10229600
2007-08-16,37.32089284462257,37.72789224048387,36.83710558689789,37.52055358886719,9655400
2007-08-17,37.965941983412684,38.29614762848998,37.55126764743383,38.242393493652344,9515400
2007-08-20,38.48812125316741,38.75689481298401,37.79699551945364,38.05040740966797,7082900
2007-08-21,38.05040937476313,38.3345387600954,37.83539285930955,38.05809020996094,5805300
2007-08-22,37.62803872188121,37.7969818739522,36.9369103082991,37.35926818847656,10318200
2007-08-23,37.551265949487245,37.628056730245746,37.12122996085031,37.336246490478516,5916500
2007-08-24,37.16729584477058,38.23470321895198,36.990671825288466,38.09647750854492,6220000
2007-08-27,37.95055442376643,38.34987264319008,37.77393341064453,37.77393341064453,4221300
2007-08-28,37.904486990300015,38.11950339945566,37.3285476691655,37.34390640258789,5267400
2007-08-29,37.48214036647855,37.628043972202306,37.06746326046851,37.38998794555664,6245200
2007-08-30,37.38998765454147,38.00432540505461,37.113539182065956,37.666439056396484,6553300
2007-08-31,37.85842629882363,38.62634570824959,37.63572896703889,38.403648376464844,9211400
2007-09-04,38.48044190268348,38.97190985381402,38.38829239419152,38.541873931884766,7922300
2007-09-05,38.2884715343504,38.395979809115,37.73556848769729,37.85075759887695,6183800
2007-09-06,37.65109227026808,38.18095860179789,37.65109227026808,38.08880615234375,4168900
2007-09-07,37.74321887790304,38.01198934800626,37.6126711285826,37.77393341064453,4200100
2007-09-10,37.88913895623822,37.99664719117486,37.60500963113714,37.72019577026367,6124300
2007-09-11,37.95057249305701,38.188628543763635,37.459104582650895,38.06576156616211,5778100
2007-09-12,38.03504499704271,38.19631028911407,37.89681927777005,37.98897171020508,6619700
2007-09-13,38.1272011107785,38.28846348904036,37.92754041727129,38.05040740966797,5046800
2007-09-14,37.843064694270204,38.51883454363356,37.766273930892936,38.32685470581055,7101700
2007-09-17,38.18862746026712,38.48043762230888,38.0657604861516,38.35757064819336,6284300
2007-09-18,38.48044771189294,38.764577114775186,38.03505298307924,38.4727668762207,9324900
2007-09-19,38.587960171774654,38.73386384222516,38.08881125650684,38.27311325073242,7488600
2007-09-20,38.24239545749942,38.40365787029359,38.05041555768328,38.25007629394531,5387300
2007-09-21,38.52651244821934,38.52651244821934,38.22702436991622,38.32685470581055,9616200
2007-09-24,38.395973724156605,38.47276449985279,37.95825985805164,38.05809020996094,12594500
2007-09-25,38.03504607905103,38.32685626463684,37.958255312550534,37.99665069580078,7868700
2007-09-26,38.027370317040166,38.04272905708174,37.72788220967979,37.86610794067383,8035400
2007-09-27,37.973611932641475,37.99664857543009,37.812349574361576,37.82770538330078,7162100
2007-09-28,37.64339913097993,37.64339913097993,36.86012120387213,37.19032669067383,12939200
2007-10-01,37.528201378066626,37.61267293827144,36.79099982798957,36.967620849609375,7450800
2007-10-02,37.01371370980481,37.17497607223134,36.414734617480754,36.775657653808594,8577600
2007-10-03,36.706531659667505,36.706531659667505,35.777350270310315,36.130592346191406,13402800
2007-10-04,36.41472485475489,36.58366800593495,36.20738926115275,36.384010314941406,8023900
2007-10-05,36.430100031700064,36.87549474787941,36.38402673649559,36.6297607421875,7696600
2007-10-08,36.62975417048251,36.82941191576914,36.61439543170971,36.71422576904297,3853800
2007-10-09,36.698871655757124,37.24409376870128,36.67583208000409,37.23641586303711,7991400
2007-10-10,37.2287401534898,38.15024421721285,37.198022667843546,37.881473541259766,13164600
2007-10-11,38.042733199919105,38.08880649568106,37.78164044953971,37.8891487121582,10103300
2007-10-12,37.81235560821419,38.380614369797634,37.74324273943996,38.15791702270508,9159300
2007-10-15,38.20398093633705,38.20398093633705,37.436061721536305,37.57428741455078,8021300
2007-10-16,37.55892633105696,37.712510750292964,37.13657137519229,37.24407958984375,6462000
2007-10-17,37.23641221833347,37.94289664549678,37.05211027725001,37.32088088989258,5703600
2007-10-18,37.62804487797172,37.62804487797172,36.79869064598768,36.93691635131836,20643600
2007-10-19,36.660464302322225,36.83708536874981,36.37633208602719,36.437767028808594,11601200
2007-10-22,36.27651689554067,36.998360139655894,36.16132780378449,36.959964752197266,7585700
2007-10-23,36.9983574791861,37.735559411150284,36.97532083424349,37.505184173583984,6565100
2007-10-24,37.82003802104813,37.95058293907899,36.78334779526911,37.22106170654297,7371800
2007-10-25,37.221050890993176,37.597329722528535,36.99835358207156,37.26712417602539,6569800
2007-10-26,37.33623068189089,37.45909763670952,36.09220239817982,36.85244369506836,6127600
2007-10-29,37.03674803717259,37.236408698588555,36.70654249892132,36.82173156738281,4789800
2007-10-30,36.68352152484692,37.01372720413204,36.399392078501904,36.78335189819336,5111300
2007-10-31,37.282483182451855,38.1041566377433,37.16729703966266,37.74323654174805,9457100
2007-11-01,37.489824549647764,37.958255848300205,37.2440905781219,37.28248596191406,6727600
2007-11-02,37.08281688974574,37.65875625897376,36.952269109443584,37.58196258544922,7492800
2007-11-05,37.24408661723869,37.98128845341538,37.24408661723869,37.72019577026367,6618400
2007-11-06,37.74324743065274,38.12720720948183,37.55126754123818,38.08113098144531,4752000
2007-11-07,38.20399002424112,38.81064705129535,38.019688079920584,38.28078079223633,10515700
2007-11-08,38.465086935101816,38.66474471131044,38.04273180626717,38.61867141723633,7339100
2007-11-09,38.5495621946788,40.100760045204105,38.31150607837411,39.678401947021484,16514700
2007-11-12,39.532499837614886,40.69973795696291,39.532499837614886,40.42328643798828,13544100
2007-11-13,40.546147382153485,40.93010711669922,40.26201799881613,40.93010711669922,11340300
2007-11-14,41.09904297472541,41.21422911682624,40.438631880913434,40.73044204711914,7846700
2007-11-15,40.48472023734515,41.31407184084905,40.48472023734515,40.71509552001953,7615200
2007-11-16,40.907064981868416,41.26030718720766,40.61525480253691,41.02225112915039,8204700
2007-11-19,40.89171350290823,41.229597029388174,40.715092368881415,41.07601547241211,8233200
2007-11-20,41.06065754226049,41.8132183179606,40.96850509099727,41.52140808105469,8674200
2007-11-21,41.24493585305519,41.774801928634396,40.784185545870585,41.01456069946289,7021500
2007-11-23,41.20656119602321,41.582843048563504,41.19888328977485,41.52140808105469,2963700
2007-11-26,41.521390748743144,42.097330146511226,40.94545135097506,40.99152755737305,6500600
2007-11-27,41.12207281974724,41.79016170751155,40.86098017301256,41.69033432006836,7889600
2007-11-28,41.92072323931523,42.08198562209745,41.206557910559425,42.02055358886719,8769300
2007-11-29,41.96679323486859,42.212527190091805,41.913039115249745,42.05126190185547,6164600
2007-11-30,42.19717361430177,42.23556900024414,41.513725784635014,42.23556900024414,6047100
2007-12-03,41.698031671393245,42.18182181615168,41.49069303792535,41.951446533203125,7170700
2007-12-04,41.67498548874095,42.22788838484524,41.39085613574513,41.72106170654297,9493200
2007-12-05,42.18949159068968,42.18949159068968,41.644269509282594,41.98983383178711,10883600
2007-12-06,41.89766962307212,43.00347213775214,41.58282289066731,42.98811340332031,6723600
2007-12-07,42.980435444539054,43.76371332326269,42.442891457644905,43.502620697021484,8187700
2007-12-10,43.50263540582282,44.50093004508877,43.37208758387278,44.43949508666992,11171800
2007-12-11,44.416443819341886,44.65449981077299,43.71763750897605,43.82514572143555,11885800
2007-12-12,43.97106653687983,44.8004209512232,43.97106653687983,44.13233184814453,13495200
2007-12-13,43.8481915259154,44.30126403698942,43.4488760616892,43.794437408447266,8543000
2007-12-14,43.21083318204922,44.109297644290464,42.320046626336456,43.5640754699707,6931000
2007-12-17,43.28761882486445,43.92499337812726,43.28761882486445,43.45656204223633,5754600
2007-12-18,43.68693173779412,44.132326370821524,43.26457667744805,43.92498779296875,6548300
2007-12-19,43.848206093463624,44.27824210545784,43.19547563342196,44.04786682128906,4455600
2007-12-20,44.2782453978148,44.78507223242405,43.84820935384479,44.623809814453125,6728800
2007-12-21,44.654515742000456,45.56833880330659,44.56236330183335,45.29956817626953,11114800
2007-12-24,45.12294308199402,45.66048725295589,45.12294308199402,45.21509552001953,1934400
2007-12-26,45.215098106653414,45.4454733561362,45.115267757771456,45.26885223388672,3192300
2007-12-27,44.69291744613191,45.645136027443705,44.69291744613191,44.8157844543457,4671800
2007-12-28,44.66218400520094,45.30723630020962,44.60075198773223,44.75433349609375,3735400
2007-12-31,44.53933998266082,44.97705395158822,44.43950960730059,44.69292449951172,3394900
2008-01-02,43.91731624316059,44.431823844240235,43.35673534573804,43.51799774169922,7698700
2008-01-03,43.579429444450625,43.994106656753054,43.40280831981373,43.717655181884766,4864000
2008-01-04,43.43352255421061,43.71765191352564,42.957410414474,43.00348663330078,7250600
2008-01-07,42.6502405977419,43.85587372015537,42.6502405977419,43.67925262451172,6093200
2008-01-08,43.80980543598437,44.14001104438213,42.988131832589126,43.16475296020508,8142700
2008-01-09,43.072600404034475,44.14000792960597,42.81150768394374,43.149391174316406,9381400
2008-01-10,42.93436798050283,43.21849730150601,42.289315650806635,43.072593688964844,6413600
2008-01-11,42.765432548778264,43.456561216364776,42.59649226399726,42.93437576293945,6135400
2008-01-14,43.19547243877693,43.387452316282605,42.29700801815299,42.55809783935547,6194000
2008-01-15,42.24323972641969,42.542730716383936,41.874638811132556,42.197166442871094,6703900
2008-01-16,41.92840274176298,43.210829805985284,41.92840274176298,42.45058822631836,8403500
2008-01-17,42.650239883724915,42.650239883724915,41.30638106906558,41.74409484863281,7686000
2008-01-18,41.95911744428958,42.14341939754917,40.784201646572726,41.774818420410156,9705200
2008-01-22,39.547844994003135,40.68436523647999,38.64169996173191,39.332828521728516,16447400
2008-01-23,38.2577376129784,38.726168834125346,36.952274274383534,38.66473388671875,15512200
2008-01-24,38.68010662835657,38.802973638276306,37.84307420784691,38.25775146484375,11488400
2008-01-25,38.30381607901538,38.549550024352506,38.012005920410154,38.395965576171875,12519600
2008-01-28,38.319189898617665,39.931819915771484,38.08113376377346,39.931819915771484,13295200
2008-01-29,40.100751317969866,40.100751317969866,38.48811884798658,38.99494552612305,9873700
2008-01-30,38.787607593263814,39.39426462213032,38.49580033050628,38.518836975097656,9818900
2008-01-31,38.449717438285134,39.256032082212855,37.87377798842541,39.041015625,8361900
2008-02-01,39.04870651765742,39.18693226595268,38.12720543486307,38.4727668762207,7346800
2008-02-04,38.326868886430454,38.53420753951845,38.23471935040721,38.319190979003906,4484300
2008-02-05,38.442041622568105,38.57258649885815,37.93521499633789,37.93521499633789,6981300
2008-02-06,38.11951092560201,38.250058720777616,37.843059528175495,37.91985321044922,6428300
2008-02-07,37.70484666049139,38.09648724991479,37.36696313164295,37.651092529296875,6909700
2008-02-08,37.52054049844751,37.52054049844751,36.545282557118846,37.01371383666992,5966200
2008-02-11,37.01370544318307,37.1442502990259,36.39168984639869,37.0290641784668,6717800
2008-02-12,37.22873675608983,37.35928459348263,36.77566413698612,37.067474365234375,7282300
2008-02-13,36.55295510891117,36.59135341489443,33.78844698212542,36.06916809082031,29371900
2008-02-14,36.007748784646374,36.16901119405401,35.47788532685812,35.79273223876953,7993500
2008-02-15,35.585388257814,36.66047668457031,35.585388257814,36.66047668457031,8617000
2008-02-19,37.006042329351295,37.244098446161516,36.691195428734225,36.921573638916016,5411200
2008-02-20,36.71422198551191,36.998351300078475,36.47616595313585,36.93691635131836,5012100
2008-02-21,36.99068767427816,36.99068767427816,36.62976743524664,36.70655822753906,4833500
2008-02-22,36.85244997174501,36.94459947120899,35.90022871268467,36.36865997314453,5900800
2008-02-25,36.322586914240276,36.97532015971393,36.322586914240276,36.84477233886719,6475100
2008-02-26,36.737255353242794,37.59732405359342,36.47616270303537,37.57428741455078,7154700
2008-02-27,37.474468948524496,38.073448117487345,37.474468948524496,37.75859832763672,7392400
2008-02-28,37.558930158562845,37.69715585702346,36.82172838635919,36.867801666259766,5639700
2008-02-29,36.537610999245594,36.62976051847215,35.57003079453531,35.69289779663086,10785100
2008-03-03,35.50091765066919,35.715934170343274,34.97873216342037,35.59306716918945,8229300
2008-03-04,35.33196609720491,36.207396569624564,35.33196609720491,35.90790557861328,8082300
2008-03-05,36.307246560667146,36.37635945861284,35.72362881197799,36.261173248291016,5990500
2008-03-06,36.15363677917833,36.15363677917833,35.132302852978775,35.17837905883789,6788000
2008-03-07,35.01710497403738,35.09389863110699,34.663862939652624,34.71761703491211,7434000
2008-03-10,34.67923553496708,35.1169493024263,34.533331922273895,34.61012268066406,6165400
2008-03-11,31.215919711209647,31.69202884164669,28.658747118480285,29.365234375,37638000
2008-03-12,27.453122448765225,29.65705061953048,26.62376797288173,28.167287826538086,35342400
2008-03-13,28.950553004481666,30.447995956837104,28.49748058155113,29.395944595336914,30377600
2008-03-14,29.672393654470305,30.501747691344033,28.128877547238282,28.558910369873047,13008400
2008-03-17,27.53759053596867,28.19800169786107,25.901921370977036,25.986392974853516,21053600
2008-03-18,26.339633654740883,26.923254013061523,25.779052869367046,26.923254013061523,19636900
2008-03-19,26.50858336261276,28.08281786285276,26.50858336261276,27.29953956604004,14692900
2008-03-20,27.437752483954544,27.437752483954544,26.754304869151806,27.122905731201172,12731500
2008-03-24,27.13059038747015,27.645094914498863,27.11523164988098,27.42239761352539,7288100
2008-03-25,27.19202776752751,27.245781894993787,26.731277266565073,27.09219741821289,9606500
2008-03-26,27.069154955023485,27.069154955023485,26.06317963119631,26.186046600341797,15311800
2008-03-27,26.30124618025387,26.42411319851924,25.9633626123693,26.10926628112793,11709500
2008-03-28,26.293554934324625,26.57000338814202,26.032462286792118,26.41642189025879,8048500
2008-03-31,26.439485287158814,26.78534828612889,26.001389418655652,26.408740997314453,14104200
2008-04-01,26.78535275483737,27.861379623413086,26.59320530915866,27.861379623413086,8887700
2008-04-02,27.51550502331826,28.291782102794908,27.51550502331826,27.638479232788086,9386800
2008-04-03,27.192710367055852,28.35327977837781,27.192710367055852,27.78452491760254,11752400
2008-04-04,27.784505572008552,28.19185698044459,27.684588137735997,28.053510665893555,5706400
2008-04-07,28.237975631608162,28.491608607075374,28.045828283067358,28.184171676635742,7077800
2008-04-08,28.191857058394785,29.46003063464057,28.061195346763913,29.26788330078125,12245600
2008-04-09,29.42161245775312,29.42161245775312,28.55310821719474,28.65302276611328,7126600
2008-04-10,28.430131135681975,29.091115741447783,28.06889307858021,28.13037872314453,6794700
2008-04-11,28.0535292863368,28.437824208067443,27.461714755039104,27.569316864013672,7061600
2008-04-14,27.553940907844428,27.89980687599696,27.307992426477558,27.892122268676758,4541600
2008-04-15,27.76913587986242,29.283255006159113,27.730706996198503,28.622270584106445,9010100
2008-04-16,28.645322466261444,28.645322466261444,27.48475102580537,27.51549530029297,11659600
2008-04-17,27.454021688301463,28.214923757015494,27.454021688301463,28.207239151000977,7013500
2008-04-18,28.31483563982031,28.775988140051457,27.707649266698294,28.62995719909668,9058800
2008-04-21,28.468558973138176,29.283262057974184,28.468558973138176,29.060373306274414,8088300
2008-04-22,25.90915602375177,26.939066257159123,25.73238075863652,26.247337341308594,28718500
2008-04-23,26.17816911548606,27.031301313451035,25.95527737431679,26.69312286376953,17846700
2008-04-24,26.516349310884426,27.123535984276934,25.678586273349996,25.816932678222656,10118800
2008-04-25,25.986020371399537,26.354943097698783,25.801557542281316,26.124366760253906,10066100
2008-04-28,26.132041257698003,26.247330847785804,25.7170022517052,25.855348587036133,9751200
2008-04-29,25.72468419386914,25.7323687966337,25.317329880897166,25.670883178710938,10580800
2008-04-30,25.824616425172312,25.824616425172312,24.9791688075383,25.079086303710938,14293400
2008-05-01,25.148244259774724,25.50179465415159,24.84080734957313,25.286590576171875,26252600
2008-05-02,25.371145518800223,26.408743406164586,25.371145518800223,25.724699020385742,12916900
2008-05-05,25.793865559571447,26.155100643235976,25.409570796399898,25.417255401611328,11348000
2008-05-06,25.417261163394382,25.57097968989639,25.02528170615444,25.209741592407227,11935500
2008-05-07,25.163627100252015,25.540234396882855,25.025280725017893,25.10213851928711,8573600
2008-05-08,25.171309326634262,25.80155256224239,24.97916192719431,25.36345672607422,7207100
2008-05-09,25.432640045972548,25.524870013529313,25.071401852796676,25.317350387573242,5168500
2008-05-12,25.501803471578214,25.501803471578214,25.02527873474609,25.194366455078125,5080700
2008-05-13,25.217424496396344,25.432628634782937,24.97916067751369,25.017589569091797,6172000
2008-05-14,25.00990984429653,25.2097418786623,24.61024284362793,24.61024284362793,10210200
2008-05-15,24.67173203548762,24.77164953297448,24.202893242407416,24.36429786682129,16034800
2008-05-16,24.679409589966074,25.048332202257388,24.48726221281833,24.84081268310547,17738000
2008-05-19,25.04064704600887,25.83229328421162,24.940729591149346,25.701631546020508,13271900
2008-05-20,25.863054123239184,26.278090486147516,25.717020149901675,26.170488357543945,19432000
2008-05-21,26.132045925113786,26.539397467491437,25.993699565072962,26.255020141601562,12849000
2008-05-22,26.51635419108262,27.492463813137654,26.13205920280606,27.1312255859375,16315500
2008-05-23,27.28492871291346,27.315672998226553,26.377992819732125,26.708486557006836,12066300
2008-05-27,26.662370132297426,27.077409188265683,26.60856909896114,26.916006088256836,10348000
2008-05-28,26.931379333937688,27.085097834881346,26.293448581199286,26.308820724487305,15387500
2008-05-29,26.20890325391066,26.723859792179805,26.139730075096494,26.516340255737305,11342700
2008-05-30,26.57783351961057,26.693120216690154,26.178166519473148,26.293453216552734,7643400
2008-06-02,26.30114205002622,26.454857653698,25.8707307367085,26.124366760253906,10343700
2008-06-03,26.16279540138191,26.362627443333267,25.747756238940045,26.0936222076416,9692600
2008-06-04,26.070559727649908,26.216593638748876,25.87841231362441,25.993701934814453,11208500
2008-06-05,26.03212312311787,26.255014761054056,25.801546880948294,26.08592414855957,10629800
2008-06-06,25.916841440212163,26.047500260798948,25.3557714015803,25.386512756347656,12431000
2008-06-09,25.394201469569822,25.55560458433238,25.171309778552942,25.309656143188477,9009800
2008-06-10,25.371150092705047,25.371150092705047,24.963798403452767,25.056028366088867,9300200
2008-06-11,24.97148723399796,25.04834505150891,24.410415490773254,24.556447982788086,11565800
2008-06-12,24.625611200688102,24.679412237506195,23.810905178685154,23.83396339416504,15830200
2008-06-13,23.288271552429745,23.741739675050553,23.05769518694778,23.62645149230957,18258400
2008-06-16,23.55727115118331,23.626444333060906,22.996201090148006,23.211406707763672,11135300
2008-06-17,23.272883747149415,23.449658928357533,23.026933948028212,23.05767822265625,7366800
2008-06-18,23.034626840256095,23.36512056057149,22.973139738753336,23.226774215698242,18323000
2008-06-19,20.828770264618196,22.06619803728019,20.698110025346935,21.435955047607422,51415000
2008-06-20,21.3975403999941,21.482085748094708,20.751924843151876,20.84415626525879,17673700
2008-06-23,20.92869846704241,20.936384540431604,20.15242264635704,20.283082962036133,15516700
2008-06-24,20.098621854912363,20.559776002364735,19.92184656261235,20.313827514648438,13895800
2008-06-25,20.352255086780833,20.936383439938222,20.352255086780833,20.590518951416016,8488200
2008-06-26,20.35225660571209,20.982499977848445,19.89878852752254,19.960275650024414,12442100
2008-06-27,20.213904689004586,20.52134168345814,19.975642337674497,19.99101448059082,20100800
2008-06-30,20.02175757488502,20.429110571941628,19.599033900669642,20.17547607421875,15309500
2008-07-01,20.07557165186763,20.137058793862376,19.43764200393372,19.69896125793457,11956400
2008-07-02,20.76729663740023,20.98250084203589,19.24548919332509,19.306976318359375,27401600
2008-07-03,18.830448994538138,19.207057798512665,17.462358703104623,17.646820068359375,22763500
2008-07-07,17.454678225565164,18.19252538910472,17.43162146374677,17.91583251953125,17254000
2008-07-08,17.508472140986168,18.515324136719645,17.300952590928382,17.89276695251465,23354900
2008-07-09,17.946567922468322,18.107971039023965,17.4854138572162,17.623760223388672,16839800
2008-07-10,17.600701937162516,17.808221485597375,17.047317940637917,17.354753494262695,12975200
2008-07-11,16.724510621662553,17.331695670578643,16.555421429831014,17.031946182250977,14181300
2008-07-14,17.05500357677301,17.29326594149582,16.932029358466504,17.047317504882812,10634900
2008-07-15,16.839803217396586,17.231784210322594,16.294105136597032,17.16261100769043,16152700
2008-07-16,17.216410557647123,17.416244073796335,16.88591672193761,17.316328048706055,19159200
2008-07-17,17.370126894066267,18.192517609198646,17.285581560969813,18.12334442138672,16009900
2008-07-18,18.230948727758836,18.66904612593638,17.862025991790148,18.369295120239258,15625200
2008-07-21,18.546067023989778,18.707471607697947,18.261689683409653,18.31549072265625,13714500
2008-07-22,18.753586613938165,20.290765868621104,18.561439207102797,20.144733428955078,26171000
2008-07-23,21.45902234871444,21.620425465999336,20.96712545873949,21.336048126220703,26577700
2008-07-24,21.320676025046335,21.474394536458647,20.60588743912531,20.767292022705078,11180800
2008-07-25,20.767301561293078,21.213083689978042,20.675070118889373,21.097795486450195,11244200
2008-07-28,21.11315620822955,21.482080337773926,20.58283042907715,20.58283042907715,8837000
2008-07-29,20.63663196201145,21.259189154957152,20.459856698058832,21.159273147583008,7623700
2008-07-30,21.25150613812981,21.46671179429697,20.51366068721714,20.96712875366211,10490000
2008-07-31,20.844155255195865,22.266045160179566,20.844155255195865,21.582000732421875,17290000
2008-08-01,21.512825994101163,21.758774468885445,21.090102236311747,21.62042808532715,10702100
2008-08-04,22.058524070618166,22.67339521898286,21.136215882102668,22.25835609436035,11467400
2008-08-05,22.25835688692478,23.426613576384856,22.25835688692478,23.40355682373047,13067600
2008-08-06,23.37280835707362,23.37280835707362,22.565789907023277,22.950084686279297,9772900
2008-08-07,22.896293209707935,23.019267473127535,22.296792576060742,22.412080764770508,7074200
2008-08-08,22.49661536790823,23.97230728957619,22.49661536790823,23.826274871826172,10644200
2008-08-11,23.88008431439521,24.494957020148288,23.242154853380637,24.018430709838867,7417400
2008-08-12,24.126030589772732,24.548755810939884,23.96462745392296,24.19520378112793,7479300
2008-08-13,24.202892632902863,24.464213282253986,23.726367777711076,24.295124053955078,7219400
2008-08-14,24.371976204317843,24.871560631276978,23.903137531864775,24.51032257080078,7737000
2008-08-15,24.548752261338993,25.440314615068992,23.92619362916043,25.37114143371582,9848100
2008-08-18,25.55560367789994,25.740066468183493,24.518007445904328,24.69478416442871,8541000
2008-08-19,24.571812361900587,24.694788063495725,23.042319023572144,23.80322265625,12564800
2008-08-20,23.78784873191652,23.79553333787264,22.97314269954498,23.242149353027344,7075300
2008-08-21,23.134550076442093,23.618760938507197,22.942402652993188,23.288267135620117,5937900
2008-08-22,23.411243489545914,23.61107700394655,23.142238245130283,23.526533126831055,6666400
2008-08-25,23.46504911958729,23.55727908249737,22.41208035891021,22.527368545532227,6565400
2008-08-26,22.51968206730555,23.33438836556468,22.296791772627383,22.642656326293945,6095000
2008-08-27,22.634966719445796,22.95008837176268,22.150754398882842,22.61959457397461,5643500
2008-08-28,22.711820876386692,23.226775939426727,22.61959095027196,23.103801727294922,5952400
2008-08-29,23.088435165726814,23.634133146085365,22.950088785926475,23.40355682373047,7137300
2008-09-02,23.434299620327096,24.12603005250627,22.28910115090378,22.50430679321289,12849800
2008-09-03,22.427440427479855,22.90396506642855,22.273721950805285,22.811735153198242,5111300
2008-09-04,22.719514111514627,22.765630555081078,21.305308760121637,21.56662940979004,13517500
2008-09-05,21.44365131246214,21.52819664453341,20.92869617942235,21.297618865966797,10914200
2008-09-08,22.027785825092046,22.481253971190142,21.68960586770372,22.412080764770508,8880900
2008-09-09,22.342898971578165,23.08074573449701,21.88943099975586,21.88943099975586,12618500
2008-09-10,21.91249723956893,22.734888161033147,21.843324034401952,22.527368545532227,8168400
2008-09-11,21.920182525277987,23.057695133357797,21.920182525277987,23.02695083618164,10032900
2008-09-12,23.057695587937467,23.057695587937467,22.2199325309649,22.757946014404297,7194800
2008-09-15,22.120010718887297,22.450503037932116,21.443651003983828,21.528196334838867,10762700
2008-09-16,21.31298968415865,21.36679072268411,19.86035578009784,20.58283042907715,17597900
2008-09-17,20.367621482442786,21.136210972346284,19.59903199253928,19.606718063354492,12287900
2008-09-18,19.868044608289722,20.53671684553431,19.137883785950994,20.421428680419922,12795600
2008-09-19,23.011576234945565,23.057691206888155,20.244652996925282,20.590518951416016,13050400
2008-09-22,20.751922128393904,20.8210953194327,20.090934510009205,20.382999420166016,6717500
2008-09-23,20.190853172889128,21.136218217703014,19.39920519916828,19.983333587646484,6472000
2008-09-24,19.99101174014795,20.19084517276155,19.199364080098086,19.291595458984375,4908000
2008-09-25,19.36077854438718,19.952591609016892,19.291605341279887,19.599040985107422,5511600
2008-09-26,19.21474211293588,20.137050320744198,19.21474211293588,19.837299346923828,4545800
2008-09-29,19.414574875318067,19.983331044514973,16.140382766723633,16.140382766723633,8695700
2008-09-30,18.200204350161176,19.983332221527093,18.192518277236672,19.51449203491211,10648200
2008-10-01,19.96027423084206,19.96027423084206,19.030281385877966,19.276229858398438,7038900
2008-10-02,19.283913675406268,19.56829101375086,18.984164192835383,19.0302791595459,10096200
2008-10-03,19.260860119390355,19.437636888828578,18.43846926188821,18.53070068359375,7621800
2008-10-06,18.26937925023326,18.43846847249078,16.639968286965168,17.108808517456055,12613300
2008-10-07,17.293269834055096,17.485417276655706,15.771462440490723,15.771462440490723,11134900
2008-10-08,15.571622355995695,16.15575051102639,14.756917953491211,14.756917953491211,12460900
2008-10-09,15.471711869624464,15.502456164972795,13.481065656818128,13.68089771270752,18043400
2008-10-10,12.78164507635128,14.603203169342764,11.15223585945113,13.335030555725098,22748600
2008-10-13,13.880727273243153,18.077227102716083,13.703952023344957,17.969623565673828,17691700
2008-10-14,18.68441421476967,19.40688890527894,17.416241569598597,17.669876098632812,14809700
2008-10-15,17.354758748017623,17.708310841192166,16.578482823885114,16.65534210205078,11159000
2008-10-16,18.154083799866672,18.44614715140463,15.90980250447372,17.393178939819336,20106300
2008-10-17,17.66987589021272,18.999535633830625,17.339382105921562,18.745901107788086,17641700
2008-10-20,18.92267388645017,19.683577305538464,18.599866242051977,19.606718063354492,9741400
2008-10-21,19.322343629878247,19.97564513564711,19.214741546328707,19.406888961791992,13449800
2008-10-22,18.215572558318655,19.07639201621879,17.446983023638005,18.492263793945312,15369300
2008-10-23,18.645977949924742,19.053330836297434,17.03962607882712,18.392343521118164,10879900
2008-10-24,17.04731511059222,18.023424114028145,16.340212721657988,17.60838508605957,10412300
2008-10-27,17.1472419014107,17.62376833009314,15.525518053891735,15.702293395996094,11761500
2008-10-28,16.34789927017456,17.277891875921885,15.371790238215517,17.25483512878418,11767800
2008-10-29,17.147237152846138,17.43161600936617,16.140384976677026,16.386333465576172,14461400
2008-10-30,17.439302792791484,17.439302792791484,16.23261705377914,17.208724975585938,9410800
2008-10-31,16.962773489269644,18.592184206543518,16.370959101762324,18.238632202148438,14807400
2008-11-03,18.20020112895447,18.438463483570516,17.86970738153672,18.054168701171875,5451000
2008-11-04,18.676727386243115,18.82275982612989,17.33169553636232,17.539215087890625,10569500
2008-11-05,17.35475339079743,18.169457969538087,17.277894136357364,17.50078582763672,11475300
2008-11-06,17.37012603188244,17.80822188896699,16.885913741233328,17.031946182250977,11371800
2008-11-07,17.224095474646855,17.616076407005803,16.77831349654681,17.23946762084961,7309700
2008-11-10,17.308632098777647,17.470035154742696,16.2095491200784,16.47855567932129,7087800
2008-11-11,16.201875707115363,16.201875707115363,15.056676884408601,15.494772911071777,9592200
2008-11-12,15.371791962552493,15.371791962552493,14.472542074104439,14.503286361694336,8305500
2008-11-13,14.587829420415188,16.040464678050615,13.72700993867472,16.017406463623047,13802000
2008-11-14,15.579317309057044,16.58616964717797,15.37948376319118,15.38716983795166,9847900
2008-11-17,15.164277077033182,15.39485490687596,14.518661499023436,14.518661499023438,8951100
2008-11-18,14.280397641076837,15.025929178383253,13.919160982664813,14.626263618469238,12303900
2008-11-19,14.53402826445821,15.00286835878532,13.604035613183765,13.627092361450195,9254900
2008-11-20,13.527181884727664,14.334200654653236,12.243636754619502,12.528014183044434,13078000
2008-11-21,12.850819697798912,13.219743880611029,11.674877621629737,13.181313514709473,17653300
2008-11-24,13.504119884102744,14.910638881647477,13.281229648431891,14.657004356384277,13471700
2008-11-25,15.056672396959387,16.132697687816457,14.949070307664236,15.93286418914795,13391300
2008-11-26,15.31799466287859,16.2633597474153,15.156590045585014,16.12501335144043,9609700
2008-11-28,15.99434708066647,16.432442861005775,15.948232121148683,16.1480655670166,3549700
2008-12-01,16.65533689857361,17.24715124979456,15.402536479958982,15.46402359008789,11531800
2008-12-02,15.756086033251695,16.30946999057343,14.795349080004641,15.6177396774292,8941500
2008-12-03,15.248816998605086,15.77914420585624,14.641630542105206,15.663854598999023,8016700
2008-12-04,15.402533982825489,16.040463196726858,15.010553169565403,15.294930458068848,7406500
2008-12-05,15.002871306199863,16.578479605901247,14.77997958938095,16.45550537109375,8246800
2008-12-08,16.893603487691294,16.978148834979063,16.048154412719747,16.486251831054688,7721800
2008-12-09,16.317152066246027,17.04731255829378,15.517819879194578,15.971287727355957,8246400
2008-12-10,16.14038201089903,16.762939192276857,16.05583668363683,16.57847785949707,7030600
2008-12-11,16.37864321535889,18.415405268878025,16.30178396568551,18.054168701171875,13822100
2008-12-12,17.53921072111263,18.32317229883369,17.33169122125094,18.09259605407715,8309400
2008-12-15,18.1771345075042,18.815063492610914,18.03110214726023,18.27705192565918,10733200
2008-12-16,17.72367710019687,19.13019611547498,17.29326730225632,18.715158462524414,11878600
2008-12-17,18.415410095743184,19.091769910987757,18.19251982583367,18.369295120239258,8141000
2008-12-18,18.569128436489756,19.276231072507056,18.20789177796898,19.145570755004883,10148800
2008-12-19,19.230116924748177,20.690437234613587,19.153257652446065,20.359943389892578,17398000
2008-12-22,20.3445688949627,20.613575583998827,19.214742560173182,19.783498764038086,8160500
2008-12-23,19.929527651113556,20.444482718201737,19.768123080191575,19.96795654296875,5888900
2008-12-24,20.106303726015472,20.352252162326508,19.583662565870355,19.952585220336914,1965700
2008-12-26,20.044818046292132,20.352253613603523,19.975644860401015,20.21390724182129,2108200
2008-12-29,20.298455167517936,20.298455167517936,19.27623085929648,19.65283966064453,5507900
2008-12-30,19.84498856541521,20.836470119272356,19.79887358750542,20.782669067382812,5886600
2008-12-31,20.798035241316118,20.990182651255026,20.13704914798479,20.44448471069336,5584600
2009-01-02,20.521344688532224,21.305305034478142,20.39837045913018,21.20538902282715,4885900
2009-01-05,21.059363045906107,21.266882671518097,20.413747410203637,20.859529495239258,8518900
2009-01-06,20.836474161518225,21.036307725853028,19.83730633984422,20.367633819580078,7423000
2009-01-07,20.52902888156152,20.81340769755482,20.014075222545202,20.21390724182129,8228400
2009-01-08,20.060187406171814,20.682744526793137,19.791180772382678,20.52902603149414,6106900
2009-01-09,20.559782884600434,20.751930388194832,19.82962178455408,20.329206466674805,5931400
2009-01-12,20.429110377662415,20.590514947024715,19.437630610890338,19.691265106201172,6242600
2009-01-13,19.15325049049975,20.206218755575875,19.099449459796617,19.491430282592773,10393800
2009-01-14,18.98416712136942,19.183999163264243,18.269378430234152,18.507640838623047,7846700
2009-01-15,18.49226258938609,19.322339174132477,18.338545572043785,19.130191802978516,10735100
2009-01-16,19.514495633316557,19.691272411240075,19.030284677534286,19.599040985107422,9587900
2009-01-20,19.529863207297527,19.991017298001843,18.4692101180492,18.56912612915039,8196900
2009-01-21,18.60755828137882,19.30697634532776,18.338553025208494,19.253173828125,8206400
2009-01-22,19.55292114340651,21.09010044631023,19.4068886991595,20.897953033447266,19846600
2009-01-23,20.882575094166828,21.958600014434374,19.92952436673169,21.55124855041504,14194800
2009-01-26,21.643491204828145,22.073901133148734,21.366798375066185,21.635805130004883,11956600
2009-01-27,21.728028760045678,22.673393634322306,21.58968239484064,22.3505859375,14528200
2009-01-28,22.757939634545956,23.249836533415777,22.481246895947486,23.050003051757812,16850900
2009-01-29,22.811740109435796,22.82711225363672,21.91249019723875,22.05083656311035,8842900
2009-01-30,22.104644725372978,22.212246837519,21.25919557945312,21.774150848388672,9325100
2009-02-02,21.520505110418476,22.67338931276232,21.3667866303854,22.404382705688477,9313100
2009-02-03,22.75793693977729,23.249833780401577,22.05083449839577,22.857852935791016,12365200
2009-02-04,22.90396676464769,23.01157029268539,22.09694836718976,22.273723602294922,13014100
2009-02-05,22.027772022636658,22.350579628336224,21.920169976059448,22.135374069213867,13264500
2009-02-06,22.11232447323443,22.61959352245419,21.904804916925873,22.242984771728516,15279600
2009-02-09,22.765625736532954,22.827112848971886,22.219926330915076,22.688766479492188,12664700
2009-02-10,22.49662718148421,22.796376779458683,21.397543367619246,21.497459411621094,12561200
2009-02-11,21.366798692788297,22.050844702541625,21.251510500662782,21.943241119384766,14523700
2009-02-12,21.36679471201104,22.704142182610674,21.13621837071793,22.65802574157715,16370900
2009-02-13,22.61190810414639,22.627280249347624,22.02009370761509,22.25835609436035,9258200
2009-02-17,21.66654177131271,22.158438658390796,20.936381046833862,21.84331703186035,13399000
2009-02-18,21.85869620277131,21.85869620277131,21.366797691599142,21.774150848388672,10999400
2009-02-19,21.96630048585103,22.58885792846008,21.735724089616262,22.02010154724121,10142100
2009-02-20,21.620424635782975,21.950918395782196,21.166958123980493,21.505136489868164,14396200
2009-02-23,20.44449012146832,20.67506648803127,17.946573131171615,18.307809829711914,29258700
2009-02-24,18.269373241419167,18.97647565842642,18.138712964386254,18.60755157470703,13996100
2009-02-25,18.523009368710998,18.523009368710998,17.339380699224776,17.700618743896484,14346100
2009-02-26,17.938887320460033,17.938887320460033,14.995188236502852,15.42559814453125,34614900
2009-02-27,15.517828111172598,15.832949804558183,14.926013627119213,15.102788925170898,19846800
2009-03-02,14.749238199347802,14.795353175397297,13.06602618087034,13.434948921203613,30818800
2009-03-03,13.634782735653713,14.418744675411867,12.94305221597186,13.68089771270752,33608100
2009-03-04,13.919159827990116,14.226595412408347,13.54255105383172,13.80387020111084,30539200
2009-03-05,13.465695606057608,13.71164414326925,12.435785007007173,12.566445350646973,23363700
2009-03-06,12.73552397891691,13.888407884783394,12.543376661272497,13.757747650146484,24728700
2009-03-09,13.580981585662627,14.057507898303719,13.173628471081834,13.673213005065918,13752500
2009-03-10,13.557923770526099,14.895269863145383,13.557923770526099,14.841468811035156,18763300
2009-03-11,14.926011844696083,15.610056199972933,14.426428839180344,14.695435523986816,15788800
2009-03-12,14.626264941968433,15.83295073633224,14.495604612682424,15.686918258666992,15471200
2009-03-13,15.763772755137243,16.66302263911428,15.671541358794437,16.41707420349121,11716000
2009-03-16,16.624593252970968,16.71682465471272,15.84831900733305,15.894433975219727,8086100
2009-03-17,16.22492991315238,16.78600007264872,15.64080153366096,16.555423736572266,12679300
2009-03-18,16.386333956201767,17.593019682223144,16.355591127153215,16.870546340942383,11402800
2009-03-19,17.131861346500344,17.21640519803641,16.209553323082886,16.370956420898438,8968000
2009-03-20,16.686075502821264,16.801365087892872,15.563935660126177,15.855998992919922,13299800
2009-03-23,16.294101022785284,16.962773191449873,15.786831975533387,16.94740104675293,10350900
2009-03-24,16.663028238893144,16.908976757169693,16.224932257466936,16.23261833190918,8353700
2009-03-25,16.36327573018587,16.65533917675567,15.840634489617083,16.278730392456055,14040500
2009-03-26,16.271044962758307,16.755255857155614,16.04046862561075,16.616910934448242,12733100
2009-03-27,16.370963016460156,16.563110476587475,16.0635273734502,16.201873779296875,6794600
2009-03-30,15.717652024661634,16.04045959450207,15.494760420405434,15.786825180053711,8537100
2009-03-31,16.04853798695011,16.64121814859518,15.856109477437789,16.11011505126953,9877800
2009-04-01,15.863806714905584,16.240966415495905,15.2788238727309,15.917686462402344,12819300
2009-04-02,16.29483855870657,16.748969744412022,16.033135791753857,16.217866897583008,14884600
2009-04-03,16.202478875328268,16.54885075749781,15.502039263041349,15.80992603302002,9655100
2009-04-06,15.648283092698966,16.97219043532686,15.586706041137498,16.879825592041016,12855600
2009-04-07,16.471882200040813,18.288408028951327,15.933083186256193,18.04979705810547,21519900
2009-04-08,18.565502917767056,18.77332458862578,17.357050666031338,17.59566307067871,15949800
2009-04-09,18.134456683657678,18.403856806785928,17.70341736752001,18.365371704101562,8783700
2009-04-13,18.56549659299076,18.919564218961348,18.088273414386386,18.757925033569336,10678000
2009-04-14,18.611682055514468,19.142785049556476,18.226825111332985,18.857990264892578,11141200
2009-04-15,18.73483280097224,19.8971007401745,18.5347070497077,19.327512741088867,15740600
2009-04-16,19.48915541727424,20.08953277868165,18.21912779517466,18.75023078918457,12370500
2009-04-17,18.71943553122411,18.78101256383555,17.780385416871624,18.580886840820312,13915400
2009-04-20,18.1036680019167,19.142781872363987,18.1036680019167,18.634769439697266,9951200
2009-04-21,19.53533845971473,19.78934399219888,17.487899569239385,17.549476623535156,23880900
2009-04-22,17.595653614634244,18.188331979250663,17.318556244919623,17.557167053222656,17248100
2009-04-23,17.780399510917956,18.126770043373835,16.895228414935033,17.826581954956055,15036800
2009-04-24,18.03439420297812,18.172942919064962,17.364742564595897,17.74959945678711,14607200
2009-04-27,17.857360917891913,18.13445689022333,17.49559448884279,17.71111488342285,11906800
2009-04-28,17.70342093245319,18.888781125668142,17.464810017913464,18.388465881347656,14061200
2009-04-29,18.511613175869094,18.66555649711081,17.911237452873493,18.373065948486328,11349100
2009-04-30,18.781015684152347,18.8271980992557,17.988211441075986,18.103668212890625,10722700
2009-05-01,18.13446165971783,18.149856292260857,17.50329640658333,17.680330276489258,10355700
2009-05-04,17.68802230039387,18.28839957691864,17.54947358518719,18.257610321044922,9592300
2009-05-05,18.18064684017859,19.76625740116748,18.18064684017859,19.673891067504883,13811900
2009-05-06,19.812431271819666,20.012557018174906,19.435271719573706,19.958677291870117,9675400
2009-05-07,19.858617592051868,21.952240293182292,19.858617592051868,21.852176666259766,17479200
2009-05-08,22.12157980743528,22.852808682238845,21.967637890922312,22.221643447875977,17012400
2009-05-11,21.752116644590714,21.959939765744334,21.090162170447858,21.236408233642578,9914700
2009-05-12,20.82845395791585,21.398041964781918,20.29735251996049,21.028579711914062,9918900
2009-05-13,20.83615008527593,21.782897604883658,20.3974135014632,21.290281295776367,9800700
2009-05-14,21.297980532551083,21.713625213869328,20.79766686491637,21.398042678833008,6013100
2009-05-15,21.35186525029359,22.121579216640637,20.913128524373832,21.17483139038086,8907900
2009-05-18,21.31337780157579,21.421137275249222,20.474389552828484,21.405742645263672,10816500
2009-05-19,21.328763778584115,21.713620589902735,20.974696216864853,21.136335372924805,6927600
2009-05-20,21.30568250097099,21.84448138839269,20.88233894501873,21.382654190063477,9396300
2009-05-21,21.05938354737702,21.913765415145896,20.505188316269095,20.7207088470459,9292300
2009-05-22,20.743792123751593,21.04398010290677,20.112625433767366,20.24347686767578,6591500
2009-05-26,20.174205022107607,21.097862491159866,19.904806272737684,20.928525924682617,10316400
2009-05-27,20.743784913362855,21.43652695345118,20.712995660503985,21.1594295501709,7596100
2009-05-28,21.136347607323263,21.83678876002429,20.836159590532162,20.928525924682617,9964100
2009-05-29,20.990096446147277,21.0747639689278,20.012559532042776,20.474388122558594,11723600
2009-06-01,20.705302808350563,21.290285525695072,20.52057165573325,21.167131423950195,8330000
2009-06-02,21.33646944977838,21.88296709936559,20.874642269759985,21.62896156311035,9444800
2009-06-03,21.00549221595231,21.42883425718623,20.474389234607095,21.167131423950195,11787700
2009-06-04,21.344162772750302,21.498106116036404,20.79766669349844,20.990095138549805,6605900
2009-06-05,21.267192694779673,21.359559001295377,20.251170663670134,20.85924530029297,8517500
2009-06-08,20.774579819787707,20.78227713564112,19.7508603010899,20.051048278808594,10476700
2009-06-09,20.305045119386197,20.374319464237832,19.519938324588104,19.997159957885742,12179500
2009-06-10,20.027950955500586,20.228076694964614,19.56612243889993,19.804733276367188,9867400
2009-06-11,18.28070597438712,18.727139998405537,17.880454375442937,18.511619567871094,31038100
2009-06-12,18.319186915295774,18.804107406623668,18.072878746798263,18.634769439697266,15141300
2009-06-15,18.48083091857673,18.59628770997544,18.03439691521903,18.09597396850586,13557500
2009-06-16,18.203732523366174,19.158177535060137,17.91124190208604,18.488527297973633,14164100
2009-06-17,18.496224612758986,18.97344638454963,18.342281253277225,18.488527297973633,12144300
2009-06-18,18.534711320089905,19.766253898019073,18.45004231824773,19.58922004699707,16954800
2009-06-19,19.958673084034242,20.38201495984473,19.25823385351892,19.573816299438477,21833600
2009-06-22,19.312123739737146,19.38139811489865,18.834900429525995,18.9041748046875,9727600
2009-06-23,18.850288306021643,19.527637183057657,18.619374783643945,18.888774871826172,9052100
2009-06-24,18.93496416278046,19.504552330638493,18.750232984132957,19.096603393554688,9147500
2009-06-25,18.96575299741489,19.943290155904783,18.896478618113214,19.235153198242188,14774400
2009-06-26,19.188969086979128,19.427580001384673,18.896476962638143,19.065814971923828,15564900
2009-06-29,19.088901157348715,19.427575631630756,18.8502902966128,19.3352108001709,7976400
2009-06-30,19.250545177767062,19.589219711217737,18.958053068114687,19.227453231811523,10177400
2009-07-01,19.312121392376646,19.612309336180488,18.973446873653906,19.36600112915039,6875300
2009-07-02,19.18896667050774,19.32751539952569,18.388463555342977,18.403858184814453,10398500
2009-07-06,18.40386493173742,18.68865980891589,18.234528349809782,18.54241371154785,7908100
2009-07-07,18.511615317450925,20.251168589034517,18.47313021674437,19.373695373535156,19892000
2009-07-08,19.442973329874363,19.519945013654084,18.403859269130034,18.988842010498047,11864900
2009-07-09,19.150480919781575,19.704675859668775,18.642469870293464,19.196664810180664,8967800
2009-07-10,19.16587585551247,19.550732806298317,18.77332158953738,18.988842010498047,5621200
2009-07-13,19.02732775805421,19.335214503524632,18.6809573715692,19.250545501708984,5801600
2009-07-14,19.68158554720034,19.804739662255642,18.942660856868525,19.065814971923828,9708400
2009-07-15,19.289021652764063,19.312113588383994,18.588582421526272,19.173564910888672,12532300
2009-07-16,19.08889669481732,19.66618189487968,18.719434519124327,19.43526840209961,11892400
2009-07-17,19.442971849651855,19.62770299579167,19.08120687197546,19.31212043762207,9050100
2009-07-20,19.435266649487218,19.435266649487218,18.75022207698432,19.11968421936035,8006700
2009-07-21,19.612310520881696,19.9124999509315,19.204363078887894,19.696979522705078,12851000
2009-07-22,19.712368204705015,20.47438458681189,19.527637094022655,20.012556076049805,11307100
2009-07-23,20.204980930038733,21.043968827058833,20.04334178729223,20.820751190185547,9955300
2009-07-24,20.95930535598728,21.190220365114055,20.012557782471212,21.028579711914062,7961000
2009-07-27,20.851555312297968,21.70593844234823,20.828463360527124,21.259504318237305,7030300
2009-07-28,21.3826523334345,22.868198903800938,21.136342656102727,22.38327980041504,17732800
2009-07-29,21.959935271819326,22.783528804020147,21.705929776204933,21.867568969726562,17007300
2009-07-30,22.198549690830802,22.329401116666094,21.35956139602442,21.62896156311035,13690200
2009-07-31,21.613562046784512,21.829082425359932,21.35185925426881,21.598167419433594,8317500
2009-08-03,21.813691188324864,21.859873609442882,20.836154221298482,21.059371948242188,12181300
2009-08-04,20.92852125124553,21.15173751775152,20.39741825173262,20.728395462036133,8508800
2009-08-05,20.689914407804626,20.697611724995234,20.043355913038265,20.15111541748047,7892500
2009-08-06,20.220377617543733,20.358926307247,19.566120731785105,19.997159957885742,11043400
2009-08-07,20.07413604797478,20.512872683506927,20.004861687826274,20.405113220214844,8506500
2009-08-10,20.374328171418682,20.89003658786739,20.15111188447915,20.836156845092773,7705000
2009-08-11,20.82845239185348,21.521194430922524,20.628326652902448,21.413434982299805,11762400
2009-08-12,21.367258395891856,21.644355874301006,21.167132602386665,21.390350341796875,6901500
2009-08-13,21.27489394867803,21.875271381916836,20.928523538362224,21.8367862701416,7858600
2009-08-14,21.613562046784512,21.92914456691595,21.25179711271279,21.598167419433594,6718400
2009-08-17,21.33646882712372,22.837411522720426,21.33646882712372,21.921451568603516,14909500
2009-08-18,21.84447454618001,21.92144621116313,21.3980406510128,21.690532684326172,8269600
2009-08-19,21.35955555257744,21.775201662618844,21.25179610246851,21.690532684326172,7561900
2009-08-20,21.598171143621173,22.275520182732567,21.56738335172305,21.852176666259766,8741100
2009-08-21,22.106177063707797,22.360182527456676,21.759806777566077,22.260120391845703,8182700
2009-08-24,22.39097372029688,22.87589275015392,21.975327579180124,22.852802276611328,11908000
2009-08-25,22.914379879789912,23.09141369913628,22.460248626257894,23.029836654663086,10207500
2009-08-26,22.960562481212463,22.96825979534773,22.175454056765695,22.267820358276367,10143100
2009-08-27,22.18315401219851,22.483341958653916,21.95224043309631,22.27552032470703,7784000
2009-08-28,22.39866935956855,22.421759831384808,21.536589354359933,21.690532684326172,9074200
2009-08-31,21.52890237272004,22.160069153987155,21.3210806860786,21.55199432373047,7603900
2009-09-01,21.50579780179334,21.913745058947544,20.990089645295633,21.036272048950195,10171000
2009-09-02,21.067069333946648,22.42176445745649,21.059372019048983,22.059999465942383,14380400
2009-09-03,22.27552319206116,22.3986773125167,21.57508358142794,22.221643447875977,10479600
2009-09-04,22.16775493027955,22.514126697485846,21.975326496967707,22.229331970214844,5837100
2009-09-08,22.314007585310318,22.321704901104933,21.236408331983,21.428836822509766,13752600
2009-09-09,21.567382204018575,21.890662076365565,21.32107400948994,21.859872817993164,10975000
2009-09-10,21.667442274938523,22.460247984475647,21.590470604518295,22.406368255615234,9136500
2009-09-11,22.41406449405555,22.63728071264069,22.144664394566643,22.375577926635742,5430600
2009-09-14,22.206248710659185,22.45255695040416,21.882968778965676,22.136974334716797,7354500
2009-09-15,22.183144255777336,22.190841567443734,21.29027665604437,21.32106590270996,13570400
2009-09-16,21.51350326391479,22.58340507392448,21.405742323747216,22.544919967651367,14119100
2009-09-17,22.668077363552957,22.99905314269167,22.421767656028482,22.58340835571289,11461300
2009-09-18,22.237037370385785,22.52183220122456,21.867574996416273,21.99842643737793,15698600
2009-09-21,21.898355510732856,22.275515050289037,21.721320242686172,22.006114959716797,8258400
2009-09-22,22.106185572965916,22.152369470052125,21.174832336754882,21.22871208190918,12943800
2009-09-23,21.436534176512517,21.436534176512517,20.497482201475904,20.535968780517578,15226100
2009-09-24,20.57445293655425,20.813065311199637,19.997167490737713,20.035654067993164,13992100
2009-09-25,20.020261278952244,20.151112717433485,19.34291213806831,19.504552841186523,16839100
2009-09-28,19.581514257461823,20.08182780032342,19.519937228619046,19.858610153198242,8795400
2009-09-29,19.950981746098183,20.35123327427214,19.19666257477135,19.766250610351562,23216300
2009-09-30,19.35830339100317,19.704675217138167,18.87338430252686,19.273635864257812,22933900
2009-10-01,19.158181316910117,19.73546682675462,19.011936711457512,19.08121109008789,17202100
2009-10-02,18.996535333529042,19.173569141339478,18.434644655811177,18.688650131225586,11219600
2009-10-05,18.765622865005305,18.857989172226592,18.434647145401257,18.503921508789062,12436800
2009-10-06,18.827200142175002,18.927263765221323,18.334583745985928,18.765623092651367,11192200
2009-10-07,18.796412919843483,19.504549744834556,18.781018289968898,19.28133201599121,12081700
2009-10-08,18.696348480193397,18.80410793993917,18.088273887370747,18.596284866333008,24531700
2009-10-09,18.81950548067287,19.281332647125673,18.788716219915877,18.988842010498047,16555000
2009-10-12,19.096600040432588,19.64309763257216,19.096600040432588,19.419879913330078,13952400
2009-10-13,19.373707521082476,19.373707521082476,18.442352525265687,18.696359634399414,19003700
2009-10-14,18.950359432270197,19.18897036253704,18.742536298757322,19.14278793334961,9801800
2009-10-15,19.06580897962307,19.17356842939992,18.765619633925226,18.89647102355957,11123600
2009-10-16,19.019630016239944,19.21205849378885,18.727139376335224,18.81950569152832,12367000
2009-10-19,18.91187231915885,19.23515225060229,18.788718199381627,19.181272506713867,10270400
2009-10-20,19.766250637160496,20.412810347206875,19.627701918134477,19.981769561767578,21392200
2009-10-21,19.989466338701227,20.066438010326124,19.26593644251974,19.3352108001709,11959800
2009-10-22,19.28134113575152,20.012570251413933,19.258250648130932,19.789352416992188,13756100
2009-10-23,20.08952695758121,20.18189177527261,19.70467012493832,19.897098541259766,8293000
2009-10-26,19.958683888497923,20.158809700997583,19.466067407337487,19.481460571289062,14347500
2009-10-27,19.47375985926741,20.628330636728624,19.38909233390353,20.397417068481445,20485300
2009-10-28,20.23577866822793,20.4051151937955,19.86631488899721,19.920194625854492,11505700
2009-10-29,20.058742241907083,20.466691105273323,20.012559822618734,20.374324798583984,13044200
2009-10-30,20.25886862433994,20.62063507927559,19.93558874339355,19.974075317382812,11745700
2009-11-02,20.027953096593578,20.482084348520115,19.735461035295533,20.335838317871094,8189400
2009-11-03,20.458995719025072,20.782275620738858,20.21268750212177,20.713001251220703,11443700
2009-11-04,21.259494928269547,22.290910027217993,21.259494928269547,21.451923370361328,22424700
2009-11-05,21.513498774283317,21.844474436254114,21.297978407037604,21.713623046875,11991700
2009-11-06,21.62896270727879,22.121579175017903,21.398047636941424,22.067699432373047,11891400
2009-11-09,21.79059367468093,22.506427625571472,21.705926168955177,22.4217586517334,11751800
2009-11-10,22.321702632292606,22.46025136628763,22.029212002390782,22.29861068725586,8063300
2009-11-11,22.314000955377125,22.652675409148927,22.05999548207638,22.60649299621582,8794200
2009-11-12,22.65268276222518,22.65268276222518,22.083094590786697,22.136974334716797,8428600
2009-11-13,22.22933643559677,22.59110290248588,22.206245958552945,22.38327980041504,6267600
2009-11-16,22.49873372170065,22.706556797276974,22.28321480016598,22.437156677246094,8281300
2009-11-17,22.29091337224361,22.46025136628763,22.160063421373557,22.29861068725586,6103400
2009-11-18,22.298613672075998,22.406374628559284,22.05230543116492,22.221643447875977,7327600
2009-11-19,22.05999532170255,22.106177734299916,21.45192224014789,22.036903381347656,6991000
2009-11-20,21.782902623157966,22.144669093099573,21.782902623157966,21.983028411865234,9008200
2009-11-23,22.27552032590989,22.768136744347977,22.267823010857704,22.38327980041504,9622100
2009-11-24,22.575701350358372,22.85279873482426,22.206239149812045,22.752735137939453,7241100
2009-11-25,22.768138258010023,22.891292370807026,22.606499035506268,22.737350463867188,8060900
2009-11-27,22.313998149324767,22.814311719502726,22.090781958124495,22.660369873046875,5456500
2009-11-30,22.66037953769221,22.698864648692,21.936847999615736,22.067699432373047,12634400
2009-12-01,22.321705307865336,22.467951374402272,22.036910490726342,22.090791702270508,9705800
2009-12-02,22.10618520853035,22.16776226885054,21.675145786288994,21.775209426879883,11500500
2009-12-03,21.75980322406163,21.906047746986427,21.01318011306684,21.036272048950195,15325700
2009-12-04,21.282581372297305,21.590466527729756,21.013181310751825,21.136335372924805,11814700
2009-12-07,21.197918663089563,21.91375126071408,21.182524034810523,21.782899856567383,11281000
2009-12-08,21.67514188285177,22.260124584601588,21.60586751895293,21.906055450439453,15897400
2009-12-09,22.22934220884794,22.783537291635234,21.652056643019918,21.936851501464844,19103600
2009-12-10,22.10618147482985,23.645609190940604,21.96763421359453,23.330026626586914,27521700
2009-12-11,23.422400882871006,23.89192696539359,23.399308930773557,23.460886001586914,19072800
2009-12-14,23.768763982531283,24.045861449291742,23.67639913901961,23.82264518737793,20357700
2009-12-15,23.784157263607067,24.15361955292574,23.768762634523966,24.107437133789062,28990900
2009-12-16,24.24598408347221,24.877149148524907,24.176709725784715,24.7847843170166,34897200
2009-12-17,24.70011932554088,24.884851954654998,24.09974195120191,24.49229621887207,14802800
2009-12-18,24.5384786444822,24.630844959048247,23.9227081077511,24.276777267456055,15694400
2009-12-21,24.607750164812888,25.592984377645802,24.569265061264474,24.76169204711914,24416000
2009-12-22,24.93103313553901,25.023397982819755,24.76939391874131,24.877153396606445,10356400
2009-12-23,24.807874702085115,25.131156015545205,24.261378624630606,24.338350296020508,9500100
2009-12-24,24.54616827853784,24.553865591352373,24.05355200330607,24.38452911376953,4963400
2009-12-28,24.269076849203017,24.507687718163577,23.92270504900819,24.16131591796875,7968700
2009-12-29,23.93040913769321,24.215202504597553,23.64561430267588,23.745677947998047,9200000
2009-12-30,23.74566992029822,23.868824005126953,23.553241479239258,23.868824005126953,5806300
2009-12-31,23.822652577214416,23.976594520191227,23.437795517602638,23.460886001586914,5354200
2010-01-04,24.153620951677123,24.32295894517246,23.838038377761094,24.269079208374023,12199500
2010-01-05,24.42301735376208,24.607748480754864,24.076647041192793,24.230588912963867,11180700
2010-01-06,24.322957906685286,24.6770270404206,24.17671186439596,24.46920394897461,9761100
2010-01-07,24.315256815617442,25.43903815521996,24.315256815617442,25.408248901367188,11789800
2010-01-08,25.29279558357723,25.338976531746397,24.89254406083563,25.169641494750977,7228700
2010-01-11,25.177336719319126,25.500618029650035,25.169640873555895,25.33897590637207,7206900
2010-01-12,25.169645820390972,25.331285039212446,24.276777788896595,24.669330596923828,13121500
2010-01-13,24.623140586268892,25.05417983843494,24.384529755191018,25.046483993530273,8797200
2010-01-14,25.15424756833072,25.654562719770947,24.884848909078393,25.64686393737793,8818300
2010-01-15,25.816203127789777,26.16257494611394,25.477527155994903,25.977842330932617,19382000
2010-01-19,26.601308183162377,27.632724722746868,26.555124301249663,27.0400447845459,26477900
2010-01-20,27.663514442168076,27.763578063835286,26.393488363789306,26.593612670898438,26854700
2010-01-21,27.27096436510208,27.47108869195631,25.40055930840342,25.477529525756836,29192700
2010-01-22,26.03171931122665,26.25493700788919,25.477524460540334,25.52370834350586,21021600
2010-01-25,25.831603188278017,25.954757312217474,25.369773021335607,25.400562286376953,10925800
2010-01-26,25.02340031279707,25.331287080701568,24.969520568847656,24.969520568847656,11057200
2010-01-27,24.892539812849325,25.808498008669527,24.715506023887,25.585283279418945,14387100
2010-01-28,25.654566646872883,26.239547940606826,25.43134890290869,25.731536865234375,16742100
2010-01-29,25.72384076063331,26.01633290607424,25.369773021335607,25.400562286376953,11931500
2010-02-01,25.423654350303327,25.71614651395921,24.800187843632283,25.500627517700195,13710200
2010-02-02,25.508327159042775,26.262646694331746,25.34668788781511,26.20876693725586,12114600
2010-02-03,26.208754666836473,26.208754666836473,25.26200703203165,25.64686393737793,8410400
2010-02-04,25.585293673332927,25.585293673332927,24.931035036621992,24.984914779663086,10648500
2010-02-05,24.95411623732618,25.115758342571002,24.50768382723846,25.046483993530273,12666000
2010-02-08,24.807871969935043,25.362066768417524,24.807871969935043,24.946420669555664,9558200
2010-02-09,25.185043303539384,25.44674618393897,24.630848277698863,25.400562286376953,11236500
2010-02-10,25.400563049798652,25.53141302581822,24.861762640284994,25.177345275878906,10755200
2010-02-11,25.177339268923237,25.554500346465325,24.969516177570494,25.492921829223633,7857600
2010-02-12,25.23121915065666,25.28509888544495,24.653933761160424,24.769392013549805,11688700
2010-02-16,24.8848501038131,25.092670258799497,24.161317207840796,24.34604835510254,13934200
2010-02-17,24.384533766556544,25.562194957754816,24.384533766556544,25.054183959960938,11690900
2010-02-18,24.807873906637237,25.392858003198356,24.723204924011945,25.161941528320312,10327100
2010-02-19,24.95412812991752,25.223529809566717,24.499998190384403,24.584667205810547,11508200
2010-02-22,24.71550824541245,25.492917817795306,24.538472972425215,25.46213150024414,16338800
2010-02-23,25.300495377983694,25.53140896354169,24.907942576157655,25.254314422607422,10746500
2010-02-24,25.308201724849212,25.90857781397058,24.90795002002616,25.877788543701172,10982600
2010-02-25,25.64687314463964,26.154884324624412,25.277410735216733,25.746936798095703,14779500
2010-02-26,25.80080295292045,26.401178684821613,25.67764888134522,26.0625057220459,9684700
2010-03-01,26.17026246326785,26.72445719619944,25.80849613080147,26.201051712036133,10970800
2010-03-02,26.25494619659935,26.455070553706186,25.870089179202648,26.131792068481445,7081500
2010-03-03,26.2087568673561,26.439670442706625,25.993237921859002,26.247241973876953,8089700
2010-03-04,26.208759995066345,26.247245106179946,24.954125406427746,25.362075805664062,17386600
2010-03-05,25.423648990043983,26.00863319401913,25.369769252339097,25.97014808654785,8133300
2010-03-08,25.970148899985663,26.047119117339076,25.42364978636433,25.477529525756836,7734800
2010-03-09,25.539101698459326,25.746924757110154,25.454432718687713,25.46213150024414,8770800
2010-03-10,25.415945335096463,25.823892634173806,25.35436683307935,25.585283279418945,7419000
2010-03-11,25.46982741585534,25.831593808159624,25.35436918198912,25.785409927368164,14678000
2010-03-12,25.923967510799674,25.970151407406128,25.231223742832146,25.331287384033203,9450400
2010-03-15,25.231212439078487,25.231212439078487,24.576957012840122,25.03878402709961,13520100
2010-03-16,24.746298606731212,25.4852231130777,24.70011472400019,25.43903923034668,12932100
2010-03-17,25.523718253760254,25.523718253760254,24.83097442142636,25.2081356048584,10614400
2010-03-18,24.984914847857155,25.931662681882155,24.615452493327336,25.854692459106445,15407200
2010-03-19,26.470457077026367,26.70906941175031,25.95475024109977,26.470457077026367,21827600
2010-03-22,26.532038400951148,27.063139921465478,25.562197267215748,25.631471633911133,20218800
2010-03-23,25.67765168383261,25.75462188588349,25.369765003179104,25.52370834350586,11409500
2010-03-24,25.50831794595741,25.662261311812966,25.185039520263672,25.185039520263672,10825800
2010-03-25,25.21582437408664,25.60068129817128,25.092670275828567,25.492921829223633,14786200
2010-03-26,25.477528143322036,25.608381029193335,25.092671204986505,25.115764617919922,8751000
2010-03-29,25.138857944101645,25.41595544090812,25.03109845894929,25.277406692504883,7967200
2010-03-30,25.238916119151174,25.623773017816273,25.092668618474363,25.446739196777344,7253100
2010-03-31,25.323589829834507,25.485229052727654,25.015703078987475,25.14655303955078,6961600
2010-04-01,25.269818706118105,25.416200637817383,25.054101676991717,25.416200637817383,6713400
2010-04-05,25.516346672316402,25.59339054767287,25.246700455877125,25.531755447387695,6722000
2010-04-06,25.631908598182903,26.194315610081535,25.61649982456503,25.73976707458496,9430900
2010-04-07,25.83222769185305,25.83222769185305,25.223597040868746,25.369976043701172,8395900
2010-04-08,25.30063144646677,25.393081164355912,24.807562365826623,25.13113784790039,11174600
2010-04-09,25.16195805320929,25.200478528147677,24.35301632380776,24.853788375854492,12831400
2010-04-12,24.792156203737843,24.94624104241524,24.661183062238706,24.853788375854492,8763300
2010-04-13,24.99247145060488,25.177373896693155,24.522515352729013,24.77675437927246,11119100
2010-04-14,24.738230893551187,24.74593381419693,23.836837823396547,23.92158317565918,16499100
2010-04-15,23.936987230622478,24.11418375973854,23.17427039404902,23.59800148010254,25271500
2010-04-16,23.528671718421485,23.96781170850252,23.37458684109446,23.675050735473633,15355500
2010-04-19,23.54407649226229,24.399244677251954,23.54407649226229,24.060258865356445,13524400
2010-04-20,24.82297070202216,24.83067362049159,23.312944465131395,23.867647171020508,26564000
2010-04-21,23.99091634737427,24.229747983853628,23.181974653255285,23.312946319580078,13735400
2010-04-22,23.305245609654015,23.51325972479125,23.02018906637757,23.46703338623047,14148700
2010-04-23,23.35146527901644,23.859943134264096,23.328353584344487,23.84453582763672,14799000
2010-04-26,23.97551143547909,23.998623133958734,22.881513133761647,22.9970760345459,16596800
2010-04-27,22.98936896051699,23.38998834128231,22.819876823790974,22.95855140686035,16204300
2010-04-28,23.05870701642115,23.590298061986804,22.889213410015437,23.451622009277344,13270600
2010-04-29,23.73668096211467,24.45317304005283,23.721273652178446,24.114187240600586,13609500
2010-04-30,24.14500941926412,24.14500941926412,23.28213671086558,23.35147476196289,15545900
2010-05-03,23.49784723625122,23.559480875141602,23.027889821298402,23.312946319580078,9553500
2010-05-04,23.120344096068212,23.15116018488994,22.557936882547672,22.719724655151367,11745200
2010-05-05,22.527119981542153,23.18968280935466,22.450077553046867,23.112640380859375,11359500
2010-05-06,23.228209816607826,23.32066105067581,21.548690575162457,22.52712631225586,10439100
2010-05-07,22.38074529659445,22.5579433687528,21.764408648320803,22.357633590698242,14194800
2010-05-10,22.32681221425463,23.158867282193864,22.280587340886402,23.020191192626953,9059800
2010-05-11,22.96625847729036,23.174272580379213,22.76594876351539,22.9970760345459,9614100
2010-05-12,22.997084739741048,23.40540724170711,22.950859855822028,23.359182357788086,11345400
2010-05-13,23.2667210326659,23.443917557555412,23.058706954163338,23.251312255859375,7148300
2010-05-14,23.0895298571479,23.482444964979493,22.773657186639376,23.41310691833496,12201000
2010-05-17,23.474733705087694,23.675043395727823,23.01248215533861,23.451622009277344,8658100
2010-05-18,23.520959972126192,23.682747720209182,23.17426984128859,23.251312255859375,8907900
2010-05-19,23.197385895273083,23.305244407426716,22.920033756064292,23.104934692382812,10096000
2010-05-20,22.742844209572418,22.842998363191764,22.30370416696169,22.3114070892334,10194300
2010-05-21,21.98782622162519,22.396148600147367,21.69506528323279,22.111093521118164,11502800
2010-05-24,22.026355008252306,22.480903897600516,21.70277785769024,22.21125602722168,7996700
2010-05-25,21.82603531603005,22.257470831509483,21.656543159457204,22.242063522338867,8547300
2010-05-26,22.380739623787086,22.765950298685052,22.165022586299973,22.180431365966797,9613100
2010-05-27,22.581044543691572,22.588748931884766,22.22665150357555,22.588748931884766,6502100
2010-05-28,22.565638477589967,22.65808820206823,22.226652725758626,22.39614486694336,11697300
2010-06-01,22.480899538819834,22.812181017956895,22.257476599136737,22.326814651489258,8178500
2010-06-02,22.43466671770688,23.066411887068867,22.24206141146423,23.043298721313477,7967800
2010-06-03,23.147742852741196,23.588725684568992,22.946592504329967,23.565515518188477,8064800
2010-06-04,23.279263609272796,24.45521878252169,23.12453212177153,23.47267723083496,16676300
2010-06-07,23.573252240315316,24.037445238523627,22.683549854532885,23.565515518188477,16847400
2010-06-08,23.542311024519194,24.06839641790295,23.410789676173255,23.898191452026367,18435500
2010-06-09,23.898185466235233,24.107072521693286,23.557778571002213,23.619670867919922,10126400
2010-06-10,23.92139938189777,24.076130886268853,23.379840592227975,23.751195907592773,11766600
2010-06-11,23.5964640480331,23.851769993462067,23.310211211944146,23.727985382080078,9072700
2010-06-14,23.766674019230873,23.936879013148662,23.63515264921684,23.666099548339844,8390100
2010-06-15,23.905920961280685,24.14575341507831,23.79760981613892,24.130281448364258,9569200
2010-06-16,23.85950945488361,24.470695859284678,23.85950945488361,24.285018920898438,10152000
2010-06-17,24.401065986128135,24.401065986128135,24.114813144308712,24.370119094848633,9370800
2010-06-18,24.370124960253424,24.462964180807493,24.138029122312272,24.238603591918945,10243000
2010-06-21,24.45522425685744,24.602217579696593,24.02197658512234,24.099342346191406,7110500
2010-06-22,24.06839150158684,24.24633167899358,23.65835409329282,23.70477294921875,6578200
2010-06-23,23.805350338429992,23.92139822327307,23.302475187024044,23.372102737426758,8358400
2010-06-24,23.271525483391535,23.32568105806119,22.92338039533128,23.023956298828125,8952600
2010-06-25,23.016227751987223,23.29474392135549,22.884706391522123,23.116802215576172,14216100
2010-06-28,23.10906263823687,23.464943031874082,22.52882171116221,22.582977294921875,9883000
2010-06-29,22.34314048553251,22.459189836749584,22.018205548508053,22.14972686767578,14389900
2010-06-30,22.05689279180133,22.250306441527094,21.902161281769107,21.971790313720703,11078500
2010-07-01,21.902160298442297,21.902160298442297,20.98924767662249,21.546279907226562,15600900
2010-07-02,21.577222413287103,22.010469973261277,21.499858147804147,21.894420623779297,9312900
2010-07-06,22.04142002259863,22.482402921415993,21.886689983443446,22.350881576538086,13395000
2010-07-07,22.42050855519186,22.62939563831184,22.281250499778537,22.590713500976562,8978500
2010-07-08,22.68355431625464,23.124537234821183,22.629398726343542,22.96207046508789,8996400
2010-07-09,23.01622648088569,23.310214606826882,22.838286260562615,23.186429977416992,6971100
2010-07-12,23.140005602725545,23.26379020267337,22.90790984673058,23.240581512451172,8901800
2010-07-13,23.395315050578663,23.418525219927794,23.05490661160333,23.317949295043945,6905100
2010-07-14,23.20963183390063,23.51135657554017,23.03942839834501,23.45720100402832,4711100
2010-07-15,23.45719968585131,23.929129312155048,23.302469701030883,23.890445709228516,9214500
2010-07-16,23.77440200827072,24.076128261335302,23.325682465271644,23.47267723083496,9411300
2010-07-19,23.580987744043014,23.95234153317075,23.43399445811461,23.844030380249023,8575500
2010-07-20,24.25407307220007,24.362384248764002,23.395315956217182,23.85177230834961,13493900
2010-07-21,23.867243798056588,24.083866133421317,23.658356709844327,23.751195907592773,8884400
2010-07-22,24.05291682942686,24.138019290635825,23.71250846021975,23.983287811279297,9202600
2010-07-23,23.983286641743238,24.176700243692782,23.782136318640273,23.92139434814453,5746700
2010-07-26,23.859508713028927,24.362383923309597,23.859508713028927,24.34691047668457,5479000
2010-07-27,24.393328373031743,24.540321674357624,23.697038100945186,23.813087463378906,11856600
2010-07-28,23.820824799882313,23.921399244204313,23.32568487412231,23.464942932128906,7981800
2010-07-29,23.58872141939289,23.890446149639185,23.24057784040761,23.550039291381836,5540300
2010-07-30,23.364369477105445,23.735723330427646,23.163219104315324,23.557783126831055,4893200
2010-08-02,23.89818718081056,24.41653575804607,23.851768323699144,24.323698043823242,7440900
2010-08-03,24.285020973999636,25.205671971469606,24.192183234772408,25.081884384155273,9954200
2010-08-04,25.089621751132448,25.716283110445662,25.066413054910694,25.460975646972656,9379500
2010-08-05,25.344927324826706,25.909697867449115,25.283036481890477,25.855539321899414,7829600
2010-08-06,25.59249089482489,25.956106483337475,25.49965023493196,25.878742218017578,7479400
2010-08-09,25.91742801140377,26.14178854428201,25.809116844154403,25.909692764282227,6059400
2010-08-10,25.762703724373193,26.010273019223842,25.499660979687032,25.78591537475586,7957600
2010-08-11,25.414552307032196,25.646651046920255,24.555796708598013,24.749210357666016,17250600
2010-08-12,24.532588382329063,24.94262735601014,24.424277202916127,24.857524871826172,8998000
2010-08-13,24.764676017705323,24.903934045649912,24.486161437444807,24.780149459838867,6868600
2010-08-16,24.640896645554633,24.749207805662966,24.269542831787014,24.67957878112793,5231900
2010-08-17,24.934885593470607,25.20566645456562,24.74147195751326,25.02772331237793,5544800
2010-08-18,24.97356702836615,25.499652339481727,24.849782422883532,25.174718856811523,6444900
2010-08-19,25.0431967070423,25.12056393202437,24.571268439683113,24.594478607177734,7067700
2010-08-20,24.56352851102992,24.625420807308153,24.2850124399635,24.455217361450195,5330200
2010-08-23,24.470693540249027,24.888466243119357,24.346908926389006,24.370119094848633,5077300
2010-08-24,24.138024886824677,24.30822837307404,23.874982196311695,24.014240264892578,7509700
2010-08-25,23.929138399760724,24.950362294795898,23.84403591663142,24.726001739501953,10921200
2010-08-26,24.78789252875865,25.058670441175586,24.640897750854492,24.640897750854492,9944700
2010-08-27,24.725999375840622,25.08187977012649,24.354645535986936,25.043197631835938,7051400
2010-08-30,25.01225141197131,25.128297816264787,24.66410482094661,24.687314987182617,7173200
2010-08-31,24.609946550865452,24.919408022027568,24.30822180093598,24.54031753540039,8650800
2010-09-01,24.76467324713919,25.24434104584395,24.63315343060391,25.213394165039062,8623100
2010-09-02,25.3990859194606,25.476450211095027,24.98131166161415,25.42229461669922,5430000
2010-09-03,25.491922785951395,26.234630584716797,25.460975889854893,26.234630584716797,7760900
2010-09-07,26.118569298870497,26.373876648446355,26.01025816314393,26.134042739868164,6831800
2010-09-08,26.134050135804827,26.273308192936764,25.785907944232928,26.18820571899414,8552100
2010-09-09,26.381629241493616,26.497678649659978,26.2423711321976,26.319738388061523,7507100
2010-09-10,26.393509064409955,26.898237503208087,26.245970643936946,26.781763076782227,8940700
2010-09-13,27.014711075749577,27.39519829532767,26.92152799320004,26.960355758666992,7101400
2010-09-14,26.40901932633315,27.177763070821324,26.38572504872903,26.87492561340332,8716000
2010-09-15,26.78951445260431,26.86716403427693,26.377966337884416,26.610918045043945,11169600
2010-09-16,26.579856860787864,26.704097967969716,26.33913841968605,26.587623596191406,6153700
2010-09-17,26.758456636960474,26.8749339855486,26.50221061706543,26.50221061706543,7286900
2010-09-20,26.688577109243806,27.201072231942412,26.673046594962912,27.123422622680664,5639200
2010-09-21,27.09235641350648,27.566026640998782,27.045767841715207,27.379663467407227,6428000
2010-09-22,27.270948027356535,27.72132388930179,27.107882130641862,27.705793380737305,7184300
2010-09-23,27.488374010820955,27.79897531631512,27.32530514113406,27.519432067871094,6711800
2010-09-24,27.907692947500593,27.907692947500593,27.643680142183605,27.744626998901367,8558100
2010-09-27,27.822273127564397,27.822273127564397,27.371897226547706,27.449546813964844,7505200
2010-09-28,27.527203699795432,27.651444836519293,27.10788875254902,27.20883560180664,8410300
2010-09-29,27.107882818319645,27.340834528413264,26.952580690876665,27.333070755004883,7872500
2010-09-30,27.558259253036614,27.61261455442759,27.23989121825729,27.263185501098633,7847200
2010-10-01,27.232135341545757,27.542739726614137,26.991416795010615,27.51167869567871,6503500
2010-10-04,27.410712444492667,27.410712444492667,26.673029773167194,26.820568084716797,5883300
2010-10-05,26.999180179221792,27.278723498622046,26.828347492445506,27.232131958007812,6887400
2010-10-06,27.208825845981718,27.348597444948233,26.354665745392875,26.3624324798584,13815400
2010-10-07,26.70410418806383,26.85940634875055,26.486682940387826,26.665279388427734,6878900
2010-10-08,26.750698682059156,26.828348289915095,26.548804962205445,26.673046112060547,6022300
2010-10-11,26.471149013874903,27.100121350567665,26.45561850359511,26.905994415283203,6746300
2010-10-12,26.80504075344903,27.224355537796168,26.74291872814966,27.193294525146484,6766300
2010-10-13,27.247648365701355,27.65919639390697,27.19329307752858,27.426244735717773,8050100
2010-10-14,27.379655348304535,28.156162910744882,27.35636106931653,27.78343963623047,10274300
2010-10-15,27.96204359865592,28.132876256578587,27.775683391960353,27.938749313354492,7825200
2010-10-18,28.02416585629549,28.241587086481136,27.83003891158913,28.148406982421875,8035000
2010-10-19,27.666987110970478,27.892172230542776,27.11566405536539,27.410737991333008,13178200
2010-10-20,27.53495703401735,28.536652485229084,27.527193261853306,28.521121978759766,10386500
2010-10-21,28.614306662975686,28.614306662975686,28.04745641520562,28.334766387939453,6840200
2010-10-22,28.497830130943072,28.93267250061035,28.28040598396795,28.93267250061035,6622900
2010-10-25,29.134571226913224,29.46846979743272,29.087979695395852,29.165632247924805,7456100
2010-10-26,29.126799818119842,29.266571428108044,28.84725956028496,29.173391342163086,8050600
2010-10-27,28.924915281445664,29.010331612595362,27.72132879504884,27.899925231933594,12700700
2010-10-28,28.171701267901163,28.26488433410253,27.915455241202665,28.148406982421875,6281600
2010-10-29,28.264888287275333,28.67643651972714,27.80674851520648,27.99310874938965,6696900
2010-11-01,28.16392728409219,28.451234228709662,27.72131824757789,28.03968620300293,7671800
2010-11-02,28.26486879217909,28.800657798584695,28.233807787191395,28.730772018432617,9988000
2010-11-03,28.459012119489966,29.080217768472348,28.008636172638873,28.46677589416504,10730400
2010-11-04,28.730785457585903,28.769610250911025,28.24935150364229,28.575483322143555,6839700
2010-11-05,28.52112159552782,28.878314353098904,28.32699471048164,28.622068405151367,7190400
2010-11-08,28.443474193059362,28.87055278026561,28.42794368561568,28.82396125793457,4370500
2010-11-09,28.91714940757302,28.948207465801893,28.583250843941645,28.715255737304688,6027600
2010-11-10,28.505602837637134,28.86279574242259,27.930988679876602,28.855031967163086,8385100
2010-11-11,28.707489346502555,29.119037461405078,28.528892938862935,29.09574317932129,5396400
2010-11-12,28.893849843345823,28.98703289698307,28.13287267815852,28.47453498840332,7373900
2010-11-15,28.2027665810356,28.249358121225214,27.519438802300716,27.542736053466797,9124200
2010-11-16,27.395181349652415,27.472833870410632,27.030224869581545,27.185523986816406,10840800
2010-11-17,27.247654038759038,27.44178095469145,26.851636433599246,27.434017181396484,9578000
2010-11-18,26.859400606120236,27.91545151843189,26.78951479686015,27.666969299316406,9207900
2010-11-19,27.597089858481922,28.334772912648987,27.44178769516111,27.954282760620117,14341600
2010-11-22,28.971497498592992,29.05691084013291,27.620373070295983,28.311464309692383,14972500
2010-11-23,28.070761315418064,28.218296747658286,27.783451264326697,27.99310874938965,6577900
2010-11-24,28.427951869238388,28.536662490497523,27.969812135258998,28.094053268432617,6306100
2010-11-26,27.767919981210877,28.163940651619207,27.752392430578237,27.861103057861328,2972200
2010-11-29,27.59708953497718,28.474541267490487,27.216599387408575,28.41242218017578,10899000
2010-11-30,28.20276439903056,28.715259452895122,27.985343152585692,28.35806655883789,12039400
2010-12-01,28.839500832593636,29.42964845243179,28.839500832593636,29.251049041748047,11012000
2010-12-02,29.258818314406057,29.55389214989476,29.227757287061433,29.546125411987305,8600200
2010-12-03,29.378625171148226,29.588973684467163,29.121534525028878,29.464323043823242,5383200
2010-12-06,29.347461718027407,29.511068098267287,29.012465536540795,29.05141830444336,5179900
2010-12-07,29.19164501600162,29.308503297169967,28.615134057760375,28.646297454833984,8523900
2010-12-08,28.755374470621852,28.833280013340094,28.576189344845133,28.70083999633789,5753700
2010-12-09,28.989084410485752,28.989084410485752,28.38141305844456,28.55280876159668,8309700
2010-12-10,28.661878173253335,28.70862029536024,28.381413552991845,28.568387985229492,7979300
2010-12-13,28.63850007464694,29.495475511775375,28.529431176008043,28.74757194519043,11122300
2010-12-14,28.506067395922315,28.887811610523023,28.311300606655806,28.435951232910156,8351800
2010-12-15,28.256762295312583,28.31129675112809,27.35304463506351,27.61792755126953,13520200
2010-12-16,27.617914604185586,27.859423374749525,27.220588930187564,27.742565155029297,10177800
2010-12-17,27.734783550750883,27.74257588488817,27.243973488671344,27.306297302246094,18279900
2010-12-20,27.493283014081463,27.524446416260115,27.251771105055308,27.40758514404297,6407700
2010-12-21,27.360832527473498,27.898390665771853,27.30629807458885,27.524438858032227,6873900
2010-12-22,27.586767174799387,27.945137344204948,27.48548761495685,27.92176628112793,5115000
2010-12-23,27.906182220804492,28.124320049482094,27.75816054733112,27.867229461669922,3808500
2010-12-27,27.656874483582957,27.820477816566832,27.617921733620747,27.688037872314453,2810600
2010-12-28,27.664659862461892,27.867218888153754,27.563383321519858,27.828266143798828,3082900
2010-12-29,27.92176292331501,28.06978459151081,27.78931998069358,27.97629737854004,3593700
2010-12-30,27.976291344066656,28.06977853687228,27.828269707799056,27.999662399291992,2865500
2010-12-31,28.07757233469881,28.21001228375752,27.882805605915223,28.13210678100586,2828000
2011-01-03,28.342463183702662,28.965716296887727,28.334670848091136,28.9267635345459,8212400
2011-01-04,28.848851363708345,29.21501382127793,28.69304033418544,29.19164276123047,6724300
2011-01-05,29.215011493310374,29.456523324874084,29.051408142204952,29.285127639770508,7528100
2011-01-06,29.573391467358675,29.916182952083005,29.401998696902155,29.89280891418457,7157300
2011-01-07,29.900595165924077,30.025245779028243,29.643501604700152,29.955129623413086,6437700
2011-01-10,30.025245779028243,30.110943632769555,29.61233820844785,29.955129623413086,5725300
2011-01-11,30.017465830963072,30.461534009139058,29.869444095539833,30.445955276489258,5569100
2011-01-12,30.56279001486374,30.640698477515407,30.235583387438652,30.2745361328125,5872400
2011-01-13,30.59396455453742,30.851055145263672,30.329081628752917,30.851055145263672,8618200
2011-01-14,30.757557271544922,31.863833686033452,30.70302283265155,31.762554168701172,10560400
2011-01-18,31.778156147143296,31.933970202833066,31.528854846802034,31.8482723236084,6738900
2011-01-19,31.84047937155388,31.95734065404153,31.248389537650926,31.598970413208008,9424600
2011-01-20,31.16268580797339,31.552219380573057,30.671872674364323,31.404197692871094,11293100
2011-01-21,31.614546308396292,31.622335672241903,31.263965497237336,31.48210334777832,7384200
2011-01-24,31.482096979970464,31.552213128020032,30.928960129748727,31.014657974243164,7604100
2011-01-25,30.921171640114807,31.941750594860828,30.890011215255495,31.64570426940918,10000100
2011-01-26,31.62233918603916,32.04303620617673,31.248387269885423,31.35745620727539,8937900
2011-01-27,31.895004507383696,33.048023404647594,31.505470975663258,32.946746826171875,13558000
2011-01-28,32.96232210904528,33.06359866781087,31.832674492523495,31.887208938598633,7767400
2011-01-31,31.957339916080873,32.19105950375324,31.71582799140614,31.980710983276367,7320400
2011-02-01,32.222219303661056,32.8610541587299,32.16768483836778,32.77535629272461,9074600
2011-02-02,32.518266108731744,32.923378435873886,32.463728670791504,32.68186950683594,4285800
2011-02-03,32.54941423038636,34.349059844767496,31.863837496063976,33.53104019165039,14831200
2011-02-04,33.61673836313329,34.2010385457701,32.75197361732609,33.10255432128906,8338500
2011-02-07,32.82989030518143,32.92337753412248,32.38582225282966,32.57279968261719,7114100
2011-02-08,32.34687547160589,33.14931385991261,32.24559588790798,32.69745635986328,5618500
2011-02-09,32.69745076285005,33.079192019903026,32.588381832263494,32.77535629272461,5232500
2011-02-10,32.93897060373754,33.17269321462184,32.73641437579846,33.05583190917969,5457200
2011-02-11,32.845472857216755,33.37523878813198,32.75198562585098,33.016868591308594,5051100
2011-02-14,32.90779275958958,33.11813824308286,32.42476905968052,33.079185485839844,3752200
2011-02-15,32.806520834353286,33.07919317030245,32.635125096382055,32.74419403076172,4392700
2011-02-16,32.876632028204554,33.157096658121134,32.71302865138825,33.1103515625,4993700
2011-02-17,32.98569514390728,33.305112478036826,32.837673491668326,33.18046188354492,4823300
2011-02-18,33.25836004570516,33.73359126097344,33.157083503231284,33.375221252441406,6034900
2011-02-22,34.16986932663606,34.536031662962955,33.28952303618608,33.46870803833008,10738900
2011-02-23,33.17267323746598,34.03743508371887,33.15709154133017,33.42976379394531,7102200
2011-02-24,33.36744535537246,33.77255763253129,33.01686456561468,33.305118560791016,6313200
2011-02-25,33.38302520738165,33.515468164379016,33.04023674134447,33.12593460083008,5498700
2011-02-28,33.24277397616171,33.453122337447326,32.99347287506102,33.17266082763672,6644900
2011-03-01,33.15709754703772,33.46872261048438,33.01686522831991,33.0713996887207,5547400
2011-03-02,33.149305399588826,34.115349937133644,33.07139987626168,33.93616485595703,7233800
2011-03-03,34.588565126171304,35.07297608645834,34.1744721262855,34.99484634399414,8739600
2011-03-04,34.87763082358847,35.04951974521336,34.27602257835845,34.729183197021484,5622100
2011-03-07,34.74482775414852,34.979219963096604,33.838509027212915,34.033836364746094,6084100
2011-03-08,34.06507017737954,34.45572466556259,33.69004222637867,34.244773864746094,4696700
2011-03-09,34.30728391332039,34.776068200971544,34.01038560823049,34.76044464111328,4553400
2011-03-10,34.60418996279459,34.60418996279459,34.065084632840914,34.21353530883789,5117600
2011-03-11,34.283861966246604,34.42449791579796,33.79944792647673,34.057281494140625,4774800
2011-03-14,33.83067717998248,33.932248178734255,33.47908755388567,33.72129440307617,4516400
2011-03-15,33.080619408873346,33.65878931437797,32.93998356646565,33.43220901489258,4397900
2011-03-16,33.346273988252996,33.354085768170634,32.39307589357922,32.70560073852539,7141200
2011-03-17,33.127499491723086,33.3853298861979,32.74465680846411,33.02592849731445,5850600
2011-03-18,33.104055575892,33.47908347117562,33.04936419410835,33.283756256103516,7372200
2011-03-21,33.46345562364629,33.932239687494935,33.33063158460013,33.74472427368164,4592100
2011-03-22,33.79941683215189,34.15100638257973,33.330632751885766,33.39313888549805,4505300
2011-03-23,33.31502215967416,33.494722909111275,33.119694869356685,33.40096664428711,3348200
2011-03-24,33.783801431015455,34.33071532980718,33.60409774374707,34.22133255004883,3917900
2011-03-25,34.08852901794781,34.393239198684626,34.06508770988123,34.18228530883789,4190300
2011-03-28,34.307276939024845,34.416659718543265,33.994752157151744,34.276023864746094,3531100
2011-03-29,34.182273042448365,34.752628326416016,34.182273042448365,34.752628326416016,4202900
2011-03-30,34.94016013248798,35.612086747414146,34.83077728456216,35.47145080566406,6533900
2011-03-31,35.658952906936115,35.744897399414576,35.24485996731247,35.31517791748047,5374300
2011-04-01,35.5495612052737,35.73707668566983,35.3932988016865,35.63550567626953,4511600
2011-04-04,35.89334607135757,36.0105436516917,35.56519761515526,35.62770080566406,3499900
2011-04-05,35.04952443497397,35.3698610260281,34.98701828039877,35.229225158691406,4950900
2011-04-06,35.30735959173599,35.3620509940723,35.02609079991694,35.12765884399414,5158600
2011-04-07,34.97920336926518,37.95599165407332,34.70574343817057,34.713558197021484,7706300
2011-04-08,34.862015866418815,35.34642971908524,34.48698780595513,34.674503326416016,4723900
2011-04-11,34.63542782632784,34.760437141427474,34.25258512232806,34.62761306762695,6048700
2011-04-12,34.526034853122965,35.08076636713896,34.40102556414539,35.01044845581055,3959100
2011-04-13,35.065152598031716,35.29172996771939,34.44010592561159,34.635433197021484,4766300
2011-04-14,34.53385408550105,35.14327407568559,34.27602071706486,35.01826477050781,4719700
2011-04-15,35.1589065676485,35.221412721055,34.82294344423215,35.143280029296875,5783300
2011-04-18,34.79169501951855,34.85420118128274,33.86974999670167,34.0260124206543,6722600
2011-04-19,34.06508740234004,34.35417401570091,33.830695187001574,34.34635925292969,5731300
2011-04-20,34.987029265742386,34.987029265742386,34.518244881067936,34.56512451171875,5168100
2011-04-21,37.57315094816292,38.206012328290086,37.15905812067949,37.35438537597656,18367400
2011-04-25,36.83091438045736,37.61222356283603,36.78403773700776,37.27626037597656,6650100
2011-04-26,37.596592021168036,38.088817575128594,36.6668352907604,36.9949836730957,10500000
2011-04-27,37.12781361741948,37.7372338409165,36.627776205272376,37.66691589355469,10513300
2011-04-28,37.65129052296926,38.362281799316406,37.54972246953265,38.362281799316406,7913500
2011-04-29,38.245082511350105,38.59667221595784,38.026313928228745,38.46384811401367,9542700
2011-05-02,38.59667830643984,39.22172511300821,38.463854183536284,38.97170639038086,9858200
2011-05-03,38.81544494628906,39.073275456708195,38.604491084787036,38.81544494628906,5879100
2011-05-04,38.713876369302845,38.88576537415728,38.25290374938657,38.7216911315918,7553000
2011-05-05,38.62791891534037,39.18265061397711,38.2997705402341,38.7373046875,7393900
2011-05-06,39.112344998223165,39.26079269365202,38.7920083014336,39.15922164916992,6295300
2011-05-09,38.87012333633248,39.77644167078546,38.87012333633248,39.43266677856445,5665200
2011-05-10,39.62799776634813,39.83113681715648,39.2139019243633,39.46392059326172,5635900
2011-05-11,39.4561055479898,39.534235257882074,38.690423065307456,39.081077575683594,6196800
2011-05-12,39.073258208660036,39.34671812194968,38.338828888726,39.127952575683594,5311300
2011-05-13,39.77646553518015,40.20618515338648,38.87795844037308,39.02640914916992,11099500
2011-05-16,38.72167669913923,39.635806835965674,38.58104083494171,39.198272705078125,6018900
2011-05-17,38.95606145677943,39.61236103895642,38.83105215448176,39.05763244628906,7224900
2011-05-18,38.95606389325596,39.60454875809133,38.870119433715324,39.54204559326172,7140400
2011-05-19,39.65143682404676,39.67487514329974,39.206090875494084,39.495174407958984,6101100
2011-05-20,39.43267916103533,39.65144479928473,38.8545089993584,38.86232376098633,10827500
2011-05-23,38.62792623889411,38.65136754188709,38.010694228630285,38.40916061401367,6741800
2011-05-24,38.40915585115686,38.42478239106174,37.34657498128708,37.47158432006836,9573100
2011-05-25,37.26844688109672,37.75285771735894,37.17469061805259,37.401268005371094,9448100
2011-05-26,37.24501801114,37.416907034473304,36.69810381045921,37.26845932006836,11917200
2011-05-27,37.424717895621505,37.745054599960774,37.18251093167384,37.737239837646484,6039500
2011-05-31,38.018498698069706,38.245079040527344,37.77629181677455,38.245079040527344,6412000
2011-06-01,38.04974316121855,38.27632345237803,37.69815356811882,37.776283264160156,6614800
2011-06-02,37.97162084275675,38.66698844121972,37.72160217067524,38.5888557434082,8258700
2011-06-03,38.097360876203275,38.65392954949717,37.98761586720446,38.2933349609375,7949200
2011-06-06,38.167892294814635,38.261961960779104,37.634842815652135,37.744590759277344,5187400
2011-06-07,38.05814700900563,38.28547754761171,37.60348892211914,37.60348892211914,4530900
2011-06-08,37.61134009331004,38.01896648456104,37.28994276429074,37.78379821777344,6564200
2011-06-09,38.058166608715126,39.67299414138056,37.90922738102513,39.66515350341797,11530000
2011-06-10,39.46132718338859,39.477005463190686,38.53632960734774,38.732303619384766,8545400
2011-06-13,38.896932391603016,39.163457245150475,38.46579003771573,38.49714660644531,6362200
2011-06-14,38.72448303178796,39.1948196717176,38.59121908993386,38.88125991821289,6986300
2011-06-15,38.583375483816454,39.155619403820076,38.35604484714561,38.685279846191406,8991300
2011-06-16,38.62256466348924,39.077222887222426,38.17574408571414,38.92828369140625,9101200
2011-06-17,39.27319713438188,39.50052774259617,38.975318741197576,39.1634521484375,9675100
2011-06-20,39.03019493390698,40.488242434696794,38.920449937559674,40.19036102294922,8987600
2011-06-21,40.45688522594593,40.95857833862706,40.19036038604323,40.935062408447266,9781300
2011-06-22,40.7469364406576,41.2643079695183,40.54312468276055,40.59015655517578,6999500
2011-06-23,39.98654261189235,40.213873220553175,39.22616535478695,40.096290588378906,9979800
2011-06-24,40.17466793006781,40.28441288596124,39.36725604857265,39.555389404296875,7398600
2011-06-27,39.44564707372592,40.17467060391077,39.288867273304,40.00221252441406,4544700
2011-06-28,40.24525679008321,40.74695020078336,39.99441008473314,40.582332611083984,5957100
2011-06-29,40.61365654008308,40.668529025860835,40.02573448647038,40.40200424194336,5630100
2011-06-30,40.56664874197826,40.79397947193092,40.307961430584925,40.433387756347656,6394000
2011-07-01,40.63719130774158,41.75816344895512,40.41770126285868,41.64841842651367,8152700
2011-07-05,41.6092118745631,41.63272780373949,40.97425487386016,41.42891311645508,4822300
2011-07-06,41.42892539130318,41.718969225272836,41.19375705888184,41.64841842651367,5319100
2011-07-07,41.76600060912877,41.93845877970715,40.73909820515492,41.2564697265625,7559100
2011-07-08,40.762600439774225,41.01344697248517,40.40200892279305,40.825313568115234,6927300
2011-07-11,40.27658738258277,40.40201065431354,39.774894295659664,39.931671142578125,6037500
2011-07-12,39.77488193708858,40.78610544294979,39.76704130298284,40.30009078979492,6631700
2011-07-13,40.409858949101256,41.25646849912265,40.409858949101256,40.550960540771484,4869400
2011-07-14,40.6136555126775,41.20157755141751,40.59797723280529,40.974246978759766,7167600
2011-07-15,41.131038099444666,41.225104814222966,40.51175933063972,40.73908996582031,7030500
2011-07-18,40.44903470615486,40.91937412712128,40.01789247968022,40.7234001159668,7257700
2011-07-19,40.268753533205874,40.57447262268216,39.155622182771474,40.33146667480469,13946300
2011-07-20,40.57444532466826,40.668514973777526,39.9551699148207,40.37847137451172,7748900
2011-07-21,40.69988543308784,41.46810626817823,40.51958968291811,40.880184173583984,7831500
2011-07-22,41.17022153751768,41.44458396310346,40.86450255177176,41.35051727294922,5717300
2011-07-25,41.13887919891299,41.41324470967206,40.37066115137654,40.47256851196289,6533500
2011-07-26,40.676365726841496,40.90369629997429,40.10412196677787,40.18251037597656,5670100
2011-07-27,39.64161960634483,39.93166028265575,38.96746858276335,39.10857009887695,10581400
2011-07-28,39.06938519833857,39.8924755780554,39.03019098793807,39.13209533691406,7703600
2011-07-29,38.48930287105286,39.26536143784575,37.713247294586715,38.90476989746094,10759500
2011-08-01,39.414312482991626,39.47702563424372,35.81622766391303,37.64270782470703,23228700
2011-08-02,37.38399999448855,37.97192200755742,36.65497645905707,36.82743453979492,10060500
2011-08-03,36.83527561414398,37.07044382411283,36.03570130798908,36.984214782714844,8304300
2011-08-04,36.5217306210253,36.61579734458728,35.29101360575014,35.33020782470703,10154500
2011-08-05,35.729995606975365,36.2316887720034,34.68741206876067,35.714317321777344,14313700
2011-08-08,33.94269976542727,34.82066254030941,32.71982379085158,32.8687629699707,16743400
2011-08-09,33.18232954435439,35.11855123947508,32.774703137400856,35.06367874145508,19959800
2011-08-10,34.546299579947224,34.703079392077235,32.66494781503943,32.80604934692383,12690300
2011-08-11,32.57088411384734,34.820665204911876,32.35139415091221,34.43655776977539,13915800
2011-08-12,34.3268178232538,35.541856423947074,34.3268178232538,35.12639236450195,9500600
2011-08-15,35.42426209442279,36.082734908516684,35.25964463848086,36.012184143066406,8314700
2011-08-16,35.88676443803994,35.97299349214626,35.00096395026488,35.667274475097656,10044500
2011-08-17,35.80838153402141,36.223845596517876,35.377239187425296,35.6907958984375,4924400
2011-08-18,34.78931138094444,35.008801342296465,34.0132528899368,34.40520095825195,9901300
2011-08-19,33.8172877014985,34.67957547153967,33.69186440644325,33.95838928222656,8882900
2011-08-22,34.6246869648499,34.72659428826362,33.93486059644069,34.185707092285156,7162800
2011-08-23,34.334647574531495,35.259645184617504,33.80159800294545,35.17341613769531,9080100
2011-08-24,34.98529540861431,36.05923258527544,34.79715896633843,35.98868179321289,6286100
2011-08-25,36.270876325510464,36.372783665409806,35.14206691160213,35.34587860107422,5878900
2011-08-26,34.765793239584575,36.12193621771874,34.10732035050137,35.8397331237793,6009900
2011-08-29,36.24736014440643,36.70985900339905,36.035707820088454,36.65498352050781,4036700
2011-08-30,36.482532879579125,37.32130164364549,36.216008029947865,37.06261444091797,6002600
2011-08-31,37.42320580109557,38.011127949482955,36.850958945177695,37.25074768066406,6516400
2011-09-01,37.297774389557325,37.924890612916265,36.93717994459066,36.984214782714844,6493800
2011-09-02,36.01904926058389,36.782062662003504,35.94038607440566,35.97185134887695,5102800
2011-09-06,35.09869539790196,36.03476743316665,34.68179118093418,35.95610427856445,6797700
2011-09-07,36.55395091084355,37.32483221530963,36.333696966214625,37.136043548583984,6823700
2011-09-08,36.774200778505346,37.75746817900014,36.69554058674335,37.128177642822266,7435200
2011-09-09,36.65620102225305,36.92364982802457,35.61787107059737,35.80665969848633,9076000
2011-09-12,34.9964409022516,36.44381006770035,34.95710782111527,36.38874435424805,8216100
2011-09-13,36.48315438250903,37.93052411266743,36.43595646714625,37.749603271484375,11932000
2011-09-14,38.001323502096845,38.87446252339421,36.9708580796275,38.2923698425293,10108400
2011-09-15,38.63060465900834,39.912786008500085,38.2294299358336,39.755462646484375,11325800
2011-09-16,40.17237159163577,40.25889960065782,38.81152990611837,39.92852020263672,11790300
2011-09-19,39.0632402311749,39.47227975723929,38.85085415029377,39.291358947753906,8956300
2011-09-20,39.362148599047735,40.306085599159516,38.81151843225812,39.19696044921875,8440000
2011-09-21,39.267747801594766,39.653189769506575,37.741718562746776,37.765316009521484,7002700
2011-09-22,36.77420001731965,37.49788336877126,36.443823617924934,37.041648864746094,10065200
2011-09-23,36.81352721437465,37.663071604273306,36.5618110249292,37.44281768798828,7130000
2011-09-26,37.85972891035535,38.41822407487225,37.427091853345,38.39462661743164,7147400
2011-09-27,39.023910300977555,39.63746809222261,38.43394996302855,38.89805221557617,8030600
2011-09-28,38.75646265751752,38.9531161094022,37.4113537667927,37.474281311035156,7338900
2011-09-29,38.03278412317885,38.33956609104524,36.01905428709676,36.640480041503906,9154500
2011-09-30,36.247170841431405,37.151775048203895,35.877461339140844,36.27863311767578,10485400
2011-10-03,36.00331838426197,36.357295237642624,33.72213688531459,33.76146697998047,12717100
2011-10-04,33.12430312079458,33.698530757094666,32.502877582624436,33.65133285522461,13800000
2011-10-05,34.24917017433701,35.145909546723786,33.69853984020835,34.964988708496094,8455800
2011-10-06,35.098713313088425,35.51562074354783,34.59528086944105,35.35042953491211,5804800
2011-10-07,35.39762037328797,35.751597177159546,34.96498339108648,35.311092376708984,5962900
2011-10-10,35.80666312075798,36.59327697753906,35.79879530180168,36.59327697753906,4752100
2011-10-11,36.483153368543604,36.82926240283615,36.097711238861606,36.68767166137695,4639600
2011-10-12,37.136022872559714,37.48213473540486,36.47526740794635,36.48313522338867,7267400
2011-10-13,36.19996357895646,36.6719306083907,35.9246469778755,36.60113525390625,5034600
2011-10-14,37.143917083740234,37.2461747516192,36.60115145882248,37.143917083740234,6074100
2011-10-17,36.86859416009628,37.45068979019928,36.54608256793886,36.65620803833008,5944600
2011-10-18,34.79979188383439,36.10557052364976,33.714264122806874,35.66506576538086,23926900
2011-10-19,35.71226792784783,37.30122517247304,35.56280938453529,36.538211822509766,12250600
2011-10-20,36.71914144496117,36.962992863118565,36.13704576965077,36.87646484375,7985300
2011-10-21,37.30909519513409,38.150771775697066,37.2147023732029,37.69453430175781,9218800
2011-10-24,37.922645918107285,38.73286007302421,37.75745776057114,38.56766891479492,7146200
2011-10-25,37.49787652549466,38.78005779539929,37.49787652549466,38.35528564453125,7477100
2011-10-26,38.88231842446604,38.921648512355304,37.859721135878566,38.35528564453125,10387600
2011-10-27,39.26775376314551,39.33068429835556,38.3946150923042,38.68566131591797,10025800
2011-10-28,38.6778141436854,38.81940492279169,37.906932680048236,38.42609786987305,6377300
2011-10-31,38.05638221960755,38.50475191312511,37.726002813456,37.749603271484375,6164900
2011-11-01,36.82138672814055,37.04950241039722,36.144898496327336,36.35728454589844,11125900
2011-11-02,36.9708626580639,36.9708626580639,36.23931130583813,36.467430114746094,7858100
2011-11-03,36.81353217461975,36.8764627308072,36.02691822644115,36.32583236694336,6721300
2011-11-04,36.239290323364784,36.262887772452856,35.46054449652933,35.853851318359375,8010400
2011-11-07,35.751610795996655,35.97972960102142,35.240310440002474,35.53135681152344,7919000
2011-11-08,35.62574243533038,36.396623657955466,35.46055424491652,36.30223083496094,7086400
2011-11-09,35.5706829215293,36.262901020338546,35.499887547708575,35.8223991394043,6423200
2011-11-10,36.2314362920465,36.420221942331686,35.74373352730654,36.2864990234375,5479700
2011-11-11,36.67193018736134,37.37201590661818,36.56967256593029,37.07310485839844,5104500
2011-11-14,36.915795458583496,37.21470962038541,36.703409317358,36.92366027832031,4734200
2011-11-15,36.81352816042553,36.947254077395165,36.302230950278386,36.61687469482422,4911600
2011-11-16,36.176376310569026,36.41235989171047,35.27176908205042,35.32683181762695,8053800
2011-11-17,35.38975567505363,35.61000657567479,34.65033679320808,35.02004623413086,8147900
2011-11-18,35.090841859344536,35.19310249284291,34.7211324156382,35.043643951416016,5972300
2011-11-21,34.40650294837629,35.200981889715585,34.40650294837629,34.957130432128906,6656300
2011-11-22,34.870591000874924,35.38975598596692,34.59527437198624,34.941383361816406,4758800
2011-11-23,34.57954779518851,34.68967326576331,34.154775550947974,34.2649040222168,5515800
2011-11-25,34.25703615390747,34.79193386796417,34.194108599679986,34.3514289855957,2985100
2011-11-28,34.97284924083095,35.783063504870434,34.9177865142362,35.42121887207031,8826400
2011-11-29,35.641462800203875,36.33368059807105,35.46840685039073,36.0898323059082,6457300
2011-11-30,37.25403373203754,38.44968718635493,36.96298743745113,38.3631591796875,11702500
2011-12-01,38.22156663503687,38.591276100343315,38.0721110855716,38.16650390625,7021500
2011-12-02,38.14291395835888,38.544085775719054,37.78106923993674,37.938392639160156,7639100
2011-12-05,38.548500038758995,39.069425592896174,37.81446816553807,38.098609924316406,8135400
2011-12-06,38.169648412599656,38.422218215937605,37.94865058739634,38.11439895629883,8306100
2011-12-07,37.877605898244,39.22727601999097,37.7434265293522,38.94313430786133,10200500
2011-12-08,38.85631816750256,39.10888794347677,37.86971653920663,38.01178741455078,8641800
2011-12-09,38.051262088819165,38.73793919225947,37.980226630217416,38.603759765625,5713500
2011-12-12,38.44588611732719,38.67477838548243,37.838139238536776,38.04335403442383,4947700
2011-12-13,38.23277803564593,38.91156031017642,37.648711667469925,37.83024597167969,5267700
2011-12-14,37.77500920258788,38.12229194310383,37.593474837486156,37.69607925415039,7513500
2011-12-15,37.7907894059018,38.51692675512547,37.7907894059018,38.295928955078125,9354200
2011-12-16,38.690560153336264,39.069414722676186,38.44588192671595,38.674774169921875,10214200
2011-12-19,38.61164131279397,39.11678389435936,38.548500371891635,38.65110778808594,5877400
2011-12-20,39.00629240408448,39.41671916768831,38.95893743846836,39.32200622558594,6053300
2011-12-21,39.329884254882295,39.46406061575881,39.1088834680432,39.45616912841797,6695000
2011-12-22,39.377244808260244,40.19809810857181,39.345672832663034,40.04024124145508,4627100
2011-12-23,40.213883701125546,40.64798782327796,40.00866887262997,40.52959442138672,3898000
2011-12-27,40.52959442138672,40.81373617723027,40.32438260376042,40.52959442138672,2999300
2011-12-28,40.52959946281419,40.647992879432245,39.98499637028439,40.02445983886719,2959600
2011-12-29,40.19808834710858,40.703227790521645,40.16651637917812,40.395408630371094,3774000
2011-12-30,40.30070210453255,40.39541501241899,40.00077438354492,40.00077438354492,2205400
2012-01-03,40.44277063932591,40.805839274342084,40.34016323869303,40.64009094238281,6021000
2012-01-04,40.45856858439835,41.239958598414255,40.450677094138385,41.2320671081543,5406400
2012-01-05,40.955799543837394,41.61879584892206,40.88476411790444,41.508296966552734,6330100
2012-01-06,41.63458668570883,42.16340368749499,41.42148038307485,41.65826416015625,5321700
2012-01-09,41.53987688347456,41.80823265380002,41.413591992196075,41.61091232299805,5079300
2012-01-10,41.80034587113546,41.863489833866204,41.334669684040755,41.53199005126953,7063200
2012-01-11,41.429378148160716,41.926623215974516,41.08998693693391,41.83980178833008,4281600
2012-01-12,42.00554019407212,42.02132617703382,41.460934319932775,41.72929000854492,4550300
2012-01-13,41.58721735035473,41.66614726170443,40.98736507843827,41.59511184692383,4995700
2012-01-17,41.87138778670488,42.33706404567765,41.72931685950164,42.28181457519531,6495700
2012-01-18,42.1081686836304,42.763273802831606,41.77667188418169,42.57384490966797,8389800
2012-01-19,41.28729741720991,41.847686302642764,40.58483467518344,41.295188903808594,18656600
2012-01-20,41.31099057916691,41.44516697838933,40.73481549081758,41.255741119384766,8873800
2012-01-23,41.20048470420663,41.87137260880009,41.011055866311374,41.38201904296875,7535900
2012-01-24,41.25574028620841,41.45306064169389,40.43488688478009,40.513816833496094,10397800
2012-01-25,39.96132353773334,40.766391036082645,39.32200443322565,40.7032470703125,13121500
2012-01-26,40.73481066360963,40.82163209322716,39.38514028738088,39.74031448364258,13576200
2012-01-27,39.73241543912833,40.442769718303516,39.716629453939014,40.269126892089844,7027300
2012-01-30,40.111265842744324,40.387513027402534,39.51930500916089,40.30858612060547,4852400
2012-01-31,40.569072767890724,41.737209097520996,40.553286775627726,40.87689208984375,8843000
2012-02-01,41.16892379898555,42.31338260060664,41.13735181570234,42.037132263183594,7480600
2012-02-02,42.029230571073384,42.029230571073384,41.05052040294571,41.468841552734375,5319200
2012-02-03,41.626680785912654,41.65035825216249,40.05601028919955,40.498008728027344,9676900
2012-02-06,40.2375604815913,40.56906019463475,40.000776692771254,40.48223876953125,8577100
2012-02-07,40.324372456451876,41.14522554213446,40.1823016142811,41.0662956237793,5243300
2012-02-08,41.042634473567375,41.334667760431934,40.76638717665087,41.153133392333984,6022000
2012-02-09,41.20837019896006,42.25022112867992,41.20047871184393,41.8792610168457,9613500
2012-02-10,41.492534332149695,42.226566476251364,41.287322436674266,42.084495544433594,6574700
2012-02-13,42.226556506329416,42.81062608933048,42.131843577769956,42.502803802490234,5703700
2012-02-14,42.54226871619715,43.007944863199484,42.281804408662296,42.9842643737793,5982000
2012-02-15,43.03951828757823,43.284196631125134,42.79484295490124,43.11055374145508,7009300
2012-02-16,43.110548686402936,43.32365502304508,42.82640690421341,43.244728088378906,6907700
2012-02-17,43.26052064735222,43.29208961949126,43.04741427834615,43.15791320800781,6387400
2012-02-21,43.40258269637171,43.82879233647354,43.31576126626245,43.66304397583008,7502200
2012-02-22,43.457834530830056,43.915616172573664,43.157906758803136,43.552547454833984,6760100
2012-02-23,43.52887242262295,43.694620801661316,43.14212319399702,43.363121032714844,7195800
2012-02-24,43.49728371200122,43.99453166872733,43.410462305650945,43.92349624633789,5004500
2012-02-27,43.67882553180842,44.32603593129535,43.623576083867036,43.98664474487305,5355900
2012-02-28,43.90771510636985,44.16028485587,43.60778739976258,44.073463439941406,4538200
2012-02-29,44.19186645036176,44.278684874326764,43.8524752110282,44.002437591552734,5582600
2012-03-01,44.13146116459114,44.40851845729681,44.00480597082597,44.32144546508789,4258200
2012-03-02,44.297692201844185,44.368935931699134,43.83065064383903,44.202701568603516,4408900
2012-03-05,44.044383696223385,44.39268773233337,43.569427490234375,43.569427490234375,4739900
2012-03-06,43.30820856486588,43.86232626810581,42.84116688895345,43.11030960083008,4445700
2012-03-07,43.031146586830126,43.324036176530974,42.936155939843026,43.054893493652344,4474900
2012-03-08,43.43486289138679,44.35311394491645,43.38736907359809,44.02064514160156,4883600
2012-03-09,44.13145786954692,44.4164327891656,43.93355895533371,44.15520477294922,4743200
2012-03-12,44.1710363177121,44.23436541866759,43.49818122839758,43.553592681884766,4567000
2012-03-13,43.6327661632902,43.838582793042306,43.300297327119736,43.79900360107422,6497400
2012-03-14,43.664416311215824,44.226448502853884,43.56942567790886,44.15520477294922,6684000
2012-03-15,44.25020524043413,44.52726255512002,43.96523027692964,44.09980010986328,4598700
2012-03-16,43.996876633919086,44.18685785120599,43.854389211105406,44.004791259765625,8510100
2012-03-19,44.574765179706354,44.59851208985064,44.17104958906166,44.43227767944336,5347700
2012-03-20,44.27395721571728,44.35311559477534,43.32404156852761,43.36362075805664,5378100
2012-03-21,43.52985546686098,43.52985546686098,42.71450971893361,42.72242736816406,6252500
2012-03-22,42.44535988302662,42.91240145905213,42.27121088531565,42.65117645263672,7550900
2012-03-23,42.643258446482186,42.73825210228782,42.366201166293784,42.47702407836914,6471200
2012-03-26,42.6590978913164,43.61692810058594,42.635350983223255,43.61692810058594,5098400
2012-03-27,43.73565966665478,43.98897003310303,42.888652562650144,43.87814712524414,7455900
2012-03-28,43.846494876493196,44.29770428205574,43.44278231035251,43.88607406616211,5435300
2012-03-29,43.53775946308809,46.165856701829604,43.52192718819234,45.9996223449707,17258500
2012-03-30,45.88881600571233,47.0445453130277,45.706749308233775,46.65666198730469,10802600
2012-04-02,46.65665725352941,46.91788532755889,45.999634283176825,46.79914474487305,9105900
2012-04-03,46.71998286099557,47.1870244876153,46.48250473315634,47.020790100097656,7948100
2012-04-04,46.83079867718848,46.92578930996515,46.44291547882896,46.75164031982422,4791300
2012-04-05,46.56167974571745,46.85456944075415,46.38752764719326,46.71208190917969,4826800
2012-04-09,46.32418369564025,46.60124100051982,45.92046817173213,46.02337646484375,4755600
2012-04-10,45.880891264931904,46.173783881422715,45.29511207134687,45.56425476074219,5841700
2012-04-11,45.975879702623494,46.34001299987356,45.79381003430051,45.928382873535156,6496000
2012-04-12,45.93629362882005,46.40333517320133,45.69090091513176,46.27667999267578,4303200
2012-04-13,46.221268183318905,46.34792336286728,45.70673283752138,45.952125549316406,5655400
2012-04-16,46.18962313488986,46.18962313488986,45.40594482421875,45.40594482421875,6628000
2012-04-17,45.60383422905454,46.22919563177664,45.35843844553493,45.99171447753906,5896300
2012-04-18,45.675082484833055,45.675082484833055,45.20804079888519,45.37427520751953,6551300
2012-04-19,45.34262291389636,46.98122657301898,45.11306234355267,46.474605560302734,10754500
2012-04-20,46.83081085207911,47.26618797016572,46.64874416705012,47.10786819458008,8378800
2012-04-23,46.735804252152725,46.96536769745861,46.6249813529561,46.85454177856445,4471400
2012-04-24,46.71998776580755,46.86247526140952,46.28461064911198,46.48250961303711,5030600
2012-04-25,46.537904545625956,47.099936678745784,46.442910902511855,46.60123062133789,6091300
2012-04-26,45.0734658623826,46.44292629774604,44.701417872464376,46.205448150634766,9384700
2012-04-27,46.395426208571614,46.49833449896516,45.58799820177979,45.84130859375,7509600
2012-04-30,45.08139249419937,45.5009374050131,43.91774541589072,44.448116302490234,9874300
2012-05-01,44.54309268891974,45.42967907293587,44.44810204555683,45.2238655090332,4887100
2012-05-02,44.938890284109966,45.45342570056546,44.780570533009005,44.85181427001953,5175400
2012-05-03,44.74099159485875,44.74099159485875,43.84648756298944,44.10771560668945,7296800
2012-05-04,44.05230443238589,44.1156305217648,43.2686233158973,43.31612014770508,5787500
2012-05-07,43.023223245593854,43.87814801445545,42.95197951485539,43.735660552978516,4076600
2012-05-08,43.72774287616021,44.305607309771695,43.466514875100124,44.186866760253906,4702900
2012-05-09,43.830640126543166,44.29768157248031,43.419010121675086,43.7119026184082,6635800
2012-05-10,43.981072886606206,44.21855107208064,43.56152497191245,43.76734161376953,4030800
2012-05-11,43.69609832763672,44.04439946877745,43.55361081087483,43.69609832763672,3937800
2012-05-14,43.395282199205205,43.98897905857379,43.197383246082346,43.664424896240234,4634300
2012-05-15,43.553605456199904,44.091890893410266,43.34778883742609,43.49027633666992,5514500
2012-05-16,43.569437287703586,43.76733625465024,43.41111751020654,43.458614349365234,4036200
2012-05-17,43.59317783214526,43.901899692352025,43.32403515560892,43.44277572631836,5465300
2012-05-18,43.45069664480309,43.80691538879709,42.57202474951741,42.73826217651367,6420400
2012-05-21,42.817415428842075,44.01272371591089,42.80950079978919,43.97314453125,4825900
2012-05-22,44.13937714132434,44.828067609425425,43.93356357755611,44.10771560668945,5832200
2012-05-23,43.893990023391844,44.23437647687691,43.300293142154885,43.82274627685547,4671800
2012-05-24,43.56151620974039,44.915147332096836,43.545683931266815,44.503517150878906,7192400
2012-05-25,44.4639375565795,44.77266247540067,44.2264594049235,44.42435836791992,4306500
2012-05-29,44.39270482444688,44.527274694066726,43.93357769814584,44.448116302490234,5005900
2012-05-30,44.32935079921883,44.701401674015436,44.15519881191874,44.46392059326172,4398100
2012-05-31,44.49560180557191,44.590595481331704,43.90190492071646,44.147300720214844,6343300
2012-06-01,43.71191495597066,44.25020026659709,43.4902661094376,43.569427490234375,5703900
2012-06-04,43.35571071061426,43.81483479313667,43.29238158491522,43.46653366088867,5508000
2012-06-05,43.41111125549698,44.48768196372534,43.31612061056452,44.361026763916016,6112200
2012-06-06,44.812236039845274,45.67507553100586,44.72516002390367,45.67507553100586,6776600
2012-06-07,45.75423781018743,46.2212794649604,45.43760129388103,45.47718048095703,7249100
2012-06-08,44.99430470147641,46.22127756868501,44.99430470147641,45.91255569458008,6406900
2012-06-11,46.08671436887685,46.21336959237629,45.43760597097988,45.48509979248047,6236300
2012-06-12,45.49300673207581,46.01545978347181,45.12095577952026,45.78589630126953,6023900
2012-06-13,45.85978954712838,46.503350128992565,45.7406100900412,46.0901985168457,6373600
2012-06-14,46.21733905800583,47.178712893529884,45.994873888228675,47.07542419433594,6649800
2012-06-15,47.42498718565928,47.55211050426883,46.48745157434173,46.79731750488281,9021000
2012-06-18,46.70992568020082,47.25020061169662,46.225267018341995,47.210472106933594,9718000
2012-06-19,47.33761562938272,48.26720478524855,47.17076372914024,47.87788772583008,8602400
2012-06-20,47.63157715402702,47.85404226310767,47.11513682982145,47.353492736816406,4344500
2012-06-21,47.53624836812211,47.70309724545891,46.29679307034736,46.35240936279297,5320500
2012-06-22,46.479526370491506,47.29788287346421,46.40801928561019,46.932403564453125,7494300
2012-06-25,46.551023453970615,46.95622816066712,45.80417419633842,45.83595275878906,6884400
2012-06-26,45.81210719735976,47.00388938566866,45.470462727575836,46.71786117553711,7458200
2012-06-27,47.274041825140564,48.14801449527823,46.733766818955885,47.10719299316406,7088700
2012-06-28,46.77349225181342,48.06856348866107,43.96883158342453,47.353492736816406,25319900
2012-06-29,47.94143498733264,48.14800927631307,45.97896560315097,46.479515075683594,11121700
2012-07-02,46.789379948811046,47.123080621176165,44.46143124869441,44.69978713989258,12997500
2012-07-03,44.80307410261051,45.073211577272204,43.49211523537599,43.60334777832031,8460200
2012-07-05,43.603345506222496,44.620332166845046,43.587454710792855,44.34225082397461,6937800
2012-07-06,43.92911268268963,44.44555005337467,43.817880111491625,44.3502082824707,4458600
2012-07-09,44.72362126412034,45.01759340532844,44.119783155257956,44.56471633911133,4241500
2012-07-10,44.70774476474475,44.84281202413434,43.8893882309223,44.25486755371094,5662700
2012-07-11,44.310457502475906,44.72360898169197,44.25484124862553,44.52497863769531,5316400
2012-07-12,44.39787643763998,44.413767236414394,43.25376317276149,43.357051849365234,6079200
2012-07-13,43.38882943854468,44.13567872678679,43.35704784393191,43.85759735107422,5053000
2012-07-16,43.84170408987036,43.92115504107748,43.47622486494238,43.82581329345703,3170100
2012-07-17,43.86553549686248,44.65211319091921,43.611288834934086,44.41375732421875,6180000
2012-07-18,44.12773680504719,44.874586126486854,43.59540567962992,44.771297454833984,5090200
2012-07-19,45.597592443242505,45.764441245630984,42.61019267192501,43.69074249267578,16696600
2012-07-20,43.59539082837991,44.358133718855356,43.58744694750962,44.02443313598633,8367300
2012-07-23,43.19814701675575,43.74636896804049,42.880340132932965,43.30937957763672,6037000
2012-07-24,43.41266248080121,43.7781417124769,43.15047191228937,43.619239807128906,7561100
2012-07-25,40.917856730349385,42.07785737821139,40.52853986671569,41.69648742675781,19603900
2012-07-26,42.20498616444546,42.387725767101706,40.433203376055545,41.32306671142578,10510600
2012-07-27,41.16417021836556,42.51485467876434,41.06882543249338,42.37978744506836,8569900
2012-07-30,42.36389935521171,42.673762351952576,42.02225476114871,42.316226959228516,4405400
2012-07-31,41.90306368950477,42.26059592655765,40.584158169653826,40.59210205078125,9879500
2012-08-01,40.68745040893555,41.25156001753403,40.32197120033872,40.68745040893555,7617600
2012-08-02,40.32195538252307,41.124420550154305,39.98031098607442,40.60003662109375,7320500
2012-08-03,40.822524660008845,41.5137576711558,40.21868648751062,41.00526428222656,6408000
2012-08-06,41.20388450946398,41.378680205243114,40.49676087597047,40.52059555053711,4982600
2012-08-07,40.82251489382703,41.93484315828677,40.68744466484768,41.74415969848633,6590800
2012-08-08,41.55348178997308,42.03019659964918,41.243618830656374,41.89512634277344,5718000
2012-08-09,41.76799898623204,41.942794702736535,41.068819151073335,41.33101272583008,4890700
2012-08-10,41.18799961025606,41.40252080463117,41.07676707188215,41.23567199707031,5381700
2012-08-13,41.0290946850679,41.315122944234716,40.846355081902296,41.23567199707031,4259900
2012-08-14,41.466090643365725,41.52965384063416,41.16417454892085,41.291297912597656,3460200
2012-08-15,41.23567438797314,42.03813991195536,41.16416731903536,41.96663284301758,4647300
2012-08-16,41.98251981633295,42.53073860769179,41.93484743109595,42.41950607299805,5598900
2012-08-17,42.61814111205568,42.61814111205568,42.01430598751095,42.21293640136719,4653600
2012-08-20,42.08582265816419,42.60226003348204,41.911026884222004,42.26856231689453,4930500
2012-08-21,42.45923109642469,42.824713317659615,42.30827309105887,42.44334030151367,5323300
2012-08-22,42.45129054311524,42.98361857550901,42.38772735848702,42.880332946777344,5367100
2012-08-23,42.896218355052085,43.182243557375145,42.71347573762865,42.840599060058594,4450300
2012-08-24,42.80088375261105,43.16636604337795,42.75321438966826,43.03129577636719,4143200
2012-08-27,42.99950755067862,43.69074351536977,42.808824066588144,43.388824462890625,4773600
2012-08-28,43.221979035563756,43.53978587751287,43.071017982092826,43.16636276245117,4611700
2012-08-29,43.325264639595446,43.67485610562774,43.198141296727215,43.412662506103516,4611900
2012-08-30,43.26966813747154,43.63514753635658,43.11871004598276,43.45240783691406,5188200
2012-08-31,43.57157098759711,43.722529022392195,43.07102145832528,43.14252853393555,5070900
2012-09-04,43.22197487485222,43.444439945887225,42.904165032637124,43.349098205566406,4233900
2012-09-05,43.49212648123289,43.64308453842524,43.04719316354872,43.126644134521484,4166100
2012-09-06,43.34116388699515,43.690755421191,43.3014384028893,43.61130142211914,3741600
2012-09-07,43.67485484605015,43.9052638146379,43.46033364286062,43.60334777832031,3732700
2012-09-10,43.706629586096874,43.706629586096874,42.53868495644449,42.69758987426758,5447700
2012-09-11,42.67375148473894,42.848547194637554,41.86333914456241,41.95073699951172,6575400
2012-09-12,42.02494027788285,42.535493352523105,42.02494027788285,42.13662338256836,4834000
2012-09-13,41.99300287263708,43.05399776928738,41.945140454711705,42.990177154541016,6316500
2012-09-14,43.63636539691108,44.09107681578787,42.89446717808356,43.277381896972656,15735800
2012-09-17,43.54860924303916,43.58849561840303,43.08591876803922,43.46085739135742,5481600
2012-09-18,43.341201817832165,44.21871432030624,43.31726755614371,43.979393005371094,6600300
2012-09-19,43.92356349790116,44.13097454948808,43.660307849168376,43.835811614990234,6195400
2012-09-20,43.62838489102005,43.851754085534786,43.40501873964088,43.82781982421875,5776100
2012-09-21,43.94749516934127,44.84894218957716,43.803901730962586,44.81703186035156,26628600
2012-09-24,44.737257968297634,45.183990393804656,44.55377510137992,44.6574821472168,6443800
2012-09-25,44.84894008818162,45.07230629602199,44.545798061015155,44.832984924316406,6343300
2012-09-26,44.94466789154041,45.27174114194176,44.47400120992516,44.49793243408203,5562000
2012-09-27,44.904777436607205,45.02443658969054,44.434110797619546,44.864891052246094,4245400
2012-09-28,44.633542830083535,44.657474050500674,44.01928281324465,44.202762603759766,5838100
2012-10-01,44.45006801004862,45.12016964488328,44.290519422109654,45.0403938293457,4424400
2012-10-02,45.04039853413599,45.38342696893884,44.92073936303466,45.31163024902344,3828700
2012-10-03,45.45520972762969,45.590827064987835,45.17600203767996,45.35948181152344,4662900
2012-10-04,45.590840949434835,46.38858092725076,45.479154796305934,46.24498748779297,6897300
2012-10-05,46.348684281360825,46.388573708553494,45.34353340470806,45.57487869262695,6078300
2012-10-08,45.94183778330536,46.500256283287065,45.726447660035156,45.94981384277344,6050700
2012-10-09,45.94982293629014,46.14128187591002,45.55095293495728,45.84611892700195,5093300
2012-10-10,45.80622304708447,46.07745473155197,45.41533220493601,45.55892562866211,4141500
2012-10-11,45.901964152261996,46.41251730787004,45.73443946866627,45.9976921081543,5035900
2012-10-12,46.069482919687886,46.069482919687886,45.407357288881244,45.52701950073242,4283900
2012-10-15,45.582838428105376,46.101370364553524,45.40733474934417,45.8620491027832,4193300
2012-10-16,45.62271305683063,46.14922091448202,44.88081520607628,45.37541580200195,7531600
2012-10-17,45.93386525155779,46.029593188206675,44.39422698941386,44.66545867919922,6255200
2012-10-18,44.51388708970584,45.0164640932168,44.48197676243676,44.68141174316406,5384500
2012-10-19,44.681406514595025,44.745227161664964,44.1708535105793,44.402198791503906,5704800
2012-10-22,44.290507431137044,45.17599896348568,44.23466589694707,45.10420227050781,5723600
2012-10-23,44.73725908042406,44.928714969504654,44.154906223034665,44.81703186035156,5557400
2012-10-24,45.02444430395396,45.20792413796045,44.489959967039866,44.609619140625,4545000
2012-10-25,44.62557130655751,45.24781053130011,44.51388820146269,44.84096145629883,4701900
2012-10-26,44.78511929650982,44.88084723627364,44.146927959523815,44.49793243408203,3346700
2012-10-31,44.78512213654176,44.80107730137024,44.28254509542239,44.673439025878906,4157700
2012-11-01,44.56173057634232,45.54294983182515,44.56173057634232,45.43126678466797,4833700
2012-11-02,45.48713037815993,45.66263413349382,44.66545923843543,44.713321685791016,4948200
2012-11-05,44.88084478407858,44.99253092469313,43.74007954330929,44.09906005859375,6149600
2012-11-06,44.09905873950223,45.064326288412644,43.596484815882526,44.98455047607422,4880800
2012-11-07,44.17882526583184,44.19478042494589,42.59132193004166,43.28535461425781,13812600
2012-11-08,43.35716500297211,43.85974202282846,42.61526660708678,42.631221771240234,8846100
2012-11-09,42.567399055258186,43.07795207442366,41.993025387129,42.200439453125,8585800
2012-11-12,42.312118905287434,42.6870545347149,41.522355179558346,41.64201736450195,5944000
2012-11-13,41.514374075858164,42.264248286724026,41.48246375799952,41.634033203125,5669900
2012-11-14,41.79358184729112,41.8254921652246,40.76449691745191,40.884159088134766,5792500
2012-11-15,40.900114247101506,41.25909771601465,40.756520859536245,40.884159088134766,6668600
2012-11-16,40.88416264163442,41.63403691943506,40.79641078125798,41.40269470214844,6388000
2012-11-19,41.665930041364184,42.20839309692383,41.362788206049224,42.20839309692383,5868900
2012-11-20,42.216410547277775,42.423824706500405,42.00899943119256,42.39191436767578,4737800
2012-11-21,42.43976558963431,42.838635561260325,42.136623559120366,42.70301818847656,5097000
2012-11-23,42.81470607468008,43.02212018724358,42.67909172988887,43.01414108276367,1709300
2012-11-26,42.27224093190412,42.76683884464219,42.08875806699615,42.70301818847656,5692900
2012-11-27,42.3839051073113,42.942323426810944,41.92121468616916,41.953125,7859400
2012-11-28,41.697846339777456,42.471654671441016,41.673915127255036,42.08076095581055,5744200
2012-11-29,42.487623341128725,43.54861880905416,42.28021231779488,43.36513900756836,10911600
2012-11-30,43.2215287707097,43.779947060567416,43.13377693390044,43.38905334472656,7818600
2012-12-03,43.524664152071416,43.83578204112394,42.94231473661564,42.990177154541016,3861300
2012-12-04,43.046032481880474,43.26940166202471,42.6950281175615,42.71098327636719,5948900
2012-12-05,42.86256931167894,43.261439306810665,42.76684136492556,42.950321197509766,4495100
2012-12-06,42.998190661728174,42.998190661728174,42.50358963104862,42.79875564575195,3771900
2012-12-07,43.08946658258521,43.16956036220096,42.76108972432386,43.145530700683594,4206200
2012-12-10,43.14552338101795,43.51394859421626,43.041406068078985,43.401817321777344,4113500
2012-12-11,43.44989637760488,44.03456742766696,43.31374148682043,43.85836410522461,4970400
2012-12-12,44.05058260956501,44.70733650586814,43.970491863290434,44.25081253051758,7054000
2012-12-13,44.22679268757247,44.36294758813398,43.497955785951234,43.554019927978516,4911800
2012-12-14,43.385816687945024,43.67414825553247,43.18558677214997,43.28970718383789,3468700
2012-12-17,43.31374164662985,43.69017185241868,43.233647838284924,43.53799819946289,6336900
2012-12-18,43.746223654347475,44.32288669074851,43.62608755860761,44.010528564453125,4637800
2012-12-19,44.14668990770088,44.14668990770088,43.594056453413195,43.642112731933594,5537600
2012-12-20,43.634105399118674,44.45905172207084,43.610078785523164,44.41900634765625,5025900
2012-12-21,44.35493156288006,44.467059826277236,43.59405727591434,44.074607849121094,9440100
2012-12-24,43.89038981505102,44.090619698381786,43.674141174421926,43.93043518066406,1713900
2012-12-26,43.89039698986671,43.930442362026014,43.34577137375518,43.425865173339844,3232400
2012-12-27,43.34576819599238,43.72220138827814,43.2096133295793,43.6020622253418,3245700
2012-12-28,43.32173859574813,43.76224373733774,43.089471192909116,43.13752746582031,3137400
2012-12-31,42.95332161263841,43.45789879149716,42.841193350669805,43.4418830871582,4948700
2013-01-02,43.95446071771153,44.05057019721299,43.25765858934644,43.68214797973633,5358100
2013-01-03,42.80115131871672,42.86522636670961,41.527688764889405,41.63982009887695,14413200
2013-01-04,41.808007506069075,42.23249395471263,41.69587924078708,41.719905853271484,10458000
2013-01-07,41.5517134553485,41.912127918944954,41.287408496955734,41.719905853271484,7804500
2013-01-08,41.64781736239371,41.840039402229344,41.135229329852905,41.167266845703125,8196200
2013-01-09,41.31943660757268,42.04827322119614,41.24735373126859,41.94415283203125,5154300
2013-01-10,42.06429963885865,42.60091432831713,41.91212600795235,42.536842346191406,6506500
2013-01-11,42.76911175054095,42.76911175054095,41.912127945047914,42.3045768737793,10182500
2013-01-14,42.34463136653497,43.5860565157259,42.12838264166686,42.737083435058594,7119900
2013-01-15,42.62495024655034,43.12952749131669,42.61693933806849,42.945316314697266,5802900
2013-01-16,42.961318128167015,43.089465115925115,42.72104290802872,42.97733688354492,6474500
2013-01-17,43.05744660925898,43.674155214809375,42.58490381047447,43.570037841796875,14438900
2013-01-18,43.57001890493345,43.754230010122406,43.42585316082641,43.69816589355469,7023900
2013-01-22,43.770260308280086,44.92358351001452,43.698177417217565,44.86751937866211,9330000
2013-01-23,44.93961114818896,45.05173943304633,44.411004194385214,44.77942657470703,6665700
2013-01-24,44.87552564729991,45.203902571604424,44.77140829575729,45.02770233154297,4221700
2013-01-25,45.13983516896009,45.15585392972976,44.627247045395386,44.883541107177734,5604700
2013-01-28,45.1878723992565,45.27597402466816,44.6913032122496,44.69931411743164,5736900
2013-01-29,44.65128098052091,45.404144528547576,44.595216836267156,45.075767517089844,7317600
2013-01-30,45.051724160800646,45.20389777362596,44.787419245863134,44.91556930541992,6269200
2013-01-31,44.72334540379415,44.883529916285575,44.21876525878906,44.21876525878906,6957500
2013-02-01,44.64326693445535,44.72335768506167,44.3469244356261,44.667293548583984,6369500
2013-02-04,44.30688747169237,45.14785273377564,44.30688747169237,44.651283264160156,4795700
2013-02-05,45.70849008303977,46.317190806585245,45.51627105316907,46.269134521484375,8645500
2013-02-06,46.00482125707526,46.08491505116264,45.732508467709856,45.95676803588867,5266100
2013-02-07,45.94074909895205,46.0528773549738,45.37209691183269,45.69246292114258,6050700
2013-02-08,45.780551959736016,46.66156206181024,45.74851445104768,46.245086669921875,4554600
2013-02-11,46.10094180078642,46.22107792984227,45.692471018304,45.74853515625,4166800
2013-02-12,45.8126076070918,45.95677339800413,45.59635892072331,45.660430908203125,4448600
2013-02-13,45.66043607208416,45.94876768651713,45.45219827014176,45.836639404296875,4261200
2013-02-14,45.66042540363184,45.8286208429303,45.4521876503437,45.69246292114258,5173800
2013-02-15,45.70048412362786,46.04487987628971,45.68446536126376,45.908721923828125,5750400
2013-02-19,43.40984259735108,45.55630735327195,43.28169558454681,45.380104064941406,14566200
2013-02-20,45.259960007085155,45.316027183432794,44.202746502013376,44.21876525878906,7542900
2013-02-21,44.507111230158706,44.80345068862318,43.95447769054661,44.2428092956543,6357300
2013-02-22,44.37095422548547,44.37896207846133,43.44989531468065,43.6260986328125,8400700
2013-02-25,43.80228045697346,43.850336720398076,42.68099514111773,42.689002990722656,6807800
2013-02-26,42.85720707816079,42.92928996542511,42.056287466453114,42.48878479003906,6325100
2013-02-27,42.41669411013936,43.257658936880354,42.392667503887274,43.145530700683594,5133800
2013-02-28,43.105497756984256,43.217626025484606,42.76110204358109,42.80915832519531,5879800
2013-03-01,42.72104953601098,43.08146394976771,42.3526272709555,42.86521530151367,6972100
2013-03-04,42.69703212500348,42.849205774587446,42.55286632844338,42.705039978027344,4783000
2013-03-05,42.79313707140886,43.12151400514179,42.59290715924814,42.84920120239258,4911700
2013-03-06,42.89725626549813,43.201603523565694,42.729060822047636,42.93730163574219,5562600
2013-03-07,43.057432395347945,43.39382018517715,43.001368272920665,43.08946990966797,4455700
2013-03-08,43.225643079975484,43.44989964886496,42.86522855478411,43.097496032714844,4584400
2013-03-11,43.11350324819741,43.76224616451879,43.04942821409537,43.417850494384766,4008700
2013-03-12,43.38580369964269,44.05056828760103,43.31372388459024,43.91441345214844,5466300
2013-03-13,43.96425777524838,44.12506401241082,43.69892702386177,43.80345153808594,4343000
2013-03-14,43.88387982679974,44.06880602564745,43.46578461183406,44.00448226928711,5066800
2013-03-15,43.924080640962195,44.14116871799008,43.75523231407905,44.00448226928711,7888300
2013-03-18,43.65874094569034,44.599455756509926,43.64266000984194,44.221561431884766,5974200
2013-03-19,44.221551083479156,44.543163590935954,44.157227355138126,44.35823440551758,5486600
2013-03-20,44.599456994399915,44.64769673615915,44.068798365173485,44.12508010864258,4528800
2013-03-21,43.972309395418385,44.502967984192985,43.924069657336446,44.26980209350586,4953700
2013-03-22,44.334127429244084,44.46277185619995,43.602461675846655,43.78738784790039,5415900
2013-03-25,43.94014832146351,44.31803954111555,43.77130004552899,44.10899353027344,5142500
2013-03-26,44.33412259709596,44.8487002488336,44.293921793139845,44.744178771972656,6059700
2013-03-27,44.66377213504295,45.8537336691974,44.57532852994961,45.52408218383789,8525800
2013-03-28,45.556247683413964,46.07886735491558,45.41956433164806,45.99846267700195,5685400
2013-04-01,45.95827374786187,47.7271372464375,45.83766823338771,47.41356658935547,9006100
2013-04-02,49.5522538953066,51.41759888837102,49.44772938090999,49.64069747924805,22664600
2013-04-03,50.17942851086525,50.452798377748444,49.544245133824006,49.58444595336914,10140400
2013-04-04,49.64875151837622,50.25177279187877,49.43970549309692,49.873878479003906,7648400
2013-04-05,49.78543517057121,50.3000159034707,49.56835020986144,49.93016052246094,6841300
2013-04-08,49.90602443816863,50.147232257240425,49.27888349515719,49.76129913330078,4545600
2013-04-09,49.9221326997946,50.3080660350253,49.80956919374301,49.9944953918457,4405900
2013-04-10,50.10704254396896,50.33216948259526,49.92211640622242,50.179405212402344,4400600
2013-04-11,50.1633261130668,50.65378387625941,50.11508637709679,50.63770294189453,4738900
2013-04-12,50.51710281970437,50.87891312434243,50.348254534798556,50.67790603637695,4162000
2013-04-15,50.42867183727365,50.65379885068542,49.51207977738228,49.520118713378906,4625600
2013-04-16,49.994494943147444,50.65379810164003,49.664843363901156,50.501033782958984,4976400
2013-04-17,50.1633291810251,50.77439245576423,49.81759673884699,49.873878479003906,8429000
2013-04-18,47.75123523346306,48.844714097412506,46.65775636951362,47.9924430847168,14015000
2013-04-19,48.19345625935075,48.844720300860416,47.81556503567196,48.273860931396484,6524600
2013-04-22,48.23366522640103,48.32210577431105,47.14822504250598,47.61456298828125,6020900
2013-04-23,47.81555263074643,47.968316867314336,46.730112843162395,47.067806243896484,6277700
2013-04-24,47.35728060219235,47.63868935465238,47.21255522460565,47.268836975097656,5883000
2013-04-25,47.5422028886074,47.7673298720918,47.124107728475565,47.7110481262207,5669100
2013-04-26,47.646721170679314,48.36230901609884,47.54219968802666,47.8236083984375,5798100
2013-04-29,48.201493240112576,48.63566922256789,48.08892977809623,48.249732971191406,4861600
2013-04-30,48.35427386956774,48.54724206058068,47.6065271134713,48.185428619384766,5701800
2013-05-01,48.20954377933658,48.595477056501956,47.678885139843544,48.016578674316406,4897800
2013-05-02,48.00853456058247,48.54723517824381,47.75124572045687,47.8236083984375,6072500
2013-05-03,48.072851227941676,48.26581629606932,47.3331436211205,47.37334442138672,5149500
2013-05-06,47.743201010825125,48.82863798211005,47.69495820896542,48.402503967285156,5609600
2013-05-07,48.306028260096085,49.1502574756869,48.18542277195812,48.64371871948242,4830700
2013-05-08,48.49897935512245,50.468849000729065,48.49094042289304,50.25979995727539,10032800
2013-05-09,50.05077152423459,50.30002145044804,49.415588306130246,49.85780334472656,6416700
2013-05-10,49.881909603107104,50.6457369964102,49.69698348761253,50.58141326904297,5015700
2013-05-13,50.388453210961586,50.49297775108429,50.05880172330503,50.163326263427734,3490400
2013-05-14,50.09097113575366,50.23569650014216,49.48794980650994,49.63267517089844,5390300
2013-05-15,49.46381592716532,50.07487601821785,49.18240421293616,49.53617858886719,6808200
2013-05-16,49.286938284136106,50.13116745606904,49.20653667428528,49.96232223510742,6904800
2013-05-17,50.05075825303135,50.90302929692645,50.02663838716028,50.5251350402832,5840800
2013-05-20,50.43670549275523,50.5894697977015,50.187455563197986,50.30002212524414,2688200
2013-05-21,50.30805130528599,50.677903593202004,50.211568766508904,50.549259185791016,3248400
2013-05-22,49.849755560466505,50.87087188919553,49.471861270705666,50.07488250732422,6317500
2013-05-23,49.922129315273395,50.50906974783987,49.7050412538378,50.139217376708984,4479100
2013-05-24,49.86585600198972,50.26787031700048,49.43972180955858,49.89801788330078,4697900
2013-05-28,50.243750504944884,51.12014183549352,50.17138780546377,50.92717361450195,5341000
2013-05-29,50.91107605327403,51.096002209993024,50.50102293483187,50.93519592285156,5009100
2013-05-30,50.99952571912164,52.18144854273342,50.66987417155223,51.98848342895508,5671300
2013-05-31,51.819636603950656,52.14124924465747,50.33218504171388,50.35630798339844,5888300
2013-06-03,50.56532835226552,50.65377193686336,49.92210646490473,50.49296569824219,3756200
2013-06-04,50.33218249767932,50.64575618672537,49.78544287638789,50.139217376708984,5151100
2013-06-05,50.661824670369995,50.742229345147145,49.56834869752337,49.64875030517578,5380100
2013-06-06,49.64875517774937,49.785438537597656,49.00553305202945,49.785438537597656,4711400
2013-06-07,50.066847975257616,50.597506587449026,49.60855204050707,50.30805587768555,5214700
2013-06-10,50.316104702672064,51.37742207098367,50.30806270012976,51.20053482055664,5256600
2013-06-11,50.77439764185808,51.90807456202676,50.412584227375994,51.40153884887695,6063400
2013-06-12,51.650769586325715,51.86786063439483,51.15227296366924,51.32112121582031,3891100
2013-06-13,51.4422490384841,51.85410869863003,50.998085814230166,51.80565643310547,4379500
2013-06-14,51.78952232177436,52.047944776909844,51.353436354132405,51.52302551269531,3122600
2013-06-17,51.91874168604063,52.68593169157695,51.7653012204222,51.98334884643555,4975000
2013-06-18,52.41135541609205,53.065485908102836,52.05602222967763,53.041259765625,5183300
2013-06-19,53.05742214845684,53.42891029978815,52.67786888301644,52.70209503173828,6370200
2013-06-20,52.330599535792025,52.34674824367916,51.40189171970981,51.52302551269531,5748300
2013-06-21,51.8379827903085,52.35482772074277,51.22422712493873,51.60378646850586,7806500
2013-06-24,51.2726865606517,52.52442105348616,51.24845733467595,52.209468841552734,5717100
2013-06-25,52.51633711728728,52.928200020863756,51.40996579470178,51.466495513916016,4959100
2013-06-26,51.708759738100234,52.540556714901356,51.700682304568,52.31443786621094,4851700
2013-06-27,52.540574416539,53.45313371356314,52.45981853783845,53.372371673583984,4483600
2013-06-28,52.99279344845053,53.40465008407081,52.524400946982595,52.87973403930664,6867800
2013-07-01,53.210847545199464,53.5904068642548,52.912044086069756,53.000877380371094,3736500
2013-07-02,52.8393659780425,53.025110002137076,52.53249124397018,52.71015167236328,4484800
2013-07-03,52.459792023757736,53.17045202293282,52.2094470779311,52.928184509277344,2271100
2013-07-05,53.26738439484535,53.45312844269163,52.710158412584526,53.436973571777344,2356500
2013-07-08,54.066867662094765,54.575641256988725,53.59040380285794,54.559486389160156,6192500
2013-07-09,54.93098078274123,55.27823658494497,54.34145735933749,54.89060592651367,4275700
2013-07-10,54.91482715122093,55.520505391859395,54.599874958991144,54.66448211669922,4383900
2013-07-11,55.13285131872278,55.35897629979439,54.63216140668212,55.205535888671875,6588900
2013-07-12,55.375144488212,55.512430082640684,54.66448421004187,54.91482925415039,4645600
2013-07-15,55.01979735294786,55.0682557914674,54.4787263861445,54.607940673828125,3813600
2013-07-16,54.30105865230097,54.389891932852095,53.75191026401959,54.03456497192383,5459600
2013-07-17,54.11533222491355,54.46258798718162,53.23507666700158,53.48542785644531,8904300
2013-07-18,56.005043708715405,57.21640012416539,55.64971668318534,56.9741325378418,14082900
2013-07-19,57.02258633987821,58.21778791793732,56.65918187008615,57.70094299316406,7504900
2013-07-22,57.78975879962655,58.58118081684566,57.66055068818248,58.29045486450195,5038000
2013-07-23,58.31470237340593,58.74271402642936,57.99975016981216,58.70233917236328,3934300
2013-07-24,58.79923516834347,59.073812477791684,58.290467720173694,58.573116302490234,6023300
2013-07-25,58.209716300942866,58.64580535888672,57.90283539279118,58.64580535888672,3840600
2013-07-26,58.25008630077378,58.621568172243556,57.797848572250054,58.314693450927734,3826000
2013-07-29,58.23395154287947,58.83962985778008,58.11281464764366,58.78310012817383,3835300
2013-07-30,58.85576264329325,59.13033994228422,58.128953791095974,58.36314392089844,5375400
2013-07-31,58.52465683883808,59.48566806206936,58.52465683883808,58.8315315246582,5964700
2013-08-01,59.1384465512806,59.372636796617684,58.871946554653135,59.08191680908203,3254000
2013-08-02,58.97690272756525,58.97690272756525,58.0885759564699,58.35507583618164,3622500
2013-08-05,58.435848138026216,59.421085913867465,58.38739584127298,59.227264404296875,2871000
2013-08-06,59.09804734431748,59.251487809348035,58.57312495035634,59.14649963378906,3089500
2013-08-07,59.09804697073931,59.27571357938257,58.64580917512219,58.88807678222656,2807300
2013-08-08,59.07380776580269,59.49374188870903,58.83961148448466,59.0980339050293,2171600
2013-08-09,59.114190123667804,59.42914229619444,58.363148905809524,58.896148681640625,2556900
2013-08-12,58.476214988817695,58.62157184385269,58.15318537909279,58.460060119628906,3043300
2013-08-13,58.492361103090126,59.26762843528698,58.39545037608662,59.23532485961914,2627400
2013-08-14,59.10613603656746,59.194969358369164,58.395469462153834,58.54083251953125,3079000
2013-08-15,58.137020611444036,58.64579416255167,57.636330654831816,57.66055679321289,3402000
2013-08-16,57.458665091686434,58.12895035118445,57.337528236396516,57.684783935546875,3323600
2013-08-19,57.76553712855971,58.30660807452315,57.70900742019452,57.9109001159668,2794800
2013-08-20,58.023975130098364,58.823468695110805,57.83015981521487,58.51659393310547,3110000
2013-08-21,58.29047144997245,58.419679598180295,57.71709681450584,58.02397155761719,3314200
2013-08-22,58.17741366333753,58.74271088020892,58.007824498276115,58.12088394165039,2959400
2013-08-23,58.15318801227307,58.72656266889048,58.072432146504546,58.581199645996094,3215600
2013-08-26,58.661939268609245,58.88805809466115,58.37121330332083,58.451969146728516,2797700
2013-08-27,58.104736430329424,58.25817690631681,57.59596887071417,57.75748062133789,3626200
2013-08-28,57.66056117691078,58.27431676142315,57.62018016902147,57.77362060546875,3297700
2013-08-29,57.61211327373325,58.81539852264291,57.45867897049616,58.50044631958008,5243500
2013-08-30,58.516590776959674,58.799239379519385,57.733245963238865,57.93513870239258,4186200
2013-09-03,57.991657709858046,58.766924945636596,57.97550900467104,58.59733581542969,3801500
2013-09-04,58.51658724452174,59.23532485961914,58.30661708331934,59.23532485961914,3333600
2013-09-05,59.22723070186037,59.945974275288926,59.065719030403024,59.79253387451172,2861600
2013-09-06,59.954059750086834,60.39822619373796,58.58926916748723,59.80869674682617,3584100
2013-09-09,59.849079696909186,60.204412863360126,59.58257982207098,59.96213912963867,2629600
2013-09-10,60.24475580530737,60.277059363447115,59.631000523199695,60.26898193359375,3925400
2013-09-11,60.45546356446967,60.94993753561481,60.25281050037677,60.941829681396484,3819200
2013-09-12,61.05530821382782,61.201218651369224,60.552726443522964,60.58515167236328,2823800
2013-09-13,60.731073939681885,60.99857749136136,60.082587789997355,60.37440872192383,3421000
2013-09-16,60.868861103309875,61.509245420048174,60.77159160700713,60.893184661865234,4224800
2013-09-17,60.88507972506325,61.07962491146601,59.928557130569686,60.23658752441406,5138100
2013-09-18,60.10689907278664,60.13932430465372,58.72075287899211,59.20711898803711,7725600
2013-09-19,59.24763672562777,59.2719602841264,57.24542998948356,57.42375946044922,8322900
2013-09-20,57.18870075334613,58.161433048305845,57.06710767035589,57.20491027832031,9088700
2013-09-23,57.3913521723293,58.31544968119134,57.24544171385209,58.21817398071289,4482500
2013-09-24,58.50999271504001,59.126059759460226,58.064153501746304,58.623477935791016,4855200
2013-09-25,58.60729235568819,58.8991133809791,58.25062083933635,58.347896575927734,4812900
2013-09-26,58.36406208567505,59.02065580510576,58.29921164352723,58.4937629699707,2413200
2013-09-27,58.12088260488623,58.453236520190224,57.95876266562723,58.355960845947266,3548000
2013-09-30,57.78853225470089,58.09656259912271,57.56156187623439,58.04792785644531,4183600
2013-10-01,58.15331489683025,59.12605320403598,58.08036277064183,58.834232330322266,4322300
2013-10-02,58.55862259294123,58.87476085076576,58.420820005577745,58.82612609863281,2705700
2013-10-03,58.76938160345852,59.158478161452614,58.574836416701466,58.78559112548828,5038300
2013-10-04,58.769378181854286,59.28816943932194,58.55051563255497,59.16657638549805,4297600
2013-10-07,58.842340120372064,58.931507962420525,58.49378279079438,58.50188446044922,4787000
2013-10-08,58.36408540609393,58.704541086687364,57.90203664400826,57.942569732666016,6049100
2013-10-09,58.12899181433929,58.26679438437466,57.699368399241116,57.861488342285156,4464100
2013-10-10,58.469444646118575,59.9690818786621,58.234366410662986,59.96908187866211,4894300
2013-10-11,59.92856122814527,60.20416641235351,59.57999772874753,60.204166412353516,2935800
2013-10-14,59.87181605476127,60.64189515126441,59.59620469788385,60.56894302368164,2562200
2013-10-15,60.39870838614472,60.73916397870345,59.79074932037009,59.87991714477539,2922900
2013-10-16,60.3906114920453,61.19311587283538,60.293335797457196,60.94993591308594,4368600
2013-10-17,58.177641151490505,59.07742128535522,57.594005499466675,57.85340118408203,21810200
2013-10-18,57.76422813759177,57.83718026834702,54.74874971010007,55.73769760131836,21080600
2013-10-21,55.64852782119806,55.74579732547766,54.38396860524154,55.283748626708984,11496900
2013-10-22,55.29996479476541,56.44292477094065,55.29996479476541,55.818756103515625,7647300
2013-10-23,55.53503627146245,55.61609624393717,54.837909376116805,55.129730224609375,8227700
2013-10-24,55.129727012517655,55.437757363766224,54.45691752966721,54.80548095703125,6352500
2013-10-25,54.72443460545287,55.26754332744984,54.537991067202825,54.813602447509766,6892500
2013-10-28,54.75684489443175,54.959497901169875,54.08403542778624,54.26237106323242,6989300
2013-10-29,54.213750595106646,55.24323172114539,54.18943321463792,55.18648910522461,5860000
2013-10-30,55.21889804967541,55.6647309905261,54.93517886929468,55.129730224609375,4360500
2013-10-31,55.44587504340606,55.69716284332003,55.008143718585465,55.33238983154297,4216700
2013-11-01,55.34051465751736,55.68907829251695,55.08111889550484,55.6323356628418,4459000
2013-11-04,55.7539095904344,56.14300619178002,55.41345392955739,55.8917121887207,3698700
2013-11-05,55.52692178693917,55.8835930446038,55.34047830648392,55.705257415771484,3328700
2013-11-06,55.826867880364155,57.569679270168834,55.77012527024699,56.977935791015625,5479400
2013-11-07,57.472418379060386,57.537268853059146,56.46726077000602,56.54832077026367,4497300
2013-11-08,56.49967434830181,57.17248403576718,56.45103958975573,57.14816665649414,3741900
2013-11-11,57.33461020505576,57.512939714551706,56.97793881710188,57.14816665649414,3082600
2013-11-12,57.123861115387456,57.47242472099187,56.63749487569072,56.70233917236328,3604800
2013-11-13,56.70230111765399,57.65882342704749,56.588815944037655,57.561553955078125,3879500
2013-11-14,57.829067200090904,58.0398280885135,57.50482729110824,57.910133361816406,3581200
2013-11-15,57.65884761613182,58.33165727374211,57.626422383712935,58.258705139160156,3872600
2013-11-18,58.339765033355704,58.44514240018565,57.95877628365254,58.10468673706055,3263700
2013-11-19,58.169520897617794,58.29111393879027,57.76421488336219,58.04792785644531,4260900
2013-11-20,58.266830369859974,59.06123342414818,58.088500796167274,58.347896575927734,5031300
2013-11-21,58.68021995978225,59.725910498664746,58.66401043604296,59.101741790771484,4368000
2013-11-22,59.10172522836956,59.78263635525582,59.012557411589846,59.77452850341797,3178400
2013-11-25,59.98531060864894,60.520317698844565,59.815082766626986,60.04205322265625,3773900
2013-11-26,60.155511592921215,60.787787919417966,60.025816897872865,60.40679931640625,4635400
2013-11-27,60.52839880376649,60.73915966324826,60.05014067455366,60.2771110534668,3640600
2013-11-29,60.46357038800241,60.739181794591296,60.17175564055718,60.37440872192383,2025600
2013-12-02,59.69348746137457,60.35008142536715,59.69348746137457,60.11500930786133,4276000
2013-12-03,60.09880448114206,60.09880448114206,59.109856336639794,59.766456604003906,5162400
2013-12-04,59.41653233834212,60.54758411585999,59.02595875605343,59.929168701171875,5548700
2013-12-05,59.66066378900858,59.9535971696335,59.02597686700696,59.19685363769531,4104700
2013-12-06,59.58743578127267,59.98614826115627,59.270086100320235,59.807132720947266,3886000
2013-12-09,59.80712948899616,60.46622648045994,59.75017056637654,59.98614501953125,3988600
2013-12-10,59.969868364166416,60.547602569477064,59.95359704663489,60.254669189453125,3741100
2013-12-11,60.27906580930443,60.29533712320253,58.50519460773937,58.70048141479492,7304300
2013-12-12,58.74115161628676,59.05035615322959,57.699614009685796,57.780982971191406,5815300
2013-12-13,57.9356072052853,58.4726537581077,57.333469179924606,57.34974670410156,4737000
2013-12-16,57.553183927202355,58.082085616732066,57.390439692836644,57.82170104980469,4369500
2013-12-17,57.95190086452914,57.95190086452914,57.12192072600214,57.55318832397461,4280100
2013-12-18,57.79728163562877,58.96901510166128,57.528758348320196,58.89577865600586,4975700
2013-12-19,58.72489228031129,59.01782559886635,58.318041138768784,58.903907775878906,4359200
2013-12-20,59.099207091454595,59.99428475869868,59.09107453670296,59.68507385253906,7511500
2013-12-23,60.083777920335926,60.69405467649996,59.97799885083439,60.4987678527832,3263100
2013-12-24,60.37672974601429,60.55574530925551,60.14889401391024,60.31977081298828,1253500
2013-12-26,60.5720134222102,61.00327473495121,60.44181804806952,60.9056282043457,2121000
2013-12-27,61.02766301509902,61.28804746230792,60.68590959214765,60.77541732788086,2859900
2013-12-30,60.9056031573401,61.06020854853749,60.466203262401166,60.8486442565918,1983800
2013-12-31,61.02769535960587,61.46709551116202,60.72662316093086,61.27180862426758,2280000
2014-01-02,60.95445748941065,61.26366220569976,60.628975246546766,60.67779541015625,3067000
2014-01-03,60.864932350189385,61.64608578533352,60.70218817116624,61.109039306640625,3206400
2014-01-06,61.36943655334856,61.36943655334856,60.31162710586415,60.40926742553711,3424500
2014-01-07,60.978873007733746,62.92362166695461,60.978873007733746,62.256385803222656,6542500
2014-01-08,62.109912624440426,62.21569171336378,61.418266748741125,61.53218460083008,6172200
2014-01-09,61.55658281515977,62.03666421240312,61.55658281515977,61.90647506713867,6291500
2014-01-10,62.004138552115116,62.085513782387785,60.661534165434475,60.78358459472656,6632200
2014-01-13,60.75914888765661,61.02767213498394,59.95358535373045,60.1651496887207,5248700
2014-01-14,60.25466378375098,60.49063201110223,59.961730430007336,60.230247497558594,5783900
2014-01-15,60.20586820747306,60.913791875713976,60.20586820747306,60.89751434326172,7043300
2014-01-16,60.31975096688167,60.8974788712238,58.708623843912044,59.20498275756836,8892800
2014-01-17,59.49792722675517,59.49792722675517,58.83069144535481,59.009700775146484,5551300
2014-01-21,59.17245212699889,59.90478568462174,58.92020631584023,59.53048324584961,6379300
2014-01-22,60.07564220626494,60.15701119452825,59.59555462181643,59.72574996948242,4864700
2014-01-23,59.156156194640985,59.96172596143011,58.985279452367664,59.56300735473633,5050300
2014-01-24,59.26192658547366,59.33515679603177,58.082054792694606,58.261070251464844,5523600
2014-01-27,58.02513383101602,58.74932869095049,57.88680587081697,58.301795959472656,4233600
2014-01-28,58.301765790470846,58.87949362651873,58.15529914132805,58.3505859375,2932700
2014-01-29,58.09021129292168,59.36772375659857,57.642672509317265,57.984432220458984,6005100
2014-01-30,58.342456017798554,59.432820395100336,58.20412810821778,59.23753356933594,4254000
2014-01-31,58.4807888061734,58.871362448824506,58.13902910878353,58.81440353393555,4291500
2014-02-03,58.70050227119496,58.75746120215943,57.47994842933525,57.561317443847656,4526100
2014-02-04,57.61012372794211,57.77286170021339,56.79642145047432,57.374149322509766,4646100
2014-02-05,56.910347930389285,57.93560848617046,56.82084016960665,57.62640380859375,4394300
2014-02-06,57.585735209689,57.82170972889595,57.03241714590756,57.667110443115234,4765600
2014-02-07,57.366003895096675,58.30176264705322,57.0486605404065,58.06578826904297,6902900
2014-02-10,57.69964090852703,57.82983006601777,56.609276450265554,56.74760437011719,7774000
2014-02-11,56.76388422484212,57.667094434217624,56.61741753661753,57.46366882324219,5543000
2014-02-12,57.69963473774398,58.016978147256204,56.94289132858651,57.154449462890625,4120600
2014-02-13,57.06495212908421,58.16345543278049,56.902214117899604,57.94375228881836,3788000
2014-02-14,57.90305553272009,60.08377161966534,57.772860191857696,59.823387145996094,6848800
2014-02-18,59.823385901722425,60.71846333139572,59.766426993293706,60.07563781738281,5538400
2014-02-19,59.84782028198242,60.466229701060264,59.74203498572802,59.84782028198242,3926500
2014-02-20,59.88847279752727,60.30346260317324,59.58740699630048,59.79083251953125,4134000
2014-02-21,59.7501672722195,60.29534638838712,59.67693082828512,60.05937194824219,4552300
2014-02-24,60.327907064927274,62.46794255442535,60.21398920361911,61.84953308105469,9559000
2014-02-25,61.825098055926816,61.95528718430426,61.13344619522452,61.28805160522461,3761800
2014-02-26,61.296221193031606,61.9471795784113,60.84868225903558,61.890220642089844,5433200
2014-02-27,61.66238294170606,62.17501956040369,61.515916223229354,61.857669830322266,4227300
2014-02-28,61.87393207330399,63.23281360965027,61.67864523293282,62.87478256225586,6176600
2014-03-03,62.410979397113096,63.02939503666064,62.272651461757995,62.7364616394043,3673400
2014-03-04,63.25724142831842,63.93261610873685,63.09450338371425,63.5745849609375,5164500
2014-03-05,63.680323909233174,63.87561066217453,63.127006269187724,63.46062088012695,3917600
2014-03-06,63.590855210046456,63.74545447230362,63.10263492406926,63.175865173339844,4200500
2014-03-07,63.476942279152766,63.52576244912398,62.68764975497421,62.98058319091797,3434700
2014-03-10,62.88292690746052,63.387424681937546,62.74459897525235,63.37114715576172,2986400
2014-03-11,63.3955611405143,63.83495500237275,63.07821147219446,63.28977584838867,3471200
2014-03-12,63.110092808299875,63.45308095322924,63.06926444656105,63.37141799926758,2875400
2014-03-13,63.50208031412059,63.779735588838975,62.84876425639641,62.88959884643555,3178600
2014-03-14,62.89773754874708,62.89773754874708,61.77894246851279,61.81977081298828,5128700
2014-03-17,62.17915006451712,62.89779311304961,62.1383154534867,62.68547058105469,3517900
2014-03-18,62.85697174284499,63.738947103377605,62.693639510994004,63.69811248779297,3670800
2014-03-19,63.75523797996343,65.5763523039442,63.649076767451554,65.29869079589844,9060100
2014-03-20,64.98837628921126,66.62982233525202,64.86587873475693,66.58082580566406,7786500
2014-03-21,67.11983301119463,68.04263657245006,66.39302185851392,66.4256820678711,11828100
2014-03-24,66.67884599448682,66.73601070708473,66.03369782060399,66.3766860961914,5306200
2014-03-25,66.62982819090081,67.08715201902241,66.1316822251809,66.22967529296875,4588800
2014-03-26,66.5400156030347,67.20966202228027,66.20518927816886,66.5890121459961,6910000
2014-03-27,66.6216379035187,66.88296302388295,65.96832198736693,66.16431427001953,5453900
2014-03-28,66.47468035958812,67.25048800446767,66.36035094308978,66.65434265136719,4787400
2014-03-31,67.02999059790926,67.18514837299082,66.48284184104813,66.95648956298828,3513700
2014-04-01,67.25047357745935,67.82212676780217,66.62166192161526,66.833984375,4339800
2014-04-02,66.58898399552331,66.75230989000606,66.36848718443976,66.64614868164062,3832100
2014-04-03,66.67883915156352,67.2504862188772,66.6380045479758,67.1688232421875,4214700
2014-04-04,67.52813358092739,67.72412592976363,66.45016631660138,66.58082580566406,4788100
2014-04-07,66.55634427237428,66.94833529907326,65.94386257661623,66.2133560180664,5286700
2014-04-08,66.20518138257425,66.59717237097513,65.42120563625788,65.870361328125,4044900
2014-04-09,65.98468348526191,66.60532698885167,65.73968836561852,66.46649932861328,3308900
2014-04-10,66.49100256793953,66.95648834569207,65.15170993614328,65.32320404052734,4850000
2014-04-11,65.14355391140863,65.30688611065774,64.36774621405596,64.47390747070312,3418700
2014-04-14,64.8740489616489,65.07004131671408,64.00840411834876,64.6617202758789,4013700
2014-04-15,64.80870820608446,65.10269981811632,63.74707113702676,64.93120574951172,4719100
2014-04-16,64.9148951137419,64.95572972120772,63.26528039819625,63.85326385498047,8098100
2014-04-17,61.607480334852035,62.595616501201405,60.113023837359066,61.885135650634766,13422900
2014-04-21,61.81979887175278,62.45678488559569,61.0766578679957,61.20731735229492,6912500
2014-04-22,61.40334948920292,62.21999196154561,61.20735080988959,61.86883544921875,6199400
2014-04-23,61.909619965349876,62.12194860223931,61.33797313197432,61.517635345458984,4645700
2014-04-24,62.18733524026674,62.9468131075372,61.99134276079041,62.546653747558594,4604900
2014-04-25,62.530296353310305,63.11827976567481,61.43599873734316,61.78715515136719,5416200
2014-04-28,62.350641800370155,62.538472281151506,61.591164170231046,61.85248947143555,5346800
2014-04-29,62.023996164950184,62.236324962164325,61.158357097790265,61.41151428222656,4813200
2014-04-30,61.452339796188205,62.21998563590307,61.18284631239636,61.280845642089844,6435900
2014-05-01,61.28898653927667,61.574810002260165,60.64383859112296,61.20731735229492,4598000
2014-05-02,60.98685098397196,61.51766975788919,60.8480232797051,61.272674560546875,3794700
2014-05-05,61.10934646370441,61.501331289276195,60.676527029829266,61.436004638671875,4476100
2014-05-06,61.35431990318237,61.738142694399016,61.158327539970536,61.460487365722656,4728200
2014-05-07,61.729983492187706,63.65725966332742,61.31350043869789,63.62459945678711,6383500
2014-05-08,63.551084260936584,63.74707660895347,62.66910934913397,62.79160690307617,4943100
2014-05-09,62.7344759261485,63.12646706334776,62.5711499201,62.84063720703125,3465600
2014-05-12,63.04478358591677,63.71443002820057,62.96312060134291,63.48577117919922,3110900
2014-05-13,63.58374759672213,63.87773921968412,63.314254237259604,63.730743408203125,3059000
2014-05-14,63.7389319334918,63.7389319334918,62.83245851154439,63.02028274536133,2635300
2014-05-15,63.012115501851966,63.14277501474435,62.25263800230292,62.4567985534668,3075200
2014-05-16,62.35062027582245,62.61194548681282,62.07296496498215,62.59561538696289,2974600
2014-05-19,62.40779698153207,63.06928141672148,62.3588004420683,63.044776916503906,2149100
2014-05-20,63.036598103122145,63.20809217581601,62.358783746414936,62.60377883911133,2806500
2014-05-21,62.644614933378165,63.60008469796029,62.57928206986362,63.469425201416016,2401200
2014-05-22,63.461260034194076,64.2125693086538,63.395927167592774,63.97574234008789,3146900
2014-05-23,64.22888836563061,64.51471179203027,63.992061460761356,64.3268814086914,2251500
2014-05-27,64.7025677937915,64.78423077217037,64.23708196349742,64.60456848144531,2645500
2014-05-28,64.49022759124914,64.68621995058385,63.94307887992714,64.17173767089844,2250900
2014-05-29,64.18807653969637,64.86589107015551,63.76342533138214,64.81689453125,3526800
2014-05-30,64.7107381917861,65.11905936755795,64.41674644679145,65.02922821044922,5139900
2014-06-02,65.14353318672714,65.27419890455661,64.7760467586794,64.89854431152344,1986400
2014-06-03,64.76788975269699,65.47837069721523,64.74339148400419,65.2333755493164,2841100
2014-06-04,65.11088386491225,65.79686030666028,64.90672331956075,65.74786376953125,3552900
2014-06-05,65.72337733530179,65.94386802257,65.07006098034489,65.16806030273438,3453700
2014-06-06,65.32321223979184,65.59270567928685,64.98022398797237,65.27421569824219,3286600
2014-06-09,65.37219527730804,65.53552118682613,64.72704734288867,65.13536834716797,2801700
2014-06-10,65.00472960958025,65.33138779465084,64.89856834738914,65.17622375488281,2459200
2014-06-11,65.13537954374905,65.60902725496379,64.8577179732582,65.47019958496094,2733500
2014-06-12,65.45791536706061,65.63842202920375,64.89998852942168,65.178955078125,2560000
2014-06-13,65.09687258964297,65.12149224496963,64.48971921331483,64.9655990600586,2265200
2014-06-16,64.96563022808158,64.99024363545192,63.84156996661571,63.99746322631836,4542900
2014-06-17,63.91540548494495,64.20257228795367,63.61182557332611,64.13693237304688,3430900
2014-06-18,64.13691917728401,65.12149891901456,63.816932482657116,64.99021911621094,4823000
2014-06-19,65.10510185195257,66.28659532917538,65.03126163950968,66.0568618774414,4538600
2014-06-20,66.31938539947659,66.86089882597912,66.01580561234844,66.7952651977539,7366500
2014-06-23,66.77886176631463,66.99218830329075,66.4424682462419,66.86090850830078,3066900
2014-06-24,66.81167801626786,67.5993379633061,66.80347146459403,67.06602478027344,4685500
2014-06-25,66.74603058247096,67.59112377623084,66.3029707386061,67.55830383300781,3629200
2014-06-26,67.67320432504955,67.67320432504955,67.0004108643828,67.5173110961914,2915900
2014-06-27,67.02504152338952,67.3696417666506,66.71325498539954,67.27938842773438,4755600
2014-06-30,67.50907201067024,67.72239849581996,66.9511455370381,67.07421875,3916100
2014-07-01,67.06602131377015,67.56651452400284,66.99218113181672,67.18909454345703,5482400
2014-07-02,67.11527708118925,67.70601751608606,66.5163238324981,67.68140411376953,3693500
2014-07-03,67.76341941727597,68.46083221124347,67.54189263949876,68.3869857788086,2183400
2014-07-07,68.09164395737805,68.18189727209013,67.10707030931295,67.45987701416016,2558500
2014-07-08,67.29577165811244,67.33679816495255,66.77066492134261,67.22193145751953,2967300
2014-07-09,67.26296002904121,67.89472693931533,67.18911356641547,67.88652038574219,3079500
2014-07-10,66.68861470394731,67.69780787800036,66.4999078057219,67.34500122070312,3829400
2014-07-11,67.21371957153102,68.20649961258802,67.05783262939187,67.99317932128906,2758400
2014-07-14,68.3705912282186,69.4864443874324,68.2721313871945,69.14183807373047,3794500
2014-07-15,68.9531464341396,69.52747998423213,68.69879961335094,68.8382797241211,4356300
2014-07-16,68.97775837546581,69.02698517592758,68.28035157660449,68.7234115600586,3955200
2014-07-17,69.12544892500927,71.5786826890198,68.45265548853337,69.83106231689453,7117900
2014-07-18,70.12642970521577,70.38077651334764,69.27312971627858,70.16744995117188,3892100
2014-07-21,69.92130360276809,69.97873694991426,68.94493044151793,69.79002380371094,4025100
2014-07-22,70.16745808221766,71.18485795217386,70.12643783150811,70.6023178100586,4366900
2014-07-23,70.81563570469008,71.01255543649162,70.3725756977862,70.5120620727539,2596300
2014-07-24,70.11001578242018,70.83204221221587,69.9787422332174,70.2987289428711,4022400
2014-07-25,69.01878936538918,69.74901616524467,68.92032949830424,69.47825622558594,3362600
2014-07-28,69.76540126727281,70.4792209966658,69.41259467823,70.35614776611328,2206900
2014-07-29,69.70797120503059,70.20025789062143,68.91210470443907,69.14183807373047,4897800
2014-07-30,69.54387250020869,69.63412578275272,67.04961305304448,68.05879974365234,7171800
2014-07-31,67.09066420066385,67.42706409237101,66.08968359993409,66.49992370605469,5345400
2014-08-01,66.5737417814667,67.33678837549165,66.09786191427584,66.86090850830078,4625100
2014-08-04,66.94295837454989,67.71421155669779,66.5901579935206,67.50088500976562,3197700
2014-08-05,67.1398824455401,67.71421596338907,66.10607585364609,66.45067596435547,4599500
2014-08-06,66.41786640399833,67.3778329479838,66.24556632168475,66.86913299560547,3311300
2014-08-07,66.45887572606067,66.53271591662454,64.94919562783498,65.03124237060547,5465400
2014-08-08,65.15430698957896,65.79428026214102,64.60458074028196,65.73684692382812,3713400
2014-08-11,65.95838511671683,66.17171166433299,65.44148498263415,65.53173828125,3460000
2014-08-12,65.31840023197387,65.95837350236647,65.25276034276325,65.81889343261719,3206200
2014-08-13,66.14707762333832,67.00857757795296,65.95836453246261,66.87730407714844,3049900
2014-08-14,67.04143003538391,67.33680338016426,65.7696896018036,67.13168334960938,2241100
2014-08-15,67.45165874559339,67.50909209409309,66.30298551583381,66.8445053100586,2442700
2014-08-18,67.0906305966667,67.6731767641705,66.74603058247096,67.55830383300781,2795800
2014-08-19,67.68139285614379,68.7234059525117,67.32038591593741,68.48546600341797,3549300
2014-08-20,68.0506260835721,68.7152130062384,67.574746091155,68.4526596069336,2579600
2014-08-21,68.6003319873766,69.002365426945,68.5839188822221,68.73160552978516,2648500
2014-08-22,68.59214333099425,68.92033666229193,68.47727660400513,68.73983001708984,2089300
2014-08-25,69.24029888503622,69.53567215248283,68.87928572265373,69.11722564697266,1988100
2014-08-26,69.28953752661656,70.01976426831207,69.04339726815813,69.83926391601562,2267800
2014-08-27,69.88848108668108,71.35714092093532,69.70797449948843,70.87305450439453,5800700
2014-08-28,70.56128788143882,71.38176797308346,70.16745468315222,70.84024810791016,2749700
2014-08-29,71.17666554795873,71.57049884361706,70.84847217820477,71.11923217773438,3297500
2014-09-02,71.48022455600506,71.56227130944957,70.36437118181485,70.88127136230469,3726100
2014-09-03,71.2012737305667,71.66894721372422,70.90590034543906,71.20948028564453,2824400
2014-09-04,71.18482145154005,72.5714279059542,71.14379496210056,71.43096160888672,3650100
2014-09-05,71.34071450094106,72.03812732306068,71.16841449798947,71.99710083007812,3873500
2014-09-08,71.95608117208923,72.20222763383768,71.72634781299843,72.12838745117188,2298000
2014-09-09,72.20223823146908,72.89964496243358,71.7837916889842,72.66170501708984,4409400
2014-09-10,72.87182925731734,72.92126539170229,71.42988333149272,71.89130401611328,3355800
2014-09-11,71.4875660821681,71.78419548268053,71.02613907782329,71.75123596191406,3034500
2014-09-12,71.88307178981306,71.88307178981306,70.74599654833845,71.0096664428711,2582400
2014-09-15,71.10853780558152,71.53699898338805,70.72127131207985,70.88606262207031,2441800
2014-09-16,70.86132411830428,71.9901637539847,70.73772752826305,71.81713104248047,2973700
2014-09-17,71.64411109913992,72.14673275563734,71.2486094494804,71.67707061767578,3302700
2014-09-18,72.03136637828061,72.48455182966642,71.84185703416247,72.20439910888672,2584000
2014-09-19,72.92949967131518,73.10253241103258,72.21264436129903,72.344482421875,6486300
2014-09-22,72.34447990448541,72.87181955566983,72.08081007889321,72.31975555419922,2335400
2014-09-23,71.94897328435106,72.2538440793809,71.17444040780121,71.34747314453125,2640200
2014-09-24,71.37219669615727,72.88829663132289,71.35571379586203,72.68230438232422,2661500
2014-09-25,72.33625736778453,72.50929014672288,70.88606980466196,71.0096664428711,3657100
2014-09-26,71.06732500296235,71.6605836783738,70.78717856534274,71.355712890625,2260500
2014-09-29,70.51526380565171,71.64409723675683,70.51526380565171,71.28155517578125,3114800
2014-09-30,71.4216210090697,71.75120981022096,70.96020045928806,71.06731414794922,2843200
2014-10-01,70.86133170510591,71.0755653983555,69.71601533510855,69.93848419189453,4140200
2014-10-02,69.91379322247387,70.25985881664612,68.99095163801456,69.95499420166016,3047000
2014-10-03,70.34224796242884,71.09205661322706,70.09505470511014,70.87782287597656,3108100
2014-10-06,71.39693807631191,71.64412508400343,69.99618655384684,70.11154174804688,2596100
2014-10-07,69.95496655300266,70.14447589503047,69.15571564922058,69.36994934082031,3412900
2014-10-08,69.45234322943779,71.55346027041347,69.20515003102457,71.3721923828125,4787400
2014-10-09,71.1497233426065,71.31452091779549,69.73249562790481,69.98793029785156,4432800
2014-10-10,70.11154083998282,71.53701041611612,70.0785876018267,70.35873413085938,4036800
2014-10-13,70.21864733579648,70.8201412552339,69.0156532105363,69.17220306396484,3672600
2014-10-14,69.49351855059166,69.68303412144523,68.01862007968171,68.2410888671875,5929500
2014-10-15,67.7055389367142,68.37295817751209,66.51078626511891,67.69730377197266,8308900
2014-10-16,69.83963576368244,71.43813184248819,69.29581303830862,70.35873413085938,10233000
2014-10-17,71.56168234538276,73.17666028832501,71.47928673034762,72.65756225585938,8532800
2014-10-20,72.70701518535763,73.20139527630532,72.50926440625534,72.95420837402344,4890900
2014-10-21,73.46506558688986,75.04708426807818,73.20963096898491,74.9399642944336,5882100
2014-10-22,75.34373020291565,75.34373020291565,73.91826101334004,73.96769714355469,4290300
2014-10-23,74.93174486621808,75.21189131621057,74.50327745443752,74.70103454589844,3159200
2014-10-24,74.70105854137545,75.55798106742773,74.64337465638155,75.508544921875,2977300
2014-10-27,75.33546346121861,76.03583564513532,75.29426250894828,75.91223907470703,3948900
2014-10-28,75.02241129165286,76.4478747365081,74.45387043260426,76.33251953125,4741300
2014-10-29,76.54672475811857,77.1894196008509,76.37369201479717,76.59616088867188,4330400
2014-10-30,76.26656351488649,77.5766774059668,76.21712738984411,77.35420227050781,2836400
2014-10-31,78.27705975780748,78.82911751263015,77.70851910160759,78.2853012084961,5031500
2014-11-03,78.6478283881134,78.82910255054651,77.86506045366184,78.16168975830078,4001200
2014-11-04,78.26883239478981,78.77145410871803,77.650855495998,78.2605972290039,4437300
2014-11-05,78.74674071579564,79.10928919626416,78.29355511521,78.9362564086914,3454700
2014-11-06,79.13396703007872,79.62834706981818,79.01861189701896,79.27404022216797,3743200
2014-11-07,78.68906097565946,78.87033521095398,76.63737936590634,77.13175964355469,6155400
2014-11-10,77.18942117437138,78.27706007340967,77.0411064933032,78.0710678100586,4087700
2014-11-11,78.31825665176018,78.89503244226728,78.04634537064197,78.84559631347656,2291400
2014-11-12,78.46655783364349,79.07629303397326,77.8815344070757,78.83734130859375,2897700
2014-11-13,78.80442010027265,79.71078503562919,78.60666923661351,79.0186538696289,2767700
2014-11-14,79.1175149558279,79.19991689987278,78.169955463169,78.36770629882812,2709600
2014-11-17,78.44182969159836,79.66954776807965,78.14520041143754,79.48827362060547,3297600
2014-11-18,79.91672840447535,81.25156006098229,79.80137328079505,80.9054946899414,4320800
2014-11-19,80.52647888449167,81.08677795678572,79.75194614992483,79.80962371826172,3433800
2014-11-20,79.4800366150943,79.80138397216797,79.24108488791941,79.80138397216797,3316700
2014-11-21,80.25455268303288,80.78189214842297,79.58713376091241,79.6860122680664,4408600
2014-11-24,80.14748544602446,80.16396835124965,79.52127334796911,79.84262084960938,3998800
2014-11-25,79.92501427491646,80.86433868204065,79.85086006264225,80.66658782958984,4066300
2014-11-26,80.74072868570751,81.35870549797838,80.60065545032523,80.83960723876953,2765900
2014-11-28,81.32574398919442,81.91900272027134,81.1032751082331,81.26806640625,2177500
2014-12-01,81.36694708376284,82.25683520363923,80.75721172150023,81.62237548828125,4892800
2014-12-02,81.5729400826203,82.39690917436396,80.91376229467129,82.2568359375,5297200
2014-12-03,82.60832530610097,83.80758895386454,82.45945141569194,83.3692398071289,6689000
2014-12-04,83.40233925273131,83.47677937258669,82.22789286909799,82.43466186523438,4065200
2014-12-05,82.55044676679836,83.29481636773426,82.44292916725318,82.98052978515625,3104900
2014-12-08,82.97225772314665,83.4519632808875,82.40984583374775,82.64142608642578,3085800
2014-12-09,81.9135717527618,83.6090730206365,81.67371906109354,83.55117797851562,3792200
2014-12-10,83.34444395731137,83.55121295287988,81.8887947717732,81.9549560546875,3908700
2014-12-11,82.20304394251568,83.26169970815668,82.0789813396483,82.4842529296875,2940600
2014-12-12,82.36024719544365,83.04672193657001,81.6241499029411,81.68204498291016,3086500
2014-12-15,81.71508885839685,82.50080831834615,80.56545403926899,81.2767333984375,3649300
2014-12-16,80.76397744939169,81.69857111315868,79.19253169422468,79.27523803710938,4843800
2014-12-17,79.85416887838949,82.50080884357186,79.53987604433898,81.99629211425781,6235000
2014-12-18,82.93918110942474,84.57679438243055,82.63316702478603,84.56024932861328,4681000
2014-12-19,84.3617329095492,86.01588453522663,84.3617329095492,84.76699829101562,7986500
2014-12-22,84.84142399961755,85.38729066222345,84.75044517083546,85.22187805175781,2398100
2014-12-23,85.78430893895484,85.95799411179789,84.72565285109923,85.06475067138672,3028600
2014-12-24,85.18880492608635,85.4534689219969,84.80835082634538,84.92414093017578,950700
2014-12-26,84.84969734985289,85.18880143294234,84.49406083844755,84.81661987304688,2019900
2014-12-29,84.67600117975098,85.19706286788752,84.22111336687466,84.63465118408203,1708100
2014-12-30,84.5685064189654,85.23843584422977,84.5685064189654,85.06475067138672,1767600
2014-12-31,85.28806194951403,85.75122239556535,83.55947018177908,83.60909271240234,2313900
2015-01-02,83.94820255762623,84.87452982299732,82.71586125242273,83.35270690917969,3060900
2015-01-05,82.9557552774728,83.07981167419545,81.67378449054665,81.97980499267578,4679000
2015-01-06,82.56697301031753,82.82336447164386,81.43387696978525,81.8143310546875,3468300
2015-01-07,81.84743925912765,82.955724367596,81.81435546229841,82.64970397949219,3225800
2015-01-08,84.00609580378963,86.82642754732738,83.30308257680691,86.59484100341797,5346100
2015-01-09,86.36325228549114,86.53693744379474,85.10609986392288,85.7843017578125,3397600
2015-01-12,85.8752758132792,86.01587717500975,84.2872919029307,84.81661987304688,3051500
2015-01-13,85.96624694551748,87.33918927306254,84.22938299476198,85.24668884277344,3856500
2015-01-14,84.0391897969266,85.58582413209825,83.68354687750592,85.46176147460938,4725600
2015-01-15,85.65197748000563,86.50386464038195,85.29633459352841,86.39634704589844,5888900
2015-01-16,86.42941396048684,87.6700275580058,85.72640085057685,87.47979736328125,6045500
2015-01-20,87.83546556372198,87.98433949085056,86.42943893757686,87.35576629638672,6526800
2015-01-21,88.10010192883661,90.52343401363265,87.35573883726337,90.4159164428711,8293700
2015-01-22,90.7715874508554,94.38591170116838,90.42421705885889,94.16259765625,8055200
2015-01-23,93.9888959087236,94.55130772009579,92.63249206542969,92.63249206542969,5256000
2015-01-26,92.63251091363657,92.63251091363657,91.60693845248909,92.30995178222656,4203400
2015-01-27,91.76406506736404,92.0121903518988,90.91217793259652,90.98661804199219,4718300
2015-01-28,91.44978152341649,91.70617303182235,89.69637835312558,89.70465087890625,6633500
2015-01-29,89.44825883913843,90.6309776152154,88.28207880443622,90.47383117675781,4912300
2015-01-30,89.83699578179979,90.47384151394863,87.78584456211614,87.87682342529297,5397500
2015-02-02,88.27380094627979,88.77831136777348,86.90085211998691,88.7369613647461,4657100
2015-02-03,88.7865838616748,89.32418438154417,88.10010944876602,89.16703796386719,4192600
2015-02-04,88.35653156081847,89.93624345685019,88.29036396567338,89.25804138183594,4768900
2015-02-05,89.58885769622042,90.82119897170972,89.58885769622042,90.00239562988281,3297700
2015-02-06,89.81217347153002,90.48210927510144,88.65427220133479,88.99337005615234,3661400
2015-02-09,88.43923282514018,88.69562435400442,87.90163218808942,88.0753173828125,3909700
2015-02-10,88.71215074536642,90.53171495406302,88.60462685452174,90.12644958496094,5437400
2015-02-11,89.92796522592668,91.02797137533284,89.63848361336304,90.85428619384766,3798500
2015-02-12,91.55730941457806,91.62347700808785,90.010681354343,90.84602355957031,3378000
2015-02-13,90.72196675001068,90.84602309960215,89.88661823892384,90.51519775390625,3727600
2015-02-17,90.43247714227397,90.77985382080078,89.75427514718972,90.77985382080078,3430600
2015-02-18,90.77984261085233,91.16029672598376,90.1099069143471,90.7881088256836,2958700
2015-02-19,90.59788555730417,91.27608747338776,90.51517923779889,91.0031509399414,2674800
2015-02-20,90.94526917072065,93.31070685262745,90.51519246041424,93.14529418945312,4647100
2015-02-23,93.45129027571058,96.34605549518905,93.33550017173843,96.27162170410156,7060000
2015-02-24,96.15585783637744,96.42052190482589,95.37840437464608,95.4693832397461,3582800
2015-02-25,95.79191665549831,95.79191665549831,94.05505877827737,94.32799530029297,3845900
2015-02-26,94.62576197636474,94.79944716775108,93.76560223562625,94.00545501708984,3126800
2015-02-27,94.09639616805599,94.4933952659616,93.79865473223504,93.98060607910156,4016400
2015-03-02,93.98060275201837,94.98963604297384,93.98060275201837,94.6174545288086,2952200
2015-03-03,94.24530556735436,94.69192735457251,92.93025778561955,93.34379577636719,3163700
2015-03-04,92.83926279349657,94.26183424413348,92.34301855283177,94.13777160644531,3180900
2015-03-05,94.3445525294276,95.70922909687202,94.3445525294276,94.94004821777344,2941400
2015-03-06,95.24604374404481,95.24604374404481,93.13699811629544,93.36030578613281,3196900
2015-03-09,93.43476439646233,95.08064365238549,93.35205806939717,95.03102111816406,3942000
2015-03-10,94.50167834901306,94.62574097535162,93.012939453125,93.012939453125,3957900
2015-03-11,93.68925843991454,94.26184569758564,93.47349752754074,93.53988647460938,2593700
2015-03-12,94.03781381625107,95.47344507303656,93.89674201777389,95.33236694335938,3258600
2015-03-13,94.96723350307171,95.75558180861385,94.21207334556962,95.639404296875,3066800
2015-03-16,96.2618025648851,98.49408259862396,96.1124305490364,98.3530044555664,4692200
2015-03-17,97.98787367289185,98.02936202870815,97.02525264866884,97.58954620361328,3303500
2015-03-18,97.44847915319566,100.01269138970976,96.86759149381724,99.54798126220703,5533500
2015-03-19,99.58114776391965,100.49397368551581,99.43177578902582,100.21183013916016,4032500
2015-03-20,100.70145268286501,100.85082468486323,98.75132278486606,98.86750030517578,7195700
2015-03-23,99.14963302607332,99.97947593066276,98.41106701628573,98.78450012207031,4576500
2015-03-24,98.66832597409028,99.28240797161365,97.98785502245651,98.02104949951172,3054700
2015-03-25,98.6268273449191,99.37368722075117,96.68499799895463,96.70989227294922,3385500
2015-03-26,96.31985868663045,97.26587902265601,95.09998869249266,96.46923065185547,2856400
2015-03-27,96.31158132387291,98.10404533162101,96.27838684248499,97.92977905273438,2608500
2015-03-30,101.50640333339972,102.7013793715222,100.02098348912251,100.4110107421875,5178500
2015-03-31,100.24502444772007,100.35290174505289,98.10402825487704,98.16211700439453,4573100
2015-04-01,99.18282435810633,99.18282435810633,96.70989596843204,97.46504974365234,4826200
2015-04-02,97.5895490636454,98.23682568039236,96.98376713513116,97.39038848876953,2497100
2015-04-06,96.27839445539969,98.35300222218834,96.22030569117763,97.67253112792969,2544700
2015-04-07,99.1247569725525,99.44010140637023,97.31569873922102,97.38208770751953,2528500
2015-04-08,97.73889346007067,98.61023101714446,97.48164419307881,98.07913208007812,2627000
2015-04-09,97.78038839317105,98.55214252737059,97.58952174441256,98.37787628173828,2247200
2015-04-10,98.37788545627915,98.83429528563283,97.896575019914,98.75131225585938,2232600
2015-04-13,100.41102992988971,100.66827930289922,98.85922082446803,99.05838775634766,3961000
2015-04-14,99.03346764339543,99.73053910532948,98.352996588117,99.51477813720703,3208800
2015-04-15,99.89648738769249,100.19523134227026,96.71819384897739,97.35717010498047,7344000
2015-04-16,101.18277003218694,101.50640833659705,100.01268821531927,100.90892028808594,7068000
2015-04-17,100.41100720284004,100.45250188705671,97.70571713687052,98.51066589355469,4390000
2015-04-20,99.45667638727807,99.8550037893903,97.9795569478439,98.40277862548828,4650700
2015-04-21,98.75132567767164,99.27412453438018,98.55216511290651,98.98368072509766,3379800
2015-04-22,99.19943274706753,99.5313712125289,97.23270256244871,97.76380157470703,3846700
2015-04-23,97.48996100469721,98.4027870626049,97.05843908781006,98.13723754882812,3244300
2015-04-24,98.15385608586067,98.8260270751795,97.93809507364422,98.49409484863281,3139200
2015-04-27,98.90069331129303,99.09155999535419,96.31988096211772,96.46095275878906,5174300
2015-04-28,97.00035779477079,97.70572315147604,94.83446683428977,97.58124542236328,4144800
2015-04-29,96.44437165207898,97.35719784843559,92.97562704096326,94.27848052978516,7122600
2015-04-30,94.21207472333536,94.87595165543702,92.21215638669854,92.44451141357422,6705600
2015-05-01,93.18308609304147,94.31997346361413,92.7266698377603,93.93824005126953,5805100
2015-05-04,94.35313756014934,95.37384713843569,94.14567682995447,95.06680297851562,3531500
2015-05-05,94.55230249935335,94.83444604771283,93.78054834545387,94.07929229736328,3960400
2015-05-06,94.60206982539786,95.00869098436822,93.49008362256535,94.17884826660156,3369800
2015-05-07,93.89673277611072,95.54811850407876,93.86353829775969,95.23278045654297,3300200
2015-05-08,96.20369945896127,96.75139254796552,95.47343989655572,95.9962387084961,3066000
2015-05-11,95.93812961563822,96.08750157755881,95.1995700070304,95.24105834960938,3376400
2015-05-12,94.79296925925051,95.49833454735264,94.46103079096726,95.1332015991211,3844600
2015-05-13,95.11661103247722,96.51074758572044,95.11661103247722,96.14561462402344,3667700
2015-05-14,97.24100319197775,98.4359791404038,96.43605446734075,98.36128997802734,4771400
2015-05-15,98.56873798934451,99.04174818593097,98.17871081596292,99.02515411376953,3083800
2015-05-18,98.93389638686615,99.56457892192525,98.61855195373637,99.41520690917969,2824700
2015-05-19,99.43178660090369,100.5188788895496,99.32390929166083,100.0375747680664,3554900
2015-05-20,100.18694546754054,101.1163655504493,99.60605158452309,100.61016082763672,3379200
2015-05-21,100.2118460664574,100.27822869713948,99.62265827495476,99.962890625,2983500
2015-05-22,99.83011512011997,100.22843621340185,98.86749420415609,99.24092102050781,2945900
2015-05-26,98.93390030924111,99.24093821952405,97.6725351891143,98.12065124511719,3014500
2015-05-27,98.6517531381489,99.45670202088246,98.14554830119688,99.12476348876953,2887700
2015-05-28,99.00856772534898,99.4317894341605,98.16213063892566,99.26582336425781,2873600
2015-05-29,99.63093916560703,100.92549842883406,97.70570384027353,99.75541687011719,6019900
2015-06-01,100.02930525507813,100.04589933420684,98.54388509059986,99.46501159667969,3876400
2015-06-02,99.15793717694628,99.31560937114872,97.43186856815967,97.7140121459961,4219500
2015-06-03,97.92148550340886,98.7430283971844,97.46506926731112,98.21192932128906,3438100
2015-06-04,97.85511426450239,97.89660895937445,96.28671103260177,96.80121612548828,3300300
2015-06-05,96.53564829416527,96.8841808728923,95.7306994829145,96.70161437988281,2724500
2015-06-08,96.57714557635381,97.64764402241607,96.52735701227681,97.0169677734375,3271300
2015-06-09,97.03354731984389,97.40697415690096,96.08752675684602,97.08333587646484,3047300
2015-06-10,97.11651155449664,98.65171962133263,96.86756248839279,98.37787628173828,4006400
2015-06-11,98.67791165781378,99.95294822322799,98.51957162278298,99.43626403808594,3815600
2015-06-12,99.03623950933085,99.16957981134482,97.91954309103376,98.04454803466797,3076600
2015-06-15,97.36118788327386,100.73628297069256,96.66949942183196,99.15290832519531,6809500
2015-06-16,99.2862218734849,101.81962968732505,99.1695523205724,101.29461669921875,7229400
2015-06-17,101.58632620289627,101.83632975050988,99.31125640731813,99.78627014160156,4805900
2015-06-18,100.32794238784274,101.15296480784366,99.93626321488833,100.74462127685547,3478300
2015-06-19,100.54462836585073,100.73629711561189,99.9196099628612,100.2779541015625,4178700
2015-06-22,101.36130464257646,101.86132439772895,99.95293431574181,100.21127319335938,4435600
2015-06-23,101.14463509800511,102.31133089264068,100.84462579138018,102.28633117675781,4991000
2015-06-24,102.33631811601842,102.50298709654703,99.25289111212687,99.31122589111328,4650500
2015-06-25,99.64457971549113,102.84467658261951,99.58624493094004,101.94464874267578,6149500
2015-06-26,103.1613634650588,103.42803770839284,102.27800622614267,102.71134948730469,16358200
2015-06-29,101.70299709601775,102.52801962230984,100.92797400828395,100.99464416503906,3604000
2015-06-30,102.01964829612398,102.45299786141096,100.83628188586626,101.66963958740234,4982600
2015-07-01,102.46133516522872,103.04468941839413,101.85298755428855,102.8196792602539,3269300
2015-07-02,103.186357641392,103.23635707245259,100.85295336899844,101.51130676269531,3682300
2015-07-06,99.66958597416816,102.58633810928687,99.38624739003244,101.80298614501953,6522800
2015-07-07,101.96965778004855,102.33633723533441,98.17787736347776,100.5862808227539,6476200
2015-07-08,99.21126202792243,99.9946141422339,98.66957811318548,98.98625183105469,4009800
2015-07-09,100.03627329409764,100.46961656218384,99.42791928907555,99.45291900634766,3315600
2015-07-10,100.82793409161975,102.29464524565057,100.58625962502275,101.79463195800781,4033500
2015-07-13,102.58633866008196,103.12802247397252,101.51130639011873,102.0446548461914,3766900
2015-07-14,101.81965480266047,104.33639252515324,101.66965014648437,104.16972351074219,4192400
2015-07-15,104.1280852187133,105.04478415497198,103.1780575556973,104.88644409179688,5067300
2015-07-16,104.51974035711922,104.58641051125737,101.75299254054444,104.11139678955078,7216600
2015-07-17,103.91971762156405,104.15306315192133,103.08635980147768,103.21136474609375,3702700
2015-07-20,103.37802097330966,103.52802560745627,101.94464477102309,102.21131896972656,3199700
2015-07-21,102.14464528815236,102.26965020527507,100.286254960564,100.7196044921875,4239100
2015-07-22,100.81130849282408,101.03631233345838,100.06962045345156,100.51129913330078,3384700
2015-07-23,101.36129127803858,101.40296170481211,98.96955883037862,99.44457244873047,4896100
2015-07-24,99.26957915183168,99.76959253870554,97.9862074321125,98.28621673583984,3840600
2015-07-27,98.23622131347656,98.41122569944999,97.21953007468083,98.23622131347656,3752300
2015-07-28,98.95291928157476,101.31132376021009,98.7529151577025,101.2696533203125,5216900
2015-07-29,101.51966324366516,101.76133780743501,100.51963626628742,101.2696533203125,3924400
2015-07-30,100.95293816256843,101.60295606689381,99.62790264344576,100.46958923339844,3732400
2015-07-31,100.39460142649187,102.26965621955839,100.39460142649187,101.16962432861328,3593000
2015-08-03,101.34463989431623,101.8113182154456,100.11960294333637,100.74462127685547,2541300
2015-08-04,101.31963117323133,101.36129524362045,100.19459954448993,100.70294189453125,2058200
2015-08-05,101.4696570155841,103.53638099274002,101.4696570155841,103.26970672607422,3831900
2015-08-06,103.64472843994831,103.86973228438285,101.50299880596607,101.7030029296875,3014900
2015-08-07,101.42799107041688,101.55299602926857,100.21962463688855,101.51966094970703,2276300
2015-08-10,102.08634362086893,102.78636121099281,101.61966522745303,102.0696792602539,2480000
2015-08-11,101.06129325723522,102.51966934444421,101.06129325723522,101.88632202148438,2756000
2015-08-12,101.05295836206379,101.48630157659852,99.21123857376529,101.0029525756836,3005300
2015-08-13,101.11131111925468,101.66132400307731,100.24461817812525,100.43628692626953,3253400
2015-08-14,100.47793500841789,100.98628370077199,100.21959616273496,100.85294342041016,2040500
2015-08-17,100.33625879540155,103.29467453382803,100.2529243049414,103.18634033203125,2951800
2015-08-18,103.23636851209008,105.17809383496476,103.18636907548904,104.58641052246094,4140200
2015-08-19,103.92805701066166,104.16139619205298,102.37801089654418,102.68635559082031,3411500
2015-08-20,101.86965838592853,102.01966304821637,99.82793426513672,99.82793426513672,3201600
2015-08-21,98.54455547097405,99.00290478381255,96.67783586216981,96.90283966064453,5627800
2015-08-24,92.38606941804004,93.6944412382977,79.16901088212948,92.02772521972656,8824900
2015-08-25,94.16944816753367,95.49448425361828,91.5027052759075,91.6527099609375,8109900
2015-08-26,93.80277195843826,94.8611401508672,91.9027167860972,94.55279541015625,7503200
2015-08-27,96.04449509077568,98.19455993413294,95.80282054407124,98.1445541381836,5783700
2015-08-28,97.8278606522498,98.20286907694918,96.66949394891688,97.73619079589844,3333100
2015-08-31,97.67790532822262,98.98627733363368,95.96952498223713,96.4195327758789,4087000
2015-09-01,94.46944563698179,95.18613389095097,93.39441325602802,93.86109161376953,4658100
2015-09-02,94.8611060355347,95.50278865022302,93.77773851066769,95.19445037841797,4522100
2015-09-03,95.61947177746778,96.60283423152781,94.5527748153719,94.99445343017578,3137100
2015-09-04,93.75276273574497,94.22777647928542,92.71940073116883,93.63609313964844,3394900
2015-09-08,95.11111876159329,96.84450442652503,94.72777495535139,96.74449920654297,3990600
2015-09-09,98.16735960091934,98.52725383109414,96.10843204649565,96.31767272949219,3753500
2015-09-10,96.12516510178637,98.71138317289403,96.02473366422169,97.73213195800781,5525700
2015-09-11,97.22995846682245,99.48976166112108,96.97050206480846,99.34747314453125,3752500
2015-09-14,99.62364517273262,100.01701856870231,98.050157974371,98.59418487548828,2686500
2015-09-15,99.27214681724327,100.94607222498969,98.28453057125213,100.46063232421875,3072100
2015-09-16,100.66150944781397,101.57380218676414,100.0589016177916,101.39804077148438,3475700
2015-09-17,101.69098325166571,104.72079097737483,101.18880683369969,103.1640396118164,5466500
2015-09-18,102.2851955596677,103.5908551337511,101.95878066614685,102.5028076171875,7458400
2015-09-21,103.35649446285488,104.00932417301786,101.59887453883528,103.7331314086914,3476700
2015-09-22,101.64073730275547,103.60759807983149,101.64073730275547,102.88780975341797,4566800
2015-09-23,102.94639186818426,103.95911576989374,102.1429086003532,103.18074035644531,3131300
2015-09-24,102.40236048650468,102.63670896456702,99.82451445678471,101.34778594970703,4735800
2015-09-25,102.26009748053585,102.45260170088396,96.44320958037626,97.39734649658203,8060200
2015-09-28,96.71103214068857,96.93700923576297,92.91122112498786,94.32568359375,5727000
2015-09-29,94.48471561516818,96.13353310215575,93.41340441573949,95.5978775024414,5142700
2015-09-30,96.57710449931174,97.85765613093979,96.15025182692997,97.09602355957031,4638600
2015-10-01,97.03744217836424,97.68190054610365,96.17537175499749,97.59820556640625,3768300
2015-10-02,96.36785945654545,99.47298949173386,96.10003171831002,99.45625305175781,3521600
2015-10-05,100.15929167565712,100.72005496681061,98.87036877736038,100.1425552368164,3491200
2015-10-06,99.98357158110477,100.10074585787945,95.97451915283102,97.12953186035156,4652000
2015-10-07,97.4726557668894,97.76559137615553,95.91590494562675,97.44754791259766,4282000
2015-10-08,97.447552933931,97.8744056354381,96.1670012149274,97.15461730957031,3646500
2015-10-09,97.07930994879132,99.99194319935297,97.0542020873629,99.82454681396484,4485100
2015-10-12,99.60690901790917,103.00497472812452,99.230272061202,102.5362777709961,5840000
2015-10-13,103.08034250696457,105.4489424008082,101.76630476819581,103.77501678466797,6655700
2015-10-14,103.65783775235867,104.62034621463717,101.13857802756485,102.16804504394531,5592200
2015-10-15,99.5985597541528,100.85400378466734,97.05419241938114,100.57780456542969,8012400
2015-10-16,101.14693085492549,101.14693085492549,99.24702852645075,100.41877746582031,4416500
2015-10-19,100.25137526025986,101.19714704776419,99.76593543884327,101.04649353027344,3707500
2015-10-20,100.97118115833726,101.74955673663878,100.17606913540848,100.78704833984375,3278400
2015-10-21,101.01301019327197,101.10507658278175,96.47666840952648,98.85364532470703,5305600
2015-10-22,98.93735181836036,99.62366092018006,92.12447651464443,95.25471496582031,10475000
2015-10-23,95.79037762618906,97.6065915223589,95.44722624264857,97.02071380615234,5497500
2015-10-26,97.0206947176608,97.92461578046618,96.25069072438984,97.53124237060547,3377100
2015-10-27,97.41410445740443,100.03379584837255,97.00399445366303,99.90825653076172,4008400
2015-10-28,100.23463684963102,100.55268032007852,97.01233230686569,100.25137329101562,4405500
2015-10-29,100.25973807316034,101.83322526545831,100.01701818327359,100.19277954101562,3257500
2015-10-30,100.37691670454576,100.7451822619413,98.57744598388672,98.57744598388672,4237800
2015-11-02,99.2972606362121,100.39367980072396,98.62768787872024,99.339111328125,3874200
2015-11-03,98.90385891959042,99.1465788153364,97.296892422428,98.47701263427734,2758200
2015-11-04,98.42680281449864,98.55234848457623,95.46395437405049,95.94939422607422,5396100
2015-11-05,96.2339633671756,97.73212081452279,95.1040587392562,97.28016662597656,4009100
2015-11-06,96.44320395239572,96.92027238265909,95.4221085508276,96.0916748046875,4106900
2015-11-09,95.52254605315136,95.94939879754519,94.5851519610154,95.63135528564453,2755100
2015-11-10,95.63972361446295,97.25506185884402,95.43885435714883,96.99560546875,2842600
2015-11-11,97.38059232495583,97.80744501738764,95.70666720932094,95.86569213867188,2374200
2015-11-12,95.21287918887654,96.03309906457638,94.18341225123191,94.42613220214844,3341300
2015-11-13,94.14990150549389,94.59349056955683,93.05348277088422,93.24598693847656,3767300
2015-11-16,92.81916254643065,95.53091984336031,92.7270961407323,95.26309204101562,2450000
2015-11-17,95.18776604641756,96.61897142747718,94.71906261508367,95.74015808105469,1981400
2015-11-18,95.62300728023179,98.36824445442747,95.20452584793318,98.13389587402344,3319900
2015-11-19,91.89010193246352,95.1709929818825,91.73944844623938,92.59314727783203,15731900
2015-11-20,92.81078251342161,95.78200230756144,92.56806259234807,94.55166625976562,7059400
2015-11-23,94.55165585199539,95.82383605858517,93.8234961689269,93.87371826171875,3780400
2015-11-24,93.22091752348356,94.95343032275932,92.95308967383049,94.73582458496094,3244800
2015-11-25,94.9701576286544,96.2925602137832,94.57678414195621,95.75690460205078,2959200
2015-11-27,95.82383361436868,97.00395378935887,95.4806823142161,95.69828796386719,1740400
2015-11-30,95.8824170494129,96.1000290762204,94.25871422466497,94.33403778076172,4605200
2015-12-01,95.02035677499588,97.39733372483664,94.61861832902002,97.30526733398438,5467000
2015-12-02,97.70877918610074,100.3481934380454,97.59950636123453,98.88558959960938,6071100
2015-12-03,99.0200397303419,99.42351337024012,96.18729102734487,96.66641998291016,4286600
2015-12-04,97.16234639555147,99.39828553751497,96.8681455645292,98.96958923339844,3588200
2015-12-07,99.09570625018533,99.09570625018533,96.83455014596976,97.43136596679688,3164300
2015-12-08,96.62439808977719,97.801208079809,95.78382044162566,97.40613555908203,3551900
2015-12-09,97.00267413697621,98.1962930090385,96.38064839440985,96.7084732055664,3839100
2015-12-10,96.70846592796234,98.38962131019133,96.11165012374407,97.68353271484375,3202600
2015-12-11,97.68355606944846,98.63340677878665,96.34704029932391,97.49022674560547,3830800
2015-12-14,97.40613671380397,98.1290340128319,96.18730167477473,97.38092041015625,3867200
2015-12-15,98.23832581138954,99.60846526111783,98.061805250119,98.8603515625,3124100
2015-12-16,99.44034384693416,100.66758651160806,98.26353379174995,99.88584899902344,3516900
2015-12-17,99.88583644716205,101.7855371810074,99.72612465304924,100.21366119384766,3945800
2015-12-18,99.70090209840333,99.91104648248847,97.3556900024414,97.3556900024414,7574800
2015-12-21,97.98614162616701,98.99483229468596,97.50701259665567,98.69223022460938,3185200
2015-12-22,99.34787863725286,99.47396015951736,97.68353199927463,98.71744537353516,2821600
2015-12-23,99.10413119611971,99.88586886417514,98.80993022708813,99.7681884765625,2479600
2015-12-24,99.63367268994938,100.1800494717291,99.43193583977337,99.47396087646484,900100
2015-12-28,99.40672073053125,99.70092164330468,98.66700824915928,99.46556091308594,1582600
2015-12-29,99.91944863892978,101.21393874431814,99.7765455915415,100.7179946899414,2027600
2015-12-30,100.89455156880284,100.96179933145413,99.74296409562255,99.96150970458984,1747700
2015-12-31,99.726167550244,100.33979227597165,98.65022879952781,98.88558959960938,2372500
2016-01-04,98.2719252474563,98.2719252474563,96.27134655781475,97.89366149902344,4991000
2016-01-05,98.11225242523795,99.09572701817916,97.68355590532755,98.07862854003906,2816800
2016-01-06,97.32207638626517,98.05338122865437,96.24613805247299,97.07830810546875,2677300
2016-01-07,95.51485034642792,95.90151535368751,93.65717423165711,94.2203598022461,5277200
2016-01-08,94.43889064551449,94.98526735985006,92.2617977728103,92.59803009033203,4422400
2016-01-11,92.89224934716691,92.98471341311202,90.94210921531447,92.11051177978516,4525800
2016-01-12,92.76614438156945,95.09454151011258,92.5055673779504,94.36324310302734,4037800
2016-01-13,94.48933661929922,95.01889822954858,91.564123578492,91.81629943847656,3434300
2016-01-14,91.40443093481969,93.97660344135286,90.3705238009533,93.10240173339844,4238200
2016-01-15,91.69020916243596,93.00991578131146,90.60586325320477,91.84991455078125,6357000
2016-01-19,93.71599969957988,95.960346882193,92.12730846604943,94.63223266601562,7122800
2016-01-20,94.22036522626043,97.2884755668838,92.58964860839392,96.48992919921875,8380700
2016-01-21,96.38902225058591,97.0698943996642,94.36323377120591,95.40554809570312,5413900
2016-01-22,96.38902662762243,96.79250667551301,95.73337716126078,96.10323333740234,3622200
2016-01-25,96.26294546624246,96.92700255041017,94.85918239098707,95.3046875,2908500
2016-01-26,94.9096260097195,95.97715680874188,93.94296042481348,95.79222869873047,4592500
2016-01-27,96.18729262703442,96.50670979835755,94.01019336248808,94.42208099365234,4720300
2016-01-28,94.38845619456939,95.19540989296448,92.97628561910348,93.62352752685547,3525600
2016-01-29,94.0858649658186,96.80093383789062,92.98471019884498,96.80093383789062,5280800
2016-02-01,96.52357069487593,97.63313336864506,95.91835352498349,97.41458129882812,4333500
2016-02-02,96.62440877115117,96.99426502941522,95.21223790962384,95.72499084472656,2997700
2016-02-03,96.13688482240073,96.13688482240073,92.71573344973265,94.775146484375,3462300
2016-02-04,94.70790495093223,96.28819541549505,94.17834321341813,95.99398803710938,3608300
2016-02-05,95.88470396990924,96.00238434220977,93.22007403366258,93.90934753417969,3330800
2016-02-08,92.88382675795589,93.40498718965708,91.48006367550865,92.4803466796875,5050200
2016-02-09,91.93398664731798,94.38006445381886,91.74065095184245,93.4386215209961,3680200
2016-02-10,93.5815124665225,96.22933337926207,93.5815124665225,94.7667236328125,3023200
2016-02-11,93.57310486076368,93.88412090369941,92.53919151713303,92.98470306396484,3955000
2016-02-12,93.47224766470978,94.06906353902218,92.64007744843838,93.993408203125,2552100
2016-02-16,94.67426678834103,96.89339146765951,94.59021029852272,96.79252624511719,3445700
2016-02-17,97.08673305723052,99.5160023150518,96.83455715937454,99.44035339355469,4466000
2016-02-18,99.60845446066577,100.8693209728261,98.39802055680028,98.72584533691406,3847100
2016-02-19,98.76786996679904,99.650479029614,97.5238122722625,98.91917419433594,4481400
2016-02-22,100.11278450590737,102.66814101684872,99.99510416244475,101.93683624267578,5054800
2016-02-23,101.40727168592377,102.3823446892007,101.09625569423767,101.83596801757812,2804400
2016-02-24,100.81049189294282,101.13831670915529,99.04527986416039,101.03744506835938,2559700
2016-02-25,101.03743591961806,101.90323632857952,100.71801870566938,101.87801361083984,2281700
2016-02-26,102.11337736082737,102.76902691211444,101.61743320466238,101.98728942871094,2877500
2016-02-29,101.79394820386955,102.39916511460832,100.0035201871826,100.11279296875,4526300
2016-03-01,100.44060443927944,102.7353838534049,100.3397392428986,102.27306365966797,3295600
2016-03-02,101.90321878434166,102.41596518765868,101.18032158130113,101.93683624267578,2670900
2016-03-03,101.59224641779107,102.43282432532659,100.94499783765245,102.39920043945312,3064100
2016-03-04,101.97886706530186,102.71017183502913,101.49133055215034,102.3823471069336,2873900
2016-03-07,101.77716172139974,103.17251753675758,101.62585746064047,102.3487548828125,2315400
2016-03-08,101.94526295245207,102.81946453450489,101.4829490629417,102.26468658447266,2522000
2016-03-09,102.87239798569773,103.07497380755463,101.66541108194977,102.21404266357422,2094000
2016-03-10,102.29842837718344,103.61514523369958,101.6316373405927,103.04962921142578,2638200
2016-03-11,103.37040745324401,105.77593942494795,103.18471613620622,105.59024810791016,3766200
2016-03-14,105.33701504582177,106.3667464572079,104.9656324924785,105.69151306152344,2856400
2016-03-15,105.11755144314137,105.90251494244116,104.72929082751274,105.37920379638672,2610300
2016-03-16,104.9909592834237,105.9700564604857,104.74618498915821,105.42142486572266,2140900
2016-03-17,105.17664850422265,105.47206352957649,103.15937762308056,105.10912322998047,3911400
2016-03-18,105.38765345767182,107.26143784161705,105.10911654880123,106.95758056640625,6948400
2016-03-21,106.55241831808125,107.19389540072231,106.0797543832737,106.97444152832031,2667000
2016-03-22,106.89849402663887,108.73007988591108,106.36674059283948,108.05484008789062,3984000
2016-03-23,108.16453916203157,110.02145151363572,108.05482188971006,109.54877471923828,6166400
2016-03-24,108.85670684172334,109.99617506886132,107.33742016524967,108.53596496582031,4153900
2016-03-28,108.73010195893637,109.30404753233586,108.04641331420268,108.81449890136719,1955100
2016-03-29,109.10991649249331,109.80202806382866,108.493753151236,109.58258056640625,2463100
2016-03-30,109.8020176979337,110.65451299566737,109.21118766132003,109.4559555053711,2578500
2016-03-31,109.42216820987964,109.70070505064824,108.2827004866559,108.79756927490234,3181800
2016-04-01,108.6203348201838,110.09741604117352,108.34179795873061,109.65850830078125,3901700
2016-04-04,110.14808333638729,110.31689008368234,108.78073194042936,109.29560089111328,2812400
2016-04-05,108.839801982197,109.27027397299427,107.10951038766532,107.22767639160156,4440000
2016-04-06,107.38806757069614,108.39247879375164,107.09264606552613,108.06330108642578,3021400
2016-04-07,107.62441032837197,108.40937411766602,106.54403144408897,107.08422088623047,3186600
2016-04-08,107.35429279134095,108.16457034277917,105.72528253996788,106.07978057861328,3642300
2016-04-11,106.2063490361773,107.14324095811854,106.2063490361773,106.62837219238281,3119200
2016-04-12,106.60307745038881,107.49776469588068,105.8434342987618,107.02510070800781,2887200
2016-04-13,107.74255779430963,108.59504672681565,107.42181594112411,107.83540344238281,2592400
2016-04-14,107.80161849769677,108.51906316428084,107.66656796860114,108.02107238769531,1674600
2016-04-15,107.94509894438404,108.08858529401844,106.53554293184149,107.4724349975586,2835200
2016-04-18,107.09262282388657,108.06327763413111,106.85629082269257,107.8775863647461,2717400
2016-04-19,109.80202433437294,110.82332643584823,108.98329806303555,110.14808654785156,4340100
2016-04-20,110.8148918447679,114.03915660314102,110.48571412831217,113.04317474365234,7321000
2016-04-21,112.73084643286136,113.1022289467798,111.7770697838551,112.22442626953125,3786000
2016-04-22,112.86591289908085,113.38078184260331,112.30040321998717,113.21197509765625,2782800
2016-04-25,112.85745024335269,113.16130746368228,111.91210951392391,112.9165267944336,2702100
2016-04-26,113.07691340357765,113.61710266163698,112.25818724820414,113.3048095703125,2638000
2016-04-27,113.38920430685621,113.59178010439234,111.32972877551882,112.0893783569336,3358800
2016-04-28,112.08094543331316,113.43142518215001,111.15250187522605,111.4732437133789,3332800
2016-04-29,110.6207534186214,111.31287786317827,108.82292990792952,111.14405822753906,4161100
2016-05-02,111.9290171624917,112.19910537015697,110.50257638579174,111.4985580444336,2887700
2016-05-03,110.882400960802,112.4523281978424,110.67983801352544,111.80242156982422,3632300
2016-05-04,110.58694812347292,111.76017194718044,110.2240015229361,111.4394302368164,2909300
2016-05-05,111.45634904318122,112.49452268923923,111.2875423097038,111.67579650878906,2054700
2016-05-06,111.49010376734068,111.65047466972337,110.23248267226658,111.4478988647461,2618600
2016-05-09,111.20314629000487,112.75618903714357,111.05122407477882,111.97966766357422,2191800
2016-05-10,112.19065042070312,112.76460869275873,111.90367772423856,112.73928833007812,2223500
2016-05-11,112.88279341744114,113.10224089014466,110.21560315321999,110.3084487915039,3450800
2016-05-12,110.57010110152834,110.81486894096705,108.67099631161659,109.50660705566406,3210400
2016-05-13,108.96644413116381,109.75140145228627,108.5022158276943,108.88203430175781,3137300
2016-05-16,108.67099548473462,110.4519342559991,108.48530420969256,110.26624298095703,2466000
2016-05-17,110.2071398450177,110.75576482954718,108.87354504542448,109.35464477539062,2294500
2016-05-18,108.97487958420021,110.798023708335,108.82294446762313,110.15653991699219,2246400
2016-05-19,109.46439896113095,110.67137934378563,108.67942897369637,109.7260513305664,2756000
2016-05-20,110.25781781447047,111.23690213858825,109.89487105846933,110.51947021484375,2538100
2016-05-23,109.8357680862658,110.73889108590384,109.73447375498857,110.08053588867188,3036500
2016-05-24,110.36752548578426,112.24975862058514,109.98770710294508,111.9121322631836,2702400
2016-05-25,112.43542074659783,113.35542818362339,112.07247411638228,112.61266326904297,2211300
2016-05-26,112.68021028626926,113.06847735182468,111.97121430130137,112.24130249023438,1499300
2016-05-27,112.24130282858943,113.54957751280614,112.2244311711306,113.10223388671875,1833400
2016-05-31,113.60870066386546,113.73530252801393,112.66335952140751,112.82373046875,3634100
2016-06-01,112.74772662256044,113.81966922293566,112.27506267002146,113.54956817626953,2618000
2016-06-02,113.32167213559612,114.91691941649268,113.11066052236045,114.8240737915039,4015000
2016-06-03,114.4611700683717,115.73567591064999,114.07290293120212,115.49934387207031,3625600
2016-06-06,115.56686015166187,116.80760969714574,115.22079795100221,116.60503387451172,2959900
2016-06-07,116.61348578529162,116.9004585492228,115.5331071265028,115.58374786376953,2943200
2016-06-08,115.86228554348789,118.91773025011965,115.63438934519144,118.50414276123047,6180800
2016-06-09,118.5800747533794,118.90080360426126,117.77822042836218,118.74043273925781,3682400
2016-06-10,118.37754505830154,118.49571107652785,117.01862940913372,117.52506256103516,2805800
2016-06-13,117.32246775808615,118.27624445902319,116.54594649539848,116.55438232421875,2804300
2016-06-14,116.37712393873288,116.6978528189501,115.92133166186314,116.3686752319336,2970700
2016-06-15,116.78841297440789,117.15299958826282,116.20336660540436,116.38141632080078,2369400
2016-06-16,116.33906564901153,117.76351553337861,115.63531495455061,117.5685043334961,3176100
2016-06-17,117.65323797188091,117.72955792160434,115.77940789928516,116.74600219726562,4430900
2016-06-20,118.04325801749859,118.56894572721016,117.12753517821736,117.44973754882812,3731700
2016-06-21,118.0263091780208,118.0517448481205,117.06820208278475,117.1699447631836,2021400
2016-06-22,117.39041453840507,118.31461190041844,116.69515118989825,116.924072265625,2375200
2016-06-23,118.1535183361048,118.68768042676388,117.01733550277737,118.01785278320312,2646800
2016-06-24,115.02474756951695,117.53449444211992,114.59231543797198,116.40679931640625,4475100
2016-06-27,115.44023124208006,116.49161961732408,114.87214643104714,116.25421142578125,3996200
2016-06-28,117.18689479958906,117.93302927962463,116.71206548239695,117.61083984375,4160200
2016-06-29,118.53503356065907,119.2811680194547,118.36545813537714,119.14551544189453,3704500
2016-06-30,119.28122316199699,119.81539828946586,118.90816222902457,119.72212982177734,4730800
2016-07-01,119.68819994322847,120.22236204386687,119.23033192807617,119.43383026123047,2882500
2016-07-05,118.83177760520196,120.32407227633988,118.73003494590606,120.02730560302734,3749300
2016-07-06,119.53558665183519,121.2144189826662,119.52711240531698,120.72264099121094,4083300
2016-07-07,120.71412307995384,120.96001848198094,118.6622303579033,119.38294219970703,3515500
2016-07-08,120.1460349285207,120.21386769489509,118.32307623165164,119.78144836425781,3605500
2016-07-11,119.78144520399348,120.06125050623909,118.71309533400535,118.9759521484375,4084000
2016-07-12,119.45925578563102,119.51012713015237,118.17045899405048,118.58592987060547,4310100
2016-07-13,119.51862478295624,120.05278688500306,118.63681160807536,119.95951843261719,3164700
2016-07-14,120.73107956675679,121.12111473363086,119.10313200936804,119.4168472290039,3000700
2016-07-15,120.10366223802937,121.0617824683191,119.60341003936375,119.83234405517578,3748700
2016-07-18,120.19693315115245,120.31563728441175,118.38244829260037,119.34056854248047,4166300
2016-07-19,119.34055035871371,120.9345881376971,118.1280735350074,120.90066528320312,5326200
2016-07-20,121.64680678761326,122.50317122327407,121.08719615625745,121.2652587890625,5489800
2016-07-21,121.00240893222298,121.86724756954543,120.51063109296163,121.1380615234375,3475100
2016-07-22,121.83338165283203,122.13862273440344,121.18050237934673,121.83338165283203,2697500
2016-07-25,121.71466787713129,122.00294750420227,119.90018296294839,120.17150115966797,2725600
2016-07-26,120.34952489636399,120.56149742494354,119.56946754372446,120.14602661132812,2668100
2016-07-27,119.69666236583511,120.68869238363885,118.62832533230298,120.12908172607422,2684100
2016-07-28,119.8577511500251,121.27372613651492,119.71361137822663,121.04479217529297,2517000
2016-07-29,120.27321804534532,122.01138243170494,120.06124551649401,121.41786193847656,3269700
2016-08-01,121.60438758179674,122.23183086691921,121.28218522757504,121.68069458007812,2494900
2016-08-02,121.93505169968284,122.0707171968156,120.6886524375453,121.39240264892578,2679100
2016-08-03,121.52809337951254,121.77397582356721,120.76498450302337,121.14654541015625,1963600
2016-08-04,121.33307223433614,121.65526165804995,120.62083475431892,121.00239562988281,1890900
2016-08-05,121.52814783116199,121.70619759234245,120.73960293258705,121.2398681640625,2000100
2016-08-08,120.91764200511908,121.30767725446545,120.28172424959207,120.51065826416016,1846400
2016-08-09,120.86675900083024,121.35853690355448,120.12908567785458,120.247802734375,2140700
2016-08-10,120.29018472001854,120.68869416953473,119.49316582098619,120.56151580810547,1866300
2016-08-11,120.60390890477039,121.29917215380387,119.92559414484602,120.93458557128906,1857500
2016-08-12,120.53606348407556,121.36699218543895,119.97645289553881,121.14654541015625,1787900
2016-08-15,121.2143608455277,121.34153917120778,119.96796150276388,120.07817840576172,2369600
2016-08-16,119.67972981915894,120.07823935894451,118.984466389559,119.6203842163086,1688500
2016-08-17,119.79838527455486,120.32408592870551,119.26422331486893,120.15451049804688,1849100
2016-08-18,120.12058773005906,121.11261758474436,119.78143686851362,120.5445327758789,1572700
2016-08-19,120.103657098261,120.61239645878767,119.73907047551441,120.43433380126953,1950200
2016-08-22,120.4936917753599,121.24831362938828,120.15454082843138,120.47673034667969,1587900
2016-08-23,121.01935644950767,121.13806055197902,120.18842773220818,120.40887451171875,2295500
2016-08-24,120.40040877017668,120.46824153891856,118.28915750808557,118.59439849853516,2529800
2016-08-25,118.4926807130133,118.4926807130133,116.18641784228856,116.41535186767578,3891000
2016-08-26,116.72900927481919,117.26318408986317,115.30456035173398,115.8387222290039,3082400
2016-08-29,116.33050355136467,117.04272803490444,115.72002172610932,116.38986206054688,2315900
2016-08-30,116.38990699119546,116.74601937043741,115.51658100305416,116.05074310302734,2026600
2016-08-31,115.77943683866367,116.00837086950152,114.93154643770353,115.3554916381836,2837300
2016-09-01,116.00835151177246,116.14400412057702,114.76195179531904,115.0926284790039,2765400
2016-09-02,115.73706141592761,115.97446973765557,115.10961774405615,115.83032989501953,2390500
2016-09-06,115.83872861507905,116.03375263188491,114.9993257883334,115.28760528564453,2242400
2016-09-07,114.99373523814799,115.81147418541678,114.31228828167725,114.98522186279297,2816300
2016-09-08,114.54230068539319,115.52187193163186,114.49119442872293,115.3685531616211,2826700
2016-09-09,114.7467612505361,115.12154487224808,113.81828308105469,113.81828308105469,3322300
2016-09-12,113.04318055020781,115.60711194405523,112.77059639001675,115.44526672363281,3457400
2016-09-13,114.3464037996008,115.12153712171853,113.6053239896307,114.09937286376953,3331500
2016-09-14,114.031233227096,114.72972019091534,113.27312661863506,113.87791442871094,4592400
2016-09-15,113.3157065247926,115.92222977893063,113.18794087410856,115.51336669921875,3302900
2016-09-16,115.51335188803469,118.01766230052147,115.44520588389993,117.94951629638672,7421900
2016-09-19,118.12837098312451,118.7331585583034,117.14028656085388,117.27656555175781,3239500
2016-09-20,117.65991976856989,118.00063683296294,116.74848147515804,117.09772491455078,2425700
2016-09-21,117.71954635065877,119.21873271648553,117.54067443043311,119.17613983154297,3506600
2016-09-22,119.67018153187898,120.45384117727659,119.53388950723864,120.13866424560547,3018300
2016-09-23,120.12163929337815,120.76900692385072,119.55944443144186,119.68721008300781,2802000
2016-09-26,119.21020152174444,119.39759980989695,118.31580296420258,119.01428985595703,2636500
2016-09-27,119.24427845868952,119.9683054677524,118.1369285064208,119.92571258544922,3048600
2016-09-28,120.21532896731755,120.70937777699329,118.96317369051499,119.6020278930664,1990400
2016-09-29,119.40612355796584,119.4913093318056,117.41290122634827,117.82177734375,2201000
2016-09-30,118.55434340216952,119.66169371351052,117.90697557282152,119.2528305053711,4164100
2016-10-03,118.6991290416679,119.01429299025935,117.57473928314148,117.9665756225586,2724400
2016-10-04,118.13692653137068,118.70763475162819,116.83366493932301,117.68547058105469,2452600
2016-10-05,117.72805989237692,118.34134797810411,116.35665233087786,117.20845794677734,4625600
2016-10-06,116.96144725432931,117.11477905040354,115.55597294419199,116.24593353271484,4025300
2016-10-07,116.87624865644405,117.16585943251852,115.82851844105215,116.40775299072266,2568700
2016-10-10,116.671789772543,117.8472854149293,116.671789772543,117.61729431152344,2586000
2016-10-11,116.9699852807665,117.28514928530369,114.45714763126202,114.78083801269531,3353600
2016-10-12,114.97672345788476,115.60706432051586,113.83530700172173,115.07894897460938,4287900
2016-10-13,114.69560284479223,114.69560284479223,113.8097308632514,114.30377960205078,3425700
2016-10-14,114.80636779220688,115.42818229540943,114.0482612616516,114.07381439208984,3452900
2016-10-17,114.19306054342914,114.50822446695003,113.31570178536637,114.25269317626953,3602500
2016-10-18,118.57138807008386,122.6174664154901,117.4384845736668,122.14045715332031,10141900
2016-10-19,122.50666845336652,124.67024861976559,121.65486298670989,122.97515106201172,5796000
2016-10-20,123.0773700579292,124.26137907416631,122.6429409744591,123.57141876220703,5203700
2016-10-21,122.881453105783,123.88659032467761,122.45555036841682,123.82695770263672,3331800
2016-10-24,124.36362023807465,124.55101851385162,122.67704875360425,123.24775695800781,2930200
2016-10-25,123.40955572400085,123.83545837296826,122.3192459824457,122.47256469726562,3095400
2016-10-26,122.4470768738095,122.47263000657252,120.86271765488044,121.15232849121094,3267600
2016-10-27,121.56966533784775,122.02112115117102,120.59860772083866,120.90525817871094,3358000
2016-10-28,120.66682031444624,121.25456843290806,118.77581028005864,119.55095672607422,4033600
2016-10-31,119.93424044767096,120.56456832249235,119.22724018474392,120.38569641113281,3761100
2016-11-01,120.53899954778396,120.53899954778396,118.24765352011258,118.76724243164062,3391400
2016-11-02,118.41805168023033,120.30053531062504,118.34137927640458,118.38397216796875,3149700
2016-11-03,118.55432609922562,119.54242395574995,117.25106425300092,117.4043960571289,2989700
2016-11-04,117.93249003509129,118.30728660194103,117.28512241804714,117.30216217041016,3520700
2016-11-07,118.9120634810708,121.33118819491101,118.86947060281216,120.89675903320312,3896600
2016-11-08,120.40271145855021,122.32778719080876,120.1045743374279,121.7229995727539,4389300
2016-11-09,118.86095397831436,122.82185802587549,116.0329659957707,120.8712158203125,8042400
2016-11-10,121.24596991577994,124.84911589011513,120.95635921733994,124.47431945800781,6075500
2016-11-11,124.96839777006181,125.6413184346329,124.37212348794829,124.72136688232422,4475400
2016-11-14,125.48803281884501,130.25813735299508,125.24951524448912,129.71298217773438,5740400
2016-11-15,130.76070529513552,131.14402830789354,129.05709367407835,129.67039489746094,4910700
2016-11-16,129.46597352257558,130.32629273669554,128.81859276965014,129.048583984375,3899000
2016-11-17,129.3211410931248,129.40631386031674,127.93269371291544,128.42674255371094,4683000
2016-11-18,128.66527028941417,129.18487235377626,127.2597829034224,127.30237579345703,5664800
2016-11-21,127.53233871138833,128.33303807533127,126.54424107088333,128.12008666992188,3867800
2016-11-22,128.690768148024,130.26660042224452,128.24782567746402,129.69589233398438,4992100
2016-11-23,129.48302328132525,130.95665699565052,128.58863739385015,130.78628540039062,2697200
2016-11-25,131.11844694872886,131.60398244315573,129.994070168121,130.1644287109375,1664500
2016-11-28,130.10477209818703,130.19847121973834,127.7708204325126,129.56813049316406,5029600
2016-11-29,133.68240017182438,134.68752474573603,132.1832136920584,134.23606872558594,5827400
2016-11-30,134.6679287121579,136.6263249159912,134.32585498942032,135.3948516845703,7142400
2016-12-01,136.07906238910792,138.30258176837762,136.07906238910792,137.63552856445312,5250200
2016-12-02,137.6868090978574,138.98671306115094,137.3105200782767,137.45590209960938,3480000
2016-12-05,136.99403593058545,137.4045269159331,133.60744941596627,134.8047332763672,5854200
2016-12-06,135.2665215098525,135.3178312471226,133.63309194397078,134.53961181640625,3216700
2016-12-07,135.02710764063903,136.81446695139851,133.71010947725725,136.31845092773438,4552300
2016-12-08,136.32697986993097,137.03679506543173,135.1211487649499,136.25001525878906,3407500
2016-12-09,136.42107828730786,136.968404042703,134.8731732470158,136.93418884277344,4007200
2016-12-12,135.83099812964812,136.54081350370768,134.90738341578538,136.3954315185547,3471200
2016-12-13,137.173653626866,138.29397314866347,136.89144997669197,137.2933807373047,3868900
2016-12-14,137.80648924353943,138.370922580437,135.73691339085656,136.7118377685547,3885700
2016-12-15,136.72037272735363,137.93475119022938,136.34408386998604,137.3617706298828,4422700
2016-12-16,138.0117768088325,140.25239008441199,137.84928719585017,140.20108032226562,7605300
2016-12-19,139.47411793251106,140.20104082286093,137.8749032328708,138.1485595703125,4732600
2016-12-20,138.29399304683045,139.4912643234843,138.0374311877537,138.1913604736328,3131200
2016-12-21,138.04595877258546,138.78997631342273,136.50660088699425,137.968994140625,2767700
2016-12-22,138.02031069575074,138.4393621280879,137.06249376386805,138.18280029296875,2741700
2016-12-23,138.16569503465038,139.43138358029168,137.30195032601634,139.42283630371094,2044400
2016-12-27,139.61954324092994,140.2181919478836,138.92683533352894,139.08932495117188,1344000
2016-12-28,138.67877706772734,139.6109388569065,137.9604145723566,138.0630340576172,1669100
2016-12-29,138.47349427075181,138.84978303210426,137.16504392740282,137.72091674804688,2476300
2016-12-30,138.00321316444783,138.0972854092139,136.7033223903975,136.8657989501953,2855600
2017-01-03,137.79796835934036,138.77289292375463,136.10466802434922,138.07162475585938,3539700
2017-01-04,138.84133113409402,139.03802292199774,136.6092649475923,138.4650421142578,2695200
2017-01-05,138.32813332068824,139.08071095748912,138.12288131539552,138.69586181640625,2961100
2017-01-06,138.3281752439142,139.3458622068541,137.78084944652755,138.89260864257812,3081300
2017-01-09,138.54196901980535,138.90969761219318,137.49862722151659,138.49920654296875,3040800
2017-01-10,137.91769118141386,139.3800714578221,137.25918551610602,138.18280029296875,3500700
2017-01-11,137.94335836340127,139.3458817312988,137.35327000477932,138.4479217529297,3330600
2017-01-12,138.27688800644515,139.34588489801666,137.59272738598366,138.84986877441406,2555900
2017-01-13,138.67879745363277,139.17481345409593,138.0373994779214,138.3709259033203,3183300
2017-01-17,139.0635972671172,139.371468736928,134.7020869530093,137.39596557617188,5475800
2017-01-18,137.73809821519228,137.8578253353572,133.48776587542062,134.8988494873047,6591600
2017-01-19,134.89883595908555,137.3019384473671,134.4712372800525,135.71981811523438,4976900
2017-01-20,135.99344887593733,136.66050158167025,134.95865462514675,135.68557739257812,3579100
2017-01-23,135.6514208341017,136.42110639982337,133.8897161036762,136.03627014160156,4062600
2017-01-24,136.28427104282247,137.95190352028905,136.06192439558626,137.19932556152344,3514100
2017-01-25,137.5328322596158,138.52485118282925,137.13088849575027,137.8920135498047,3605800
2017-01-26,138.4222245943116,139.8931648783649,137.90055376044066,139.183349609375,4202400
2017-01-27,139.82475675951974,140.08131855608949,139.07217896938857,139.38861083984375,3110400
2017-01-30,139.3458345866859,139.7905407868148,137.9518589676076,138.61891174316406,2784600
2017-01-31,138.2169526570167,138.70442127306615,136.84008478879667,138.62745666503906,3037000
2017-02-01,139.18334154994065,140.16681309079922,138.56759853416494,139.14913940429688,3718500
2017-02-02,138.9866464457791,139.61093672034926,137.05389250779413,137.4814910888672,4714000
2017-02-03,137.79796365603278,138.54198123132124,137.0111836001385,138.43080139160156,2762300
2017-02-06,138.12291276362646,138.99521767313894,137.01971397602048,137.26771545410156,3479400
2017-02-07,137.7295574197343,138.26832296119093,136.43820086724688,137.28485107421875,2942700
2017-02-08,136.8315249194847,137.37030322462192,136.32696180316916,137.0966339111328,2339700
2017-02-09,137.09666015477396,137.9433100750203,136.45526225893468,137.2078399658203,3056800
2017-02-10,136.93421336681718,138.19135467923053,136.9171188130662,137.47299194335938,1905900
2017-02-13,137.4216879094378,138.5591021465981,137.4216879094378,138.533447265625,3275800
2017-02-14,138.07163844091573,139.82479598514175,137.90060154497925,139.5083770751953,2969400
2017-02-15,139.03800115706798,141.01350515268447,139.03800115706798,140.50038146972656,4537900
2017-02-16,140.91939521148677,141.08188476926094,138.82416465696602,139.95301818847656,3191600
2017-02-17,135.97636475264147,136.96839670907787,133.82982432126633,134.7961883544922,12033600
2017-02-21,134.79618839685034,137.53283007743474,134.71067650012873,137.31903076171875,5419000
2017-02-22,137.6097946992666,138.35381214219035,136.52369052163243,137.31903076171875,2725300
2017-02-23,137.9689346002887,139.05503845214844,137.42160903819578,139.05503845214844,2459600
2017-02-24,139.11492941861871,139.47411068305874,138.3196022722031,139.44845581054688,2715700
2017-02-27,139.5340168003353,141.5009735131423,139.23469247800136,141.43255615234375,4071800
2017-02-28,141.50952078976314,142.6127197406061,141.0220519875525,141.43255615234375,4382100
2017-03-01,142.57849964599205,144.18627479927855,142.2620808102274,143.62184143066406,3514200
2017-03-02,143.9468265366199,144.04088571933156,142.7837575998958,143.08306884765625,1889800
2017-03-03,143.08297631258418,144.0579001548268,142.49288842530908,143.84410095214844,2254400
2017-03-06,143.18571555622506,144.82770628998844,142.92916673777327,144.27182006835938,2576500
2017-03-07,144.05802294639417,144.8362558393145,143.61331657197127,143.92974853515625,2702300
2017-03-08,143.788092547146,144.60356892243746,143.178646422149,144.13145446777344,2048200
2017-03-09,144.33744328251268,145.12716906761443,143.98551536066472,144.21726989746094,3631400
2017-03-10,144.569170669893,145.92542026528463,144.2601516089441,145.9082489013672,3716600
2017-03-13,145.9169281038697,146.72379931813077,145.53923646004665,146.10577392578125,3130200
2017-03-14,145.63361232462304,146.0799631250213,144.6378825121964,145.1185760498047,2522600
2017-03-15,145.37607908438514,147.61646438063775,145.3159858494688,147.453369140625,2807600
2017-03-16,147.7023267550574,147.76240689963996,146.11430912055212,147.04136657714844,3138600
2017-03-17,146.86113906185184,147.24740983049858,145.5735611010825,145.66798400878906,5622900
2017-03-20,145.86537138710264,146.13148176603136,144.140022079373,144.2086944580078,3928600
2017-03-21,144.78380643064338,144.912572048333,143.40180596077394,143.951171875,4953100
2017-03-22,144.32026628476592,144.53486252293496,142.17430390307567,143.37603759765625,2999800
2017-03-23,142.6893456041467,143.29021252971222,141.4361107448124,141.88246154785156,3947400
2017-03-24,142.60352429964325,143.69366397248072,141.0755998325619,141.633544921875,5243900
2017-03-27,140.76660662384194,141.7279939450243,140.18289782318126,141.29022216796875,4383000
2017-03-28,141.27301505466838,142.55201351210783,140.63780539363302,141.93397521972656,7327100
2017-03-29,141.34171036334243,141.60780768002908,139.69361234890238,140.2944793701172,5900400
2017-03-30,140.47467803161078,142.43179447755935,140.3115959093764,141.6249237060547,2993800
2017-03-31,141.32447804107065,141.71934082638208,140.56051606545583,140.78369140625,3496100
2017-04-03,141.3073495444299,142.6120985506777,140.98975125196898,142.13998413085938,3473700
2017-04-04,142.38028339480098,142.8781481533833,141.45322623377658,141.6077423095703,2886000
2017-04-05,142.2859263209629,143.5735041235348,141.82240407512123,141.95115661621094,3541600
2017-04-06,142.01977686534678,142.509062537697,141.49616156061543,141.92535400390625,2923600
2017-04-07,141.59916266767425,142.92106949936155,141.30730188064933,142.50904846191406,2927800
2017-04-10,142.65502192849686,143.35031176414122,141.87388834364725,142.04556274414062,3234900
2017-04-11,141.5391090070985,142.35457217715964,141.2901831080797,142.3459930419922,3172900
2017-04-12,142.7665929891063,142.85242362645042,141.29016980847112,142.1142120361328,2978700
2017-04-13,141.59063567063276,142.19150268914026,141.35028886322976,141.59922790527344,1979800
2017-04-17,141.6249241415739,143.71079308462546,141.599173643357,143.50477600097656,4396700
2017-04-18,145.97694535722266,146.12286922982773,143.95115631167357,144.71511840820312,5526200
2017-04-19,145.57350974528606,146.94693099142242,144.80096848053168,145.2816619873047,4703400
2017-04-20,145.51343192357447,147.80531834996015,144.52628129409237,147.2473602294922,3652100
2017-04-21,147.7538382463898,148.17443858205723,146.32891577138778,146.92120361328125,2982300
2017-04-24,148.20874467194082,148.6379371355353,147.38468937875706,147.92547607421875,2830300
2017-04-25,148.9298644953899,149.99426708945595,148.66376712135374,149.3933868408203,3394700
2017-04-26,149.43622644553005,150.77530481490416,149.34180358112985,149.68516540527344,2817500
2017-04-27,149.41911717749275,151.13588756745648,149.37619529815993,149.89981079101562,2438600
2017-04-28,149.8825970195257,150.21736662694914,149.28173017260087,150.11436462402344,2010800
2017-05-01,150.2173737297816,151.19593209759043,149.436240242887,149.8654327392578,2709700
2017-05-02,150.14019321242515,150.53504316094444,146.15728548684336,149.47923278808594,4951000
2017-05-03,149.14441039599893,149.61652481827474,147.52206308884547,148.1057586669922,3622200
2017-05-04,148.54358587454982,149.53931601357675,147.96846926785003,149.376220703125,2585200
2017-05-05,149.82246459392482,150.11432535572487,148.76665504638007,149.46194458007812,2189000
2017-05-08,149.2989247799074,149.83971162272255,148.98991869591944,149.73670959472656,2505900
2017-05-09,149.44481553791428,150.01993184611956,148.2688193245591,148.70660400390625,1653700
2017-05-10,148.5349481670602,149.04998445314146,148.03709634787634,148.83538818359375,1568700
2017-05-11,148.2946076646876,149.23883652979765,147.3589710333896,148.7753143310547,1901300
2017-05-12,148.1915717717137,148.83536046044009,147.23018485454824,147.47911071777344,2335400
2017-05-15,147.46191433932592,147.6421809046746,146.12283618957736,147.23873901367188,2831400
2017-05-16,146.50056030422087,146.7838289142262,143.56488529768615,144.31167602539062,4343700
2017-05-17,144.31165938083456,146.26019669272347,143.0498325808537,144.94686889648438,4442300
2017-05-18,144.42327561218272,149.34181797304456,144.09708512229028,147.17010498046875,3908000
2017-05-19,147.8997252577771,148.45767022009028,146.14003354122207,148.14865112304688,3877300
2017-05-22,148.26878939903284,150.13148267446806,148.15720829172596,149.95980834960938,3480300
2017-05-23,149.73664985416025,150.66370703000962,149.11003260398985,150.40618896484375,2471500
2017-05-24,150.6036425443479,151.16160064166397,149.80535079770547,150.72381591796875,1612300
2017-05-25,151.35046197245217,153.41916003869073,151.02427145421052,152.83546447753906,3212200
2017-05-26,152.51786057727125,153.55651232699248,151.9341649874835,152.3633575439453,1583600
2017-05-30,152.3976468598069,152.86118203296448,151.281756986613,151.58218383789062,2285700
2017-05-31,151.83970059438778,151.84827972792158,150.14868133635025,150.37185668945312,3320400
2017-06-01,150.88689277918894,154.1487579345703,150.38044884476162,154.1487579345703,2890600
2017-06-02,154.44059965805488,154.44059965805488,153.0843500319306,153.98565673828125,2610100
2017-06-05,154.10583532387398,154.78396670891257,153.78823711194488,153.96849060058594,2640600
2017-06-06,153.81396344996983,155.41913872028522,153.2045045223061,155.213134765625,3443900
2017-06-07,156.22608825577998,157.48791540106387,154.20887803089286,157.26473999023438,3783600
2017-06-08,157.26474047901596,157.7368418073181,155.35053226888274,155.95999145507812,3079900
2017-06-09,156.0887048165244,156.56939825791062,155.24749129409855,155.7625274658203,2392200
2017-06-12,155.76251472511967,156.0715337832935,151.43624791068595,153.865478515625,3705600
2017-06-13,153.8312490994278,155.70252293336313,153.7797349745792,155.41067504882812,2458500
2017-06-14,155.31617489919273,156.94710106450728,155.31617489919273,156.5350799560547,2039300
2017-06-15,156.65575426701307,158.1641315433117,155.22494752272834,155.47491455078125,3078700
2017-06-16,155.86280626255385,157.2677563962943,155.47494038602667,156.55235290527344,4473300
2017-06-19,157.12982141498563,157.7504119873047,155.8024420206341,157.7504119873047,3887100
2017-06-20,157.51768937545538,158.0951808307662,157.06086758017955,157.9658966064453,2742600
2017-06-21,158.15553846929666,159.55186084330174,157.48323412981213,159.38809204101562,2866300
2017-06-22,159.37084575581687,162.61171085142777,159.2674183683425,160.74993896484375,3841300
2017-06-23,160.55171874574262,160.55171874574262,158.7158034774305,159.67254638671875,3438500
2017-06-26,159.56911355758572,160.22417565754736,158.06935054345263,159.56048583984375,2327400
2017-06-27,160.07767756022267,161.00856375309198,158.78478226212826,159.11231994628906,2682800
2017-06-28,160.0431520049869,160.58617209977925,159.5346164744395,160.06039428710938,2451200
2017-06-29,160.16379177407975,160.39650333614307,158.87951171734198,159.68972778320312,2193600
2017-06-30,159.58635173001682,160.48276639338926,159.396726057073,159.81907653808594,2392000
2017-07-03,160.56890090469977,161.63769861970815,160.09485002375766,160.8791961669922,2087000
2017-07-05,160.43961311084345,162.3530983269341,160.07760417158374,162.25828552246094,2587400
2017-07-06,162.1462518980567,162.20659330525487,160.4482489081426,161.12918090820312,1844700
2017-07-07,161.48261443083584,162.4134873935156,161.18954819235222,162.00839233398438,2252500
2017-07-10,161.4653702944991,162.04286189428544,160.4482859180324,161.13783264160156,2612000
2017-07-11,161.18087733566358,161.749754176859,159.53458821281268,160.27584838867188,2664500
2017-07-12,160.99986612151488,161.43945874926612,160.6723417315888,160.91368103027344,3342800
2017-07-13,161.180864451389,161.42220373102754,159.73282877355786,159.8707275390625,2379300
2017-07-14,160.15519559293247,161.2929493950533,159.25879426714582,161.09469604492188,2716700
2017-07-17,161.24127249600105,161.3964136033226,160.1121330006741,160.6206817626953,2444600
2017-07-18,161.1377903224148,161.35327279493796,158.47443011851013,161.05160522460938,4235800
2017-07-19,161.6204780854894,163.25815286037135,161.6204780854894,163.0685272216797,3401600
2017-07-20,163.25814003841683,165.42157928011437,162.83578966686372,165.0595703125,3099600
2017-07-21,164.95613664582956,166.3524587750927,164.28383242418394,165.3009033203125,4911500
2017-07-24,165.3095298675972,165.63706743850378,164.31831574259945,164.53379821777344,2356500
2017-07-25,165.60264460673747,165.9043122692674,164.02531084753275,164.1114959716797,1960100
2017-07-26,163.7838809556605,165.08539003360318,163.2322464882937,164.4130859375,2683500
2017-07-27,163.97352995529704,164.18901240538716,162.4392959628158,162.84439086914062,2631400
2017-07-28,162.99957274833002,164.83548774346374,161.69806326352114,164.75790405273438,1925000
2017-07-31,165.1371565846892,166.01632881955564,164.74929073613285,165.3267822265625,3767100
2017-08-01,166.69723814756782,166.69723814756782,165.16300397084055,165.68878173828125,3336800
2017-08-02,165.61115699142718,166.74028269156156,165.61115699142718,166.3524169921875,2463800
2017-08-03,166.57649920939875,168.04178995818066,166.3610168230486,167.87802124023438,2886100
2017-08-04,168.03325917213976,168.97275976207865,167.73159154843916,167.97293090820312,2892300
2017-08-07,167.9125755969772,168.4297388405367,167.12821616664814,167.88671875,2074800
2017-08-08,167.80053242173543,168.0677417795097,167.28338229341713,167.9901580810547,1741000
2017-08-09,167.9901225620012,168.38661608002016,167.3609174538463,167.92979431152344,2125900
2017-08-10,167.4385232648408,167.55057837763232,165.8353328794009,165.98187255859375,2698600
2017-08-11,167.13685290753259,167.67985987537915,166.05944038528614,166.36973571777344,2210700
2017-08-14,167.73154877891272,167.86083299153154,166.2662575585377,166.9644317626953,2322000
2017-08-15,167.61948312492683,168.0849194130142,167.05060632126094,167.6453399658203,1595200
2017-08-16,167.91254501881437,168.30903852027313,166.20592766906842,167.01614379882812,1881600
2017-08-17,166.99890100292293,167.4212513453425,166.05940066472968,166.0938720703125,2440900
2017-08-18,166.214553842874,166.5248491237757,164.30969618534357,164.4734649658203,2858500
2017-08-21,164.5251435385575,165.7576966830654,164.5251435385575,165.516357421875,1930500
2017-08-22,165.6198001216757,168.04183382418523,165.11126471362041,167.89529418945312,2021900
2017-08-23,167.6453769617587,167.7229475015574,166.9730726461549,167.42127990722656,1547000
2017-08-24,167.68842601631462,168.13663314354625,167.39537307435697,167.86080932617188,1923700
2017-08-25,168.36074640514133,168.5417442947857,167.33504785714058,167.52467346191406,1375000
2017-08-28,167.72298085780636,168.77453666867743,167.5247406104484,168.15394592285156,2009900
2017-08-29,167.92979761942527,169.83465526097962,167.4988326857878,169.5674591064453,2072200
2017-08-30,169.26583442758806,169.69679947041053,168.24875008748222,168.83486938476562,1506700
2017-08-31,169.73984800587272,171.9463995860124,169.274411649191,171.43785095214844,2990200
2017-09-01,172.20498838078333,172.37738490185686,170.97243479755738,172.17051696777344,2241800
2017-09-05,171.6964774438287,172.76527552841196,171.2741401018963,171.79129028320312,2700800
2017-09-06,171.98948321060607,172.3773621798851,170.34320712822563,170.98965454101562,3040200
2017-09-07,171.1107730907797,172.59025912777216,170.50513514575596,171.45684814453125,2684600
2017-09-08,171.68182091908022,172.05386419853195,170.44458987770128,171.09349060058594,2206000
2017-09-11,172.3912704635245,173.40355388025966,171.98462500527398,172.67678833007812,3307900
2017-09-12,172.55570449800084,172.58165947409535,170.36674683456062,170.85125732421875,2554700
2017-09-13,171.1367357300594,173.69772292720515,171.11942801602098,171.5952911376953,2394400
2017-09-14,171.26650185518332,171.6385450775082,170.52242861245048,171.07615661621094,2378600
2017-09-15,171.75967820340955,172.78926933779562,170.6176067327542,171.4654998779297,4198700
2017-09-18,171.45684389849404,172.01923234930936,170.88580819222005,171.47415161132812,1915200
2017-09-19,171.69046517208258,171.82890048169162,166.45599719451076,168.41134643554688,3819000
2017-09-20,168.73147469836778,169.44093253556284,167.90087606744558,169.36306762695312,2788500
2017-09-21,169.25921094348223,169.6918112775794,168.62760495032188,168.8958282470703,1895000
2017-09-22,168.80935463300958,169.46690258966106,162.8740757021865,167.00973510742188,5660200
2017-09-25,167.21739185975946,169.847596947672,165.18416433972266,165.90228271484375,3105900
2017-09-26,166.38676959189576,168.16043393470554,166.153161671137,166.7241973876953,2775400
2017-09-27,167.15681736498735,169.25060203548279,165.89363139777268,168.27293395996094,3267200
2017-09-28,168.06525157159297,170.0552160066463,167.42499824148754,169.66587829589844,2088400
2017-09-29,169.42359947972759,169.65719415241358,168.26422056254597,169.44955444335938,2646300
2017-10-02,170.0898303512287,171.2319017995279,169.8648828850109,170.82525634765625,2893600
2017-10-03,170.8771619882164,172.55565369169847,170.6695090386799,171.85484313964844,2533800
2017-10-04,172.20095132200808,173.67179035897374,171.68182544923465,173.4554901123047,2286400
2017-10-05,172.97960809837235,172.97960809837235,170.0638853152987,171.22325134277344,4069000
2017-10-06,171.2232742649353,173.03155440577436,170.88584639976892,171.36170959472656,3361900
2017-10-09,171.31844505541588,171.58666845471222,169.3890505242271,169.83895874023438,3365400
2017-10-10,169.80435138093773,169.95143397352743,167.56348385549202,168.4373321533203,2499100
2017-10-11,168.3940650694083,169.63995654931796,167.49424868862076,168.9391326904297,2935600
2017-10-12,168.72284828496814,169.02567392655448,166.75019099064812,166.91458129882812,2954700
2017-10-13,164.0334659891219,166.7329022767905,160.9273973485437,166.56851196289062,5435000
2017-10-16,166.53388406053503,167.26066293083895,165.56486316935585,167.15682983398438,2927400
2017-10-17,170.27152167532796,178.76778674591645,169.89947846284642,176.40579223632812,8949700
2017-10-18,176.32799999472462,179.7888046532985,176.2241668776604,177.5652313232422,4796300
2017-10-19,177.7728437606731,178.01509897530005,175.37623338534314,175.8520965576172,3471800
2017-10-20,176.72592993581117,180.14348403019378,176.2327722910051,179.52053833007812,5138800
2017-10-23,179.5984260362691,180.35114668530966,178.05836930494493,179.10525512695312,2261400
2017-10-24,178.56018698408076,180.16080091633057,178.12758648316142,180.09158325195312,3459900
2017-10-25,180.2386769255683,180.94813487375515,179.15717568595707,179.58111572265625,2908300
2017-10-26,179.89256321875095,183.16302144960827,179.59839809155412,180.95675659179688,4346000
2017-10-27,180.95680287707094,184.08883980336776,180.43769014369468,183.94175720214844,4385300
2017-10-30,183.60430175808364,184.08881218397732,181.1557814540176,181.1644287109375,2477400
2017-10-31,181.16444989348878,182.14213131842985,179.7887833729947,181.882568359375,3749600
2017-11-01,183.09385060737404,183.96771215829662,180.75781030263786,181.28558349609375,1902900
2017-11-02,181.78733685389625,182.98131815779948,180.8356107128261,182.64389038085938,2825900
2017-11-03,182.31514670960274,185.00592221386697,181.77872634089323,184.17532348632812,2196900
2017-11-06,183.34472816568368,185.0924245000194,183.24955553742436,183.5264129638672,2293700
2017-11-07,184.0628441888341,184.75499434718742,182.46221724332653,184.02822875976562,1845800
2017-11-08,183.49177880345266,184.22719152845713,182.29779752978956,182.35836791992188,2261100
2017-11-09,182.2026395152116,183.21492290149249,180.93945369722016,183.04188537597656,1839700
2017-11-10,182.9554088181232,183.25822124622547,181.86524711158035,182.61798095703125,1384700
2017-11-13,181.96039448274317,184.7549896212688,181.64027438259734,183.99362182617188,2662200
2017-11-14,183.60432294255966,184.02826301317185,182.48820618092242,183.17172241210938,1993900
2017-11-15,182.45355345631162,183.40526643877905,181.36339197203202,181.571044921875,1816300
2017-11-16,182.0209601982418,183.43122861535292,181.60565428223603,182.66986083984375,1919600
2017-11-17,182.090190717167,182.95539163377026,180.95676642680536,181.6056671142578,1887500
2017-11-20,181.69217757180812,182.2805078098823,181.32879480089457,181.90847778320312,2040400
2017-11-21,182.66991054239915,184.15805747486877,182.3411299032495,183.94175720214844,2327200
2017-11-22,183.6475295246816,184.12339263737525,182.34972823656298,182.7477264404297,2257800
2017-11-24,183.4225981013215,184.22722863342997,182.55739716688132,183.8638458251953,744000
2017-11-27,183.63891714391093,185.36931919002552,183.25822658145853,183.76869201660156,2856300
2017-11-28,185.0491673766782,187.151599166088,183.86383320057894,187.0045166015625,2905700
2017-11-29,188.35425059635796,194.03862736858187,188.0600854317892,192.83599853515625,4247200
2017-11-30,194.31182009124083,198.58298030762205,192.97490430304504,198.0794677734375,6846400
2017-12-01,198.7044953810566,198.99097730464172,191.9244629290235,196.8727569580078,3325800
2017-12-04,199.0257105540233,201.20470597001665,192.20226885502407,192.21963500976562,5591500
2017-12-05,191.85496614003313,194.21625909070661,190.25762480472184,191.06497192382812,3246300
2017-12-06,191.8723574281968,192.6883943521602,190.14478961583825,190.93478393554688,2397500
2017-12-07,191.49904125396574,191.51640740411239,189.41555361707339,191.1170654296875,2661600
2017-12-08,191.46431972530786,194.74581999656712,191.17783786080224,194.38121032714844,2233300
2017-12-11,193.16585081285805,195.17122406473078,192.7578323511192,193.39157104492188,1599500
2017-12-12,192.20225052494953,193.9558610847517,192.0807139463391,193.1485137939453,2294100
2017-12-13,192.49739963680557,195.28406416576425,192.05464888709832,194.76319885253906,3059400
2017-12-14,195.3274949930482,197.03769678670682,191.8636826464338,192.07203674316406,2811700
2017-12-15,194.24233342523553,194.24233342523553,191.53379652316696,192.56686401367188,6293400
2017-12-18,193.2439563676809,195.16249850877801,192.88802317981566,193.30471801757812,3194100
2017-12-19,193.58258500984246,194.27707221161958,191.72480392745072,192.7578582763672,2340200
2017-12-20,193.6867344972216,195.23199087312545,192.48872168465846,193.05300903320312,2633200
2017-12-21,193.69546445214291,194.40733117406216,192.1762502615312,192.4540557861328,2955300
2017-12-22,192.72315257679332,193.02700068350796,189.6413157308834,190.98690795898438,1959700
2017-12-26,190.19691284247196,191.35151709903192,190.19691284247196,190.63966369628906,1482400
2017-12-27,190.96954079030277,192.2370051830347,190.33581521718438,191.3515167236328,1861900
2017-12-28,192.25433317149793,193.4089239500864,191.1170820515815,193.39157104492188,1452600
2017-12-29,194.41593753840982,194.41593753840982,191.38619995117188,191.38619995117188,2350200
2018-01-02,191.87234466498393,193.1137528735263,190.98685643974565,191.99388122558594,3485000
2018-01-03,192.39325710339395,194.29444703232494,191.43833053510775,194.00796508789062,2417600
2018-01-04,194.7545121409858,196.28241554146285,194.6069329709838,194.85000610351562,2749100
2018-01-05,195.49243559047025,198.8433877309618,195.08441710665832,198.56558227539062,2432800
2018-01-08,198.0447059548668,198.54821838035207,194.988912345177,195.11912536621094,2850800
2018-01-09,195.11914005546066,196.74253757002253,193.85168906700417,196.09144592285156,2672200
2018-01-10,195.17990153153175,195.33615715777944,193.617279036592,194.6329803466797,2311600
2018-01-11,194.6156125379395,196.12614981126902,194.19891762500092,195.66604614257812,2543600
2018-01-12,197.4543745690037,199.5812711247386,196.64702735153188,198.48744201660156,3943800
2018-01-16,202.5936415982642,204.00868479979536,200.75322706362843,202.1856231689453,6852600
2018-01-17,203.72226916955472,207.44652144870236,203.0104157346299,206.9864044189453,5124800
2018-01-18,207.70689090233765,211.7349769557505,207.09053162336386,211.0925750732422,6234200
2018-01-19,211.97809821608345,212.1256906649463,209.27825056239203,211.257568359375,4293600
2018-01-22,211.46587720022893,211.6481886852386,209.52996846109218,211.43983459472656,4012200
2018-01-23,210.94499080645696,214.40878945776305,210.44147840613724,212.87222290039062,3300000
2018-01-24,213.56668857728488,214.69524982724892,211.57001857329908,212.55967712402344,2733300
2018-01-25,212.4728899922057,213.72298797104702,211.7349808877114,212.84617614746094,2420500
2018-01-26,212.68987111675273,215.93665187723033,212.22109110682825,215.70225524902344,2615300
2018-01-29,216.40551942342051,217.7163792885461,214.7734453092682,214.78213500976562,2564700
2018-01-30,202.16829011295903,210.72797502412433,201.49115589707822,205.44110107421875,11565500
2018-01-31,210.81475737101428,214.426148311203,204.66845161121947,205.55393981933594,5187400
2018-02-01,204.2344413525312,206.45684550037416,202.99303285939317,204.19972229003906,4268300
2018-02-02,202.27243281473983,205.1372381605558,200.70113406123986,201.30014038085938,3959900
2018-02-05,200.3539401094358,202.3679902069792,180.98613368485488,191.0042724609375,6290000
2018-02-06,184.21552701460678,196.63835349785626,182.48797232539195,195.48374938964844,7064800
2018-02-07,193.0096313575285,199.05175511020568,192.29776471760377,196.0393829345703,5589200
2018-02-08,195.6139819382672,196.74254347654343,187.74010702377652,187.9137420654297,4902400
2018-02-09,189.25064956544287,193.8343339630882,184.05059254488384,191.82029724121094,6225300
2018-02-12,193.10505618946294,197.93181229979135,192.85329339613483,195.92645263671875,4912000
2018-02-13,193.72143931904785,197.1678850802328,193.06167129858747,196.75119018554688,3536800
2018-02-14,195.28405394694994,199.09510924486327,194.38988928853573,198.6089630126953,2878400
2018-02-15,199.03437931083468,199.66810480402057,192.49742024370948,196.21298217773438,4662700
2018-02-16,196.18691119870311,200.1455457150477,195.93514838058516,199.12115478515625,3621700
2018-02-20,197.85372263515748,198.5829420629188,195.85703903834104,196.76856994628906,3172300
2018-02-21,196.32579783639218,199.1037990151991,195.4229567258239,195.44032287597656,3371900
2018-02-22,196.4560654798449,199.5292123797133,195.39695528776448,197.14187622070312,2767900
2018-02-23,197.84502709583293,199.94589429638168,196.11747254390437,199.80699157714844,2393900
2018-02-26,201.0917733672975,203.58327919181576,199.40761461964078,203.192626953125,3307000
2018-02-27,203.4878192418692,204.78132596694303,201.78630730794538,201.8557586669922,2899500
2018-02-28,203.50518716506596,203.7916690561937,196.2737282666984,196.33450317382812,4368600
2018-03-01,195.9351587474943,199.051713961843,193.36552470458844,194.85000610351562,3514600
2018-03-02,193.77355347011041,196.0393528411722,193.23530872243953,195.492431640625,2613600
2018-03-05,193.9124486337939,199.1732669665571,193.40893617585212,198.26174926757812,2627300
2018-03-06,198.7305117663481,198.9301761425647,194.3638586142017,196.3518524169922,2652800
2018-03-07,194.76321111325177,197.77559605608621,194.24233252074424,197.29812622070312,3242200
2018-03-08,198.52619944284496,198.57847038978355,195.03350872723027,195.739013671875,3500900
2018-03-09,196.94099356048,197.2981052687693,193.79669607236605,196.3487091064453,4834600
2018-03-12,197.02812090684426,197.71620228289342,194.03189086914062,194.03189086914062,3117300
2018-03-13,194.69383928629725,198.639452220221,194.3715748462856,197.6639404296875,3343800
2018-03-14,197.82945025827595,199.79789767280735,195.9916470098419,196.30520629882812,3048200
2018-03-15,196.69713467591478,200.99114089934326,196.54906687066048,199.8762664794922,3330200
2018-03-16,200.03303665850453,201.43534139583483,198.36943034278434,198.46524047851562,5690300
2018-03-19,197.98623932229913,198.56110028047718,194.8245173426736,196.01779174804688,3407300
2018-03-20,196.11357185564853,198.23880540662492,194.99869741748904,197.5245819091797,3429100
2018-03-21,197.2371631031035,198.0994544590747,194.07545471191406,194.07545471191406,3419800
2018-03-22,193.05636499589062,193.0650834665391,187.3513486688044,187.44715881347656,5894800
2018-03-23,187.9174652434511,189.64203432021588,185.08672706481278,185.13027954101562,5741200
2018-03-26,187.4297185381061,191.10532443082047,187.0029255150851,190.80918884277344,3561300
2018-03-27,191.8979286960604,193.31764375709827,188.4923296627931,189.84237670898438,3722100
2018-03-28,190.6523711157822,191.540791023659,189.04102271614124,190.31268310546875,3179500
2018-03-29,191.0791836124192,194.5370401868936,186.39321899414062,186.39321899414062,5529400
2018-04-02,190.27788391780408,194.22349664042846,186.94196603161214,189.180419921875,6220700
2018-04-03,191.9153384973233,196.0612897572099,191.34919616847577,195.60836791992188,4652000
2018-04-04,192.22020540402465,199.87625822141064,191.98503264523063,199.2752685546875,4674000
2018-04-05,199.8588378413444,201.70534593841236,197.54198425027036,199.51914978027344,3348100
2018-04-06,197.41143661894063,198.75277925051077,193.20453340359515,195.06846618652344,3231700
2018-04-09,196.47940050144075,196.958451255081,193.67479058778588,193.99705505371094,3031500
2018-04-10,196.32264037858738,198.726599648023,194.65904687110694,197.5333251953125,2737500
2018-04-11,195.33837953146167,196.31389131238075,193.09120707297205,193.27410888671875,3482100
2018-04-12,195.1380306855584,196.62744040080042,194.58931198234336,195.31224060058594,2664500
2018-04-13,196.06129986125242,196.9584251124689,194.30188336793677,195.34707641601562,2496600
2018-04-16,197.81200568430395,201.9405336709076,197.15005316216823,200.60791015625,4510600
2018-04-17,208.43815183769792,210.49370392735548,205.6248371130297,207.7761993408203,6180300
2018-04-18,208.1681606381324,208.812702823798,205.81647277853344,205.903564453125,2940100
2018-04-19,205.72930980907202,207.5322784103145,204.5099203857785,205.3460693359375,2734900
2018-04-20,205.59875690120342,206.51330601958043,203.37771283953177,204.73646545410156,2842000
2018-04-23,204.9367579710083,205.7380864360926,203.01186317364832,204.10931396484375,3051700
2018-04-24,205.51165752383852,206.70493197534682,202.5589794031252,204.0048370361328,2771200
2018-04-25,203.33413412512212,204.7712863516027,200.71243939490307,204.59707641601562,3118800
2018-04-26,205.3199725578286,207.1577754478567,204.10058294421518,206.4522705078125,2252800
2018-04-27,206.97490761327705,209.50949738963948,206.5568197139917,209.19593811035156,2301800
2018-04-30,209.9101536141837,209.9101536141837,205.903564453125,205.903564453125,3446900
2018-05-01,206.42616112069666,206.8529541708313,204.12673099678904,206.29551696777344,2633500
2018-05-02,205.01514604049643,205.73807467962308,202.82023129317764,203.34283447265625,3542700
2018-05-03,202.04506633943672,204.5099881167667,199.7282123775199,203.94383239746094,2731600
2018-05-04,203.02929893186092,206.12132601873725,202.210560057233,205.46807861328125,1999900
2018-05-07,205.4506340013764,206.41744053189151,202.61989571630554,203.6215362548828,3237800
2018-05-08,203.56932216515443,203.56932216515443,200.89535627961126,202.0973358154297,2698300
2018-05-09,202.9857366460118,203.30800109756407,198.78752714361403,199.64111328125,3504200
2018-05-10,200.45981900049674,204.06574361626866,199.77173768244543,203.56057739257812,2169000
2018-05-11,203.4473353116302,207.99393746228708,202.8986033412699,207.541015625,3044900
2018-05-14,208.0810321420836,212.23568864142987,208.0113641264295,211.5650177001953,3893600
2018-05-15,210.65920513904203,210.9727643974347,207.88072429474204,208.60365295410156,2396600
2018-05-16,208.73429294053727,210.61564845333615,207.79362847448886,210.53726196289062,1906100
2018-05-17,210.3369588543547,212.13991477795895,209.50950151054704,211.61732482910156,2418700
2018-05-18,211.9744275764322,213.1851122576331,211.12085467286857,213.08059692382812,2283600
2018-05-21,213.39414413333094,217.02619797128864,213.2547815025798,215.92002868652344,3040700
2018-05-22,216.00713512399338,216.05068760769362,212.3837864419064,213.55091857910156,2644100
2018-05-23,212.54926255056876,213.82962839481672,210.46758156746338,212.7495880126953,3047800
2018-05-24,213.01965133984865,213.77741415205224,210.95538029743471,211.41700744628906,2610400
2018-05-25,211.60860810501035,213.8993332729547,211.1644046512612,213.35060119628906,1554900
2018-05-29,212.40123137535014,212.40123137535014,209.24822793674218,210.9292449951172,2837800
2018-05-30,212.29668008417653,214.04737816890545,211.3298734904364,213.3418731689453,2071900
2018-05-31,212.7060096958418,213.1763418443947,209.63138056694078,210.35430908203125,2966100
2018-06-01,212.29668883122636,212.29668883122636,210.16273680272602,211.95700073242188,2371400
2018-06-04,212.52312165264726,213.60316197344096,211.42567097290154,213.0718536376953,2188900
2018-06-05,213.4725354576337,213.48995910945968,210.70277288315535,212.89767456054688,1531900
2018-06-06,214.543877687359,216.6342641020525,213.50738966103043,216.5732879638672,2650300
2018-06-07,217.54006340751678,217.74910733508474,216.22486358373914,216.86068725585938,2117200
2018-06-08,217.27881180912848,219.05563897733242,216.06812709947621,218.34141540527344,3034600
2018-06-11,218.48078699889808,222.09543091348107,218.097546363101,221.04151916503906,2775200
2018-06-12,220.53628091639547,221.18082302258463,217.89716294632714,220.8672637939453,2567200
2018-06-13,221.355024741001,223.6109155194672,219.9091675261633,220.2488555908203,3138300
2018-06-14,221.64248299701447,222.96640141371662,220.9369779502623,222.39154052734375,2456600
2018-06-15,222.25171841751535,223.7463836669922,220.75703983067254,223.7463836669922,4772200
2018-06-18,222.01566470057162,222.89847809340276,220.38988016572645,222.77610778808594,1961900
2018-06-19,221.11538159321168,221.403828762631,219.53330348545188,221.15908813476562,2370200
2018-06-20,221.42129766210823,221.77965926665934,220.16262404773127,220.9755096435547,2580400
2018-06-21,221.0978761130819,221.70972762685622,219.32350005445508,220.17135620117188,2150300
2018-06-22,220.47727461490155,222.98587233063037,219.55949073388604,222.33905029296875,2604000
2018-06-25,222.330330828967,223.00337417000006,217.30438571495944,219.13995361328125,3060800
2018-06-26,219.0088288688116,220.67831988593176,218.1172661958809,218.3183135986328,2158000
2018-06-27,218.77280895791216,220.0577036994176,216.88481206236435,216.91976928710938,2481000
2018-06-28,216.01078699214102,216.7712301849136,211.72779903848794,214.06158447265625,3556900
2018-06-29,214.0615859961909,216.3341929540889,213.79937340189605,214.44618225097656,2772600
2018-07-02,214.14897259355456,216.53520026799245,213.37978017913983,216.31668090820312,1793300
2018-07-03,217.03344261504256,217.4267748165847,215.66988386976905,215.87965393066406,1248000
2018-07-05,217.74145366726611,219.33226783377324,216.40411611559415,218.9564208984375,2182900
2018-07-06,219.40214359788303,220.03148033615008,218.01236385811063,219.18362426757812,1572300
2018-07-09,220.38116042906478,222.02441703047347,219.43715514534628,221.72723388671875,2039600
2018-07-10,222.1730094541533,224.5505012880342,221.79716253632205,223.36175537109375,2012200
2018-07-11,223.01211732939993,223.7638244606921,221.78841424932583,222.5313720703125,1486000
2018-07-12,223.92115997387845,224.4805823588255,222.8198271625824,223.80752563476562,1592700
2018-07-13,224.10475386099344,226.39483275372808,223.78132276358852,226.12387084960938,2356200
2018-07-16,225.765522982383,225.9053786069142,224.1484739999863,224.6204833984375,3625400
2018-07-17,219.87417321122354,220.72202935842498,215.2590455941696,218.7728271484375,6932300
2018-07-18,219.48962468470134,224.2970381038633,218.90399429848094,223.25689697265625,3359800
2018-07-19,223.1694256207809,224.20083044663315,220.13637628225277,221.0803680419922,2307600
2018-07-20,219.5420417784366,221.62235047463625,219.5420417784366,220.87937927246094,1959600
2018-07-23,221.06297452979197,223.090827676932,220.6434076684256,220.9143829345703,1479600
2018-07-24,222.7673375169672,222.85475058046194,220.27621191833728,221.80584716796875,2476500
2018-07-25,222.723688476502,223.1257700000611,220.94057622224156,222.76739501953125,3016900
2018-07-26,223.98236604979994,225.39836737404102,223.58903383055124,224.63792419433594,2021300
2018-07-27,225.3284052173584,225.3284052173584,223.2306115964292,223.7200927734375,1656800
2018-07-30,223.68515537408825,224.5417608471379,221.2377359347633,221.8758087158203,1681500
2018-07-31,222.13805778952343,223.0645778158599,221.01050367041083,221.3339080810547,2355900
2018-08-01,223.8512527712378,223.8512527712378,220.97553033134392,221.4650115966797,3006700
2018-08-02,221.57861705955114,224.02602306724202,220.46853504632975,223.83372497558594,1854400
2018-08-03,224.15715495626776,225.12736804500224,222.27788058529617,224.83018493652344,1422300
2018-08-06,224.20083194746735,225.10987982662508,223.30053337739625,224.4281005859375,1398100
2018-08-07,225.19731679342138,226.24619368094534,224.75152877825644,225.20603942871094,1462800
2018-08-08,225.6081362857202,226.82311684455715,225.44208609737473,226.22000122070312,1494300
2018-08-09,227.18148904504116,229.8998572999035,226.6570372035876,228.64993286132812,2315000
2018-08-10,227.68849398932198,228.5713210117452,226.4822624823732,227.57485961914062,1625000
2018-08-13,228.1341904946711,229.488999730018,227.52232567402947,228.05552673339844,1635100
2018-08-14,228.03808347635967,231.0186641690804,228.00311290870894,230.30194091796875,1941600
2018-08-15,228.9908129198453,229.6114004213588,226.55212944033238,227.79330444335938,2017700
2018-08-16,228.63241979598362,230.53790202500537,228.52753478150154,229.96975708007812,2115900
2018-08-17,230.363082622955,230.87006244074715,228.76353275586533,229.2967071533203,1969700
2018-08-20,229.88237723798002,230.31066666726335,228.63245284352567,229.35792541503906,1786200
2018-08-21,228.8771908012129,229.4628077681293,227.89822830299698,228.73733520507812,1559300
2018-08-22,228.96457419383316,228.96457419383316,227.47863201796645,227.90692138671875,2148500
2018-08-23,228.15164474112686,229.49773123728755,226.87549936604367,228.5012969970703,1603500
2018-08-24,228.7898055029794,231.4382594910963,228.7898055029794,231.001220703125,2238600
2018-08-27,231.63053892413993,233.77203948219793,231.1235857079035,233.4486083984375,2614000
2018-08-28,234.72472283861546,235.2491745473657,233.66707011230724,234.69850158691406,2603900
2018-08-29,234.59362617247223,235.4065116831763,233.59716521763005,235.12680053710938,2880600
2018-08-30,235.5289010413403,236.1495152335693,234.34889115474033,234.59365844726562,2976300
2018-08-31,234.49747289229464,235.31035843453162,233.55348108110397,234.65480041503906,2961500
2018-09-04,234.2527136332681,235.48516581267842,233.00278951096413,234.69850158691406,2097300
2018-09-05,234.74224669806657,234.95201675807147,233.3174961328349,233.9381103515625,2230600
2018-09-06,234.69238584971862,236.8147757972002,234.11354492820502,236.4902801513672,2556100
2018-09-07,236.4814203799309,237.81449092357286,234.61334979418928,235.2886505126953,2958000
2018-09-10,233.97317317099208,233.9907040690308,226.93065010498972,227.79014587402344,4146200
2018-09-11,226.2027072323608,229.27230026157756,225.8168133960811,228.93902587890625,2283300
2018-09-12,229.00919917369166,231.9647747613061,228.77241160872967,230.3686065673828,2236300
2018-09-13,231.67534802397427,233.017197640706,231.02635690985215,232.84178161621094,2734500
2018-09-14,232.7628433630987,233.85912656164828,230.9035513407149,232.6839141845703,2084600
2018-09-17,233.7276049061284,233.86793238350563,231.01759573830896,231.4210205078125,1940400
2018-09-18,230.59662524278872,231.6139794328888,229.78099683024732,230.91236877441406,3557000
2018-09-19,231.9472013256287,232.9469976257308,230.79829874289055,232.70143127441406,2274300
2018-09-20,233.35929212171035,234.99057597792748,233.3417612200414,233.63119506835938,2095000
2018-09-21,233.3767669170262,234.90278452714105,233.15751028271194,233.87667846679688,5671600
2018-09-24,234.17490411254403,236.3850017270839,233.8767182509202,234.48184204101562,2699800
2018-09-25,234.4292281115483,234.45553784217313,230.68433370738094,231.10531616210938,3789700
2018-09-26,231.97355550499796,232.8418033484127,230.1756615273919,230.57908630371094,2238000
2018-09-27,230.65805937949395,232.77169727987274,230.5966610770352,232.1051483154297,2761400
2018-09-28,231.868351041597,233.45576741783344,231.40352790542943,233.32421875,2875100
2018-10-01,234.38536890262262,236.8147230535139,234.18364314066872,236.00787353515625,3314500
2018-10-02,235.92014336033228,238.06009029630297,234.60460352746796,237.34970092773438,2777300
2018-10-03,238.55125201493186,238.61265030479436,236.59547292377147,237.58651733398438,3002200
2018-10-04,237.6742010347679,238.21795322710366,234.43797084259973,235.3237762451172,2186600
2018-10-05,235.6132155737906,237.6742336539946,234.99931294791386,236.09559631347656,2045700
2018-10-08,235.77986401561483,236.4902535291535,232.9821465922783,235.92897033691406,1865000
2018-10-09,236.08684236276358,238.51619692157445,235.45538200706136,236.89369201660156,2510100
2018-10-10,237.32340666874654,238.0425749144504,230.23701665229598,230.7281494140625,4267300
2018-10-11,229.78097762123355,231.88583618542884,224.32587089872044,225.50108337402344,4558500
2018-10-12,227.7638009114881,229.24597789073877,225.27302200934236,227.68484497070312,4006300
2018-10-15,228.14091588374976,230.1668450300019,227.42174770450444,228.24615478515625,3583400
2018-10-16,236.52530656344467,239.26162528081926,232.41204965664505,239.0511474609375,6453600
2018-10-17,236.96381893705845,237.6742083411064,232.96457978659294,234.42919921875,3985100
2018-10-18,234.47306780240416,234.93789083167744,231.28067811854393,233.9994659423828,3132100
2018-10-19,233.83282188707201,235.02559195051973,231.4385564591403,232.67514038085938,3336600
2018-10-22,233.9468869573932,234.0170373213292,228.07957582373115,229.94764709472656,2618100
2018-10-23,227.78131300620498,232.86805576260795,227.32526888281717,232.28921508789062,4081800
2018-10-24,231.54380582308403,232.7014606168515,224.4574157662871,224.79946899414062,5265600
2018-10-25,226.41320364934322,232.5699211099183,222.2122384929321,231.74551391601562,4675600
2018-10-26,229.3424753387749,230.131793992731,225.41338620244832,226.4307403564453,4830600
2018-10-29,227.78136478714782,229.8160730581433,222.16839952640984,224.97486877441406,3697700
2018-10-30,225.12394834892476,227.75502801164336,222.7472004986958,226.51841735839844,4169200
2018-10-31,228.78986365657966,231.59635873171155,228.21980187202115,229.21084594726562,4230200
2018-11-01,230.58786106668094,232.13140978721384,227.81645361120033,228.84255981445312,2771300
2018-11-02,232.07000952052144,233.62236382386698,227.64103563415915,228.91273498535156,2593600
2018-11-05,229.9125314508942,230.65800945798185,228.0883277913576,228.91273498535156,3287000
2018-11-06,228.64085462216033,231.5438106450129,228.64085462216033,231.13160705566406,2582400
2018-11-07,234.07837854446828,242.71709533012057,234.07837854446828,240.85780334472656,5796800
2018-11-08,242.05934783829312,243.81340108349815,240.91922393480124,242.62940979003906,3809100
2018-11-09,242.81360893467863,243.81343225936027,240.47196254115693,242.54173278808594,2904300
2018-11-12,242.05933819051089,243.62922327652228,238.55123183992376,238.88450622558594,3140600
2018-11-13,239.05992551976897,239.9545098809898,235.16595160492759,236.11312866210938,2516900
2018-11-14,236.17446215537294,237.25318756831444,230.964922858386,232.37692260742188,3511900
2018-11-15,231.53501366230054,233.21891644723343,228.77238532950253,232.3594207763672,3657600
2018-11-16,232.40329190630456,238.37584146974757,232.3419203797575,237.77069091796875,3857800
2018-11-19,238.0951754694688,238.788007167663,231.69286564833237,233.33290100097656,3670800
2018-11-20,232.95581376612415,233.97316788872757,228.3777335967733,229.34246826171875,3617700
2018-11-21,230.29840378170712,232.0875454784533,228.4215808397511,228.50926208496094,3234300
2018-11-23,228.02694440206216,230.60540506840243,226.51845739158236,229.44772338867188,1159300
2018-11-26,232.07879949762162,235.30625130819678,231.09653388264056,233.42942810058594,3879800
2018-11-27,232.9119888866479,237.9373347858514,232.43838697097678,237.8057861328125,3497300
2018-11-28,239.2704486541269,247.67235329348296,239.2704486541269,246.4006805419922,5044300
2018-11-29,245.94455620841043,250.347246748,245.8393173016792,247.80384826660156,4177800
2018-11-30,248.98281645604507,249.55472682377373,245.5339015858692,247.54869079589844,6143200
2018-12-03,248.99161366085082,252.09740903992488,248.73645572595495,251.9214324951172,4178800
2018-12-04,251.76315474036565,253.33805674244212,243.63354040943557,245.07644653320312,4635500
2018-12-06,240.21085279360997,243.65979355373625,233.37459258455388,243.5806121826172,6694600
2018-12-07,240.8619988533922,243.20234724672227,235.16069719105235,236.83236694335938,3506900
2018-12-10,236.31328495628685,236.67401809437172,228.95792687314787,234.50083923339844,4061300
2018-12-11,237.18432452792445,238.90000206774036,233.74421626543898,235.10794067382812,3102800
2018-12-12,239.26957857991803,241.56592006598757,237.9850085250032,238.11700439453125,3167900
2018-12-13,238.3104933078498,240.47489219124685,237.21951383346465,239.4454803466797,2350400
2018-12-14,237.87058649523934,238.05536994145703,232.01972825418136,233.17230224609375,3360500
2018-12-17,229.6706194045421,231.1751198022146,225.87855774153482,227.05752563476562,5806800
2018-12-18,228.4916331781758,228.74676429076402,218.3735848741969,222.57037353515625,5065500
2018-12-19,222.0424567111726,225.72894263943698,217.83687485688506,220.23001098632812,5468500
2018-12-20,218.6375800356332,219.08628814350473,211.20302517015168,213.30581665039062,7311700
2018-12-21,211.80121591208885,217.7576615652519,208.91537807727443,209.69842529296875,12209700
2018-12-24,207.8508418143656,209.31134799032822,204.61306358333638,204.94740295410156,3091000
2018-12-26,204.73621232400475,214.12398645061904,203.95316502534996,214.1063995361328,4159300
2018-12-27,210.3671534026988,216.4115753173828,206.97101237466057,216.4115753173828,4295800
2018-12-28,217.06269076355818,219.7725531716403,215.3910070519308,216.649169921875,3312700
2018-12-31,218.2503972485863,220.2036188606133,217.26499298490646,219.18301391601562,3123200
2019-01-02,215.55816685478257,216.74594171566665,212.4523706675791,214.22962951660156,4063600
2019-01-03,214.22075389120053,214.22075389120053,207.7540190157298,208.3874969482422,4623200
2019-01-04,210.9830527566775,214.2032309714617,210.10322352368476,210.82467651367188,5367600
2019-01-07,211.51090844569342,212.9010400227189,209.60168092617548,211.2293701171875,4133000
2019-01-08,213.2090213499772,215.37339376240416,210.90387303711287,214.05364990234375,3618600
2019-01-09,215.34694595372756,216.99223534907884,212.97141028638998,214.36154174804688,3425400
2019-01-10,212.98905380757813,215.6813290047389,212.39956985608652,215.4437713623047,3374100
2019-01-11,214.19439245002883,217.98645373611038,214.03602965554248,217.9072723388672,3967100
2019-01-14,216.95703175458905,219.88686396081127,216.53471758999063,218.25038146972656,4955500
2019-01-15,219.95727218206332,226.04570129017412,217.31778491587855,226.00169372558594,5325600
2019-01-16,227.6381839314355,230.68238498198113,227.14548180245419,230.04010009765625,6069400
2019-01-17,229.6265693677824,230.2864411386161,226.89912086187047,228.5531768798828,3583600
2019-01-18,231.0431509840718,234.26332904596282,229.12512979127658,233.5946502685547,4844800
2019-01-22,232.32771481462518,235.35432965048764,232.0461630042523,233.7618408203125,4052700
2019-01-23,235.57426128131547,237.08756853423836,231.9845700663793,234.93197631835938,2971100
2019-01-24,234.7383809527149,235.9349624287223,232.50363448692116,234.14891052246094,2927300
2019-01-25,236.49803706838307,237.9145757960335,233.77058850317405,235.83816528320312,2809100
2019-01-28,234.8263418986572,234.852735693205,232.81152608067995,234.7119598388672,2837300
2019-01-29,234.03456360627504,236.19015585327733,233.54186140986127,235.21353149414062,2173000
2019-01-30,237.28110195417142,239.70063187543997,235.08152929847273,237.87937927246094,3659000
2019-01-31,237.97620949816647,239.08477602181873,236.66524574402294,237.7298583984375,4055100
2019-02-01,236.20774655727357,237.01720123593213,234.0609611598056,236.42770385742188,3946800
2019-02-04,236.0669616754325,236.40130105496974,232.5124443222943,235.97897338867188,3398900
2019-02-05,237.65944363728744,239.39270812173987,233.89377598201196,234.3072967529297,3597000
2019-02-06,233.27794050790217,237.4923032881806,233.1371646057054,237.11398315429688,2570000
2019-02-07,236.35731614163652,238.0641599932727,235.1431476165537,236.67404174804688,2458200
2019-02-08,235.35432581145125,236.41013165799836,229.0371582019572,230.42727661132812,4547000
2019-02-11,229.78501435091505,229.7937943851371,225.53542408693932,226.2393035888672,4856200
2019-02-12,228.06926355390425,232.27484489889704,226.045667690718,231.83493041992188,4327900
2019-02-13,231.8525106672024,234.2896539948161,231.52697825815972,232.09886169433594,3066400
2019-02-14,231.60618314913782,234.97594333939193,231.1398748415081,233.4450225830078,3015300
2019-02-15,235.60940910881533,238.54803466796875,234.57999739231497,238.54803466796875,3673700
2019-02-19,238.58327528369887,239.74462932076963,236.9203853518128,237.9145965576172,2486700
2019-02-20,236.85882259297375,238.07299124231997,235.9525995482129,237.12278747558594,2802800
2019-02-21,237.08751017572894,237.50103085963167,233.2426619287231,234.3864288330078,2554300
2019-02-22,234.4744712750181,236.1373612764981,233.9905759768415,235.0111541748047,3191100
2019-02-25,235.4246536280079,235.94377641390594,232.60921667957973,232.8027801513672,3679100
2019-02-26,232.85560911569007,233.53306796217245,231.21911277253068,231.37750244140625,3212900
2019-02-27,230.17211119045663,230.17211119045663,219.02468992036003,220.02769470214844,8952900
2019-02-28,219.69336273405543,221.67297856182049,210.41116138995352,213.11224365234375,11034300
2019-03-01,214.29117684715726,218.1976202611432,214.29117684715726,216.56993103027344,6921300
2019-03-04,218.30324474242911,218.59359002659758,206.3287672611486,207.65731811523438,8646300
2019-03-05,208.10601721808217,213.9744768678296,206.70709189369447,212.41717529296875,6924500
2019-03-06,212.68991690305623,212.68991690305623,208.54591543941112,210.3407745361328,4878700
2019-03-07,211.42297544657208,212.19721607208334,207.2437864302702,208.25558471679688,5033500
2019-03-08,207.6814370913925,211.44382268829722,207.2310165307395,209.5714569091797,4921700
2019-03-11,211.26721723349354,215.51534553324117,208.80311738482638,214.74696350097656,4539600
2019-03-12,216.33669471961926,218.57115718288438,215.2680457900751,217.15806579589844,4235800
2019-03-13,218.99514399124706,223.23443254349502,218.21793480102912,222.7840118408203,4881600
2019-03-14,223.44639587553016,225.26575963039247,222.8634889997871,223.6848602294922,3865200
2019-03-15,224.6298367717413,224.98311974944843,220.7438183515362,222.03326416015625,6466200
2019-03-18,223.1460983235115,225.48653919270592,221.16775399208635,225.21275329589844,3927400
2019-03-19,226.0517955606679,228.9663164596714,225.3364159759715,227.09396362304688,4164800
2019-03-20,227.3588687356472,227.58850602677347,220.77029993535092,221.23838806152344,4193500
2019-03-21,220.0814498557547,223.41106981689535,219.61336165547925,222.58087158203125,2699700
2019-03-22,221.3002161493324,221.85661490374451,218.1384044565136,218.22671508789062,3777900
2019-03-25,218.5181727576759,218.5181727576759,212.65381035982597,218.02359008789062,4110900
2019-03-26,218.37688435542955,218.93329666026563,213.48403270108628,214.95895385742188,4416200
2019-03-27,214.56155172720747,216.9814766078236,210.33991698186554,213.47523498535156,4819200
2019-03-28,214.25238091638633,214.4820182146576,210.9845909517907,213.93443298339844,3601500
2019-03-29,215.7538095934485,218.81847046059957,213.6164980436153,218.3768768310547,4294200
2019-04-01,220.54069072075728,220.97344384169776,214.66748751315063,216.8577880859375,4809500
2019-04-02,216.83126949492618,217.61730550903968,214.43783989665118,215.85977172851562,4057100
2019-04-03,217.53784076837422,218.62415726943107,216.01875768047918,217.12274169921875,2851400
2019-04-04,216.80482343173182,220.0107977733152,216.0629493039442,218.49171447753906,2255500
2019-04-05,219.86943951557424,220.18738743039071,216.53099314818445,219.71929931640625,3343000
2019-04-08,220.51416766372458,220.51416766372458,217.53783119265458,219.69281005859375,2195400
2019-04-09,218.65067337018394,220.74382283468455,217.21990086505542,219.7281494140625,2903800
2019-04-10,219.71932279683784,220.68199366422067,216.8401372156897,217.29055786132812,2753700
2019-04-11,217.30823769696056,218.07660633494513,205.50001434090404,207.91995239257812,8223400
2019-04-12,208.87379128339117,209.12108264316478,194.98125917141388,197.1450653076172,13979400
2019-04-15,199.39716455879793,203.98973499584588,198.1960295082131,203.30967712402344,10021800
2019-04-16,210.20741156475657,210.20741156475657,190.60949603193168,195.14907836914062,27361400
2019-04-17,197.64846346971396,198.0459085026946,183.76477266873516,191.51031494140625,22101400
2019-04-18,191.77526256719577,196.95073994977363,189.18753061409024,195.8467559814453,13927200
2019-04-22,197.8339751574203,200.9781201063815,195.62600668468124,200.5806884765625,11191800
2019-04-23,201.5874514129865,204.84641390091983,199.68860457773673,203.64527893066406,10261400
2019-04-24,203.2125623844245,204.57267837159637,201.14590733917595,203.44219970703125,6104100
2019-04-25,201.83481190932258,205.00545138546892,201.48154234605718,203.830810546875,5954500
2019-04-26,205.023093220989,209.41253505031506,204.1840680060704,209.3153839111328,6186200
2019-04-29,209.66865227233055,210.25155910420526,206.80713414561515,209.7128143310547,5345300
2019-04-30,210.26916826615386,210.26916826615386,203.30082318667462,205.8444061279297,7632300
2019-05-01,205.84447988846475,207.21340948494128,203.44220924455146,204.8553009033203,4823200
2019-05-02,203.92796237175594,206.0829417533542,201.43738094685816,205.29690551757812,5499200
2019-05-03,205.64133709719397,206.57751352176604,200.64249351637667,204.8553009033203,4323100
2019-05-06,201.51682470825048,212.4683542317496,200.92509089289484,212.40652465820312,7180200
2019-05-07,211.24955445482826,214.74696831824886,208.78545455088562,210.2427215576172,5104700
2019-05-08,210.19855822783407,212.68031215825482,208.0170847176963,211.21421813964844,3768400
2019-05-09,208.96211113035773,212.44185761500503,208.14073997075275,210.1720733642578,4299500
2019-05-10,211.93842071301714,214.27886126168175,208.75894159373087,212.48599243164062,4374400
2019-05-13,208.82966424718245,212.05330643890446,208.60886739061397,211.5675506591797,4684400
2019-05-14,212.53015932746982,212.83928022646597,208.6794627403016,208.8119354248047,5329700
2019-05-15,207.5490095198736,209.78347224638236,205.44701949400044,208.5028533935547,5099700
2019-05-16,208.33503495556133,212.362366564468,208.18489474376244,209.12989807128906,4456400
2019-05-17,208.58237954596254,214.11996865996042,208.12311829616408,213.1837921142578,4486400
2019-05-20,211.96490757729526,217.91759358324936,211.76177831424945,217.2552032470703,5390800
2019-05-21,218.1561198178303,221.83900974299644,217.97065800635096,220.74386596679688,5345300
2019-05-22,220.0019871299375,221.7065323463742,219.657544582367,220.2139434814453,4038000
2019-05-23,219.0127713206086,219.16291153651963,215.84213231529088,217.70565795898438,3934600
2019-05-24,218.3680283609018,220.23155383359247,216.83127782953932,218.70364379882812,2973900
2019-05-28,219.4719827613378,220.17853509930322,213.71359940001227,213.7842559814453,6172700
2019-05-29,211.83246280914514,214.64099173590722,210.1102369270868,214.08457946777344,3958400
2019-05-30,213.66068418237364,216.69002383018346,213.14843389720446,215.05612182617188,2646600
2019-05-31,213.68714493350882,215.16206597201767,211.50567142455384,213.55467224121094,3285700
2019-06-03,213.28092436189604,215.32108504500368,208.4498883352507,208.9268035888672,4999400
2019-06-04,210.31341109131836,212.89231657445356,207.3988900977607,212.6361846923828,4992000
2019-06-05,214.76464646998758,217.07859280108448,213.05126101283076,214.411376953125,3194400
2019-06-06,214.72934571417207,215.44472531477194,213.4928753326138,213.57237243652344,2630100
2019-06-07,214.52619349904887,218.20909646310994,213.89913805194305,217.9441375732422,2837400
2019-06-10,218.21795250580416,220.5054047223477,217.2552814384146,219.1541290283203,2331000
2019-06-11,219.48970052891525,221.40621525634913,217.0256005390945,217.1492462158203,3043000
2019-06-12,217.44070092649514,217.70565980002436,213.99627599971947,215.9392852783203,3251800
2019-06-13,216.2219201136057,216.68116780419666,214.7204909304341,216.34556579589844,3107800
2019-06-14,217.09070412272658,218.31490414809508,215.37859730927306,217.6673126220703,2165500
2019-06-17,218.2262120895366,219.2020257693967,217.5342764023804,218.19960021972656,2270300
2019-06-18,219.55684752917227,221.18910528841465,217.47216093619366,217.96006774902344,3482500
2019-06-19,218.2261713692694,222.98988468103974,217.79148835006978,221.943115234375,4204600
2019-06-20,223.19400541405045,224.2762667513047,219.4681805947556,219.78753662109375,3800800
2019-06-21,220.6923207715999,224.87055984883102,219.02457158482582,223.7971649169922,6323500
2019-06-24,222.95442908447373,224.10765964231047,219.8761967387614,221.45523071289062,3163800
2019-06-25,221.1536630482708,222.697205805149,219.48591350437567,219.69882202148438,3182700
2019-06-26,220.00038104668764,220.0713505358669,215.6802166052491,215.98182678222656,3852900
2019-06-27,216.6826656046907,220.13347808281043,215.70686541744624,218.52783203125,3366200
2019-06-28,218.66969470352228,218.89146924176114,211.70596878840445,216.4608154296875,6727600
2019-07-01,218.1818223575404,218.37698506479586,213.54230207733988,215.2455291748047,4102700
2019-07-02,215.20118447266756,216.44313027849452,212.49553181059605,216.42538452148438,3863500
2019-07-03,216.73590404805017,219.5746164364626,216.48750402401873,217.52542114257812,2559400
2019-07-05,216.79798507542455,220.67460088851752,216.50524096878132,219.1044464111328,2965000
2019-07-08,218.58993045602588,219.98266797194825,217.23267092194092,219.8584747314453,1902500
2019-07-09,217.01086069509478,218.29715051834862,216.1769861302687,218.22618103027344,2774800
2019-07-10,218.95361840157491,220.98506764083962,217.76489634061295,219.53909301757812,2753000
2019-07-11,226.91972877584124,232.14473678226594,220.93181575409272,231.67457580566406,10268800
2019-07-12,232.0915251743293,236.4294216457901,232.0915251743293,235.87942504882812,5336100
2019-07-15,235.13429509284828,237.4318766548052,234.4157475688117,235.93267822265625,2611400
2019-07-16,235.3738054865955,236.9794784895982,233.4754289967444,234.7794647216797,3121600
2019-07-17,234.1940093987047,238.35450362538137,233.75046013847987,236.54481506347656,3995200
2019-07-18,235.64882456214875,236.4205958143502,228.21493587232425,231.17784118652344,5825800
2019-07-19,231.62141181641636,233.0585069807493,227.452038252651,227.67381286621094,4413200
2019-07-22,228.9955967944719,229.71414434156512,225.79315745349166,226.4939727783203,4104300
2019-07-23,225.7399668841918,227.18594183802549,223.56657816524853,226.218994140625,2889300
2019-07-24,224.24959635743795,224.2850878732727,217.45443296818578,222.7770233154297,4864000
2019-07-25,222.77707077316367,224.21416614152585,220.2577005180428,220.6214141845703,3362800
2019-07-26,220.90523598742863,225.21653453095487,218.67861045496952,224.38265991210938,3362600
2019-07-29,224.29396387046853,226.4762319648877,223.85041465531444,225.163330078125,2005500
2019-07-30,224.13427619333845,226.26330685533566,222.1915286078414,226.14797973632812,1908800
2019-07-31,227.38101570006518,228.12617493475696,220.42615556814258,220.8963165283203,3532400
2019-08-01,221.05605970728868,223.17622441133912,219.3616984591015,221.10928344726562,3613600
2019-08-02,221.49956803323872,223.1673171035727,218.3148885093948,221.8189239501953,2677600
2019-08-05,220.11574804776112,221.72139411528386,215.2012149358451,217.39234924316406,5812400
2019-08-06,218.16410785499326,220.24879455566406,216.07056857915043,220.24879455566406,3533000
2019-08-07,218.46575601001697,219.14881212352208,214.02138376785825,218.62542724609375,3205800
2019-08-08,218.39472501557324,219.70762666362876,215.8931013996377,219.66326904296875,2830700
2019-08-09,219.75203280260575,222.14719595056826,218.3504156037718,220.55929565429688,2535000
2019-08-12,218.92697381902903,219.9648906958472,215.59148923151835,215.74229431152344,2667400
2019-08-13,214.39389797589547,222.18263304273893,214.24309289813363,221.08262634277344,2763400
2019-08-14,218.8737500891502,220.36408220598366,215.57374347621032,215.74229431152344,3464300
2019-08-15,216.76252813236704,217.56977749577112,214.1899343103813,216.67381286621094,2513500
2019-08-16,217.67620406149877,219.2108804634866,216.61167518035063,217.95120239257812,2810000
2019-08-19,219.54801139526637,220.4351098902451,216.53186839070935,217.08187866210938,2672300
2019-08-20,216.63831410206944,216.9842819492153,212.83265424741708,213.04556274414062,3201300
2019-08-21,213.0721418345675,214.5802062302226,212.2826248927451,213.21408081054688,2761900
2019-08-22,213.2140721292704,213.2140721292704,206.40115045616005,206.6406707763672,4498200
2019-08-23,206.60522542751843,208.55685286370894,203.48264860171008,204.61813354492188,4826600
2019-08-26,206.2681159520967,208.07779066375068,204.44069548302107,204.99069213867188,2918300
2019-08-27,205.55843601690813,206.16165641307674,197.46810318894762,197.76083374023438,4988100
2019-08-28,197.30843657103637,203.82861562422875,195.85359564750036,201.6818389892578,4847600
2019-08-29,202.63102770547314,206.07297404646317,202.26731408984313,204.5826416015625,4052500
2019-08-30,207.288280075613,208.5124801907143,206.06407996051166,207.58102416992188,3384100
2019-09-03,205.5762010768457,205.9576469156419,202.67538533548503,204.5826416015625,3382300
2019-09-04,205.76244428695475,206.64954257104256,200.9277613458854,201.1317901611328,4526100
2019-09-05,204.0326589531988,205.37217284117472,201.88588216593016,203.6689453125,4256900
2019-09-06,204.18342652117047,205.77134015505797,202.78180949748838,203.14552307128906,4183200
2019-09-09,203.1455150615392,205.80681001867725,202.75518963539156,204.63583374023438,3895600
2019-09-10,205.31895710236438,207.8383137407688,204.76896033179642,206.21493530273438,4257600
2019-09-11,206.24152356709448,207.80281196652302,202.7729653780412,207.767333984375,3168100
2019-09-12,208.4681456042553,209.710078078542,203.76652088980066,204.12136840820312,4713700
2019-09-13,207.65972050938606,210.84158898893165,206.36735121221403,208.21231079101562,4523200
2019-09-16,207.50819538519153,210.38703123880498,206.91102472588736,208.94314575195312,2973600
2019-09-17,207.7310218391638,208.55099932970086,206.03757853489654,207.24081420898438,2392900
2019-09-18,205.70784364400734,207.78453188497485,204.30852467996942,205.5384979248047,2960500
2019-09-19,206.777347766306,208.51534430557285,206.0910570713569,207.53494262695312,2666700
2019-09-20,209.24623181027218,209.45122281612552,206.70607324254973,207.57061767578125,6220100
2019-09-23,204.78984145063922,205.6900312538116,203.49748544414192,203.8985595703125,3281200
2019-09-24,204.44220947891475,204.8521914625913,198.68452346567065,200.53839111328125,5006800
2019-09-25,199.89667256739443,201.8753191677576,197.980422218337,198.0160675048828,4658000
2019-09-26,198.79143107351248,199.31729752430394,190.2262148277501,192.0533447265625,10444400
2019-09-27,194.45985628330516,195.08376442220649,191.64341613574442,191.85731506347656,4834900
2019-09-30,190.4134054125214,194.7717720054265,189.94993516054973,193.69332885742188,5286300
2019-10-01,195.36004037599022,195.36004037599022,189.02302686789054,193.59530639648438,5523600
2019-10-02,192.65054350686415,195.51156388877246,191.8751327416214,193.18531799316406,4921200
2019-10-03,192.18707625723334,192.83770808665918,189.8875678519992,191.94642639160156,3375800
2019-10-04,193.26551727003383,195.9571917661235,191.7503411258342,195.90371704101562,3700500
2019-10-07,195.23527035398445,198.33692704072854,195.18179562488405,197.1871795654297,3843200
2019-10-08,195.62741765392897,197.8467002970717,194.655910302639,196.1800079345703,4817000
2019-10-09,197.60608215627786,199.1747331353979,196.23350064965268,197.93585205078125,4483100
2019-10-10,194.46881331761884,199.7630303438744,193.87165603551668,199.40650939941406,5252200
2019-10-11,201.01966052147668,203.9698142533157,197.49910066853226,197.9269256591797,5891600
2019-10-14,197.53477447887812,199.05885862361419,195.99284729166806,196.6078338623047,4075300
2019-10-15,207.39233765842485,213.76499627236234,205.96628152109935,212.65089416503906,13397700
2019-10-16,210.60096066376198,211.6615881320141,208.63123559404838,211.22486877441406,5368600
2019-10-17,212.74002519222375,218.01641107649854,211.47440684564683,217.17860412597656,6301200
2019-10-18,217.8737978349481,219.62071586261598,215.47624800712563,218.6670379638672,4922100
2019-10-21,218.38184352174255,218.89878853399904,215.82385582317352,217.40142822265625,3029200
2019-10-22,217.1519267319836,224.1574031764435,216.7151936946482,222.3570098876953,5660800
2019-10-23,221.385487401346,224.38019481557092,219.90595633839203,220.85963439941406,3706600
2019-10-24,221.0646073815582,221.47460296311857,217.39253098968018,217.9272918701172,2546900
2019-10-25,217.3925773290027,219.32665747193832,215.82391243896618,218.2838592529297,2815100
2019-10-28,218.5957904352915,221.38550709006233,218.29275785806362,220.19119262695312,2957100
2019-10-29,220.1822661755441,225.6725657336482,219.53163422138175,224.8614959716797,3528900
2019-10-30,224.75451173930668,227.52639845764742,224.58516603498967,227.0985870361328,3299600
2019-10-31,226.72425862316976,227.91857291845398,222.74022806512548,225.22689819335938,3960400
2019-11-01,226.37667218678564,228.4622547617319,224.74562483984175,224.79019165039062,2919600
2019-11-04,226.05581011623144,226.23406375848703,222.74024069072928,223.93455505371094,3186400
2019-11-05,226.15384105241012,226.6262193021785,222.90065443433153,223.08782958984375,5393400
2019-11-06,222.5619081589808,224.5940288801256,222.00930438401943,223.28384399414062,3668600
2019-11-07,224.5584339490265,228.83658906436358,223.94344736621252,228.57810974121094,3646300
2019-11-08,228.8544323338861,230.25375137550895,227.27687324095206,229.03269958496094,2200300
2019-11-11,227.32142630874685,228.57812331359466,225.7884205213928,226.46578979492188,1765600
2019-11-12,226.02017883181637,227.954258966256,225.859754614158,227.4997100830078,1892500
2019-11-13,227.16097472826743,228.9524597454142,225.66362791978435,226.0023193359375,3289800
2019-11-14,226.20728564099332,228.23939311648098,225.91316106431154,228.01658630371094,2101900
2019-11-15,228.26617005989556,245.61053357185324,227.59772230591759,240.11131286621094,10136000
2019-11-18,239.75482189599668,248.17744640756462,239.75482189599668,243.25755310058594,6985200
2019-11-19,245.31632883741653,245.42327827307733,242.02749769207293,244.41615295410156,4002000
2019-11-20,242.65148279814608,246.0205270911546,241.7512794289284,245.60162353515625,4141600
2019-11-21,245.29857022457082,247.49111576638785,244.13099327996122,246.4839630126953,3309900
2019-11-22,246.4661822045501,247.57136305431843,245.10252198838714,246.7424774169922,2802700
2019-11-25,247.58014328831496,252.23263322951362,246.893866410307,251.9385223388672,4082900
2019-11-26,250.19173024251057,251.56431196090628,249.70153608582294,250.8067169189453,2998600
2019-11-27,250.45905360119548,251.2790174494555,248.39127374076878,250.15602111816406,2323900
2019-11-29,247.86541925971355,250.37883990837315,247.17911501748924,249.44297790527344,1520900
2019-12-02,251.14535697302713,251.34144003551327,248.2843503247256,249.25584411621094,2517100
2019-12-03,246.8583709979666,248.15074074839913,244.07757557335026,246.7959747314453,3239200
2019-12-04,251.00275692720695,251.19883999616965,248.34675477461042,248.95281982421875,2694200
2019-12-05,248.88151477253498,252.07231876692,247.3128773404305,251.34146118164062,3357300
2019-12-06,253.05935715155118,253.23830977914676,249.72208450768937,250.68838500976562,2828900
2019-12-09,251.20722722848288,251.29670351495614,248.20997641409653,248.3173370361328,2697100
2019-12-10,248.371027298644,250.16044388248966,245.15902780716067,250.08885192871094,2515300
2019-12-11,248.99722292908731,251.108747985717,248.75566160111603,250.96559143066406,2751300
2019-12-12,251.43986413915613,254.08819297433647,250.55411168884268,253.74819946289062,2996200
2019-12-13,254.96507665652894,257.50604546339554,254.2045689876058,255.42138671875,3599300
2019-12-16,257.6491334516011,264.33260510919746,256.8349456751439,261.2816467285156,4663600
2019-12-17,260.57487146428315,261.9527300760898,258.7228457864552,259.8859558105469,4409100
2019-12-18,260.3600273064085,263.81358707113407,260.3510714890495,262.0599670410156,3621600
2019-12-19,263.93896204600156,265.90733132875533,262.7042601599407,263.5989685058594,2905900
2019-12-20,267.42835356662147,268.4125383347158,261.7111806983464,261.7827453613281,6608300
2019-12-23,262.5342511533241,264.6994572634344,261.9795363734025,264.01947021484375,2098900
2019-12-24,264.17156529649367,264.68152824512487,262.6505503574537,263.5273742675781,714000
2019-12-26,264.207293478551,265.06623292169536,263.527333883134,264.52044677734375,1050600
2019-12-27,264.8425891869359,265.3167834518057,263.9478809661003,264.8067932128906,1547100
2019-12-30,264.8784067639429,265.31683244004654,262.5521868037182,262.9100646972656,1511700
2019-12-31,262.7399929974168,263.1247109406669,260.4942668514668,263.02630615234375,2224200
2020-01-02,263.0263877467276,264.565287301441,259.27755733096063,261.70220947265625,2543400
2020-01-03,257.0228580943841,261.1474777896583,254.41925351714136,259.0538635253906,2711400
2020-01-06,257.67593941912446,260.95057442576154,256.9780681753707,260.8521423339844,3079100
2020-01-07,260.09168407457184,260.79848389186054,257.3001715612387,259.2774963378906,2492900
2020-01-08,260.80746022272365,266.06834920928816,259.5011937961514,264.7441711425781,3379200
2020-01-09,263.3037555288619,265.9073603764223,262.7937651629374,263.2411193847656,2838200
2020-01-10,264.89635655748725,264.89635655748725,261.442767491744,264.0553283691406,2477900
2020-01-13,263.37523833599465,263.4468302796646,255.0097115268642,255.75233459472656,6994900
2020-01-14,255.52867055605617,257.89068603515625,254.32080901018185,257.89068603515625,6056300
2020-01-15,258.5885927956669,268.0904182359067,258.5707084585509,265.20050048828125,6081300
2020-01-16,266.6230322990735,269.2982009663006,264.77097985053496,269.07452392578125,3710300
2020-01-17,268.42140681095407,269.03875763258145,264.7262577002737,267.0435485839844,4632200
2020-01-21,265.62993402317454,270.6850299573765,264.8425864283477,268.88665771484375,4962800
2020-01-22,270.1929241705427,270.31819642628426,266.04149226563476,268.9403381347656,3117600
2020-01-23,268.4214577761578,268.93142077858096,265.4152235560052,267.9293518066406,3169600
2020-01-24,266.92722718315287,268.3498098704029,260.8611069958576,261.9794921875,3678500
2020-01-27,257.67593960336063,257.74750423934745,250.58091073607,254.17762756347656,4399400
2020-01-28,254.0166126974166,258.0070036926796,253.47082648780074,255.77023315429688,4341000
2020-01-29,254.0970840879575,256.05649688551676,251.3145551816607,253.11289978027344,3963800
2020-01-30,252.1646082249941,252.1646082249941,246.86794987048393,251.39517211914062,4211800
2020-01-31,248.88106977697672,249.42682884343554,242.62703893780682,243.76333618164062,5532600
2020-02-03,246.16117048502645,247.70007030042208,242.30497877571818,245.16802978515625,5646800
2020-02-04,248.0847378213796,253.6498250216108,247.72685993124566,251.2698974609375,4290200
2020-02-05,255.52870237487906,265.7283717908327,255.38554576675483,264.59210205078125,5761000
2020-02-06,265.72833417281197,265.96989555613857,259.4653768017356,261.6663513183594,3044000
2020-02-07,262.03316578743386,262.49843149002044,258.4901292361814,258.7674865722656,3425900
2020-02-10,256.0923497972726,258.8301548319502,255.3944784610671,256.80810546875,3147400
2020-02-11,256.64705812554155,260.87008201212734,255.7970743956129,260.1722106933594,2992200
2020-02-12,263.9388374379917,272.88591667317786,263.05308533109036,271.5259704589844,6701900
2020-02-13,268.537762460029,273.691263704768,268.537762460029,270.380859375,3565500
2020-02-14,270.38979638368363,271.9644917796543,266.0057310337177,267.3209533691406,2485600
2020-02-18,268.1172483611937,271.409768353214,267.5177817860954,270.3271789550781,3241700
2020-02-19,271.4275941654727,274.4159159675842,270.85499517500193,273.163330078125,3021100
2020-02-20,271.27552053790356,272.13443271205756,266.5246224713859,270.31817626953125,2885500
2020-02-21,268.8330126982283,270.6582253345428,267.1688410080891,269.6919250488281,2987100
2020-02-24,256.68280323151447,258.5616682759348,248.40675384443122,248.54095458984375,8790600
2020-02-25,250.65256743128947,252.2898991892975,234.42257030609656,235.6572723388672,8171200
2020-02-26,236.84718797950097,241.41913439667016,231.4699822294494,235.30828857421875,6806600
2020-02-27,231.2105426372178,234.54778729086024,225.52913918293748,227.18434143066406,7604300
2020-02-28,220.27715461277853,230.02948211780944,219.4719226991156,228.11480712890625,9961000
2020-03-02,230.2442347136712,244.47009147416213,223.9633921662538,244.35377502441406,8866300
2020-03-03,246.3579470332455,250.83148873603065,231.93525295215917,233.8767547607422,9188100
2020-03-04,259.4653603572018,264.6904526133933,252.4955763079127,258.9464416503906,14533000
2020-03-05,251.94980555325017,258.94642942419443,250.46458683584575,253.16659545898438,5908400
2020-03-06,246.42049235803086,254.96494293977483,243.2711026851264,253.9807586669922,5361900
2020-03-09,236.61452770613877,251.80668307856126,231.94414971562924,244.64901733398438,8070700
2020-03-10,250.26782381556197,254.00769821127014,243.80802835736958,250.51834106445312,7366000
2020-03-11,245.83014016468243,255.20666868407494,244.48807728383753,248.5321502685547,7744600
2020-03-12,232.62418019276248,243.5664735752358,223.6770963391947,224.04393005371094,10496600
2020-03-13,234.5213771854032,245.51106693147574,217.69990106389767,244.45074462890625,9308400
2020-03-16,219.18255108693623,220.76405358284927,201.23783213965555,202.21728515625,10303500
2020-03-17,207.41117362449117,223.5317597014527,205.13774340061653,219.4521942138672,9642200
2020-03-18,202.855295874011,207.9772208681046,179.8874957974328,195.04660034179688,12917500
2020-03-19,194.97468492632044,203.18773929222246,187.7500781024642,197.50869750976562,8065200
2020-03-20,200.5459135053294,209.04652176081535,182.82585467913566,185.63841247558594,9364100
2020-03-23,181.54987856607295,184.88363074764231,168.68216471268744,175.09805297851562,10654500
2020-03-24,181.63970627731524,197.93103294033983,178.81815404337425,197.50869750976562,8894400
2020-03-25,196.87071013005286,222.40845861212458,194.0940896384372,210.7089080810547,10014000
2020-03-26,210.29556810420493,231.79867211109203,208.7410219509839,229.48931884765625,7517600
2020-03-27,218.30197486543952,226.08371473035277,214.078633277591,217.86166381835938,4879500
2020-03-30,218.0323788741405,228.32116093400973,218.0323788741405,225.796142578125,5329000
2020-03-31,218.78718392286862,228.71653784292766,218.3558675298751,224.08883666992188,5450000
2020-04-01,214.48294738176,221.59972870128985,211.56255033177533,213.25189208984375,4548800
2020-04-02,211.43673112439393,217.4572387100574,203.10685702555182,216.05545043945312,4636800
2020-04-03,214.15046841094747,215.0670138890394,204.22111604122782,206.21597290039062,4650300
2020-04-06,215.66012604445658,224.0079640571214,211.27503242726945,223.15431213378906,6365900
2020-04-07,233.46108698564655,239.66131057367178,221.5368744808748,222.88475036621094,4984100
2020-04-08,222.570201870139,241.8627952681081,221.28522003180862,240.66766357421875,6390200
2020-04-09,238.12465886817952,242.977004922861,235.069480050239,237.3428955078125,4923300
2020-04-13,235.48285497336965,238.08874235988998,231.99634564105153,236.7858123779297,2964900
2020-04-14,241.7190341350111,245.37627666041104,239.92186659497386,243.06690979003906,4778900
2020-04-15,248.3056240443221,254.29019483220893,243.22863157703418,253.11305236816406,7841800
2020-04-16,254.69463373006477,269.575181558273,251.61249740234052,268.1643981933594,7738900
2020-04-17,270.4647525593647,273.1694988063316,257.9834367585267,261.092529296875,5857500
2020-04-20,256.3659595534937,259.69972535678835,252.74466776148859,253.52645874023438,4072600
2020-04-21,247.0656075810643,251.6034444494159,245.5380042707246,246.38267517089844,3977500
2020-04-22,251.22606217278692,255.03607636623403,248.64713089595975,248.92568969726562,3663300
2020-04-23,250.7587731927208,259.2054547598507,250.29151952582907,256.39288330078125,4420500
2020-04-24,258.154229335533,262.2966888025653,255.19788001895444,261.7485656738281,3265000
2020-04-27,263.4736919680086,266.7535166520006,261.1553583257976,264.1656188964844,3706200
2020-04-28,267.77799275689017,268.0026387239681,256.65352007957466,259.1156311035156,3862900
2020-04-29,262.38647572094,263.0604135866616,257.08483666178387,258.4776306152344,4258400
2020-04-30,257.57904303004983,265.0822233099536,256.5636389395853,262.8088073730469,7631700
2020-05-01,259.14263803703057,259.69076108269337,251.24407745241416,255.6561279296875,3526100
2020-05-04,255.63802684757255,258.73815108209806,253.49939359854844,258.37872314453125,2894200
2020-05-05,260.55336083880803,265.98081487471535,258.15415735858875,263.3210144042969,2501300
2020-05-06,265.1720902324415,267.49042441742733,259.1875187125827,259.4840393066406,2579200
2020-05-07,261.541821131901,262.64708917311214,255.66507489605758,256.0964050292969,3162300
2020-05-08,260.13105039207676,260.58933696680367,256.68948604222,257.8935852050781,3200000
2020-05-11,256.59956842263466,260.679146245936,256.3300042719625,259.4121398925781,3490700
2020-05-12,262.1797984134117,263.41984850632355,258.5225830078125,258.5225830078125,4214300
2020-05-13,255.6380896025719,257.3543879050651,247.61374306608755,249.80628967285156,5474100
2020-05-14,247.94618829297573,262.7908082401514,247.6856187699914,261.13739013671875,5704600
2020-05-15,262.754861624053,269.575108580426,261.23625298524206,261.451904296875,12182800
2020-05-18,268.2092924260589,269.32352752099183,262.40442155173326,263.6085205078125,4015100
2020-05-19,261.2542042808662,264.749707877737,259.5828518377269,259.735595703125,3059400
2020-05-20,263.1951608399426,263.1951608399426,257.62395834091825,258.7831115722656,3200600
2020-05-21,257.03095000679787,260.70615491816693,256.03350760418016,257.8127136230469,3604900
2020-05-22,258.163156133274,260.80499512235156,255.90772908128352,260.5354309082031,2922800
2020-05-26,266.4300131864411,266.90626135425515,262.83567911309956,264.9833068847656,4567800
2020-05-27,267.256753953447,272.98969444896966,261.30810731785016,272.9627380371094,5618900
2020-05-28,274.9217228749519,278.25546107395957,272.53148669105553,273.14251708984375,4387700
2020-05-29,273.8164377830665,277.09626294275927,270.3389231040788,273.9332580566406,6251500
2020-06-01,273.1874188066275,274.94866268158256,270.078326744055,274.9037170410156,2894000
2020-06-02,274.589202232196,276.8536507664649,271.12967683390553,275.24517822265625,2756800
2020-06-03,276.62899708821305,278.66877221182364,272.0372201287872,274.3825378417969,4360000
2020-06-04,272.43260545125406,273.5917861275439,264.44421044597976,267.8498229980469,4374300
2020-06-05,273.1694997240843,282.4069409204814,270.0244561417347,280.223388671875,5554300
2020-06-08,277.338973263693,283.8087614781112,276.70095889243447,278.0937805175781,4635500
2020-06-09,278.4710992013067,280.94220451878334,276.16173237773177,277.85107421875,3061500
2020-06-10,277.6085198250335,278.8395754139648,272.14511420748954,274.7420349121094,3296100
2020-06-11,272.5944103885916,272.5944103885916,252.3223589322137,254.95523071289062,6638900
2020-06-12,261.17344387411686,264.2735697589947,250.435381126458,256.2312316894531,5416800
2020-06-15,249.8243003339067,257.8935940908383,245.95140569659492,257.2466125488281,4494600
2020-06-16,265.47761145715344,267.39159942089674,258.28894074869567,263.2850646972656,4245400
2020-06-17,265.1720881902842,265.1720881902842,261.6945732282858,262.9256286621094,2538000
2020-06-18,260.97569051246427,262.1887841458561,257.5341265708699,261.9192199707031,2926600
2020-06-19,265.70948802586787,267.5956133212904,262.5328602978994,262.8306579589844,5172800
2020-06-22,261.52211375995086,264.4189829608546,258.3364527119142,264.1211853027344,2174100
2020-06-23,265.33050598599823,270.08642859099007,262.6772890564106,268.5703125,4023400
2020-06-24,265.3124818659078,268.11912854196044,257.7138334854607,260.9716796875,3399900
2020-06-25,260.1594041074592,267.83026210758834,258.15595538697363,267.32489013671875,3112500
2020-06-26,266.35027460608177,267.64978296923454,257.9393971007279,258.89599609375,5043200
2020-06-29,260.31287410235973,263.7692608945514,258.66136781650886,261.4950866699219,2356700
2020-06-30,260.4212016209678,267.5325447553064,259.59996503659977,266.1788635253906,2932900
2020-07-01,266.97299819356806,271.09722025519875,266.4405535517149,268.68768310546875,2303800
2020-07-02,271.1874121082319,273.51573118246387,268.19125838298976,269.1659240722656,1971700
2020-07-06,273.44350211711225,273.8856956672465,270.1314845445165,273.27203369140625,2395000
2020-07-07,271.3318935070305,273.94900527949034,267.0813417730376,267.7130432128906,2075700
2020-07-08,268.34464390203,271.5212713747868,266.8375339327066,269.256103515625,1987400
2020-07-09,266.3141544973542,269.4276039641623,259.4554992693956,262.75848388671875,3061700
2020-07-10,265.5380844100325,265.5380844100325,259.0945764853747,262.82171630859375,2391600
2020-07-13,263.5977920614646,274.8152889485741,263.3090001645659,270.4744873046875,4263300
2020-07-14,268.7598053704088,279.52607425291177,267.7671005293668,278.4250793457031,4234900
2020-07-15,271.74686907084543,280.3833580769289,269.52684055497633,274.40911865234375,5116900
2020-07-16,275.2575442127741,280.5278730502264,273.58799855680155,277.18878173828125,3844500
2020-07-17,278.93942981663884,280.6360472946466,276.3764644390517,276.629150390625,3016500
2020-07-20,276.863860228405,278.4972997053066,272.8840349293219,273.8586730957031,2375500
2020-07-21,275.27544155680914,277.0532763863889,273.5427183943998,275.3476257324219,2340200
2020-07-22,275.12208076537024,276.9721277715536,272.36960740635305,276.7916259765625,1935800
2020-07-23,278.13637953429736,278.407104762513,271.8823513553662,273.4165344238281,2367700
2020-07-24,273.7413711413203,274.5987134934315,270.04133161926967,271.44915771484375,2415700
2020-07-27,269.3193490176103,272.6584399381314,268.36274995100484,269.4727783203125,2060500
2020-07-28,268.83201793845546,271.9996125464458,268.21832832710174,270.6730041503906,2257400
2020-07-29,272.0537164024456,279.5350661589028,270.73614155825936,276.7645263671875,2672700
2020-07-30,272.25226601738484,276.56599424205535,269.73443964996187,275.45599365234375,2205300
2020-07-31,273.840618005613,274.1113431636665,268.97637818715845,273.2449951171875,3913500
2020-08-03,273.9760099067007,275.1672558110439,270.0142511194054,273.9940490722656,2628500
2020-08-04,272.45988867104006,278.7319274057798,270.79937662673603,274.7972412109375,3594900
2020-08-05,276.8998633652552,282.4319090868664,275.2664243319161,281.9897155761719,2982200
2020-08-06,281.56559938385703,285.3919948701503,280.12166772502945,283.4246520996094,3305300
2020-08-07,282.7748627977129,287.88275447350657,282.7748627977129,286.10491943359375,2600800
2020-08-10,286.077863911114,289.2093798006651,284.79636735549457,287.9730224609375,2563600
2020-08-11,291.4204572461348,292.90950083517333,283.96617840722143,284.76934814453125,3018200
2020-08-12,286.98042346585646,291.7544136934026,286.6555531871366,290.8338928222656,2915800
2020-08-13,289.3989244131165,290.4728468107016,286.83595851473035,290.156982421875,2159500
2020-08-14,289.2726617393716,292.33196699502264,287.63922192668497,292.1244201660156,1787200
2020-08-17,290.09379219465603,292.2145366444973,288.1986336596848,289.2454833984375,2772500
2020-08-18,290.5721321352398,291.19482756270986,284.9137282543782,285.90643310546875,2520000
2020-08-19,285.87029903083766,288.32497462920406,284.4354006997615,284.6339416503906,2066700
2020-08-20,284.11954999431856,284.5256652667096,281.5746509203123,282.765869140625,2245600
2020-08-21,280.9158546786809,284.5256703530616,279.84193231229597,283.49688720703125,2488500
2020-08-24,285.9063947738788,285.98761231343707,276.59306466799507,278.7138366699219,2922200
2020-08-25,281.74605996150257,281.89042831963525,277.77524159531225,281.76409912109375,1879300
2020-08-26,280.64513510668695,280.98804446838534,273.9940264600303,278.6958312988281,3178900
2020-08-27,280.1307519201283,284.0654381753543,275.690666082983,281.2678527832031,2321000
2020-08-28,281.87245688160067,285.01300646920487,278.8311915473557,283.7044372558594,2883500
2020-08-31,284.1737477559499,288.3881924312343,282.05297538903,282.0619812011719,4341600
2020-09-01,279.90506952743675,284.0202565877052,279.7606736168146,282.3146057128906,2487100
2020-09-02,282.0710512135606,289.9404520649801,282.0710512135606,289.00189208984375,2846500
2020-09-03,290.5902066399832,292.23267963511057,283.12692149590464,285.383056640625,3872500
2020-09-04,285.6086161220864,286.82690683718266,276.719439825449,281.56561279296875,2901000
2020-09-08,280.6902667200413,281.0783153305496,274.1925868990886,277.27899169921875,2594500
2020-09-09,279.47194020384603,284.56179383939286,278.3348669236974,281.58367919921875,2195600
2020-09-10,282.2244054577253,283.7675938464096,274.09328736882856,274.887451171875,2421200
2020-09-11,276.44605764350985,277.70562306763475,269.39603653565905,273.1929016113281,3085900
2020-09-14,274.5793285507574,281.9283739968499,274.5793285507574,279.6176452636719,1795500
2020-09-15,280.95876672739263,282.2364732443556,277.33407680268283,278.40338134765625,1468300
2020-09-16,280.0707048983729,282.9523264377397,277.46999458524834,277.75994873046875,3438200
2020-09-17,275.9295596625235,278.5393412032144,273.763793851258,276.3645324707031,2394100
2020-09-18,276.3917323068904,281.266945649963,275.2680594018858,279.1192932128906,3795400
2020-09-21,272.2776977394728,272.3320658862346,264.29431889100556,271.1177978515625,4124700
2020-09-22,270.4381240154878,272.4135734350794,265.4360617542914,266.65032958984375,3163600
2020-09-23,267.3208881289615,268.3176834121448,264.44830912935913,264.729248046875,3709900
2020-09-24,264.774537284348,267.25744101277303,262.4638085382492,265.200439453125,2869100
2020-09-25,263.9228054078157,274.8149915759167,263.89562133231067,274.11724853515625,2455800
2020-09-28,277.6422565026149,280.9225971299608,274.4162563687164,274.77874755859375,2575700
2020-09-29,275.1774206128501,276.8357041523674,272.4679459801262,275.61236572265625,1797800
2020-09-30,275.4945877879103,285.00940022230907,275.46740371569405,282.5174255371094,3497300
2020-10-01,283.5504436500933,285.5984023736773,280.1432261604188,283.6954345703125,2731200
2020-10-02,282.8164083812444,287.610068066354,279.42730483861936,282.7076721191406,2338000
2020-10-05,285.50782848187623,288.54351244347765,283.7407807216947,288.298828125,1638600
2020-10-06,289.0237605689025,290.24707145020324,284.07603828350057,284.94598388671875,2434400
2020-10-07,286.18737510626755,294.27041745902676,286.18737510626755,292.8477478027344,2596600
2020-10-08,293.08337415801867,294.8232375800025,290.8723109768807,292.1590881347656,2056700
2020-10-09,294.1980283664874,297.3787033524605,293.52746942634104,297.07965087890625,2028900
2020-10-12,298.2394525276214,302.2628601509559,298.13978683874586,299.00970458984375,2424200
2020-10-13,297.67775484851666,302.3898643126687,296.9618706172731,300.32379150390625,2713500
2020-10-14,291.85106199049784,299.5535303064064,290.1565233856696,291.6517028808594,4455400
2020-10-15,288.93317654473526,296.2912945871575,286.649603597641,294.1164855957031,3172200
2020-10-16,294.92291123408876,301.16645339568555,294.26142296935535,298.9463195800781,3293300
2020-10-19,297.7140509890564,299.74386942671106,291.84204066758116,293.79937744140625,2482100
2020-10-20,295.97408333509213,297.7864284931337,292.9474702396659,293.0652770996094,1988600
2020-10-21,293.06524047285654,295.85623949958193,291.95063838445265,292.50341796875,2139000
2020-10-22,292.0775809407441,297.27900320490204,292.0141422169873,295.1676330566406,2100600
2020-10-23,298.2758280117287,304.15688035529774,297.34247117818944,299.5807189941406,2349500
2020-10-26,295.7023318108458,296.99815235267613,288.65230812585037,292.7481994628906,2408500
2020-10-27,292.74813767130325,293.1468558545074,289.4587264869663,290.4374084472656,2427700
2020-10-28,283.93108469336113,287.99074841307646,278.5937417808727,279.1011962890625,3301400
2020-10-29,277.8234585464818,280.44231067626237,273.17478860966963,275.1864929199219,3279200
2020-10-30,274.77875881987757,278.3490814837702,271.48934748171587,276.5095520019531,3556800
2020-11-02,283.3058999318706,283.3058999318706,278.5212806204242,282.8165588378906,4519000
2020-11-03,287.68259353045795,295.8109622116591,285.46245977548926,291.19854736328125,4043900
2020-11-04,312.8379636647772,326.6208405953513,309.13172120316,321.29254150390625,10344900
2020-11-05,324.47321798182986,327.1101834725714,316.8704168641472,321.1475524902344,4786500
2020-11-06,317.48650613666,318.97264194701205,312.23978855655497,314.8586120605469,2994900
2020-11-09,331.94004089679567,333.42617704678327,316.2360838934965,317.1603698730469,4635300
2020-11-10,316.6983354894377,322.5069066845951,315.50220836354373,320.5042724609375,3733200
2020-11-11,322.7424808598403,323.3314875998957,316.62581496977964,318.7009582519531,2048200
2020-11-12,318.42905824918523,326.6933482515882,316.93387893302054,321.1566467285156,2907300
2020-11-13,323.37675138404666,324.35543331054186,319.68864979808916,322.2984313964844,2442100
2020-11-16,325.270605808054,325.84147121118747,318.0755944794458,323.3404541015625,2790100
2020-11-17,319.3262133554349,320.20517433281566,314.8950155461099,319.06341552734375,2557600
2020-11-18,320.268591384555,320.83041399995795,310.89876955085583,312.185546875,2722500
2020-11-19,310.1738181308503,310.8806316324783,302.9606645300194,305.3801574707031,3935600
2020-11-20,303.56786126218947,305.9782840163869,300.5865452696036,303.2960205078125,3702000
2020-11-23,304.0662081122076,304.7096105760907,300.477772321099,303.6221923828125,2535700
2020-11-24,304.6371576651016,308.09874431172926,303.05135530467356,304.4831237792969,3759700
2020-11-25,307.02939885002746,307.02939885002746,298.25765495099074,301.9276428222656,3145100
2020-11-27,302.23567947356713,307.10182083702176,300.704245905193,306.2319030761719,1558600
2020-11-30,303.667562993844,306.2320475823954,299.29983098184834,304.78216552734375,5265700
2020-12-01,312.4210873821393,320.8756924156051,308.03521573729205,309.177001953125,3817700
2020-12-02,309.7025938201498,318.8186877952595,309.45793717818293,314.9493408203125,2864300
2020-12-03,315.257450375426,319.67050662986827,313.9797436570152,315.9642639160156,4169200
2020-12-04,314.6637698997906,319.63836875951,314.43641168454513,318.20147705078125,3255100
2020-12-07,317.13741229720114,318.2014609021729,313.9543974453008,316.35528564453125,2999400
2020-12-08,313.5269629121838,318.2105363578141,312.91763071462634,316.35528564453125,2471200
2020-12-09,317.29198079685796,317.76487579875936,310.67128424814126,313.21771240234375,2600400
2020-12-10,313.8998387520563,314.1726574994239,308.5341906088909,308.88885498046875,2896900
2020-12-11,307.50656873103225,308.1886434455439,304.05070685862506,306.5425720214844,3071700
2020-12-14,309.2344658413849,312.144662203705,305.4421184617238,305.68768310546875,2479000
2020-12-15,308.42498425563207,310.1256187713631,306.51517025127475,308.906982421875,2616500
2020-12-16,306.324218014523,310.71679369669357,303.98699696238026,308.6069030761719,2365600
2020-12-17,309.0343621656651,311.5716874866131,306.7607801316905,310.7259216308594,2525700
2020-12-18,311.4989551094341,311.580800742144,303.7505965889721,307.7339172363281,8742700
2020-12-21,301.99543483093316,306.4334724858158,299.56723641394757,305.6422424316406,2892700
2020-12-22,304.80550727264915,306.46068166588526,303.26856358659956,304.6690979003906,2069700
2020-12-23,306.01499934190707,310.7076753890156,305.59666807230536,307.015380859375,2348100
2020-12-24,305.96956008660584,310.48944201531094,305.96956008660584,309.92559814453125,1360600
2020-12-28,312.12645168103563,316.2916698229397,311.99004229946433,314.6183166503906,2308200
2020-12-29,316.47350203543294,319.47464684082354,313.75430692327734,315.8914794921875,2275700
2020-12-30,315.6459506397108,317.4011771845803,313.27234415324705,313.7452392578125,1866000
2020-12-31,313.7906747108376,319.2927315869486,312.8903174420003,318.91986083984375,1969000
2021-01-04,319.62011496863926,320.1930342232982,309.55268890297674,317.8467102050781,4203800
2021-01-05,317.1101868489943,319.538357354587,313.2814817883242,313.5724792480469,3160500
2021-01-06,306.5788980873803,326.9320099330809,304.7600323675313,326.73193359375,6561400
2021-01-07,326.0680355218548,333.2616521158354,325.504191640903,331.9702453613281,3366700
2021-01-08,333.76179846692406,334.2074116054969,326.26808195473086,330.478759765625,2947800
2021-01-11,329.7785464215324,331.2973115423711,326.6591983048074,328.0779113769531,2695100
2021-01-12,325.52244229612603,327.46861443671077,323.0578866973059,325.0040588378906,2372500
2021-01-13,323.7945037182828,324.49475707343055,319.42013360539556,322.88507080078125,1974500
2021-01-14,324.53109973124157,326.31358024546586,318.6834534971266,318.7834777832031,2919900
2021-01-15,317.5012379280599,321.0753028829758,314.4273500112832,319.4837951660156,3777000
2021-01-19,323.9490927207799,324.6311674109033,319.7202351927528,320.2931823730469,3361300
2021-01-20,320.0112782659218,320.193148207901,314.5091921393313,319.0654602050781,3036800
2021-01-21,319.03813744963367,328.2052361645644,318.97447048893696,322.8486633300781,3749800
2021-01-22,321.31173718513054,322.50309206942086,316.064319318857,316.0733947753906,2585100
2021-01-25,315.70961594477717,318.6561973223855,313.3905732227943,316.3098449707031,2506300
2021-01-26,318.7653484142677,319.6747813535079,311.54444865640517,312.0355224609375,2467500
2021-01-27,306.5152817776334,307.38832961734755,299.21253647704935,302.8320617675781,4770900
2021-01-28,306.1514033340756,315.19113783135253,304.2143074583447,307.5246276855469,2769900
2021-01-29,306.05139847189406,308.3158771102802,300.68575086382185,303.3685607910156,3899200
2021-02-01,304.6872945838039,307.5247207093276,302.6046855318734,303.7505798339844,3020200
2021-02-02,306.5698444405945,313.42697646327275,306.5698444405945,308.0431213378906,2663700
2021-02-03,307.38829333145475,309.35267155419285,304.29622729246745,307.28826904296875,2537100
2021-02-04,302.2227136734222,304.9237301898866,298.64864944311995,299.4944152832031,5962200
2021-02-05,302.03178591280044,303.27773245902233,294.1834022902658,295.1201171875,7227900
2021-02-08,297.3936213103793,297.4026967656436,294.4834253222855,294.9654235839844,4758200
2021-02-09,294.5653067500966,301.05867088949003,292.5736465059088,299.7763671875,4096900
2021-02-10,302.5319236175017,305.35117089519724,299.9036494599549,303.20489501953125,4122700
2021-02-11,304.65998377502444,306.1605423234776,301.47696901916595,302.90478515625,2776700
2021-02-12,301.6407196917092,302.2955125377887,298.18488552021233,298.51226806640625,2760800
2021-02-16,297.71192994723356,299.9673334481751,293.273920870447,295.2200927734375,4339000
2021-02-17,294.1651058702124,298.8396034686026,293.0555968189214,297.2571716308594,2620000
2021-02-18,296.3842451637862,299.73095234956827,295.74765863864826,298.66693115234375,2383500
2021-02-19,298.9760322812393,299.066981111758,294.75625077761447,295.1836853027344,2313800
2021-02-22,292.38259250931526,299.248797810472,291.3367505285253,297.9665222167969,2688300
2021-02-23,300.10377690896934,303.6960482421836,297.05719866222114,299.6672668457031,3225700
2021-02-24,298.73961951279836,303.3868362981934,296.51152544759304,302.1227111816406,3360500
2021-02-25,301.02220952576795,303.386739985166,297.7118613318742,299.0851135253906,2780100
2021-02-26,300.61304023377136,307.30648094863506,299.9764538427706,302.1318054199219,5430000
2021-03-01,304.077962018129,308.21589824145286,303.45955432552967,304.3417053222656,4198900
2021-03-02,304.65996302579987,307.08816061437284,303.65050602231867,304.33258056640625,2568900
2021-03-03,303.1321257050195,307.5337768092756,302.6410242573893,302.7228698730469,3039700
2021-03-04,303.9052301278501,309.9711325422156,302.54108066238535,303.57781982421875,4991600
2021-03-05,304.68735158714975,316.7464426304253,304.6782483755287,315.6642150878906,4563100
2021-03-08,315.5823045643162,321.93923135307375,314.3000009056029,318.45611572265625,3419900
2021-03-09,320.9570419196574,328.5326050720494,319.5201225270353,320.1021728515625,4277600
2021-03-10,321.8573976792613,322.3757810878476,316.9373624101135,317.937744140625,3012300
2021-03-11,318.9926884307995,323.7308260026036,318.183279839331,321.1207580566406,2520500
2021-03-12,322.3255352827862,325.6567530864856,321.24857066805544,324.9266052246094,2088700
2021-03-15,325.74789372386294,326.6788005386257,320.84686695607644,322.973388671875,2343400
2021-03-16,322.6540277793244,324.3241902559526,321.175516899489,323.6305847167969,2904200
2021-03-17,324.1507582312131,326.7974772245736,321.1024371545997,321.421875,2633100
2021-03-18,322.05165454262374,332.501665670895,321.56794386690746,330.4299011230469,3311600
2021-03-19,330.31119577828207,338.1053222412427,327.6553415737937,333.6515197753906,8572900
2021-03-22,333.12231330338864,336.38963771037,328.65937359989556,334.8198547363281,3505200
2021-03-23,336.63602723603316,339.09109493332386,335.1483808783119,336.31658935546875,3100100
2021-03-24,334.0805481204578,341.15369204690404,333.58772975858415,338.2331848144531,3407800
2021-03-25,338.233254031771,339.61135761022774,331.6529549728682,338.6804504394531,3021500
2021-03-26,339.21895793401137,344.1290948420787,337.95036942317853,343.5997619628906,2959800
2021-03-29,343.4901119457109,347.26855319982116,342.2397670778094,345.9543151855469,2740400
2021-03-30,344.57630462125206,346.7028274777777,339.32848627763536,340.9347839355469,3066000
2021-03-31,340.2410558547102,344.0742549821645,339.3283920483915,339.5748291015625,3356500
2021-04-01,339.693382008419,340.14057823197356,333.81582656049784,335.01141357421875,2977700
2021-04-05,337.33876405405675,340.0858907992012,335.5317076907571,337.849853515625,2709400
2021-04-06,336.57212203397387,337.4939212942827,331.04138217669316,332.5472717285156,2698600
2021-04-07,332.3829863921611,333.9253902327911,329.06087724240894,333.70635986328125,2158900
2021-04-08,331.39734329806635,334.86548249390796,331.39734329806635,333.02191162109375,2426700
2021-04-09,336.1797334190182,343.718317851333,334.9476316558207,343.4353942871094,2483200
2021-04-12,341.77433065101445,346.657059424887,341.36362082317135,343.4171142578125,3057300
2021-04-13,343.38976423317024,346.18251331011265,341.63743743377034,341.7926025390625,2652300
2021-04-14,342.5592332690043,344.9960579121187,341.86559985628617,342.82391357421875,2805600
2021-04-15,346.81213579379033,358.0926434731465,346.81213579379033,355.9479064941406,4488300
2021-04-16,359.5165423000816,359.5165423000816,351.7953863706684,356.8606872558594,4532400
2021-04-19,355.9389067576975,359.0328506239986,354.5425321606628,355.7928771972656,2965400
2021-04-20,355.81108003725643,363.13066121653713,355.4095336070369,361.8985595703125,3348100
2021-04-21,364.0250531993353,366.41625564156203,360.9037587438057,363.97943115234375,2473300
2021-04-22,363.64177051146663,363.933829615077,358.8502855112477,361.90771484375,2718600
2021-04-23,361.06805418471066,366.8817182323221,360.0458751678501,365.34844970703125,2263200
2021-04-26,364.8920503677311,365.065458688791,360.6937920223532,361.2870178222656,1642300
2021-04-27,360.1918669397623,361.7159997542992,358.0379660781969,360.04583740234375,1758500
2021-04-28,360.6664590002867,362.31837818232066,358.9506466703251,360.12799072265625,1886500
2021-04-29,362.099358013648,367.0368724507023,361.68864816799123,366.4801330566406,1996500
2021-04-30,365.97826992263015,366.76314760623023,363.5597158539496,363.97039794921875,2328100
2021-05-03,365.97817884113044,371.2442388689533,365.54922574685105,370.4502258300781,2568500
2021-05-04,370.0669340242248,376.4464451833622,368.2598496422787,375.4151306152344,3237200
2021-05-05,374.648427586411,376.7019207948627,371.2715609471545,376.4737548828125,2767600
2021-05-06,376.9300788800372,380.4438394231044,376.5285046549847,378.72802734375,3058700
2021-05-07,378.7555185010765,382.42441735226186,377.90674775862414,381.174072265625,1851000
2021-05-10,382.6524430733131,388.7764356513481,381.69415747046844,384.1309814453125,2489300
2021-05-11,384.2314759344034,385.4088200844826,374.7488852851179,375.74371337890625,3024000
2021-05-12,373.54417658779386,374.9679298955659,369.3367819630951,369.9665222167969,2888100
2021-05-13,370.79699658842554,377.0943703724713,369.00818358491676,372.87786865234375,2637500
2021-05-14,375.0956545780117,376.5559221051716,372.823130820625,374.00958251953125,2072900
2021-05-17,373.5623159561206,376.4828504612064,372.8869538408855,372.94171142578125,1583900
2021-05-18,373.9092307033929,376.89363127266347,370.7879082836633,374.5389709472656,2694800
2021-05-19,373.72670429268163,374.84929083478755,368.9443547175481,373.73583984375,2783100
2021-05-20,373.76312281965306,377.6875651569103,372.6588076628071,372.95086669921875,2105800
2021-05-21,374.8857051506232,382.0683631477399,373.6992257722237,375.6797180175781,4295400
2021-05-24,376.3551404922863,377.7515148947732,374.1191310496603,375.0591735839844,1883600
2021-05-25,375.88055877241294,377.7149939106436,373.179081958991,376.9757385253906,2285600
2021-05-26,376.1086913485531,379.029198283118,375.1138913239305,377.1217346191406,1903900
2021-05-27,378.682486877797,378.85586738060255,374.5389853097848,376.6563720703125,2041800
2021-05-28,376.6564263331766,379.1844954681696,374.210465759775,375.9445495605469,2367900
2021-06-01,377.59639031732434,377.59639031732434,370.6875189171417,371.1986083984375,2199600
2021-06-02,373.4072429317383,373.4072429317383,369.21809200120424,370.4045715332031,2232900
2021-06-03,368.259849448307,373.97313384442594,367.65748798797557,372.330322265625,2281200
2021-06-04,375.0682400001137,375.1047543441881,369.30933468593184,370.212890625,2990900
2021-06-07,371.41769875561135,371.6458647341807,363.86997821136407,365.2937316894531,3353800
2021-06-08,365.7225964771575,367.5753026613966,363.924647886361,366.65350341796875,3051300
2021-06-09,368.10464978165226,370.34068705994775,365.549202479846,366.0694274902344,1925700
2021-06-10,366.80871557706536,367.6666217874851,363.6691498394207,366.4253845214844,4033600
2021-06-11,368.1229683501968,368.1320760491117,360.30143249489623,363.13983154296875,3094300
2021-06-14,362.60131999307663,364.58181271262134,360.620855125821,364.29888916015625,2674900
2021-06-15,365.0289858371774,366.4344958115333,361.8437982607879,365.321044921875,2845800
2021-06-16,366.06942496748377,367.9403744592391,362.026331358019,362.5556640625,3330800
2021-06-17,361.414779693196,363.30399999886725,360.146163940834,362.6468811035156,3532000
2021-06-18,354.7509249101085,359.6790433624283,354.7234458388027,356.6653747558594,5521400
2021-06-21,356.66537736616885,365.6697351719361,356.52798200863464,364.6346435546875,3839300
2021-06-22,366.96129222969176,366.99794031107166,364.4056546279279,365.20257568359375,3964600
2021-06-23,364.4056937827279,365.486574688062,362.0698605553755,362.33551025390625,2942100
2021-06-24,364.86370030388264,368.38116176008236,363.5080006778718,365.36749267578125,3309100
2021-06-25,366.49419167400055,375.5443400069768,365.50488903891386,370.93682861328125,16928900
2021-06-28,370.9368721766809,370.97349231243015,364.5064881563199,367.739990234375,3193300
2021-06-29,368.2070184277938,369.3337161329309,364.09415947824897,364.6620788574219,2458800
2021-06-30,364.14922036943744,367.6849919300252,363.4713565718608,366.8056335449219,2875600
2021-07-01,368.262012857249,371.1749061916029,368.06049035242796,370.8818054199219,2678100
2021-07-02,371.0650721946826,375.4435821755878,369.95671214952614,374.9764099121094,1982400
2021-07-06,374.34436487959573,376.625211974359,371.6329656847057,375.8008117675781,2615300
2021-07-07,375.8832552132449,377.5595347296298,372.99784046461275,377.0832214355469,2270400
2021-07-08,374.28931165625863,376.32284671061643,371.05581061463903,375.51678466796875,2032300
2021-07-09,377.8801268415023,378.53965258123134,376.1488892461495,377.4953918457031,2078900
2021-07-12,376.4969967257397,381.4251163668537,375.8466399117577,381.0953674316406,2802600
2021-07-13,381.40673782245557,384.4387166788343,380.7930012530415,383.38531494140625,2948900
2021-07-14,385.4279664143573,387.0401464712677,378.6312152235353,379.9044494628906,3538700
2021-07-15,377.3122756249385,386.3074669949299,372.99789243858754,384.7685546875,3546500
2021-07-16,385.9684525548749,386.82035977259886,382.56093550116924,384.4479064941406,2625400
2021-07-19,382.19452523146225,384.29218784551506,372.64058459253016,374.70159912109375,3611300
2021-07-20,376.47860846879234,382.6433412452218,376.12135257554127,378.28314208984375,3186700
2021-07-21,382.02958580580645,382.1853191769257,376.32285648483344,379.8128662109375,1863700
2021-07-22,381.07690194824954,381.8188647586096,378.97926780749907,380.847900390625,1421900
2021-07-23,382.79905974714944,384.118111167716,381.04948421078274,382.6158752441406,1611700
2021-07-26,381.8189388072662,382.5884087898896,376.3870275159966,378.8052978515625,2232600
2021-07-27,377.3946578579601,380.38084783395925,375.0679936449332,380.2342834472656,2630600
2021-07-28,379.6754702757555,379.6754702757555,372.6313790741521,374.8023376464844,2446600
2021-07-29,376.73507112964927,377.92586814167356,374.11530652147815,377.4678649902344,1597300
2021-07-30,376.258799366341,379.0159596328283,375.7916271550328,377.5961608886719,1864200
2021-08-02,378.83278208065525,381.461716035118,378.1366082556166,380.664794921875,1806500
2021-08-03,380.89376741866477,386.6829342635354,380.2159037102943,386.46307373046875,2496500
2021-08-04,386.60050609100233,388.07529099285534,384.4570543799615,386.13336181640625,1995400
2021-08-05,386.6096646864729,386.78370814140015,373.62986946020766,376.6526794433594,3598600
2021-08-06,377.40379705669307,381.7639684106509,377.40379705669307,380.2525634765625,1944000
2021-08-09,380.0968800010683,381.2693671154274,375.8832448245502,376.35955810546875,1509800
2021-08-10,376.0297363200444,378.9059814217175,374.2526819507277,377.19305419921875,1441800
2021-08-11,378.3381441212235,379.1625443379697,373.28179856478823,373.4924621582031,1542600
2021-08-12,372.81468471671144,374.3993861919556,370.34145572483027,371.8620300292969,1939900
2021-08-13,372.8879249876674,375.608465493046,371.8253820153445,375.2604064941406,1537800
2021-08-16,375.41614993836623,382.35949577518903,373.11696437585766,382.1671142578125,2377500
2021-08-17,382.06624649131635,387.0126750909692,381.6357223973037,386.3531494140625,2258000
2021-08-18,385.95929636577847,386.17912895306284,382.05710021570167,382.2677917480469,3037000
2021-08-19,380.49082185506217,392.371428446414,377.76111215311107,391.9500732421875,3204500
2021-08-20,392.37131026049366,395.1284702571895,391.0522589317624,393.6170654296875,2401900
2021-08-23,394.3956904745352,394.3956904745352,389.2110911967023,389.6324462890625,2375900
2021-08-24,389.779043093661,390.1637780912537,386.29822986760274,387.8462829589844,1619300
2021-08-25,386.41722366642,388.0385445878077,384.21881436245457,384.48443603515625,1939000
2021-08-26,384.5119726236127,385.99592638121266,381.6357272421825,381.8372497558594,1385400
2021-08-27,382.89984822014753,385.043299864084,381.1685826879505,383.58685302734375,1621600
2021-08-30,383.58684938009475,385.24481872935337,382.78992828401203,383.16546630859375,1284200
2021-08-31,381.97472510755784,385.40058060319416,379.4282280583462,381.3060302734375,4249100
2021-09-01,381.5533251160491,384.6036142195572,376.69847427800045,382.2952880859375,2034400
2021-09-02,383.9532151116231,388.7530793163758,383.11047699148213,388.12103271484375,3137400
2021-09-03,386.49058898493416,388.3867290172338,385.28145377990563,387.34246826171875,1604800
2021-09-07,384.99753316889075,386.79292609381554,382.5059942904673,385.85858154296875,1920300
2021-09-08,385.8128271682034,387.3517115674246,379.4099498953091,380.5,2262500
2021-09-09,380.4541216842983,384.9242377046083,379.1625492145883,379.73046875,3508500
2021-09-10,381.9917954112167,382.3962552330608,370.0694879661083,371.2828674316406,4215800
2021-09-13,375.0240468828158,383.1407614499002,373.6176389253512,381.0357360839844,3068200
2021-09-14,383.8577253511323,383.8577253511323,378.14016616341536,379.2156677246094,2879800
2021-09-15,379.197287952228,387.3783827122428,376.4212487926033,383.79339599609375,3180600
2021-09-16,385.76974784298596,389.19842651634735,381.44019383485954,383.1683349609375,2262700
2021-09-17,381.4493612829007,387.0749925854971,381.4493612829007,386.2201232910156,4534200
2021-09-20,383.2418786936743,385.4296025198257,375.70425041409925,379.3627624511719,2799800
2021-09-21,381.4861945555346,384.9516501553985,378.91235704597767,379.0318603515625,2382200
2021-09-22,372.2296910545102,378.71939494702997,372.2296910545102,375.68597412109375,3629400
2021-09-23,376.6970195397612,381.3391056863457,374.5920221668776,375.07000732421875,2681600
2021-09-24,374.0681008861135,374.94137276887454,372.4962395495651,374.19677734375,1950400
2021-09-27,374.88619494393924,378.8572396469489,372.2480330028985,372.5329895019531,2608600
2021-09-28,370.0786478224608,371.36555254257013,364.94937522402813,366.4201354980469,3115400
2021-09-29,364.9310932740679,369.3893250870197,363.8280157761985,368.0656433105469,2056300
2021-09-30,369.0582678523601,370.89671103564797,358.91925481862387,359.1766357421875,3779900
2021-10-01,359.96722190929574,361.88839188842036,352.1722118252,360.73016357421875,3146600
2021-10-04,359.9855533727066,363.23040445236074,353.67970675174456,355.7479553222656,3074800
2021-10-05,357.88973999066997,364.0209605018924,357.7978122187448,361.64935302734375,3269400
2021-10-06,359.1858311703331,362.8902930031089,354.6724498615061,362.4031066894531,2809200
2021-10-07,364.7103508234068,375.19867206566727,364.6643729144993,372.00897216796875,2813700
2021-10-08,373.58084745161693,376.0719300904598,370.1153921775835,375.4652404785156,2012200
2021-10-11,375.042439923344,378.0023348115024,371.5585819527121,372.27557373046875,2164200
2021-10-12,372.38587115865334,375.391743923783,369.81206174585054,370.66693115234375,2415700
2021-10-13,370.7588450936441,372.5697128083576,365.95130591894326,370.9518737792969,3021800
2021-10-14,391.2758831794734,398.48257740688564,384.0507865658767,386.40399169921875,6038800
2021-10-15,387.95750884497903,395.71574226878784,387.45194812888684,393.4912414550781,3312000
2021-10-18,393.42682810083807,393.42682810083807,389.6028630408578,390.3198547363281,2232800
2021-10-19,392.35138050196633,393.2614290481658,389.1984568466679,390.09930419921875,1616800
2021-10-20,392.5076828419161,400.3486431592608,392.3606039972773,399.9441833496094,2764000
2021-10-21,400.3210531959311,406.7556051416751,399.93496773612156,406.5533752441406,2465100
2021-10-22,405.22963328660114,412.9970667689706,404.8803246018438,412.8775634765625,2736200
2021-10-25,413.64975074832535,416.07650941787665,410.3773238532654,413.1809387207031,3553500
2021-10-26,414.10015519213755,420.7369366762835,411.4344179979201,417.9149475097656,3103900
2021-10-27,417.914963859966,423.2464384569857,416.8486633300781,416.8486633300781,3520400
2021-10-28,416.40745677156673,420.91163777958275,415.9662202284336,418.6503601074219,1672600
2021-10-29,417.7035661919611,424.11974421962685,416.4626111969679,423.2740478515625,2497800
2021-11-01,424.5149846039592,428.13672045175,414.7344519656313,417.4277648925781,2203100
2021-11-02,419.40404906954126,419.5695022221511,413.99902166495445,415.5249328613281,2600000
2021-11-03,414.0358372195524,420.5622886389533,410.92886348450105,420.38763427734375,2438200
2021-11-04,420.6358207764287,421.4723158206057,415.6352528973954,419.8636779785156,2517300
2021-11-05,420.8472657649295,424.2391961401292,417.85979518884017,418.9904479980469,2905000
2021-11-08,419.94643661656005,426.69352048587126,417.61160565855437,425.2503356933594,2279900
2021-11-09,425.2502822243711,426.9508477553477,423.10850828919143,426.8405456542969,2657800
2021-11-10,427.79654556140434,428.35725726132904,419.74415552538375,422.75,2818200
2021-11-11,422.84193444302133,423.62327841062773,418.6502862066491,420.4427795410156,2246800
2021-11-12,423.4577961620637,423.7611269250429,420.1577661708173,421.9134826660156,2609500
2021-11-15,421.00350830304257,421.19653699147386,414.1093460491718,414.3851013183594,2849600
2021-11-16,416.39824886330115,421.3252919987022,413.07067063820466,413.30047607421875,3383800
2021-11-17,414.00825173052533,417.2898516958121,412.4823404277345,412.6845703125,2281500
2021-11-18,412.48232160901534,416.23273342070274,410.99315904236323,413.16253662109375,2073800
2021-11-19,411.93085807753215,413.14423755181275,403.997969679399,404.45758056640625,3536100
2021-11-22,407.04971696903937,407.90458632724085,402.05835039737855,402.19622802734375,2598700
2021-11-23,400.7899155436958,411.3701396381246,400.7807143487012,411.01165771484375,2857000
2021-11-24,410.5611941922564,414.55061301017605,409.6419724908255,413.7968444824219,2248800
2021-11-26,408.9800339414404,411.97667689585126,402.8120376020928,404.3747253417969,2480600
2021-11-29,407.72995665430017,416.4809367455134,404.96309048507317,415.4881896972656,4079700
2021-11-30,410.9471947916267,414.890663200331,405.6065196887567,408.33660888671875,7435400
2021-12-01,416.306291588444,419.09153196585834,408.26310243969107,408.4469299316406,4325500
2021-12-02,407.3530797357619,411.7102095516557,403.7405452849718,409.9912414550781,4738700
2021-12-03,412.9423381180895,419.09355639467566,410.5445892205541,414.3717956542969,3038300
2021-12-06,416.9816785275719,425.8626597383848,416.40067554833513,424.3225402832031,4721500
2021-12-07,426.7572160841876,429.52387550774796,424.43323230020627,428.5832214355469,3105200
2021-12-08,429.8374290246588,433.60010162019705,426.51743207092363,432.3919677734375,3228300
2021-12-09,432.08765557212695,437.5748748149928,431.0086459883334,436.5050964355469,2977400
2021-12-10,435.2877031641527,441.2636970173672,434.3747146572119,441.03314208984375,2572300
2021-12-13,439.9172854800777,442.9052968148763,437.14142297819376,440.9501953125,2724800
2021-12-14,442.434871008714,445.46898149582205,440.06475978623945,442.16741943359375,3018000
2021-12-15,443.2187853281423,456.86762538050397,442.79457215421,455.9269714355469,4188600
2021-12-16,455.5858439131706,458.3063756249785,451.98916392928606,454.5252685546875,4080800
2021-12-17,453.1972821338572,454.7742701659644,448.5492863012131,449.2317199707031,5707200
2021-12-20,444.5099268714988,447.2858173710848,438.29417465947256,446.1053771972656,3145600
2021-12-21,449.1394427478436,450.9654479449507,444.6943650388641,449.3146667480469,2536000
2021-12-22,449.2594280349339,456.9138702510784,448.1066531358686,455.696533203125,1687500
2021-12-23,456.4987646473655,459.403751157248,454.4791011946853,456.8492126464844,1706500
2021-12-27,459.89257669805346,461.38656831517056,458.0112685140845,460.6488037109375,1349400
2021-12-28,462.9543391646458,466.0161156523061,461.4787818572504,463.82122802734375,1495500
2021-12-29,465.5181557544459,467.76837454145533,462.95438558156366,466.25592041015625,1573900
2021-12-30,468.4230509703476,469.62195348078154,464.47595173372633,465.1952819824219,1309800
2021-12-31,464.92787454379516,467.4455164289907,462.99120745555103,463.08343505859375,1695400
2022-01-03,461.10983417838736,463.78426558783985,454.7003962257435,463.2124938964844,3033600
2022-01-04,464.06103328499165,464.56824293782887,452.69927813741157,452.71771240234375,3908100
2022-01-05,456.28670157719574,458.34326195884097,451.6018371582031,451.6018371582031,3921100
2022-01-06,442.66549426488507,446.4834976619985,427.0984198802103,433.1205139160156,6555200
2022-01-07,431.3129670182177,431.5711874283817,420.1172054874413,422.92999267578125,5494200
2022-01-10,420.53217615927423,429.62524873995653,419.0935157028738,428.8321533203125,5831800
2022-01-11,430.86101205713715,433.8582257827335,424.8389191434645,432.52099609375,3332800
2022-01-12,432.49338816462443,438.3494890824378,430.067945770236,436.8739318847656,3502300
2022-01-13,438.8752117548428,439.4838520806387,429.73600979257316,431.0732116699219,3005300
2022-01-14,433.34184339303334,436.36672298833787,428.90594058956543,432.23516845703125,3665400
2022-01-18,428.9890251645744,429.4870036259407,422.6994789574297,425.1341247558594,3938800
2022-01-19,431.59884889371136,438.50626590948355,425.61365164053257,426.5450744628906,4030900
2022-01-20,428.2604302634479,434.94652373595545,426.0655426618605,426.9877624511719,3228600
2022-01-21,427.4488082315998,434.1717973675761,425.2078212342444,425.300048828125,4273200
2022-01-24,422.44117785202087,428.0390580943709,413.27431193183514,426.3144836425781,4780700
2022-01-25,418.7523157509653,423.75073088155995,412.4812047575954,421.3068542480469,3428900
2022-01-26,422.79162524757396,427.7992713754996,418.1805268290986,422.7731628417969,4435900
2022-01-27,422.4504236418585,432.2259589201936,421.4636698684954,425.6966552734375,3508100
2022-01-28,425.51217560343724,430.012612365703,419.6837401852926,429.8097229003906,3364400
2022-01-31,428.83220492065504,436.37595609353696,428.2788674145552,435.81341552734375,3500500
2022-02-01,438.05435309556236,438.05435309556236,426.7571618841505,431.9769287109375,3148600
2022-02-02,432.5763887169681,444.4914801334898,432.5763887169681,442.46258544921875,3026800
2022-02-03,459.8649552369498,461.27595058191315,445.9578912944837,450.75341796875,4370900
2022-02-04,444.2793942244804,451.5464908426888,442.8407335699424,445.5889587402344,3066400
2022-02-07,447.19360634857264,449.3608285061601,443.8643782375736,446.0777282714844,2937200
2022-02-08,443.9104724974401,457.1166657806156,443.9104724974401,455.0324401855469,3534700
2022-02-09,458.3432186554118,461.96753554134693,457.68845050905696,459.357666015625,2818100
2022-02-10,453.9534975289983,455.7795029942624,447.34119685481124,448.86285400390625,2626100
2022-02-11,446.9814458599532,452.284209234826,439.3823643948831,440.94091796875,2493800
2022-02-14,438.15583629387214,440.58127887435796,432.82540696802585,437.5010681152344,2549500
2022-02-15,438.9212510734342,443.74447028903177,438.2388174940168,441.03314208984375,3001000
2022-02-16,438.51545954877594,444.26089830937235,434.73435321725975,442.7115478515625,2651800
2022-02-17,440.9778634011691,442.01074509581287,432.4196646033721,433.7568664550781,2403100
2022-02-18,433.6737408897713,437.98051854678573,430.5197376636175,431.42352294921875,2992300
2022-02-22,427.7531974184079,430.85187058100985,422.2106755586881,426.535888671875,3029800
2022-02-23,430.8518462318042,431.34062157238805,423.1513057087913,423.8706359863281,2840300
2022-02-24,414.55619244240813,421.0762925236059,411.07020307668364,420.4307556152344,3933000
2022-02-25,421.1315718121627,438.77363714174066,420.7442553434178,438.7459716796875,3314400
2022-02-28,429.6160580789745,440.18468808872785,429.3947062104326,438.856689453125,3918300
2022-03-01,434.26403882473005,439.86189089554153,431.34982125731557,439.2071228027344,2917600
2022-03-02,440.99622202724026,449.27776471637054,440.719567386453,447.6269836425781,3675900
2022-03-03,448.1986917059783,453.16023728179795,444.7127030073548,448.7427978515625,3139400
2022-03-04,443.30180949804407,460.7963191084096,440.35069506964345,459.8648681640625,4170100
2022-03-07,461.10994175916943,461.10994175916943,445.4506380052178,449.0011901855469,4123300
2022-03-08,441.55883622653846,446.8062692261397,434.8450770981508,436.6341857910156,3849500
2022-03-09,445.0448202617935,449.78504355950025,436.7540732367642,447.8022766113281,3115500
2022-03-10,442.04757212591505,455.30909638619147,440.6642425267582,453.2156677246094,2834800
2022-03-11,451.21780450793125,456.7397505093304,446.2970978666844,446.63006591796875,2615000
2022-03-14,453.59491099382643,458.3953977898445,448.8591773919216,451.3010559082031,2704100
2022-03-15,453.22485131483745,462.41884341397105,450.7367371178111,460.54119873046875,3043000
2022-03-16,462.3172302140655,467.5617032821249,453.2342528017928,460.8650817871094,3497100
2022-03-17,458.7745439983831,469.05996877489906,458.0160793083754,468.96746826171875,2357200
2022-03-18,470.55846275728885,472.3528657609783,463.9173368757404,468.1351013183594,5065600
2022-03-21,467.10840061279475,474.4987324619058,466.5071613134927,469.55950927734375,2617700
2022-03-22,471.0487647499944,473.435148965484,466.95124747468867,467.3952331542969,2752500
2022-03-23,464.5740039636337,469.00451643184687,463.70454987023413,465.46197509765625,2753200
2022-03-24,467.09916780078856,477.07014347096367,466.04471256600465,474.92425537109375,2789200
2022-03-25,475.5994967388033,477.76390209388995,471.0209882043374,474.5265808105469,2551100
2022-03-28,475.7196539171197,478.32801619977806,470.6231772071815,474.6837158203125,2643000
2022-03-29,478.2910308736859,480.59420094690614,469.2265433754273,472.3991394042969,3478400
2022-03-30,476.4503942387218,482.0833576421242,474.0177742179498,481.73187255859375,3041200
2022-03-31,478.2910285934253,482.72156972352263,471.4186936275796,471.6961669921875,3979700
2022-04-01,472.35291431224243,476.1452388100422,468.5791350857122,474.1195983886719,2344100
2022-04-04,473.7681002334234,474.0177980494553,466.66447117116206,471.742431640625,2657500
2022-04-05,471.7239077541147,485.34838608325305,469.8740100766476,478.9015197753906,3268600
2022-04-06,479.32696765131607,493.478730270097,479.1235060017043,491.841552734375,3955600
2022-04-07,490.2228399812717,497.88144276814376,488.73368603528826,496.6512451171875,2867000
2022-04-08,498.5474429371731,507.7691561100887,497.71496636906204,504.985107421875,3986700
2022-04-11,502.80218290152425,506.5112369010933,496.3645749003239,497.1045227050781,3574000
2022-04-12,495.2267560460287,500.14748987890925,490.94429552538554,493.6543884277344,3575700
2022-04-13,493.29376554449595,497.8815325183076,488.946494322957,496.69757080078125,3012000
2022-04-14,498.085018803443,511.76499370381816,493.98750165355324,494.68121337890625,4211300
2022-04-18,497.5300770011939,500.3973962463517,490.5744426330623,493.99676513671875,2087100
2022-04-19,495.67081566813323,501.76619651885187,495.0695763788848,497.344970703125,2207600
2022-04-20,501.4517333395531,507.20488751767783,498.5473806896354,505.0312805175781,2986300
2022-04-21,504.55960833541445,506.8719805092706,495.8003696389587,497.1045227050781,2539900
2022-04-22,492.1283230430132,493.32148683332264,481.1399252917287,481.8428955078125,3453300
2022-04-25,481.34330476820224,486.7634903613721,473.32398747399344,484.9228515625,3030400
2022-04-26,484.89517416303994,486.76358889801713,474.9704911074141,475.2202453613281,2895300
2022-04-27,476.26531528605443,481.80580547901127,471.55735796799735,475.2478942871094,3353700
2022-04-28,477.97659244185303,486.78212384818335,474.6560011214644,485.0616760253906,2582700
2022-04-29,479.90974497276216,480.88098654359453,468.91211652433253,470.3827819824219,2873200
2022-05-02,472.47315695333714,474.9705303355452,456.31429814443635,463.53814697265625,3184300
2022-05-03,463.5196983846416,467.5802098296211,460.14364016916943,462.1230163574219,2763400
2022-05-04,462.01191193753016,471.5111256708314,456.0829869175948,469.5224914550781,4002600
2022-05-05,469.14323782142924,472.34358075341385,452.51267770790173,457.59063720703125,3359700
2022-05-06,448.6095249727982,463.9266782041334,448.6002664500632,462.1230163574219,3260300
2022-05-09,453.5948828705419,457.50742643042133,448.0729374420241,449.9136047363281,3862700
2022-05-10,456.74890738488125,459.09828494584013,445.0113063268224,451.38421630859375,4275500
2022-05-11,448.0359582000917,462.95535848070193,448.0359582000917,449.6638488769531,3936300
2022-05-12,449.6176527413812,450.34837025455437,436.03941006236374,442.8655090332031,3997600
2022-05-13,444.8818958111546,450.45007757337095,440.099897968078,448.97015380859375,2453400
2022-05-16,448.9794564119833,458.3676822578616,447.8140117458739,452.5035095214844,2338800
2022-05-17,456.9247700462407,457.59073440292656,451.80054508583055,455.5650939941406,2289000
2022-05-18,451.61552100783246,452.49420545269663,433.20901686234765,436.00238037109375,3240500
2022-05-19,429.4722135637589,445.4368099128178,428.55649509996573,442.63421630859375,3813800
2022-05-20,445.25188794527526,450.88482313061957,436.86259498789747,449.2754211425781,3068200
2022-05-23,449.7934005159779,458.53415052980466,449.7934005159779,455.1488342285156,2279800
2022-05-24,453.95560589015145,460.6984619685384,451.98546053207286,460.2174987792969,2658100
2022-05-25,461.10551544190406,464.6110796763354,454.3904056227542,460.7077941894531,3161600
2022-05-26,464.0838042310528,469.18953969833245,461.9286859360985,464.53704833984375,2705800
2022-05-27,454.1498988985965,469.0508117675781,452.6607447547262,469.0508117675781,3349100
2022-05-31,465.82270963023956,466.2759255090408,458.4601250939063,459.4960632324219,4003100
2022-06-01,460.9204993284365,463.7508404384076,451.1715309345374,455.5835266113281,1765900
2022-06-02,456.9247707554988,458.9134053066665,446.7225852015238,455.31536865234375,2093500
2022-06-03,451.6802295098207,454.7695833036284,448.5076619395009,449.16436767578125,1756900
2022-06-06,452.6976763518007,456.5824725335332,449.793351849638,453.3913879394531,1781500
2022-06-07,452.7624667620236,460.26378846412234,450.561083959883,459.7920837402344,2341900
2022-06-08,456.92477840236245,460.532073639046,451.88379536594965,456.49005126953125,3268100
2022-06-09,455.8888083143168,459.2001128834674,451.0143096531955,452.6977233886719,3148800
2022-06-10,448.41522111322956,453.372961958218,444.83567334120727,448.25799560546875,2599900
2022-06-13,439.4709209409415,445.21484499488895,432.19157851590535,434.4484558105469,3764600
2022-06-14,432.4135172812437,433.96742432282934,423.09004680453546,427.0950622558594,3814200
2022-06-15,429.3612561935799,433.81948808091585,422.239138944599,429.4814758300781,2550700
2022-06-16,420.8673616160158,424.96093601163585,418.34252757816836,423.3643493652344,3135600
2022-06-17,418.40747241867365,428.34899311605545,417.43282408028983,419.62347412109375,5277400
2022-06-21,424.9608879261492,450.31131905183815,424.30184028459706,445.8557434082031,5726800
2022-06-22,441.58589305995366,460.33650351857415,440.4905678304027,454.5442199707031,5061000
2022-06-23,459.4360579330824,467.4468091294444,456.6605789684696,463.94732666015625,4687700
2022-06-24,463.6038667456261,463.90091270143563,451.64803613897584,460.0765380859375,15861100
2022-06-27,457.46813398366237,475.1605547276343,457.2360721436526,469.3775634765625,3907100
2022-06-28,475.33690268410624,481.3983282124653,468.83914312725165,471.95806884765625,4978200
2022-06-29,472.3386901071649,481.48193256501344,469.7024709186846,478.70648193359375,3823400
2022-06-30,476.7013896355937,479.27265278670285,473.14621494046605,476.7756652832031,3568900
2022-07-01,475.5597252772863,480.39591473423457,466.267959533008,480.2752380371094,2426600
2022-07-05,471.2155178103025,474.33441543772466,456.92977690649695,468.9877014160156,3029600
2022-07-06,469.35900586164166,480.28443869669985,468.1151294782664,478.3165588378906,2506700
2022-07-07,478.2794945703416,480.18239049561373,475.47616916520076,477.471923828125,2385400
2022-07-08,475.5503709134436,490.4580202512545,474.34366075733635,481.4169006347656,3092100
2022-07-11,477.9174210039807,484.0531224412088,475.0862778940458,479.85748291015625,1743600
2022-07-12,476.4229691115257,481.8903597923225,473.9816739628704,477.5090026855469,2706500
2022-07-13,471.6146648646942,475.1327021261806,465.22831819927393,465.27471923828125,3467700
2022-07-14,459.4825222584624,469.59115134552434,456.95768787172545,466.37939453125,3765500
2022-07-15,488.313687908373,493.8181866465761,478.46499935626883,491.7389221191406,5742500
2022-07-18,492.8993107940693,493.9760527215252,481.5282814960894,482.1037902832031,3212000
2022-07-19,483.7004895948923,495.5356446055358,483.2363658689847,495.1736145019531,2953500
2022-07-20,495.1735926017743,495.7305183859408,478.72501902210627,482.1966552734375,4327500
2022-07-21,482.1223809111004,484.9813418158313,474.46434065168404,484.97210693359375,2667600
2022-07-22,488.2581476687744,489.7433208929286,481.2034898704517,483.9974670410156,1850300
2022-07-25,488.3417625187199,494.653834320903,486.6058875337805,491.47918701171875,2337200
2022-07-26,495.49844246181465,499.062937346431,492.92723573291784,493.4470520019531,2637800
2022-07-27,495.25707370661087,499.26710908145594,490.15171325085373,496.25030517578125,2268100
2022-07-28,498.92363795453036,505.2821660261463,493.5862159180984,502.6366271972656,2344500
2022-07-29,501.2629790670526,504.82741800669544,498.1811903376462,503.4258117675781,2945700
2022-08-01,503.3607568600808,504.64174285831757,492.8993900930564,496.9651184082031,2335000
2022-08-02,498.9793729930132,501.74558874016157,493.56767484755784,497.03936767578125,2114200
2022-08-03,498.7101312718211,504.61377023975444,497.25277627698273,501.8569030761719,1802900
2022-08-04,500.5944963244281,501.6527119078597,494.53307054947356,495.4520263671875,2368000
2022-08-05,491.97116087142956,497.07652197481235,489.70623477024515,496.6680908203125,2373400
2022-08-08,501.1700308198076,502.4603083083676,495.1457142345104,498.0975341796875,1656400
2022-08-09,501.25353253201257,506.58166286845653,497.8932819019406,498.71014404296875,2147200
2022-08-10,501.494991886718,503.0915503552659,495.5077843182037,499.13720703125,2291400
2022-08-11,499.619860443598,499.9818905189524,491.6647736031306,494.6258850097656,3006200
2022-08-12,497.1785340774594,505.3378642899252,496.10179211345604,504.6880798339844,1981000
2022-08-15,502.8037447531679,507.94627152147484,499.9169089855812,505.5606689453125,1447300
2022-08-16,506.0896766653704,508.1596497930037,503.4720127608367,506.9343566894531,1773000
2022-08-17,506.11754567634074,508.4845649456486,502.7108939698803,505.894775390625,1471700
2022-08-18,505.9040728314434,508.8001998909778,502.94296166186376,506.0989685058594,1486400
2022-08-19,506.35895905628826,513.4414912837041,505.727757620038,508.97662353515625,2258000
2022-08-22,502.5438163883772,510.0904714254448,502.5066502369356,505.4956359863281,1672900
2022-08-23,504.3075449174228,504.3075449174228,494.95085126135257,497.35498046875,2039600
2022-08-24,498.1717775528721,501.12359730676417,496.6309118910497,497.96759033203125,1761200
2022-08-25,496.6216068404573,503.1286296068109,493.13138785865067,502.7109069824219,1965800
2022-08-26,503.3513467087462,504.2146098248777,490.31871947701046,491.27484130859375,1906700
2022-08-29,488.2580580643318,494.66298681149266,485.3526396122141,491.757568359375,1594000
2022-08-30,492.3516420599565,492.9829001022667,484.3501545967115,485.3248596191406,2013400
2022-08-31,483.44979091031917,489.2791547987179,481.90886858439495,482.06671142578125,2891300
2022-09-01,482.06677255906766,486.6430257694469,478.13101236669365,486.40167236328125,2085300
2022-09-02,491.6183673152213,491.77615350443796,476.9427786692645,479.3005065917969,1944200
2022-09-06,482.62371311304196,489.6041524029093,479.82967908912224,480.53515625,2711900
2022-09-07,479.90385628986314,485.9374637673953,477.75031574535,484.248046875,2504400
2022-09-08,483.57045928540026,490.5694237776699,481.5839963961142,489.6597595214844,1557500
2022-09-09,491.4942157375632,491.4942157375632,486.60562556823413,488.2444763183594,2495500
2022-09-12,488.8589613970588,498.1892020470114,486.53106158088235,494.6787109375,2792000
2022-09-13,487.92783587058636,489.10110655401616,476.72598230205944,478.5790100097656,3172500
2022-09-14,478.61618473931884,479.90118993763275,471.2600272720051,474.6773681640625,2648100
2022-09-15,480.75788794810717,491.6338297316069,478.74660739118053,486.912841796875,3058100
2022-09-16,482.8250239573037,486.8289999484971,481.48415149899614,485.1529235839844,3981700
2022-09-19,482.890332459325,487.9278835017148,477.65716050593977,487.50885009765625,2130800
2022-09-20,488.151205640539,488.5515975354903,479.37037552529716,486.8103332519531,2421700
2022-09-21,488.8869635794632,491.6618022012547,476.77256284894975,476.82843017578125,2427700
2022-09-22,475.85069333783576,485.10639758809646,471.2693736376004,481.83807373046875,2285600
2022-09-23,478.2064135828487,479.2306666058265,471.5206931931006,478.2529602050781,2536900
2022-09-26,472.4613039988715,477.2847061621954,464.6488576618718,473.364501953125,2867400
2022-09-27,475.2361298347578,481.21416118655657,468.913545409134,473.3738098144531,2583400
2022-09-28,471.6139182554621,480.72998244254353,466.3249079571378,478.56036376953125,3027300
2022-09-29,479.3332141664553,479.3332141664553,467.87993000575494,473.8020935058594,2392000
2022-09-30,475.91580616761524,480.99061031232407,470.086736399181,470.2729797363281,3116000
2022-10-03,472.1726078276799,482.16396501706913,470.6082658227485,480.0223083496094,2562400
2022-10-04,482.66673994101984,488.4772258003563,481.2514154561948,487.1549377441406,3189800
2022-10-05,485.1343209409051,492.9094835815134,484.32421635280787,490.7864685058594,2281800
2022-10-06,491.95978031847756,492.19257031923706,481.16761087652804,483.3930969238281,2187300
2022-10-07,478.77458211205897,478.77458211205897,466.567086601209,470.09619140625,3273700
2022-10-10,470.7945008470052,471.45561648914133,460.9428121511274,464.5184631347656,2459100
2022-10-11,462.75861553261905,471.9398400718335,461.0918310707703,465.4031066894531,2844500
2022-10-12,467.56341552152065,473.2621106644947,463.91325550451575,465.54278564453125,2254300
2022-10-13,459.4808850757791,478.1226684811995,454.16394134309263,474.8077697753906,3999700
2022-10-14,484.2031553723141,493.4309251150774,476.68868804488255,477.80609130859375,5628900
2022-10-17,482.09874998361465,488.2164777584292,479.8081328488625,485.9537658691406,3282300
2022-10-18,495.3770826152607,495.3770826152607,482.6481422892575,486.26104736328125,2345500
2022-10-19,485.8234215053684,487.7602502673799,479.17492529838967,484.5011901855469,2500500
2022-10-20,487.04315347333596,492.97463723567336,483.9982993774884,485.0225524902344,2390800
2022-10-21,482.3967453645253,499.59530004798864,482.35019873141385,496.9880065917969,2896000
2022-10-24,501.0292276452468,508.8602576074554,500.7777962787893,504.3161926269531,2627100
2022-10-25,500.76844677978386,506.4764613381408,497.1462780734916,503.0311584472656,2411900
2022-10-26,504.1113813464424,509.9404517622856,503.0219401116885,505.77813720703125,2863500
2022-10-27,508.8975458527783,508.8975458527783,502.602895598945,504.50244140625,2212100
2022-10-28,507.45415111589017,514.9313919169273,506.2622960731843,513.2925415039062,2761900
2022-10-31,516.7937749530596,519.6803480797605,512.2590305195204,516.9334716796875,2770400
2022-11-01,516.7938323500938,517.4363350636529,506.7558996416644,509.6332092285156,3338900
2022-11-02,506.93281284278527,516.4027513785426,505.68509021477996,506.0202941894531,2696200
2022-11-03,504.4465407590756,510.15455533011215,501.0850672558941,506.18780517578125,2245300
2022-11-04,509.39108106929365,510.05222514808884,490.85170995063163,501.12237548828125,3513100
2022-11-07,501.1223139593337,509.29792526728596,498.6081708300767,507.50079345703125,2540300
2022-11-08,509.3909465900621,516.607434889422,504.6886010649176,514.9779052734375,2797000
2022-11-09,515.6579139391046,516.4307359716446,502.30505189474644,503.4410400390625,2672600
2022-11-10,511.1416815355864,513.7210130714491,497.1929221157498,506.7093505859375,3426400
2022-11-11,508.6741931596683,508.6741931596683,474.56576395956324,486.1401062011719,7034300
2022-11-14,486.0655544308851,492.5650335045627,478.06686445755247,478.38348388671875,5238400
2022-11-15,477.50807602689804,481.07443413307453,466.2969035790049,468.3827209472656,5103800
2022-11-16,471.0645087680657,478.7372574676165,470.6734090956415,476.3069152832031,3430800
2022-11-17,476.9028221611428,490.70261849035387,476.9028221611428,479.83599853515625,4246300
2022-11-18,486.1772556634655,496.3082810311947,483.70039506505753,493.5148010253906,3566000
2022-11-21,492.5929261345692,495.33053861584665,479.9012116783008,481.58660888671875,3349600
2022-11-22,484.1472983281951,488.5423459363347,484.1193362501006,487.0804748535156,2567400
2022-11-23,488.85887647199735,493.92438786535126,486.99655694258024,493.2446594238281,2238300
2022-11-25,497.2393439373432,503.6177659716848,495.8612455902995,500.6101379394531,1419200
2022-11-28,498.9435287332053,502.43537908326846,495.0885123066952,495.62860107421875,2699900
2022-11-29,495.06977627867707,496.2802728019288,487.6019124043753,491.6524353027344,3751000
2022-11-30,493.2541116669349,510.35025466985763,491.1683220907317,510.0522766113281,9688900
2022-12-01,514.3354988257827,514.931454836699,498.9154922526564,499.9490661621094,2997800
2022-12-02,497.6794535785841,503.07811985850714,497.3151680261632,500.78973388671875,2346200
2022-12-05,496.4277948791366,504.73133859483465,495.85805003248163,499.74359130859375,2424800
2022-12-06,499.16450030181954,504.9275087994265,498.9963816742655,503.74127197265625,3097700
2022-12-07,505.16105901994104,509.896543284018,504.0308616403233,507.0944519042969,2849100
2022-12-08,508.91585570409967,514.9216651097122,507.9071437882494,511.77398681640625,2272300
2022-12-09,511.78321668674215,512.306271375671,503.320904428441,503.629150390625,2852400
2022-12-12,506.10417019369027,510.0551561523116,503.70376308347153,509.8496398925781,2714100
2022-12-13,514.2397973975002,514.6414236461501,499.79966625423896,502.7138366699219,3369700
2022-12-14,506.17919210085114,507.6269281173378,496.5026488456269,502.8446960449219,2654600
2022-12-15,498.7628700011691,498.8376083934789,490.80491297653066,492.869140625,2963800
2022-12-16,490.5060888843752,491.1225238664623,481.6981320174162,489.1517333984375,7109100
2022-12-19,489.9923495385029,492.43021233101325,486.5644737615262,489.0583190917969,1808100
2022-12-20,492.2247259785794,492.2247259785794,485.41566413035855,485.89202880859375,2086100
2022-12-21,489.08627846860975,493.0559071455546,483.9210636730285,492.7383117675781,2182000
2022-12-22,491.74834383837145,494.1114682927774,487.2183188601798,492.3181457519531,1851600
2022-12-23,489.5253246785339,496.25970458984375,488.40453377150556,496.25970458984375,1292300
2022-12-27,498.70685772972246,500.490887765448,494.8959976351949,496.89483642578125,1596700
2022-12-28,499.771593826677,502.6484230806701,492.9157864181608,493.58831787109375,1694200
2022-12-29,497.40856824335066,498.47337666610275,493.9713429390893,494.924072265625,1379700
2022-12-30,495.0361050042313,495.5031201976315,490.2165332921649,495.2042236328125,1849600
2023-01-03,490.48738524358197,490.9544004404693,478.3729813918053,484.425537109375,3525600
2023-01-04,484.4255886441475,484.4255886441475,467.5756705666867,471.2183837890625,5070400
2023-01-05,467.95856490046214,468.9673051583776,456.2738358477407,457.63751220703125,5497100
2023-01-06,459.16003177309676,460.35558962526983,455.3772198006131,457.6749267578125,4841300
2023-01-09,459.92587294731874,467.0058102257061,456.3111801723204,457.73089599609375,3702800
2023-01-10,456.6007741221836,458.1138988339492,450.8377939191084,453.93878173828125,3164000
2023-01-11,453.2755531705808,462.90540287750366,453.00467641377753,460.85052490234375,4274200
2023-01-12,457.6748606939429,465.8289557184823,453.2101968665308,462.9708251953125,3726800
2023-01-13,454.0415190979573,475.8885045595282,453.9387894326412,457.2732849121094,5390100
2023-01-17,458.79578884285155,460.4209927767278,451.86527005376183,453.0794982910156,4495600
2023-01-18,455.8534973860999,457.2078527848508,443.43090522902537,444.8226013183594,4398200
2023-01-19,446.3450736070506,454.3030303393554,445.89675728704054,452.40692138671875,4549600
2023-01-20,453.49979910173715,454.8634755650511,447.4005814591794,454.6112976074219,3525900
2023-01-23,454.5739239368651,457.7683205571463,449.63292347327837,453.7613220214844,3418700
2023-01-24,467.2580485793273,467.2580485793273,448.33458389599343,459.1693420410156,3036300
2023-01-25,457.0023698544328,462.68126185725487,453.68657350390015,460.00994873046875,3037300
2023-01-26,460.00994231788707,463.69937356156504,458.21659152369085,459.99127197265625,3005000
2023-01-27,460.8225211847648,460.8225211847648,452.50965727634497,453.98541259765625,3177100
2023-01-30,455.62937644863877,462.5785650469046,452.81793576583215,453.7426452636719,3606900
2023-01-31,465.1471380210788,472.15236600332395,460.5984145453029,466.2586364746094,5567000
2023-02-01,466.968474604047,471.10622212241293,462.970825934228,464.21307373046875,3451200
2023-02-02,461.65391774702965,462.34509118619934,433.28741641009935,439.7695617675781,11169900
2023-02-03,443.8792700211671,447.1950664854025,438.7607732510014,440.8810119628906,5440100
2023-02-06,440.8623310693662,447.3725238357126,439.9376501319457,443.8885803222656,4174200
2023-02-07,439.96570632614663,446.5412600989329,438.0882960208364,445.4204406738281,3394600
2023-02-08,444.1033975851872,453.0420745925467,443.76713184758137,451.3421325683594,3466400
2023-02-09,453.5931757342538,457.3946862029069,450.5762473603601,453.68658447265625,3664600
2023-02-10,456.86230010002265,462.961517551781,456.50736398267577,461.64453125,3418100
2023-02-13,461.41098937143033,466.8937429233067,459.31877052482037,462.67193603515625,2589000
2023-02-14,461.6818505295066,465.1004048892067,456.8248815092639,460.3181457519531,2072600
2023-02-15,457.34795297289475,459.3841322850408,456.1710941205195,458.8424072265625,2242500
2023-02-16,458.74904179502676,461.41103423184904,455.12499915170054,455.1997375488281,2611500
2023-02-17,455.22777491304015,466.5108504458456,455.1997551391212,466.1559143066406,3891500
2023-02-21,463.93290549503917,468.32283121956806,458.1419056830363,458.8984680175781,2877300
2023-02-22,460.29956718142563,461.30833608113636,456.432695744131,456.63818359375,2982800
2023-02-23,454.55524611188775,460.7852130302154,453.81735410131523,459.25341796875,2511800
2023-02-24,457.2826272775005,460.01935823177047,451.1460687218141,452.37896728515625,2940400
2023-02-27,456.52602594317335,458.55288444241563,450.1652812330055,451.4355773925781,3006200
2023-02-28,450.8284541256352,451.47290886107754,442.6556883356388,444.54241943359375,3902100
2023-03-01,442.3661607087703,446.84952410279215,440.86238532227924,443.8699645996094,2996900
2023-03-02,443.86055485886425,448.73619442841704,442.0298633531873,446.1863098144531,2188800
2023-03-03,446.41043825267496,447.4939168075809,442.9358444401636,446.9895324707031,2863300
2023-03-06,449.61418483731876,452.3976055407592,447.40053746940737,449.0631103515625,3812700
2023-03-07,451.1180298286722,451.90261197367374,441.38542015253205,442.61834716796875,2589200
2023-03-08,440.6288166994053,444.0287008484451,435.9680143839538,439.5546875,3036600
2023-03-09,442.68372468354414,442.68372468354414,433.15660308985633,434.2400817871094,2780400
2023-03-10,433.7808063330215,439.4893085797765,428.92530262049974,431.49365234375,3787500
2023-03-13,429.918853201894,440.90468019716633,429.918853201894,434.6337585449219,2971600
2023-03-14,435.5430083426752,440.40789439955415,430.29380240895915,435.4773864746094,3258200
2023-03-15,432.1122108411264,439.507971585458,430.4718360282427,436.2740783691406,3770200
2023-03-16,435.5992457863526,443.73552782452543,434.09011446195007,442.4513244628906,2940500
2023-03-17,441.86079106910734,442.4419479125414,437.0896181061039,440.08917236328125,5290000
2023-03-20,440.55788060995485,449.7627351085337,440.55788060995485,447.0818786621094,3119400
2023-03-21,448.4223346812788,451.2906454890452,445.91957831464583,450.02520751953125,3163300
2023-03-22,451.7592837978125,455.31184675221857,445.0759228314253,445.7320556640625,2632200
2023-03-23,447.5036585054276,450.55945181870123,437.4364523611739,440.4734802246094,3284900
2023-03-24,439.6017534475419,447.0068689914124,438.29881331692576,446.172607421875,2533200
2023-03-27,455.1337502009885,455.8274139401102,448.60975248302907,451.71240234375,2271800
2023-03-28,451.8061436953186,453.48402099378916,441.2046366784063,442.9762268066406,2369500
2023-03-29,445.34775354326354,446.0695368755437,435.8242298214273,437.3614807128906,3733200
2023-03-30,437.34273788352846,440.9421859524413,432.19662761281813,440.6141052246094,3324600
2023-03-31,441.9826776212732,446.1820483746785,440.65164635339386,442.98565673828125,3996700
2023-04-03,454.8057121078821,465.0510191507054,453.20281074467647,463.2325439453125,4729100
2023-04-04,462.1452512047369,465.02294487360956,461.0297937709508,462.3514709472656,2624700
2023-04-05,466.2320782749274,479.68313025343366,465.02287956329576,477.33038330078125,4964800
2023-04-06,478.98951252451985,482.02654059291024,475.3806817089829,480.6861267089844,3472600
2023-04-10,478.8113773462271,483.1044888779876,476.2617648932741,482.9076232910156,2714500
2023-04-11,483.8075970152203,489.50668804729247,482.94518713089224,488.3349914550781,3065300
2023-04-12,492.09385412163107,493.70613854921356,487.4633064222858,488.5412902832031,3422400
2023-04-13,491.0907056434971,497.2210573504174,487.89434328428837,493.265380859375,4224400
2023-04-14,489.30048147517624,494.2122242809328,476.64615867840445,479.7300720214844,4872000
2023-04-17,476.8523400093409,477.66783616917746,471.2563165679196,473.6934509277344,3660900
2023-04-18,472.1187336467432,475.2307379430097,466.9351492538949,472.87799072265625,3232000
2023-04-19,469.2878666017432,470.5251849451633,453.3340576909562,455.7430725097656,5809100
2023-04-20,455.058771231223,458.97691720525563,452.9872199645111,456.9241027832031,3283000
2023-04-21,459.34247773963995,459.9892564221052,451.93736242810814,453.5121154785156,3165300
2023-04-24,453.1278778828373,459.5112785545987,452.4154772091669,458.31146240234375,2322400
2023-04-25,461.8171388663827,467.2725646409399,459.8486830233509,461.1047668457031,2937300
2023-04-26,455.43375288405355,457.1491326346975,448.3941909310057,452.6966857910156,2930000
2023-04-27,451.9936414089213,460.2236362644926,451.9936414089213,459.7455749511719,2473200
2023-04-28,458.07706006932335,463.01692186702786,457.54275963757385,461.2640686035156,2398900
2023-05-01,463.60752880898946,468.1068608692163,461.0016767422175,464.64801025390625,2105600
2023-05-02,464.2261366141404,465.5946700673066,458.6207304615039,462.482666015625,2152300
2023-05-03,463.42943548616,464.4136777978797,457.45847416404905,458.7801513671875,1749700
2023-05-04,456.5397686604896,459.0144051599577,451.7592702875633,456.75537109375,2555700
2023-05-05,463.1106748124247,469.4753379196579,461.20784092748323,463.31689453125,2329400
2023-05-08,461.2172097096377,463.38250238890856,457.73024004592486,461.7608642578125,1738500
2023-05-09,461.96702303577797,468.116082701763,459.58612823279503,459.6611328125,2038600
2023-05-10,458.7425636188701,462.55761391953405,457.0928345583181,459.37060546875,2018700
2023-05-11,457.4302386510027,459.4174310124659,455.2368265950933,458.14263916015625,2384200
2023-05-12,458.1427039187751,462.02334776441677,457.19596401419557,460.4579772949219,1536500
2023-05-15,460.6173346648541,460.9829177134396,453.39970119554806,456.3617248535156,2169700
2023-05-16,457.0741226583067,458.5645172041592,449.00349073165546,449.66900634765625,2178900
2023-05-17,449.93146905494524,454.9931923606389,447.62557828568293,454.4401550292969,2682000
2023-05-18,451.8530424518723,452.32172106808866,444.2042326083886,449.209716796875,3040100
2023-05-19,449.5377198672762,454.4307252306384,447.87860804511035,448.8253479003906,2317900
2023-05-22,450.3438558264437,451.9936135071448,447.97234346337046,450.5125732421875,2242800
2023-05-23,446.3507311247873,453.1090969285183,442.9387658950807,449.4065246582031,2874200
2023-05-24,450.50322241398334,453.00597868152755,448.89099551934515,450.7094421386719,1904700
2023-05-25,447.7098908307669,451.5905344760984,444.58847556682355,447.7755126953125,2684100
2023-05-26,448.11289287035083,457.7958068668575,448.0566537378488,451.35614013671875,3135200
2023-05-30,446.819397778211,455.4337122439795,446.21012135409177,449.79083251953125,3180800
2023-05-31,448.16920274768046,456.8678760867814,447.2224628580078,456.7178955078125,4944100
2023-06-01,457.23344880147465,467.5349946493434,455.6586670607465,462.7076110839844,3376600
2023-06-02,461.17969678752974,469.63464759718835,459.64241740075425,468.28485107421875,3064500
2023-06-05,469.3347397281532,471.3969083090464,466.260209398896,466.9819641113281,2688800
2023-06-06,468.5848537685299,468.5848537685299,453.37156487581166,457.0272521972656,3816600
2023-06-07,459.25814883961954,459.71744469099605,451.4312108860397,451.9280090332031,4381700
2023-06-08,454.0464672743229,461.011024396255,452.2092265683795,459.5206298828125,2725900
2023-06-09,459.2956310797173,467.0100908954178,456.7085447396631,462.6982421875,3174100
2023-06-12,461.4608549845319,463.47619548616143,458.1051293996562,461.7326965332031,2207700
2023-06-13,460.12048904183035,463.673080568118,458.04893779770504,460.5329284667969,3016600
2023-06-14,426.16009292548245,431.77485342314327,417.76135178204345,431.0530700683594,14672400
2023-06-15,434.8272635738104,444.2487342695839,433.8107748709351,438.49798583984375,6798100
2023-06-16,438.73329142000455,440.97333508487213,431.0059780602822,431.5330505371094,7699100
2023-06-20,429.8954208323115,442.82756945636953,429.8954208323115,441.7922668457031,4597700
2023-06-21,441.378094932923,451.1854349188487,439.7215649463709,448.719482421875,4886500
2023-06-22,450.06540306633224,454.77142809832776,449.89599305877175,450.8842468261719,3179000
2023-06-23,450.20659353003583,453.9243649222773,448.53124971005604,448.9548034667969,4862600
2023-06-26,450.027753761311,453.0113574021154,445.18994647543184,450.8936462402344,2968300
2023-06-27,450.01836534150607,454.77143925106617,449.6795165947779,454.1878967285156,3693200
2023-06-28,453.6231479451677,453.77374419003377,446.1123505243143,446.5547180175781,3670100
2023-06-29,447.14765014597185,451.5054338077323,445.26524018224274,448.4277038574219,2979300
2023-06-30,449.89600327931885,453.75494963788054,447.1853282035819,452.38079833984375,3970400
2023-07-03,449.9901167862905,451.97604555149826,448.29593055027306,449.7830505371094,1915700
2023-07-05,448.04184246716466,449.2277700313201,442.9216846554223,443.5146484375,5053100
2023-07-06,441.7546150492966,444.6252790865115,439.2133498151753,441.7640075683594,3913600
2023-07-07,437.660370842998,441.0581074617134,433.726140424496,434.4414367675781,4131600
2023-07-10,432.954287494113,435.8720286544934,432.1636787637454,435.824951171875,4339200
2023-07-11,435.1849934461998,439.06275382642775,434.0273295668725,435.6744384765625,3086800
2023-07-12,435.7779083143069,437.4909082816174,424.7187497339762,425.1423034667969,7287600
2023-07-13,425.4246203892727,428.1541088904742,420.88800581807965,421.42449951171875,7276800
2023-07-14,435.3544181671778,456.48448466847174,433.05787536912595,451.9384765625,11379300
2023-07-17,452.82315011184704,456.10797528482766,450.1783662058152,455.6185302734375,4582000
2023-07-18,460.55986824065445,474.7626781460643,458.8374755859375,470.6025390625,8816400
2023-07-19,477.69921537192835,484.4005619563292,472.93672015415444,474.0849914550781,4956500
2023-07-20,476.8709294250842,478.7721531874015,471.1013381711502,474.59320068359375,2963100
2023-07-21,475.3555719387801,480.40044565555905,474.8567344396239,476.7485656738281,2887300
2023-07-24,475.6190829290219,479.8074564298462,474.90378670159436,478.7721252441406,2279000
2023-07-25,480.01457876925514,482.3675914102809,477.45449986688715,480.889892578125,2730600
2023-07-26,481.46404559380284,485.53002963308245,476.8427252912835,478.1321716308594,3697200
2023-07-27,478.6686457460924,480.48516454804985,473.54848811984186,475.5250244140625,3028300
2023-07-28,475.5061907692625,477.6427445954599,468.0424416869679,473.3414306640625,2930000
2023-07-31,473.4261658658743,478.0192513550923,469.7178154695778,476.5980224609375,2441600
2023-08-01,477.66154730061453,480.05221609218927,472.94610096240837,475.0638122558594,2161200
2023-08-02,479.7227759860764,480.45691473291805,473.41669103306197,475.1202697753906,3220500
2023-08-03,473.32258107866755,476.2497147477413,471.5813461397725,475.1767272949219,2442900
2023-08-04,480.0146089554852,480.8616878148641,472.24966675179354,473.17205810546875,2411200
2023-08-07,476.0050040865658,483.4028615462003,474.9790940907367,480.7110290527344,2430900
2023-08-08,473.42614825513004,478.29219108518885,470.62134681772386,476.11798095703125,2422600
2023-08-09,474.3673924855681,475.99568772476624,471.43083703257616,472.5885009765625,1916900
2023-08-10,474.8096217643106,481.93452079820406,473.2189832366614,473.8778381347656,2179700
2023-08-11,475.90149850326554,480.64517984304973,474.60263098090695,478.1415710449219,2029600
2023-08-14,479.21454872664657,483.3087964666912,478.3674699205371,480.889892578125,2127200
2023-08-15,481.50170911954166,483.45003936100727,476.50391216306843,476.89923095703125,1817500
2023-08-16,478.13216930674383,480.48518195096995,473.2661265202327,473.9532165527344,1454100
2023-08-17,466.3482524874512,471.7601811068619,462.9034388237786,464.9176025390625,3009500
2023-08-18,465.68940260724537,471.4872287775505,464.4846613720714,469.13421630859375,2364400
2023-08-21,468.2589565312182,470.83784930296076,467.04479391477946,468.4189453125,1533500
2023-08-22,466.29174947549063,467.58119560736236,462.44219611440815,463.392822265625,2079400
2023-08-23,464.01407871445076,464.95528374226916,459.2421623298202,460.66339111328125,2011400
2023-08-24,462.5363606180745,466.2917880541378,458.56447441756006,459.40216064453125,2311100
2023-08-25,461.1151638472614,462.2728276083485,456.15499514007087,460.3621826171875,1923500
2023-08-28,461.6516426258867,464.0705464290392,460.37161758155105,462.39520263671875,1344500
2023-08-29,462.5740094471274,463.957581907021,459.27979204007573,463.8540344238281,2113700
2023-08-30,464.94584942485744,467.50592817745815,461.463408153845,462.6304931640625,2283400
2023-08-31,463.41169292465446,464.7858729437166,448.286549982935,448.5594787597656,4927700
2023-09-01,450.83720649322623,452.3901890381571,445.5287963707159,448.2394714355469,3165900
2023-09-05,449.8960180847165,456.1079772171569,449.4630718002131,452.5408020019531,3443300
2023-09-06,453.7455154396909,454.752611684251,448.37124292704425,448.8983154296875,2596100
2023-09-07,451.684252728106,458.4703324196708,450.460697774385,456.3055725097656,2928000
2023-09-08,453.7166371173899,456.3433717243582,452.3560234814669,454.2646484375,1858400
2023-09-11,455.4080204140485,457.16546310388287,451.64743100537015,452.95135498046875,2059200
2023-09-12,451.0615370984323,456.9764258626301,446.0915172698515,453.4425964355469,2195200
2023-09-13,454.88826350230664,457.3543865201686,453.0268704690177,453.38592529296875,2197800
2023-09-14,456.02216602989665,458.5166053922636,452.3844143261255,456.9386901855469,2334300
2023-09-15,458.960641848692,462.8157233736963,457.44887457272654,459.86773681640625,5334300
2023-09-18,461.4834789575605,461.79527304498015,456.93866130338967,459.2630310058594,1997500
2023-09-19,457.08989717389903,458.95129050370304,450.2679409374472,454.1607971191406,3230700
2023-09-20,456.13553672812475,467.8141044179988,452.7245732772379,464.9984130859375,3724800
2023-09-21,466.9448067249095,477.2911336606792,465.8959871556813,473.51165771484375,4703900
2023-09-22,471.48963593271424,481.34461278538953,470.57311183972104,478.1982116699219,4558500
2023-09-25,480.2391410587129,482.7713831315337,478.69899993054435,482.14776611328125,2758500
2023-09-26,480.8816289779098,481.3351764764862,476.573028664331,477.58404541015625,2420200
2023-09-27,478.3210654268436,478.4438741807852,473.4266218754708,475.9588928222656,2593700
2023-09-28,478.07534772354524,485.80439771290645,477.16828159790373,481.9776611328125,2922000
2023-09-29,481.74151726327506,481.76986218292103,476.0250418969852,476.3935546875,3006200
2023-10-02,477.65966930870917,486.45642705376343,475.40144718073265,486.2012939453125,3550400
2023-10-03,485.0013128870298,485.6438169749911,480.3336570780967,481.3824768066406,3143200
2023-10-04,481.40128757919393,483.6028484511088,478.68006030212314,482.468994140625,2801700
2023-10-05,483.41388202648864,489.640594225513,483.04539810399405,487.76971435546875,2790700
2023-10-06,487.9775877721669,496.95384292612596,487.53346937076986,495.8766784667969,3647200
2023-10-09,492.4185779679708,497.82320179547236,491.56817266940556,497.4830627441406,2341600
2023-10-10,497.47360931491687,499.0232085675048,494.2421729576315,495.33819580078125,2455700
2023-10-11,492.2011719842682,496.6137519936961,491.54921002950726,495.2342224121094,2819300
2023-10-12,495.5553895550516,499.43884476132234,493.4578081718638,496.56640625,2377300
2023-10-13,503.8514163601142,514.4434190761964,502.6703300582855,509.6623840332031,5245400
2023-10-16,513.2339917107819,516.6355550788417,506.5632181599817,508.3679504394531,3827600
2023-10-17,510.17262445843585,512.5253392915711,505.0986820020944,507.06402587890625,2586000
2023-10-18,513.1016059236736,513.9897850297677,505.882851086512,506.5064392089844,2551400
2023-10-19,507.22458162721443,508.660800956383,500.0719164032024,502.3207092285156,2351200
2023-10-20,501.72543694975946,504.9663306860887,497.7286595505645,497.9743347167969,2811100
2023-10-23,497.9743128710662,498.6829645870824,491.6058476734789,492.8153076171875,2357700
2023-10-24,494.0341799254219,501.4136043357353,493.2877541941901,496.05621337890625,1978200
2023-10-25,498.20099574618234,503.01034569224623,491.40738669761447,500.9789123535156,2380100
2023-10-26,496.7177220282915,501.22470864296196,493.71304506176585,499.2310485839844,2675800
2023-10-27,496.9917385635149,498.64525965447444,492.52252572642635,495.73504638671875,2585600
2023-10-30,496.0562914845366,502.50030584863055,494.1098633904733,500.77117919921875,2555400
2023-10-31,505.5049332648783,507.0923063218059,502.31127131586686,506.0340576171875,2464200
2023-11-01,500.76170559243667,506.28922441223455,497.7570287842915,502.2923889160156,2747400
2023-11-02,502.670348455832,507.24354015879084,497.89877115585216,506.5726623535156,2350900
2023-11-03,505.0986345710419,506.4308745028131,499.64672191834603,501.6309814453125,2739500
2023-11-06,502.3207087952916,506.46869752724984,500.82779963442897,504.0498352050781,2684900
2023-11-07,505.8451288319233,509.89865435053156,502.2168636304989,508.1789855957031,2604800
2023-11-08,510.22929719447285,511.55213695899545,504.6923782916994,507.1395568847656,1769200
2023-11-09,507.96155363645454,511.08906773383455,505.0135669566981,509.2843933105469,1819600
2023-11-10,512.7616107068114,512.7616107068114,506.4688072076152,511.3726806640625,2480800
2023-11-13,511.3159557837451,514.1505631904658,508.254531341489,512.6576538085938,1507900
2023-11-14,509.31287593788335,512.7521560193271,506.93178708360415,510.6640319824219,2454000
2023-11-15,510.27649721029167,510.66392579963855,502.3868640465241,508.7268981933594,2473700
2023-11-16,508.7269064807086,514.8213232272665,507.8387272902155,510.0592041015625,2360300
2023-11-17,510.48452628773447,510.7207435993718,499.2122430968289,506.7239074707031,2676900
2023-11-20,504.19151968947375,506.7710512058545,502.48130915227705,505.599365234375,2518400
2023-11-21,508.1223111734558,511.80726632828015,504.7396634027275,509.84197998046875,2115700
2023-11-22,513.0355599410458,514.3867735364985,510.47500152712786,513.7820434570312,2234500
2023-11-24,514.8875163930838,517.4009005171155,512.8843984966102,516.9378662109375,1135000
2023-11-27,516.9378408913003,520.5189315461923,511.6749709643464,513.6213989257812,2675800
2023-11-28,515.5490349165403,515.7285623883109,510.2955639750239,510.730224609375,2859300
2023-11-29,500.7805633287972,511.986695678659,499.50501326388036,505.4859924316406,4550000
2023-11-30,506.2513491263321,523.4007448282167,504.5695122670186,522.4841918945312,7121200
2023-12-01,521.8490917921985,525.9069557338547,516.8621156571812,518.75830078125,3462200
2023-12-04,519.8010269632263,523.2236258390162,514.8519557014008,519.8200073242188,2709200
2023-12-05,520.5975679911003,523.8495761852137,517.0422211202806,521.6973876953125,2645600
2023-12-06,519.1374768878536,523.2332430366436,518.7013335478315,521.0052490234375,2239700
2023-12-07,522.7307520431957,522.882479241536,516.2553222382073,519.8106689453125,2511700
2023-12-08,521.6593833812192,523.0910121936539,516.2742253814624,521.2327880859375,2039900
2023-12-11,521.2234036590152,521.4509366271901,511.07880113669006,515.458984375,3655300
2023-12-12,517.4688689729736,519.0711475942179,514.4824123525179,517.3930053710938,2706100
2023-12-13,515.7623759030037,520.901021607224,510.6332203835278,520.5123291015625,2876600
2023-12-14,516.0467501438608,516.6345628804125,501.9202062316979,506.5089416503906,5386800
2023-12-15,502.48895294919373,505.8072762233865,495.81440353835353,503.5508117675781,9030100
2023-12-18,501.6451623563788,503.8826465612113,497.9665591674998,499.2180480957031,3260300
2023-12-19,497.35975388272584,500.2324433960095,494.6956168945892,496.8382568359375,3645600
2023-12-20,496.6581364118898,497.58730623077156,489.09237825034825,489.1492614746094,3847800
2023-12-21,491.9461946986648,493.78549629012133,489.68973013181704,492.894287109375,2491600
2023-12-22,492.8942681410882,495.8618019017676,491.1308302131029,493.30194091796875,1759500
2023-12-26,492.8942620222831,494.4111866554244,491.083373204494,493.0364990234375,1390800
2023-12-27,492.771018217382,496.0039877960729,492.4012482983243,495.6531982421875,1851800
2023-12-28,496.2978940047893,500.4695236540234,495.7954351305446,497.6537170410156,2001000
2023-12-29,498.6775948869112,500.82029285297904,496.72452696391355,499.14215087890625,2080100
2024-01-02,499.4930819415621,511.6475769606086,499.3318645511208,511.34423828125,3415700
2024-01-03,514.8521170771801,518.4074638604002,511.4769101789887,513.8945922851562,2891400
2024-01-04,516.7103379180388,520.5027073706483,514.8141531917341,517.1085205078125,2994400
2024-01-05,518.6065141155013,518.6065141155013,506.0253101459471,509.4858703613281,2815400
2024-01-08,511.4011349007786,512.2069904061775,500.5928568893322,508.6706237792969,2648900
2024-01-09,510.0738319403527,511.6002471776005,504.6981629626209,510.42462158203125,2677000
2024-01-10,510.1684768090529,513.1075978512226,508.31974299685703,509.7323913574219,2180000
2024-01-11,508.3006964800752,512.1214781105903,506.78377204518756,511.6664123535156,2814100
2024-01-12,491.9272291547551,501.0478737912341,486.49467799513315,494.439697265625,6327300
2024-01-16,496.52544707885664,497.27441917553693,489.7370736985304,492.2021484375,3736700
2024-01-17,494.22171811301695,503.11477310007496,493.0081318584469,497.69171142578125,3791300
2024-01-18,479.0047039465094,490.0120710729299,471.63800793817245,489.53802490234375,7367000
2024-01-19,488.2675656370954,490.68518958287626,475.7717152702634,477.42138671875,6143400
2024-01-22,477.781743324727,486.9118788544437,470.72793271319773,486.3619689941406,5922900
2024-01-23,485.8973321687181,491.18770371488574,485.4991495821788,488.7605895996094,2672900
2024-01-24,491.01708022178997,494.64823247260915,486.3240112386237,486.5894470214844,2918800
2024-01-25,462.2803732716326,469.78927786604146,454.1362629672648,467.7887878417969,14671000
2024-01-26,467.6749893605001,477.54463411392146,464.4704326147987,477.080078125,6212200
2024-01-29,476.99479170738437,480.21832927254025,475.13653855581964,478.3505859375,4554100
2024-01-30,478.3505895515166,479.7821895263072,473.30673059710455,477.4688415527344,4931200
2024-01-31,478.32209889705035,488.2675787670073,478.32209889705035,485.1767883300781,5358100
2024-02-01,482.417801155494,483.7356633648155,476.8904356755136,480.8155517578125,4242600
2024-02-02,481.8680057206028,486.2860912412459,479.15647510034205,483.7452392578125,3804500
2024-02-05,483.4892167165704,487.5091483711587,474.0936170841752,476.8525695800781,3646300
2024-02-06,477.78171143048064,484.4183585785749,476.36906293910164,484.1623840332031,2745400
2024-02-07,487.3290367569103,493.9561940945882,486.0775477088333,492.4297790527344,4109100
2024-02-08,493.60542448206587,495.05597597964953,490.4293376150144,493.0934753417969,3343000
2024-02-09,492.0505148266284,493.37786746670184,489.4906535161859,491.3204650878906,2715400
2024-02-12,491.32039022929825,492.05043985680413,486.1912360732076,490.7705383300781,3194000
2024-02-13,494.90424453269753,499.5783332314701,487.51862539371507,490.02154541015625,3436000
2024-02-14,488.51411473781707,491.6143955013302,487.59443498989793,490.1069030761719,1918500
2024-02-15,490.4861807364597,494.6672430407994,489.0260813071889,493.8424072265625,2292100
2024-02-16,495.18869998852836,496.60134855142326,491.95573003275354,494.4776306152344,2135500
2024-02-20,496.9995145551711,498.0992762261892,492.4486249547741,494.01300048828125,2600200
2024-02-21,496.48756221205747,496.506542578684,490.67575080422705,494.87579345703125,2095900
2024-02-22,496.9900229411184,499.39815668526825,491.6712387296613,499.1706237792969,3186800
2024-02-23,499.4076973767987,502.96304405959506,496.9521124730802,499.87225341796875,2502000
2024-02-26,500.89624900631236,505.1531751785087,497.09438872800644,498.0519714355469,2308900
2024-02-27,497.5209545582928,498.30788741741674,485.4706798677403,486.7695617675781,3780600
2024-02-28,469.72285709852076,472.6714102990534,459.24644863041186,472.4154357910156,9558600
2024-02-29,472.6241019618487,475.70540252629405,466.08226962710813,467.97845458984375,6833200
2024-03-01,464.015413661316,464.5842459772356,452.47711596199696,464.11968994140625,7315000
2024-03-04,458.15618181918535,461.75895045420407,455.1791866005785,456.8572998046875,5239800
2024-03-05,457.3502980701625,457.8338055102446,446.1912322158829,448.58990478515625,5296200
2024-03-06,449.81299865457135,454.8947604607518,443.887420652876,448.0685119628906,5577500
2024-03-07,449.39579287285346,456.2125794718271,449.0165617035393,453.92767333984375,5102000
2024-03-08,455.2887566819859,460.9236021416415,451.9002447597918,453.6135559082031,4673600
2024-03-11,454.0228580811877,466.6917116086643,453.07102819003217,465.58758544921875,4410100
2024-03-12,464.6167509362462,468.5668393579828,463.8743247486609,465.7779846191406,4153800
2024-03-13,469.74710229482906,472.10765100698006,461.95161274976107,464.4930114746094,3669000
2024-03-14,465.17831300686595,466.09206158367647,461.818354599254,465.44482421875,3378500
2024-03-15,463.9694924527324,467.55788068828923,463.9694924527324,467.1771545410156,5713500
2024-03-18,468.39544191357385,468.39544191357385,462.9509743941936,463.58868408203125,2970500
2024-03-19,466.0825588600982,469.67094711786916,464.29311400453724,469.5567321777344,2511700
2024-03-20,468.74765223156675,470.7750544806079,465.86360891818856,470.4228820800781,3548200
2024-03-21,468.5668557367317,472.29804199421517,467.6150257682207,468.0052795410156,3693400
2024-03-22,471.3461794016168,471.9458078403375,466.1777209542005,466.4632873535156,2847300
2024-03-25,466.96773576348966,467.8053506890408,460.75228793109966,462.47509765625,2786100
2024-03-26,464.61672549163785,469.57575104934546,461.85642464011823,468.5953674316406,3113300
2024-03-27,469.9184548499796,471.8506684738968,467.643567341588,469.34735107421875,2653100
2024-03-28,471.15577659430744,471.9838639176847,465.7303348205684,470.8702392578125,3820000
2024-04-01,470.65133267614567,471.8982275236239,465.1592846002114,466.1111145019531,2928700
2024-04-02,437.46104418782346,441.34449754394376,427.9427448323336,436.0713806152344,11867000
2024-04-03,439.7454136673933,440.554474891658,433.6060991952273,437.5942687988281,4460400
2024-04-04,438.62229329274334,439.4789344553474,430.151012378022,433.4443359375,5182000
2024-04-05,428.98022732850427,435.7001442142088,428.3329899567894,433.7869567871094,5747400
2024-04-08,434.0058395781518,435.17660070143296,431.74047998300335,434.0343933105469,4532300
2024-04-09,432.39729920741985,437.61333767814824,430.66496176433503,437.57525634765625,3521200
2024-04-10,433.5489587820634,436.64240572107667,428.11401860098545,428.3710021972656,4493500
2024-04-11,428.6946690120428,429.05633996263964,420.2138613862219,420.4422912597656,5844100
2024-04-12,419.12877214659306,420.9372431361519,415.35953389869087,418.043701171875,6045700
2024-04-15,420.708793428808,426.7529187819203,420.6992658351008,424.1639404296875,5376800
2024-04-16,453.8039229109645,456.6403864197335,443.17199938330305,446.30352783203125,11816500
2024-04-17,455.54582412584136,464.4930199297329,451.72897669554857,455.9170227050781,8759800
2024-04-18,462.7130426738536,477.81857751872127,462.56074641443746,469.4234313964844,8880400
2024-04-19,473.05947727511335,482.8633139778937,471.68883984612637,476.99053955078125,6618600
2024-04-22,473.8018875706742,475.36290255315396,467.005837173467,467.5674133300781,4697700
2024-04-23,467.3484776926908,470.49903231626575,461.60894459698164,462.7606506347656,3646700
2024-04-24,460.47622964343054,465.311512353213,457.5541051215383,463.82666015625,3724400
2024-04-25,465.4067484411355,473.1832116499287,464.04563863018865,470.0707092285156,4329700
2024-04-26,468.30031662256454,473.2783975185746,467.7292128659551,471.48895263671875,2727000
2024-04-29,471.8315746870321,473.392589609912,464.27404322806194,465.4733581542969,2192100
2024-04-30,465.406721289658,466.12059368631054,459.34356971502916,460.4001159667969,3367500
2024-05-01,456.1740228205074,465.6256870803828,454.08951294418455,460.7903747558594,2729200
2024-05-02,460.95213791064555,469.9088598829133,460.6285192618731,469.2235412597656,3561400
2024-05-03,467.21520261888185,469.0522563699606,462.3799195921703,468.7286376953125,2487600
2024-05-06,468.7571724149709,471.03203063927634,468.3002836323609,470.5656433105469,2029500
2024-05-07,472.1076063858594,477.48543923780284,471.1938578616501,476.82867431640625,3752100
2024-05-08,479.8841145724878,482.57778052705453,475.99110454840866,478.9703369140625,3078900
2024-05-09,477.9518900374691,483.5010456909143,477.9518900374691,482.6063232421875,2342900
2024-05-10,484.48137981991886,488.8407766750982,482.577720174261,488.10784912109375,2784600
2024-05-13,487.38448144472494,489.87827109811803,482.8728170808778,487.08941650390625,2454500
2024-05-14,489.7926353076256,491.3060122816948,482.863285904206,489.1263427734375,2949700
2024-05-15,490.03058799404903,497.4167970767746,490.03058799404903,492.6195373535156,2981200
2024-05-16,494.95146647357853,502.71837161640696,494.48507919461383,496.1603088378906,3655800
2024-05-17,497.7499560870235,500.51975567807153,494.9611013065579,499.3585510253906,2657200
2024-05-20,499.35853658406523,499.35853658406523,491.6582069539004,492.3149719238281,2476200
2024-05-21,493.3524840685082,499.44416061256226,491.06806905505846,498.3305358886719,2521900
2024-05-22,497.63573143832025,500.9290839134249,495.5702767549179,496.23651123046875,2299100
2024-05-23,493.3525742139461,495.1705441055551,490.4113937038483,491.9343566894531,3055400
2024-05-24,491.2489088257951,492.2293214946253,483.07269358568135,483.69140625,2527800
2024-05-28,482.24463015712485,482.24463015712485,477.7234379715105,479.4176940917969,2912800
2024-05-29,468.62394157484727,470.10879393336586,450.4725379419736,461.3710021972656,7521600
2024-05-30,459.0865913349164,462.6178720305741,454.97467931198366,458.4488525390625,5169700
2024-05-31,459.17228764115754,474.4015667740263,459.17228764115754,471.50799560546875,6694800
2024-06-03,470.32768650001583,474.6585006807451,469.31874918695524,473.4782409667969,2795100
2024-06-04,474.5442983745347,483.786558292773,470.76553262307027,481.1404724121094,3178400
2024-06-05,484.1959013964054,484.5766275623456,474.7727617660047,478.8846740722656,2464400
2024-06-06,479.3890786236515,480.38851735398237,473.3259273736322,477.742431640625,2419600
2024-06-07,477.85671192392545,478.63719039975615,466.7964526522295,467.0534362792969,3416300
2024-06-10,467.34853324504815,471.5270809168843,462.7702332370623,471.1558532714844,3332800
2024-06-11,467.21522361022033,473.80189948014083,466.6727026284448,472.3170471191406,4599700
2024-06-12,475.91496100927174,475.91496100927174,463.9409533711978,469.31878662109375,4048200
2024-06-13,466.6631356426421,477.8185825974565,461.0473453618616,473.344970703125,4951700
2024-06-14,472.8976062328493,473.86849125926807,468.0432972909211,473.17364501953125,3188400
2024-06-17,469.64655091296225,471.3575625796675,467.1326429012839,467.6392517089844,2407200
2024-06-18,469.05390794649327,469.96199407896336,457.8989463907967,459.8202209472656,3692700
2024-06-20,458.85481561803067,464.475323301368,457.0099684787019,463.1370849609375,5258100
2024-06-21,463.060658854615,466.75029503464924,459.3805615176824,461.29229736328125,6368600
2024-06-24,467.28554364014525,469.22598338162555,463.1179738117356,468.35614013671875,5139800
2024-06-25,468.9869618460736,468.9869618460736,459.39004157089903,463.117919921875,2916100
2024-06-26,463.1179747359297,465.92822855715315,460.22169630843683,462.67828369140625,3153100
2024-06-27,463.64365035384503,467.4002328612177,460.77604704270914,464.9723205566406,2991900
2024-06-28,474.4641275370803,486.9190846526262,467.8112953637344,486.7852783203125,22734200
2024-07-01,484.3860449465043,486.4507230539717,471.1377302203872,472.8200378417969,4523100
2024-07-02,472.4472515510228,476.4714470204239,471.6156511911779,476.2515869140625,3312000
2024-07-03,475.18101691182864,476.09864187226333,465.0488119532396,468.2701110839844,2239200
2024-07-05,467.41938334244674,468.0598276435158,463.1179779742647,466.47308349609375,3499000
2024-07-08,467.60094940137276,472.0839715059772,464.71423928275414,467.74432373046875,3450600
2024-07-09,466.77894100369645,473.5369338004358,464.6378063238472,470.3921203613281,3056800
2024-07-10,469.2737355632491,479.3676971007417,468.48991697378455,478.8228454589844,3189800
2024-07-11,475.73544716643227,486.27866853033134,475.73544716643227,482.10150146484375,3535100
2024-07-12,484.548541356663,491.8609245448192,481.212542737811,488.955078125,3570600
2024-07-15,501.1041224909652,507.4033169174057,491.1248603979198,492.6255798339844,5128000
2024-07-16,510.3377834007367,525.6507441334895,503.86654046541463,524.6470947265625,11062000
2024-07-17,529.55076027775,548.2953138011353,526.9699055539367,547.9799194335938,10330800
2024-07-18,539.5874224690565,555.8371765558129,536.6433330400585,539.4345092773438,6834800
2024-07-19,542.0918420496112,544.7491830276584,536.7580824062456,540.380859375,4290400
2024-07-22,538.201403599123,539.3484567350122,532.4949003018545,533.8809204101562,3377300
2024-07-23,534.1294380002223,534.177278071609,528.4133662512236,530.219970703125,2785600
2024-07-24,535.2859640185351,536.3660992918242,528.6140254934539,535.0469970703125,3156200
2024-07-25,537.1977842039469,544.7395962795293,533.9287321730727,534.9801635742188,3102900
2024-07-26,535.2858384974458,553.5715897548681,535.2858384974458,544.5768432617188,3201900
2024-07-29,540.7439556710511,546.1350053399473,536.9682664613551,541.738037109375,2965000
2024-07-30,541.881438003415,553.858430290221,541.0115657002149,550.895263671875,4139100
2024-07-31,540.4859727620766,555.2637121840058,537.5036694431656,550.7328491210938,4713200
2024-08-01,551.7270421099098,561.5724712135124,542.072739940285,547.4925537109375,3680800
2024-08-02,556.630551541595,565.4340572614902,549.8629907049781,563.799560546875,5094000
2024-08-05,556.4297848354996,560.922375371848,541.7476687495786,544.8064575195312,4587400
2024-08-06,543.1336788985003,552.0328060328302,537.7043566429662,543.2674560546875,3216500
2024-08-07,541.604296934662,546.4219084902983,532.4471244565867,541.0977172851562,4320700
2024-08-08,539.4630812783791,547.1865090895334,539.4630812783791,541.2505493164062,2860800
2024-08-09,539.6255319574644,540.9542020663782,533.0205118011261,534.1006469726562,2976700
2024-08-12,537.5035690015695,543.8887586753679,536.289598269856,540.3424682617188,2532400
2024-08-13,544.8350231960388,550.3216944816255,543.88872350385,548.8974609375,2369400
2024-08-14,549.8534031242244,555.4739106516726,547.9703714964564,554.087890625,2344400
2024-08-15,554.087989395,557.5960669746609,548.1998681622166,554.0306396484375,2751800
2024-08-16,555.2827938426822,555.9806171192708,548.7637674148972,552.185791015625,2728900
2024-08-19,552.5680635017852,557.5576653176072,551.60262770776,553.2371826171875,1847900
2024-08-20,554.2599172943065,558.0451747634133,550.1019157249219,555.024658203125,1677500
2024-08-21,555.8467204386064,557.643756656334,551.9467632914592,552.5585327148438,2844300
2024-08-22,553.6864475305608,557.223170214602,545.4373033860018,553.1798095703125,2282000
2024-08-23,555.3591891370351,559.3834135586934,552.9217379270308,558.7142944335938,2376400
2024-08-26,562.0981321718622,565.9598759998921,559.8900795573551,561.21875,1800000
2024-08-27,563.4553289854946,566.1987230749285,558.016497549955,561.4288940429688,1581900
2024-08-28,563.015633363503,566.6766229254451,558.1024594703475,562.5663452148438,1657000
2024-08-29,564.6119711965154,566.4567890040922,558.5804478607345,565.4627075195312,1953200
2024-08-30,563.9620130101468,567.0781514336293,560.7025294187903,564.1531982421875,2944700
2024-09-03,566.3707913235276,574.1515106533793,565.7016722143604,572.2589111328125,3175500
2024-09-04,573.5207147067574,581.1103078317052,571.4942795154503,577.5162353515625,2935000
2024-09-05,577.5257165430896,579.2558347720311,563.6464986644091,569.2096557617188,2144800
2024-09-06,569.5728943450996,574.1036980087905,566.1222258736514,570.538330078125,2926400
2024-09-09,571.9147735068286,573.0235543767773,549.8820345267205,567.8809814453125,3411400
2024-09-10,568.9420839285741,578.1088232931594,565.0612630645777,572.593505859375,2863500
2024-09-11,563.1399571179282,565.3002276323316,553.4187398031133,563.7230224609375,3563600
2024-09-12,562.556972036792,564.449571839257,557.4717477278444,562.4517822265625,3395800
2024-09-13,564.994367227595,571.3030715012628,561.3142411166707,568.0913696289062,2241900
2024-09-16,570.7581360004227,574.3937003607072,563.8131219990224,565.1369018554688,2548600
2024-09-17,562.1343628387594,562.8153980302942,552.9063125740977,554.412353515625,3416000
2024-09-18,553.3571144254605,560.7050576312785,548.9925057167219,556.9927368164062,2988300
2024-09-19,559.9376811349517,561.0025013071704,551.1701133134551,553.5586547851562,2945700
2024-09-20,548.407399691596,555.2565107349792,546.4409339736726,551.5729370117188,5398700
2024-09-23,553.0021971510226,555.8224157797382,548.6951415093687,550.0476684570312,2386100
2024-09-24,547.5631778572887,553.7887474438479,542.9395513307476,551.755126953125,3188500
2024-09-25,554.3259065367744,557.4338902338271,549.7310860153176,552.8294677734375,2658800
2024-09-26,551.572947264015,553.1077355239908,547.6495591473891,551.3906860351562,2751900
2024-09-27,554.1437125512816,562.8058334875446,553.0981549521266,558.143798828125,2986200
2024-09-30,559.7266648934166,562.5276799677054,555.1605905301374,560.8585815429688,3009700
2024-10-01,561.1656004261683,564.7148646513698,557.1079602047374,559.5348510742188,2648400
2024-10-02,579.640747201598,579.8901634336684,560.4460018525604,568.1776123046875,3667000
2024-10-03,566.5469677061005,569.0602172715711,560.5612112280816,568.5997924804688,2645800
2024-10-04,568.0050172826981,571.8420463985938,564.4653555813477,567.1129150390625,2462600
2024-10-07,564.8010765596796,568.3023890742685,559.5635692471305,559.7841796875,2591100
2024-10-08,564.100856383793,565.2040257194529,555.9471691764184,557.8848876953125,2231400
2024-10-09,558.4412111705723,568.6477230251255,556.9543740461825,567.132080078125,2207700
2024-10-10,570.9307364338447,574.5471550867463,568.6093502278983,573.3480834960938,2143200
2024-10-11,572.1873379129615,577.0124299012986,571.9091743926418,573.6837768554688,1909700
2024-10-14,574.7006092973608,583.8327572483278,573.0411129548323,580.734375,2447100
2024-10-15,529.529194548546,546.4888553397986,520.8766756032171,533.6251831054688,11939400
2024-10-16,534.3159592269217,552.7049066918223,532.5029487385505,548.0621337890625,5103900
2024-10-17,537.7404807601907,546.268233773505,535.9562176617255,542.9684448242188,5588700
2024-10-18,543.7550281263591,547.6880185545891,540.1002598122332,546.402587890625,3687000
2024-10-21,546.4313687892877,555.6786236590943,545.5296645418431,548.186767578125,3018000
2024-10-22,544.7142175033857,549.6927650780232,542.450384397169,546.642333984375,2593800
2024-10-23,548.8198369625889,550.7479533390223,537.1840422213147,541.635009765625,2911900
2024-10-24,541.9707478758861,548.4073851431685,537.4814309421565,537.9610595703125,2590200
2024-10-25,543.093076805457,548.2155364506569,540.6469824469881,541.5582885742188,2513700
2024-10-28,543.179430501943,545.1747020221119,539.8795831429172,542.2105712890625,1826500
2024-10-29,539.8892458914797,544.5512227088518,537.8172171625871,539.2273559570312,2600300
2024-10-30,538.3831475116325,547.0740161121553,538.095382037791,540.0234985351562,2323600
2024-10-31,538.0282257658597,545.2898103725973,538.0282257658597,541.500732421875,2490000
2024-11-01,542.0954451557476,547.0931964385574,540.9251794297041,544.43603515625,2548300
2024-11-04,543.6493690753784,545.4240298707249,532.7905714860374,535.0448608398438,2656600
2024-11-05,535.5341722978878,545.5679657867706,531.8122494376958,543.9276733398438,2608100
2024-11-06,579.2955390554018,580.8303274012551,566.7771837565708,572.3792724609375,6591300
2024-11-07,574.2977598652795,582.883124478526,571.8612673812526,580.7823486328125,5254300
2024-11-08,584.1876752019019,594.5476419687054,580.5425092994881,590.72021484375,3875800
2024-11-11,591.7659198440036,605.0324076738228,588.907292948329,599.7756958007812,3003200
2024-11-12,594.3366954402991,599.0370214063887,588.77301442512,589.626708984375,2809400
2024-11-13,588.0246894850127,588.0342914251814,578.4896701553419,581.1851806640625,3409400
2024-11-14,578.892606777333,581.3099540345559,564.9929771451452,568.9835205078125,3079200
2024-11-15,567.8035237136426,574.5279262699136,565.9138150720325,568.1008911132812,3423900
2024-11-18,565.4246335194365,569.9331546050269,561.4724980695369,565.6260986328125,2577100
2024-11-19,558.9783786612738,562.9305725516799,553.2708446374179,553.491455078125,3198300
2024-11-20,558.968830649979,578.086821212645,557.856059418177,576.0339965820312,3928600
2024-11-21,575.5543515169048,579.3913805270175,572.4175615656445,573.1466064453125,2722900
2024-11-22,574.1730780953073,576.7630846545985,564.686008835312,566.79638671875,3197900
2024-11-25,573.2329780770041,584.9934816216629,570.767679857502,581.1468505859375,5146200
2024-11-26,583.458622716052,583.679233148945,574.479988871604,582.0676879882812,2693600
2024-11-27,586.1350117885413,592.2934272154505,581.9814113166943,583.5929565429688,2269800
2024-11-29,583.9958225359595,590.6914781882969,581.9046486835576,585.3388061523438,2010800
2024-12-02,588.9839448216208,588.9839448216208,576.2929902835142,583.7272338867188,3364900
2024-12-03,585.9622489152486,590.6626327085843,580.1779583287832,580.5712280273438,2329900
2024-12-04,586.1253931050838,597.4542190687752,582.2403543410501,585.9047241210938,4147600
2024-12-05,580.9645986051931,584.178087104217,550.5081796771568,555.3811645507812,5943700
2024-12-06,558.3933145332244,558.3933145332244,521.9703389320716,527.22705078125,13003600
2024-12-09,531.5408630276669,542.1138853001058,524.4536656261442,539.8413696289062,7684700
2024-12-10,541.1702957417291,546.7071804401542,536.3845297003805,544.2420654296875,5360600
2024-12-11,535.0653490679855,537.4149168272925,512.9274450541114,513.755615234375,10363000
2024-12-12,511.82966180779664,514.2080867320252,495.132317176275,496.6441345214844,9403800
2024-12-13,496.5286591151471,507.9779897771076,491.7909979548373,501.1892395019531,8202900
2024-12-16,498.8011272587293,502.36400420803096,477.69354539139266,480.02386474609375,8880000
2024-12-17,468.9500895030202,477.2313495275996,458.1844661643123,467.5249328613281,14132700
2024-12-18,470.3270773777629,487.7658730347115,467.9871486870852,481.1986389160156,10147600
2024-12-19,481.6030609817622,484.9829480140567,468.2182205181586,471.1166687011719,7418100
2024-12-20,471.1552165090232,484.0104248849392,470.6159744105622,481.59344482421875,10956900
2024-12-23,482.2000998679191,489.92284015850703,480.5534572648544,487.5732727050781,4286000
2024-12-24,485.7051592996193,487.3421630859375,482.03637362650187,487.3421630859375,1824400
2024-12-26,486.90883581715934,493.23530629452677,486.0229506927395,492.2049865722656,3387000
2024-12-27,490.5391002163498,494.159721292382,488.9791184797507,491.08795166015625,3471800
2024-12-30,488.07399380814104,490.8376463243684,482.1038049746117,488.9791564941406,5408600
2024-12-31,490.47172190141004,492.06056128069343,484.6844640176999,487.1110534667969,4214000
2025-01-02,489.17173512550124,493.12938997936783,484.6363125024563,485.81109619140625,4234900
2025-01-03,487.58289789254314,497.15445957353546,486.6488483212017,493.9864196777344,3019500
2025-01-06,493.9864102992775,501.01583479260535,490.9242793700627,494.6315612792969,4444800
2025-01-07,499.6196091653916,500.245541436729,492.27242791902967,495.19012451171875,3914500
2025-01-08,495.43085524735693,505.2239035098053,490.6258112638927,505.0794982910156,4141700
2025-01-10,507.1208716336898,515.6043394992814,499.25363843531943,501.3913879394531,5467500
2025-01-13,515.2094875580235,527.1114265282164,513.3799436005152,521.0834350585938,6472500
2025-01-14,519.6487802661219,524.3671345290759,516.663641424183,523.587158203125,3978300
2025-01-15,517.1932253230204,526.0426150445749,514.5259309016369,523.2789916992188,4103900
2025-01-16,510.6933461062643,519.8316628040305,491.0976119616905,491.6657409667969,9059900
2025-01-17,486.87991465670854,502.4794966292706,484.16442686230533,490.8664855957031,7495700
2025-01-21,494.9974855034203,505.54165170792413,493.81309244105773,505.5320129394531,5682100
2025-01-22,502.3254356122954,505.0024273300034,496.8752408077329,500.45733642578125,3756100
2025-01-23,508.30531524681885,511.781502109372,500.0722194454623,510.1349182128906,4580800
2025-01-24,508.5364319305624,514.8147973478195,505.06988369195807,512.7733764648438,3671200
2025-01-27,519.9664114536503,531.4542363817326,519.9664114536503,523.375244140625,4263000
2025-01-28,522.8842249531519,526.2448643630643,517.9058590696852,522.3738403320312,3162700
2025-01-29,521.651592266767,523.3367312093762,514.217750399545,518.1561279296875,2737600
2025-01-30,519.4752352351513,526.8320829231222,515.1709380386388,525.3491821289062,2924700
2025-01-31,523.1056863604377,528.8062547632228,521.3434958681269,522.3834838867188,4120500
2025-02-03,521.9115476784696,533.3800947571989,521.0160238468336,527.8624877929688,4083600
2025-02-04,524.992969498395,528.4691560118371,521.4397316117559,525.2337036132812,2869900
2025-02-05,511.05925475658074,520.6597619402247,502.5661480244499,519.802734375,4621600
2025-02-06,517.9538921728032,519.1190076423009,505.80163908734426,510.3948059082031,3926800
2025-02-07,509.58607702954123,512.6578472342534,505.9172908152727,507.49652099609375,3349100
2025-02-10,508.1127509638787,514.3622002380824,503.9817740130458,513.6015014648438,3143100
2025-02-11,515.1710915213007,527.2462955736368,508.6905468783045,514.131103515625,2631900
2025-02-12,519.8412655424848,522.2486068829112,506.0327885266688,507.8527526855469,3859200
2025-02-13,511.22299258036804,514.5258576012859,507.56378699639833,511.4925842285156,2835100
2025-02-14,509.3934151262628,513.4377602334682,503.52910590486795,504.1069030761719,3705300
2025-02-18,492.0027458977706,496.87520192229107,478.579409603447,482.1711730957031,8759300
2025-02-19,482.7489856862497,492.88870676046525,479.6868543958011,492.09912109375,4380300
2025-02-20,486.46590759141816,489.5858125426951,481.69936001675325,483.798583984375,4144300
2025-02-21,423.2587152832044,452.29127347602594,422.2476437403602,449.1328430175781,19864900
2025-02-24,449.383215277445,450.6542985569018,440.06199666774387,444.4144592285156,6919300
2025-02-25,443.6922702902772,453.31202655341684,433.38886668098314,452.94610595703125,9101000
2025-02-26,447.4284251515861,455.51708562668824,441.217502548601,446.40771484375,5108400
2025-02-27,448.89213943263456,457.7800248825658,447.7847389033032,451.19354248046875,4216800
2025-02-28,449.691326732714,458.70439789105,447.2647374331209,457.3562927246094,6146300
2025-03-03,456.78820452101087,459.5807146264819,447.96770223526414,449.739501953125,5700200
2025-03-04,452.33942973324366,461.44880097341695,449.17136035798563,457.019287109375,5864100
2025-03-05,453.61053989730243,461.3236418880475,453.55276605366333,458.33856201171875,3637100
2025-03-06,458.3577550921187,470.02854028884457,454.50600925100844,469.64337158203125,4964000
2025-03-07,465.89755022703827,481.3912242511688,465.4546076687141,475.1899108886719,5434100
2025-03-10,476.06025579580074,481.4467413693105,461.97030407947284,464.3976135253906,5108900
2025-03-11,466.60247687526225,470.7317772897896,461.4190935777406,470.0258483886719,4101000
2025-03-12,467.2214137194421,471.5344564185333,463.0437429240133,465.2582702636719,3680800
2025-03-13,463.6529799169653,468.1110743818843,459.34958776361196,465.6547546386719,2876600
2025-03-14,465.1518951656696,473.3234943180056,462.48282287220553,472.5498352050781,3915900
2025-03-17,471.4474397141455,484.11579487935984,469.938841243905,482.57818603515625,5152300
2025-03-18,485.692054728098,489.29916832982985,481.4177025792477,487.2006530761719,3617600
2025-03-19,488.39985519031916,489.66669070253965,483.58392654423744,486.6204833984375,3317600
2025-03-20,488.60290091282957,497.44176815006324,486.92024029714304,494.45355224609375,4965400
2025-03-21,494.82106784916925,501.8998942498113,488.4481999010114,499.8207092285156,10244900
2025-03-24,498.1090417840921,501.1745793655558,494.27949552953476,499.48223876953125,3840900
2025-03-25,501.2036338483094,501.8998828107865,494.6760047042984,496.5133972167969,3015100
2025-03-26,498.22503515825593,505.71968564542414,495.9524283057213,501.1261901855469,3253800
2025-03-27,499.27916241077554,503.91137839950665,496.04924238866363,498.7279357910156,2822200
2025-03-28,499.84005354497594,503.8146222326559,498.0800122057926,499.0373840332031,2379100
2025-03-31,502.07397415031966,510.71942008042396,501.50344661036087,506.493408203125,5238700
2025-04-01,508.4177957091673,510.76772446246486,503.7856389103821,505.8841247558594,2962500
2025-04-02,505.7197848851793,507.7022294046891,499.7723923024883,505.9615478515625,2378900
2025-04-03,512.5277806416825,530.4279191341781,511.850832568129,522.6334838867188,6457900
2025-04-04,522.8269446745315,533.5611969760955,507.5475367138307,507.7505798339844,9919000
2025-04-07,496.4843757291118,511.7637810717049,486.99757122254414,507.41204833984375,7356700
2025-04-08,562.9884967836524,565.73494970483,529.4221685543281,534.8569946289062,11762300
2025-04-09,541.6844557590055,569.9804032915944,536.1916081479902,559.4395141601562,12691900
2025-04-10,561.1221262689903,582.0491413599677,560.890043281153,574.8156127929688,8646000
2025-04-11,569.5161213212456,586.3815068311443,567.2049124109151,579.718505859375,6121500
2025-04-14,575.3958006073989,576.0050479417391,560.2033961191361,567.7174072265625,4839300
2025-04-15,572.7267175736165,573.3262849352159,562.8337970830722,564.3617553710938,3871300
2025-04-16,566.0347798927083,575.2120922454072,563.752551757148,565.7639770507812,4192100
2025-04-17,466.07060445714467,473.65228666399736,432.36884494142254,439.1478576660156,29120200
2025-04-21,434.94122963760134,438.5579939475705,410.81327527710954,411.3161315917969,13029900
2025-04-22,410.64887335358304,417.2828342585003,403.37662523381647,413.10516357421875,10156900
2025-04-23,412.99880582511463,424.39067447670425,409.78818687103757,413.8594665527344,8345700
2025-04-24,413.4823168366401,415.73553439071446,409.6914610554457,410.2716979980469,7629100
2025-04-25,409.6044665629202,409.6044665629202,398.4446802955204,404.8465881347656,9263800
2025-04-28,405.91998022170293,410.1459917322156,401.85835098523114,406.1617431640625,6614300
2025-04-29,407.3125436325536,407.85409027111746,395.6208910948618,395.7466125488281,9909100
2025-04-30,395.553160378732,399.6437997427696,387.78773631578423,397.8837585449219,9192800
2025-05-01,397.76774715672656,398.41565532569706,386.6853124556182,387.4783020019531,9316800
2025-05-02,386.7820385097342,388.7548324902311,380.15772762583055,386.7433776855469,11392900
2025-05-05,385.96973209910357,396.20115726378856,384.49014393969856,391.4722595214844,8157200
2025-05-06,389.52843446671955,391.3851868185713,380.45751380992533,381.5115966796875,7858600
2025-05-07,382.32392280385983,382.48830507783794,372.9918791347592,378.1752624511719,8517200
2025-05-08,377.1501631113351,378.03986366091107,372.67270901708116,372.8467712402344,7218300
2025-05-09,372.96287154920515,373.8138523221996,366.06778766228564,368.0986022949219,8381100
2025-05-12,368.4467099029239,374.45209289544044,364.4237711562354,366.2708435058594,11004800
2025-05-13,324.6779411270291,330.731694451795,298.91569816864296,301.1205749511719,59478300
2025-05-14,310.8588118074472,312.299709540449,296.9912630742187,297.86163330078125,40029600
2025-05-15,265.84250505515826,267.53484552142146,240.67983057540926,265.3106384277344,121849200
2025-05-16,270.0878952104499,284.7870643040033,260.27232571627866,282.2920837402344,71094300
2025-05-19,294.72838371096896,305.8688399867074,287.45616437370234,305.4820251464844,62524700
2025-05-20,310.3462384139784,313.9436718473426,302.281001424796,310.9844665527344,41487000
2025-05-21,291.0825415950304,299.74731596517626,290.1831906590465,292.997314453125,45506900
2025-05-22,284.20686091226094,295.59872966499546,282.8626447764148,286.895263671875,27159600
2025-05-23,286.3440181610712,289.8254102307649,282.0309757838797,285.83148193359375,16873600
2025-05-27,289.63197543903937,290.067160495781,279.6036543335829,285.2802429199219,20144600
2025-05-28,284.31324236308086,293.7710082244716,283.61696385436153,288.2878112792969,16114200
2025-05-29,287.02100029954096,293.38421850975334,285.28031863473836,288.34588623046875,16221100
2025-05-30,288.1524294683198,295.56972984823045,286.0926043877836,291.9626159667969,16309300
2025-06-02,293.1327647813201,303.21910893198776,291.0536091159349,294.6800537109375,19074400
2025-06-03,293.1134112566389,295.64708229197464,290.1252246874169,291.29534912109375,12805700
2025-06-04,293.53888869966147,297.50380667227756,290.30893948148366,290.4830017089844,11255600
2025-06-05,290.4829826182471,292.4557762698312,284.4195498167771,286.0925598144531,13529000
2025-06-06,287.43680064656314,294.36089467874035,287.3594199802387,293.22943115234375,12589000
2025-06-09,294.98949119683004,297.2717192934336,291.21799505544686,293.200439453125,12170300
2025-06-10,293.7903511342374,295.06686670653653,290.68612284385324,293.78070068359375,11384100
2025-06-11,292.7072332558053,301.3139884179278,292.2720776508007,300.3276062011719,14711400
2025-06-12,301.13993797590155,308.29611571092784,298.3451734962091,308.0060119628906,15957200
2025-06-13,305.49164550124414,306.9615830661931,301.63311841740847,303.1997375488281,13762400
2025-06-16,304.8359351372026,305.09888195336697,296.8400871414289,299.6352233886719,14240100
2025-06-17,299.4306841596557,301.8654757702511,297.5510024478773,300.8136291503906,11593900
2025-06-18,299.52807241319425,303.65749947621657,298.24252494378794,299.1872253417969,12205600
2025-06-20,301.427194343239,301.51484327258163,293.7235103008663,294.132568359375,16177900
2025-06-23,294.0254905347131,294.58063027138115,287.81189628758625,292.8373107910156,12274700
2025-06-24,293.58722122671986,297.84323274198323,291.5224927150727,297.6484375,8781400
2025-06-25,296.44076227488523,296.44076227488523,291.9802072595582,294.1423034667969,8722100
2025-06-26,294.6779701085044,298.7099696141785,293.43135797612473,294.7266540527344,6532700
2025-06-27,295.0480927444711,302.35246840520324,294.3176551783979,301.0473937988281,15304400
2025-06-30,300.940290627669,304.2321341608617,298.3496683780061,303.83282470703125,10074100
2025-07-01,303.83279640669696,318.0324889235734,302.9659962707237,317.6332092285156,17865500
2025-07-02,312.37402596950074,314.01022857787615,298.4372806770748,299.5378112792969,18177200
2025-07-03,301.75834449819746,304.10548729418315,300.1903528893154,300.5019836425781,6161100
2025-07-07,299.9663495736371,300.5604245061098,293.34372777038345,295.7882385253906,9031200
2025-07-08,296.2946718683778,300.2584900286108,295.8758651222612,299.6741638183594,9613800
2025-07-09,295.2818202555604,295.6811296875477,290.9576275306009,295.0091247558594,12816700
2025-07-10,295.1552075109834,296.97642707577035,288.86371363583373,291.69781494140625,11355600
2025-07-11,292.1944637119809,296.18752793603835,290.2271627714857,296.1680603027344,9808200
2025-07-14,293.7722472083478,296.10964134048334,291.20109285789346,292.7398681640625,10681400
2025-07-15,291.8925602577717,292.8372606275845,283.43897059647327,284.1012268066406,16019000
2025-07-16,284.91933350621724,288.2696095060878,283.16629524372746,284.86090087890625,9714000
2025-07-17,284.7050476737463,285.3575849215391,276.4267559610054,280.5561828613281,14792700
2025-07-18,280.3809012411879,280.5561991191431,273.48555415915195,275.2775573730469,14979700
2025-07-21,277.215675643485,279.0271465168168,273.8653996740732,274.7808837890625,10319200
2025-07-22,275.25807936420296,279.62120712174084,274.6445070929045,277.69287109375,14600300
2025-07-23,280.0010691219835,285.0070155458623,277.51759326709913,284.8804016113281,13111100
2025-07-24,275.71581251250757,281.66642904138746,270.9630944541488,271.3136901855469,22585200
2025-07-25,273.670601797612,278.6765480683822,272.63825243902,273.7290344238281,16486600
2025-07-28,276.10536223236545,277.5662371648118,272.39474228167774,274.7613525390625,15779400
2025-07-29,258.7696915645359,265.7916229883092,253.75399654026026,254.2604522705078,41706000
2025-07-30,257.89315305276926,259.67543741529437,251.38739605525183,259.100830078125,22371800
2025-07-31,254.5818298110454,254.5818298110454,241.28787225857226,243.0506591796875,29606900
2025-08-01,244.07326304181245,244.9303144871565,228.48086213583068,231.56817626953125,39989200
2025-08-04,232.02593558103644,235.9313364611171,230.76957463139894,234.6944580078125,17427900
2025-08-05,234.8697722725277,245.49520782029916,233.78872406131222,244.45310974121094,23795900
2025-08-06,244.1024987949809,246.55677321797688,238.9115206242556,239.3692626953125,12946400
2025-08-07,239.99256231007448,242.26179010723808,233.25306022385337,238.2882080078125,11369900
2025-08-08,238.40506465525084,244.53100907684876,237.9960214207692,244.34596252441406,10185700
2025-08-11,247.24822856973847,251.66007004429798,245.56335683501533,245.787353515625,11779500
2025-08-12,247.39431690942763,256.023219208256,247.0534401302882,254.7473907470703,12171800
2025-08-13,257.49386083864647,265.09039951268255,256.032985730441,264.7203063964844,19480300
2025-08-14,265.002735002078,266.70708919484196,260.0357539817072,264.40863037109375,25011100
2025-08-15,293.84041795031777,302.206359369574,287.02300061610106,296.0804443359375,68198500
2025-08-18,305.0112449986687,308.14725816743027,299.40150464902877,300.4435729980469,39600500
2025-08-19,300.8428683153138,302.40114100878935,291.4056129379895,296.3044128417969,22348600
2025-08-20,298.4080870764875,299.18723831157894,287.98719565577204,292.0191955566406,16679000
2025-08-21,294.4053336197017,298.5736965589074,290.03242674196184,295.43768310546875,13359000
2025-08-22,298.11588167577366,302.57640669318397,296.6355093997609,299.4014587402344,14930000
2025-08-25,300.4435869326935,300.81368007561,294.8338463228724,296.90826416015625,8917100
2025-08-26,296.37258198469374,300.90128859430416,286.52629863380554,292.5937805175781,16303200
2025-08-27,292.7009183419864,297.9892786188307,292.6619533539408,295.95379638671875,9982800
2025-08-28,296.3141417558576,296.52840460843896,291.5906400432071,294.4052734375,11235000
2025-08-29,294.41501048718345,301.91418106683005,293.0612817111696,301.7875671386719,12065400
2025-09-02,300.26821275895384,304.72876725560616,299.28454752073634,300.74542236328125,10957100
2025-09-03,300.07346913056483,301.51487658937236,295.7785225103111,299.8494873046875,9654600
2025-09-04,298.11590893739424,303.77436260798476,296.1680755300563,302.2842712402344,7725700
2025-09-05,302.3426751055266,309.6470496882431,300.16111140772637,307.16357421875,14126700
2025-09-08,311.3709271996748,313.26032814145043,305.61507543023447,311.8968505859375,18438600
2025-09-09,323.82728500488963,342.5362154646342,318.62657367846805,338.8450927734375,46408900
2025-09-10,336.54665319825267,339.4781519824642,332.49515615094765,337.7348327636719,17804300
2025-09-11,339.89691615463136,351.56444850348964,336.81933592601155,344.38665771484375,18943500
2025-09-12,346.6169306487971,352.85973995734156,343.2666549867767,343.31536865234375,14016200
2025-09-15,344.2562617205344,344.6972712574788,335.7003177947291,340.9534606933594,11035900
2025-09-16,340.57119910514825,342.0805014268064,331.5742462609258,333.005126953125,12695800
2025-09-17,330.9568224057415,336.1609442520178,330.9568224057415,334.79864501953125,8467700
2025-09-18,336.6803662104043,338.05244567780335,327.45798828050584,328.14404296875,11255600
2025-09-19,329.7905316198508,334.16159537316497,327.18356573028825,329.97674560546875,13656800
2025-09-22,327.7912281730855,335.6513373618812,325.96832887765663,334.4948425292969,8903700
2025-09-23,334.2008052062361,345.66753101419107,333.1815333788629,340.7574157714844,12504100
2025-09-24,343.217373716776,347.43162404765394,340.9044142070616,344.7952575683594,9016300
2025-09-25,341.9432916493518,343.2075787683629,336.7489800892123,338.6698913574219,8104900
2025-09-26,340.99260101141846,342.9919337348455,334.49479209209557,337.2193603515625,6774700
2025-09-29,337.1214299699541,338.6601031752857,334.641876568426,338.2974853515625,6878900
2025-09-30,336.8959869118207,342.3549341542898,335.50428705679644,338.4150695800781,7429700
2025-10-01,337.042992446128,341.74730347810174,334.8182646079004,341.3552551269531,8825500
2025-10-02,340.36539029247416,348.00004388575104,337.77801491718446,346.66717529296875,8564200
2025-10-03,350.12681328377096,360.6624696666976,349.49955984972655,353.01800537109375,13494800
2025-10-06,353.8314638081978,355.2917453013463,349.9896110702735,351.61651611328125,7181700
2025-10-07,352.24376737921204,357.4478894842047,350.9206788979734,356.4090270996094,7236200
2025-10-08,359.613786634634,367.16026853084173,358.50631288504906,362.544189453125,9438300
2025-10-09,365.0923551123336,368.7185931947143,358.7807591507652,360.3586730957031,8759800
2025-10-10,362.03454422093245,362.03454422093245,345.4813287153903,347.431640625,13141900
2025-10-13,347.6668450586018,351.9987280315978,346.27517512568846,351.5086975097656,5659400
2025-10-14,347.8726721794402,355.1054974076654,346.35355964789164,352.75335693359375,5974800
2025-10-15,352.2241789356418,356.9578609672659,348.7547542094708,353.9490661621094,6579600
2025-10-16,354.62527889422057,354.7820922478407,347.3336224508748,349.5583801269531,5872100
2025-10-17,344.00139870804355,351.2440635956089,343.83477518399866,349.48974609375,8608400
2025-10-20,351.3911117321571,358.2809400014152,350.3816500053927,357.2126770019531,5996500
2025-10-21,357.85947450501646,363.6516084782733,354.29203824215006,358.0848693847656,6885300
2025-10-22,356.7029783280342,356.74218914094564,350.8618233858751,354.2822265625,7833000
2025-10-23,348.4901083853841,355.0565296362527,346.5888173917132,353.2630310058594,5756700
2025-10-24,354.1646210665127,358.1338858633925,352.85134298130356,355.2720947265625,5462100
2025-10-27,356.252207496177,358.9179748669274,354.1940732179572,358.6827697753906,7766400
2025-10-28,373.0896257903608,373.4032524981995,351.4792920385495,360.5056457519531,18858700
2025-10-29,357.01662267617155,358.8493319750526,346.82399417826383,348.1764831542969,11874900
2025-10-30,340.5908266262187,347.47087476925253,336.7490038190758,337.8760681152344,11441900
2025-10-31,337.52325394705144,339.37555385884514,330.39819066392744,334.7496643066406,8390800
2025-11-03,332.36810487769543,333.9068078868114,320.08794125774733,327.13458251953125,11181400
2025-11-04,321.09740415229965,329.79054081416064,320.6759850821896,324.23358154296875,9646600
2025-11-05,319.7939098851405,323.62595219451543,317.7553960532753,321.2052001953125,9697100
2025-11-06,322.3617025788201,325.7428953487219,315.0406451379028,315.1484375,7922100
2025-11-07,313.2863393626572,318.07882265849594,307.8960032344128,317.74560546875,9402900
2025-11-10,313.6097362529,317.7848060357201,310.8459867308537,315.16802978515625,9283800
2025-11-11,316.8537128676349,321.3227886847148,313.5019209593692,320.9209899902344,7157800
2025-11-12,321.9010364932658,336.3275351202159,320.55832784518265,332.2994689941406,10403300
2025-11-13,331.6036653013031,332.2700996432553,324.6844366173477,325.889892578125,7788700
2025-11-14,320.4309500487702,321.6658065479886,314.09973457010733,315.4424133300781,8676500
2025-11-17,314.2075720220705,321.34241512007077,313.06088745762,314.129150390625,6485400
2025-11-18,310.6891466030926,311.16936692129127,302.61342363993174,307.3275146484375,9182100
2025-11-19,307.67055482846513,308.7192273184903,298.4579870426836,302.92706298828125,8181100
2025-11-20,304.6127916915999,308.4742348638782,303.81894458396266,305.3282470703125,7337600
2025-11-21,305.6908291650661,317.3829496811602,305.23019930011,313.5901184082031,8406300
2025-11-24,318.0592220645265,319.35290987224755,311.2869963920142,312.6884765625,10773800
2025-11-25,314.71720383448,321.4600287348608,314.5015892042089,319.7743225097656,6149100
2025-11-26,320.078109327525,328.50663967041567,319.3920845924249,323.1358947753906,5504200
2025-11-28,325.05684195811017,325.43905019177237,322.33227360022175,323.1947021484375,2464500
2025-12-01,320.6367866787963,323.478957830369,316.58912963096105,316.7655334472656,6154600
2025-12-02,316.92234613997925,322.1460884369951,316.3637041471038,318.06903076171875,7978100
2025-12-03,319.4998951185618,334.60263914868636,318.529644271779,332.9365234375,9770000
2025-12-04,332.63270997198805,334.4556390535126,322.16566527513515,326.8405456542969,8061600
2025-12-05,328.3204578992349,329.0162928832224,321.9598711365138,324.31201171875,5906000
2025-12-08,324.31203668860735,324.70669087301354,318.52037286650165,319.2998352050781,4782800
2025-12-09,318.8459617269979,322.00322508793437,318.1750466501944,319.28009033203125,4628400
2025-12-10,318.44144868860934,324.341629514822,315.33350563746524,323.9864196777344,5910500
2025-12-11,325.95971994414947,334.7211811769636,324.37122709653676,332.2348327636719,7513200
2025-12-12,332.9945215393808,340.3746776267931,332.86625216530695,337.2765808105469,7979000
2025-12-15,336.4379310634787,340.35493459808333,332.50120535931967,336.5464782714844,6447200
2025-12-16,335.875584402924,336.43795231748607,326.61092153589937,329.7386169433594,6334000
2025-12-17,329.15646010386473,331.04096617925336,326.0682693196749,327.2029113769531,4685600
2025-12-18,324.53892313779187,325.77223619210525,320.23714165723425,323.7594909667969,6354900
2025-12-19,323.6805434123363,330.1332457701224,321.71711865698285,323.0491027832031,10553000
2025-12-22,318.58943517385893,325.3973174895482,317.3561220691985,320.81927490234375,7872400
2025-12-23,319.6747419864576,323.42400160765817,319.4379555165406,320.46405029296875,4463300
2025-12-24,320.85876722532225,324.59815108761563,319.80304392248206,323.20697021484375,2842700
2025-12-26,322.8320412014528,327.4594342482506,321.90458736412984,327.40020751953125,4359300
2025-12-29,326.4728087048146,329.787940036587,323.89763516121945,324.548828125,4346800
2025-12-30,325.3282463216964,331.66252501027776,325.1111820298963,327.7257995605469,4432500
2025-12-31,327.88370534581946,328.8802018879278,325.47627568793376,325.70318603515625,4285200
2026-01-02,326.4826326508298,335.71769665499096,323.1280270938765,331.9092102050781,6863600
2026-01-05,330.97192221503246,342.3085268229226,329.3932753932535,337.4541931152344,7956600
2026-01-06,343.6996829189171,347.90279327098006,340.5127911940015,344.3114013671875,9441900
2026-01-07,344.3213032237757,345.4361929991165,333.52734431693204,337.13848876953125,7461400
2026-01-08,336.4576913463828,343.2556975271264,336.2504730653109,342.2197265625,5059300
2026-01-09,342.6143671222478,344.40020201938364,337.9080553379447,339.3880310058594,4129100
2026-01-12,336.86224159355777,338.0758024907637,329.48208469325857,335.9643859863281,7146400
2026-01-13,336.9411188846722,337.27657641470313,328.4065987621919,329.47216796875,5605900
2026-01-14,330.8929641448377,335.56967774923123,329.639928884428,330.4884338378906,5740900
2026-01-15,330.7252428593728,334.91850727155963,323.6805441940115,334.4350280761719,6943500
2026-01-16,330.38977807791053,331.7119162692861,326.01892350864483,326.6010437011719,8039100
2026-01-20,323.0293559592084,335.35264073207316,322.14137656345895,333.912109375,7596500
2026-01-21,334.8987575018528,343.4332779356386,334.168645798694,343.1076965332031,8933300
2026-01-22,342.54531596139657,350.2116096750548,342.14078564010657,349.7380065917969,7491400
2026-01-23,349.55054102610836,353.09261273920316,348.2777534390037,351.5041198730469,9082200
2026-01-26,349.2249303389971,350.05371308364437,342.6340826093485,346.9457702636719,10399500
2026-01-27,290.04562584533727,295.50180147620006,276.6567723884028,278.92608642578125,65836900
2026-01-28,279.9324825435024,291.0027024164021,279.9324825435024,290.094970703125,23396900
2026-01-29,290.40083744425385,291.65390288872567,285.3590676854078,288.3880920410156,13456400
2026-01-30,288.200605503728,289.03926441710115,280.8993981188336,283.099609375,12022200
2026-02-02,282.201779365365,286.52331359037186,278.5117159450099,281.77752685546875,8664200
2026-02-03,280.899399533992,284.2441289542904,274.88082567321817,280.3863220214844,10809100
2026-02-04,278.2453003524489,280.7020503139632,270.39154116696983,272.2366027832031,12944100
2026-02-05,270.62839103777486,273.1936885205944,262.73518654305985,264.9649963378906,13035300
2026-02-06,263.49487369356603,274.10136630983425,262.85355690624687,272.95684814453125,9572800
2026-02-09,270.4902050418196,276.43970583527863,269.6712984464802,272.01953125,10371600
2026-02-10,273.81524764104677,275.7589504136547,269.01026431799795,269.5726623535156,7284700
2026-02-11,268.8030763257778,275.95629276204994,266.198304439543,275.18670654296875,6333100
2026-02-12,274.4467004687212,282.4878958393087,272.1280658242715,280.57379150390625,12336900
2026-02-13,281.81695692254965,289.5424162609187,280.71191329863694,289.2760314941406,10281900
2026-02-17,290.07523123064414,290.3021716729731,284.4907860910092,285.23077392578125,6091700
2026-02-18,286.1286505407075,286.25691992582074,282.46818554567625,284.3526916503906,6632000
2026-02-19,287.00677646545466,287.00677646545466,283.0601744920274,286.0595703125,4931800
2026-02-20,285.04331007061916,286.9179399107358,281.73802502847053,286.1286315917969,6974100
2026-02-23,284.6979833712643,287.8749991147026,277.90985337545374,278.5708923339844,7247500
2026-02-24,278.4327740747045,278.63008610216724,268.1715851207944,270.29290771484375,9684500
2026-02-25,273.5883087457124,280.93883645242494,273.17390231272435,280.40606689453125,11380600
2026-02-26,283.1489568057956,291.31842132234294,281.42231851936197,282.8332214355469,10210000
2026-02-27,280.899378965855,290.2034849465505,280.06072010966534,289.3549499511719,9723300
2026-03-02,284.31321524046825,291.36776038144785,283.6620222891216,290.9928283691406,8141400
2026-03-03,285.13211781491367,289.8187076809586,280.56392119101315,285.34918212890625,7051100
2026-03-04,285.15186859441445,290.4107024732037,283.83960657712646,288.0624694824219,7796000
2026-03-05,286.1779504316799,287.5000885291143,282.91213985723385,284.9150390625,5397900
2026-03-06,283.5041446062434,287.44087037641276,279.27140562669894,282.6556396484375,6816900
2026-03-09,280.39852614134315,283.5803655260448,277.0774975936055,283.550537109375,10348800
2026-03-10,285.74795833009716,285.9468043127463,277.3161057836816,280.736572265625,6075600
2026-03-11,280.7763694963311,284.59455850401093,279.00647932593364,283.63006591796875,6878800
2026-03-12,283.1627358622739,285.9269470548217,274.7209602020642,275.47662353515625,10512300
2026-03-13,276.48089418495215,281.2735286763525,276.2323139355343,280.4880065917969,4737600
2026-03-16,282.36727883683284,285.767839547621,279.44397276937343,283.8686828613281,4854000
2026-03-17,286.16556405202414,287.3488084380985,283.22238246669014,285.9368896484375,5752000
2026-03-18,283.5803557381978,286.7621646688093,281.4624471949345,282.71527099609375,4544100
2026-03-19,282.3871618979052,285.91698928392157,278.4794876796185,278.8473815917969,5542100
2026-03-20,277.40561834190976,281.4922936115716,273.43828708670907,274.0249328613281,38893000
2026-03-23,277.55476453204625,279.15560669620453,267.5618207785692,268.00927734375,10424200
2026-03-24,267.34306557553816,271.8274627132414,266.0703359894755,270.73370361328125,5911700
2026-03-25,273.43825962603756,274.5121128941823,265.5930528118823,269.0135192871094,8121200
2026-03-26,268.4567257080549,273.08034278207333,265.66268603579573,266.5277404785156,6218800
2026-03-27,265.98086412749376,266.1499120468286,254.516344356629,257.54901123046875,10735300
2026-03-30,258.70244155156036,260.84022572405274,255.21239532653578,260.3033142089844,7774700
2026-03-31,261.506421503485,270.33599678803927,261.11862175045525,269.0533142089844,9170800
2026-04-01,272.6527466700565,273.7365528939259,269.22235750517115,272.424072265625,5473400
2026-04-02,270.74367864614135,277.45534552157113,269.98798496185265,275.6854553222656,6407000
2026-04-06,276.3019282869355,281.6911311912249,275.6755011928929,279.76214599609375,7097000
2026-04-07,307.0960565749332,310.6557125153819,299.0420501528358,305.982421875,22099800
2026-04-08,310.22814137902384,311.1926339297742,303.09884670162427,304.2423400878906,9645000
2026-04-09,304.08324700425817,306.1414986993597,302.41279505356766,305.16705322265625,5742000
2026-04-10,306.20115193665987,308.607391668382,302.4724483346268,302.6016845703125,5212900
2026-04-13,301.5278433900291,311.5406631473035,301.199730811355,311.22247314453125,7972200
2026-04-14,310.7352487756957,317.8048561417646,310.7352487756957,312.40570068359375,5864500
2026-04-15,314.20541746552016,315.9554320324556,309.3829548311358,312.2664794921875,5041200
2026-04-16,313.2111061223722,316.80059026538316,311.33182492038935,314.6031494140625,5205600
2026-04-17,318.2324307180975,323.42278766287063,315.33898324917396,322.78643798828125,9414700
2026-04-20,322.3489342821542,323.5520542213801,318.3020404433487,321.6429748535156,9050600
2026-04-21,351.00526031661906,355.648722319699,343.26944427388656,344.0450134277344,26097300
2026-04-22,348.8873678788304,356.52374610698536,347.11747765911315,351.5123596191406,11807300
2026-04-23,352.66576141761215,354.8234513171886,348.50950696242506,352.54644775390625,7255800
2026-04-24,354.4654798371856,356.24532290478834,349.3944670661433,352.9044189453125,8554600
2026-04-27,351.9001510435625,354.4654858887946,346.96832734783226,352.67572021484375,7256100
2026-04-28,354.8135029963465,367.5308771185002,353.6998683282982,364.6871032714844,10604100
2026-04-29,363.9214802466298,368.7339901692348,362.9371121823581,368.6345520019531,9046600
2026-04-30,366.4172241064422,369.87744160261,360.9385059451532,368.37603759765625,6879900
2026-05-01,369.8476329800702,370.78229715346583,364.9356847817637,366.6856994628906,4945400
2026-05-04,366.4569824541582,368.7240330587824,362.57913672838885,368.6445007324219,4916900
2026-05-05,368.3760355922912,369.6885161814855,359.75525962508635,361.8035583496094,6489000
2026-05-06,361.0379593902868,366.45699060703,356.21549649518977,365.1942138671875,6695500
2026-05-07,364.5578575186544,367.70983802248844,362.64874789161854,367.6402282714844,5235400
2026-05-08,369.87746743357553,377.8221130371094,369.87746743357553,377.8221130371094,6455100
2026-05-11,378.28944374742184,382.6246688242237,373.9343128299113,382.25677490234375,6949600
2026-05-12,380.6758011703357,395.1630654325308,379.8405751710962,394.138916015625,9236300
2026-05-13,394.24826604152645,401.85481542088894,390.7681426338459,398.8818054199219,8454100
2026-05-14,398.72270403378167,399.6175868268494,393.7510992453305,396.82354736328125,5342500
2026-05-15,392.0607685404387,395.3718745508767,388.0337805215488,391.61334228515625,9811200
2026-05-18,387.78519535837574,389.9130568930274,381.32210876906953,388.9087829589844,8400700
2026-05-19,387.78517361871184,392.74682548894975,385.3093241434657,387.02947998046875,5016800
2026-05-20,387.3377362764213,391.14600272737164,378.53801963676773,381.12322998046875,7783900
2026-05-21,378.95559956058275,383.9172514426562,378.3789067550467,380.3078918457031,4732500
2026-05-22,379.7510949944643,388.322137279522,378.846259230469,386.2638854980469,5598600
2026-05-26,383.8078958628703,384.32493184527755,374.27236136603494,374.71978759765625,6498100
2026-05-27,376.2808953624811,382.3462596379654,374.9485088403697,381.8292236328125,4544000
2026-05-28,382.77379769013777,387.0493961299752,378.7965137522062,380.35760498046875,4330800
2026-05-29,381.6005025160485,382.9328889810419,373.317822146985,378.15020751953125,10257900
2026-06-01,373.97405505590115,381.17295969749404,373.7851619834815,377.7027587890625,6623700
2026-06-02,375.83346054308475,377.9215103567756,372.5919643898307,375.7738037109375,3874400
2026-06-03,377.8419717237235,385.25959772485203,374.6700853756592,374.8590087890625,6808400
2026-06-04,387.78518679364066,399.1005645351637,387.606216297745,394.21844482421875,12666100
2026-06-05,397.2710257691138,401.7454703246708,394.9443182415365,397.201416015625,10897300
2026-06-08,394.87468563988523,406.3889089451397,392.74682423133754,404.2610778808594,6963200
2026-06-09,407.66165562372737,410.6545715332031,405.12614922049136,410.6545715332031,8590400
2026-06-10,411.1517339543602,413.61766096102207,402.2525488568183,405.1460266113281,6512900
2026-06-11,406.38891459163034,407.6517216421196,400.82071109845896,403.2468566894531,4938100
2026-06-12,406.6872501409831,407.5622574937536,402.5110897188582,406.20001220703125,7269600
2026-06-15,406.70001220703125,414.1600036621094,399.6499938964844,411.0400085449219,6777900
2026-06-16,410.67999267578125,411.75,406.5400085449219,407.6499938964844,4815100
2026-06-17,409.1199951171875,411.1600036621094,398.5899963378906,399.5299987792969,5838800
2026-06-18,402.7699890136719,406.20001220703125,399.1499938964844,400.9599914550781,11896900
2026-06-22,402.1400146484375,409.4599914550781,402.1400146484375,406.67999267578125,5818600
2026-06-23,409.5199890136719,409.8999938964844,402.8399963378906,409.25,6675900
2026-06-24,410.5400085449219,413.42999267578125,400.0,405.79998779296875,6858800
2026-06-25,406.6499938964844,417.5799865722656,406.6499938964844,415.5299987792969,6014400
2026-06-26,416.1600036621094,427.92999267578125,416.1600036621094,427.8900146484375,10588200
2026-06-29,426.5299987792969,426.70001220703125,415.80999755859375,419.82000732421875,5167400
2026-06-30,422.7200012207031,422.739990234375,413.25,415.6300048828125,5779800
2026-07-01,417.1099853515625,428.0199890136719,413.7300109863281,426.5400085449219,4985900
2026-07-02,428.1300048828125,430.20001220703125,420.5400085449219,425.3599853515625,3928800
2026-07-06,423.489990234375,424.44000244140625,415.04998779296875,417.989990234375,6379000
2026-07-07,423.95001220703125,428.6000061035156,422.1300048828125,428.19000244140625,5800500
2026-07-08,427.1499938964844,430.7699890136719,423.8299865722656,425.6000061035156,3859200
2026-07-09,427.1099853515625,434.29998779296875,423.5199890136719,431.67999267578125,5566000
2026-07-10,431.6700134277344,432.8599853515625,423.6499938964844,424.6199951171875,3798600
2026-07-13,426.4700012207031,431.54998779296875,425.5299987792969,429.0899963378906,3863800
2026-07-14,431.0,432.1499938964844,421.7900085449219,425.19000244140625,5135900
2026-07-15,419.489990234375,424.1099853515625,414.3699951171875,418.5199890136719,6764800
2026-07-16,449.3900146484375,461.6199951171875,420.3699951171875,423.3800048828125,13281900
2026-07-17,426.7200012207031,437.4700012207031,425.1000061035156,426.0899963378906,10718100
2026-07-20,427.25,431.0199890136719,417.3800048828125,421.54998779296875,4818800
2026-07-21,422.4800109863281,437.0,420.5,436.3500061035156,6833600
2026-07-22,434.95001220703125,436.32000732421875,429.70001220703125,431.30999755859375,4234100
2026-07-23,428.2699890136719,430.489990234375,420.3999938964844,423.55999755859375,4868700
2026-07-24,425.239990234375,429.0,418.9200134277344,420.739990234375,3752500
2026-07-27,422.510009765625,422.8800048828125,412.5400085449219,417.6400146484375,4615700
2026-07-28,419.92999267578125,430.4599914550781,415.1099853515625,428.7900085449219,5917300
2026-07-29,428.260009765625,431.67999267578125,420.3500061035156,420.57000732421875,5257900
2026-07-30,415.19000244140625,427.3399963378906,411.2900085449219,421.4700012207031,3647500
2026-07-31,422.0,422.80999755859375,414.05999755859375,414.3999938964844,3920900
2026-08-03,417.42999267578125,419.3399963378906,413.32000732421875,415.3599853515625,3209600
2026-08-04,415.55999755859375,416.0,406.6700134277344,407.54998779296875,5266300
2026-08-05,403.19000244140625,416.3599853515625,397.79998779296875,412.75,5399000
2026-08-06,415.2699890136719,416.9700012207031,402.3999938964844,403.9700012207031,4712400
2026-08-07,401.5899963378906,410.6400146484375,400.6600036621094,407.0799865722656,4095900
2026-08-10,408.6000061035156,413.07000732421875,407.989990234375,408.739990234375,3182200
2026-08-11,409.0,410.8999938964844,401.32000732421875,402.19000244140625,3398900
2026-08-12,400.9800109863281,407.20001220703125,400.5,405.5899963378906,3317200
2026-08-13,405.5899963378906,407.32000732421875,398.5899963378906,399.05999755859375,4170200
2026-08-14,398.0,403.17999267578125,396.55999755859375,401.7300109863281,3476400
2026-08-17,398.57000732421875,398.8999938964844,391.42999267578125,395.6199951171875,5295100
2026-08-18,397.42999267578125,398.7900085449219,393.510009765625,393.92999267578125,3605100
2026-08-19,394.57000732421875,396.79998779296875,386.3299865722656,388.6099853515625,5268500
2026-08-20,388.25,392.7099914550781,383.8299865722656,384.8500061035156,4497200
2026-08-21,386.0,393.6600036621094,386.0,390.1099853515625,4879600
